key,hasher,capacity,operation,library,sample,ns_per_op
u64,sip,128,get-hit,micro,0,6.259996
u64,sip,128,get-hit,baseline,0,6.063631
u64,sip,128,get-hit,quick_cache,0,5.854143
u64,sip,128,get-hit,lru,0,6.337850
u64,sip,128,get-hit,hashlink,0,5.922807
u64,sip,128,get-hit,baseline,1,5.403862
u64,sip,128,get-hit,quick_cache,1,5.310324
u64,sip,128,get-hit,lru,1,5.963915
u64,sip,128,get-hit,hashlink,1,5.746812
u64,sip,128,get-hit,micro,1,5.329431
u64,sip,128,get-hit,quick_cache,2,5.303438
u64,sip,128,get-hit,lru,2,5.974729
u64,sip,128,get-hit,hashlink,2,5.737733
u64,sip,128,get-hit,micro,2,5.329210
u64,sip,128,get-hit,baseline,2,5.326865
u64,sip,128,get-hit,lru,3,5.957693
u64,sip,128,get-hit,hashlink,3,5.737447
u64,sip,128,get-hit,micro,3,5.324123
u64,sip,128,get-hit,baseline,3,5.351677
u64,sip,128,get-hit,quick_cache,3,5.427268
u64,sip,128,get-hit,hashlink,4,5.805633
u64,sip,128,get-hit,micro,4,5.393089
u64,sip,128,get-hit,baseline,4,5.333411
u64,sip,128,get-hit,quick_cache,4,5.314835
u64,sip,128,get-hit,lru,4,5.970977
u64,sip,128,get-hit,micro,5,5.336154
u64,sip,128,get-hit,baseline,5,5.329298
u64,sip,128,get-hit,quick_cache,5,5.305981
u64,sip,128,get-hit,lru,5,5.980014
u64,sip,128,get-hit,hashlink,5,5.767198
u64,sip,128,get-hit,baseline,6,5.328546
u64,sip,128,get-hit,quick_cache,6,5.309969
u64,sip,128,get-hit,lru,6,5.974186
u64,sip,128,get-hit,hashlink,6,5.707643
u64,sip,128,get-hit,micro,6,5.349421
u64,sip,128,get-hit,quick_cache,7,5.413810
u64,sip,128,get-hit,lru,7,6.083271
u64,sip,128,get-hit,hashlink,7,5.755369
u64,sip,128,get-hit,micro,7,5.368952
u64,sip,128,get-hit,baseline,7,5.345486
u64,sip,128,get-hit,lru,8,5.970285
u64,sip,128,get-hit,hashlink,8,5.736306
u64,sip,128,get-hit,micro,8,5.346768
u64,sip,128,get-hit,baseline,8,5.334516
u64,sip,128,get-hit,quick_cache,8,5.313951
u64,sip,128,get-miss,micro,0,4.263489
u64,sip,128,get-miss,baseline,0,4.280144
u64,sip,128,get-miss,quick_cache,0,4.920370
u64,sip,128,get-miss,lru,0,4.806319
u64,sip,128,get-miss,hashlink,0,4.323538
u64,sip,128,get-miss,baseline,1,4.262677
u64,sip,128,get-miss,quick_cache,1,4.930394
u64,sip,128,get-miss,lru,1,4.887939
u64,sip,128,get-miss,hashlink,1,4.309676
u64,sip,128,get-miss,micro,1,4.239082
u64,sip,128,get-miss,quick_cache,2,4.812286
u64,sip,128,get-miss,lru,2,4.713675
u64,sip,128,get-miss,hashlink,2,4.246218
u64,sip,128,get-miss,micro,2,4.285301
u64,sip,128,get-miss,baseline,2,4.290992
u64,sip,128,get-miss,lru,3,4.677381
u64,sip,128,get-miss,hashlink,3,4.200696
u64,sip,128,get-miss,micro,3,4.251692
u64,sip,128,get-miss,baseline,3,4.256708
u64,sip,128,get-miss,quick_cache,3,4.992229
u64,sip,128,get-miss,hashlink,4,4.186970
u64,sip,128,get-miss,micro,4,4.245793
u64,sip,128,get-miss,baseline,4,4.319634
u64,sip,128,get-miss,quick_cache,4,5.051247
u64,sip,128,get-miss,lru,4,4.697907
u64,sip,128,get-miss,micro,5,4.259568
u64,sip,128,get-miss,baseline,5,4.320565
u64,sip,128,get-miss,quick_cache,5,5.006008
u64,sip,128,get-miss,lru,5,4.768968
u64,sip,128,get-miss,hashlink,5,4.213250
u64,sip,128,get-miss,baseline,6,4.250632
u64,sip,128,get-miss,quick_cache,6,4.929778
u64,sip,128,get-miss,lru,6,4.673188
u64,sip,128,get-miss,hashlink,6,4.200975
u64,sip,128,get-miss,micro,6,4.234156
u64,sip,128,get-miss,quick_cache,7,4.922231
u64,sip,128,get-miss,lru,7,4.680759
u64,sip,128,get-miss,hashlink,7,4.191325
u64,sip,128,get-miss,micro,7,4.321282
u64,sip,128,get-miss,baseline,7,4.366157
u64,sip,128,get-miss,lru,8,4.680837
u64,sip,128,get-miss,hashlink,8,4.215495
u64,sip,128,get-miss,micro,8,4.250173
u64,sip,128,get-miss,baseline,8,4.248795
u64,sip,128,get-miss,quick_cache,8,4.862831
u64,sip,128,update,micro,0,5.253849
u64,sip,128,update,baseline,0,5.250763
u64,sip,128,update,quick_cache,0,9.276806
u64,sip,128,update,lru,0,5.657902
u64,sip,128,update,hashlink,0,13.781060
u64,sip,128,update,baseline,1,5.231026
u64,sip,128,update,quick_cache,1,9.211298
u64,sip,128,update,lru,1,5.634413
u64,sip,128,update,hashlink,1,16.166019
u64,sip,128,update,micro,1,5.334826
u64,sip,128,update,quick_cache,2,9.414438
u64,sip,128,update,lru,2,5.608701
u64,sip,128,update,hashlink,2,15.984688
u64,sip,128,update,micro,2,5.276647
u64,sip,128,update,baseline,2,5.228201
u64,sip,128,update,lru,3,5.638707
u64,sip,128,update,hashlink,3,15.285492
u64,sip,128,update,micro,3,5.230635
u64,sip,128,update,baseline,3,5.240720
u64,sip,128,update,quick_cache,3,9.258079
u64,sip,128,update,hashlink,4,16.241240
u64,sip,128,update,micro,4,5.239850
u64,sip,128,update,baseline,4,5.225374
u64,sip,128,update,quick_cache,4,9.271486
u64,sip,128,update,lru,4,5.655084
u64,sip,128,update,micro,5,5.342699
u64,sip,128,update,baseline,5,5.333633
u64,sip,128,update,quick_cache,5,9.250294
u64,sip,128,update,lru,5,5.643045
u64,sip,128,update,hashlink,5,14.733933
u64,sip,128,update,baseline,6,5.241155
u64,sip,128,update,quick_cache,6,9.257768
u64,sip,128,update,lru,6,5.637353
u64,sip,128,update,hashlink,6,16.336943
u64,sip,128,update,micro,6,5.263669
u64,sip,128,update,quick_cache,7,9.221015
u64,sip,128,update,lru,7,5.649206
u64,sip,128,update,hashlink,7,16.280325
u64,sip,128,update,micro,7,5.234025
u64,sip,128,update,baseline,7,5.243590
u64,sip,128,update,lru,8,5.649066
u64,sip,128,update,hashlink,8,14.923340
u64,sip,128,update,micro,8,5.361679
u64,sip,128,update,baseline,8,5.236764
u64,sip,128,update,quick_cache,8,9.284897
u64,sip,128,insert-cycle,micro,0,11.949302
u64,sip,128,insert-cycle,baseline,0,11.859868
u64,sip,128,insert-cycle,quick_cache,0,16.054973
u64,sip,128,insert-cycle,lru,0,24.295636
u64,sip,128,insert-cycle,hashlink,0,31.037122
u64,sip,128,insert-cycle,baseline,1,11.942693
u64,sip,128,insert-cycle,quick_cache,1,16.167672
u64,sip,128,insert-cycle,lru,1,24.678139
u64,sip,128,insert-cycle,hashlink,1,30.744829
u64,sip,128,insert-cycle,micro,1,11.904027
u64,sip,128,insert-cycle,quick_cache,2,16.122415
u64,sip,128,insert-cycle,lru,2,24.389474
u64,sip,128,insert-cycle,hashlink,2,31.212036
u64,sip,128,insert-cycle,micro,2,12.213135
u64,sip,128,insert-cycle,baseline,2,11.897964
u64,sip,128,insert-cycle,lru,3,24.411829
u64,sip,128,insert-cycle,hashlink,3,30.389623
u64,sip,128,insert-cycle,micro,3,11.972565
u64,sip,128,insert-cycle,baseline,3,11.776143
u64,sip,128,insert-cycle,quick_cache,3,16.068308
u64,sip,128,insert-cycle,hashlink,4,30.631355
u64,sip,128,insert-cycle,micro,4,11.928908
u64,sip,128,insert-cycle,baseline,4,11.796200
u64,sip,128,insert-cycle,quick_cache,4,15.983020
u64,sip,128,insert-cycle,lru,4,24.400452
u64,sip,128,insert-cycle,micro,5,11.875475
u64,sip,128,insert-cycle,baseline,5,11.705194
u64,sip,128,insert-cycle,quick_cache,5,15.991545
u64,sip,128,insert-cycle,lru,5,24.590335
u64,sip,128,insert-cycle,hashlink,5,31.547694
u64,sip,128,insert-cycle,baseline,6,11.893200
u64,sip,128,insert-cycle,quick_cache,6,16.030234
u64,sip,128,insert-cycle,lru,6,24.440513
u64,sip,128,insert-cycle,hashlink,6,30.467381
u64,sip,128,insert-cycle,micro,6,11.918453
u64,sip,128,insert-cycle,quick_cache,7,16.011222
u64,sip,128,insert-cycle,lru,7,24.392727
u64,sip,128,insert-cycle,hashlink,7,30.402022
u64,sip,128,insert-cycle,micro,7,11.951890
u64,sip,128,insert-cycle,baseline,7,11.892408
u64,sip,128,insert-cycle,lru,8,24.248275
u64,sip,128,insert-cycle,hashlink,8,31.144774
u64,sip,128,insert-cycle,micro,8,11.983860
u64,sip,128,insert-cycle,baseline,8,11.867470
u64,sip,128,insert-cycle,quick_cache,8,16.242759
u64,sip,128,mixed-95,micro,0,12.721366
u64,sip,128,mixed-95,baseline,0,9.704993
u64,sip,128,mixed-95,quick_cache,0,12.069003
u64,sip,128,mixed-95,lru,0,12.532658
u64,sip,128,mixed-95,hashlink,0,10.836417
u64,sip,128,mixed-95,baseline,1,9.496052
u64,sip,128,mixed-95,quick_cache,1,12.124955
u64,sip,128,mixed-95,lru,1,12.587255
u64,sip,128,mixed-95,hashlink,1,10.728000
u64,sip,128,mixed-95,micro,1,13.342816
u64,sip,128,mixed-95,quick_cache,2,11.780468
u64,sip,128,mixed-95,lru,2,13.019427
u64,sip,128,mixed-95,hashlink,2,10.422872
u64,sip,128,mixed-95,micro,2,14.207320
u64,sip,128,mixed-95,baseline,2,12.279735
u64,sip,128,mixed-95,lru,3,12.731552
u64,sip,128,mixed-95,hashlink,3,9.398398
u64,sip,128,mixed-95,micro,3,15.639752
u64,sip,128,mixed-95,baseline,3,9.524223
u64,sip,128,mixed-95,quick_cache,3,11.978049
u64,sip,128,mixed-95,hashlink,4,9.740597
u64,sip,128,mixed-95,micro,4,12.235155
u64,sip,128,mixed-95,baseline,4,9.614290
u64,sip,128,mixed-95,quick_cache,4,12.181799
u64,sip,128,mixed-95,lru,4,12.997348
u64,sip,128,mixed-95,micro,5,14.288378
u64,sip,128,mixed-95,baseline,5,11.004401
u64,sip,128,mixed-95,quick_cache,5,11.720190
u64,sip,128,mixed-95,lru,5,13.600214
u64,sip,128,mixed-95,hashlink,5,10.483823
u64,sip,128,mixed-95,baseline,6,15.731940
u64,sip,128,mixed-95,quick_cache,6,11.871239
u64,sip,128,mixed-95,lru,6,12.630436
u64,sip,128,mixed-95,hashlink,6,9.980315
u64,sip,128,mixed-95,micro,6,14.186629
u64,sip,128,mixed-95,quick_cache,7,12.086060
u64,sip,128,mixed-95,lru,7,12.281899
u64,sip,128,mixed-95,hashlink,7,10.288068
u64,sip,128,mixed-95,micro,7,15.297064
u64,sip,128,mixed-95,baseline,7,13.677075
u64,sip,128,mixed-95,lru,8,13.487666
u64,sip,128,mixed-95,hashlink,8,9.590546
u64,sip,128,mixed-95,micro,8,13.913417
u64,sip,128,mixed-95,baseline,8,9.436505
u64,sip,128,mixed-95,quick_cache,8,12.169733
u64,sip,128,load-hit,micro,0,7.940119
u64,sip,128,load-hit,baseline,0,7.600447
u64,sip,128,load-hit,quick_cache,0,8.804175
u64,sip,128,load-hit,lru,0,5.608328
u64,sip,128,load-hit,hashlink,0,5.732741
u64,sip,128,load-hit,baseline,1,8.021828
u64,sip,128,load-hit,quick_cache,1,8.805556
u64,sip,128,load-hit,lru,1,5.615048
u64,sip,128,load-hit,hashlink,1,5.675422
u64,sip,128,load-hit,micro,1,7.486483
u64,sip,128,load-hit,quick_cache,2,8.873466
u64,sip,128,load-hit,lru,2,5.673303
u64,sip,128,load-hit,hashlink,2,5.591468
u64,sip,128,load-hit,micro,2,7.655334
u64,sip,128,load-hit,baseline,2,12.030675
u64,sip,128,load-hit,lru,3,5.601748
u64,sip,128,load-hit,hashlink,3,5.611222
u64,sip,128,load-hit,micro,3,10.018872
u64,sip,128,load-hit,baseline,3,16.238564
u64,sip,128,load-hit,quick_cache,3,9.047265
u64,sip,128,load-hit,hashlink,4,5.729034
u64,sip,128,load-hit,micro,4,7.736399
u64,sip,128,load-hit,baseline,4,7.522894
u64,sip,128,load-hit,quick_cache,4,8.795095
u64,sip,128,load-hit,lru,4,5.642298
u64,sip,128,load-hit,micro,5,7.545880
u64,sip,128,load-hit,baseline,5,7.581107
u64,sip,128,load-hit,quick_cache,5,8.809989
u64,sip,128,load-hit,lru,5,5.605062
u64,sip,128,load-hit,hashlink,5,5.606135
u64,sip,128,load-hit,baseline,6,7.563965
u64,sip,128,load-hit,quick_cache,6,8.791460
u64,sip,128,load-hit,lru,6,5.610008
u64,sip,128,load-hit,hashlink,6,5.598543
u64,sip,128,load-hit,micro,6,7.536271
u64,sip,128,load-hit,quick_cache,7,8.797564
u64,sip,128,load-hit,lru,7,5.725278
u64,sip,128,load-hit,hashlink,7,5.728415
u64,sip,128,load-hit,micro,7,7.527359
u64,sip,128,load-hit,baseline,7,7.516256
u64,sip,128,load-hit,lru,8,5.640479
u64,sip,128,load-hit,hashlink,8,5.610102
u64,sip,128,load-hit,micro,8,7.584433
u64,sip,128,load-hit,baseline,8,7.512037
u64,sip,128,load-hit,quick_cache,8,8.795311
u64,sip,128,load-cycle,micro,0,14.767154
u64,sip,128,load-cycle,baseline,0,14.708981
u64,sip,128,load-cycle,quick_cache,0,16.490447
u64,sip,128,load-cycle,lru,0,24.491365
u64,sip,128,load-cycle,hashlink,0,29.180510
u64,sip,128,load-cycle,baseline,1,14.702079
u64,sip,128,load-cycle,quick_cache,1,16.250042
u64,sip,128,load-cycle,lru,1,24.833059
u64,sip,128,load-cycle,hashlink,1,29.431199
u64,sip,128,load-cycle,micro,1,14.919537
u64,sip,128,load-cycle,quick_cache,2,16.266285
u64,sip,128,load-cycle,lru,2,24.247058
u64,sip,128,load-cycle,hashlink,2,28.850905
u64,sip,128,load-cycle,micro,2,14.915688
u64,sip,128,load-cycle,baseline,2,14.779681
u64,sip,128,load-cycle,lru,3,24.270914
u64,sip,128,load-cycle,hashlink,3,28.296287
u64,sip,128,load-cycle,micro,3,14.835175
u64,sip,128,load-cycle,baseline,3,14.729449
u64,sip,128,load-cycle,quick_cache,3,16.264116
u64,sip,128,load-cycle,hashlink,4,28.349368
u64,sip,128,load-cycle,micro,4,14.816504
u64,sip,128,load-cycle,baseline,4,14.730430
u64,sip,128,load-cycle,quick_cache,4,16.362195
u64,sip,128,load-cycle,lru,4,24.893636
u64,sip,128,load-cycle,micro,5,14.969594
u64,sip,128,load-cycle,baseline,5,14.795799
u64,sip,128,load-cycle,quick_cache,5,16.266962
u64,sip,128,load-cycle,lru,5,24.383012
u64,sip,128,load-cycle,hashlink,5,28.682586
u64,sip,128,load-cycle,baseline,6,14.631247
u64,sip,128,load-cycle,quick_cache,6,16.241408
u64,sip,128,load-cycle,lru,6,24.365760
u64,sip,128,load-cycle,hashlink,6,28.532733
u64,sip,128,load-cycle,micro,6,14.795181
u64,sip,128,load-cycle,quick_cache,7,16.350271
u64,sip,128,load-cycle,lru,7,24.397199
u64,sip,128,load-cycle,hashlink,7,29.053341
u64,sip,128,load-cycle,micro,7,14.905925
u64,sip,128,load-cycle,baseline,7,14.753419
u64,sip,128,load-cycle,lru,8,24.919364
u64,sip,128,load-cycle,hashlink,8,29.105777
u64,sip,128,load-cycle,micro,8,14.872265
u64,sip,128,load-cycle,baseline,8,14.658817
u64,sip,128,load-cycle,quick_cache,8,16.276178
u64,sip,128,clear-refill,micro,0,969.161822
u64,sip,128,clear-refill,baseline,0,1312.664042
u64,sip,128,clear-refill,quick_cache,0,1304.041721
u64,sip,128,clear-refill,lru,0,5055.990900
u64,sip,128,clear-refill,hashlink,0,3078.410462
u64,sip,128,clear-refill,baseline,1,1324.624636
u64,sip,128,clear-refill,quick_cache,1,1305.164187
u64,sip,128,clear-refill,lru,1,4892.531311
u64,sip,128,clear-refill,hashlink,1,3070.800491
u64,sip,128,clear-refill,micro,1,978.995497
u64,sip,128,clear-refill,quick_cache,2,1654.602581
u64,sip,128,clear-refill,lru,2,5060.709808
u64,sip,128,clear-refill,hashlink,2,3142.195352
u64,sip,128,clear-refill,micro,2,930.845123
u64,sip,128,clear-refill,baseline,2,1337.556833
u64,sip,128,clear-refill,lru,3,4920.599803
u64,sip,128,clear-refill,hashlink,3,3082.665845
u64,sip,128,clear-refill,micro,3,980.608943
u64,sip,128,clear-refill,baseline,3,1320.886160
u64,sip,128,clear-refill,quick_cache,3,1300.312012
u64,sip,128,clear-refill,hashlink,4,3063.252909
u64,sip,128,clear-refill,micro,4,929.641383
u64,sip,128,clear-refill,baseline,4,1311.855194
u64,sip,128,clear-refill,quick_cache,4,1298.711948
u64,sip,128,clear-refill,lru,4,4941.905138
u64,sip,128,clear-refill,micro,5,934.832118
u64,sip,128,clear-refill,baseline,5,1328.353254
u64,sip,128,clear-refill,quick_cache,5,1403.615773
u64,sip,128,clear-refill,lru,5,5062.584008
u64,sip,128,clear-refill,hashlink,5,3079.895320
u64,sip,128,clear-refill,baseline,6,1769.057305
u64,sip,128,clear-refill,quick_cache,6,1298.677746
u64,sip,128,clear-refill,lru,6,4910.737978
u64,sip,128,clear-refill,hashlink,6,3051.835265
u64,sip,128,clear-refill,micro,6,949.950798
u64,sip,128,clear-refill,quick_cache,7,1296.560280
u64,sip,128,clear-refill,lru,7,4954.744554
u64,sip,128,clear-refill,hashlink,7,3057.533619
u64,sip,128,clear-refill,micro,7,967.711825
u64,sip,128,clear-refill,baseline,7,1318.708070
u64,sip,128,clear-refill,lru,8,4933.472387
u64,sip,128,clear-refill,hashlink,8,3064.108456
u64,sip,128,clear-refill,micro,8,968.102614
u64,sip,128,clear-refill,baseline,8,1310.556342
u64,sip,128,clear-refill,quick_cache,8,1328.529224
u64,sip,128,clear-empty,micro,0,0.371517
u64,sip,128,clear-empty,baseline,0,48.578532
u64,sip,128,clear-empty,quick_cache,0,1.782123
u64,sip,128,clear-empty,lru,0,0.596939
u64,sip,128,clear-empty,hashlink,0,0.599312
u64,sip,128,clear-empty,baseline,1,41.483521
u64,sip,128,clear-empty,quick_cache,1,1.778479
u64,sip,128,clear-empty,lru,1,0.630193
u64,sip,128,clear-empty,hashlink,1,0.606490
u64,sip,128,clear-empty,micro,1,0.361543
u64,sip,128,clear-empty,quick_cache,2,1.659266
u64,sip,128,clear-empty,lru,2,0.595802
u64,sip,128,clear-empty,hashlink,2,0.605837
u64,sip,128,clear-empty,micro,2,0.366117
u64,sip,128,clear-empty,baseline,2,48.642287
u64,sip,128,clear-empty,lru,3,0.611752
u64,sip,128,clear-empty,hashlink,3,0.633864
u64,sip,128,clear-empty,micro,3,0.368660
u64,sip,128,clear-empty,baseline,3,49.716881
u64,sip,128,clear-empty,quick_cache,3,1.804833
u64,sip,128,clear-empty,hashlink,4,0.614747
u64,sip,128,clear-empty,micro,4,0.367661
u64,sip,128,clear-empty,baseline,4,49.629124
u64,sip,128,clear-empty,quick_cache,4,1.790917
u64,sip,128,clear-empty,lru,4,0.598774
u64,sip,128,clear-empty,micro,5,0.363921
u64,sip,128,clear-empty,baseline,5,49.618377
u64,sip,128,clear-empty,quick_cache,5,1.790678
u64,sip,128,clear-empty,lru,5,0.600768
u64,sip,128,clear-empty,hashlink,5,0.602147
u64,sip,128,clear-empty,baseline,6,50.146905
u64,sip,128,clear-empty,quick_cache,6,1.813301
u64,sip,128,clear-empty,lru,6,0.613448
u64,sip,128,clear-empty,hashlink,6,0.613636
u64,sip,128,clear-empty,micro,6,0.362471
u64,sip,128,clear-empty,quick_cache,7,1.800492
u64,sip,128,clear-empty,lru,7,0.604875
u64,sip,128,clear-empty,hashlink,7,0.602166
u64,sip,128,clear-empty,micro,7,0.363724
u64,sip,128,clear-empty,baseline,7,50.166106
u64,sip,128,clear-empty,lru,8,0.604482
u64,sip,128,clear-empty,hashlink,8,0.604773
u64,sip,128,clear-empty,micro,8,0.362075
u64,sip,128,clear-empty,baseline,8,50.061941
u64,sip,128,clear-empty,quick_cache,8,1.788413
u64,sip,128,iter-dense,micro,0,32.531751
u64,sip,128,iter-dense,baseline,0,39.425801
u64,sip,128,iter-dense,quick_cache,0,29.158501
u64,sip,128,iter-dense,lru,0,140.605103
u64,sip,128,iter-dense,hashlink,0,140.287197
u64,sip,128,iter-dense,baseline,1,39.333863
u64,sip,128,iter-dense,quick_cache,1,28.779161
u64,sip,128,iter-dense,lru,1,138.138168
u64,sip,128,iter-dense,hashlink,1,133.830319
u64,sip,128,iter-dense,micro,1,32.661221
u64,sip,128,iter-dense,quick_cache,2,28.735145
u64,sip,128,iter-dense,lru,2,137.161924
u64,sip,128,iter-dense,hashlink,2,134.282378
u64,sip,128,iter-dense,micro,2,32.561035
u64,sip,128,iter-dense,baseline,2,39.485228
u64,sip,128,iter-dense,lru,3,135.525098
u64,sip,128,iter-dense,hashlink,3,132.947598
u64,sip,128,iter-dense,micro,3,32.574343
u64,sip,128,iter-dense,baseline,3,39.644509
u64,sip,128,iter-dense,quick_cache,3,29.462334
u64,sip,128,iter-dense,hashlink,4,142.557344
u64,sip,128,iter-dense,micro,4,32.850162
u64,sip,128,iter-dense,baseline,4,39.654236
u64,sip,128,iter-dense,quick_cache,4,28.846300
u64,sip,128,iter-dense,lru,4,138.322732
u64,sip,128,iter-dense,micro,5,32.626566
u64,sip,128,iter-dense,baseline,5,39.540241
u64,sip,128,iter-dense,quick_cache,5,28.947839
u64,sip,128,iter-dense,lru,5,137.673238
u64,sip,128,iter-dense,hashlink,5,135.082433
u64,sip,128,iter-dense,baseline,6,39.929779
u64,sip,128,iter-dense,quick_cache,6,28.753162
u64,sip,128,iter-dense,lru,6,136.465175
u64,sip,128,iter-dense,hashlink,6,149.275698
u64,sip,128,iter-dense,micro,6,33.567172
u64,sip,128,iter-dense,quick_cache,7,31.407907
u64,sip,128,iter-dense,lru,7,243.520006
u64,sip,128,iter-dense,hashlink,7,228.246670
u64,sip,128,iter-dense,micro,7,67.004248
u64,sip,128,iter-dense,baseline,7,70.482225
u64,sip,128,iter-dense,lru,8,136.212870
u64,sip,128,iter-dense,hashlink,8,133.277600
u64,sip,128,iter-dense,micro,8,32.255121
u64,sip,128,iter-dense,baseline,8,38.036811
u64,sip,128,iter-dense,quick_cache,8,28.899650
u64,sip,128,iter-dense-for,micro,0,38.735855
u64,sip,128,iter-dense-for,baseline,0,38.087923
u64,sip,128,iter-dense-for,quick_cache,0,66.108265
u64,sip,128,iter-dense-for,lru,0,81.950675
u64,sip,128,iter-dense-for,hashlink,0,69.646376
u64,sip,128,iter-dense-for,baseline,1,38.018294
u64,sip,128,iter-dense-for,quick_cache,1,38.720848
u64,sip,128,iter-dense-for,lru,1,82.484746
u64,sip,128,iter-dense-for,hashlink,1,72.633495
u64,sip,128,iter-dense-for,micro,1,40.191776
u64,sip,128,iter-dense-for,quick_cache,2,67.893856
u64,sip,128,iter-dense-for,lru,2,79.884182
u64,sip,128,iter-dense-for,hashlink,2,68.587045
u64,sip,128,iter-dense-for,micro,2,39.028682
u64,sip,128,iter-dense-for,baseline,2,39.130979
u64,sip,128,iter-dense-for,lru,3,82.689187
u64,sip,128,iter-dense-for,hashlink,3,72.525131
u64,sip,128,iter-dense-for,micro,3,39.733235
u64,sip,128,iter-dense-for,baseline,3,39.400987
u64,sip,128,iter-dense-for,quick_cache,3,38.686603
u64,sip,128,iter-dense-for,hashlink,4,73.544118
u64,sip,128,iter-dense-for,micro,4,39.789779
u64,sip,128,iter-dense-for,baseline,4,39.285406
u64,sip,128,iter-dense-for,quick_cache,4,39.068039
u64,sip,128,iter-dense-for,lru,4,83.514264
u64,sip,128,iter-dense-for,micro,5,40.481299
u64,sip,128,iter-dense-for,baseline,5,39.268990
u64,sip,128,iter-dense-for,quick_cache,5,70.708428
u64,sip,128,iter-dense-for,lru,5,83.598613
u64,sip,128,iter-dense-for,hashlink,5,72.985389
u64,sip,128,iter-dense-for,baseline,6,39.054033
u64,sip,128,iter-dense-for,quick_cache,6,70.383460
u64,sip,128,iter-dense-for,lru,6,82.606600
u64,sip,128,iter-dense-for,hashlink,6,72.428536
u64,sip,128,iter-dense-for,micro,6,39.595278
u64,sip,128,iter-dense-for,quick_cache,7,70.330080
u64,sip,128,iter-dense-for,lru,7,82.543697
u64,sip,128,iter-dense-for,hashlink,7,72.304489
u64,sip,128,iter-dense-for,micro,7,39.910049
u64,sip,128,iter-dense-for,baseline,7,39.950864
u64,sip,128,iter-dense-for,lru,8,83.482188
u64,sip,128,iter-dense-for,hashlink,8,75.690451
u64,sip,128,iter-dense-for,micro,8,39.194437
u64,sip,128,iter-dense-for,baseline,8,38.521059
u64,sip,128,iter-dense-for,quick_cache,8,38.561204
u64,sip,128,iter-density-1pct,micro,0,1.544110
u64,sip,128,iter-density-1pct,baseline,0,34.382164
u64,sip,128,iter-density-1pct,quick_cache,0,21.032966
u64,sip,128,iter-density-1pct,lru,0,1.285458
u64,sip,128,iter-density-1pct,hashlink,0,1.257232
u64,sip,128,iter-density-1pct,baseline,1,34.598461
u64,sip,128,iter-density-1pct,quick_cache,1,21.045173
u64,sip,128,iter-density-1pct,lru,1,1.283252
u64,sip,128,iter-density-1pct,hashlink,1,1.262718
u64,sip,128,iter-density-1pct,micro,1,1.527848
u64,sip,128,iter-density-1pct,quick_cache,2,21.293447
u64,sip,128,iter-density-1pct,lru,2,1.308287
u64,sip,128,iter-density-1pct,hashlink,2,1.292337
u64,sip,128,iter-density-1pct,micro,2,1.542326
u64,sip,128,iter-density-1pct,baseline,2,34.801009
u64,sip,128,iter-density-1pct,lru,3,1.275958
u64,sip,128,iter-density-1pct,hashlink,3,1.267296
u64,sip,128,iter-density-1pct,micro,3,1.536427
u64,sip,128,iter-density-1pct,baseline,3,34.747700
u64,sip,128,iter-density-1pct,quick_cache,3,21.080121
u64,sip,128,iter-density-1pct,hashlink,4,1.262310
u64,sip,128,iter-density-1pct,micro,4,1.533938
u64,sip,128,iter-density-1pct,baseline,4,34.622030
u64,sip,128,iter-density-1pct,quick_cache,4,21.064156
u64,sip,128,iter-density-1pct,lru,4,1.286146
u64,sip,128,iter-density-1pct,micro,5,1.534387
u64,sip,128,iter-density-1pct,baseline,5,34.858249
u64,sip,128,iter-density-1pct,quick_cache,5,21.408648
u64,sip,128,iter-density-1pct,lru,5,1.304420
u64,sip,128,iter-density-1pct,hashlink,5,1.289096
u64,sip,128,iter-density-1pct,baseline,6,34.924585
u64,sip,128,iter-density-1pct,quick_cache,6,21.167764
u64,sip,128,iter-density-1pct,lru,6,1.285987
u64,sip,128,iter-density-1pct,hashlink,6,1.268726
u64,sip,128,iter-density-1pct,micro,6,1.532825
u64,sip,128,iter-density-1pct,quick_cache,7,21.057396
u64,sip,128,iter-density-1pct,lru,7,1.278840
u64,sip,128,iter-density-1pct,hashlink,7,1.256312
u64,sip,128,iter-density-1pct,micro,7,1.531998
u64,sip,128,iter-density-1pct,baseline,7,34.740850
u64,sip,128,iter-density-1pct,lru,8,1.279102
u64,sip,128,iter-density-1pct,hashlink,8,1.260955
u64,sip,128,iter-density-1pct,micro,8,1.535760
u64,sip,128,iter-density-1pct,baseline,8,35.160645
u64,sip,128,iter-density-1pct,quick_cache,8,21.331237
u64,sip,128,iter-density-6pct,micro,0,33.218903
u64,sip,128,iter-density-6pct,baseline,0,36.760351
u64,sip,128,iter-density-6pct,quick_cache,0,20.875259
u64,sip,128,iter-density-6pct,lru,0,3.219022
u64,sip,128,iter-density-6pct,hashlink,0,3.163404
u64,sip,128,iter-density-6pct,baseline,1,36.428285
u64,sip,128,iter-density-6pct,quick_cache,1,20.780178
u64,sip,128,iter-density-6pct,lru,1,3.228400
u64,sip,128,iter-density-6pct,hashlink,1,3.163276
u64,sip,128,iter-density-6pct,micro,1,32.595536
u64,sip,128,iter-density-6pct,quick_cache,2,22.509426
u64,sip,128,iter-density-6pct,lru,2,3.054860
u64,sip,128,iter-density-6pct,hashlink,2,3.064618
u64,sip,128,iter-density-6pct,micro,2,32.120375
u64,sip,128,iter-density-6pct,baseline,2,36.594028
u64,sip,128,iter-density-6pct,lru,3,3.062130
u64,sip,128,iter-density-6pct,hashlink,3,3.048840
u64,sip,128,iter-density-6pct,micro,3,32.486032
u64,sip,128,iter-density-6pct,baseline,3,37.097630
u64,sip,128,iter-density-6pct,quick_cache,3,23.343358
u64,sip,128,iter-density-6pct,hashlink,4,2.998177
u64,sip,128,iter-density-6pct,micro,4,32.359831
u64,sip,128,iter-density-6pct,baseline,4,36.173503
u64,sip,128,iter-density-6pct,quick_cache,4,24.126838
u64,sip,128,iter-density-6pct,lru,4,3.145445
u64,sip,128,iter-density-6pct,micro,5,34.895712
u64,sip,128,iter-density-6pct,baseline,5,38.101416
u64,sip,128,iter-density-6pct,quick_cache,5,23.453918
u64,sip,128,iter-density-6pct,lru,5,3.187696
u64,sip,128,iter-density-6pct,hashlink,5,3.125313
u64,sip,128,iter-density-6pct,baseline,6,36.331783
u64,sip,128,iter-density-6pct,quick_cache,6,24.368372
u64,sip,128,iter-density-6pct,lru,6,3.276120
u64,sip,128,iter-density-6pct,hashlink,6,3.230308
u64,sip,128,iter-density-6pct,micro,6,32.629026
u64,sip,128,iter-density-6pct,quick_cache,7,23.943888
u64,sip,128,iter-density-6pct,lru,7,3.225200
u64,sip,128,iter-density-6pct,hashlink,7,3.174162
u64,sip,128,iter-density-6pct,micro,7,32.688559
u64,sip,128,iter-density-6pct,baseline,7,36.429196
u64,sip,128,iter-density-6pct,lru,8,3.215616
u64,sip,128,iter-density-6pct,hashlink,8,3.182087
u64,sip,128,iter-density-6pct,micro,8,32.603973
u64,sip,128,iter-density-6pct,baseline,8,36.264033
u64,sip,128,iter-density-6pct,quick_cache,8,24.054865
u64,sip,128,iter-density-quarter,micro,0,32.592544
u64,sip,128,iter-density-quarter,baseline,0,37.865800
u64,sip,128,iter-density-quarter,quick_cache,0,30.305003
u64,sip,128,iter-density-quarter,lru,0,19.469926
u64,sip,128,iter-density-quarter,hashlink,0,19.590020
u64,sip,128,iter-density-quarter,baseline,1,36.969985
u64,sip,128,iter-density-quarter,quick_cache,1,29.601126
u64,sip,128,iter-density-quarter,lru,1,19.177605
u64,sip,128,iter-density-quarter,hashlink,1,19.095575
u64,sip,128,iter-density-quarter,micro,1,32.517946
u64,sip,128,iter-density-quarter,quick_cache,2,29.716866
u64,sip,128,iter-density-quarter,lru,2,19.143592
u64,sip,128,iter-density-quarter,hashlink,2,19.116604
u64,sip,128,iter-density-quarter,micro,2,32.535271
u64,sip,128,iter-density-quarter,baseline,2,37.315201
u64,sip,128,iter-density-quarter,lru,3,19.352726
u64,sip,128,iter-density-quarter,hashlink,3,19.085929
u64,sip,128,iter-density-quarter,micro,3,32.486305
u64,sip,128,iter-density-quarter,baseline,3,37.196627
u64,sip,128,iter-density-quarter,quick_cache,3,29.688391
u64,sip,128,iter-density-quarter,hashlink,4,19.588544
u64,sip,128,iter-density-quarter,micro,4,32.683081
u64,sip,128,iter-density-quarter,baseline,4,37.390890
u64,sip,128,iter-density-quarter,quick_cache,4,29.731646
u64,sip,128,iter-density-quarter,lru,4,19.215818
u64,sip,128,iter-density-quarter,micro,5,32.467945
u64,sip,128,iter-density-quarter,baseline,5,37.527460
u64,sip,128,iter-density-quarter,quick_cache,5,29.472717
u64,sip,128,iter-density-quarter,lru,5,19.185628
u64,sip,128,iter-density-quarter,hashlink,5,19.103538
u64,sip,128,iter-density-quarter,baseline,6,36.920358
u64,sip,128,iter-density-quarter,quick_cache,6,29.187926
u64,sip,128,iter-density-quarter,lru,6,19.149081
u64,sip,128,iter-density-quarter,hashlink,6,19.000380
u64,sip,128,iter-density-quarter,micro,6,32.405732
u64,sip,128,iter-density-quarter,quick_cache,7,29.747388
u64,sip,128,iter-density-quarter,lru,7,19.523117
u64,sip,128,iter-density-quarter,hashlink,7,19.429895
u64,sip,128,iter-density-quarter,micro,7,32.670506
u64,sip,128,iter-density-quarter,baseline,7,37.347133
u64,sip,128,iter-density-quarter,lru,8,19.427965
u64,sip,128,iter-density-quarter,hashlink,8,19.108636
u64,sip,128,iter-density-quarter,micro,8,32.398196
u64,sip,128,iter-density-quarter,baseline,8,37.168218
u64,sip,128,iter-density-quarter,quick_cache,8,29.390546
u64,sip,128,iter-density-half,micro,0,32.481176
u64,sip,128,iter-density-half,baseline,0,38.503041
u64,sip,128,iter-density-half,quick_cache,0,29.561921
u64,sip,128,iter-density-half,lru,0,51.164109
u64,sip,128,iter-density-half,hashlink,0,50.980067
u64,sip,128,iter-density-half,baseline,1,38.110396
u64,sip,128,iter-density-half,quick_cache,1,31.095566
u64,sip,128,iter-density-half,lru,1,54.459745
u64,sip,128,iter-density-half,hashlink,1,54.458841
u64,sip,128,iter-density-half,micro,1,33.449500
u64,sip,128,iter-density-half,quick_cache,2,30.459107
u64,sip,128,iter-density-half,lru,2,52.108515
u64,sip,128,iter-density-half,hashlink,2,51.431863
u64,sip,128,iter-density-half,micro,2,32.472802
u64,sip,128,iter-density-half,baseline,2,38.526388
u64,sip,128,iter-density-half,lru,3,51.770640
u64,sip,128,iter-density-half,hashlink,3,50.947241
u64,sip,128,iter-density-half,micro,3,32.404649
u64,sip,128,iter-density-half,baseline,3,38.468196
u64,sip,128,iter-density-half,quick_cache,3,29.614311
u64,sip,128,iter-density-half,hashlink,4,51.217838
u64,sip,128,iter-density-half,micro,4,32.627649
u64,sip,128,iter-density-half,baseline,4,39.068359
u64,sip,128,iter-density-half,quick_cache,4,29.912770
u64,sip,128,iter-density-half,lru,4,53.059668
u64,sip,128,iter-density-half,micro,5,32.805775
u64,sip,128,iter-density-half,baseline,5,37.780562
u64,sip,128,iter-density-half,quick_cache,5,29.537110
u64,sip,128,iter-density-half,lru,5,50.738545
u64,sip,128,iter-density-half,hashlink,5,50.511908
u64,sip,128,iter-density-half,baseline,6,37.854727
u64,sip,128,iter-density-half,quick_cache,6,29.310677
u64,sip,128,iter-density-half,lru,6,50.920414
u64,sip,128,iter-density-half,hashlink,6,50.547946
u64,sip,128,iter-density-half,micro,6,32.160308
u64,sip,128,iter-density-half,quick_cache,7,29.482848
u64,sip,128,iter-density-half,lru,7,50.774905
u64,sip,128,iter-density-half,hashlink,7,50.583138
u64,sip,128,iter-density-half,micro,7,32.487929
u64,sip,128,iter-density-half,baseline,7,38.337348
u64,sip,128,iter-density-half,lru,8,51.780898
u64,sip,128,iter-density-half,hashlink,8,53.515176
u64,sip,128,iter-density-half,micro,8,32.138054
u64,sip,128,iter-density-half,baseline,8,38.107451
u64,sip,128,iter-density-half,quick_cache,8,29.522093
u64,sip,128,iter-front,micro,0,1.172722
u64,sip,128,iter-front,baseline,0,37.406385
u64,sip,128,iter-front,quick_cache,0,22.624615
u64,sip,128,iter-front,lru,0,1.203089
u64,sip,128,iter-front,hashlink,0,1.142554
u64,sip,128,iter-front,baseline,1,37.427957
u64,sip,128,iter-front,quick_cache,1,22.222074
u64,sip,128,iter-front,lru,1,1.178907
u64,sip,128,iter-front,hashlink,1,1.168626
u64,sip,128,iter-front,micro,1,1.167116
u64,sip,128,iter-front,quick_cache,2,22.720663
u64,sip,128,iter-front,lru,2,1.196914
u64,sip,128,iter-front,hashlink,2,1.210677
u64,sip,128,iter-front,micro,2,1.158970
u64,sip,128,iter-front,baseline,2,37.643106
u64,sip,128,iter-front,lru,3,1.199635
u64,sip,128,iter-front,hashlink,3,1.173656
u64,sip,128,iter-front,micro,3,1.160476
u64,sip,128,iter-front,baseline,3,37.628416
u64,sip,128,iter-front,quick_cache,3,22.240869
u64,sip,128,iter-front,hashlink,4,1.186913
u64,sip,128,iter-front,micro,4,1.168041
u64,sip,128,iter-front,baseline,4,37.072457
u64,sip,128,iter-front,quick_cache,4,22.356748
u64,sip,128,iter-front,lru,4,1.185490
u64,sip,128,iter-front,micro,5,1.173612
u64,sip,128,iter-front,baseline,5,37.699163
u64,sip,128,iter-front,quick_cache,5,22.598631
u64,sip,128,iter-front,lru,5,1.208505
u64,sip,128,iter-front,hashlink,5,1.158807
u64,sip,128,iter-front,baseline,6,37.419929
u64,sip,128,iter-front,quick_cache,6,22.425436
u64,sip,128,iter-front,lru,6,1.231304
u64,sip,128,iter-front,hashlink,6,1.173303
u64,sip,128,iter-front,micro,6,1.173568
u64,sip,128,iter-front,quick_cache,7,22.464868
u64,sip,128,iter-front,lru,7,1.218685
u64,sip,128,iter-front,hashlink,7,1.199009
u64,sip,128,iter-front,micro,7,1.172282
u64,sip,128,iter-front,baseline,7,37.292102
u64,sip,128,iter-front,lru,8,1.188584
u64,sip,128,iter-front,hashlink,8,1.151861
u64,sip,128,iter-front,micro,8,1.175112
u64,sip,128,iter-front,baseline,8,37.741239
u64,sip,128,iter-front,quick_cache,8,22.842320
u64,sip,128,iter-back,micro,0,1.180368
u64,sip,128,iter-back,baseline,0,38.502079
u64,sip,128,iter-back,quick_cache,0,21.870080
u64,sip,128,iter-back,lru,0,1.187563
u64,sip,128,iter-back,hashlink,0,1.157150
u64,sip,128,iter-back,baseline,1,38.411458
u64,sip,128,iter-back,quick_cache,1,21.840422
u64,sip,128,iter-back,lru,1,1.200132
u64,sip,128,iter-back,hashlink,1,1.145301
u64,sip,128,iter-back,micro,1,1.166942
u64,sip,128,iter-back,quick_cache,2,22.018366
u64,sip,128,iter-back,lru,2,1.187933
u64,sip,128,iter-back,hashlink,2,1.183309
u64,sip,128,iter-back,micro,2,1.167648
u64,sip,128,iter-back,baseline,2,38.889777
u64,sip,128,iter-back,lru,3,1.193185
u64,sip,128,iter-back,hashlink,3,1.303300
u64,sip,128,iter-back,micro,3,1.153903
u64,sip,128,iter-back,baseline,3,38.718270
u64,sip,128,iter-back,quick_cache,3,21.354131
u64,sip,128,iter-back,hashlink,4,1.143859
u64,sip,128,iter-back,micro,4,1.140969
u64,sip,128,iter-back,baseline,4,38.229590
u64,sip,128,iter-back,quick_cache,4,21.957220
u64,sip,128,iter-back,lru,4,1.189751
u64,sip,128,iter-back,micro,5,1.145091
u64,sip,128,iter-back,baseline,5,38.949885
u64,sip,128,iter-back,quick_cache,5,21.954475
u64,sip,128,iter-back,lru,5,1.183264
u64,sip,128,iter-back,hashlink,5,1.184044
u64,sip,128,iter-back,baseline,6,40.320240
u64,sip,128,iter-back,quick_cache,6,23.075638
u64,sip,128,iter-back,lru,6,1.232615
u64,sip,128,iter-back,hashlink,6,1.181323
u64,sip,128,iter-back,micro,6,1.144915
u64,sip,128,iter-back,quick_cache,7,21.381213
u64,sip,128,iter-back,lru,7,1.187933
u64,sip,128,iter-back,hashlink,7,1.190485
u64,sip,128,iter-back,micro,7,1.147960
u64,sip,128,iter-back,baseline,7,39.104206
u64,sip,128,iter-back,lru,8,1.180635
u64,sip,128,iter-back,hashlink,8,1.141719
u64,sip,128,iter-back,micro,8,1.138284
u64,sip,128,iter-back,baseline,8,38.605098
u64,sip,128,iter-back,quick_cache,8,21.089183
u64,sip,128,iter-empty,micro,0,0.793433
u64,sip,128,iter-empty,baseline,0,37.159691
u64,sip,128,iter-empty,quick_cache,0,21.175307
u64,sip,128,iter-empty,lru,0,1.003185
u64,sip,128,iter-empty,hashlink,0,1.004300
u64,sip,128,iter-empty,baseline,1,37.977172
u64,sip,128,iter-empty,quick_cache,1,22.644100
u64,sip,128,iter-empty,lru,1,0.998186
u64,sip,128,iter-empty,hashlink,1,0.981112
u64,sip,128,iter-empty,micro,1,0.798208
u64,sip,128,iter-empty,quick_cache,2,22.302687
u64,sip,128,iter-empty,lru,2,0.984810
u64,sip,128,iter-empty,hashlink,2,0.993483
u64,sip,128,iter-empty,micro,2,0.775927
u64,sip,128,iter-empty,baseline,2,37.802938
u64,sip,128,iter-empty,lru,3,0.983769
u64,sip,128,iter-empty,hashlink,3,0.995483
u64,sip,128,iter-empty,micro,3,0.771491
u64,sip,128,iter-empty,baseline,3,38.250008
u64,sip,128,iter-empty,quick_cache,3,22.569885
u64,sip,128,iter-empty,hashlink,4,1.015837
u64,sip,128,iter-empty,micro,4,0.774569
u64,sip,128,iter-empty,baseline,4,37.915203
u64,sip,128,iter-empty,quick_cache,4,22.433785
u64,sip,128,iter-empty,lru,4,0.982426
u64,sip,128,iter-empty,micro,5,0.776610
u64,sip,128,iter-empty,baseline,5,37.901270
u64,sip,128,iter-empty,quick_cache,5,22.214463
u64,sip,128,iter-empty,lru,5,0.988718
u64,sip,128,iter-empty,hashlink,5,0.994608
u64,sip,128,iter-empty,baseline,6,37.907304
u64,sip,128,iter-empty,quick_cache,6,22.157575
u64,sip,128,iter-empty,lru,6,0.983329
u64,sip,128,iter-empty,hashlink,6,0.992971
u64,sip,128,iter-empty,micro,6,0.784238
u64,sip,128,iter-empty,quick_cache,7,22.703885
u64,sip,128,iter-empty,lru,7,1.005774
u64,sip,128,iter-empty,hashlink,7,0.999987
u64,sip,128,iter-empty,micro,7,0.774473
u64,sip,128,iter-empty,baseline,7,37.904423
u64,sip,128,iter-empty,lru,8,0.981020
u64,sip,128,iter-empty,hashlink,8,0.991774
u64,sip,128,iter-empty,micro,8,0.783306
u64,sip,128,iter-empty,baseline,8,37.947919
u64,sip,128,iter-empty,quick_cache,8,22.172742
u64,sip,128,iter-count,micro,0,0.394539
u64,sip,128,iter-count,baseline,0,37.702711
u64,sip,128,iter-count,quick_cache,0,55.201525
u64,sip,128,iter-count,lru,0,0.394627
u64,sip,128,iter-count,hashlink,0,0.395714
u64,sip,128,iter-count,baseline,1,37.060976
u64,sip,128,iter-count,quick_cache,1,55.662675
u64,sip,128,iter-count,lru,1,0.403905
u64,sip,128,iter-count,hashlink,1,0.400067
u64,sip,128,iter-count,micro,1,0.394627
u64,sip,128,iter-count,quick_cache,2,55.518410
u64,sip,128,iter-count,lru,2,0.396035
u64,sip,128,iter-count,hashlink,2,0.394634
u64,sip,128,iter-count,micro,2,0.396867
u64,sip,128,iter-count,baseline,2,37.329594
u64,sip,128,iter-count,lru,3,0.394152
u64,sip,128,iter-count,hashlink,3,0.397610
u64,sip,128,iter-count,micro,3,0.394407
u64,sip,128,iter-count,baseline,3,37.363939
u64,sip,128,iter-count,quick_cache,3,53.074896
u64,sip,128,iter-count,hashlink,4,0.396791
u64,sip,128,iter-count,micro,4,0.400861
u64,sip,128,iter-count,baseline,4,37.401911
u64,sip,128,iter-count,quick_cache,4,54.714395
u64,sip,128,iter-count,lru,4,0.403637
u64,sip,128,iter-count,micro,5,0.400636
u64,sip,128,iter-count,baseline,5,37.727113
u64,sip,128,iter-count,quick_cache,5,54.571567
u64,sip,128,iter-count,lru,5,0.404449
u64,sip,128,iter-count,hashlink,5,0.401113
u64,sip,128,iter-count,baseline,6,36.825543
u64,sip,128,iter-count,quick_cache,6,54.949921
u64,sip,128,iter-count,lru,6,0.399432
u64,sip,128,iter-count,hashlink,6,0.399375
u64,sip,128,iter-count,micro,6,0.398980
u64,sip,128,iter-count,quick_cache,7,55.034573
u64,sip,128,iter-count,lru,7,0.397343
u64,sip,128,iter-count,hashlink,7,0.398105
u64,sip,128,iter-count,micro,7,0.402951
u64,sip,128,iter-count,baseline,7,38.159050
u64,sip,128,iter-count,lru,8,0.403937
u64,sip,128,iter-count,hashlink,8,0.402813
u64,sip,128,iter-count,micro,8,0.400136
u64,sip,128,iter-count,baseline,8,37.609863
u64,sip,128,iter-count,quick_cache,8,54.258898
u64,sip,1024,get-hit,micro,0,5.113050
u64,sip,1024,get-hit,baseline,0,5.121994
u64,sip,1024,get-hit,quick_cache,0,5.209929
u64,sip,1024,get-hit,lru,0,5.758130
u64,sip,1024,get-hit,hashlink,0,5.376670
u64,sip,1024,get-hit,baseline,1,5.121740
u64,sip,1024,get-hit,quick_cache,1,5.249023
u64,sip,1024,get-hit,lru,1,5.740727
u64,sip,1024,get-hit,hashlink,1,5.408993
u64,sip,1024,get-hit,micro,1,5.156145
u64,sip,1024,get-hit,quick_cache,2,5.321027
u64,sip,1024,get-hit,lru,2,5.864655
u64,sip,1024,get-hit,hashlink,2,5.457061
u64,sip,1024,get-hit,micro,2,5.136698
u64,sip,1024,get-hit,baseline,2,5.107031
u64,sip,1024,get-hit,lru,3,5.728843
u64,sip,1024,get-hit,hashlink,3,5.447613
u64,sip,1024,get-hit,micro,3,5.110762
u64,sip,1024,get-hit,baseline,3,5.123435
u64,sip,1024,get-hit,quick_cache,3,5.224287
u64,sip,1024,get-hit,hashlink,4,5.414349
u64,sip,1024,get-hit,micro,4,5.137553
u64,sip,1024,get-hit,baseline,4,5.111356
u64,sip,1024,get-hit,quick_cache,4,5.250545
u64,sip,1024,get-hit,lru,4,5.737638
u64,sip,1024,get-hit,micro,5,5.164224
u64,sip,1024,get-hit,baseline,5,5.194024
u64,sip,1024,get-hit,quick_cache,5,5.334783
u64,sip,1024,get-hit,lru,5,5.771997
u64,sip,1024,get-hit,hashlink,5,5.443696
u64,sip,1024,get-hit,baseline,6,5.100843
u64,sip,1024,get-hit,quick_cache,6,5.242198
u64,sip,1024,get-hit,lru,6,5.730602
u64,sip,1024,get-hit,hashlink,6,5.356415
u64,sip,1024,get-hit,micro,6,5.104871
u64,sip,1024,get-hit,quick_cache,7,5.232200
u64,sip,1024,get-hit,lru,7,5.724138
u64,sip,1024,get-hit,hashlink,7,5.372879
u64,sip,1024,get-hit,micro,7,5.115679
u64,sip,1024,get-hit,baseline,7,5.110423
u64,sip,1024,get-hit,lru,8,5.716532
u64,sip,1024,get-hit,hashlink,8,5.392911
u64,sip,1024,get-hit,micro,8,5.219376
u64,sip,1024,get-hit,baseline,8,5.202428
u64,sip,1024,get-hit,quick_cache,8,5.214067
u64,sip,1024,get-miss,micro,0,4.444804
u64,sip,1024,get-miss,baseline,0,4.531822
u64,sip,1024,get-miss,quick_cache,0,4.510243
u64,sip,1024,get-miss,lru,0,4.791060
u64,sip,1024,get-miss,hashlink,0,4.436216
u64,sip,1024,get-miss,baseline,1,4.553637
u64,sip,1024,get-miss,quick_cache,1,4.695872
u64,sip,1024,get-miss,lru,1,4.816971
u64,sip,1024,get-miss,hashlink,1,4.412754
u64,sip,1024,get-miss,micro,1,4.428734
u64,sip,1024,get-miss,quick_cache,2,4.610373
u64,sip,1024,get-miss,lru,2,4.802465
u64,sip,1024,get-miss,hashlink,2,4.448822
u64,sip,1024,get-miss,micro,2,4.480998
u64,sip,1024,get-miss,baseline,2,4.550020
u64,sip,1024,get-miss,lru,3,4.785776
u64,sip,1024,get-miss,hashlink,3,4.466555
u64,sip,1024,get-miss,micro,3,4.427260
u64,sip,1024,get-miss,baseline,3,4.494574
u64,sip,1024,get-miss,quick_cache,3,4.605554
u64,sip,1024,get-miss,hashlink,4,4.424717
u64,sip,1024,get-miss,micro,4,4.420365
u64,sip,1024,get-miss,baseline,4,4.480849
u64,sip,1024,get-miss,quick_cache,4,4.607314
u64,sip,1024,get-miss,lru,4,4.798333
u64,sip,1024,get-miss,micro,5,4.426891
u64,sip,1024,get-miss,baseline,5,4.485044
u64,sip,1024,get-miss,quick_cache,5,4.609034
u64,sip,1024,get-miss,lru,5,4.824060
u64,sip,1024,get-miss,hashlink,5,4.505980
u64,sip,1024,get-miss,baseline,6,4.579231
u64,sip,1024,get-miss,quick_cache,6,4.610258
u64,sip,1024,get-miss,lru,6,4.812006
u64,sip,1024,get-miss,hashlink,6,4.437248
u64,sip,1024,get-miss,micro,6,4.417365
u64,sip,1024,get-miss,quick_cache,7,4.597370
u64,sip,1024,get-miss,lru,7,4.808762
u64,sip,1024,get-miss,hashlink,7,4.421938
u64,sip,1024,get-miss,micro,7,4.417365
u64,sip,1024,get-miss,baseline,7,4.482409
u64,sip,1024,get-miss,lru,8,4.802942
u64,sip,1024,get-miss,hashlink,8,4.413230
u64,sip,1024,get-miss,micro,8,4.429288
u64,sip,1024,get-miss,baseline,8,4.475243
u64,sip,1024,get-miss,quick_cache,8,4.602418
u64,sip,1024,update,micro,0,5.127970
u64,sip,1024,update,baseline,0,5.134219
u64,sip,1024,update,quick_cache,0,8.900444
u64,sip,1024,update,lru,0,5.311739
u64,sip,1024,update,hashlink,0,15.458298
u64,sip,1024,update,baseline,1,5.033691
u64,sip,1024,update,quick_cache,1,8.869779
u64,sip,1024,update,lru,1,5.310898
u64,sip,1024,update,hashlink,1,15.481949
u64,sip,1024,update,micro,1,5.018933
u64,sip,1024,update,quick_cache,2,8.912681
u64,sip,1024,update,lru,2,5.297475
u64,sip,1024,update,hashlink,2,15.465417
u64,sip,1024,update,micro,2,5.035275
u64,sip,1024,update,baseline,2,5.046581
u64,sip,1024,update,lru,3,5.376894
u64,sip,1024,update,hashlink,3,15.746419
u64,sip,1024,update,micro,3,5.139690
u64,sip,1024,update,baseline,3,5.065161
u64,sip,1024,update,quick_cache,3,8.879952
u64,sip,1024,update,hashlink,4,15.600586
u64,sip,1024,update,micro,4,5.092112
u64,sip,1024,update,baseline,4,5.023811
u64,sip,1024,update,quick_cache,4,8.894252
u64,sip,1024,update,lru,4,5.313774
u64,sip,1024,update,micro,5,5.035984
u64,sip,1024,update,baseline,5,5.023727
u64,sip,1024,update,quick_cache,5,8.898232
u64,sip,1024,update,lru,5,5.325981
u64,sip,1024,update,hashlink,5,15.262985
u64,sip,1024,update,baseline,6,5.138707
u64,sip,1024,update,quick_cache,6,8.965829
u64,sip,1024,update,lru,6,5.443291
u64,sip,1024,update,hashlink,6,13.951041
u64,sip,1024,update,micro,6,5.037151
u64,sip,1024,update,quick_cache,7,8.865652
u64,sip,1024,update,lru,7,5.347431
u64,sip,1024,update,hashlink,7,14.314754
u64,sip,1024,update,micro,7,5.126275
u64,sip,1024,update,baseline,7,5.129646
u64,sip,1024,update,lru,8,5.327485
u64,sip,1024,update,hashlink,8,11.727387
u64,sip,1024,update,micro,8,5.101945
u64,sip,1024,update,baseline,8,5.164138
u64,sip,1024,update,quick_cache,8,8.968999
u64,sip,1024,insert-cycle,micro,0,12.259114
u64,sip,1024,insert-cycle,baseline,0,12.297511
u64,sip,1024,insert-cycle,quick_cache,0,16.424874
u64,sip,1024,insert-cycle,lru,0,24.626670
u64,sip,1024,insert-cycle,hashlink,0,34.302884
u64,sip,1024,insert-cycle,baseline,1,11.853204
u64,sip,1024,insert-cycle,quick_cache,1,16.369359
u64,sip,1024,insert-cycle,lru,1,23.887463
u64,sip,1024,insert-cycle,hashlink,1,32.893333
u64,sip,1024,insert-cycle,micro,1,12.221375
u64,sip,1024,insert-cycle,quick_cache,2,16.282282
u64,sip,1024,insert-cycle,lru,2,23.692984
u64,sip,1024,insert-cycle,hashlink,2,32.149196
u64,sip,1024,insert-cycle,micro,2,11.891386
u64,sip,1024,insert-cycle,baseline,2,12.226768
u64,sip,1024,insert-cycle,lru,3,23.675377
u64,sip,1024,insert-cycle,hashlink,3,32.321064
u64,sip,1024,insert-cycle,micro,3,11.807403
u64,sip,1024,insert-cycle,baseline,3,11.971268
u64,sip,1024,insert-cycle,quick_cache,3,16.715189
u64,sip,1024,insert-cycle,hashlink,4,33.889561
u64,sip,1024,insert-cycle,micro,4,11.947111
u64,sip,1024,insert-cycle,baseline,4,11.585303
u64,sip,1024,insert-cycle,quick_cache,4,16.343317
u64,sip,1024,insert-cycle,lru,4,23.593609
u64,sip,1024,insert-cycle,micro,5,11.820475
u64,sip,1024,insert-cycle,baseline,5,11.519713
u64,sip,1024,insert-cycle,quick_cache,5,16.376410
u64,sip,1024,insert-cycle,lru,5,23.587154
u64,sip,1024,insert-cycle,hashlink,5,33.647374
u64,sip,1024,insert-cycle,baseline,6,11.321079
u64,sip,1024,insert-cycle,quick_cache,6,16.293405
u64,sip,1024,insert-cycle,lru,6,23.504211
u64,sip,1024,insert-cycle,hashlink,6,32.266717
u64,sip,1024,insert-cycle,micro,6,11.963982
u64,sip,1024,insert-cycle,quick_cache,7,16.588643
u64,sip,1024,insert-cycle,lru,7,24.097115
u64,sip,1024,insert-cycle,hashlink,7,33.415653
u64,sip,1024,insert-cycle,micro,7,11.629715
u64,sip,1024,insert-cycle,baseline,7,11.549752
u64,sip,1024,insert-cycle,lru,8,23.806873
u64,sip,1024,insert-cycle,hashlink,8,35.474100
u64,sip,1024,insert-cycle,micro,8,12.460723
u64,sip,1024,insert-cycle,baseline,8,12.570112
u64,sip,1024,insert-cycle,quick_cache,8,16.892568
u64,sip,1024,mixed-95,micro,0,10.272667
u64,sip,1024,mixed-95,baseline,0,16.204301
u64,sip,1024,mixed-95,quick_cache,0,13.345693
u64,sip,1024,mixed-95,lru,0,13.010662
u64,sip,1024,mixed-95,hashlink,0,10.601264
u64,sip,1024,mixed-95,baseline,1,12.061923
u64,sip,1024,mixed-95,quick_cache,1,13.784904
u64,sip,1024,mixed-95,lru,1,14.255732
u64,sip,1024,mixed-95,hashlink,1,10.118744
u64,sip,1024,mixed-95,micro,1,15.855838
u64,sip,1024,mixed-95,quick_cache,2,13.284546
u64,sip,1024,mixed-95,lru,2,12.622030
u64,sip,1024,mixed-95,hashlink,2,11.165736
u64,sip,1024,mixed-95,micro,2,15.198870
u64,sip,1024,mixed-95,baseline,2,14.157498
u64,sip,1024,mixed-95,lru,3,15.362549
u64,sip,1024,mixed-95,hashlink,3,10.140507
u64,sip,1024,mixed-95,micro,3,12.747129
u64,sip,1024,mixed-95,baseline,3,11.340954
u64,sip,1024,mixed-95,quick_cache,3,13.765351
u64,sip,1024,mixed-95,hashlink,4,10.982697
u64,sip,1024,mixed-95,micro,4,9.509824
u64,sip,1024,mixed-95,baseline,4,16.333596
u64,sip,1024,mixed-95,quick_cache,4,13.351000
u64,sip,1024,mixed-95,lru,4,14.898036
u64,sip,1024,mixed-95,micro,5,16.022120
u64,sip,1024,mixed-95,baseline,5,15.396756
u64,sip,1024,mixed-95,quick_cache,5,13.463671
u64,sip,1024,mixed-95,lru,5,14.228244
u64,sip,1024,mixed-95,hashlink,5,10.537509
u64,sip,1024,mixed-95,baseline,6,12.901624
u64,sip,1024,mixed-95,quick_cache,6,13.643842
u64,sip,1024,mixed-95,lru,6,13.295713
u64,sip,1024,mixed-95,hashlink,6,10.430116
u64,sip,1024,mixed-95,micro,6,16.690228
u64,sip,1024,mixed-95,quick_cache,7,13.681708
u64,sip,1024,mixed-95,lru,7,14.719160
u64,sip,1024,mixed-95,hashlink,7,10.223474
u64,sip,1024,mixed-95,micro,7,15.863272
u64,sip,1024,mixed-95,baseline,7,15.261588
u64,sip,1024,mixed-95,lru,8,14.785525
u64,sip,1024,mixed-95,hashlink,8,11.210030
u64,sip,1024,mixed-95,micro,8,12.254741
u64,sip,1024,mixed-95,baseline,8,14.422040
u64,sip,1024,mixed-95,quick_cache,8,13.488218
u64,sip,1024,load-hit,micro,0,17.193264
u64,sip,1024,load-hit,baseline,0,17.025842
u64,sip,1024,load-hit,quick_cache,0,8.734931
u64,sip,1024,load-hit,lru,0,5.324389
u64,sip,1024,load-hit,hashlink,0,5.205057
u64,sip,1024,load-hit,baseline,1,16.007775
u64,sip,1024,load-hit,quick_cache,1,8.772787
u64,sip,1024,load-hit,lru,1,5.326822
u64,sip,1024,load-hit,hashlink,1,5.309837
u64,sip,1024,load-hit,micro,1,15.580115
u64,sip,1024,load-hit,quick_cache,2,8.768935
u64,sip,1024,load-hit,lru,2,5.368462
u64,sip,1024,load-hit,hashlink,2,5.233677
u64,sip,1024,load-hit,micro,2,11.797293
u64,sip,1024,load-hit,baseline,2,16.306695
u64,sip,1024,load-hit,lru,3,5.325405
u64,sip,1024,load-hit,hashlink,3,5.211394
u64,sip,1024,load-hit,micro,3,15.407690
u64,sip,1024,load-hit,baseline,3,17.130673
u64,sip,1024,load-hit,quick_cache,3,8.733622
u64,sip,1024,load-hit,hashlink,4,5.210791
u64,sip,1024,load-hit,micro,4,16.351399
u64,sip,1024,load-hit,baseline,4,16.270286
u64,sip,1024,load-hit,quick_cache,4,8.754330
u64,sip,1024,load-hit,lru,4,5.437530
u64,sip,1024,load-hit,micro,5,7.529345
u64,sip,1024,load-hit,baseline,5,9.059606
u64,sip,1024,load-hit,quick_cache,5,8.780997
u64,sip,1024,load-hit,lru,5,5.352164
u64,sip,1024,load-hit,hashlink,5,5.213419
u64,sip,1024,load-hit,baseline,6,14.040280
u64,sip,1024,load-hit,quick_cache,6,8.766537
u64,sip,1024,load-hit,lru,6,5.349510
u64,sip,1024,load-hit,hashlink,6,5.192773
u64,sip,1024,load-hit,micro,6,7.369199
u64,sip,1024,load-hit,quick_cache,7,8.707970
u64,sip,1024,load-hit,lru,7,5.315277
u64,sip,1024,load-hit,hashlink,7,5.193075
u64,sip,1024,load-hit,micro,7,14.895928
u64,sip,1024,load-hit,baseline,7,16.330252
u64,sip,1024,load-hit,lru,8,5.828476
u64,sip,1024,load-hit,hashlink,8,5.531701
u64,sip,1024,load-hit,micro,8,14.792789
u64,sip,1024,load-hit,baseline,8,15.972954
u64,sip,1024,load-hit,quick_cache,8,8.812095
u64,sip,1024,load-cycle,micro,0,19.539551
u64,sip,1024,load-cycle,baseline,0,19.793272
u64,sip,1024,load-cycle,quick_cache,0,16.992923
u64,sip,1024,load-cycle,lru,0,24.527588
u64,sip,1024,load-cycle,hashlink,0,35.905726
u64,sip,1024,load-cycle,baseline,1,20.158779
u64,sip,1024,load-cycle,quick_cache,1,16.896077
u64,sip,1024,load-cycle,lru,1,23.632930
u64,sip,1024,load-cycle,hashlink,1,34.989125
u64,sip,1024,load-cycle,micro,1,20.671600
u64,sip,1024,load-cycle,quick_cache,2,17.073880
u64,sip,1024,load-cycle,lru,2,26.629904
u64,sip,1024,load-cycle,hashlink,2,36.643263
u64,sip,1024,load-cycle,micro,2,18.950233
u64,sip,1024,load-cycle,baseline,2,18.960956
u64,sip,1024,load-cycle,lru,3,24.059819
u64,sip,1024,load-cycle,hashlink,3,32.372726
u64,sip,1024,load-cycle,micro,3,18.468258
u64,sip,1024,load-cycle,baseline,3,19.815914
u64,sip,1024,load-cycle,quick_cache,3,16.779370
u64,sip,1024,load-cycle,hashlink,4,31.418495
u64,sip,1024,load-cycle,micro,4,18.678156
u64,sip,1024,load-cycle,baseline,4,18.240704
u64,sip,1024,load-cycle,quick_cache,4,16.738265
u64,sip,1024,load-cycle,lru,4,23.770726
u64,sip,1024,load-cycle,micro,5,18.148843
u64,sip,1024,load-cycle,baseline,5,17.185735
u64,sip,1024,load-cycle,quick_cache,5,17.127404
u64,sip,1024,load-cycle,lru,5,24.086148
u64,sip,1024,load-cycle,hashlink,5,33.014523
u64,sip,1024,load-cycle,baseline,6,17.105923
u64,sip,1024,load-cycle,quick_cache,6,16.838968
u64,sip,1024,load-cycle,lru,6,23.607891
u64,sip,1024,load-cycle,hashlink,6,32.415020
u64,sip,1024,load-cycle,micro,6,18.870974
u64,sip,1024,load-cycle,quick_cache,7,16.784113
u64,sip,1024,load-cycle,lru,7,23.525531
u64,sip,1024,load-cycle,hashlink,7,31.497790
u64,sip,1024,load-cycle,micro,7,18.397894
u64,sip,1024,load-cycle,baseline,7,18.475296
u64,sip,1024,load-cycle,lru,8,23.618065
u64,sip,1024,load-cycle,hashlink,8,32.288401
u64,sip,1024,load-cycle,micro,8,17.003235
u64,sip,1024,load-cycle,baseline,8,18.752080
u64,sip,1024,load-cycle,quick_cache,8,17.178339
u64,sip,1024,clear-refill,micro,0,7107.480114
u64,sip,1024,clear-refill,baseline,0,9725.242718
u64,sip,1024,clear-refill,quick_cache,0,11816.726415
u64,sip,1024,clear-refill,lru,0,36632.299270
u64,sip,1024,clear-refill,hashlink,0,24684.729064
u64,sip,1024,clear-refill,baseline,1,10109.595960
u64,sip,1024,clear-refill,quick_cache,1,9788.812133
u64,sip,1024,clear-refill,lru,1,35376.760563
u64,sip,1024,clear-refill,hashlink,1,24704.024631
u64,sip,1024,clear-refill,micro,1,7014.608696
u64,sip,1024,clear-refill,quick_cache,2,9813.970588
u64,sip,1024,clear-refill,lru,2,35729.464286
u64,sip,1024,clear-refill,hashlink,2,24952.940299
u64,sip,1024,clear-refill,micro,2,7101.300709
u64,sip,1024,clear-refill,baseline,2,9942.097416
u64,sip,1024,clear-refill,lru,3,37920.454545
u64,sip,1024,clear-refill,hashlink,3,24749.591133
u64,sip,1024,clear-refill,micro,3,7042.312676
u64,sip,1024,clear-refill,baseline,3,9749.430799
u64,sip,1024,clear-refill,quick_cache,3,9788.649706
u64,sip,1024,clear-refill,hashlink,4,24779.702970
u64,sip,1024,clear-refill,micro,4,7014.025245
u64,sip,1024,clear-refill,baseline,4,9704.779070
u64,sip,1024,clear-refill,quick_cache,4,10792.295259
u64,sip,1024,clear-refill,lru,4,36118.410072
u64,sip,1024,clear-refill,micro,5,7009.571429
u64,sip,1024,clear-refill,baseline,5,9849.326772
u64,sip,1024,clear-refill,quick_cache,5,10034.234469
u64,sip,1024,clear-refill,lru,5,35531.617021
u64,sip,1024,clear-refill,hashlink,5,24894.069652
u64,sip,1024,clear-refill,baseline,6,9866.207101
u64,sip,1024,clear-refill,quick_cache,6,10005.418000
u64,sip,1024,clear-refill,lru,6,35466.609929
u64,sip,1024,clear-refill,hashlink,6,24796.613861
u64,sip,1024,clear-refill,micro,6,7016.011220
u64,sip,1024,clear-refill,quick_cache,7,9816.339216
u64,sip,1024,clear-refill,lru,7,35549.056738
u64,sip,1024,clear-refill,hashlink,7,24661.945813
u64,sip,1024,clear-refill,micro,7,6972.435933
u64,sip,1024,clear-refill,baseline,7,9722.168932
u64,sip,1024,clear-refill,lru,8,35673.170213
u64,sip,1024,clear-refill,hashlink,8,24807.346535
u64,sip,1024,clear-refill,micro,8,7056.710860
u64,sip,1024,clear-refill,baseline,8,9744.974708
u64,sip,1024,clear-refill,quick_cache,8,9996.341317
u64,sip,1024,clear-empty,micro,0,0.381604
u64,sip,1024,clear-empty,baseline,0,55.489746
u64,sip,1024,clear-empty,quick_cache,0,1.825658
u64,sip,1024,clear-empty,lru,0,0.619539
u64,sip,1024,clear-empty,hashlink,0,0.605663
u64,sip,1024,clear-empty,baseline,1,62.087153
u64,sip,1024,clear-empty,quick_cache,1,1.784461
u64,sip,1024,clear-empty,lru,1,0.608840
u64,sip,1024,clear-empty,hashlink,1,0.607415
u64,sip,1024,clear-empty,micro,1,0.364865
u64,sip,1024,clear-empty,quick_cache,2,1.768553
u64,sip,1024,clear-empty,lru,2,0.602877
u64,sip,1024,clear-empty,hashlink,2,0.603814
u64,sip,1024,clear-empty,micro,2,0.362788
u64,sip,1024,clear-empty,baseline,2,61.253527
u64,sip,1024,clear-empty,lru,3,0.608811
u64,sip,1024,clear-empty,hashlink,3,0.606881
u64,sip,1024,clear-empty,micro,3,0.367949
u64,sip,1024,clear-empty,baseline,3,62.446448
u64,sip,1024,clear-empty,quick_cache,3,1.823646
u64,sip,1024,clear-empty,hashlink,4,0.604361
u64,sip,1024,clear-empty,micro,4,0.366643
u64,sip,1024,clear-empty,baseline,4,61.503980
u64,sip,1024,clear-empty,quick_cache,4,1.772434
u64,sip,1024,clear-empty,lru,4,0.599643
u64,sip,1024,clear-empty,micro,5,0.366687
u64,sip,1024,clear-empty,baseline,5,54.619763
u64,sip,1024,clear-empty,quick_cache,5,1.766678
u64,sip,1024,clear-empty,lru,5,0.610695
u64,sip,1024,clear-empty,hashlink,5,0.600141
u64,sip,1024,clear-empty,baseline,6,61.109924
u64,sip,1024,clear-empty,quick_cache,6,1.775290
u64,sip,1024,clear-empty,lru,6,0.606052
u64,sip,1024,clear-empty,hashlink,6,0.604412
u64,sip,1024,clear-empty,micro,6,0.373496
u64,sip,1024,clear-empty,quick_cache,7,1.803015
u64,sip,1024,clear-empty,lru,7,0.604159
u64,sip,1024,clear-empty,hashlink,7,0.603204
u64,sip,1024,clear-empty,micro,7,0.370060
u64,sip,1024,clear-empty,baseline,7,64.228996
u64,sip,1024,clear-empty,lru,8,0.611183
u64,sip,1024,clear-empty,hashlink,8,0.610615
u64,sip,1024,clear-empty,micro,8,0.364073
u64,sip,1024,clear-empty,baseline,8,61.173511
u64,sip,1024,clear-empty,quick_cache,8,1.778097
u64,sip,1024,iter-dense,micro,0,264.752538
u64,sip,1024,iter-dense,baseline,0,275.690311
u64,sip,1024,iter-dense,quick_cache,0,248.445399
u64,sip,1024,iter-dense,lru,0,1288.454150
u64,sip,1024,iter-dense,hashlink,0,1271.394309
u64,sip,1024,iter-dense,baseline,1,280.969479
u64,sip,1024,iter-dense,quick_cache,1,253.380774
u64,sip,1024,iter-dense,lru,1,1283.288678
u64,sip,1024,iter-dense,hashlink,1,1269.394909
u64,sip,1024,iter-dense,micro,1,271.690104
u64,sip,1024,iter-dense,quick_cache,2,248.257688
u64,sip,1024,iter-dense,lru,2,1295.841942
u64,sip,1024,iter-dense,hashlink,2,1273.268039
u64,sip,1024,iter-dense,micro,2,266.043527
u64,sip,1024,iter-dense,baseline,2,275.942956
u64,sip,1024,iter-dense,lru,3,1267.714718
u64,sip,1024,iter-dense,hashlink,3,1256.291750
u64,sip,1024,iter-dense,micro,3,256.111907
u64,sip,1024,iter-dense,baseline,3,269.873111
u64,sip,1024,iter-dense,quick_cache,3,246.814619
u64,sip,1024,iter-dense,hashlink,4,1283.224641
u64,sip,1024,iter-dense,micro,4,272.327935
u64,sip,1024,iter-dense,baseline,4,280.840889
u64,sip,1024,iter-dense,quick_cache,4,251.752919
u64,sip,1024,iter-dense,lru,4,1280.413872
u64,sip,1024,iter-dense,micro,5,258.201423
u64,sip,1024,iter-dense,baseline,5,277.028042
u64,sip,1024,iter-dense,quick_cache,5,246.861029
u64,sip,1024,iter-dense,lru,5,1288.411373
u64,sip,1024,iter-dense,hashlink,5,1264.648438
u64,sip,1024,iter-dense,baseline,6,274.136513
u64,sip,1024,iter-dense,quick_cache,6,246.378740
u64,sip,1024,iter-dense,lru,6,1288.326076
u64,sip,1024,iter-dense,hashlink,6,1251.489500
u64,sip,1024,iter-dense,micro,6,260.729167
u64,sip,1024,iter-dense,quick_cache,7,246.998815
u64,sip,1024,iter-dense,lru,7,1283.192367
u64,sip,1024,iter-dense,hashlink,7,1288.379355
u64,sip,1024,iter-dense,micro,7,264.845975
u64,sip,1024,iter-dense,baseline,7,280.251232
u64,sip,1024,iter-dense,lru,8,1284.270236
u64,sip,1024,iter-dense,hashlink,8,1258.177000
u64,sip,1024,iter-dense,micro,8,263.499526
u64,sip,1024,iter-dense,baseline,8,273.663255
u64,sip,1024,iter-dense,quick_cache,8,246.525039
u64,sip,1024,iter-dense-for,micro,0,276.292458
u64,sip,1024,iter-dense-for,baseline,0,276.398244
u64,sip,1024,iter-dense-for,quick_cache,0,507.432021
u64,sip,1024,iter-dense-for,lru,0,756.736866
u64,sip,1024,iter-dense-for,hashlink,0,610.312257
u64,sip,1024,iter-dense-for,baseline,1,274.152467
u64,sip,1024,iter-dense-for,quick_cache,1,505.472984
u64,sip,1024,iter-dense-for,lru,1,759.765625
u64,sip,1024,iter-dense-for,hashlink,1,603.533181
u64,sip,1024,iter-dense-for,micro,1,275.791336
u64,sip,1024,iter-dense-for,quick_cache,2,519.323609
u64,sip,1024,iter-dense-for,lru,2,773.734066
u64,sip,1024,iter-dense-for,hashlink,2,602.569111
u64,sip,1024,iter-dense-for,micro,2,275.926863
u64,sip,1024,iter-dense-for,baseline,2,275.936067
u64,sip,1024,iter-dense-for,lru,3,758.089221
u64,sip,1024,iter-dense-for,hashlink,3,598.808669
u64,sip,1024,iter-dense-for,micro,3,273.920972
u64,sip,1024,iter-dense-for,baseline,3,275.995756
u64,sip,1024,iter-dense-for,quick_cache,3,507.524959
u64,sip,1024,iter-dense-for,hashlink,4,912.336483
u64,sip,1024,iter-dense-for,micro,4,275.059919
u64,sip,1024,iter-dense-for,baseline,4,275.571688
u64,sip,1024,iter-dense-for,quick_cache,4,511.046364
u64,sip,1024,iter-dense-for,lru,4,762.468293
u64,sip,1024,iter-dense-for,micro,5,271.847826
u64,sip,1024,iter-dense-for,baseline,5,277.045933
u64,sip,1024,iter-dense-for,quick_cache,5,511.518689
u64,sip,1024,iter-dense-for,lru,5,756.560839
u64,sip,1024,iter-dense-for,hashlink,5,613.536520
u64,sip,1024,iter-dense-for,baseline,6,275.080569
u64,sip,1024,iter-dense-for,quick_cache,6,265.075477
u64,sip,1024,iter-dense-for,lru,6,766.097273
u64,sip,1024,iter-dense-for,hashlink,6,603.794643
u64,sip,1024,iter-dense-for,micro,6,276.954259
u64,sip,1024,iter-dense-for,quick_cache,7,264.477104
u64,sip,1024,iter-dense-for,lru,7,766.997396
u64,sip,1024,iter-dense-for,hashlink,7,600.095785
u64,sip,1024,iter-dense-for,micro,7,275.553422
u64,sip,1024,iter-dense-for,baseline,7,273.697461
u64,sip,1024,iter-dense-for,lru,8,763.478049
u64,sip,1024,iter-dense-for,hashlink,8,615.690576
u64,sip,1024,iter-dense-for,micro,8,280.099574
u64,sip,1024,iter-dense-for,baseline,8,282.460458
u64,sip,1024,iter-dense-for,quick_cache,8,265.764272
u64,sip,1024,iter-density-1pct,micro,0,6.428615
u64,sip,1024,iter-density-1pct,baseline,0,307.596083
u64,sip,1024,iter-density-1pct,quick_cache,0,165.158362
u64,sip,1024,iter-density-1pct,lru,0,4.213250
u64,sip,1024,iter-density-1pct,hashlink,0,4.240853
u64,sip,1024,iter-density-1pct,baseline,1,309.601918
u64,sip,1024,iter-density-1pct,quick_cache,1,165.441766
u64,sip,1024,iter-density-1pct,lru,1,4.309739
u64,sip,1024,iter-density-1pct,hashlink,1,4.292383
u64,sip,1024,iter-density-1pct,micro,1,6.451974
u64,sip,1024,iter-density-1pct,quick_cache,2,166.722182
u64,sip,1024,iter-density-1pct,lru,2,4.268497
u64,sip,1024,iter-density-1pct,hashlink,2,4.290179
u64,sip,1024,iter-density-1pct,micro,2,6.526951
u64,sip,1024,iter-density-1pct,baseline,2,317.003106
u64,sip,1024,iter-density-1pct,lru,3,4.323943
u64,sip,1024,iter-density-1pct,hashlink,3,4.250269
u64,sip,1024,iter-density-1pct,micro,3,6.446650
u64,sip,1024,iter-density-1pct,baseline,3,311.169421
u64,sip,1024,iter-density-1pct,quick_cache,3,166.435071
u64,sip,1024,iter-density-1pct,hashlink,4,4.323453
u64,sip,1024,iter-density-1pct,micro,4,6.456986
u64,sip,1024,iter-density-1pct,baseline,4,309.185585
u64,sip,1024,iter-density-1pct,quick_cache,4,165.744300
u64,sip,1024,iter-density-1pct,lru,4,4.290261
u64,sip,1024,iter-density-1pct,micro,5,6.464520
u64,sip,1024,iter-density-1pct,baseline,5,309.813366
u64,sip,1024,iter-density-1pct,quick_cache,5,166.260805
u64,sip,1024,iter-density-1pct,lru,5,4.344502
u64,sip,1024,iter-density-1pct,hashlink,5,4.325774
u64,sip,1024,iter-density-1pct,baseline,6,317.283088
u64,sip,1024,iter-density-1pct,quick_cache,6,166.983841
u64,sip,1024,iter-density-1pct,lru,6,4.266247
u64,sip,1024,iter-density-1pct,hashlink,6,4.357903
u64,sip,1024,iter-density-1pct,micro,6,7.033336
u64,sip,1024,iter-density-1pct,quick_cache,7,195.081656
u64,sip,1024,iter-density-1pct,lru,7,4.258224
u64,sip,1024,iter-density-1pct,hashlink,7,4.270282
u64,sip,1024,iter-density-1pct,micro,7,6.530334
u64,sip,1024,iter-density-1pct,baseline,7,284.930897
u64,sip,1024,iter-density-1pct,lru,8,4.241880
u64,sip,1024,iter-density-1pct,hashlink,8,4.350429
u64,sip,1024,iter-density-1pct,micro,8,6.544556
u64,sip,1024,iter-density-1pct,baseline,8,309.234499
u64,sip,1024,iter-density-1pct,quick_cache,8,171.024514
u64,sip,1024,iter-density-6pct,micro,0,277.355330
u64,sip,1024,iter-density-6pct,baseline,0,286.921789
u64,sip,1024,iter-density-6pct,quick_cache,0,166.516906
u64,sip,1024,iter-density-6pct,lru,0,51.298065
u64,sip,1024,iter-density-6pct,hashlink,0,52.324395
u64,sip,1024,iter-density-6pct,baseline,1,290.509758
u64,sip,1024,iter-density-6pct,quick_cache,1,168.464069
u64,sip,1024,iter-density-6pct,lru,1,53.940499
u64,sip,1024,iter-density-6pct,hashlink,1,51.374075
u64,sip,1024,iter-density-6pct,micro,1,271.140273
u64,sip,1024,iter-density-6pct,quick_cache,2,163.897340
u64,sip,1024,iter-density-6pct,lru,2,52.365648
u64,sip,1024,iter-density-6pct,hashlink,2,51.798061
u64,sip,1024,iter-density-6pct,micro,2,266.186169
u64,sip,1024,iter-density-6pct,baseline,2,305.154544
u64,sip,1024,iter-density-6pct,lru,3,52.360762
u64,sip,1024,iter-density-6pct,hashlink,3,53.035481
u64,sip,1024,iter-density-6pct,micro,3,262.262741
u64,sip,1024,iter-density-6pct,baseline,3,310.786344
u64,sip,1024,iter-density-6pct,quick_cache,3,165.545286
u64,sip,1024,iter-density-6pct,hashlink,4,52.256164
u64,sip,1024,iter-density-6pct,micro,4,268.157697
u64,sip,1024,iter-density-6pct,baseline,4,294.314972
u64,sip,1024,iter-density-6pct,quick_cache,4,164.547697
u64,sip,1024,iter-density-6pct,lru,4,52.341039
u64,sip,1024,iter-density-6pct,micro,5,265.161547
u64,sip,1024,iter-density-6pct,baseline,5,305.290222
u64,sip,1024,iter-density-6pct,quick_cache,5,179.638111
u64,sip,1024,iter-density-6pct,lru,5,49.667485
u64,sip,1024,iter-density-6pct,hashlink,5,48.266764
u64,sip,1024,iter-density-6pct,baseline,6,271.445964
u64,sip,1024,iter-density-6pct,quick_cache,6,177.332837
u64,sip,1024,iter-density-6pct,lru,6,51.364234
u64,sip,1024,iter-density-6pct,hashlink,6,50.927206
u64,sip,1024,iter-density-6pct,micro,6,275.844136
u64,sip,1024,iter-density-6pct,quick_cache,7,179.837349
u64,sip,1024,iter-density-6pct,lru,7,51.592419
u64,sip,1024,iter-density-6pct,hashlink,7,50.386972
u64,sip,1024,iter-density-6pct,micro,7,255.259329
u64,sip,1024,iter-density-6pct,baseline,7,299.421755
u64,sip,1024,iter-density-6pct,lru,8,50.250362
u64,sip,1024,iter-density-6pct,hashlink,8,50.260242
u64,sip,1024,iter-density-6pct,micro,8,255.926504
u64,sip,1024,iter-density-6pct,baseline,8,298.075357
u64,sip,1024,iter-density-6pct,quick_cache,8,177.852140
u64,sip,1024,iter-density-quarter,micro,0,262.212458
u64,sip,1024,iter-density-quarter,baseline,0,259.860828
u64,sip,1024,iter-density-quarter,quick_cache,0,224.451489
u64,sip,1024,iter-density-quarter,lru,0,297.921607
u64,sip,1024,iter-density-quarter,hashlink,0,306.162855
u64,sip,1024,iter-density-quarter,baseline,1,259.501088
u64,sip,1024,iter-density-quarter,quick_cache,1,228.555601
u64,sip,1024,iter-density-quarter,lru,1,296.334931
u64,sip,1024,iter-density-quarter,hashlink,1,302.933745
u64,sip,1024,iter-density-quarter,micro,1,265.846407
u64,sip,1024,iter-density-quarter,quick_cache,2,225.219110
u64,sip,1024,iter-density-quarter,lru,2,295.671373
u64,sip,1024,iter-density-quarter,hashlink,2,300.480769
u64,sip,1024,iter-density-quarter,micro,2,265.203443
u64,sip,1024,iter-density-quarter,baseline,2,257.514312
u64,sip,1024,iter-density-quarter,lru,3,311.185015
u64,sip,1024,iter-density-quarter,hashlink,3,327.598205
u64,sip,1024,iter-density-quarter,micro,3,266.034705
u64,sip,1024,iter-density-quarter,baseline,3,268.748228
u64,sip,1024,iter-density-quarter,quick_cache,3,232.720238
u64,sip,1024,iter-density-quarter,hashlink,4,313.564629
u64,sip,1024,iter-density-quarter,micro,4,271.556749
u64,sip,1024,iter-density-quarter,baseline,4,414.701426
u64,sip,1024,iter-density-quarter,quick_cache,4,210.774301
u64,sip,1024,iter-density-quarter,lru,4,346.562084
u64,sip,1024,iter-density-quarter,micro,5,270.313849
u64,sip,1024,iter-density-quarter,baseline,5,271.859130
u64,sip,1024,iter-density-quarter,quick_cache,5,200.708039
u64,sip,1024,iter-density-quarter,lru,5,313.007812
u64,sip,1024,iter-density-quarter,hashlink,5,318.360680
u64,sip,1024,iter-density-quarter,baseline,6,265.192426
u64,sip,1024,iter-density-quarter,quick_cache,6,197.022946
u64,sip,1024,iter-density-quarter,lru,6,301.656009
u64,sip,1024,iter-density-quarter,hashlink,6,297.283448
u64,sip,1024,iter-density-quarter,micro,6,265.101960
u64,sip,1024,iter-density-quarter,quick_cache,7,197.295218
u64,sip,1024,iter-density-quarter,lru,7,309.013155
u64,sip,1024,iter-density-quarter,hashlink,7,311.254846
u64,sip,1024,iter-density-quarter,micro,7,274.328399
u64,sip,1024,iter-density-quarter,baseline,7,261.561977
u64,sip,1024,iter-density-quarter,lru,8,298.606990
u64,sip,1024,iter-density-quarter,hashlink,8,297.521091
u64,sip,1024,iter-density-quarter,micro,8,268.396655
u64,sip,1024,iter-density-quarter,baseline,8,262.150597
u64,sip,1024,iter-density-quarter,quick_cache,8,197.763590
u64,sip,1024,iter-density-half,micro,0,266.217259
u64,sip,1024,iter-density-half,baseline,0,265.150530
u64,sip,1024,iter-density-half,quick_cache,0,229.376650
u64,sip,1024,iter-density-half,lru,0,625.796875
u64,sip,1024,iter-density-half,hashlink,0,731.716121
u64,sip,1024,iter-density-half,baseline,1,264.444110
u64,sip,1024,iter-density-half,quick_cache,1,227.902560
u64,sip,1024,iter-density-half,lru,1,620.571925
u64,sip,1024,iter-density-half,hashlink,1,855.226776
u64,sip,1024,iter-density-half,micro,1,275.404379
u64,sip,1024,iter-density-half,quick_cache,2,228.787290
u64,sip,1024,iter-density-half,lru,2,622.189112
u64,sip,1024,iter-density-half,hashlink,2,655.874085
u64,sip,1024,iter-density-half,micro,2,264.215108
u64,sip,1024,iter-density-half,baseline,2,263.721280
u64,sip,1024,iter-density-half,lru,3,631.258317
u64,sip,1024,iter-density-half,hashlink,3,802.043269
u64,sip,1024,iter-density-half,micro,3,267.456784
u64,sip,1024,iter-density-half,baseline,3,263.905723
u64,sip,1024,iter-density-half,quick_cache,3,228.294206
u64,sip,1024,iter-density-half,hashlink,4,624.750996
u64,sip,1024,iter-density-half,micro,4,266.405824
u64,sip,1024,iter-density-half,baseline,4,263.468013
u64,sip,1024,iter-density-half,quick_cache,4,227.576465
u64,sip,1024,iter-density-half,lru,4,668.408387
u64,sip,1024,iter-density-half,micro,5,270.587749
u64,sip,1024,iter-density-half,baseline,5,266.691553
u64,sip,1024,iter-density-half,quick_cache,5,227.982280
u64,sip,1024,iter-density-half,lru,5,630.197833
u64,sip,1024,iter-density-half,hashlink,5,774.107828
u64,sip,1024,iter-density-half,baseline,6,262.091709
u64,sip,1024,iter-density-half,quick_cache,6,227.940507
u64,sip,1024,iter-density-half,lru,6,621.894717
u64,sip,1024,iter-density-half,hashlink,6,756.145682
u64,sip,1024,iter-density-half,micro,6,262.260539
u64,sip,1024,iter-density-half,quick_cache,7,228.109763
u64,sip,1024,iter-density-half,lru,7,620.153398
u64,sip,1024,iter-density-half,hashlink,7,748.984450
u64,sip,1024,iter-density-half,micro,7,263.547797
u64,sip,1024,iter-density-half,baseline,7,265.658160
u64,sip,1024,iter-density-half,lru,8,624.896290
u64,sip,1024,iter-density-half,hashlink,8,827.863095
u64,sip,1024,iter-density-half,micro,8,270.585532
u64,sip,1024,iter-density-half,baseline,8,261.016642
u64,sip,1024,iter-density-half,quick_cache,8,220.200616
u64,sip,1024,iter-front,micro,0,1.175272
u64,sip,1024,iter-front,baseline,0,257.488571
u64,sip,1024,iter-front,quick_cache,0,164.106211
u64,sip,1024,iter-front,lru,0,1.185445
u64,sip,1024,iter-front,hashlink,0,1.162817
u64,sip,1024,iter-front,baseline,1,258.237933
u64,sip,1024,iter-front,quick_cache,1,164.727937
u64,sip,1024,iter-front,lru,1,1.176413
u64,sip,1024,iter-front,hashlink,1,1.207571
u64,sip,1024,iter-front,micro,1,1.147749
u64,sip,1024,iter-front,quick_cache,2,164.649763
u64,sip,1024,iter-front,lru,2,1.176909
u64,sip,1024,iter-front,hashlink,2,1.163830
u64,sip,1024,iter-front,micro,2,1.182297
u64,sip,1024,iter-front,baseline,2,258.722268
u64,sip,1024,iter-front,lru,3,1.263331
u64,sip,1024,iter-front,hashlink,3,1.185302
u64,sip,1024,iter-front,micro,3,10.706055
u64,sip,1024,iter-front,baseline,3,421.380138
u64,sip,1024,iter-front,quick_cache,3,191.173862
u64,sip,1024,iter-front,hashlink,4,1.214715
u64,sip,1024,iter-front,micro,4,1.220980
u64,sip,1024,iter-front,baseline,4,273.042103
u64,sip,1024,iter-front,quick_cache,4,196.055834
u64,sip,1024,iter-front,lru,4,1.217080
u64,sip,1024,iter-front,micro,5,1.183524
u64,sip,1024,iter-front,baseline,5,262.514000
u64,sip,1024,iter-front,quick_cache,5,169.072331
u64,sip,1024,iter-front,lru,5,1.214026
u64,sip,1024,iter-front,hashlink,5,1.139712
u64,sip,1024,iter-front,baseline,6,258.888193
u64,sip,1024,iter-front,quick_cache,6,162.601880
u64,sip,1024,iter-front,lru,6,1.175395
u64,sip,1024,iter-front,hashlink,6,1.166550
u64,sip,1024,iter-front,micro,6,1.159942
u64,sip,1024,iter-front,quick_cache,7,164.486020
u64,sip,1024,iter-front,lru,7,1.178543
u64,sip,1024,iter-front,hashlink,7,1.142863
u64,sip,1024,iter-front,micro,7,1.159133
u64,sip,1024,iter-front,baseline,7,260.631510
u64,sip,1024,iter-front,lru,8,1.216682
u64,sip,1024,iter-front,hashlink,8,1.147446
u64,sip,1024,iter-front,micro,8,1.168303
u64,sip,1024,iter-front,baseline,8,270.470642
u64,sip,1024,iter-front,quick_cache,8,166.460064
u64,sip,1024,iter-back,micro,0,1.165158
u64,sip,1024,iter-back,baseline,0,263.743202
u64,sip,1024,iter-back,quick_cache,0,164.960773
u64,sip,1024,iter-back,lru,0,1.190358
u64,sip,1024,iter-back,hashlink,0,1.143516
u64,sip,1024,iter-back,baseline,1,263.292614
u64,sip,1024,iter-back,quick_cache,1,164.875626
u64,sip,1024,iter-back,lru,1,1.180617
u64,sip,1024,iter-back,hashlink,1,1.176041
u64,sip,1024,iter-back,micro,1,1.162540
u64,sip,1024,iter-back,quick_cache,2,165.008481
u64,sip,1024,iter-back,lru,2,1.180707
u64,sip,1024,iter-back,hashlink,2,1.141336
u64,sip,1024,iter-back,micro,2,1.163943
u64,sip,1024,iter-back,baseline,2,273.806918
u64,sip,1024,iter-back,lru,3,1.205605
u64,sip,1024,iter-back,hashlink,3,1.192566
u64,sip,1024,iter-back,micro,3,1.166402
u64,sip,1024,iter-back,baseline,3,271.135724
u64,sip,1024,iter-back,quick_cache,3,166.518304
u64,sip,1024,iter-back,hashlink,4,1.151683
u64,sip,1024,iter-back,micro,4,1.159107
u64,sip,1024,iter-back,baseline,4,263.378157
u64,sip,1024,iter-back,quick_cache,4,165.163840
u64,sip,1024,iter-back,lru,4,1.185643
u64,sip,1024,iter-back,micro,5,1.156893
u64,sip,1024,iter-back,baseline,5,262.668487
u64,sip,1024,iter-back,quick_cache,5,164.934665
u64,sip,1024,iter-back,lru,5,1.182619
u64,sip,1024,iter-back,hashlink,5,1.142028
u64,sip,1024,iter-back,baseline,6,271.572537
u64,sip,1024,iter-back,quick_cache,6,168.281317
u64,sip,1024,iter-back,lru,6,1.184969
u64,sip,1024,iter-back,hashlink,6,1.185391
u64,sip,1024,iter-back,micro,6,1.159641
u64,sip,1024,iter-back,quick_cache,7,165.335657
u64,sip,1024,iter-back,lru,7,1.185248
u64,sip,1024,iter-back,hashlink,7,1.151378
u64,sip,1024,iter-back,micro,7,1.133076
u64,sip,1024,iter-back,baseline,7,253.646677
u64,sip,1024,iter-back,lru,8,1.183380
u64,sip,1024,iter-back,hashlink,8,1.173929
u64,sip,1024,iter-back,micro,8,1.142512
u64,sip,1024,iter-back,baseline,8,262.760399
u64,sip,1024,iter-back,quick_cache,8,165.716695
u64,sip,1024,iter-empty,micro,0,0.785061
u64,sip,1024,iter-empty,baseline,0,269.123333
u64,sip,1024,iter-empty,quick_cache,0,168.413524
u64,sip,1024,iter-empty,lru,0,0.980509
u64,sip,1024,iter-empty,hashlink,0,1.002541
u64,sip,1024,iter-empty,baseline,1,264.874629
u64,sip,1024,iter-empty,quick_cache,1,164.439012
u64,sip,1024,iter-empty,lru,1,0.984997
u64,sip,1024,iter-empty,hashlink,1,0.994273
u64,sip,1024,iter-empty,micro,1,0.809917
u64,sip,1024,iter-empty,quick_cache,2,165.422454
u64,sip,1024,iter-empty,lru,2,0.982896
u64,sip,1024,iter-empty,hashlink,2,0.998326
u64,sip,1024,iter-empty,micro,2,0.782890
u64,sip,1024,iter-empty,baseline,2,261.175292
u64,sip,1024,iter-empty,lru,3,0.980669
u64,sip,1024,iter-empty,hashlink,3,0.992284
u64,sip,1024,iter-empty,micro,3,0.795024
u64,sip,1024,iter-empty,baseline,3,271.913478
u64,sip,1024,iter-empty,quick_cache,3,166.082758
u64,sip,1024,iter-empty,hashlink,4,0.996969
u64,sip,1024,iter-empty,micro,4,0.810808
u64,sip,1024,iter-empty,baseline,4,260.386335
u64,sip,1024,iter-empty,quick_cache,4,164.867385
u64,sip,1024,iter-empty,lru,4,0.983614
u64,sip,1024,iter-empty,micro,5,0.818599
u64,sip,1024,iter-empty,baseline,5,251.059641
u64,sip,1024,iter-empty,quick_cache,5,160.664761
u64,sip,1024,iter-empty,lru,5,0.964494
u64,sip,1024,iter-empty,hashlink,5,0.973520
u64,sip,1024,iter-empty,baseline,6,256.181660
u64,sip,1024,iter-empty,quick_cache,6,164.795179
u64,sip,1024,iter-empty,lru,6,0.988899
u64,sip,1024,iter-empty,hashlink,6,1.005373
u64,sip,1024,iter-empty,micro,6,0.804152
u64,sip,1024,iter-empty,quick_cache,7,166.559904
u64,sip,1024,iter-empty,lru,7,0.988918
u64,sip,1024,iter-empty,hashlink,7,1.003971
u64,sip,1024,iter-empty,micro,7,0.802772
u64,sip,1024,iter-empty,baseline,7,266.503407
u64,sip,1024,iter-empty,lru,8,1.004294
u64,sip,1024,iter-empty,hashlink,8,1.001725
u64,sip,1024,iter-empty,micro,8,0.783660
u64,sip,1024,iter-empty,baseline,8,265.855283
u64,sip,1024,iter-empty,quick_cache,8,166.583389
u64,sip,1024,iter-count,micro,0,0.395005
u64,sip,1024,iter-count,baseline,0,261.914062
u64,sip,1024,iter-count,quick_cache,0,491.642285
u64,sip,1024,iter-count,lru,0,0.394149
u64,sip,1024,iter-count,hashlink,0,0.397518
u64,sip,1024,iter-count,baseline,1,269.613763
u64,sip,1024,iter-count,quick_cache,1,487.622332
u64,sip,1024,iter-count,lru,1,0.393842
u64,sip,1024,iter-count,hashlink,1,0.401894
u64,sip,1024,iter-count,micro,1,0.403338
u64,sip,1024,iter-count,quick_cache,2,494.018555
u64,sip,1024,iter-count,lru,2,0.397254
u64,sip,1024,iter-count,hashlink,2,0.399200
u64,sip,1024,iter-count,micro,2,0.397967
u64,sip,1024,iter-count,baseline,2,260.416667
u64,sip,1024,iter-count,lru,3,0.396883
u64,sip,1024,iter-count,hashlink,3,0.397683
u64,sip,1024,iter-count,micro,3,0.399603
u64,sip,1024,iter-count,baseline,3,260.427375
u64,sip,1024,iter-count,quick_cache,3,479.138910
u64,sip,1024,iter-count,hashlink,4,0.396907
u64,sip,1024,iter-count,micro,4,0.407601
u64,sip,1024,iter-count,baseline,4,261.250000
u64,sip,1024,iter-count,quick_cache,4,484.688548
u64,sip,1024,iter-count,lru,4,0.398304
u64,sip,1024,iter-count,micro,5,0.399264
u64,sip,1024,iter-count,baseline,5,259.129574
u64,sip,1024,iter-count,quick_cache,5,480.083746
u64,sip,1024,iter-count,lru,5,0.396843
u64,sip,1024,iter-count,hashlink,5,0.398251
u64,sip,1024,iter-count,baseline,6,257.621916
u64,sip,1024,iter-count,quick_cache,6,481.338129
u64,sip,1024,iter-count,lru,6,0.397242
u64,sip,1024,iter-count,hashlink,6,0.397942
u64,sip,1024,iter-count,micro,6,0.397915
u64,sip,1024,iter-count,quick_cache,7,489.501953
u64,sip,1024,iter-count,lru,7,0.397502
u64,sip,1024,iter-count,hashlink,7,0.405809
u64,sip,1024,iter-count,micro,7,0.405839
u64,sip,1024,iter-count,baseline,7,259.806332
u64,sip,1024,iter-count,lru,8,0.397972
u64,sip,1024,iter-count,hashlink,8,0.399927
u64,sip,1024,iter-count,micro,8,0.398682
u64,sip,1024,iter-count,baseline,8,259.996916
u64,sip,1024,iter-count,quick_cache,8,480.178925
u64,sip,16384,get-hit,micro,0,7.894140
u64,sip,16384,get-hit,baseline,0,7.911943
u64,sip,16384,get-hit,quick_cache,0,8.216823
u64,sip,16384,get-hit,lru,0,8.809917
u64,sip,16384,get-hit,hashlink,0,8.874349
u64,sip,16384,get-hit,baseline,1,7.893293
u64,sip,16384,get-hit,quick_cache,1,8.330956
u64,sip,16384,get-hit,lru,1,9.220104
u64,sip,16384,get-hit,hashlink,1,8.830552
u64,sip,16384,get-hit,micro,1,7.978893
u64,sip,16384,get-hit,quick_cache,2,8.374635
u64,sip,16384,get-hit,lru,2,9.003957
u64,sip,16384,get-hit,hashlink,2,8.870664
u64,sip,16384,get-hit,micro,2,7.986688
u64,sip,16384,get-hit,baseline,2,7.843604
u64,sip,16384,get-hit,lru,3,8.013375
u64,sip,16384,get-hit,hashlink,3,8.311436
u64,sip,16384,get-hit,micro,3,7.724252
u64,sip,16384,get-hit,baseline,3,7.843083
u64,sip,16384,get-hit,quick_cache,3,8.361119
u64,sip,16384,get-hit,hashlink,4,8.803378
u64,sip,16384,get-hit,micro,4,8.251087
u64,sip,16384,get-hit,baseline,4,8.130190
u64,sip,16384,get-hit,quick_cache,4,8.430376
u64,sip,16384,get-hit,lru,4,8.955582
u64,sip,16384,get-hit,micro,5,7.985499
u64,sip,16384,get-hit,baseline,5,7.927701
u64,sip,16384,get-hit,quick_cache,5,8.389058
u64,sip,16384,get-hit,lru,5,8.931625
u64,sip,16384,get-hit,hashlink,5,8.783177
u64,sip,16384,get-hit,baseline,6,7.942497
u64,sip,16384,get-hit,quick_cache,6,8.452883
u64,sip,16384,get-hit,lru,6,8.956467
u64,sip,16384,get-hit,hashlink,6,8.782596
u64,sip,16384,get-hit,micro,6,7.944280
u64,sip,16384,get-hit,quick_cache,7,8.388710
u64,sip,16384,get-hit,lru,7,9.226708
u64,sip,16384,get-hit,hashlink,7,9.044125
u64,sip,16384,get-hit,micro,7,7.988538
u64,sip,16384,get-hit,baseline,7,8.048409
u64,sip,16384,get-hit,lru,8,9.065216
u64,sip,16384,get-hit,hashlink,8,8.742995
u64,sip,16384,get-hit,micro,8,7.946395
u64,sip,16384,get-hit,baseline,8,7.953726
u64,sip,16384,get-hit,quick_cache,8,8.391986
u64,sip,16384,get-miss,micro,0,5.320497
u64,sip,16384,get-miss,baseline,0,5.529593
u64,sip,16384,get-miss,quick_cache,0,5.480403
u64,sip,16384,get-miss,lru,0,5.649439
u64,sip,16384,get-miss,hashlink,0,5.293266
u64,sip,16384,get-miss,baseline,1,5.387156
u64,sip,16384,get-miss,quick_cache,1,5.596461
u64,sip,16384,get-miss,lru,1,5.654183
u64,sip,16384,get-miss,hashlink,1,5.288398
u64,sip,16384,get-miss,micro,1,5.309483
u64,sip,16384,get-miss,quick_cache,2,5.451929
u64,sip,16384,get-miss,lru,2,5.630540
u64,sip,16384,get-miss,hashlink,2,5.258935
u64,sip,16384,get-miss,micro,2,5.322178
u64,sip,16384,get-miss,baseline,2,5.356951
u64,sip,16384,get-miss,lru,3,5.593919
u64,sip,16384,get-miss,hashlink,3,5.263230
u64,sip,16384,get-miss,micro,3,5.313066
u64,sip,16384,get-miss,baseline,3,5.345265
u64,sip,16384,get-miss,quick_cache,3,5.457515
u64,sip,16384,get-miss,hashlink,4,5.291117
u64,sip,16384,get-miss,micro,4,5.470230
u64,sip,16384,get-miss,baseline,4,5.385504
u64,sip,16384,get-miss,quick_cache,4,5.485761
u64,sip,16384,get-miss,lru,4,5.607302
u64,sip,16384,get-miss,micro,5,5.318727
u64,sip,16384,get-miss,baseline,5,5.405842
u64,sip,16384,get-miss,quick_cache,5,5.571908
u64,sip,16384,get-miss,lru,5,5.633713
u64,sip,16384,get-miss,hashlink,5,5.336418
u64,sip,16384,get-miss,baseline,6,5.375645
u64,sip,16384,get-miss,quick_cache,6,5.463692
u64,sip,16384,get-miss,lru,6,5.630819
u64,sip,16384,get-miss,hashlink,6,5.278926
u64,sip,16384,get-miss,micro,6,5.252980
u64,sip,16384,get-miss,quick_cache,7,5.342965
u64,sip,16384,get-miss,lru,7,5.752802
u64,sip,16384,get-miss,hashlink,7,5.259674
u64,sip,16384,get-miss,micro,7,5.388183
u64,sip,16384,get-miss,baseline,7,5.407642
u64,sip,16384,get-miss,lru,8,5.624427
u64,sip,16384,get-miss,hashlink,8,5.283313
u64,sip,16384,get-miss,micro,8,5.309528
u64,sip,16384,get-miss,baseline,8,5.348360
u64,sip,16384,get-miss,quick_cache,8,5.472137
u64,sip,16384,update,micro,0,7.753331
u64,sip,16384,update,baseline,0,7.804388
u64,sip,16384,update,quick_cache,0,13.949308
u64,sip,16384,update,lru,0,8.346488
u64,sip,16384,update,hashlink,0,23.383432
u64,sip,16384,update,baseline,1,7.978960
u64,sip,16384,update,quick_cache,1,13.856109
u64,sip,16384,update,lru,1,8.344359
u64,sip,16384,update,hashlink,1,24.168551
u64,sip,16384,update,micro,1,7.268815
u64,sip,16384,update,quick_cache,2,12.265115
u64,sip,16384,update,lru,2,7.618468
u64,sip,16384,update,hashlink,2,22.002084
u64,sip,16384,update,micro,2,7.092355
u64,sip,16384,update,baseline,2,7.146673
u64,sip,16384,update,lru,3,7.693036
u64,sip,16384,update,hashlink,3,21.957397
u64,sip,16384,update,micro,3,7.155130
u64,sip,16384,update,baseline,3,7.193652
u64,sip,16384,update,quick_cache,3,12.441814
u64,sip,16384,update,hashlink,4,21.176215
u64,sip,16384,update,micro,4,7.660548
u64,sip,16384,update,baseline,4,7.027521
u64,sip,16384,update,quick_cache,4,12.824059
u64,sip,16384,update,lru,4,7.775544
u64,sip,16384,update,micro,5,7.177131
u64,sip,16384,update,baseline,5,7.310170
u64,sip,16384,update,quick_cache,5,12.588396
u64,sip,16384,update,lru,5,7.675807
u64,sip,16384,update,hashlink,5,22.076743
u64,sip,16384,update,baseline,6,7.189344
u64,sip,16384,update,quick_cache,6,12.490720
u64,sip,16384,update,lru,6,7.804837
u64,sip,16384,update,hashlink,6,21.973022
u64,sip,16384,update,micro,6,7.204182
u64,sip,16384,update,quick_cache,7,13.246577
u64,sip,16384,update,lru,7,7.755328
u64,sip,16384,update,hashlink,7,22.320884
u64,sip,16384,update,micro,7,7.211304
u64,sip,16384,update,baseline,7,7.226683
u64,sip,16384,update,lru,8,7.676442
u64,sip,16384,update,hashlink,8,21.903447
u64,sip,16384,update,micro,8,7.145254
u64,sip,16384,update,baseline,8,7.218305
u64,sip,16384,update,quick_cache,8,12.802973
u64,sip,16384,insert-cycle,micro,0,30.656940
u64,sip,16384,insert-cycle,baseline,0,31.206256
u64,sip,16384,insert-cycle,quick_cache,0,19.673508
u64,sip,16384,insert-cycle,lru,0,40.330254
u64,sip,16384,insert-cycle,hashlink,0,53.316335
u64,sip,16384,insert-cycle,baseline,1,31.293738
u64,sip,16384,insert-cycle,quick_cache,1,19.495487
u64,sip,16384,insert-cycle,lru,1,39.983437
u64,sip,16384,insert-cycle,hashlink,1,51.126480
u64,sip,16384,insert-cycle,micro,1,30.852509
u64,sip,16384,insert-cycle,quick_cache,2,19.346237
u64,sip,16384,insert-cycle,lru,2,39.528534
u64,sip,16384,insert-cycle,hashlink,2,50.947510
u64,sip,16384,insert-cycle,micro,2,30.596667
u64,sip,16384,insert-cycle,baseline,2,31.320190
u64,sip,16384,insert-cycle,lru,3,39.106689
u64,sip,16384,insert-cycle,hashlink,3,53.983480
u64,sip,16384,insert-cycle,micro,3,30.898285
u64,sip,16384,insert-cycle,baseline,3,31.497699
u64,sip,16384,insert-cycle,quick_cache,3,19.562878
u64,sip,16384,insert-cycle,hashlink,4,49.887344
u64,sip,16384,insert-cycle,micro,4,30.073593
u64,sip,16384,insert-cycle,baseline,4,31.422675
u64,sip,16384,insert-cycle,quick_cache,4,19.433815
u64,sip,16384,insert-cycle,lru,4,40.100098
u64,sip,16384,insert-cycle,micro,5,30.702716
u64,sip,16384,insert-cycle,baseline,5,31.461841
u64,sip,16384,insert-cycle,quick_cache,5,19.437950
u64,sip,16384,insert-cycle,lru,5,39.822899
u64,sip,16384,insert-cycle,hashlink,5,52.146057
u64,sip,16384,insert-cycle,baseline,6,30.946350
u64,sip,16384,insert-cycle,quick_cache,6,19.399803
u64,sip,16384,insert-cycle,lru,6,39.742470
u64,sip,16384,insert-cycle,hashlink,6,49.331985
u64,sip,16384,insert-cycle,micro,6,31.240332
u64,sip,16384,insert-cycle,quick_cache,7,19.500732
u64,sip,16384,insert-cycle,lru,7,39.585747
u64,sip,16384,insert-cycle,hashlink,7,49.217857
u64,sip,16384,insert-cycle,micro,7,30.977631
u64,sip,16384,insert-cycle,baseline,7,31.293488
u64,sip,16384,insert-cycle,lru,8,39.685562
u64,sip,16384,insert-cycle,hashlink,8,50.991058
u64,sip,16384,insert-cycle,micro,8,30.887097
u64,sip,16384,insert-cycle,baseline,8,31.410474
u64,sip,16384,insert-cycle,quick_cache,8,19.735813
u64,sip,16384,mixed-95,micro,0,23.530034
u64,sip,16384,mixed-95,baseline,0,21.586628
u64,sip,16384,mixed-95,quick_cache,0,11.605126
u64,sip,16384,mixed-95,lru,0,20.671928
u64,sip,16384,mixed-95,hashlink,0,14.766392
u64,sip,16384,mixed-95,baseline,1,23.028338
u64,sip,16384,mixed-95,quick_cache,1,11.754160
u64,sip,16384,mixed-95,lru,1,21.430007
u64,sip,16384,mixed-95,hashlink,1,15.871357
u64,sip,16384,mixed-95,micro,1,23.889395
u64,sip,16384,mixed-95,quick_cache,2,12.574383
u64,sip,16384,mixed-95,lru,2,23.089749
u64,sip,16384,mixed-95,hashlink,2,18.326254
u64,sip,16384,mixed-95,micro,2,25.057173
u64,sip,16384,mixed-95,baseline,2,24.713745
u64,sip,16384,mixed-95,lru,3,23.525531
u64,sip,16384,mixed-95,hashlink,3,17.186201
u64,sip,16384,mixed-95,micro,3,24.517412
u64,sip,16384,mixed-95,baseline,3,24.706421
u64,sip,16384,mixed-95,quick_cache,3,12.615593
u64,sip,16384,mixed-95,hashlink,4,16.995609
u64,sip,16384,mixed-95,micro,4,25.787354
u64,sip,16384,mixed-95,baseline,4,24.706016
u64,sip,16384,mixed-95,quick_cache,4,12.385659
u64,sip,16384,mixed-95,lru,4,22.789849
u64,sip,16384,mixed-95,micro,5,24.496660
u64,sip,16384,mixed-95,baseline,5,24.316054
u64,sip,16384,mixed-95,quick_cache,5,12.376201
u64,sip,16384,mixed-95,lru,5,23.656015
u64,sip,16384,mixed-95,hashlink,5,17.349243
u64,sip,16384,mixed-95,baseline,6,24.676108
u64,sip,16384,mixed-95,quick_cache,6,12.333779
u64,sip,16384,mixed-95,lru,6,23.533353
u64,sip,16384,mixed-95,hashlink,6,16.965025
u64,sip,16384,mixed-95,micro,6,25.312910
u64,sip,16384,mixed-95,quick_cache,7,12.946978
u64,sip,16384,mixed-95,lru,7,21.153417
u64,sip,16384,mixed-95,hashlink,7,17.680434
u64,sip,16384,mixed-95,micro,7,24.812822
u64,sip,16384,mixed-95,baseline,7,24.888101
u64,sip,16384,mixed-95,lru,8,23.766541
u64,sip,16384,mixed-95,hashlink,8,18.026166
u64,sip,16384,mixed-95,micro,8,24.772744
u64,sip,16384,mixed-95,baseline,8,24.368483
u64,sip,16384,mixed-95,quick_cache,8,12.426147
u64,sip,16384,load-hit,micro,0,24.820352
u64,sip,16384,load-hit,baseline,0,23.867878
u64,sip,16384,load-hit,quick_cache,0,13.042693
u64,sip,16384,load-hit,lru,0,8.673225
u64,sip,16384,load-hit,hashlink,0,8.467374
u64,sip,16384,load-hit,baseline,1,21.812176
u64,sip,16384,load-hit,quick_cache,1,13.139872
u64,sip,16384,load-hit,lru,1,8.590417
u64,sip,16384,load-hit,hashlink,1,8.492294
u64,sip,16384,load-hit,micro,1,22.064571
u64,sip,16384,load-hit,quick_cache,2,13.004166
u64,sip,16384,load-hit,lru,2,8.533054
u64,sip,16384,load-hit,hashlink,2,8.511790
u64,sip,16384,load-hit,micro,2,22.923973
u64,sip,16384,load-hit,baseline,2,25.048013
u64,sip,16384,load-hit,lru,3,8.249437
u64,sip,16384,load-hit,hashlink,3,7.652473
u64,sip,16384,load-hit,micro,3,21.881832
u64,sip,16384,load-hit,baseline,3,21.923972
u64,sip,16384,load-hit,quick_cache,3,11.973362
u64,sip,16384,load-hit,hashlink,4,7.755521
u64,sip,16384,load-hit,micro,4,22.192636
u64,sip,16384,load-hit,baseline,4,22.175559
u64,sip,16384,load-hit,quick_cache,4,12.080473
u64,sip,16384,load-hit,lru,4,7.943951
u64,sip,16384,load-hit,micro,5,22.280740
u64,sip,16384,load-hit,baseline,5,21.906350
u64,sip,16384,load-hit,quick_cache,5,12.170030
u64,sip,16384,load-hit,lru,5,7.924528
u64,sip,16384,load-hit,hashlink,5,8.159858
u64,sip,16384,load-hit,baseline,6,22.814525
u64,sip,16384,load-hit,quick_cache,6,12.538988
u64,sip,16384,load-hit,lru,6,7.734854
u64,sip,16384,load-hit,hashlink,6,7.818874
u64,sip,16384,load-hit,micro,6,22.628029
u64,sip,16384,load-hit,quick_cache,7,12.139912
u64,sip,16384,load-hit,lru,7,7.976582
u64,sip,16384,load-hit,hashlink,7,7.836562
u64,sip,16384,load-hit,micro,7,20.345052
u64,sip,16384,load-hit,baseline,7,22.242048
u64,sip,16384,load-hit,lru,8,7.959737
u64,sip,16384,load-hit,hashlink,8,7.963766
u64,sip,16384,load-hit,micro,8,23.279636
u64,sip,16384,load-hit,baseline,8,23.356875
u64,sip,16384,load-hit,quick_cache,8,12.303059
u64,sip,16384,load-cycle,micro,0,38.971268
u64,sip,16384,load-cycle,baseline,0,38.217545
u64,sip,16384,load-cycle,quick_cache,0,20.207565
u64,sip,16384,load-cycle,lru,0,40.243469
u64,sip,16384,load-cycle,hashlink,0,52.516093
u64,sip,16384,load-cycle,baseline,1,38.463593
u64,sip,16384,load-cycle,quick_cache,1,20.232040
u64,sip,16384,load-cycle,lru,1,39.434120
u64,sip,16384,load-cycle,hashlink,1,50.949514
u64,sip,16384,load-cycle,micro,1,37.597400
u64,sip,16384,load-cycle,quick_cache,2,20.239670
u64,sip,16384,load-cycle,lru,2,40.273033
u64,sip,16384,load-cycle,hashlink,2,52.736491
u64,sip,16384,load-cycle,micro,2,37.686920
u64,sip,16384,load-cycle,baseline,2,38.208008
u64,sip,16384,load-cycle,lru,3,39.473213
u64,sip,16384,load-cycle,hashlink,3,52.933167
u64,sip,16384,load-cycle,micro,3,37.770587
u64,sip,16384,load-cycle,baseline,3,37.843829
u64,sip,16384,load-cycle,quick_cache,3,19.891899
u64,sip,16384,load-cycle,hashlink,4,52.702586
u64,sip,16384,load-cycle,micro,4,37.561798
u64,sip,16384,load-cycle,baseline,4,37.868243
u64,sip,16384,load-cycle,quick_cache,4,20.524502
u64,sip,16384,load-cycle,lru,4,40.334381
u64,sip,16384,load-cycle,micro,5,37.817383
u64,sip,16384,load-cycle,baseline,5,37.781781
u64,sip,16384,load-cycle,quick_cache,5,20.188492
u64,sip,16384,load-cycle,lru,5,39.287567
u64,sip,16384,load-cycle,hashlink,5,50.967326
u64,sip,16384,load-cycle,baseline,6,38.487434
u64,sip,16384,load-cycle,quick_cache,6,20.053070
u64,sip,16384,load-cycle,lru,6,39.680161
u64,sip,16384,load-cycle,hashlink,6,52.106222
u64,sip,16384,load-cycle,micro,6,37.890112
u64,sip,16384,load-cycle,quick_cache,7,20.598568
u64,sip,16384,load-cycle,lru,7,40.691376
u64,sip,16384,load-cycle,hashlink,7,52.031199
u64,sip,16384,load-cycle,micro,7,37.495422
u64,sip,16384,load-cycle,baseline,7,41.762985
u64,sip,16384,load-cycle,lru,8,38.822815
u64,sip,16384,load-cycle,hashlink,8,53.181966
u64,sip,16384,load-cycle,micro,8,38.075513
u64,sip,16384,load-cycle,baseline,8,38.953140
u64,sip,16384,load-cycle,quick_cache,8,20.655792
u64,sip,16384,clear-refill,micro,0,122884.146341
u64,sip,16384,clear-refill,baseline,0,172108.333333
u64,sip,16384,clear-refill,quick_cache,0,238426.619048
u64,sip,16384,clear-refill,lru,0,670994.750000
u64,sip,16384,clear-refill,hashlink,0,425256.916667
u64,sip,16384,clear-refill,baseline,1,168544.433333
u64,sip,16384,clear-refill,quick_cache,1,228767.045455
u64,sip,16384,clear-refill,lru,1,645161.375000
u64,sip,16384,clear-refill,hashlink,1,419524.333333
u64,sip,16384,clear-refill,micro,1,122605.682927
u64,sip,16384,clear-refill,quick_cache,2,172472.689655
u64,sip,16384,clear-refill,lru,2,680395.750000
u64,sip,16384,clear-refill,hashlink,2,418618.000000
u64,sip,16384,clear-refill,micro,2,122033.536585
u64,sip,16384,clear-refill,baseline,2,173876.448276
u64,sip,16384,clear-refill,lru,3,645802.000000
u64,sip,16384,clear-refill,hashlink,3,422840.250000
u64,sip,16384,clear-refill,micro,3,126653.125000
u64,sip,16384,clear-refill,baseline,3,231505.681818
u64,sip,16384,clear-refill,quick_cache,3,242787.666667
u64,sip,16384,clear-refill,hashlink,4,424694.416667
u64,sip,16384,clear-refill,micro,4,122720.536585
u64,sip,16384,clear-refill,baseline,4,167633.333333
u64,sip,16384,clear-refill,quick_cache,4,207616.680000
u64,sip,16384,clear-refill,lru,4,646906.250000
u64,sip,16384,clear-refill,micro,5,122110.756098
u64,sip,16384,clear-refill,baseline,5,225048.913043
u64,sip,16384,clear-refill,quick_cache,5,236382.545455
u64,sip,16384,clear-refill,lru,5,653671.875000
u64,sip,16384,clear-refill,hashlink,5,420729.166667
u64,sip,16384,clear-refill,baseline,6,202515.000000
u64,sip,16384,clear-refill,quick_cache,6,220172.086957
u64,sip,16384,clear-refill,lru,6,677937.500000
u64,sip,16384,clear-refill,hashlink,6,435552.083333
u64,sip,16384,clear-refill,micro,6,121357.142857
u64,sip,16384,clear-refill,quick_cache,7,237789.772727
u64,sip,16384,clear-refill,lru,7,651625.000000
u64,sip,16384,clear-refill,hashlink,7,423336.750000
u64,sip,16384,clear-refill,micro,7,121436.500000
u64,sip,16384,clear-refill,baseline,7,166342.741935
u64,sip,16384,clear-refill,lru,8,646583.375000
u64,sip,16384,clear-refill,hashlink,8,431159.750000
u64,sip,16384,clear-refill,micro,8,121331.333333
u64,sip,16384,clear-refill,baseline,8,166520.161290
u64,sip,16384,clear-refill,quick_cache,8,239343.285714
u64,sip,16384,clear-empty,micro,0,0.376433
u64,sip,16384,clear-empty,baseline,0,319.367440
u64,sip,16384,clear-empty,quick_cache,0,1.756855
u64,sip,16384,clear-empty,lru,0,0.604698
u64,sip,16384,clear-empty,hashlink,0,0.601559
u64,sip,16384,clear-empty,baseline,1,319.433027
u64,sip,16384,clear-empty,quick_cache,1,1.755490
u64,sip,16384,clear-empty,lru,1,0.604982
u64,sip,16384,clear-empty,hashlink,1,0.604038
u64,sip,16384,clear-empty,micro,1,0.362556
u64,sip,16384,clear-empty,quick_cache,2,1.752354
u64,sip,16384,clear-empty,lru,2,0.607674
u64,sip,16384,clear-empty,hashlink,2,0.607693
u64,sip,16384,clear-empty,micro,2,0.371864
u64,sip,16384,clear-empty,baseline,2,319.123299
u64,sip,16384,clear-empty,lru,3,0.615983
u64,sip,16384,clear-empty,hashlink,3,0.611183
u64,sip,16384,clear-empty,micro,3,0.367924
u64,sip,16384,clear-empty,baseline,3,320.475218
u64,sip,16384,clear-empty,quick_cache,3,1.745239
u64,sip,16384,clear-empty,hashlink,4,0.603790
u64,sip,16384,clear-empty,micro,4,0.363998
u64,sip,16384,clear-empty,baseline,4,324.306801
u64,sip,16384,clear-empty,quick_cache,4,1.744996
u64,sip,16384,clear-empty,lru,4,0.605574
u64,sip,16384,clear-empty,micro,5,0.362118
u64,sip,16384,clear-empty,baseline,5,318.031250
u64,sip,16384,clear-empty,quick_cache,5,1.749616
u64,sip,16384,clear-empty,lru,5,0.599795
u64,sip,16384,clear-empty,hashlink,5,0.605166
u64,sip,16384,clear-empty,baseline,6,436.263021
u64,sip,16384,clear-empty,quick_cache,6,1.742335
u64,sip,16384,clear-empty,lru,6,0.615196
u64,sip,16384,clear-empty,hashlink,6,0.609628
u64,sip,16384,clear-empty,micro,6,0.364637
u64,sip,16384,clear-empty,quick_cache,7,1.749445
u64,sip,16384,clear-empty,lru,7,0.616235
u64,sip,16384,clear-empty,hashlink,7,0.601689
u64,sip,16384,clear-empty,micro,7,0.367616
u64,sip,16384,clear-empty,baseline,7,317.017956
u64,sip,16384,clear-empty,lru,8,0.600278
u64,sip,16384,clear-empty,hashlink,8,0.598656
u64,sip,16384,clear-empty,micro,8,0.366357
u64,sip,16384,clear-empty,baseline,8,318.162487
u64,sip,16384,clear-empty,quick_cache,8,1.776053
u64,sip,16384,iter-dense,micro,0,4953.288086
u64,sip,16384,iter-dense,baseline,0,4591.443750
u64,sip,16384,iter-dense,quick_cache,0,5174.731855
u64,sip,16384,iter-dense,lru,0,22328.870536
u64,sip,16384,iter-dense,hashlink,0,21081.378906
u64,sip,16384,iter-dense,baseline,1,4591.852679
u64,sip,16384,iter-dense,quick_cache,1,5224.522917
u64,sip,16384,iter-dense,lru,1,22009.765625
u64,sip,16384,iter-dense,hashlink,1,21050.292969
u64,sip,16384,iter-dense,micro,1,4769.491477
u64,sip,16384,iter-dense,quick_cache,2,5232.205208
u64,sip,16384,iter-dense,lru,2,22872.026786
u64,sip,16384,iter-dense,hashlink,2,21027.343750
u64,sip,16384,iter-dense,micro,2,4928.915039
u64,sip,16384,iter-dense,baseline,2,4687.078125
u64,sip,16384,iter-dense,lru,3,22069.175781
u64,sip,16384,iter-dense,hashlink,3,21037.437500
u64,sip,16384,iter-dense,micro,3,4805.949811
u64,sip,16384,iter-dense,baseline,3,4579.799107
u64,sip,16384,iter-dense,quick_cache,3,5296.744792
u64,sip,16384,iter-dense,hashlink,4,21259.765625
u64,sip,16384,iter-dense,micro,4,4897.379883
u64,sip,16384,iter-dense,baseline,4,4672.602941
u64,sip,16384,iter-dense,quick_cache,4,5284.244792
u64,sip,16384,iter-dense,lru,4,21819.984375
u64,sip,16384,iter-dense,micro,5,4810.409091
u64,sip,16384,iter-dense,baseline,5,4575.781250
u64,sip,16384,iter-dense,quick_cache,5,5368.229167
u64,sip,16384,iter-dense,lru,5,22187.500000
u64,sip,16384,iter-dense,hashlink,5,21451.824219
u64,sip,16384,iter-dense,baseline,6,4706.380515
u64,sip,16384,iter-dense,quick_cache,6,5228.341667
u64,sip,16384,iter-dense,lru,6,22177.246094
u64,sip,16384,iter-dense,hashlink,6,21392.253906
u64,sip,16384,iter-dense,micro,6,4805.871212
u64,sip,16384,iter-dense,quick_cache,7,5184.308468
u64,sip,16384,iter-dense,lru,7,22445.687500
u64,sip,16384,iter-dense,hashlink,7,21515.789062
u64,sip,16384,iter-dense,micro,7,4805.437500
u64,sip,16384,iter-dense,baseline,7,4591.481250
u64,sip,16384,iter-dense,lru,8,23725.821429
u64,sip,16384,iter-dense,hashlink,8,22608.446429
u64,sip,16384,iter-dense,micro,8,4808.830492
u64,sip,16384,iter-dense,baseline,8,4586.978571
u64,sip,16384,iter-dense,quick_cache,8,5212.066667
u64,sip,16384,iter-dense-for,micro,0,4531.696429
u64,sip,16384,iter-dense-for,baseline,0,4543.042857
u64,sip,16384,iter-dense-for,quick_cache,0,8123.242188
u64,sip,16384,iter-dense-for,lru,0,18630.062500
u64,sip,16384,iter-dense-for,hashlink,0,16526.171875
u64,sip,16384,iter-dense-for,baseline,1,4554.725000
u64,sip,16384,iter-dense-for,quick_cache,1,8110.807813
u64,sip,16384,iter-dense-for,lru,1,16831.900000
u64,sip,16384,iter-dense-for,hashlink,1,16643.228125
u64,sip,16384,iter-dense-for,micro,1,4687.155331
u64,sip,16384,iter-dense-for,quick_cache,2,8166.471875
u64,sip,16384,iter-dense-for,lru,2,17672.163194
u64,sip,16384,iter-dense-for,hashlink,2,18117.187500
u64,sip,16384,iter-dense-for,micro,2,4545.460714
u64,sip,16384,iter-dense-for,baseline,2,4527.306250
u64,sip,16384,iter-dense-for,lru,3,15150.329545
u64,sip,16384,iter-dense-for,hashlink,3,17446.326389
u64,sip,16384,iter-dense-for,micro,3,4556.957143
u64,sip,16384,iter-dense-for,baseline,3,4670.343750
u64,sip,16384,iter-dense-for,quick_cache,3,8105.925000
u64,sip,16384,iter-dense-for,hashlink,4,17428.243056
u64,sip,16384,iter-dense-for,micro,4,4633.655331
u64,sip,16384,iter-dense-for,baseline,4,4695.045037
u64,sip,16384,iter-dense-for,quick_cache,4,8367.050987
u64,sip,16384,iter-dense-for,lru,4,16327.993750
u64,sip,16384,iter-dense-for,micro,5,4656.977941
u64,sip,16384,iter-dense-for,baseline,5,4648.092831
u64,sip,16384,iter-dense-for,quick_cache,5,8134.439062
u64,sip,16384,iter-dense-for,lru,5,18473.378472
u64,sip,16384,iter-dense-for,hashlink,5,17476.708333
u64,sip,16384,iter-dense-for,baseline,6,4680.645221
u64,sip,16384,iter-dense-for,quick_cache,6,8141.928125
u64,sip,16384,iter-dense-for,lru,6,18327.256944
u64,sip,16384,iter-dense-for,hashlink,6,17698.059028
u64,sip,16384,iter-dense-for,micro,6,4671.300551
u64,sip,16384,iter-dense-for,quick_cache,7,8254.523026
u64,sip,16384,iter-dense-for,lru,7,19043.402778
u64,sip,16384,iter-dense-for,hashlink,7,18283.274306
u64,sip,16384,iter-dense-for,micro,7,4694.852941
u64,sip,16384,iter-dense-for,baseline,7,4678.960478
u64,sip,16384,iter-dense-for,lru,8,19093.458333
u64,sip,16384,iter-dense-for,hashlink,8,17585.795139
u64,sip,16384,iter-dense-for,micro,8,4644.492647
u64,sip,16384,iter-dense-for,baseline,8,4650.505515
u64,sip,16384,iter-dense-for,quick_cache,8,8151.301562
u64,sip,16384,iter-density-1pct,micro,0,258.363481
u64,sip,16384,iter-density-1pct,baseline,0,5187.710685
u64,sip,16384,iter-density-1pct,quick_cache,0,4924.519531
u64,sip,16384,iter-density-1pct,lru,0,184.127466
u64,sip,16384,iter-density-1pct,hashlink,0,180.796929
u64,sip,16384,iter-density-1pct,baseline,1,5283.289583
u64,sip,16384,iter-density-1pct,quick_cache,1,5194.052419
u64,sip,16384,iter-density-1pct,lru,1,184.757314
u64,sip,16384,iter-density-1pct,hashlink,1,186.767286
u64,sip,16384,iter-density-1pct,micro,1,256.175256
u64,sip,16384,iter-density-1pct,quick_cache,2,4683.555147
u64,sip,16384,iter-density-1pct,lru,2,173.321438
u64,sip,16384,iter-density-1pct,hashlink,2,173.609184
u64,sip,16384,iter-density-1pct,micro,2,244.920259
u64,sip,16384,iter-density-1pct,baseline,2,5013.387695
u64,sip,16384,iter-density-1pct,lru,3,177.772149
u64,sip,16384,iter-density-1pct,hashlink,3,177.084796
u64,sip,16384,iter-density-1pct,micro,3,247.245402
u64,sip,16384,iter-density-1pct,baseline,3,5037.516602
u64,sip,16384,iter-density-1pct,quick_cache,3,5004.272461
u64,sip,16384,iter-density-1pct,hashlink,4,188.605775
u64,sip,16384,iter-density-1pct,micro,4,249.484948
u64,sip,16384,iter-density-1pct,baseline,4,5050.571573
u64,sip,16384,iter-density-1pct,quick_cache,4,4948.080078
u64,sip,16384,iter-density-1pct,lru,4,178.142191
u64,sip,16384,iter-density-1pct,micro,5,237.849220
u64,sip,16384,iter-density-1pct,baseline,5,5105.174395
u64,sip,16384,iter-density-1pct,quick_cache,5,4836.687500
u64,sip,16384,iter-density-1pct,lru,5,179.437823
u64,sip,16384,iter-density-1pct,hashlink,5,178.572929
u64,sip,16384,iter-density-1pct,baseline,6,5153.099798
u64,sip,16384,iter-density-1pct,quick_cache,6,4964.314453
u64,sip,16384,iter-density-1pct,lru,6,179.175902
u64,sip,16384,iter-density-1pct,hashlink,6,181.795058
u64,sip,16384,iter-density-1pct,micro,6,259.700737
u64,sip,16384,iter-density-1pct,quick_cache,7,5025.796875
u64,sip,16384,iter-density-1pct,lru,7,178.957487
u64,sip,16384,iter-density-1pct,hashlink,7,180.279232
u64,sip,16384,iter-density-1pct,micro,7,246.693464
u64,sip,16384,iter-density-1pct,baseline,7,5149.949597
u64,sip,16384,iter-density-1pct,lru,8,178.948584
u64,sip,16384,iter-density-1pct,hashlink,8,177.892136
u64,sip,16384,iter-density-1pct,micro,8,245.238636
u64,sip,16384,iter-density-1pct,baseline,8,5140.793347
u64,sip,16384,iter-density-1pct,quick_cache,8,5012.654297
u64,sip,16384,iter-density-6pct,micro,0,4914.713867
u64,sip,16384,iter-density-6pct,baseline,0,4818.931818
u64,sip,16384,iter-density-6pct,quick_cache,0,4770.161932
u64,sip,16384,iter-density-6pct,lru,0,6026.592548
u64,sip,16384,iter-density-6pct,hashlink,0,5967.688657
u64,sip,16384,iter-density-6pct,baseline,1,4740.570076
u64,sip,16384,iter-density-6pct,quick_cache,1,4775.370265
u64,sip,16384,iter-density-6pct,lru,1,5772.786830
u64,sip,16384,iter-density-6pct,hashlink,1,5286.415625
u64,sip,16384,iter-density-6pct,micro,1,4900.918945
u64,sip,16384,iter-density-6pct,quick_cache,2,4776.830492
u64,sip,16384,iter-density-6pct,lru,2,5760.138393
u64,sip,16384,iter-density-6pct,hashlink,2,5302.300000
u64,sip,16384,iter-density-6pct,micro,2,4906.657227
u64,sip,16384,iter-density-6pct,baseline,2,4819.010417
u64,sip,16384,iter-density-6pct,lru,3,5743.907366
u64,sip,16384,iter-density-6pct,hashlink,3,5645.786830
u64,sip,16384,iter-density-6pct,micro,3,4999.836914
u64,sip,16384,iter-density-6pct,baseline,3,4741.201705
u64,sip,16384,iter-density-6pct,quick_cache,3,4636.068015
u64,sip,16384,iter-density-6pct,hashlink,4,5328.298958
u64,sip,16384,iter-density-6pct,micro,4,4907.104492
u64,sip,16384,iter-density-6pct,baseline,4,4817.353220
u64,sip,16384,iter-density-6pct,quick_cache,4,4670.534926
u64,sip,16384,iter-density-6pct,lru,4,5844.714120
u64,sip,16384,iter-density-6pct,micro,5,4912.190430
u64,sip,16384,iter-density-6pct,baseline,5,4822.363636
u64,sip,16384,iter-density-6pct,quick_cache,5,4651.922794
u64,sip,16384,iter-density-6pct,lru,5,5860.146991
u64,sip,16384,iter-density-6pct,hashlink,5,5388.469828
u64,sip,16384,iter-density-6pct,baseline,6,4807.528409
u64,sip,16384,iter-density-6pct,quick_cache,6,4990.844727
u64,sip,16384,iter-density-6pct,lru,6,4592.708929
u64,sip,16384,iter-density-6pct,hashlink,6,3879.477896
u64,sip,16384,iter-density-6pct,micro,6,4809.935606
u64,sip,16384,iter-density-6pct,quick_cache,7,4831.202652
u64,sip,16384,iter-density-6pct,lru,7,4660.884191
u64,sip,16384,iter-density-6pct,hashlink,7,4444.407986
u64,sip,16384,iter-density-6pct,micro,7,4908.325195
u64,sip,16384,iter-density-6pct,baseline,7,4751.932765
u64,sip,16384,iter-density-6pct,lru,8,5688.244420
u64,sip,16384,iter-density-6pct,hashlink,8,5475.170259
u64,sip,16384,iter-density-6pct,micro,8,4910.604492
u64,sip,16384,iter-density-6pct,baseline,8,4823.626894
u64,sip,16384,iter-density-6pct,quick_cache,8,4900.512695
u64,sip,16384,iter-density-quarter,micro,0,5079.049395
u64,sip,16384,iter-density-quarter,baseline,0,4284.277027
u64,sip,16384,iter-density-quarter,quick_cache,0,4844.933712
u64,sip,16384,iter-density-quarter,lru,0,7356.001420
u64,sip,16384,iter-density-quarter,hashlink,0,7237.157670
u64,sip,16384,iter-density-quarter,baseline,1,4176.774671
u64,sip,16384,iter-density-quarter,quick_cache,1,4926.879883
u64,sip,16384,iter-density-quarter,lru,1,7310.014205
u64,sip,16384,iter-density-quarter,hashlink,1,7207.386364
u64,sip,16384,iter-density-quarter,micro,1,4918.538086
u64,sip,16384,iter-density-quarter,quick_cache,2,4879.498106
u64,sip,16384,iter-density-quarter,lru,2,7752.913690
u64,sip,16384,iter-density-quarter,hashlink,2,7605.778274
u64,sip,16384,iter-density-quarter,micro,2,5237.327083
u64,sip,16384,iter-density-quarter,baseline,2,9202.742647
u64,sip,16384,iter-density-quarter,lru,3,7348.721591
u64,sip,16384,iter-density-quarter,hashlink,3,6782.768229
u64,sip,16384,iter-density-quarter,micro,3,4822.798295
u64,sip,16384,iter-density-quarter,baseline,3,4197.093750
u64,sip,16384,iter-density-quarter,quick_cache,3,4925.741211
u64,sip,16384,iter-density-quarter,hashlink,4,6643.772135
u64,sip,16384,iter-density-quarter,micro,4,4857.836174
u64,sip,16384,iter-density-quarter,baseline,4,4133.326480
u64,sip,16384,iter-density-quarter,quick_cache,4,4887.573242
u64,sip,16384,iter-density-quarter,lru,4,6795.063859
u64,sip,16384,iter-density-quarter,micro,5,4831.044508
u64,sip,16384,iter-density-quarter,baseline,5,4154.296875
u64,sip,16384,iter-density-quarter,quick_cache,5,4982.829102
u64,sip,16384,iter-density-quarter,lru,5,7031.589674
u64,sip,16384,iter-density-quarter,hashlink,5,6910.495924
u64,sip,16384,iter-density-quarter,baseline,6,4170.847039
u64,sip,16384,iter-density-quarter,quick_cache,6,4905.273438
u64,sip,16384,iter-density-quarter,lru,6,6837.580163
u64,sip,16384,iter-density-quarter,hashlink,6,6636.826823
u64,sip,16384,iter-density-quarter,micro,6,4889.445312
u64,sip,16384,iter-density-quarter,quick_cache,7,4878.275568
u64,sip,16384,iter-density-quarter,lru,7,6885.926630
u64,sip,16384,iter-density-quarter,hashlink,7,6595.865885
u64,sip,16384,iter-density-quarter,micro,7,4867.779356
u64,sip,16384,iter-density-quarter,baseline,7,4175.096217
u64,sip,16384,iter-density-quarter,lru,8,6946.445652
u64,sip,16384,iter-density-quarter,hashlink,8,6771.919271
u64,sip,16384,iter-density-quarter,micro,8,4914.103516
u64,sip,16384,iter-density-quarter,baseline,8,4253.941723
u64,sip,16384,iter-density-quarter,quick_cache,8,4958.618164
u64,sip,16384,iter-density-half,micro,0,4850.615530
u64,sip,16384,iter-density-half,baseline,0,4234.375000
u64,sip,16384,iter-density-half,quick_cache,0,4948.811523
u64,sip,16384,iter-density-half,lru,0,14001.953125
u64,sip,16384,iter-density-half,hashlink,0,14466.264205
u64,sip,16384,iter-density-half,baseline,1,4245.249155
u64,sip,16384,iter-density-half,quick_cache,1,5063.717742
u64,sip,16384,iter-density-half,lru,1,13895.833333
u64,sip,16384,iter-density-half,hashlink,1,14361.389205
u64,sip,16384,iter-density-half,micro,1,4838.975379
u64,sip,16384,iter-density-half,quick_cache,2,5026.448242
u64,sip,16384,iter-density-half,lru,2,14613.045455
u64,sip,16384,iter-density-half,hashlink,2,14436.551136
u64,sip,16384,iter-density-half,micro,2,4847.024621
u64,sip,16384,iter-density-half,baseline,2,4269.073480
u64,sip,16384,iter-density-half,lru,3,15189.159091
u64,sip,16384,iter-density-half,hashlink,3,14030.489583
u64,sip,16384,iter-density-half,micro,3,4815.104167
u64,sip,16384,iter-density-half,baseline,3,4281.320101
u64,sip,16384,iter-density-half,quick_cache,3,4904.134766
u64,sip,16384,iter-density-half,hashlink,4,15456.911932
u64,sip,16384,iter-density-half,micro,4,4898.844727
u64,sip,16384,iter-density-half,baseline,4,4310.071791
u64,sip,16384,iter-density-half,quick_cache,4,4945.515625
u64,sip,16384,iter-density-half,lru,4,15228.931818
u64,sip,16384,iter-density-half,micro,5,5041.456653
u64,sip,16384,iter-density-half,baseline,5,4353.659722
u64,sip,16384,iter-density-half,quick_cache,5,5163.095766
u64,sip,16384,iter-density-half,lru,5,16158.725000
u64,sip,16384,iter-density-half,hashlink,5,14169.270833
u64,sip,16384,iter-density-half,baseline,6,4316.089527
u64,sip,16384,iter-density-half,quick_cache,6,4927.734375
u64,sip,16384,iter-density-half,lru,6,16622.134375
u64,sip,16384,iter-density-half,hashlink,6,13698.458333
u64,sip,16384,iter-density-half,micro,6,4770.201705
u64,sip,16384,iter-density-half,quick_cache,7,4857.914773
u64,sip,16384,iter-density-half,lru,7,14436.434659
u64,sip,16384,iter-density-half,hashlink,7,13499.893229
u64,sip,16384,iter-density-half,micro,7,4872.277462
u64,sip,16384,iter-density-half,baseline,7,4266.891892
u64,sip,16384,iter-density-half,lru,8,15014.088068
u64,sip,16384,iter-density-half,hashlink,8,13259.549479
u64,sip,16384,iter-density-half,micro,8,4801.964962
u64,sip,16384,iter-density-half,baseline,8,4226.000000
u64,sip,16384,iter-density-half,quick_cache,8,4910.237305
u64,sip,16384,iter-front,micro,0,1.175095
u64,sip,16384,iter-front,baseline,0,4118.557566
u64,sip,16384,iter-front,quick_cache,0,4999.104492
u64,sip,16384,iter-front,lru,0,1.178338
u64,sip,16384,iter-front,hashlink,0,1.141069
u64,sip,16384,iter-front,baseline,1,4114.343750
u64,sip,16384,iter-front,quick_cache,1,5044.984879
u64,sip,16384,iter-front,lru,1,1.204537
u64,sip,16384,iter-front,hashlink,1,1.164593
u64,sip,16384,iter-front,micro,1,1.171711
u64,sip,16384,iter-front,quick_cache,2,5071.235887
u64,sip,16384,iter-front,lru,2,1.181787
u64,sip,16384,iter-front,hashlink,2,1.170622
u64,sip,16384,iter-front,micro,2,1.161848
u64,sip,16384,iter-front,baseline,2,4135.210526
u64,sip,16384,iter-front,lru,3,1.182145
u64,sip,16384,iter-front,hashlink,3,1.151649
u64,sip,16384,iter-front,micro,3,1.157562
u64,sip,16384,iter-front,baseline,3,4120.922697
u64,sip,16384,iter-front,quick_cache,3,5016.113281
u64,sip,16384,iter-front,hashlink,4,1.182163
u64,sip,16384,iter-front,micro,4,1.177432
u64,sip,16384,iter-front,baseline,4,4223.078547
u64,sip,16384,iter-front,quick_cache,4,5036.295898
u64,sip,16384,iter-front,lru,4,1.181895
u64,sip,16384,iter-front,micro,5,1.165297
u64,sip,16384,iter-front,baseline,5,4107.004006
u64,sip,16384,iter-front,quick_cache,5,5028.645508
u64,sip,16384,iter-front,lru,5,1.181546
u64,sip,16384,iter-front,hashlink,5,1.146579
u64,sip,16384,iter-front,baseline,6,4117.050164
u64,sip,16384,iter-front,quick_cache,6,5016.520508
u64,sip,16384,iter-front,lru,6,1.177211
u64,sip,16384,iter-front,hashlink,6,1.181073
u64,sip,16384,iter-front,micro,6,1.166210
u64,sip,16384,iter-front,quick_cache,7,5084.929435
u64,sip,16384,iter-front,lru,7,1.197171
u64,sip,16384,iter-front,hashlink,7,1.162090
u64,sip,16384,iter-front,micro,7,1.164142
u64,sip,16384,iter-front,baseline,7,4125.513980
u64,sip,16384,iter-front,lru,8,1.236732
u64,sip,16384,iter-front,hashlink,8,1.175139
u64,sip,16384,iter-front,micro,8,1.170272
u64,sip,16384,iter-front,baseline,8,4172.423520
u64,sip,16384,iter-front,quick_cache,8,5010.049805
u64,sip,16384,iter-back,micro,0,1.169378
u64,sip,16384,iter-back,baseline,0,4141.824013
u64,sip,16384,iter-back,quick_cache,0,4979.330078
u64,sip,16384,iter-back,lru,0,1.183255
u64,sip,16384,iter-back,hashlink,0,1.178507
u64,sip,16384,iter-back,baseline,1,4208.504934
u64,sip,16384,iter-back,quick_cache,1,5099.965726
u64,sip,16384,iter-back,lru,1,1.185715
u64,sip,16384,iter-back,hashlink,1,1.167195
u64,sip,16384,iter-back,micro,1,1.169650
u64,sip,16384,iter-back,quick_cache,2,5028.483398
u64,sip,16384,iter-back,lru,2,1.187057
u64,sip,16384,iter-back,hashlink,2,1.162670
u64,sip,16384,iter-back,micro,2,1.163301
u64,sip,16384,iter-back,baseline,2,4126.062500
u64,sip,16384,iter-back,lru,3,1.188123
u64,sip,16384,iter-back,hashlink,3,1.175731
u64,sip,16384,iter-back,micro,3,1.126914
u64,sip,16384,iter-back,baseline,3,4066.873397
u64,sip,16384,iter-back,quick_cache,3,4841.145833
u64,sip,16384,iter-back,hashlink,4,1.166672
u64,sip,16384,iter-back,micro,4,1.156816
u64,sip,16384,iter-back,baseline,4,4142.440789
u64,sip,16384,iter-back,quick_cache,4,4899.007812
u64,sip,16384,iter-back,lru,4,1.191929
u64,sip,16384,iter-back,micro,5,1.138475
u64,sip,16384,iter-back,baseline,5,4124.348684
u64,sip,16384,iter-back,quick_cache,5,4912.393555
u64,sip,16384,iter-back,lru,5,1.186372
u64,sip,16384,iter-back,hashlink,5,1.189597
u64,sip,16384,iter-back,baseline,6,4122.532895
u64,sip,16384,iter-back,quick_cache,6,4990.274414
u64,sip,16384,iter-back,lru,6,1.186363
u64,sip,16384,iter-back,hashlink,6,1.162332
u64,sip,16384,iter-back,micro,6,1.157836
u64,sip,16384,iter-back,quick_cache,7,5183.341734
u64,sip,16384,iter-back,lru,7,1.191875
u64,sip,16384,iter-back,hashlink,7,1.190621
u64,sip,16384,iter-back,micro,7,1.142563
u64,sip,16384,iter-back,baseline,7,4144.393914
u64,sip,16384,iter-back,lru,8,1.183058
u64,sip,16384,iter-back,hashlink,8,1.185607
u64,sip,16384,iter-back,micro,8,1.146158
u64,sip,16384,iter-back,baseline,8,4126.884046
u64,sip,16384,iter-back,quick_cache,8,5083.248992
u64,sip,16384,iter-empty,micro,0,0.804264
u64,sip,16384,iter-empty,baseline,0,4079.259615
u64,sip,16384,iter-empty,quick_cache,0,5118.488911
u64,sip,16384,iter-empty,lru,0,1.001493
u64,sip,16384,iter-empty,hashlink,0,1.015699
u64,sip,16384,iter-empty,baseline,1,4147.683388
u64,sip,16384,iter-empty,quick_cache,1,5076.486895
u64,sip,16384,iter-empty,lru,1,0.984457
u64,sip,16384,iter-empty,hashlink,1,0.999456
u64,sip,16384,iter-empty,micro,1,0.807214
u64,sip,16384,iter-empty,quick_cache,2,5064.684476
u64,sip,16384,iter-empty,lru,2,0.989901
u64,sip,16384,iter-empty,hashlink,2,1.018300
u64,sip,16384,iter-empty,micro,2,0.793937
u64,sip,16384,iter-empty,baseline,2,4081.596955
u64,sip,16384,iter-empty,lru,3,0.982643
u64,sip,16384,iter-empty,hashlink,3,0.979642
u64,sip,16384,iter-empty,micro,3,0.810518
u64,sip,16384,iter-empty,baseline,3,4104.934295
u64,sip,16384,iter-empty,quick_cache,3,4918.539062
u64,sip,16384,iter-empty,hashlink,4,0.996486
u64,sip,16384,iter-empty,micro,4,0.780930
u64,sip,16384,iter-empty,baseline,4,4065.805288
u64,sip,16384,iter-empty,quick_cache,4,4939.290039
u64,sip,16384,iter-empty,lru,4,0.981285
u64,sip,16384,iter-empty,micro,5,0.787975
u64,sip,16384,iter-empty,baseline,5,4128.735197
u64,sip,16384,iter-empty,quick_cache,5,5090.558468
u64,sip,16384,iter-empty,lru,5,0.978232
u64,sip,16384,iter-empty,hashlink,5,0.989131
u64,sip,16384,iter-empty,baseline,6,4115.509046
u64,sip,16384,iter-empty,quick_cache,6,5107.653226
u64,sip,16384,iter-empty,lru,6,0.994260
u64,sip,16384,iter-empty,hashlink,6,1.006519
u64,sip,16384,iter-empty,micro,6,0.778529
u64,sip,16384,iter-empty,quick_cache,7,5124.580645
u64,sip,16384,iter-empty,lru,7,0.983589
u64,sip,16384,iter-empty,hashlink,7,0.986869
u64,sip,16384,iter-empty,micro,7,0.795497
u64,sip,16384,iter-empty,baseline,7,4118.523849
u64,sip,16384,iter-empty,lru,8,0.982488
u64,sip,16384,iter-empty,hashlink,8,0.991296
u64,sip,16384,iter-empty,micro,8,0.787646
u64,sip,16384,iter-empty,baseline,8,4122.567434
u64,sip,16384,iter-empty,quick_cache,8,5075.814516
u64,sip,16384,iter-count,micro,0,0.399991
u64,sip,16384,iter-count,baseline,0,4198.828125
u64,sip,16384,iter-count,quick_cache,0,8136.339844
u64,sip,16384,iter-count,lru,0,0.396969
u64,sip,16384,iter-count,hashlink,0,0.400773
u64,sip,16384,iter-count,baseline,1,4126.595312
u64,sip,16384,iter-count,quick_cache,1,8033.800781
u64,sip,16384,iter-count,lru,1,0.397082
u64,sip,16384,iter-count,hashlink,1,0.397372
u64,sip,16384,iter-count,micro,1,0.398101
u64,sip,16384,iter-count,quick_cache,2,8000.760417
u64,sip,16384,iter-count,lru,2,0.397850
u64,sip,16384,iter-count,hashlink,2,0.398064
u64,sip,16384,iter-count,micro,2,0.402159
u64,sip,16384,iter-count,baseline,2,4203.482813
u64,sip,16384,iter-count,lru,3,0.402137
u64,sip,16384,iter-count,hashlink,3,0.397526
u64,sip,16384,iter-count,micro,3,0.400488
u64,sip,16384,iter-count,baseline,3,4157.617188
u64,sip,16384,iter-count,quick_cache,3,8005.859375
u64,sip,16384,iter-count,hashlink,4,0.399481
u64,sip,16384,iter-count,micro,4,0.397667
u64,sip,16384,iter-count,baseline,4,4140.103906
u64,sip,16384,iter-count,quick_cache,4,7983.398438
u64,sip,16384,iter-count,lru,4,0.591167
u64,sip,16384,iter-count,micro,5,0.732501
u64,sip,16384,iter-count,baseline,5,7411.295573
u64,sip,16384,iter-count,quick_cache,5,8678.006510
u64,sip,16384,iter-count,lru,5,0.391157
u64,sip,16384,iter-count,hashlink,5,0.398674
u64,sip,16384,iter-count,baseline,6,4021.549219
u64,sip,16384,iter-count,quick_cache,6,7765.570312
u64,sip,16384,iter-count,lru,6,0.393834
u64,sip,16384,iter-count,hashlink,6,0.394232
u64,sip,16384,iter-count,micro,6,0.398638
u64,sip,16384,iter-count,quick_cache,7,7789.985677
u64,sip,16384,iter-count,lru,7,0.387502
u64,sip,16384,iter-count,hashlink,7,0.389608
u64,sip,16384,iter-count,micro,7,0.404165
u64,sip,16384,iter-count,baseline,7,4215.364844
u64,sip,16384,iter-count,lru,8,0.401919
u64,sip,16384,iter-count,hashlink,8,0.399260
u64,sip,16384,iter-count,micro,8,0.399198
u64,sip,16384,iter-count,baseline,8,4158.007812
u64,sip,16384,iter-count,quick_cache,8,8024.467448
u64,ahash,128,get-hit,micro,0,2.110010
u64,ahash,128,get-hit,baseline,0,2.111063
u64,ahash,128,get-hit,quick_cache,0,2.240322
u64,ahash,128,get-hit,lru,0,3.708718
u64,ahash,128,get-hit,hashlink,0,3.496035
u64,ahash,128,get-hit,baseline,1,2.108677
u64,ahash,128,get-hit,quick_cache,1,2.239148
u64,ahash,128,get-hit,lru,1,3.760683
u64,ahash,128,get-hit,hashlink,1,3.583704
u64,ahash,128,get-hit,micro,1,2.156881
u64,ahash,128,get-hit,quick_cache,2,2.248110
u64,ahash,128,get-hit,lru,2,3.706129
u64,ahash,128,get-hit,hashlink,2,3.520659
u64,ahash,128,get-hit,micro,2,2.119806
u64,ahash,128,get-hit,baseline,2,2.116449
u64,ahash,128,get-hit,lru,3,3.698817
u64,ahash,128,get-hit,hashlink,3,3.508031
u64,ahash,128,get-hit,micro,3,2.113897
u64,ahash,128,get-hit,baseline,3,2.112207
u64,ahash,128,get-hit,quick_cache,3,2.245510
u64,ahash,128,get-hit,hashlink,4,3.507690
u64,ahash,128,get-hit,micro,4,2.132278
u64,ahash,128,get-hit,baseline,4,2.144886
u64,ahash,128,get-hit,quick_cache,4,2.239055
u64,ahash,128,get-hit,lru,4,3.740481
u64,ahash,128,get-hit,micro,5,2.162021
u64,ahash,128,get-hit,baseline,5,2.130081
u64,ahash,128,get-hit,quick_cache,5,2.245305
u64,ahash,128,get-hit,lru,5,3.694037
u64,ahash,128,get-hit,hashlink,5,3.532895
u64,ahash,128,get-hit,baseline,6,2.105573
u64,ahash,128,get-hit,quick_cache,6,2.240433
u64,ahash,128,get-hit,lru,6,3.707022
u64,ahash,128,get-hit,hashlink,6,3.547507
u64,ahash,128,get-hit,micro,6,2.144814
u64,ahash,128,get-hit,quick_cache,7,2.240117
u64,ahash,128,get-hit,lru,7,3.725223
u64,ahash,128,get-hit,hashlink,7,3.513117
u64,ahash,128,get-hit,micro,7,2.107239
u64,ahash,128,get-hit,baseline,7,2.135626
u64,ahash,128,get-hit,lru,8,3.745705
u64,ahash,128,get-hit,hashlink,8,3.585280
u64,ahash,128,get-hit,micro,8,2.118437
u64,ahash,128,get-hit,baseline,8,2.110624
u64,ahash,128,get-hit,quick_cache,8,2.227616
u64,ahash,128,get-miss,micro,0,1.634785
u64,ahash,128,get-miss,baseline,0,1.591166
u64,ahash,128,get-miss,quick_cache,0,1.653338
u64,ahash,128,get-miss,lru,0,2.150773
u64,ahash,128,get-miss,hashlink,0,1.557370
u64,ahash,128,get-miss,baseline,1,1.586108
u64,ahash,128,get-miss,quick_cache,1,1.648402
u64,ahash,128,get-miss,lru,1,2.138774
u64,ahash,128,get-miss,hashlink,1,1.552627
u64,ahash,128,get-miss,micro,1,1.624425
u64,ahash,128,get-miss,quick_cache,2,1.665495
u64,ahash,128,get-miss,lru,2,2.161356
u64,ahash,128,get-miss,hashlink,2,1.594524
u64,ahash,128,get-miss,micro,2,1.639808
u64,ahash,128,get-miss,baseline,2,1.598059
u64,ahash,128,get-miss,lru,3,2.132739
u64,ahash,128,get-miss,hashlink,3,1.554520
u64,ahash,128,get-miss,micro,3,1.634621
u64,ahash,128,get-miss,baseline,3,1.588975
u64,ahash,128,get-miss,quick_cache,3,1.643410
u64,ahash,128,get-miss,hashlink,4,1.556707
u64,ahash,128,get-miss,micro,4,1.631646
u64,ahash,128,get-miss,baseline,4,1.582513
u64,ahash,128,get-miss,quick_cache,4,1.643765
u64,ahash,128,get-miss,lru,4,2.139236
u64,ahash,128,get-miss,micro,5,1.624263
u64,ahash,128,get-miss,baseline,5,1.594842
u64,ahash,128,get-miss,quick_cache,5,1.675722
u64,ahash,128,get-miss,lru,5,2.184641
u64,ahash,128,get-miss,hashlink,5,1.567834
u64,ahash,128,get-miss,baseline,6,1.597259
u64,ahash,128,get-miss,quick_cache,6,1.740676
u64,ahash,128,get-miss,lru,6,2.148080
u64,ahash,128,get-miss,hashlink,6,1.561990
u64,ahash,128,get-miss,micro,6,1.627455
u64,ahash,128,get-miss,quick_cache,7,1.644558
u64,ahash,128,get-miss,lru,7,2.133874
u64,ahash,128,get-miss,hashlink,7,1.557538
u64,ahash,128,get-miss,micro,7,1.616786
u64,ahash,128,get-miss,baseline,7,1.597233
u64,ahash,128,get-miss,lru,8,2.135377
u64,ahash,128,get-miss,hashlink,8,1.553808
u64,ahash,128,get-miss,micro,8,1.624871
u64,ahash,128,get-miss,baseline,8,1.619860
u64,ahash,128,get-miss,quick_cache,8,1.674147
u64,ahash,128,update,micro,0,2.095018
u64,ahash,128,update,baseline,0,2.106327
u64,ahash,128,update,quick_cache,0,3.479235
u64,ahash,128,update,lru,0,3.428397
u64,ahash,128,update,hashlink,0,3.961379
u64,ahash,128,update,baseline,1,2.062153
u64,ahash,128,update,quick_cache,1,3.445371
u64,ahash,128,update,lru,1,3.433399
u64,ahash,128,update,hashlink,1,3.958097
u64,ahash,128,update,micro,1,2.065744
u64,ahash,128,update,quick_cache,2,3.449521
u64,ahash,128,update,lru,2,3.434485
u64,ahash,128,update,hashlink,2,4.008507
u64,ahash,128,update,micro,2,2.099054
u64,ahash,128,update,baseline,2,2.082185
u64,ahash,128,update,lru,3,3.501064
u64,ahash,128,update,hashlink,3,4.057087
u64,ahash,128,update,micro,3,2.058378
u64,ahash,128,update,baseline,3,2.077513
u64,ahash,128,update,quick_cache,3,3.456302
u64,ahash,128,update,hashlink,4,3.963117
u64,ahash,128,update,micro,4,2.073782
u64,ahash,128,update,baseline,4,2.053570
u64,ahash,128,update,quick_cache,4,3.449923
u64,ahash,128,update,lru,4,3.428510
u64,ahash,128,update,micro,5,2.091308
u64,ahash,128,update,baseline,5,2.063665
u64,ahash,128,update,quick_cache,5,3.452337
u64,ahash,128,update,lru,5,3.444572
u64,ahash,128,update,hashlink,5,3.972239
u64,ahash,128,update,baseline,6,2.108151
u64,ahash,128,update,quick_cache,6,3.516244
u64,ahash,128,update,lru,6,3.515718
u64,ahash,128,update,hashlink,6,3.993514
u64,ahash,128,update,micro,6,2.139218
u64,ahash,128,update,quick_cache,7,3.484870
u64,ahash,128,update,lru,7,3.451992
u64,ahash,128,update,hashlink,7,3.969201
u64,ahash,128,update,micro,7,2.125546
u64,ahash,128,update,baseline,7,2.064181
u64,ahash,128,update,lru,8,3.437486
u64,ahash,128,update,hashlink,8,4.005083
u64,ahash,128,update,micro,8,2.065143
u64,ahash,128,update,baseline,8,2.082929
u64,ahash,128,update,quick_cache,8,3.467193
u64,ahash,128,insert-cycle,micro,0,10.664271
u64,ahash,128,insert-cycle,baseline,0,10.751056
u64,ahash,128,insert-cycle,quick_cache,0,8.191319
u64,ahash,128,insert-cycle,lru,0,17.976415
u64,ahash,128,insert-cycle,hashlink,0,16.845703
u64,ahash,128,insert-cycle,baseline,1,10.575549
u64,ahash,128,insert-cycle,quick_cache,1,8.165022
u64,ahash,128,insert-cycle,lru,1,17.261808
u64,ahash,128,insert-cycle,hashlink,1,16.667945
u64,ahash,128,insert-cycle,micro,1,10.532661
u64,ahash,128,insert-cycle,quick_cache,2,8.138293
u64,ahash,128,insert-cycle,lru,2,17.540868
u64,ahash,128,insert-cycle,hashlink,2,16.670165
u64,ahash,128,insert-cycle,micro,2,10.533364
u64,ahash,128,insert-cycle,baseline,2,10.663651
u64,ahash,128,insert-cycle,lru,3,17.408109
u64,ahash,128,insert-cycle,hashlink,3,16.638163
u64,ahash,128,insert-cycle,micro,3,10.582514
u64,ahash,128,insert-cycle,baseline,3,10.739325
u64,ahash,128,insert-cycle,quick_cache,3,8.263120
u64,ahash,128,insert-cycle,hashlink,4,17.087708
u64,ahash,128,insert-cycle,micro,4,10.515829
u64,ahash,128,insert-cycle,baseline,4,10.554719
u64,ahash,128,insert-cycle,quick_cache,4,8.115638
u64,ahash,128,insert-cycle,lru,4,17.804833
u64,ahash,128,insert-cycle,micro,5,10.502159
u64,ahash,128,insert-cycle,baseline,5,10.585423
u64,ahash,128,insert-cycle,quick_cache,5,8.118673
u64,ahash,128,insert-cycle,lru,5,17.442829
u64,ahash,128,insert-cycle,hashlink,5,16.909484
u64,ahash,128,insert-cycle,baseline,6,10.581545
u64,ahash,128,insert-cycle,quick_cache,6,8.156710
u64,ahash,128,insert-cycle,lru,6,17.237678
u64,ahash,128,insert-cycle,hashlink,6,16.628574
u64,ahash,128,insert-cycle,micro,6,10.595843
u64,ahash,128,insert-cycle,quick_cache,7,8.222827
u64,ahash,128,insert-cycle,lru,7,18.233872
u64,ahash,128,insert-cycle,hashlink,7,16.768234
u64,ahash,128,insert-cycle,micro,7,10.450368
u64,ahash,128,insert-cycle,baseline,7,10.519563
u64,ahash,128,insert-cycle,lru,8,17.655756
u64,ahash,128,insert-cycle,hashlink,8,16.700611
u64,ahash,128,insert-cycle,micro,8,10.446781
u64,ahash,128,insert-cycle,baseline,8,10.532836
u64,ahash,128,insert-cycle,quick_cache,8,8.083946
u64,ahash,128,mixed-95,micro,0,2.713917
u64,ahash,128,mixed-95,baseline,0,2.662349
u64,ahash,128,mixed-95,quick_cache,0,4.017479
u64,ahash,128,mixed-95,lru,0,3.303679
u64,ahash,128,mixed-95,hashlink,0,3.158988
u64,ahash,128,mixed-95,baseline,1,2.679078
u64,ahash,128,mixed-95,quick_cache,1,3.914695
u64,ahash,128,mixed-95,lru,1,3.280096
u64,ahash,128,mixed-95,hashlink,1,3.103731
u64,ahash,128,mixed-95,micro,1,2.711496
u64,ahash,128,mixed-95,quick_cache,2,3.819975
u64,ahash,128,mixed-95,lru,2,3.200778
u64,ahash,128,mixed-95,hashlink,2,3.123822
u64,ahash,128,mixed-95,micro,2,2.638937
u64,ahash,128,mixed-95,baseline,2,2.675041
u64,ahash,128,mixed-95,lru,3,3.198833
u64,ahash,128,mixed-95,hashlink,3,3.131625
u64,ahash,128,mixed-95,micro,3,2.671776
u64,ahash,128,mixed-95,baseline,3,2.661398
u64,ahash,128,mixed-95,quick_cache,3,3.912771
u64,ahash,128,mixed-95,hashlink,4,3.144119
u64,ahash,128,mixed-95,micro,4,2.661221
u64,ahash,128,mixed-95,baseline,4,2.666934
u64,ahash,128,mixed-95,quick_cache,4,3.991619
u64,ahash,128,mixed-95,lru,4,3.237070
u64,ahash,128,mixed-95,micro,5,2.697400
u64,ahash,128,mixed-95,baseline,5,2.646398
u64,ahash,128,mixed-95,quick_cache,5,3.917727
u64,ahash,128,mixed-95,lru,5,3.211030
u64,ahash,128,mixed-95,hashlink,5,3.192795
u64,ahash,128,mixed-95,baseline,6,2.635627
u64,ahash,128,mixed-95,quick_cache,6,3.922976
u64,ahash,128,mixed-95,lru,6,3.194571
u64,ahash,128,mixed-95,hashlink,6,3.111321
u64,ahash,128,mixed-95,micro,6,2.687622
u64,ahash,128,mixed-95,quick_cache,7,4.150700
u64,ahash,128,mixed-95,lru,7,3.491502
u64,ahash,128,mixed-95,hashlink,7,3.948505
u64,ahash,128,mixed-95,micro,7,2.781284
u64,ahash,128,mixed-95,baseline,7,2.784868
u64,ahash,128,mixed-95,lru,8,3.326803
u64,ahash,128,mixed-95,hashlink,8,3.281734
u64,ahash,128,mixed-95,micro,8,2.734525
u64,ahash,128,mixed-95,baseline,8,2.711699
u64,ahash,128,mixed-95,quick_cache,8,3.880529
u64,ahash,128,load-hit,micro,0,2.446472
u64,ahash,128,load-hit,baseline,0,2.449483
u64,ahash,128,load-hit,quick_cache,0,3.328821
u64,ahash,128,load-hit,lru,0,3.541685
u64,ahash,128,load-hit,hashlink,0,3.513760
u64,ahash,128,load-hit,baseline,1,2.448466
u64,ahash,128,load-hit,quick_cache,1,3.334654
u64,ahash,128,load-hit,lru,1,3.549886
u64,ahash,128,load-hit,hashlink,1,3.518613
u64,ahash,128,load-hit,micro,1,2.443522
u64,ahash,128,load-hit,quick_cache,2,3.367273
u64,ahash,128,load-hit,lru,2,3.599518
u64,ahash,128,load-hit,hashlink,2,3.589117
u64,ahash,128,load-hit,micro,2,2.458646
u64,ahash,128,load-hit,baseline,2,2.459096
u64,ahash,128,load-hit,lru,3,3.547330
u64,ahash,128,load-hit,hashlink,3,3.513000
u64,ahash,128,load-hit,micro,3,2.463782
u64,ahash,128,load-hit,baseline,3,2.456624
u64,ahash,128,load-hit,quick_cache,3,3.337478
u64,ahash,128,load-hit,hashlink,4,3.525628
u64,ahash,128,load-hit,micro,4,2.456788
u64,ahash,128,load-hit,baseline,4,2.456073
u64,ahash,128,load-hit,quick_cache,4,3.345399
u64,ahash,128,load-hit,lru,4,3.550773
u64,ahash,128,load-hit,micro,5,2.446533
u64,ahash,128,load-hit,baseline,5,2.475465
u64,ahash,128,load-hit,quick_cache,5,3.395928
u64,ahash,128,load-hit,lru,5,3.619252
u64,ahash,128,load-hit,hashlink,5,3.528044
u64,ahash,128,load-hit,baseline,6,2.464499
u64,ahash,128,load-hit,quick_cache,6,3.362187
u64,ahash,128,load-hit,lru,6,3.551513
u64,ahash,128,load-hit,hashlink,6,3.507720
u64,ahash,128,load-hit,micro,6,2.459259
u64,ahash,128,load-hit,quick_cache,7,3.326776
u64,ahash,128,load-hit,lru,7,3.542626
u64,ahash,128,load-hit,hashlink,7,3.507855
u64,ahash,128,load-hit,micro,7,2.458401
u64,ahash,128,load-hit,baseline,7,2.451151
u64,ahash,128,load-hit,lru,8,3.542685
u64,ahash,128,load-hit,hashlink,8,3.518934
u64,ahash,128,load-hit,micro,8,2.450562
u64,ahash,128,load-hit,baseline,8,2.488423
u64,ahash,128,load-hit,quick_cache,8,3.422742
u64,ahash,128,load-cycle,micro,0,10.765055
u64,ahash,128,load-cycle,baseline,0,10.609044
u64,ahash,128,load-cycle,quick_cache,0,8.582465
u64,ahash,128,load-cycle,lru,0,16.961555
u64,ahash,128,load-cycle,hashlink,0,19.037899
u64,ahash,128,load-cycle,baseline,1,10.819962
u64,ahash,128,load-cycle,quick_cache,1,8.698333
u64,ahash,128,load-cycle,lru,1,17.039897
u64,ahash,128,load-cycle,hashlink,1,18.880680
u64,ahash,128,load-cycle,micro,1,10.786944
u64,ahash,128,load-cycle,quick_cache,2,8.500654
u64,ahash,128,load-cycle,lru,2,16.356400
u64,ahash,128,load-cycle,hashlink,2,19.007189
u64,ahash,128,load-cycle,micro,2,10.904221
u64,ahash,128,load-cycle,baseline,2,10.737002
u64,ahash,128,load-cycle,lru,3,16.980676
u64,ahash,128,load-cycle,hashlink,3,19.291689
u64,ahash,128,load-cycle,micro,3,10.729853
u64,ahash,128,load-cycle,baseline,3,10.705088
u64,ahash,128,load-cycle,quick_cache,3,8.704709
u64,ahash,128,load-cycle,hashlink,4,18.893273
u64,ahash,128,load-cycle,micro,4,10.529677
u64,ahash,128,load-cycle,baseline,4,10.664451
u64,ahash,128,load-cycle,quick_cache,4,8.488865
u64,ahash,128,load-cycle,lru,4,16.830773
u64,ahash,128,load-cycle,micro,5,10.697621
u64,ahash,128,load-cycle,baseline,5,10.506185
u64,ahash,128,load-cycle,quick_cache,5,8.415576
u64,ahash,128,load-cycle,lru,5,16.902445
u64,ahash,128,load-cycle,hashlink,5,18.988239
u64,ahash,128,load-cycle,baseline,6,10.611520
u64,ahash,128,load-cycle,quick_cache,6,8.680170
u64,ahash,128,load-cycle,lru,6,16.958872
u64,ahash,128,load-cycle,hashlink,6,19.252232
u64,ahash,128,load-cycle,micro,6,10.726099
u64,ahash,128,load-cycle,quick_cache,7,8.430385
u64,ahash,128,load-cycle,lru,7,16.543405
u64,ahash,128,load-cycle,hashlink,7,18.907623
u64,ahash,128,load-cycle,micro,7,10.730479
u64,ahash,128,load-cycle,baseline,7,10.539309
u64,ahash,128,load-cycle,lru,8,16.870443
u64,ahash,128,load-cycle,hashlink,8,18.935252
u64,ahash,128,load-cycle,micro,8,10.690368
u64,ahash,128,load-cycle,baseline,8,10.465310
u64,ahash,128,load-cycle,quick_cache,8,8.497383
u64,ahash,128,clear-refill,micro,0,711.785338
u64,ahash,128,clear-refill,baseline,0,724.110628
u64,ahash,128,clear-refill,quick_cache,0,783.582824
u64,ahash,128,clear-refill,lru,0,3122.971286
u64,ahash,128,clear-refill,hashlink,0,1847.709642
u64,ahash,128,clear-refill,baseline,1,732.155930
u64,ahash,128,clear-refill,quick_cache,1,774.353415
u64,ahash,128,clear-refill,lru,1,3068.966871
u64,ahash,128,clear-refill,hashlink,1,1808.875949
u64,ahash,128,clear-refill,micro,1,714.759577
u64,ahash,128,clear-refill,quick_cache,2,774.524938
u64,ahash,128,clear-refill,lru,2,3065.410539
u64,ahash,128,clear-refill,hashlink,2,1809.198625
u64,ahash,128,clear-refill,micro,2,713.032939
u64,ahash,128,clear-refill,baseline,2,736.782378
u64,ahash,128,clear-refill,lru,3,3050.126829
u64,ahash,128,clear-refill,hashlink,3,1808.972504
u64,ahash,128,clear-refill,micro,3,714.158955
u64,ahash,128,clear-refill,baseline,3,745.786726
u64,ahash,128,clear-refill,quick_cache,3,782.537872
u64,ahash,128,clear-refill,hashlink,4,1843.116476
u64,ahash,128,clear-refill,micro,4,717.825869
u64,ahash,128,clear-refill,baseline,4,735.914937
u64,ahash,128,clear-refill,quick_cache,4,767.701827
u64,ahash,128,clear-refill,lru,4,3056.845966
u64,ahash,128,clear-refill,micro,5,716.060432
u64,ahash,128,clear-refill,baseline,5,733.121976
u64,ahash,128,clear-refill,quick_cache,5,769.058290
u64,ahash,128,clear-refill,lru,5,3053.444444
u64,ahash,128,clear-refill,hashlink,5,1809.732899
u64,ahash,128,clear-refill,baseline,6,732.947376
u64,ahash,128,clear-refill,quick_cache,6,779.321228
u64,ahash,128,clear-refill,lru,6,3069.521179
u64,ahash,128,clear-refill,hashlink,6,1828.641316
u64,ahash,128,clear-refill,micro,6,714.453208
u64,ahash,128,clear-refill,quick_cache,7,780.159463
u64,ahash,128,clear-refill,lru,7,3123.438476
u64,ahash,128,clear-refill,hashlink,7,1845.730159
u64,ahash,128,clear-refill,micro,7,710.458653
u64,ahash,128,clear-refill,baseline,7,722.081877
u64,ahash,128,clear-refill,lru,8,3067.484663
u64,ahash,128,clear-refill,hashlink,8,1810.448226
u64,ahash,128,clear-refill,micro,8,705.968516
u64,ahash,128,clear-refill,baseline,8,733.897108
u64,ahash,128,clear-refill,quick_cache,8,779.271155
u64,ahash,128,clear-empty,micro,0,0.365924
u64,ahash,128,clear-empty,baseline,0,40.857622
u64,ahash,128,clear-empty,quick_cache,0,1.786331
u64,ahash,128,clear-empty,lru,0,0.578966
u64,ahash,128,clear-empty,hashlink,0,0.602102
u64,ahash,128,clear-empty,baseline,1,48.467063
u64,ahash,128,clear-empty,quick_cache,1,1.783587
u64,ahash,128,clear-empty,lru,1,0.566128
u64,ahash,128,clear-empty,hashlink,1,0.615260
u64,ahash,128,clear-empty,micro,1,0.365890
u64,ahash,128,clear-empty,quick_cache,2,1.729975
u64,ahash,128,clear-empty,lru,2,0.563264
u64,ahash,128,clear-empty,hashlink,2,0.604057
u64,ahash,128,clear-empty,micro,2,0.364249
u64,ahash,128,clear-empty,baseline,2,39.734057
u64,ahash,128,clear-empty,lru,3,0.575394
u64,ahash,128,clear-empty,hashlink,3,0.605601
u64,ahash,128,clear-empty,micro,3,0.363041
u64,ahash,128,clear-empty,baseline,3,50.272042
u64,ahash,128,clear-empty,quick_cache,3,1.811666
u64,ahash,128,clear-empty,hashlink,4,0.621056
u64,ahash,128,clear-empty,micro,4,0.367426
u64,ahash,128,clear-empty,baseline,4,44.236213
u64,ahash,128,clear-empty,quick_cache,4,1.795437
u64,ahash,128,clear-empty,lru,4,0.578838
u64,ahash,128,clear-empty,micro,5,0.369594
u64,ahash,128,clear-empty,baseline,5,49.852021
u64,ahash,128,clear-empty,quick_cache,5,1.780336
u64,ahash,128,clear-empty,lru,5,0.567274
u64,ahash,128,clear-empty,hashlink,5,0.598852
u64,ahash,128,clear-empty,baseline,6,49.318049
u64,ahash,128,clear-empty,quick_cache,6,1.781280
u64,ahash,128,clear-empty,lru,6,0.570110
u64,ahash,128,clear-empty,hashlink,6,0.602017
u64,ahash,128,clear-empty,micro,6,0.366516
u64,ahash,128,clear-empty,quick_cache,7,1.757572
u64,ahash,128,clear-empty,lru,7,0.567951
u64,ahash,128,clear-empty,hashlink,7,0.603250
u64,ahash,128,clear-empty,micro,7,0.368883
u64,ahash,128,clear-empty,baseline,7,50.111018
u64,ahash,128,clear-empty,lru,8,0.571053
u64,ahash,128,clear-empty,hashlink,8,0.606617
u64,ahash,128,clear-empty,micro,8,0.368111
u64,ahash,128,clear-empty,baseline,8,47.567224
u64,ahash,128,clear-empty,quick_cache,8,1.779540
u64,ahash,128,iter-dense,micro,0,32.679789
u64,ahash,128,iter-dense,baseline,0,39.276184
u64,ahash,128,iter-dense,quick_cache,0,28.763270
u64,ahash,128,iter-dense,lru,0,137.248052
u64,ahash,128,iter-dense,hashlink,0,133.076223
u64,ahash,128,iter-dense,baseline,1,39.395986
u64,ahash,128,iter-dense,quick_cache,1,28.770743
u64,ahash,128,iter-dense,lru,1,137.151645
u64,ahash,128,iter-dense,hashlink,1,133.615999
u64,ahash,128,iter-dense,micro,1,32.648669
u64,ahash,128,iter-dense,quick_cache,2,29.276993
u64,ahash,128,iter-dense,lru,2,133.748129
u64,ahash,128,iter-dense,hashlink,2,140.409732
u64,ahash,128,iter-dense,micro,2,31.717501
u64,ahash,128,iter-dense,baseline,2,39.092468
u64,ahash,128,iter-dense,lru,3,128.316143
u64,ahash,128,iter-dense,hashlink,3,128.473988
u64,ahash,128,iter-dense,micro,3,32.484680
u64,ahash,128,iter-dense,baseline,3,38.945982
u64,ahash,128,iter-dense,quick_cache,3,28.889207
u64,ahash,128,iter-dense,hashlink,4,132.034971
u64,ahash,128,iter-dense,micro,4,32.387740
u64,ahash,128,iter-dense,baseline,4,38.882363
u64,ahash,128,iter-dense,quick_cache,4,28.794108
u64,ahash,128,iter-dense,lru,4,133.318681
u64,ahash,128,iter-dense,micro,5,32.392290
u64,ahash,128,iter-dense,baseline,5,39.326584
u64,ahash,128,iter-dense,quick_cache,5,29.218481
u64,ahash,128,iter-dense,lru,5,140.309414
u64,ahash,128,iter-dense,hashlink,5,129.174199
u64,ahash,128,iter-dense,baseline,6,38.416260
u64,ahash,128,iter-dense,quick_cache,6,28.794586
u64,ahash,128,iter-dense,lru,6,131.811235
u64,ahash,128,iter-dense,hashlink,6,129.560531
u64,ahash,128,iter-dense,micro,6,32.539072
u64,ahash,128,iter-dense,quick_cache,7,28.968576
u64,ahash,128,iter-dense,lru,7,132.926525
u64,ahash,128,iter-dense,hashlink,7,129.670202
u64,ahash,128,iter-dense,micro,7,32.329592
u64,ahash,128,iter-dense,baseline,7,38.970932
u64,ahash,128,iter-dense,lru,8,131.660699
u64,ahash,128,iter-dense,hashlink,8,129.349260
u64,ahash,128,iter-dense,micro,8,32.673499
u64,ahash,128,iter-dense,baseline,8,39.314725
u64,ahash,128,iter-dense,quick_cache,8,29.419681
u64,ahash,128,iter-dense-for,micro,0,39.829539
u64,ahash,128,iter-dense-for,baseline,0,38.689504
u64,ahash,128,iter-dense-for,quick_cache,0,38.651234
u64,ahash,128,iter-dense-for,lru,0,81.488155
u64,ahash,128,iter-dense-for,hashlink,0,70.936649
u64,ahash,128,iter-dense-for,baseline,1,38.499831
u64,ahash,128,iter-dense-for,quick_cache,1,39.178381
u64,ahash,128,iter-dense-for,lru,1,81.103496
u64,ahash,128,iter-dense-for,hashlink,1,70.986021
u64,ahash,128,iter-dense-for,micro,1,39.237400
u64,ahash,128,iter-dense-for,quick_cache,2,39.109093
u64,ahash,128,iter-dense-for,lru,2,81.114994
u64,ahash,128,iter-dense-for,hashlink,2,71.169285
u64,ahash,128,iter-dense-for,micro,2,39.271928
u64,ahash,128,iter-dense-for,baseline,2,39.312437
u64,ahash,128,iter-dense-for,lru,3,83.852350
u64,ahash,128,iter-dense-for,hashlink,3,74.919104
u64,ahash,128,iter-dense-for,micro,3,38.974174
u64,ahash,128,iter-dense-for,baseline,3,38.809652
u64,ahash,128,iter-dense-for,quick_cache,3,39.515842
u64,ahash,128,iter-dense-for,hashlink,4,71.714376
u64,ahash,128,iter-dense-for,micro,4,39.215747
u64,ahash,128,iter-dense-for,baseline,4,38.944065
u64,ahash,128,iter-dense-for,quick_cache,4,42.717870
u64,ahash,128,iter-dense-for,lru,4,78.311576
u64,ahash,128,iter-dense-for,micro,5,38.893020
u64,ahash,128,iter-dense-for,baseline,5,38.756030
u64,ahash,128,iter-dense-for,quick_cache,5,68.493468
u64,ahash,128,iter-dense-for,lru,5,80.912477
u64,ahash,128,iter-dense-for,hashlink,5,71.189251
u64,ahash,128,iter-dense-for,baseline,6,39.091155
u64,ahash,128,iter-dense-for,quick_cache,6,69.848597
u64,ahash,128,iter-dense-for,lru,6,85.125477
u64,ahash,128,iter-dense-for,hashlink,6,71.079297
u64,ahash,128,iter-dense-for,micro,6,39.243981
u64,ahash,128,iter-dense-for,quick_cache,7,68.972501
u64,ahash,128,iter-dense-for,lru,7,83.523316
u64,ahash,128,iter-dense-for,hashlink,7,93.318563
u64,ahash,128,iter-dense-for,micro,7,39.471971
u64,ahash,128,iter-dense-for,baseline,7,39.421528
u64,ahash,128,iter-dense-for,lru,8,77.556994
u64,ahash,128,iter-dense-for,hashlink,8,70.620820
u64,ahash,128,iter-dense-for,micro,8,39.187218
u64,ahash,128,iter-dense-for,baseline,8,39.131629
u64,ahash,128,iter-dense-for,quick_cache,8,68.709368
u64,ahash,128,iter-density-1pct,micro,0,1.497279
u64,ahash,128,iter-density-1pct,baseline,0,34.722799
u64,ahash,128,iter-density-1pct,quick_cache,0,24.017493
u64,ahash,128,iter-density-1pct,lru,0,1.333988
u64,ahash,128,iter-density-1pct,hashlink,0,1.301574
u64,ahash,128,iter-density-1pct,baseline,1,34.496296
u64,ahash,128,iter-density-1pct,quick_cache,1,23.701942
u64,ahash,128,iter-density-1pct,lru,1,1.306842
u64,ahash,128,iter-density-1pct,hashlink,1,1.284951
u64,ahash,128,iter-density-1pct,micro,1,1.501956
u64,ahash,128,iter-density-1pct,quick_cache,2,23.619549
u64,ahash,128,iter-density-1pct,lru,2,1.309197
u64,ahash,128,iter-density-1pct,hashlink,2,1.282778
u64,ahash,128,iter-density-1pct,micro,2,1.499045
u64,ahash,128,iter-density-1pct,baseline,2,34.891710
u64,ahash,128,iter-density-1pct,lru,3,1.303452
u64,ahash,128,iter-density-1pct,hashlink,3,1.282630
u64,ahash,128,iter-density-1pct,micro,3,1.517476
u64,ahash,128,iter-density-1pct,baseline,3,35.291808
u64,ahash,128,iter-density-1pct,quick_cache,3,24.149813
u64,ahash,128,iter-density-1pct,hashlink,4,1.313467
u64,ahash,128,iter-density-1pct,micro,4,1.513215
u64,ahash,128,iter-density-1pct,baseline,4,34.776896
u64,ahash,128,iter-density-1pct,quick_cache,4,23.687576
u64,ahash,128,iter-density-1pct,lru,4,1.309592
u64,ahash,128,iter-density-1pct,micro,5,1.509501
u64,ahash,128,iter-density-1pct,baseline,5,34.602953
u64,ahash,128,iter-density-1pct,quick_cache,5,23.811086
u64,ahash,128,iter-density-1pct,lru,5,1.305630
u64,ahash,128,iter-density-1pct,hashlink,5,1.282399
u64,ahash,128,iter-density-1pct,baseline,6,34.734573
u64,ahash,128,iter-density-1pct,quick_cache,6,23.718157
u64,ahash,128,iter-density-1pct,lru,6,1.308298
u64,ahash,128,iter-density-1pct,hashlink,6,1.285247
u64,ahash,128,iter-density-1pct,micro,6,1.518996
u64,ahash,128,iter-density-1pct,quick_cache,7,24.090045
u64,ahash,128,iter-density-1pct,lru,7,1.335733
u64,ahash,128,iter-density-1pct,hashlink,7,1.292316
u64,ahash,128,iter-density-1pct,micro,7,1.506298
u64,ahash,128,iter-density-1pct,baseline,7,34.630167
u64,ahash,128,iter-density-1pct,lru,8,1.308616
u64,ahash,128,iter-density-1pct,hashlink,8,1.285225
u64,ahash,128,iter-density-1pct,micro,8,1.501711
u64,ahash,128,iter-density-1pct,baseline,8,34.688887
u64,ahash,128,iter-density-1pct,quick_cache,8,23.705144
u64,ahash,128,iter-density-6pct,micro,0,32.856247
u64,ahash,128,iter-density-6pct,baseline,0,36.961854
u64,ahash,128,iter-density-6pct,quick_cache,0,23.772678
u64,ahash,128,iter-density-6pct,lru,0,3.271279
u64,ahash,128,iter-density-6pct,hashlink,0,3.201477
u64,ahash,128,iter-density-6pct,baseline,1,37.096235
u64,ahash,128,iter-density-6pct,quick_cache,1,24.067785
u64,ahash,128,iter-density-6pct,lru,1,3.321387
u64,ahash,128,iter-density-6pct,hashlink,1,3.260643
u64,ahash,128,iter-density-6pct,micro,1,33.047800
u64,ahash,128,iter-density-6pct,quick_cache,2,23.496828
u64,ahash,128,iter-density-6pct,lru,2,3.273197
u64,ahash,128,iter-density-6pct,hashlink,2,3.224641
u64,ahash,128,iter-density-6pct,micro,2,32.501709
u64,ahash,128,iter-density-6pct,baseline,2,38.369100
u64,ahash,128,iter-density-6pct,lru,3,3.267557
u64,ahash,128,iter-density-6pct,hashlink,3,3.230668
u64,ahash,128,iter-density-6pct,micro,3,32.671323
u64,ahash,128,iter-density-6pct,baseline,3,37.959664
u64,ahash,128,iter-density-6pct,quick_cache,3,23.550537
u64,ahash,128,iter-density-6pct,hashlink,4,3.215418
u64,ahash,128,iter-density-6pct,micro,4,32.768053
u64,ahash,128,iter-density-6pct,baseline,4,38.236390
u64,ahash,128,iter-density-6pct,quick_cache,4,23.789332
u64,ahash,128,iter-density-6pct,lru,4,3.355769
u64,ahash,128,iter-density-6pct,micro,5,32.868433
u64,ahash,128,iter-density-6pct,baseline,5,38.067144
u64,ahash,128,iter-density-6pct,quick_cache,5,23.510382
u64,ahash,128,iter-density-6pct,lru,5,3.260371
u64,ahash,128,iter-density-6pct,hashlink,5,3.209988
u64,ahash,128,iter-density-6pct,baseline,6,37.847769
u64,ahash,128,iter-density-6pct,quick_cache,6,23.429497
u64,ahash,128,iter-density-6pct,lru,6,3.267351
u64,ahash,128,iter-density-6pct,hashlink,6,3.216398
u64,ahash,128,iter-density-6pct,micro,6,32.696491
u64,ahash,128,iter-density-6pct,quick_cache,7,23.880879
u64,ahash,128,iter-density-6pct,lru,7,3.284288
u64,ahash,128,iter-density-6pct,hashlink,7,3.223271
u64,ahash,128,iter-density-6pct,micro,7,32.847153
u64,ahash,128,iter-density-6pct,baseline,7,38.625147
u64,ahash,128,iter-density-6pct,lru,8,3.328319
u64,ahash,128,iter-density-6pct,hashlink,8,3.217404
u64,ahash,128,iter-density-6pct,micro,8,32.819287
u64,ahash,128,iter-density-6pct,baseline,8,38.002660
u64,ahash,128,iter-density-6pct,quick_cache,8,23.555067
u64,ahash,128,iter-density-quarter,micro,0,32.617310
u64,ahash,128,iter-density-quarter,baseline,0,38.036803
u64,ahash,128,iter-density-quarter,quick_cache,0,29.453587
u64,ahash,128,iter-density-quarter,lru,0,19.350329
u64,ahash,128,iter-density-quarter,hashlink,0,19.142683
u64,ahash,128,iter-density-quarter,baseline,1,37.332709
u64,ahash,128,iter-density-quarter,quick_cache,1,29.167929
u64,ahash,128,iter-density-quarter,lru,1,19.376422
u64,ahash,128,iter-density-quarter,hashlink,1,19.044375
u64,ahash,128,iter-density-quarter,micro,1,32.512530
u64,ahash,128,iter-density-quarter,quick_cache,2,29.749619
u64,ahash,128,iter-density-quarter,lru,2,19.771437
u64,ahash,128,iter-density-quarter,hashlink,2,19.344593
u64,ahash,128,iter-density-quarter,micro,2,32.400898
u64,ahash,128,iter-density-quarter,baseline,2,37.877181
u64,ahash,128,iter-density-quarter,lru,3,19.371757
u64,ahash,128,iter-density-quarter,hashlink,3,19.190935
u64,ahash,128,iter-density-quarter,micro,3,32.504954
u64,ahash,128,iter-density-quarter,baseline,3,38.029136
u64,ahash,128,iter-density-quarter,quick_cache,3,29.337947
u64,ahash,128,iter-density-quarter,hashlink,4,19.092288
u64,ahash,128,iter-density-quarter,micro,4,32.611044
u64,ahash,128,iter-density-quarter,baseline,4,40.593206
u64,ahash,128,iter-density-quarter,quick_cache,4,31.346903
u64,ahash,128,iter-density-quarter,lru,4,20.057029
u64,ahash,128,iter-density-quarter,micro,5,32.521189
u64,ahash,128,iter-density-quarter,baseline,5,46.996795
u64,ahash,128,iter-density-quarter,quick_cache,5,26.911815
u64,ahash,128,iter-density-quarter,lru,5,19.791830
u64,ahash,128,iter-density-quarter,hashlink,5,18.969285
u64,ahash,128,iter-density-quarter,baseline,6,35.621937
u64,ahash,128,iter-density-quarter,quick_cache,6,25.726761
u64,ahash,128,iter-density-quarter,lru,6,19.914390
u64,ahash,128,iter-density-quarter,hashlink,6,18.723415
u64,ahash,128,iter-density-quarter,micro,6,32.556966
u64,ahash,128,iter-density-quarter,quick_cache,7,25.645464
u64,ahash,128,iter-density-quarter,lru,7,19.405602
u64,ahash,128,iter-density-quarter,hashlink,7,19.137355
u64,ahash,128,iter-density-quarter,micro,7,32.413529
u64,ahash,128,iter-density-quarter,baseline,7,37.732432
u64,ahash,128,iter-density-quarter,lru,8,19.350975
u64,ahash,128,iter-density-quarter,hashlink,8,19.145507
u64,ahash,128,iter-density-quarter,micro,8,32.701114
u64,ahash,128,iter-density-quarter,baseline,8,37.976215
u64,ahash,128,iter-density-quarter,quick_cache,8,26.148866
u64,ahash,128,iter-density-half,micro,0,32.641033
u64,ahash,128,iter-density-half,baseline,0,38.241610
u64,ahash,128,iter-density-half,quick_cache,0,29.804871
u64,ahash,128,iter-density-half,lru,0,51.980674
u64,ahash,128,iter-density-half,hashlink,0,51.051372
u64,ahash,128,iter-density-half,baseline,1,37.868950
u64,ahash,128,iter-density-half,quick_cache,1,29.626286
u64,ahash,128,iter-density-half,lru,1,51.838464
u64,ahash,128,iter-density-half,hashlink,1,50.735593
u64,ahash,128,iter-density-half,micro,1,32.428875
u64,ahash,128,iter-density-half,quick_cache,2,29.568992
u64,ahash,128,iter-density-half,lru,2,51.768487
u64,ahash,128,iter-density-half,hashlink,2,50.839704
u64,ahash,128,iter-density-half,micro,2,32.562389
u64,ahash,128,iter-density-half,baseline,2,38.637804
u64,ahash,128,iter-density-half,lru,3,53.549178
u64,ahash,128,iter-density-half,hashlink,3,52.479464
u64,ahash,128,iter-density-half,micro,3,32.357133
u64,ahash,128,iter-density-half,baseline,3,38.282904
u64,ahash,128,iter-density-half,quick_cache,3,29.663428
u64,ahash,128,iter-density-half,hashlink,4,51.426939
u64,ahash,128,iter-density-half,micro,4,32.433440
u64,ahash,128,iter-density-half,baseline,4,38.122545
u64,ahash,128,iter-density-half,quick_cache,4,29.632337
u64,ahash,128,iter-density-half,lru,4,51.711925
u64,ahash,128,iter-density-half,micro,5,32.398740
u64,ahash,128,iter-density-half,baseline,5,38.166562
u64,ahash,128,iter-density-half,quick_cache,5,29.704631
u64,ahash,128,iter-density-half,lru,5,51.967285
u64,ahash,128,iter-density-half,hashlink,5,50.847777
u64,ahash,128,iter-density-half,baseline,6,38.219606
u64,ahash,128,iter-density-half,quick_cache,6,30.107731
u64,ahash,128,iter-density-half,lru,6,54.007213
u64,ahash,128,iter-density-half,hashlink,6,50.769402
u64,ahash,128,iter-density-half,micro,6,32.518757
u64,ahash,128,iter-density-half,quick_cache,7,29.626037
u64,ahash,128,iter-density-half,lru,7,52.384523
u64,ahash,128,iter-density-half,hashlink,7,50.727148
u64,ahash,128,iter-density-half,micro,7,32.388012
u64,ahash,128,iter-density-half,baseline,7,38.154602
u64,ahash,128,iter-density-half,lru,8,52.072913
u64,ahash,128,iter-density-half,hashlink,8,67.040246
u64,ahash,128,iter-density-half,micro,8,34.080221
u64,ahash,128,iter-density-half,baseline,8,36.439504
u64,ahash,128,iter-density-half,quick_cache,8,28.479246
u64,ahash,128,iter-front,micro,0,1.147977
u64,ahash,128,iter-front,baseline,0,38.351549
u64,ahash,128,iter-front,quick_cache,0,23.078663
u64,ahash,128,iter-front,lru,0,1.216190
u64,ahash,128,iter-front,hashlink,0,1.327110
u64,ahash,128,iter-front,baseline,1,40.438382
u64,ahash,128,iter-front,quick_cache,1,22.864579
u64,ahash,128,iter-front,lru,1,1.204833
u64,ahash,128,iter-front,hashlink,1,1.176572
u64,ahash,128,iter-front,micro,1,1.131017
u64,ahash,128,iter-front,quick_cache,2,20.898288
u64,ahash,128,iter-front,lru,2,1.201748
u64,ahash,128,iter-front,hashlink,2,1.173453
u64,ahash,128,iter-front,micro,2,1.156114
u64,ahash,128,iter-front,baseline,2,38.100463
u64,ahash,128,iter-front,lru,3,1.184942
u64,ahash,128,iter-front,hashlink,3,1.151751
u64,ahash,128,iter-front,micro,3,1.138882
u64,ahash,128,iter-front,baseline,3,38.497590
u64,ahash,128,iter-front,quick_cache,3,21.444263
u64,ahash,128,iter-front,hashlink,4,1.188014
u64,ahash,128,iter-front,micro,4,1.146116
u64,ahash,128,iter-front,baseline,4,37.773945
u64,ahash,128,iter-front,quick_cache,4,20.926451
u64,ahash,128,iter-front,lru,4,1.192147
u64,ahash,128,iter-front,micro,5,1.142579
u64,ahash,128,iter-front,baseline,5,37.739352
u64,ahash,128,iter-front,quick_cache,5,20.910348
u64,ahash,128,iter-front,lru,5,1.191656
u64,ahash,128,iter-front,hashlink,5,1.155131
u64,ahash,128,iter-front,baseline,6,37.708570
u64,ahash,128,iter-front,quick_cache,6,21.074993
u64,ahash,128,iter-front,lru,6,1.185850
u64,ahash,128,iter-front,hashlink,6,1.188059
u64,ahash,128,iter-front,micro,6,1.149599
u64,ahash,128,iter-front,quick_cache,7,21.365989
u64,ahash,128,iter-front,lru,7,1.213102
u64,ahash,128,iter-front,hashlink,7,1.203998
u64,ahash,128,iter-front,micro,7,1.126508
u64,ahash,128,iter-front,baseline,7,37.260260
u64,ahash,128,iter-front,lru,8,1.191030
u64,ahash,128,iter-front,hashlink,8,1.184358
u64,ahash,128,iter-front,micro,8,1.150005
u64,ahash,128,iter-front,baseline,8,38.232253
u64,ahash,128,iter-front,quick_cache,8,23.014470
u64,ahash,128,iter-back,micro,0,1.178587
u64,ahash,128,iter-back,baseline,0,38.557149
u64,ahash,128,iter-back,quick_cache,0,21.693075
u64,ahash,128,iter-back,lru,0,1.182888
u64,ahash,128,iter-back,hashlink,0,1.146242
u64,ahash,128,iter-back,baseline,1,38.945990
u64,ahash,128,iter-back,quick_cache,1,22.152768
u64,ahash,128,iter-back,lru,1,1.220246
u64,ahash,128,iter-back,hashlink,1,1.151921
u64,ahash,128,iter-back,micro,1,1.193249
u64,ahash,128,iter-back,quick_cache,2,21.704946
u64,ahash,128,iter-back,lru,2,1.185508
u64,ahash,128,iter-back,hashlink,2,1.157013
u64,ahash,128,iter-back,micro,2,1.155080
u64,ahash,128,iter-back,baseline,2,38.885932
u64,ahash,128,iter-back,lru,3,1.186436
u64,ahash,128,iter-back,hashlink,3,1.148357
u64,ahash,128,iter-back,micro,3,1.153954
u64,ahash,128,iter-back,baseline,3,38.791933
u64,ahash,128,iter-back,quick_cache,3,21.745843
u64,ahash,128,iter-back,hashlink,4,1.153315
u64,ahash,128,iter-back,micro,4,1.156080
u64,ahash,128,iter-back,baseline,4,39.267957
u64,ahash,128,iter-back,quick_cache,4,22.357861
u64,ahash,128,iter-back,lru,4,1.197171
u64,ahash,128,iter-back,micro,5,1.164802
u64,ahash,128,iter-back,baseline,5,39.006919
u64,ahash,128,iter-back,quick_cache,5,21.833594
u64,ahash,128,iter-back,lru,5,1.208234
u64,ahash,128,iter-back,hashlink,5,1.166367
u64,ahash,128,iter-back,baseline,6,37.669381
u64,ahash,128,iter-back,quick_cache,6,21.693617
u64,ahash,128,iter-back,lru,6,1.186318
u64,ahash,128,iter-back,hashlink,6,1.140886
u64,ahash,128,iter-back,micro,6,1.155063
u64,ahash,128,iter-back,quick_cache,7,22.801752
u64,ahash,128,iter-back,lru,7,1.185544
u64,ahash,128,iter-back,hashlink,7,1.157193
u64,ahash,128,iter-back,micro,7,1.171000
u64,ahash,128,iter-back,baseline,7,39.465286
u64,ahash,128,iter-back,lru,8,1.198310
u64,ahash,128,iter-back,hashlink,8,1.183784
u64,ahash,128,iter-back,micro,8,1.167003
u64,ahash,128,iter-back,baseline,8,38.797752
u64,ahash,128,iter-back,quick_cache,8,22.672723
u64,ahash,128,iter-empty,micro,0,0.783275
u64,ahash,128,iter-empty,baseline,0,36.789680
u64,ahash,128,iter-empty,quick_cache,0,21.963733
u64,ahash,128,iter-empty,lru,0,1.002760
u64,ahash,128,iter-empty,hashlink,0,1.004920
u64,ahash,128,iter-empty,baseline,1,37.344960
u64,ahash,128,iter-empty,quick_cache,1,21.965565
u64,ahash,128,iter-empty,lru,1,1.000346
u64,ahash,128,iter-empty,hashlink,1,1.004210
u64,ahash,128,iter-empty,micro,1,0.779418
u64,ahash,128,iter-empty,quick_cache,2,22.663805
u64,ahash,128,iter-empty,lru,2,1.024113
u64,ahash,128,iter-empty,hashlink,2,1.005314
u64,ahash,128,iter-empty,micro,2,0.809346
u64,ahash,128,iter-empty,baseline,2,37.593156
u64,ahash,128,iter-empty,lru,3,1.008793
u64,ahash,128,iter-empty,hashlink,3,1.005619
u64,ahash,128,iter-empty,micro,3,0.780571
u64,ahash,128,iter-empty,baseline,3,37.695090
u64,ahash,128,iter-empty,quick_cache,3,23.748381
u64,ahash,128,iter-empty,hashlink,4,0.989005
u64,ahash,128,iter-empty,micro,4,0.780622
u64,ahash,128,iter-empty,baseline,4,37.063360
u64,ahash,128,iter-empty,quick_cache,4,21.972107
u64,ahash,128,iter-empty,lru,4,0.997014
u64,ahash,128,iter-empty,micro,5,0.802471
u64,ahash,128,iter-empty,baseline,5,38.357764
u64,ahash,128,iter-empty,quick_cache,5,22.992427
u64,ahash,128,iter-empty,lru,5,1.014314
u64,ahash,128,iter-empty,hashlink,5,1.008266
u64,ahash,128,iter-empty,baseline,6,38.740046
u64,ahash,128,iter-empty,quick_cache,6,22.346565
u64,ahash,128,iter-empty,lru,6,1.001622
u64,ahash,128,iter-empty,hashlink,6,1.000653
u64,ahash,128,iter-empty,micro,6,0.786025
u64,ahash,128,iter-empty,quick_cache,7,21.961196
u64,ahash,128,iter-empty,lru,7,1.022204
u64,ahash,128,iter-empty,hashlink,7,1.027035
u64,ahash,128,iter-empty,micro,7,0.781434
u64,ahash,128,iter-empty,baseline,7,37.607175
u64,ahash,128,iter-empty,lru,8,1.014288
u64,ahash,128,iter-empty,hashlink,8,1.006422
u64,ahash,128,iter-empty,micro,8,0.788238
u64,ahash,128,iter-empty,baseline,8,39.231186
u64,ahash,128,iter-empty,quick_cache,8,22.794151
u64,ahash,128,iter-count,micro,0,0.394853
u64,ahash,128,iter-count,baseline,0,37.996177
u64,ahash,128,iter-count,quick_cache,0,55.924475
u64,ahash,128,iter-count,lru,0,0.397090
u64,ahash,128,iter-count,hashlink,0,0.396931
u64,ahash,128,iter-count,baseline,1,37.813835
u64,ahash,128,iter-count,quick_cache,1,55.386497
u64,ahash,128,iter-count,lru,1,0.407268
u64,ahash,128,iter-count,hashlink,1,0.402710
u64,ahash,128,iter-count,micro,1,0.403650
u64,ahash,128,iter-count,quick_cache,2,55.627075
u64,ahash,128,iter-count,lru,2,0.399339
u64,ahash,128,iter-count,hashlink,2,0.400927
u64,ahash,128,iter-count,micro,2,0.397303
u64,ahash,128,iter-count,baseline,2,38.739882
u64,ahash,128,iter-count,lru,3,0.407861
u64,ahash,128,iter-count,hashlink,3,0.402291
u64,ahash,128,iter-count,micro,3,0.396702
u64,ahash,128,iter-count,baseline,3,37.728056
u64,ahash,128,iter-count,quick_cache,3,55.310503
u64,ahash,128,iter-count,hashlink,4,0.401052
u64,ahash,128,iter-count,micro,4,0.398373
u64,ahash,128,iter-count,baseline,4,37.858202
u64,ahash,128,iter-count,quick_cache,4,55.245200
u64,ahash,128,iter-count,lru,4,0.400945
u64,ahash,128,iter-count,micro,5,0.395773
u64,ahash,128,iter-count,baseline,5,37.556105
u64,ahash,128,iter-count,quick_cache,5,54.824733
u64,ahash,128,iter-count,lru,5,0.400296
u64,ahash,128,iter-count,hashlink,5,0.398991
u64,ahash,128,iter-count,baseline,6,38.168274
u64,ahash,128,iter-count,quick_cache,6,56.707620
u64,ahash,128,iter-count,lru,6,0.401861
u64,ahash,128,iter-count,hashlink,6,0.400176
u64,ahash,128,iter-count,micro,6,0.397448
u64,ahash,128,iter-count,quick_cache,7,55.690494
u64,ahash,128,iter-count,lru,7,0.400352
u64,ahash,128,iter-count,hashlink,7,0.398934
u64,ahash,128,iter-count,micro,7,0.394914
u64,ahash,128,iter-count,baseline,7,37.800713
u64,ahash,128,iter-count,lru,8,0.397951
u64,ahash,128,iter-count,hashlink,8,0.398226
u64,ahash,128,iter-count,micro,8,0.397020
u64,ahash,128,iter-count,baseline,8,37.715176
u64,ahash,128,iter-count,quick_cache,8,54.710751
u64,ahash,1024,get-hit,micro,0,2.036675
u64,ahash,1024,get-hit,baseline,0,2.052888
u64,ahash,1024,get-hit,quick_cache,0,2.184059
u64,ahash,1024,get-hit,lru,0,3.526855
u64,ahash,1024,get-hit,hashlink,0,3.312724
u64,ahash,1024,get-hit,baseline,1,2.011115
u64,ahash,1024,get-hit,quick_cache,1,2.119364
u64,ahash,1024,get-hit,lru,1,3.520454
u64,ahash,1024,get-hit,hashlink,1,3.304009
u64,ahash,1024,get-hit,micro,1,2.010948
u64,ahash,1024,get-hit,quick_cache,2,2.144654
u64,ahash,1024,get-hit,lru,2,3.506237
u64,ahash,1024,get-hit,hashlink,2,3.304696
u64,ahash,1024,get-hit,micro,2,2.015252
u64,ahash,1024,get-hit,baseline,2,2.005555
u64,ahash,1024,get-hit,lru,3,3.527265
u64,ahash,1024,get-hit,hashlink,3,3.306759
u64,ahash,1024,get-hit,micro,3,2.014227
u64,ahash,1024,get-hit,baseline,3,2.058944
u64,ahash,1024,get-hit,quick_cache,3,2.160835
u64,ahash,1024,get-hit,hashlink,4,3.327577
u64,ahash,1024,get-hit,micro,4,2.024990
u64,ahash,1024,get-hit,baseline,4,2.006639
u64,ahash,1024,get-hit,quick_cache,4,2.153047
u64,ahash,1024,get-hit,lru,4,3.514199
u64,ahash,1024,get-hit,micro,5,2.054065
u64,ahash,1024,get-hit,baseline,5,2.014177
u64,ahash,1024,get-hit,quick_cache,5,2.113685
u64,ahash,1024,get-hit,lru,5,3.513059
u64,ahash,1024,get-hit,hashlink,5,3.307391
u64,ahash,1024,get-hit,baseline,6,2.032798
u64,ahash,1024,get-hit,quick_cache,6,2.194859
u64,ahash,1024,get-hit,lru,6,3.510135
u64,ahash,1024,get-hit,hashlink,6,3.334433
u64,ahash,1024,get-hit,micro,6,2.057436
u64,ahash,1024,get-hit,quick_cache,7,2.197064
u64,ahash,1024,get-hit,lru,7,3.523436
u64,ahash,1024,get-hit,hashlink,7,3.335616
u64,ahash,1024,get-hit,micro,7,2.013658
u64,ahash,1024,get-hit,baseline,7,2.010847
u64,ahash,1024,get-hit,lru,8,3.521682
u64,ahash,1024,get-hit,hashlink,8,3.309040
u64,ahash,1024,get-hit,micro,8,2.003554
u64,ahash,1024,get-hit,baseline,8,2.018088
u64,ahash,1024,get-hit,quick_cache,8,2.106485
u64,ahash,1024,get-miss,micro,0,1.601840
u64,ahash,1024,get-miss,baseline,0,1.570152
u64,ahash,1024,get-miss,quick_cache,0,1.590398
u64,ahash,1024,get-miss,lru,0,2.063992
u64,ahash,1024,get-miss,hashlink,0,1.540984
u64,ahash,1024,get-miss,baseline,1,1.588024
u64,ahash,1024,get-miss,quick_cache,1,1.630493
u64,ahash,1024,get-miss,lru,1,2.079209
u64,ahash,1024,get-miss,hashlink,1,1.548439
u64,ahash,1024,get-miss,micro,1,1.611822
u64,ahash,1024,get-miss,quick_cache,2,1.591285
u64,ahash,1024,get-miss,lru,2,2.068442
u64,ahash,1024,get-miss,hashlink,2,1.532916
u64,ahash,1024,get-miss,micro,2,1.596051
u64,ahash,1024,get-miss,baseline,2,1.563954
u64,ahash,1024,get-miss,lru,3,2.073075
u64,ahash,1024,get-miss,hashlink,3,1.536026
u64,ahash,1024,get-miss,micro,3,1.592689
u64,ahash,1024,get-miss,baseline,3,1.573556
u64,ahash,1024,get-miss,quick_cache,3,1.581657
u64,ahash,1024,get-miss,hashlink,4,1.532916
u64,ahash,1024,get-miss,micro,4,1.607902
u64,ahash,1024,get-miss,baseline,4,1.607567
u64,ahash,1024,get-miss,quick_cache,4,1.617822
u64,ahash,1024,get-miss,lru,4,2.074506
u64,ahash,1024,get-miss,micro,5,1.621290
u64,ahash,1024,get-miss,baseline,5,1.570544
u64,ahash,1024,get-miss,quick_cache,5,1.587429
u64,ahash,1024,get-miss,lru,5,2.060484
u64,ahash,1024,get-miss,hashlink,5,1.537986
u64,ahash,1024,get-miss,baseline,6,1.573766
u64,ahash,1024,get-miss,quick_cache,6,1.599297
u64,ahash,1024,get-miss,lru,6,2.065160
u64,ahash,1024,get-miss,hashlink,6,1.540792
u64,ahash,1024,get-miss,micro,6,1.592265
u64,ahash,1024,get-miss,quick_cache,7,1.601108
u64,ahash,1024,get-miss,lru,7,2.066500
u64,ahash,1024,get-miss,hashlink,7,1.549787
u64,ahash,1024,get-miss,micro,7,1.634254
u64,ahash,1024,get-miss,baseline,7,1.595281
u64,ahash,1024,get-miss,lru,8,2.070368
u64,ahash,1024,get-miss,hashlink,8,1.556086
u64,ahash,1024,get-miss,micro,8,1.598205
u64,ahash,1024,get-miss,baseline,8,1.587126
u64,ahash,1024,get-miss,quick_cache,8,1.604883
u64,ahash,1024,update,micro,0,2.011283
u64,ahash,1024,update,baseline,0,1.979100
u64,ahash,1024,update,quick_cache,0,3.370711
u64,ahash,1024,update,lru,0,3.212547
u64,ahash,1024,update,hashlink,0,3.758748
u64,ahash,1024,update,baseline,1,2.002837
u64,ahash,1024,update,quick_cache,1,3.334377
u64,ahash,1024,update,lru,1,3.264810
u64,ahash,1024,update,hashlink,1,3.726743
u64,ahash,1024,update,micro,1,1.997771
u64,ahash,1024,update,quick_cache,2,3.550951
u64,ahash,1024,update,lru,2,3.264428
u64,ahash,1024,update,hashlink,2,3.732417
u64,ahash,1024,update,micro,2,1.963919
u64,ahash,1024,update,baseline,2,1.955676
u64,ahash,1024,update,lru,3,3.267203
u64,ahash,1024,update,hashlink,3,3.742125
u64,ahash,1024,update,micro,3,1.984617
u64,ahash,1024,update,baseline,3,1.938754
u64,ahash,1024,update,quick_cache,3,3.458573
u64,ahash,1024,update,hashlink,4,3.724044
u64,ahash,1024,update,micro,4,1.964868
u64,ahash,1024,update,baseline,4,1.965260
u64,ahash,1024,update,quick_cache,4,3.478600
u64,ahash,1024,update,lru,4,3.266224
u64,ahash,1024,update,micro,5,2.057522
u64,ahash,1024,update,baseline,5,2.051607
u64,ahash,1024,update,quick_cache,5,3.363082
u64,ahash,1024,update,lru,5,3.249771
u64,ahash,1024,update,hashlink,5,3.757625
u64,ahash,1024,update,baseline,6,1.946710
u64,ahash,1024,update,quick_cache,6,3.366603
u64,ahash,1024,update,lru,6,3.245574
u64,ahash,1024,update,hashlink,6,3.733876
u64,ahash,1024,update,micro,6,1.973175
u64,ahash,1024,update,quick_cache,7,3.352987
u64,ahash,1024,update,lru,7,3.253774
u64,ahash,1024,update,hashlink,7,3.720740
u64,ahash,1024,update,micro,7,1.979511
u64,ahash,1024,update,baseline,7,1.941838
u64,ahash,1024,update,lru,8,3.241995
u64,ahash,1024,update,hashlink,8,3.777649
u64,ahash,1024,update,micro,8,1.996059
u64,ahash,1024,update,baseline,8,1.949140
u64,ahash,1024,update,quick_cache,8,3.437571
u64,ahash,1024,insert-cycle,micro,0,11.054544
u64,ahash,1024,insert-cycle,baseline,0,11.085016
u64,ahash,1024,insert-cycle,quick_cache,0,8.133627
u64,ahash,1024,insert-cycle,lru,0,17.216212
u64,ahash,1024,insert-cycle,hashlink,0,17.350724
u64,ahash,1024,insert-cycle,baseline,1,10.571678
u64,ahash,1024,insert-cycle,quick_cache,1,8.076046
u64,ahash,1024,insert-cycle,lru,1,17.147464
u64,ahash,1024,insert-cycle,hashlink,1,17.133519
u64,ahash,1024,insert-cycle,micro,1,11.396066
u64,ahash,1024,insert-cycle,quick_cache,2,8.064497
u64,ahash,1024,insert-cycle,lru,2,16.866470
u64,ahash,1024,insert-cycle,hashlink,2,17.265498
u64,ahash,1024,insert-cycle,micro,2,11.036001
u64,ahash,1024,insert-cycle,baseline,2,10.519353
u64,ahash,1024,insert-cycle,lru,3,16.757635
u64,ahash,1024,insert-cycle,hashlink,3,17.086999
u64,ahash,1024,insert-cycle,micro,3,10.724342
u64,ahash,1024,insert-cycle,baseline,3,10.309962
u64,ahash,1024,insert-cycle,quick_cache,3,8.041984
u64,ahash,1024,insert-cycle,hashlink,4,17.089417
u64,ahash,1024,insert-cycle,micro,4,10.611838
u64,ahash,1024,insert-cycle,baseline,4,10.407576
u64,ahash,1024,insert-cycle,quick_cache,4,9.235195
u64,ahash,1024,insert-cycle,lru,4,20.854016
u64,ahash,1024,insert-cycle,micro,5,108.751408
u64,ahash,1024,insert-cycle,baseline,5,52.335958
u64,ahash,1024,insert-cycle,quick_cache,5,19.217747
u64,ahash,1024,insert-cycle,lru,5,17.557635
u64,ahash,1024,insert-cycle,hashlink,5,18.071942
u64,ahash,1024,insert-cycle,baseline,6,11.879141
u64,ahash,1024,insert-cycle,quick_cache,6,8.072756
u64,ahash,1024,insert-cycle,lru,6,17.343508
u64,ahash,1024,insert-cycle,hashlink,6,17.341776
u64,ahash,1024,insert-cycle,micro,6,11.012629
u64,ahash,1024,insert-cycle,quick_cache,7,8.099284
u64,ahash,1024,insert-cycle,lru,7,17.104642
u64,ahash,1024,insert-cycle,hashlink,7,17.002106
u64,ahash,1024,insert-cycle,micro,7,11.009880
u64,ahash,1024,insert-cycle,baseline,7,11.590894
u64,ahash,1024,insert-cycle,lru,8,16.278617
u64,ahash,1024,insert-cycle,hashlink,8,16.893972
u64,ahash,1024,insert-cycle,micro,8,11.547449
u64,ahash,1024,insert-cycle,baseline,8,10.459443
u64,ahash,1024,insert-cycle,quick_cache,8,8.334319
u64,ahash,1024,mixed-95,micro,0,2.761428
u64,ahash,1024,mixed-95,baseline,0,2.702291
u64,ahash,1024,mixed-95,quick_cache,0,5.813071
u64,ahash,1024,mixed-95,lru,0,3.365430
u64,ahash,1024,mixed-95,hashlink,0,3.292945
u64,ahash,1024,mixed-95,baseline,1,2.684409
u64,ahash,1024,mixed-95,quick_cache,1,5.814174
u64,ahash,1024,mixed-95,lru,1,3.355089
u64,ahash,1024,mixed-95,hashlink,1,3.262215
u64,ahash,1024,mixed-95,micro,1,2.665357
u64,ahash,1024,mixed-95,quick_cache,2,5.931176
u64,ahash,1024,mixed-95,lru,2,3.388182
u64,ahash,1024,mixed-95,hashlink,2,3.326693
u64,ahash,1024,mixed-95,micro,2,2.670844
u64,ahash,1024,mixed-95,baseline,2,2.734457
u64,ahash,1024,mixed-95,lru,3,3.281843
u64,ahash,1024,mixed-95,hashlink,3,3.227448
u64,ahash,1024,mixed-95,micro,3,2.653554
u64,ahash,1024,mixed-95,baseline,3,2.710663
u64,ahash,1024,mixed-95,quick_cache,3,5.805969
u64,ahash,1024,mixed-95,hashlink,4,3.334598
u64,ahash,1024,mixed-95,micro,4,2.655007
u64,ahash,1024,mixed-95,baseline,4,2.716991
u64,ahash,1024,mixed-95,quick_cache,4,5.837771
u64,ahash,1024,mixed-95,lru,4,3.382871
u64,ahash,1024,mixed-95,micro,5,2.728326
u64,ahash,1024,mixed-95,baseline,5,2.676862
u64,ahash,1024,mixed-95,quick_cache,5,5.765280
u64,ahash,1024,mixed-95,lru,5,3.363780
u64,ahash,1024,mixed-95,hashlink,5,3.325338
u64,ahash,1024,mixed-95,baseline,6,2.678185
u64,ahash,1024,mixed-95,quick_cache,6,5.814558
u64,ahash,1024,mixed-95,lru,6,3.337478
u64,ahash,1024,mixed-95,hashlink,6,3.356402
u64,ahash,1024,mixed-95,micro,6,2.772359
u64,ahash,1024,mixed-95,quick_cache,7,5.806593
u64,ahash,1024,mixed-95,lru,7,3.328268
u64,ahash,1024,mixed-95,hashlink,7,3.387395
u64,ahash,1024,mixed-95,micro,7,2.665824
u64,ahash,1024,mixed-95,baseline,7,2.679747
u64,ahash,1024,mixed-95,lru,8,3.279933
u64,ahash,1024,mixed-95,hashlink,8,3.237823
u64,ahash,1024,mixed-95,micro,8,2.654432
u64,ahash,1024,mixed-95,baseline,8,2.651925
u64,ahash,1024,mixed-95,quick_cache,8,5.802802
u64,ahash,1024,load-hit,micro,0,2.387563
u64,ahash,1024,load-hit,baseline,0,2.342994
u64,ahash,1024,load-hit,quick_cache,0,3.226886
u64,ahash,1024,load-hit,lru,0,3.319256
u64,ahash,1024,load-hit,hashlink,0,3.283456
u64,ahash,1024,load-hit,baseline,1,2.301496
u64,ahash,1024,load-hit,quick_cache,1,3.177676
u64,ahash,1024,load-hit,lru,1,3.366910
u64,ahash,1024,load-hit,hashlink,1,3.265816
u64,ahash,1024,load-hit,micro,1,2.290761
u64,ahash,1024,load-hit,quick_cache,2,3.174012
u64,ahash,1024,load-hit,lru,2,3.348512
u64,ahash,1024,load-hit,hashlink,2,3.268019
u64,ahash,1024,load-hit,micro,2,2.286837
u64,ahash,1024,load-hit,baseline,2,2.296887
u64,ahash,1024,load-hit,lru,3,3.351597
u64,ahash,1024,load-hit,hashlink,3,3.281597
u64,ahash,1024,load-hit,micro,3,2.329064
u64,ahash,1024,load-hit,baseline,3,2.316543
u64,ahash,1024,load-hit,quick_cache,3,3.241376
u64,ahash,1024,load-hit,hashlink,4,3.252097
u64,ahash,1024,load-hit,micro,4,2.299660
u64,ahash,1024,load-hit,baseline,4,2.288342
u64,ahash,1024,load-hit,quick_cache,4,3.195392
u64,ahash,1024,load-hit,lru,4,3.342008
u64,ahash,1024,load-hit,micro,5,2.282176
u64,ahash,1024,load-hit,baseline,5,2.284700
u64,ahash,1024,load-hit,quick_cache,5,3.201176
u64,ahash,1024,load-hit,lru,5,3.364228
u64,ahash,1024,load-hit,hashlink,5,3.282800
u64,ahash,1024,load-hit,baseline,6,2.292419
u64,ahash,1024,load-hit,quick_cache,6,3.195931
u64,ahash,1024,load-hit,lru,6,3.360091
u64,ahash,1024,load-hit,hashlink,6,3.353543
u64,ahash,1024,load-hit,micro,6,2.353394
u64,ahash,1024,load-hit,quick_cache,7,3.192875
u64,ahash,1024,load-hit,lru,7,3.375368
u64,ahash,1024,load-hit,hashlink,7,3.314484
u64,ahash,1024,load-hit,micro,7,2.291142
u64,ahash,1024,load-hit,baseline,7,2.286399
u64,ahash,1024,load-hit,lru,8,3.368000
u64,ahash,1024,load-hit,hashlink,8,3.288460
u64,ahash,1024,load-hit,micro,8,2.283049
u64,ahash,1024,load-hit,baseline,8,2.291790
u64,ahash,1024,load-hit,quick_cache,8,3.197502
u64,ahash,1024,load-cycle,micro,0,11.126061
u64,ahash,1024,load-cycle,baseline,0,11.642213
u64,ahash,1024,load-cycle,quick_cache,0,8.827402
u64,ahash,1024,load-cycle,lru,0,16.555925
u64,ahash,1024,load-cycle,hashlink,0,19.209545
u64,ahash,1024,load-cycle,baseline,1,10.845893
u64,ahash,1024,load-cycle,quick_cache,1,8.752676
u64,ahash,1024,load-cycle,lru,1,16.576406
u64,ahash,1024,load-cycle,hashlink,1,18.783650
u64,ahash,1024,load-cycle,micro,1,11.101740
u64,ahash,1024,load-cycle,quick_cache,2,8.686039
u64,ahash,1024,load-cycle,lru,2,16.162806
u64,ahash,1024,load-cycle,hashlink,2,18.693840
u64,ahash,1024,load-cycle,micro,2,10.711670
u64,ahash,1024,load-cycle,baseline,2,10.625866
u64,ahash,1024,load-cycle,lru,3,16.300863
u64,ahash,1024,load-cycle,hashlink,3,18.657342
u64,ahash,1024,load-cycle,micro,3,10.706916
u64,ahash,1024,load-cycle,baseline,3,10.521709
u64,ahash,1024,load-cycle,quick_cache,3,8.682215
u64,ahash,1024,load-cycle,hashlink,4,18.797731
u64,ahash,1024,load-cycle,micro,4,11.070469
u64,ahash,1024,load-cycle,baseline,4,10.716576
u64,ahash,1024,load-cycle,quick_cache,4,8.703556
u64,ahash,1024,load-cycle,lru,4,15.979112
u64,ahash,1024,load-cycle,micro,5,10.717737
u64,ahash,1024,load-cycle,baseline,5,10.582598
u64,ahash,1024,load-cycle,quick_cache,5,8.666559
u64,ahash,1024,load-cycle,lru,5,16.578194
u64,ahash,1024,load-cycle,hashlink,5,18.661848
u64,ahash,1024,load-cycle,baseline,6,10.559960
u64,ahash,1024,load-cycle,quick_cache,6,8.707031
u64,ahash,1024,load-cycle,lru,6,16.717405
u64,ahash,1024,load-cycle,hashlink,6,18.721486
u64,ahash,1024,load-cycle,micro,6,10.843642
u64,ahash,1024,load-cycle,quick_cache,7,8.672330
u64,ahash,1024,load-cycle,lru,7,16.268765
u64,ahash,1024,load-cycle,hashlink,7,19.158047
u64,ahash,1024,load-cycle,micro,7,10.793094
u64,ahash,1024,load-cycle,baseline,7,10.704517
u64,ahash,1024,load-cycle,lru,8,16.505886
u64,ahash,1024,load-cycle,hashlink,8,19.130547
u64,ahash,1024,load-cycle,micro,8,10.732728
u64,ahash,1024,load-cycle,baseline,8,10.662495
u64,ahash,1024,load-cycle,quick_cache,8,8.693274
u64,ahash,1024,clear-refill,micro,0,4893.346380
u64,ahash,1024,clear-refill,baseline,0,5066.574468
u64,ahash,1024,clear-refill,quick_cache,0,5870.794601
u64,ahash,1024,clear-refill,lru,0,23095.811060
u64,ahash,1024,clear-refill,hashlink,0,15457.305556
u64,ahash,1024,clear-refill,baseline,1,5040.742944
u64,ahash,1024,clear-refill,quick_cache,1,5866.011723
u64,ahash,1024,clear-refill,lru,1,24103.163462
u64,ahash,1024,clear-refill,hashlink,1,15942.942675
u64,ahash,1024,clear-refill,micro,1,4938.712734
u64,ahash,1024,clear-refill,quick_cache,2,6145.552147
u64,ahash,1024,clear-refill,lru,2,25774.484536
u64,ahash,1024,clear-refill,hashlink,2,15584.632399
u64,ahash,1024,clear-refill,micro,2,4960.730159
u64,ahash,1024,clear-refill,baseline,2,5009.759760
u64,ahash,1024,clear-refill,lru,3,23015.862385
u64,ahash,1024,clear-refill,hashlink,3,15498.065015
u64,ahash,1024,clear-refill,micro,3,4803.754083
u64,ahash,1024,clear-refill,baseline,3,5045.996973
u64,ahash,1024,clear-refill,quick_cache,3,5850.098246
u64,ahash,1024,clear-refill,hashlink,4,14931.591045
u64,ahash,1024,clear-refill,micro,4,4879.715122
u64,ahash,1024,clear-refill,baseline,4,5012.024048
u64,ahash,1024,clear-refill,quick_cache,4,5963.150179
u64,ahash,1024,clear-refill,lru,4,23667.650943
u64,ahash,1024,clear-refill,micro,5,5093.261711
u64,ahash,1024,clear-refill,baseline,5,5045.913219
u64,ahash,1024,clear-refill,quick_cache,5,5777.136259
u64,ahash,1024,clear-refill,lru,5,23035.743119
u64,ahash,1024,clear-refill,hashlink,5,14858.308605
u64,ahash,1024,clear-refill,baseline,6,5015.337011
u64,ahash,1024,clear-refill,quick_cache,6,5846.329439
u64,ahash,1024,clear-refill,lru,6,22912.484018
u64,ahash,1024,clear-refill,hashlink,6,14889.383929
u64,ahash,1024,clear-refill,micro,6,4884.561523
u64,ahash,1024,clear-refill,quick_cache,7,5835.472579
u64,ahash,1024,clear-refill,lru,7,23132.488479
u64,ahash,1024,clear-refill,hashlink,7,14933.582090
u64,ahash,1024,clear-refill,micro,7,4867.137160
u64,ahash,1024,clear-refill,baseline,7,5030.222334
u64,ahash,1024,clear-refill,lru,8,23425.429907
u64,ahash,1024,clear-refill,hashlink,8,15349.819018
u64,ahash,1024,clear-refill,micro,8,4899.689520
u64,ahash,1024,clear-refill,baseline,8,5050.370333
u64,ahash,1024,clear-refill,quick_cache,8,5774.971132
u64,ahash,1024,clear-empty,micro,0,0.366701
u64,ahash,1024,clear-empty,baseline,0,61.341803
u64,ahash,1024,clear-empty,quick_cache,0,1.786539
u64,ahash,1024,clear-empty,lru,0,0.567126
u64,ahash,1024,clear-empty,hashlink,0,0.599888
u64,ahash,1024,clear-empty,baseline,1,63.851550
u64,ahash,1024,clear-empty,quick_cache,1,1.762562
u64,ahash,1024,clear-empty,lru,1,0.570120
u64,ahash,1024,clear-empty,hashlink,1,0.594153
u64,ahash,1024,clear-empty,micro,1,0.366220
u64,ahash,1024,clear-empty,quick_cache,2,1.751126
u64,ahash,1024,clear-empty,lru,2,0.579602
u64,ahash,1024,clear-empty,hashlink,2,0.620242
u64,ahash,1024,clear-empty,micro,2,0.367809
u64,ahash,1024,clear-empty,baseline,2,61.432626
u64,ahash,1024,clear-empty,lru,3,0.576140
u64,ahash,1024,clear-empty,hashlink,3,0.599422
u64,ahash,1024,clear-empty,micro,3,0.365326
u64,ahash,1024,clear-empty,baseline,3,61.569502
u64,ahash,1024,clear-empty,quick_cache,3,1.759402
u64,ahash,1024,clear-empty,hashlink,4,0.601665
u64,ahash,1024,clear-empty,micro,4,0.364511
u64,ahash,1024,clear-empty,baseline,4,61.391801
u64,ahash,1024,clear-empty,quick_cache,4,1.757300
u64,ahash,1024,clear-empty,lru,4,0.573610
u64,ahash,1024,clear-empty,micro,5,0.362260
u64,ahash,1024,clear-empty,baseline,5,61.277503
u64,ahash,1024,clear-empty,quick_cache,5,1.751440
u64,ahash,1024,clear-empty,lru,5,0.581102
u64,ahash,1024,clear-empty,hashlink,5,0.605982
u64,ahash,1024,clear-empty,baseline,6,62.214906
u64,ahash,1024,clear-empty,quick_cache,6,1.770462
u64,ahash,1024,clear-empty,lru,6,0.575406
u64,ahash,1024,clear-empty,hashlink,6,0.601850
u64,ahash,1024,clear-empty,micro,6,0.363798
u64,ahash,1024,clear-empty,quick_cache,7,1.743059
u64,ahash,1024,clear-empty,lru,7,0.568109
u64,ahash,1024,clear-empty,hashlink,7,0.600315
u64,ahash,1024,clear-empty,micro,7,0.363978
u64,ahash,1024,clear-empty,baseline,7,61.195886
u64,ahash,1024,clear-empty,lru,8,0.567618
u64,ahash,1024,clear-empty,hashlink,8,0.602850
u64,ahash,1024,clear-empty,micro,8,0.362785
u64,ahash,1024,clear-empty,baseline,8,62.626765
u64,ahash,1024,clear-empty,quick_cache,8,1.791156
u64,ahash,1024,iter-dense,micro,0,275.635196
u64,ahash,1024,iter-dense,baseline,0,274.668607
u64,ahash,1024,iter-dense,quick_cache,0,246.652356
u64,ahash,1024,iter-dense,lru,0,1285.913934
u64,ahash,1024,iter-dense,hashlink,0,1348.846175
u64,ahash,1024,iter-dense,baseline,1,271.967826
u64,ahash,1024,iter-dense,quick_cache,1,249.091859
u64,ahash,1024,iter-dense,lru,1,1266.769405
u64,ahash,1024,iter-dense,hashlink,1,1243.530754
u64,ahash,1024,iter-dense,micro,1,265.997024
u64,ahash,1024,iter-dense,quick_cache,2,247.707458
u64,ahash,1024,iter-dense,lru,2,1278.550559
u64,ahash,1024,iter-dense,hashlink,2,1251.093750
u64,ahash,1024,iter-dense,micro,2,266.361425
u64,ahash,1024,iter-dense,baseline,2,276.710011
u64,ahash,1024,iter-dense,lru,3,1295.508523
u64,ahash,1024,iter-dense,hashlink,3,1383.273507
u64,ahash,1024,iter-dense,micro,3,267.863495
u64,ahash,1024,iter-dense,baseline,3,275.603009
u64,ahash,1024,iter-dense,quick_cache,3,249.700479
u64,ahash,1024,iter-dense,hashlink,4,1287.728484
u64,ahash,1024,iter-dense,micro,4,267.363301
u64,ahash,1024,iter-dense,baseline,4,272.253375
u64,ahash,1024,iter-dense,quick_cache,4,250.187500
u64,ahash,1024,iter-dense,lru,4,1285.049436
u64,ahash,1024,iter-dense,micro,5,263.609296
u64,ahash,1024,iter-dense,baseline,5,287.148796
u64,ahash,1024,iter-dense,quick_cache,5,250.473658
u64,ahash,1024,iter-dense,lru,5,1304.763542
u64,ahash,1024,iter-dense,hashlink,5,1318.627626
u64,ahash,1024,iter-dense,baseline,6,267.200855
u64,ahash,1024,iter-dense,quick_cache,6,248.532343
u64,ahash,1024,iter-dense,lru,6,1384.033739
u64,ahash,1024,iter-dense,hashlink,6,1290.439293
u64,ahash,1024,iter-dense,micro,6,265.214513
u64,ahash,1024,iter-dense,quick_cache,7,247.223045
u64,ahash,1024,iter-dense,lru,7,1281.986424
u64,ahash,1024,iter-dense,hashlink,7,1256.125000
u64,ahash,1024,iter-dense,micro,7,265.143909
u64,ahash,1024,iter-dense,baseline,7,276.636228
u64,ahash,1024,iter-dense,lru,8,1266.255040
u64,ahash,1024,iter-dense,hashlink,8,1249.545387
u64,ahash,1024,iter-dense,micro,8,264.162373
u64,ahash,1024,iter-dense,baseline,8,275.869433
u64,ahash,1024,iter-dense,quick_cache,8,247.155164
u64,ahash,1024,iter-dense-for,micro,0,277.122119
u64,ahash,1024,iter-dense-for,baseline,0,276.654701
u64,ahash,1024,iter-dense-for,quick_cache,0,508.408584
u64,ahash,1024,iter-dense-for,lru,0,799.758291
u64,ahash,1024,iter-dense-for,hashlink,0,944.637989
u64,ahash,1024,iter-dense-for,baseline,1,273.850263
u64,ahash,1024,iter-dense-for,quick_cache,1,266.252768
u64,ahash,1024,iter-dense-for,lru,1,758.520328
u64,ahash,1024,iter-dense-for,hashlink,1,901.610453
u64,ahash,1024,iter-dense-for,micro,1,274.351206
u64,ahash,1024,iter-dense-for,quick_cache,2,264.772367
u64,ahash,1024,iter-dense-for,lru,2,747.817411
u64,ahash,1024,iter-dense-for,hashlink,2,902.949892
u64,ahash,1024,iter-dense-for,micro,2,275.025648
u64,ahash,1024,iter-dense-for,baseline,2,274.440296
u64,ahash,1024,iter-dense-for,lru,3,753.605769
u64,ahash,1024,iter-dense-for,hashlink,3,896.153393
u64,ahash,1024,iter-dense-for,micro,3,274.849462
u64,ahash,1024,iter-dense-for,baseline,3,274.794486
u64,ahash,1024,iter-dense-for,quick_cache,3,518.707678
u64,ahash,1024,iter-dense-for,hashlink,4,963.046396
u64,ahash,1024,iter-dense-for,micro,4,274.216447
u64,ahash,1024,iter-dense-for,baseline,4,276.716925
u64,ahash,1024,iter-dense-for,quick_cache,4,514.558491
u64,ahash,1024,iter-dense-for,lru,4,763.916311
u64,ahash,1024,iter-dense-for,micro,5,275.612213
u64,ahash,1024,iter-dense-for,baseline,5,276.444291
u64,ahash,1024,iter-dense-for,quick_cache,5,508.353592
u64,ahash,1024,iter-dense-for,lru,5,753.543119
u64,ahash,1024,iter-dense-for,hashlink,5,899.223240
u64,ahash,1024,iter-dense-for,baseline,6,274.089700
u64,ahash,1024,iter-dense-for,quick_cache,6,508.526989
u64,ahash,1024,iter-dense-for,lru,6,746.540179
u64,ahash,1024,iter-dense-for,hashlink,6,899.155891
u64,ahash,1024,iter-dense-for,micro,6,274.977592
u64,ahash,1024,iter-dense-for,quick_cache,7,516.033210
u64,ahash,1024,iter-dense-for,lru,7,812.783355
u64,ahash,1024,iter-dense-for,hashlink,7,907.454299
u64,ahash,1024,iter-dense-for,micro,7,274.689257
u64,ahash,1024,iter-dense-for,baseline,7,275.837302
u64,ahash,1024,iter-dense-for,lru,8,752.341196
u64,ahash,1024,iter-dense-for,hashlink,8,901.745151
u64,ahash,1024,iter-dense-for,micro,8,274.661742
u64,ahash,1024,iter-dense-for,baseline,8,276.239510
u64,ahash,1024,iter-dense-for,quick_cache,8,266.698219
u64,ahash,1024,iter-density-1pct,micro,0,6.342246
u64,ahash,1024,iter-density-1pct,baseline,0,306.898468
u64,ahash,1024,iter-density-1pct,quick_cache,0,168.222450
u64,ahash,1024,iter-density-1pct,lru,0,4.393809
u64,ahash,1024,iter-density-1pct,hashlink,0,4.290932
u64,ahash,1024,iter-density-1pct,baseline,1,307.493738
u64,ahash,1024,iter-density-1pct,quick_cache,1,168.518757
u64,ahash,1024,iter-density-1pct,lru,1,4.505554
u64,ahash,1024,iter-density-1pct,hashlink,1,4.377154
u64,ahash,1024,iter-density-1pct,micro,1,6.368612
u64,ahash,1024,iter-density-1pct,quick_cache,2,167.324679
u64,ahash,1024,iter-density-1pct,lru,2,4.453163
u64,ahash,1024,iter-density-1pct,hashlink,2,4.301872
u64,ahash,1024,iter-density-1pct,micro,2,6.367315
u64,ahash,1024,iter-density-1pct,baseline,2,308.175997
u64,ahash,1024,iter-density-1pct,lru,3,4.326409
u64,ahash,1024,iter-density-1pct,hashlink,3,4.285166
u64,ahash,1024,iter-density-1pct,micro,3,6.274197
u64,ahash,1024,iter-density-1pct,baseline,3,304.687500
u64,ahash,1024,iter-density-1pct,quick_cache,3,173.744236
u64,ahash,1024,iter-density-1pct,hashlink,4,4.307007
u64,ahash,1024,iter-density-1pct,micro,4,6.246305
u64,ahash,1024,iter-density-1pct,baseline,4,300.906430
u64,ahash,1024,iter-density-1pct,quick_cache,4,174.538749
u64,ahash,1024,iter-density-1pct,lru,4,4.451097
u64,ahash,1024,iter-density-1pct,micro,5,6.286261
u64,ahash,1024,iter-density-1pct,baseline,5,304.717958
u64,ahash,1024,iter-density-1pct,quick_cache,5,165.414187
u64,ahash,1024,iter-density-1pct,lru,5,4.485507
u64,ahash,1024,iter-density-1pct,hashlink,5,4.269395
u64,ahash,1024,iter-density-1pct,baseline,6,306.410846
u64,ahash,1024,iter-density-1pct,quick_cache,6,165.210425
u64,ahash,1024,iter-density-1pct,lru,6,4.437986
u64,ahash,1024,iter-density-1pct,hashlink,6,4.353811
u64,ahash,1024,iter-density-1pct,micro,6,7.103802
u64,ahash,1024,iter-density-1pct,quick_cache,7,170.510428
u64,ahash,1024,iter-density-1pct,lru,7,4.385632
u64,ahash,1024,iter-density-1pct,hashlink,7,4.188517
u64,ahash,1024,iter-density-1pct,micro,7,6.153755
u64,ahash,1024,iter-density-1pct,baseline,7,312.880187
u64,ahash,1024,iter-density-1pct,lru,8,4.503217
u64,ahash,1024,iter-density-1pct,hashlink,8,4.194856
u64,ahash,1024,iter-density-1pct,micro,8,6.279344
u64,ahash,1024,iter-density-1pct,baseline,8,302.458595
u64,ahash,1024,iter-density-1pct,quick_cache,8,177.943970
u64,ahash,1024,iter-density-6pct,micro,0,266.869294
u64,ahash,1024,iter-density-6pct,baseline,0,299.336985
u64,ahash,1024,iter-density-6pct,quick_cache,0,177.747692
u64,ahash,1024,iter-density-6pct,lru,0,51.000530
u64,ahash,1024,iter-density-6pct,hashlink,0,52.447735
u64,ahash,1024,iter-density-6pct,baseline,1,293.977150
u64,ahash,1024,iter-density-6pct,quick_cache,1,178.841283
u64,ahash,1024,iter-density-6pct,lru,1,50.676962
u64,ahash,1024,iter-density-6pct,hashlink,1,52.062510
u64,ahash,1024,iter-density-6pct,micro,1,265.724480
u64,ahash,1024,iter-density-6pct,quick_cache,2,183.363240
u64,ahash,1024,iter-density-6pct,lru,2,53.537085
u64,ahash,1024,iter-density-6pct,hashlink,2,52.563351
u64,ahash,1024,iter-density-6pct,micro,2,268.171098
u64,ahash,1024,iter-density-6pct,baseline,2,299.279995
u64,ahash,1024,iter-density-6pct,lru,3,50.430411
u64,ahash,1024,iter-density-6pct,hashlink,3,52.316549
u64,ahash,1024,iter-density-6pct,micro,3,256.369518
u64,ahash,1024,iter-density-6pct,baseline,3,299.093272
u64,ahash,1024,iter-density-6pct,quick_cache,3,178.205780
u64,ahash,1024,iter-density-6pct,hashlink,4,50.788867
u64,ahash,1024,iter-density-6pct,micro,4,257.292095
u64,ahash,1024,iter-density-6pct,baseline,4,298.816922
u64,ahash,1024,iter-density-6pct,quick_cache,4,178.228050
u64,ahash,1024,iter-density-6pct,lru,4,50.850309
u64,ahash,1024,iter-density-6pct,micro,5,263.454861
u64,ahash,1024,iter-density-6pct,baseline,5,303.168362
u64,ahash,1024,iter-density-6pct,quick_cache,5,184.025735
u64,ahash,1024,iter-density-6pct,lru,5,50.830382
u64,ahash,1024,iter-density-6pct,hashlink,5,52.275437
u64,ahash,1024,iter-density-6pct,baseline,6,298.846797
u64,ahash,1024,iter-density-6pct,quick_cache,6,177.822526
u64,ahash,1024,iter-density-6pct,lru,6,50.471707
u64,ahash,1024,iter-density-6pct,hashlink,6,52.240482
u64,ahash,1024,iter-density-6pct,micro,6,265.223358
u64,ahash,1024,iter-density-6pct,quick_cache,7,179.588835
u64,ahash,1024,iter-density-6pct,lru,7,50.759256
u64,ahash,1024,iter-density-6pct,hashlink,7,52.487466
u64,ahash,1024,iter-density-6pct,micro,7,265.861926
u64,ahash,1024,iter-density-6pct,baseline,7,298.201905
u64,ahash,1024,iter-density-6pct,lru,8,50.700975
u64,ahash,1024,iter-density-6pct,hashlink,8,52.217769
u64,ahash,1024,iter-density-6pct,micro,8,258.109014
u64,ahash,1024,iter-density-6pct,baseline,8,307.422151
u64,ahash,1024,iter-density-6pct,quick_cache,8,179.889780
u64,ahash,1024,iter-density-quarter,micro,0,259.910559
u64,ahash,1024,iter-density-quarter,baseline,0,372.231548
u64,ahash,1024,iter-density-quarter,quick_cache,0,195.718281
u64,ahash,1024,iter-density-quarter,lru,0,295.444943
u64,ahash,1024,iter-density-quarter,hashlink,0,295.209316
u64,ahash,1024,iter-density-quarter,baseline,1,260.397151
u64,ahash,1024,iter-density-quarter,quick_cache,1,197.615400
u64,ahash,1024,iter-density-quarter,lru,1,297.648810
u64,ahash,1024,iter-density-quarter,hashlink,1,297.628988
u64,ahash,1024,iter-density-quarter,micro,1,268.403355
u64,ahash,1024,iter-density-quarter,quick_cache,2,197.245074
u64,ahash,1024,iter-density-quarter,lru,2,301.267943
u64,ahash,1024,iter-density-quarter,hashlink,2,296.413826
u64,ahash,1024,iter-density-quarter,micro,2,271.423340
u64,ahash,1024,iter-density-quarter,baseline,2,268.663177
u64,ahash,1024,iter-density-quarter,lru,3,308.449951
u64,ahash,1024,iter-density-quarter,hashlink,3,298.462846
u64,ahash,1024,iter-density-quarter,micro,3,269.208531
u64,ahash,1024,iter-density-quarter,baseline,3,263.850864
u64,ahash,1024,iter-density-quarter,quick_cache,3,197.719106
u64,ahash,1024,iter-density-quarter,hashlink,4,312.312874
u64,ahash,1024,iter-density-quarter,micro,4,269.825323
u64,ahash,1024,iter-density-quarter,baseline,4,264.925424
u64,ahash,1024,iter-density-quarter,quick_cache,4,199.919757
u64,ahash,1024,iter-density-quarter,lru,4,341.381755
u64,ahash,1024,iter-density-quarter,micro,5,261.699153
u64,ahash,1024,iter-density-quarter,baseline,5,262.065536
u64,ahash,1024,iter-density-quarter,quick_cache,5,196.534430
u64,ahash,1024,iter-density-quarter,lru,5,303.860740
u64,ahash,1024,iter-density-quarter,hashlink,5,297.073075
u64,ahash,1024,iter-density-quarter,baseline,6,267.374466
u64,ahash,1024,iter-density-quarter,quick_cache,6,222.374733
u64,ahash,1024,iter-density-quarter,lru,6,289.836516
u64,ahash,1024,iter-density-quarter,hashlink,6,297.018264
u64,ahash,1024,iter-density-quarter,micro,6,268.226951
u64,ahash,1024,iter-density-quarter,quick_cache,7,227.665575
u64,ahash,1024,iter-density-quarter,lru,7,293.874354
u64,ahash,1024,iter-density-quarter,hashlink,7,295.693526
u64,ahash,1024,iter-density-quarter,micro,7,263.495099
u64,ahash,1024,iter-density-quarter,baseline,7,262.273700
u64,ahash,1024,iter-density-quarter,lru,8,296.608159
u64,ahash,1024,iter-density-quarter,hashlink,8,296.362098
u64,ahash,1024,iter-density-quarter,micro,8,266.467951
u64,ahash,1024,iter-density-quarter,baseline,8,260.809427
u64,ahash,1024,iter-density-quarter,quick_cache,8,228.400639
u64,ahash,1024,iter-density-half,micro,0,262.197200
u64,ahash,1024,iter-density-half,baseline,0,268.457011
u64,ahash,1024,iter-density-half,quick_cache,0,234.300834
u64,ahash,1024,iter-density-half,lru,0,636.279472
u64,ahash,1024,iter-density-half,hashlink,0,693.255669
u64,ahash,1024,iter-density-half,baseline,1,263.921111
u64,ahash,1024,iter-density-half,quick_cache,1,228.084730
u64,ahash,1024,iter-density-half,lru,1,622.878237
u64,ahash,1024,iter-density-half,hashlink,1,700.055804
u64,ahash,1024,iter-density-half,micro,1,264.589520
u64,ahash,1024,iter-density-half,quick_cache,2,228.024007
u64,ahash,1024,iter-density-half,lru,2,730.243575
u64,ahash,1024,iter-density-half,hashlink,2,681.838859
u64,ahash,1024,iter-density-half,micro,2,265.660335
u64,ahash,1024,iter-density-half,baseline,2,263.668581
u64,ahash,1024,iter-density-half,lru,3,650.171810
u64,ahash,1024,iter-density-half,hashlink,3,704.603041
u64,ahash,1024,iter-density-half,micro,3,270.304890
u64,ahash,1024,iter-density-half,baseline,3,271.016140
u64,ahash,1024,iter-density-half,quick_cache,3,232.382197
u64,ahash,1024,iter-density-half,hashlink,4,596.851145
u64,ahash,1024,iter-density-half,micro,4,267.289850
u64,ahash,1024,iter-density-half,baseline,4,264.186550
u64,ahash,1024,iter-density-half,quick_cache,4,228.629843
u64,ahash,1024,iter-density-half,lru,4,736.245599
u64,ahash,1024,iter-density-half,micro,5,268.748228
u64,ahash,1024,iter-density-half,baseline,5,263.218119
u64,ahash,1024,iter-density-half,quick_cache,5,227.412291
u64,ahash,1024,iter-density-half,lru,5,637.512703
u64,ahash,1024,iter-density-half,hashlink,5,738.987618
u64,ahash,1024,iter-density-half,baseline,6,262.599203
u64,ahash,1024,iter-density-half,quick_cache,6,227.703512
u64,ahash,1024,iter-density-half,lru,6,651.643880
u64,ahash,1024,iter-density-half,hashlink,6,631.478957
u64,ahash,1024,iter-density-half,micro,6,275.516725
u64,ahash,1024,iter-density-half,quick_cache,7,231.859700
u64,ahash,1024,iter-density-half,lru,7,674.479122
u64,ahash,1024,iter-density-half,hashlink,7,738.883107
u64,ahash,1024,iter-density-half,micro,7,259.627180
u64,ahash,1024,iter-density-half,baseline,7,265.490185
u64,ahash,1024,iter-density-half,lru,8,643.373843
u64,ahash,1024,iter-density-half,hashlink,8,686.854715
u64,ahash,1024,iter-density-half,micro,8,268.900344
u64,ahash,1024,iter-density-half,baseline,8,263.053714
u64,ahash,1024,iter-density-half,quick_cache,8,228.077168
u64,ahash,1024,iter-front,micro,0,1.135084
u64,ahash,1024,iter-front,baseline,0,264.633566
u64,ahash,1024,iter-front,quick_cache,0,165.392130
u64,ahash,1024,iter-front,lru,0,1.179512
u64,ahash,1024,iter-front,hashlink,0,1.189978
u64,ahash,1024,iter-front,baseline,1,269.266781
u64,ahash,1024,iter-front,quick_cache,1,168.631708
u64,ahash,1024,iter-front,lru,1,1.187725
u64,ahash,1024,iter-front,hashlink,1,1.198301
u64,ahash,1024,iter-front,micro,1,1.136091
u64,ahash,1024,iter-front,quick_cache,2,165.545286
u64,ahash,1024,iter-front,lru,2,1.184744
u64,ahash,1024,iter-front,hashlink,2,1.163847
u64,ahash,1024,iter-front,micro,2,1.128086
u64,ahash,1024,iter-front,baseline,2,264.259132
u64,ahash,1024,iter-front,lru,3,1.183632
u64,ahash,1024,iter-front,hashlink,3,1.178872
u64,ahash,1024,iter-front,micro,3,1.129023
u64,ahash,1024,iter-front,baseline,3,263.461437
u64,ahash,1024,iter-front,quick_cache,3,165.737374
u64,ahash,1024,iter-front,hashlink,4,1.161166
u64,ahash,1024,iter-front,micro,4,1.157845
u64,ahash,1024,iter-front,baseline,4,270.136172
u64,ahash,1024,iter-front,quick_cache,4,166.044652
u64,ahash,1024,iter-front,lru,4,1.194691
u64,ahash,1024,iter-front,micro,5,1.142805
u64,ahash,1024,iter-front,baseline,5,267.356624
u64,ahash,1024,iter-front,quick_cache,5,166.019772
u64,ahash,1024,iter-front,lru,5,1.183246
u64,ahash,1024,iter-front,hashlink,5,1.181126
u64,ahash,1024,iter-front,baseline,6,253.408225
u64,ahash,1024,iter-front,quick_cache,6,160.138896
u64,ahash,1024,iter-front,lru,6,1.186021
u64,ahash,1024,iter-front,hashlink,6,1.148433
u64,ahash,1024,iter-front,micro,6,1.138823
u64,ahash,1024,iter-front,quick_cache,7,164.971750
u64,ahash,1024,iter-front,lru,7,1.186697
u64,ahash,1024,iter-front,hashlink,7,1.170982
u64,ahash,1024,iter-front,micro,7,1.238742
u64,ahash,1024,iter-front,baseline,7,258.035994
u64,ahash,1024,iter-front,lru,8,1.173788
u64,ahash,1024,iter-front,hashlink,8,1.197575
u64,ahash,1024,iter-front,micro,8,1.128746
u64,ahash,1024,iter-front,baseline,8,261.070952
u64,ahash,1024,iter-front,quick_cache,8,165.060718
u64,ahash,1024,iter-back,micro,0,1.176324
u64,ahash,1024,iter-back,baseline,0,261.220993
u64,ahash,1024,iter-back,quick_cache,0,165.421098
u64,ahash,1024,iter-back,lru,0,1.193741
u64,ahash,1024,iter-back,hashlink,0,1.152609
u64,ahash,1024,iter-back,baseline,1,262.747269
u64,ahash,1024,iter-back,quick_cache,1,165.744300
u64,ahash,1024,iter-back,lru,1,1.186796
u64,ahash,1024,iter-back,hashlink,1,1.171939
u64,ahash,1024,iter-back,micro,1,1.195193
u64,ahash,1024,iter-back,quick_cache,2,168.595200
u64,ahash,1024,iter-back,lru,2,1.190830
u64,ahash,1024,iter-back,hashlink,2,1.165706
u64,ahash,1024,iter-back,micro,2,1.168146
u64,ahash,1024,iter-back,baseline,2,263.126052
u64,ahash,1024,iter-back,lru,3,1.199533
u64,ahash,1024,iter-back,hashlink,3,1.177787
u64,ahash,1024,iter-back,micro,3,1.172485
u64,ahash,1024,iter-back,baseline,3,269.248870
u64,ahash,1024,iter-back,quick_cache,3,166.521066
u64,ahash,1024,iter-back,hashlink,4,1.156362
u64,ahash,1024,iter-back,micro,4,1.171588
u64,ahash,1024,iter-back,baseline,4,262.810767
u64,ahash,1024,iter-back,quick_cache,4,166.713886
u64,ahash,1024,iter-back,lru,4,1.203043
u64,ahash,1024,iter-back,micro,5,1.182816
u64,ahash,1024,iter-back,baseline,5,270.700422
u64,ahash,1024,iter-back,quick_cache,5,161.369647
u64,ahash,1024,iter-back,lru,5,1.177308
u64,ahash,1024,iter-back,hashlink,5,1.163388
u64,ahash,1024,iter-back,baseline,6,260.199979
u64,ahash,1024,iter-back,quick_cache,6,165.985238
u64,ahash,1024,iter-back,lru,6,1.197648
u64,ahash,1024,iter-back,hashlink,6,1.195998
u64,ahash,1024,iter-back,micro,6,1.152558
u64,ahash,1024,iter-back,quick_cache,7,166.050910
u64,ahash,1024,iter-back,lru,7,1.186174
u64,ahash,1024,iter-back,hashlink,7,1.160864
u64,ahash,1024,iter-back,micro,7,1.157630
u64,ahash,1024,iter-back,baseline,7,263.108481
u64,ahash,1024,iter-back,lru,8,1.225125
u64,ahash,1024,iter-back,hashlink,8,1.185014
u64,ahash,1024,iter-back,micro,8,1.239253
u64,ahash,1024,iter-back,baseline,8,259.429830
u64,ahash,1024,iter-back,quick_cache,8,164.243041
u64,ahash,1024,iter-empty,micro,0,0.826510
u64,ahash,1024,iter-empty,baseline,0,248.838682
u64,ahash,1024,iter-empty,quick_cache,0,163.882338
u64,ahash,1024,iter-empty,lru,0,0.984202
u64,ahash,1024,iter-empty,hashlink,0,1.009184
u64,ahash,1024,iter-empty,baseline,1,247.066746
u64,ahash,1024,iter-empty,quick_cache,1,163.200809
u64,ahash,1024,iter-empty,lru,1,1.002438
u64,ahash,1024,iter-empty,hashlink,1,1.005612
u64,ahash,1024,iter-empty,micro,1,0.795044
u64,ahash,1024,iter-empty,quick_cache,2,165.502381
u64,ahash,1024,iter-empty,lru,2,0.998014
u64,ahash,1024,iter-empty,hashlink,2,1.014255
u64,ahash,1024,iter-empty,micro,2,0.804049
u64,ahash,1024,iter-empty,baseline,2,268.030392
u64,ahash,1024,iter-empty,lru,3,0.995242
u64,ahash,1024,iter-empty,hashlink,3,1.004933
u64,ahash,1024,iter-empty,micro,3,0.786077
u64,ahash,1024,iter-empty,baseline,3,260.193532
u64,ahash,1024,iter-empty,quick_cache,3,164.533980
u64,ahash,1024,iter-empty,hashlink,4,1.004985
u64,ahash,1024,iter-empty,micro,4,0.778991
u64,ahash,1024,iter-empty,baseline,4,259.657496
u64,ahash,1024,iter-empty,quick_cache,4,180.798410
u64,ahash,1024,iter-empty,lru,4,0.988661
u64,ahash,1024,iter-empty,micro,5,0.762917
u64,ahash,1024,iter-empty,baseline,5,248.950836
u64,ahash,1024,iter-empty,quick_cache,5,163.585774
u64,ahash,1024,iter-empty,lru,5,0.997790
u64,ahash,1024,iter-empty,hashlink,5,1.028617
u64,ahash,1024,iter-empty,baseline,6,264.545421
u64,ahash,1024,iter-empty,quick_cache,6,163.022452
u64,ahash,1024,iter-empty,lru,6,0.996645
u64,ahash,1024,iter-empty,hashlink,6,1.003926
u64,ahash,1024,iter-empty,micro,6,0.797165
u64,ahash,1024,iter-empty,quick_cache,7,164.514803
u64,ahash,1024,iter-empty,lru,7,0.996181
u64,ahash,1024,iter-empty,hashlink,7,1.003474
u64,ahash,1024,iter-empty,micro,7,0.778952
u64,ahash,1024,iter-empty,baseline,7,257.615167
u64,ahash,1024,iter-empty,lru,8,0.995673
u64,ahash,1024,iter-empty,hashlink,8,1.011779
u64,ahash,1024,iter-empty,micro,8,0.795457
u64,ahash,1024,iter-empty,baseline,8,258.875310
u64,ahash,1024,iter-empty,quick_cache,8,163.968225
u64,ahash,1024,iter-count,micro,0,0.403722
u64,ahash,1024,iter-count,baseline,0,264.397698
u64,ahash,1024,iter-count,quick_cache,0,481.810499
u64,ahash,1024,iter-count,lru,0,0.394362
u64,ahash,1024,iter-count,hashlink,0,0.397243
u64,ahash,1024,iter-count,baseline,1,259.427272
u64,ahash,1024,iter-count,quick_cache,1,477.443788
u64,ahash,1024,iter-count,lru,1,0.394741
u64,ahash,1024,iter-count,hashlink,1,0.396456
u64,ahash,1024,iter-count,micro,1,0.399669
u64,ahash,1024,iter-count,quick_cache,2,487.237138
u64,ahash,1024,iter-count,lru,2,0.395858
u64,ahash,1024,iter-count,hashlink,2,0.397130
u64,ahash,1024,iter-count,micro,2,0.398849
u64,ahash,1024,iter-count,baseline,2,258.386462
u64,ahash,1024,iter-count,lru,3,0.394271
u64,ahash,1024,iter-count,hashlink,3,0.404969
u64,ahash,1024,iter-count,micro,3,0.407215
u64,ahash,1024,iter-count,baseline,3,259.720652
u64,ahash,1024,iter-count,quick_cache,3,477.312786
u64,ahash,1024,iter-count,hashlink,4,0.394176
u64,ahash,1024,iter-count,micro,4,0.397380
u64,ahash,1024,iter-count,baseline,4,257.793226
u64,ahash,1024,iter-count,quick_cache,4,476.435499
u64,ahash,1024,iter-count,lru,4,0.393577
u64,ahash,1024,iter-count,micro,5,0.397376
u64,ahash,1024,iter-count,baseline,5,257.283512
u64,ahash,1024,iter-count,quick_cache,5,469.059989
u64,ahash,1024,iter-count,lru,5,0.390523
u64,ahash,1024,iter-count,hashlink,5,0.395754
u64,ahash,1024,iter-count,baseline,6,257.782535
u64,ahash,1024,iter-count,quick_cache,6,471.606120
u64,ahash,1024,iter-count,lru,6,0.404054
u64,ahash,1024,iter-count,hashlink,6,0.404399
u64,ahash,1024,iter-count,micro,6,0.394088
u64,ahash,1024,iter-count,quick_cache,7,475.651786
u64,ahash,1024,iter-count,lru,7,0.394017
u64,ahash,1024,iter-count,hashlink,7,0.398833
u64,ahash,1024,iter-count,micro,7,0.399363
u64,ahash,1024,iter-count,baseline,7,258.617753
u64,ahash,1024,iter-count,lru,8,0.395514
u64,ahash,1024,iter-count,hashlink,8,0.399027
u64,ahash,1024,iter-count,micro,8,0.398004
u64,ahash,1024,iter-count,baseline,8,262.471771
u64,ahash,1024,iter-count,quick_cache,8,481.234947
u64,ahash,16384,get-hit,micro,0,3.271501
u64,ahash,16384,get-hit,baseline,0,3.322878
u64,ahash,16384,get-hit,quick_cache,0,3.626265
u64,ahash,16384,get-hit,lru,0,6.709619
u64,ahash,16384,get-hit,hashlink,0,6.389989
u64,ahash,16384,get-hit,baseline,1,3.118347
u64,ahash,16384,get-hit,quick_cache,1,3.667073
u64,ahash,16384,get-hit,lru,1,6.377431
u64,ahash,16384,get-hit,hashlink,1,6.376161
u64,ahash,16384,get-hit,micro,1,3.185537
u64,ahash,16384,get-hit,quick_cache,2,3.518992
u64,ahash,16384,get-hit,lru,2,6.353005
u64,ahash,16384,get-hit,hashlink,2,6.452862
u64,ahash,16384,get-hit,micro,2,3.178335
u64,ahash,16384,get-hit,baseline,2,3.157861
u64,ahash,16384,get-hit,lru,3,6.347131
u64,ahash,16384,get-hit,hashlink,3,6.366941
u64,ahash,16384,get-hit,micro,3,3.210337
u64,ahash,16384,get-hit,baseline,3,3.325642
u64,ahash,16384,get-hit,quick_cache,3,3.745299
u64,ahash,16384,get-hit,hashlink,4,6.343829
u64,ahash,16384,get-hit,micro,4,3.304092
u64,ahash,16384,get-hit,baseline,4,3.185272
u64,ahash,16384,get-hit,quick_cache,4,3.699347
u64,ahash,16384,get-hit,lru,4,6.320861
u64,ahash,16384,get-hit,micro,5,3.199872
u64,ahash,16384,get-hit,baseline,5,3.173960
u64,ahash,16384,get-hit,quick_cache,5,3.656506
u64,ahash,16384,get-hit,lru,5,6.372293
u64,ahash,16384,get-hit,hashlink,5,6.653827
u64,ahash,16384,get-hit,baseline,6,3.361209
u64,ahash,16384,get-hit,quick_cache,6,4.099255
u64,ahash,16384,get-hit,lru,6,6.737565
u64,ahash,16384,get-hit,hashlink,6,6.956100
u64,ahash,16384,get-hit,micro,6,3.948352
u64,ahash,16384,get-hit,quick_cache,7,3.566239
u64,ahash,16384,get-hit,lru,7,6.309903
u64,ahash,16384,get-hit,hashlink,7,6.423527
u64,ahash,16384,get-hit,micro,7,3.204825
u64,ahash,16384,get-hit,baseline,7,3.402032
u64,ahash,16384,get-hit,lru,8,6.839216
u64,ahash,16384,get-hit,hashlink,8,6.956274
u64,ahash,16384,get-hit,micro,8,3.428999
u64,ahash,16384,get-hit,baseline,8,3.404377
u64,ahash,16384,get-hit,quick_cache,8,3.771998
u64,ahash,16384,get-miss,micro,0,2.039066
u64,ahash,16384,get-miss,baseline,0,2.005472
u64,ahash,16384,get-miss,quick_cache,0,2.017651
u64,ahash,16384,get-miss,lru,0,2.465750
u64,ahash,16384,get-miss,hashlink,0,1.988977
u64,ahash,16384,get-miss,baseline,1,2.033998
u64,ahash,16384,get-miss,quick_cache,1,2.017517
u64,ahash,16384,get-miss,lru,1,2.455848
u64,ahash,16384,get-miss,hashlink,1,1.960168
u64,ahash,16384,get-miss,micro,1,2.047723
u64,ahash,16384,get-miss,quick_cache,2,2.004788
u64,ahash,16384,get-miss,lru,2,2.463782
u64,ahash,16384,get-miss,hashlink,2,1.939416
u64,ahash,16384,get-miss,micro,2,2.054082
u64,ahash,16384,get-miss,baseline,2,2.015637
u64,ahash,16384,get-miss,lru,3,2.446553
u64,ahash,16384,get-miss,hashlink,3,1.949318
u64,ahash,16384,get-miss,micro,3,2.044933
u64,ahash,16384,get-miss,baseline,3,2.007056
u64,ahash,16384,get-miss,quick_cache,3,2.043096
u64,ahash,16384,get-miss,hashlink,4,1.989541
u64,ahash,16384,get-miss,micro,4,2.050259
u64,ahash,16384,get-miss,baseline,4,2.003504
u64,ahash,16384,get-miss,quick_cache,4,2.010044
u64,ahash,16384,get-miss,lru,4,2.445943
u64,ahash,16384,get-miss,micro,5,2.040168
u64,ahash,16384,get-miss,baseline,5,2.006356
u64,ahash,16384,get-miss,quick_cache,5,2.019565
u64,ahash,16384,get-miss,lru,5,2.458605
u64,ahash,16384,get-miss,hashlink,5,1.944021
u64,ahash,16384,get-miss,baseline,6,2.003304
u64,ahash,16384,get-miss,quick_cache,6,2.024855
u64,ahash,16384,get-miss,lru,6,2.677047
u64,ahash,16384,get-miss,hashlink,6,1.945204
u64,ahash,16384,get-miss,micro,6,2.071282
u64,ahash,16384,get-miss,quick_cache,7,2.075385
u64,ahash,16384,get-miss,lru,7,2.593391
u64,ahash,16384,get-miss,hashlink,7,1.929651
u64,ahash,16384,get-miss,micro,7,2.035489
u64,ahash,16384,get-miss,baseline,7,2.021200
u64,ahash,16384,get-miss,lru,8,2.414768
u64,ahash,16384,get-miss,hashlink,8,1.926474
u64,ahash,16384,get-miss,micro,8,2.023322
u64,ahash,16384,get-miss,baseline,8,2.007073
u64,ahash,16384,get-miss,quick_cache,8,2.004671
u64,ahash,16384,update,micro,0,3.429341
u64,ahash,16384,update,baseline,0,3.251177
u64,ahash,16384,update,quick_cache,0,6.529896
u64,ahash,16384,update,lru,0,6.393380
u64,ahash,16384,update,hashlink,0,7.619787
u64,ahash,16384,update,baseline,1,3.315501
u64,ahash,16384,update,quick_cache,1,6.645148
u64,ahash,16384,update,lru,1,6.432676
u64,ahash,16384,update,hashlink,1,7.614639
u64,ahash,16384,update,micro,1,3.525102
u64,ahash,16384,update,quick_cache,2,6.479792
u64,ahash,16384,update,lru,2,6.399949
u64,ahash,16384,update,hashlink,2,7.625815
u64,ahash,16384,update,micro,2,3.232280
u64,ahash,16384,update,baseline,2,3.297594
u64,ahash,16384,update,lru,3,6.152039
u64,ahash,16384,update,hashlink,3,7.573321
u64,ahash,16384,update,micro,3,3.164604
u64,ahash,16384,update,baseline,3,3.064550
u64,ahash,16384,update,quick_cache,3,5.990520
u64,ahash,16384,update,hashlink,4,7.409705
u64,ahash,16384,update,micro,4,3.343092
u64,ahash,16384,update,baseline,4,3.243744
u64,ahash,16384,update,quick_cache,4,6.470048
u64,ahash,16384,update,lru,4,6.403870
u64,ahash,16384,update,micro,5,3.433457
u64,ahash,16384,update,baseline,5,3.224557
u64,ahash,16384,update,quick_cache,5,6.450506
u64,ahash,16384,update,lru,5,6.410333
u64,ahash,16384,update,hashlink,5,7.534430
u64,ahash,16384,update,baseline,6,3.231445
u64,ahash,16384,update,quick_cache,6,6.480167
u64,ahash,16384,update,lru,6,6.396665
u64,ahash,16384,update,hashlink,6,7.534617
u64,ahash,16384,update,micro,6,3.405196
u64,ahash,16384,update,quick_cache,7,6.505871
u64,ahash,16384,update,lru,7,6.627784
u64,ahash,16384,update,hashlink,7,7.640712
u64,ahash,16384,update,micro,7,3.286164
u64,ahash,16384,update,baseline,7,3.251475
u64,ahash,16384,update,lru,8,6.397990
u64,ahash,16384,update,hashlink,8,7.578407
u64,ahash,16384,update,micro,8,3.261323
u64,ahash,16384,update,baseline,8,3.273867
u64,ahash,16384,update,quick_cache,8,6.539907
u64,ahash,16384,insert-cycle,micro,0,26.737213
u64,ahash,16384,insert-cycle,baseline,0,26.710932
u64,ahash,16384,insert-cycle,quick_cache,0,10.768974
u64,ahash,16384,insert-cycle,lru,0,27.952194
u64,ahash,16384,insert-cycle,hashlink,0,26.979660
u64,ahash,16384,insert-cycle,baseline,1,26.725347
u64,ahash,16384,insert-cycle,quick_cache,1,11.052904
u64,ahash,16384,insert-cycle,lru,1,27.287587
u64,ahash,16384,insert-cycle,hashlink,1,27.341415
u64,ahash,16384,insert-cycle,micro,1,27.362188
u64,ahash,16384,insert-cycle,quick_cache,2,10.914485
u64,ahash,16384,insert-cycle,lru,2,27.245631
u64,ahash,16384,insert-cycle,hashlink,2,26.902095
u64,ahash,16384,insert-cycle,micro,2,26.917353
u64,ahash,16384,insert-cycle,baseline,2,26.496679
u64,ahash,16384,insert-cycle,lru,3,27.494008
u64,ahash,16384,insert-cycle,hashlink,3,26.712840
u64,ahash,16384,insert-cycle,micro,3,27.023951
u64,ahash,16384,insert-cycle,baseline,3,26.204427
u64,ahash,16384,insert-cycle,quick_cache,3,11.074339
u64,ahash,16384,insert-cycle,hashlink,4,27.025223
u64,ahash,16384,insert-cycle,micro,4,27.014837
u64,ahash,16384,insert-cycle,baseline,4,26.612808
u64,ahash,16384,insert-cycle,quick_cache,4,10.811700
u64,ahash,16384,insert-cycle,lru,4,27.396520
u64,ahash,16384,insert-cycle,micro,5,26.582082
u64,ahash,16384,insert-cycle,baseline,5,26.477392
u64,ahash,16384,insert-cycle,quick_cache,5,10.915484
u64,ahash,16384,insert-cycle,lru,5,27.348623
u64,ahash,16384,insert-cycle,hashlink,5,26.703303
u64,ahash,16384,insert-cycle,baseline,6,26.748230
u64,ahash,16384,insert-cycle,quick_cache,6,10.824668
u64,ahash,16384,insert-cycle,lru,6,27.759552
u64,ahash,16384,insert-cycle,hashlink,6,27.345230
u64,ahash,16384,insert-cycle,micro,6,27.203028
u64,ahash,16384,insert-cycle,quick_cache,7,10.900317
u64,ahash,16384,insert-cycle,lru,7,27.370661
u64,ahash,16384,insert-cycle,hashlink,7,26.599248
u64,ahash,16384,insert-cycle,micro,7,26.935791
u64,ahash,16384,insert-cycle,baseline,7,26.291107
u64,ahash,16384,insert-cycle,lru,8,27.625402
u64,ahash,16384,insert-cycle,hashlink,8,27.128011
u64,ahash,16384,insert-cycle,micro,8,26.476756
u64,ahash,16384,insert-cycle,baseline,8,26.258469
u64,ahash,16384,insert-cycle,quick_cache,8,10.913485
u64,ahash,16384,mixed-95,micro,0,4.109257
u64,ahash,16384,mixed-95,baseline,0,4.167968
u64,ahash,16384,mixed-95,quick_cache,0,4.858189
u64,ahash,16384,mixed-95,lru,0,6.319288
u64,ahash,16384,mixed-95,hashlink,0,6.575281
u64,ahash,16384,mixed-95,baseline,1,4.173331
u64,ahash,16384,mixed-95,quick_cache,1,4.764607
u64,ahash,16384,mixed-95,lru,1,6.290773
u64,ahash,16384,mixed-95,hashlink,1,6.546507
u64,ahash,16384,mixed-95,micro,1,4.229877
u64,ahash,16384,mixed-95,quick_cache,2,4.824981
u64,ahash,16384,mixed-95,lru,2,6.465657
u64,ahash,16384,mixed-95,hashlink,2,6.678927
u64,ahash,16384,mixed-95,micro,2,4.089831
u64,ahash,16384,mixed-95,baseline,2,4.271074
u64,ahash,16384,mixed-95,lru,3,6.277643
u64,ahash,16384,mixed-95,hashlink,3,6.546345
u64,ahash,16384,mixed-95,micro,3,4.226614
u64,ahash,16384,mixed-95,baseline,3,4.121239
u64,ahash,16384,mixed-95,quick_cache,3,4.767090
u64,ahash,16384,mixed-95,hashlink,4,6.560414
u64,ahash,16384,mixed-95,micro,4,4.235595
u64,ahash,16384,mixed-95,baseline,4,4.221808
u64,ahash,16384,mixed-95,quick_cache,4,4.777312
u64,ahash,16384,mixed-95,lru,4,6.303506
u64,ahash,16384,mixed-95,micro,5,4.181500
u64,ahash,16384,mixed-95,baseline,5,4.201985
u64,ahash,16384,mixed-95,quick_cache,5,4.788478
u64,ahash,16384,mixed-95,lru,5,6.291344
u64,ahash,16384,mixed-95,hashlink,5,16.692099
u64,ahash,16384,mixed-95,baseline,6,8.046864
u64,ahash,16384,mixed-95,quick_cache,6,5.125809
u64,ahash,16384,mixed-95,lru,6,6.202210
u64,ahash,16384,mixed-95,hashlink,6,6.697060
u64,ahash,16384,mixed-95,micro,6,4.164611
u64,ahash,16384,mixed-95,quick_cache,7,4.789989
u64,ahash,16384,mixed-95,lru,7,6.281119
u64,ahash,16384,mixed-95,hashlink,7,6.593766
u64,ahash,16384,mixed-95,micro,7,4.213566
u64,ahash,16384,mixed-95,baseline,7,4.172916
u64,ahash,16384,mixed-95,lru,8,6.285323
u64,ahash,16384,mixed-95,hashlink,8,6.804742
u64,ahash,16384,mixed-95,micro,8,4.151044
u64,ahash,16384,mixed-95,baseline,8,4.120487
u64,ahash,16384,mixed-95,quick_cache,8,4.787247
u64,ahash,16384,load-hit,micro,0,3.864690
u64,ahash,16384,load-hit,baseline,0,3.789360
u64,ahash,16384,load-hit,quick_cache,0,5.788119
u64,ahash,16384,load-hit,lru,0,6.184279
u64,ahash,16384,load-hit,hashlink,0,6.242402
u64,ahash,16384,load-hit,baseline,1,3.874767
u64,ahash,16384,load-hit,quick_cache,1,5.887692
u64,ahash,16384,load-hit,lru,1,7.197241
u64,ahash,16384,load-hit,hashlink,1,6.557276
u64,ahash,16384,load-hit,micro,1,3.881752
u64,ahash,16384,load-hit,quick_cache,2,6.079545
u64,ahash,16384,load-hit,lru,2,6.726275
u64,ahash,16384,load-hit,hashlink,2,6.976735
u64,ahash,16384,load-hit,micro,2,3.792267
u64,ahash,16384,load-hit,baseline,2,3.883845
u64,ahash,16384,load-hit,lru,3,6.051294
u64,ahash,16384,load-hit,hashlink,3,6.285064
u64,ahash,16384,load-hit,micro,3,3.883393
u64,ahash,16384,load-hit,baseline,3,3.876247
u64,ahash,16384,load-hit,quick_cache,3,5.859327
u64,ahash,16384,load-hit,hashlink,4,6.255999
u64,ahash,16384,load-hit,micro,4,3.817558
u64,ahash,16384,load-hit,baseline,4,3.866430
u64,ahash,16384,load-hit,quick_cache,4,5.793589
u64,ahash,16384,load-hit,lru,4,6.072092
u64,ahash,16384,load-hit,micro,5,3.894198
u64,ahash,16384,load-hit,baseline,5,3.980133
u64,ahash,16384,load-hit,quick_cache,5,5.874973
u64,ahash,16384,load-hit,lru,5,6.041284
u64,ahash,16384,load-hit,hashlink,5,6.288281
u64,ahash,16384,load-hit,baseline,6,3.862105
u64,ahash,16384,load-hit,quick_cache,6,5.779961
u64,ahash,16384,load-hit,lru,6,6.036347
u64,ahash,16384,load-hit,hashlink,6,6.287503
u64,ahash,16384,load-hit,micro,6,3.803387
u64,ahash,16384,load-hit,quick_cache,7,5.811727
u64,ahash,16384,load-hit,lru,7,6.036197
u64,ahash,16384,load-hit,hashlink,7,6.277695
u64,ahash,16384,load-hit,micro,7,3.857627
u64,ahash,16384,load-hit,baseline,7,3.859354
u64,ahash,16384,load-hit,lru,8,6.091631
u64,ahash,16384,load-hit,hashlink,8,6.541638
u64,ahash,16384,load-hit,micro,8,3.899544
u64,ahash,16384,load-hit,baseline,8,3.898345
u64,ahash,16384,load-hit,quick_cache,8,5.784905
u64,ahash,16384,load-cycle,micro,0,27.605906
u64,ahash,16384,load-cycle,baseline,0,27.478745
u64,ahash,16384,load-cycle,quick_cache,0,10.949090
u64,ahash,16384,load-cycle,lru,0,26.282837
u64,ahash,16384,load-cycle,hashlink,0,29.405172
u64,ahash,16384,load-cycle,baseline,1,27.216380
u64,ahash,16384,load-cycle,quick_cache,1,10.828654
u64,ahash,16384,load-cycle,lru,1,25.725047
u64,ahash,16384,load-cycle,hashlink,1,29.346252
u64,ahash,16384,load-cycle,micro,1,27.570933
u64,ahash,16384,load-cycle,quick_cache,2,11.245364
u64,ahash,16384,load-cycle,lru,2,25.993561
u64,ahash,16384,load-cycle,hashlink,2,29.692754
u64,ahash,16384,load-cycle,micro,2,27.354558
u64,ahash,16384,load-cycle,baseline,2,27.448654
u64,ahash,16384,load-cycle,lru,3,26.694194
u64,ahash,16384,load-cycle,hashlink,3,28.970510
u64,ahash,16384,load-cycle,micro,3,27.341629
u64,ahash,16384,load-cycle,baseline,3,27.531733
u64,ahash,16384,load-cycle,quick_cache,3,11.357808
u64,ahash,16384,load-cycle,hashlink,4,28.957153
u64,ahash,16384,load-cycle,micro,4,27.671178
u64,ahash,16384,load-cycle,baseline,4,27.442932
u64,ahash,16384,load-cycle,quick_cache,4,11.561802
u64,ahash,16384,load-cycle,lru,4,27.537450
u64,ahash,16384,load-cycle,micro,5,27.908534
u64,ahash,16384,load-cycle,baseline,5,27.289917
u64,ahash,16384,load-cycle,quick_cache,5,11.399222
u64,ahash,16384,load-cycle,lru,5,27.114019
u64,ahash,16384,load-cycle,hashlink,5,29.697418
u64,ahash,16384,load-cycle,baseline,6,27.191376
u64,ahash,16384,load-cycle,quick_cache,6,11.312847
u64,ahash,16384,load-cycle,lru,6,26.590983
u64,ahash,16384,load-cycle,hashlink,6,29.701024
u64,ahash,16384,load-cycle,micro,6,27.398427
u64,ahash,16384,load-cycle,quick_cache,7,11.275790
u64,ahash,16384,load-cycle,lru,7,27.159582
u64,ahash,16384,load-cycle,hashlink,7,30.059601
u64,ahash,16384,load-cycle,micro,7,27.325104
u64,ahash,16384,load-cycle,baseline,7,27.559916
u64,ahash,16384,load-cycle,lru,8,27.643417
u64,ahash,16384,load-cycle,hashlink,8,29.187312
u64,ahash,16384,load-cycle,micro,8,27.805964
u64,ahash,16384,load-cycle,baseline,8,27.191589
u64,ahash,16384,load-cycle,quick_cache,8,11.255356
u64,ahash,16384,clear-refill,micro,0,88897.666667
u64,ahash,16384,clear-refill,baseline,0,94470.132075
u64,ahash,16384,clear-refill,quick_cache,0,100789.160000
u64,ahash,16384,clear-refill,lru,0,451402.833333
u64,ahash,16384,clear-refill,hashlink,0,272453.947368
u64,ahash,16384,clear-refill,baseline,1,90907.000000
u64,ahash,16384,clear-refill,quick_cache,1,103169.224490
u64,ahash,16384,clear-refill,lru,1,446191.000000
u64,ahash,16384,clear-refill,hashlink,1,275793.842105
u64,ahash,16384,clear-refill,micro,1,88726.614035
u64,ahash,16384,clear-refill,quick_cache,2,100710.000000
u64,ahash,16384,clear-refill,lru,2,450184.083333
u64,ahash,16384,clear-refill,hashlink,2,270890.368421
u64,ahash,16384,clear-refill,micro,2,89195.894737
u64,ahash,16384,clear-refill,baseline,2,89430.053571
u64,ahash,16384,clear-refill,lru,3,445590.333333
u64,ahash,16384,clear-refill,hashlink,3,272815.789474
u64,ahash,16384,clear-refill,micro,3,88795.315789
u64,ahash,16384,clear-refill,baseline,3,88623.543860
u64,ahash,16384,clear-refill,quick_cache,3,101583.320000
u64,ahash,16384,clear-refill,hashlink,4,287201.388889
u64,ahash,16384,clear-refill,micro,4,89201.035088
u64,ahash,16384,clear-refill,baseline,4,88958.333333
u64,ahash,16384,clear-refill,quick_cache,4,101295.820000
u64,ahash,16384,clear-refill,lru,4,444166.666667
u64,ahash,16384,clear-refill,micro,5,88901.315789
u64,ahash,16384,clear-refill,baseline,5,87842.842105
u64,ahash,16384,clear-refill,quick_cache,5,100900.840000
u64,ahash,16384,clear-refill,lru,5,466113.636364
u64,ahash,16384,clear-refill,hashlink,5,282141.222222
u64,ahash,16384,clear-refill,baseline,6,88614.771930
u64,ahash,16384,clear-refill,quick_cache,6,100988.340000
u64,ahash,16384,clear-refill,lru,6,452385.416667
u64,ahash,16384,clear-refill,hashlink,6,283655.055556
u64,ahash,16384,clear-refill,micro,6,87961.982456
u64,ahash,16384,clear-refill,quick_cache,7,101081.680000
u64,ahash,16384,clear-refill,lru,7,452114.583333
u64,ahash,16384,clear-refill,hashlink,7,279317.111111
u64,ahash,16384,clear-refill,micro,7,88524.842105
u64,ahash,16384,clear-refill,baseline,7,87820.175439
u64,ahash,16384,clear-refill,lru,8,450173.583333
u64,ahash,16384,clear-refill,hashlink,8,282881.944444
u64,ahash,16384,clear-refill,micro,8,87741.964912
u64,ahash,16384,clear-refill,baseline,8,87230.603448
u64,ahash,16384,clear-refill,quick_cache,8,99067.803922
u64,ahash,16384,clear-empty,micro,0,0.373197
u64,ahash,16384,clear-empty,baseline,0,321.681288
u64,ahash,16384,clear-empty,quick_cache,0,1.780734
u64,ahash,16384,clear-empty,lru,0,0.572035
u64,ahash,16384,clear-empty,hashlink,0,0.607542
u64,ahash,16384,clear-empty,baseline,1,368.435330
u64,ahash,16384,clear-empty,quick_cache,1,1.781915
u64,ahash,16384,clear-empty,lru,1,0.574441
u64,ahash,16384,clear-empty,hashlink,1,0.603073
u64,ahash,16384,clear-empty,micro,1,0.368017
u64,ahash,16384,clear-empty,quick_cache,2,1.789813
u64,ahash,16384,clear-empty,lru,2,0.578121
u64,ahash,16384,clear-empty,hashlink,2,0.602975
u64,ahash,16384,clear-empty,micro,2,0.370904
u64,ahash,16384,clear-empty,baseline,2,326.169141
u64,ahash,16384,clear-empty,lru,3,0.571885
u64,ahash,16384,clear-empty,hashlink,3,0.610195
u64,ahash,16384,clear-empty,micro,3,0.366649
u64,ahash,16384,clear-empty,baseline,3,326.033529
u64,ahash,16384,clear-empty,quick_cache,3,1.772741
u64,ahash,16384,clear-empty,hashlink,4,0.618195
u64,ahash,16384,clear-empty,micro,4,0.369497
u64,ahash,16384,clear-empty,baseline,4,317.747669
u64,ahash,16384,clear-empty,quick_cache,4,1.762692
u64,ahash,16384,clear-empty,lru,4,0.570232
u64,ahash,16384,clear-empty,micro,5,0.360169
u64,ahash,16384,clear-empty,baseline,5,664.756901
u64,ahash,16384,clear-empty,quick_cache,5,1.763966
u64,ahash,16384,clear-empty,lru,5,0.574128
u64,ahash,16384,clear-empty,hashlink,5,0.602659
u64,ahash,16384,clear-empty,baseline,6,355.547224
u64,ahash,16384,clear-empty,quick_cache,6,1.782980
u64,ahash,16384,clear-empty,lru,6,0.568430
u64,ahash,16384,clear-empty,hashlink,6,0.599173
u64,ahash,16384,clear-empty,micro,6,0.370415
u64,ahash,16384,clear-empty,quick_cache,7,1.831856
u64,ahash,16384,clear-empty,lru,7,0.582501
u64,ahash,16384,clear-empty,hashlink,7,0.604150
u64,ahash,16384,clear-empty,micro,7,0.366688
u64,ahash,16384,clear-empty,baseline,7,323.023373
u64,ahash,16384,clear-empty,lru,8,0.569954
u64,ahash,16384,clear-empty,hashlink,8,0.601842
u64,ahash,16384,clear-empty,micro,8,0.369105
u64,ahash,16384,clear-empty,baseline,8,352.765765
u64,ahash,16384,clear-empty,quick_cache,8,1.779775
u64,ahash,16384,iter-dense,micro,0,4959.920898
u64,ahash,16384,iter-dense,baseline,0,4736.111742
u64,ahash,16384,iter-dense,quick_cache,0,5275.825000
u64,ahash,16384,iter-dense,lru,0,24009.486607
u64,ahash,16384,iter-dense,hashlink,0,23030.879464
u64,ahash,16384,iter-dense,baseline,1,4847.064394
u64,ahash,16384,iter-dense,quick_cache,1,5318.966667
u64,ahash,16384,iter-dense,lru,1,24553.571429
u64,ahash,16384,iter-dense,hashlink,1,25206.473214
u64,ahash,16384,iter-dense,micro,1,5107.484879
u64,ahash,16384,iter-dense,quick_cache,2,5244.617708
u64,ahash,16384,iter-dense,lru,2,22738.281250
u64,ahash,16384,iter-dense,hashlink,2,22149.250000
u64,ahash,16384,iter-dense,micro,2,4885.701172
u64,ahash,16384,iter-dense,baseline,2,4595.015179
u64,ahash,16384,iter-dense,lru,3,23324.035714
u64,ahash,16384,iter-dense,hashlink,3,23567.522321
u64,ahash,16384,iter-dense,micro,3,4807.133523
u64,ahash,16384,iter-dense,baseline,3,4670.649816
u64,ahash,16384,iter-dense,quick_cache,3,5324.869792
u64,ahash,16384,iter-dense,hashlink,4,24367.745536
u64,ahash,16384,iter-dense,micro,4,4848.958333
u64,ahash,16384,iter-dense,baseline,4,4597.465074
u64,ahash,16384,iter-dense,quick_cache,4,5167.674395
u64,ahash,16384,iter-dense,lru,4,22775.111607
u64,ahash,16384,iter-dense,micro,5,4822.364583
u64,ahash,16384,iter-dense,baseline,5,4585.491071
u64,ahash,16384,iter-dense,quick_cache,5,5179.057460
u64,ahash,16384,iter-dense,lru,5,23763.950893
u64,ahash,16384,iter-dense,hashlink,5,22121.742188
u64,ahash,16384,iter-dense,baseline,6,4583.444643
u64,ahash,16384,iter-dense,quick_cache,6,5176.201613
u64,ahash,16384,iter-dense,lru,6,23419.084821
u64,ahash,16384,iter-dense,hashlink,6,24571.241071
u64,ahash,16384,iter-dense,micro,6,4810.132576
u64,ahash,16384,iter-dense,quick_cache,7,5269.140625
u64,ahash,16384,iter-dense,lru,7,22464.285714
u64,ahash,16384,iter-dense,hashlink,7,22349.517857
u64,ahash,16384,iter-dense,micro,7,4814.946023
u64,ahash,16384,iter-dense,baseline,7,4589.732143
u64,ahash,16384,iter-dense,lru,8,22576.263393
u64,ahash,16384,iter-dense,hashlink,8,21804.851562
u64,ahash,16384,iter-dense,micro,8,4794.704545
u64,ahash,16384,iter-dense,baseline,8,4584.411607
u64,ahash,16384,iter-dense,quick_cache,8,5176.789315
u64,ahash,16384,iter-dense-for,micro,0,4549.292857
u64,ahash,16384,iter-dense-for,baseline,0,4596.168750
u64,ahash,16384,iter-dense-for,quick_cache,0,8370.820724
u64,ahash,16384,iter-dense-for,lru,0,17887.875000
u64,ahash,16384,iter-dense-for,hashlink,0,18928.243056
u64,ahash,16384,iter-dense-for,baseline,1,4592.857143
u64,ahash,16384,iter-dense-for,quick_cache,1,8095.573438
u64,ahash,16384,iter-dense-for,lru,1,17403.645833
u64,ahash,16384,iter-dense-for,hashlink,1,17679.545139
u64,ahash,16384,iter-dense-for,micro,1,4530.729464
u64,ahash,16384,iter-dense-for,quick_cache,2,5410.425647
u64,ahash,16384,iter-dense-for,lru,2,17522.281250
u64,ahash,16384,iter-dense-for,hashlink,2,17187.109375
u64,ahash,16384,iter-dense-for,micro,2,4547.209821
u64,ahash,16384,iter-dense-for,baseline,2,4596.124081
u64,ahash,16384,iter-dense-for,lru,3,17602.430556
u64,ahash,16384,iter-dense-for,hashlink,3,23529.575893
u64,ahash,16384,iter-dense-for,micro,3,4616.230699
u64,ahash,16384,iter-dense-for,baseline,3,4666.704963
u64,ahash,16384,iter-dense-for,quick_cache,3,5461.520474
u64,ahash,16384,iter-dense-for,hashlink,4,19406.250000
u64,ahash,16384,iter-dense-for,micro,4,4661.687500
u64,ahash,16384,iter-dense-for,baseline,4,4673.177390
u64,ahash,16384,iter-dense-for,quick_cache,4,5427.082974
u64,ahash,16384,iter-dense-for,lru,4,18743.489583
u64,ahash,16384,iter-dense-for,micro,5,4671.989890
u64,ahash,16384,iter-dense-for,baseline,5,4650.313419
u64,ahash,16384,iter-dense-for,quick_cache,5,5427.307112
u64,ahash,16384,iter-dense-for,lru,5,19392.072917
u64,ahash,16384,iter-dense-for,hashlink,5,18695.892361
u64,ahash,16384,iter-dense-for,baseline,6,4821.614583
u64,ahash,16384,iter-dense-for,quick_cache,6,8212.173437
u64,ahash,16384,iter-dense-for,lru,6,19149.885417
u64,ahash,16384,iter-dense-for,hashlink,6,19338.829861
u64,ahash,16384,iter-dense-for,micro,6,4639.667279
u64,ahash,16384,iter-dense-for,quick_cache,7,5499.146552
u64,ahash,16384,iter-dense-for,lru,7,19179.687500
u64,ahash,16384,iter-dense-for,hashlink,7,18582.756944
u64,ahash,16384,iter-dense-for,micro,7,4650.850184
u64,ahash,16384,iter-dense-for,baseline,7,4661.841912
u64,ahash,16384,iter-dense-for,lru,8,19187.065972
u64,ahash,16384,iter-dense-for,hashlink,8,18434.461806
u64,ahash,16384,iter-dense-for,micro,8,4660.386029
u64,ahash,16384,iter-dense-for,baseline,8,4669.079044
u64,ahash,16384,iter-dense-for,quick_cache,8,5689.917411
u64,ahash,16384,iter-density-1pct,micro,0,257.557197
u64,ahash,16384,iter-density-1pct,baseline,0,5222.308333
u64,ahash,16384,iter-density-1pct,quick_cache,0,4924.926758
u64,ahash,16384,iter-density-1pct,lru,0,186.709715
u64,ahash,16384,iter-density-1pct,hashlink,0,181.518873
u64,ahash,16384,iter-density-1pct,baseline,1,5209.201042
u64,ahash,16384,iter-density-1pct,quick_cache,1,4929.443359
u64,ahash,16384,iter-density-1pct,lru,1,185.462671
u64,ahash,16384,iter-density-1pct,hashlink,1,181.933935
u64,ahash,16384,iter-density-1pct,micro,1,251.314660
u64,ahash,16384,iter-density-1pct,quick_cache,2,4995.849609
u64,ahash,16384,iter-density-1pct,lru,2,185.501297
u64,ahash,16384,iter-density-1pct,hashlink,2,185.962582
u64,ahash,16384,iter-density-1pct,micro,2,251.454934
u64,ahash,16384,iter-density-1pct,baseline,2,5277.040625
u64,ahash,16384,iter-density-1pct,lru,3,186.888628
u64,ahash,16384,iter-density-1pct,hashlink,3,186.457413
u64,ahash,16384,iter-density-1pct,micro,3,251.113965
u64,ahash,16384,iter-density-1pct,baseline,3,5178.133065
u64,ahash,16384,iter-density-1pct,quick_cache,3,4875.946970
u64,ahash,16384,iter-density-1pct,hashlink,4,186.915932
u64,ahash,16384,iter-density-1pct,micro,4,251.187149
u64,ahash,16384,iter-density-1pct,baseline,4,5161.501008
u64,ahash,16384,iter-density-1pct,quick_cache,4,4924.194336
u64,ahash,16384,iter-density-1pct,lru,4,183.317446
u64,ahash,16384,iter-density-1pct,micro,5,250.498748
u64,ahash,16384,iter-density-1pct,baseline,5,5191.993952
u64,ahash,16384,iter-density-1pct,quick_cache,5,4942.830078
u64,ahash,16384,iter-density-1pct,lru,5,186.790621
u64,ahash,16384,iter-density-1pct,hashlink,5,191.165877
u64,ahash,16384,iter-density-1pct,baseline,6,5257.812500
u64,ahash,16384,iter-density-1pct,quick_cache,6,4896.443359
u64,ahash,16384,iter-density-1pct,lru,6,186.530430
u64,ahash,16384,iter-density-1pct,hashlink,6,185.250666
u64,ahash,16384,iter-density-1pct,micro,6,247.787886
u64,ahash,16384,iter-density-1pct,quick_cache,7,4876.065341
u64,ahash,16384,iter-density-1pct,lru,7,187.353267
u64,ahash,16384,iter-density-1pct,hashlink,7,179.886759
u64,ahash,16384,iter-density-1pct,micro,7,244.173193
u64,ahash,16384,iter-density-1pct,baseline,7,5188.213710
u64,ahash,16384,iter-density-1pct,lru,8,178.724679
u64,ahash,16384,iter-density-1pct,hashlink,8,176.414644
u64,ahash,16384,iter-density-1pct,micro,8,244.838517
u64,ahash,16384,iter-density-1pct,baseline,8,5356.077083
u64,ahash,16384,iter-density-1pct,quick_cache,8,5147.429435
u64,ahash,16384,iter-density-6pct,micro,0,4955.037109
u64,ahash,16384,iter-density-6pct,baseline,0,4839.528409
u64,ahash,16384,iter-density-6pct,quick_cache,0,4692.363051
u64,ahash,16384,iter-density-6pct,lru,0,5650.994420
u64,ahash,16384,iter-density-6pct,hashlink,0,5310.763542
u64,ahash,16384,iter-density-6pct,baseline,1,4763.060606
u64,ahash,16384,iter-density-6pct,quick_cache,1,4711.359375
u64,ahash,16384,iter-density-6pct,lru,1,5631.464286
u64,ahash,16384,iter-density-6pct,hashlink,1,5293.577083
u64,ahash,16384,iter-density-6pct,micro,1,4920.002930
u64,ahash,16384,iter-density-6pct,quick_cache,2,4705.193015
u64,ahash,16384,iter-density-6pct,lru,2,5704.520089
u64,ahash,16384,iter-density-6pct,hashlink,2,5464.933190
u64,ahash,16384,iter-density-6pct,micro,2,5093.623992
u64,ahash,16384,iter-density-6pct,baseline,2,4857.284091
u64,ahash,16384,iter-density-6pct,lru,3,5695.498884
u64,ahash,16384,iter-density-6pct,hashlink,3,5127.309476
u64,ahash,16384,iter-density-6pct,micro,3,4958.984375
u64,ahash,16384,iter-density-6pct,baseline,3,4826.546402
u64,ahash,16384,iter-density-6pct,quick_cache,3,4629.443015
u64,ahash,16384,iter-density-6pct,hashlink,4,5230.903125
u64,ahash,16384,iter-density-6pct,micro,4,4984.659180
u64,ahash,16384,iter-density-6pct,baseline,4,4824.257576
u64,ahash,16384,iter-density-6pct,quick_cache,4,4684.283088
u64,ahash,16384,iter-density-6pct,lru,4,5658.994420
u64,ahash,16384,iter-density-6pct,micro,5,4951.782227
u64,ahash,16384,iter-density-6pct,baseline,5,4828.638258
u64,ahash,16384,iter-density-6pct,quick_cache,5,4827.769886
u64,ahash,16384,iter-density-6pct,lru,5,6082.481971
u64,ahash,16384,iter-density-6pct,hashlink,5,5591.564732
u64,ahash,16384,iter-density-6pct,baseline,6,4760.022727
u64,ahash,16384,iter-density-6pct,quick_cache,6,4671.568015
u64,ahash,16384,iter-density-6pct,lru,6,5708.799107
u64,ahash,16384,iter-density-6pct,hashlink,6,5445.716595
u64,ahash,16384,iter-density-6pct,micro,6,4985.677734
u64,ahash,16384,iter-density-6pct,quick_cache,7,4580.208929
u64,ahash,16384,iter-density-6pct,lru,7,4669.999081
u64,ahash,16384,iter-density-6pct,hashlink,7,4565.587500
u64,ahash,16384,iter-density-6pct,micro,7,4794.389205
u64,ahash,16384,iter-density-6pct,baseline,7,4777.857008
u64,ahash,16384,iter-density-6pct,lru,8,4709.826287
u64,ahash,16384,iter-density-6pct,hashlink,8,4320.664696
u64,ahash,16384,iter-density-6pct,micro,8,4967.407227
u64,ahash,16384,iter-density-6pct,baseline,8,4814.590909
u64,ahash,16384,iter-density-6pct,quick_cache,8,4718.864890
u64,ahash,16384,iter-density-quarter,micro,0,4801.294508
u64,ahash,16384,iter-density-quarter,baseline,0,4142.954770
u64,ahash,16384,iter-density-quarter,quick_cache,0,5021.891602
u64,ahash,16384,iter-density-quarter,lru,0,6876.868207
u64,ahash,16384,iter-density-quarter,hashlink,0,7006.567935
u64,ahash,16384,iter-density-quarter,baseline,1,4435.799479
u64,ahash,16384,iter-density-quarter,quick_cache,1,4804.372159
u64,ahash,16384,iter-density-quarter,lru,1,6660.373698
u64,ahash,16384,iter-density-quarter,hashlink,1,6437.865000
u64,ahash,16384,iter-density-quarter,micro,1,4822.482955
u64,ahash,16384,iter-density-quarter,quick_cache,2,4905.436523
u64,ahash,16384,iter-density-quarter,lru,2,7472.221726
u64,ahash,16384,iter-density-quarter,hashlink,2,6928.611413
u64,ahash,16384,iter-density-quarter,micro,2,4838.935606
u64,ahash,16384,iter-density-quarter,baseline,2,4164.541941
u64,ahash,16384,iter-density-quarter,lru,3,6894.927989
u64,ahash,16384,iter-density-quarter,hashlink,3,6572.265625
u64,ahash,16384,iter-density-quarter,micro,3,4863.399621
u64,ahash,16384,iter-density-quarter,baseline,3,4229.201858
u64,ahash,16384,iter-density-quarter,quick_cache,3,4972.493164
u64,ahash,16384,iter-density-quarter,hashlink,4,6845.391304
u64,ahash,16384,iter-density-quarter,micro,4,4820.983902
u64,ahash,16384,iter-density-quarter,baseline,4,4154.365132
u64,ahash,16384,iter-density-quarter,quick_cache,4,4915.405273
u64,ahash,16384,iter-density-quarter,lru,4,6722.276042
u64,ahash,16384,iter-density-quarter,micro,5,4903.605469
u64,ahash,16384,iter-density-quarter,baseline,5,4220.463816
u64,ahash,16384,iter-density-quarter,quick_cache,5,4884.847656
u64,ahash,16384,iter-density-quarter,lru,5,7223.306818
u64,ahash,16384,iter-density-quarter,hashlink,5,6511.406250
u64,ahash,16384,iter-density-quarter,baseline,6,4138.842928
u64,ahash,16384,iter-density-quarter,quick_cache,6,4935.750000
u64,ahash,16384,iter-density-quarter,lru,6,6802.309783
u64,ahash,16384,iter-density-quarter,hashlink,6,6585.774740
u64,ahash,16384,iter-density-quarter,micro,6,4831.479167
u64,ahash,16384,iter-density-quarter,quick_cache,7,4921.997070
u64,ahash,16384,iter-density-quarter,lru,7,6830.786685
u64,ahash,16384,iter-density-quarter,hashlink,7,6570.854167
u64,ahash,16384,iter-density-quarter,micro,7,4833.608902
u64,ahash,16384,iter-density-quarter,baseline,7,4152.138158
u64,ahash,16384,iter-density-quarter,lru,8,7389.500000
u64,ahash,16384,iter-density-quarter,hashlink,8,6851.732337
u64,ahash,16384,iter-density-quarter,micro,8,4793.915720
u64,ahash,16384,iter-density-quarter,baseline,8,4162.486020
u64,ahash,16384,iter-density-quarter,quick_cache,8,4917.806641
u64,ahash,16384,iter-density-half,micro,0,4865.767045
u64,ahash,16384,iter-density-half,baseline,0,4225.612331
u64,ahash,16384,iter-density-half,quick_cache,0,5016.154297
u64,ahash,16384,iter-density-half,lru,0,15467.446023
u64,ahash,16384,iter-density-half,hashlink,0,15214.963068
u64,ahash,16384,iter-density-half,baseline,1,4217.619243
u64,ahash,16384,iter-density-half,quick_cache,1,4878.156250
u64,ahash,16384,iter-density-half,lru,1,14899.738636
u64,ahash,16384,iter-density-half,hashlink,1,14794.505682
u64,ahash,16384,iter-density-half,micro,1,4897.787109
u64,ahash,16384,iter-density-half,quick_cache,2,4945.474609
u64,ahash,16384,iter-density-half,lru,2,15471.235795
u64,ahash,16384,iter-density-half,hashlink,2,15215.553977
u64,ahash,16384,iter-density-half,micro,2,4837.949811
u64,ahash,16384,iter-density-half,baseline,2,4223.289696
u64,ahash,16384,iter-density-half,lru,3,15833.071875
u64,ahash,16384,iter-density-half,hashlink,3,15835.415625
u64,ahash,16384,iter-density-half,micro,3,4823.706439
u64,ahash,16384,iter-density-half,baseline,3,4224.803209
u64,ahash,16384,iter-density-half,quick_cache,3,4860.795455
u64,ahash,16384,iter-density-half,hashlink,4,16682.553125
u64,ahash,16384,iter-density-half,micro,4,4981.282227
u64,ahash,16384,iter-density-half,baseline,4,4347.330729
u64,ahash,16384,iter-density-half,quick_cache,4,4984.252930
u64,ahash,16384,iter-density-half,lru,4,18136.718750
u64,ahash,16384,iter-density-half,micro,5,4775.015152
u64,ahash,16384,iter-density-half,baseline,5,4227.829392
u64,ahash,16384,iter-density-half,quick_cache,5,4892.618164
u64,ahash,16384,iter-density-half,lru,5,14122.179688
u64,ahash,16384,iter-density-half,hashlink,5,14870.147727
u64,ahash,16384,iter-density-half,baseline,6,4223.570946
u64,ahash,16384,iter-density-half,quick_cache,6,4871.370265
u64,ahash,16384,iter-density-half,lru,6,14000.106771
u64,ahash,16384,iter-density-half,hashlink,6,15507.931818
u64,ahash,16384,iter-density-half,micro,6,4809.619318
u64,ahash,16384,iter-density-half,quick_cache,7,4873.106061
u64,ahash,16384,iter-density-half,lru,7,14120.117188
u64,ahash,16384,iter-density-half,hashlink,7,17324.740625
u64,ahash,16384,iter-density-half,micro,7,5003.581055
u64,ahash,16384,iter-density-half,baseline,7,4287.548986
u64,ahash,16384,iter-density-half,lru,8,14604.403409
u64,ahash,16384,iter-density-half,hashlink,8,15724.740625
u64,ahash,16384,iter-density-half,micro,8,4919.189453
u64,ahash,16384,iter-density-half,baseline,8,4300.006757
u64,ahash,16384,iter-density-half,quick_cache,8,4917.439453
u64,ahash,16384,iter-front,micro,0,1.143943
u64,ahash,16384,iter-front,baseline,0,4113.384046
u64,ahash,16384,iter-front,quick_cache,0,4897.501953
u64,ahash,16384,iter-front,lru,0,1.183246
u64,ahash,16384,iter-front,hashlink,0,1.154739
u64,ahash,16384,iter-front,baseline,1,4195.689145
u64,ahash,16384,iter-front,quick_cache,1,4872.869318
u64,ahash,16384,iter-front,lru,1,1.203200
u64,ahash,16384,iter-front,hashlink,1,1.182825
u64,ahash,16384,iter-front,micro,1,1.143507
u64,ahash,16384,iter-front,quick_cache,2,4854.915720
u64,ahash,16384,iter-front,lru,2,1.192493
u64,ahash,16384,iter-front,hashlink,2,1.162990
u64,ahash,16384,iter-front,micro,2,1.125964
u64,ahash,16384,iter-front,baseline,2,4144.736842
u64,ahash,16384,iter-front,lru,3,1.187716
u64,ahash,16384,iter-front,hashlink,3,1.162912
u64,ahash,16384,iter-front,micro,3,1.135678
u64,ahash,16384,iter-front,baseline,3,4129.523026
u64,ahash,16384,iter-front,quick_cache,3,4932.414062
u64,ahash,16384,iter-front,hashlink,4,1.177938
u64,ahash,16384,iter-front,micro,4,1.138367
u64,ahash,16384,iter-front,baseline,4,4248.804054
u64,ahash,16384,iter-front,quick_cache,4,4957.031250
u64,ahash,16384,iter-front,lru,4,1.190739
u64,ahash,16384,iter-front,micro,5,1.151649
u64,ahash,16384,iter-front,baseline,5,4198.499178
u64,ahash,16384,iter-front,quick_cache,5,4883.016602
u64,ahash,16384,iter-front,lru,5,1.197364
u64,ahash,16384,iter-front,hashlink,5,1.200464
u64,ahash,16384,iter-front,baseline,6,4127.638980
u64,ahash,16384,iter-front,quick_cache,6,4945.922852
u64,ahash,16384,iter-front,lru,6,1.221056
u64,ahash,16384,iter-front,hashlink,6,1.175997
u64,ahash,16384,iter-front,micro,6,1.135398
u64,ahash,16384,iter-front,quick_cache,7,4992.756836
u64,ahash,16384,iter-front,lru,7,1.195998
u64,ahash,16384,iter-front,hashlink,7,1.207244
u64,ahash,16384,iter-front,micro,7,1.152881
u64,ahash,16384,iter-front,baseline,7,4189.658717
u64,ahash,16384,iter-front,lru,8,1.192402
u64,ahash,16384,iter-front,hashlink,8,1.174388
u64,ahash,16384,iter-front,micro,8,1.167430
u64,ahash,16384,iter-front,baseline,8,4142.886513
u64,ahash,16384,iter-front,quick_cache,8,4925.984375
u64,ahash,16384,iter-back,micro,0,1.189715
u64,ahash,16384,iter-back,baseline,0,4126.404605
u64,ahash,16384,iter-back,quick_cache,0,4934.977539
u64,ahash,16384,iter-back,lru,0,1.196218
u64,ahash,16384,iter-back,hashlink,0,1.163310
u64,ahash,16384,iter-back,baseline,1,4168.791118
u64,ahash,16384,iter-back,quick_cache,1,4943.318359
u64,ahash,16384,iter-back,lru,1,1.204007
u64,ahash,16384,iter-back,hashlink,1,1.159262
u64,ahash,16384,iter-back,micro,1,1.196346
u64,ahash,16384,iter-back,quick_cache,2,4876.538826
u64,ahash,16384,iter-back,lru,2,1.190621
u64,ahash,16384,iter-back,hashlink,2,1.162246
u64,ahash,16384,iter-back,micro,2,1.183192
u64,ahash,16384,iter-back,baseline,2,4143.469572
u64,ahash,16384,iter-back,lru,3,1.198172
u64,ahash,16384,iter-back,hashlink,3,1.159340
u64,ahash,16384,iter-back,micro,3,1.164715
u64,ahash,16384,iter-back,baseline,3,4152.960526
u64,ahash,16384,iter-back,quick_cache,3,4882.694129
u64,ahash,16384,iter-back,hashlink,4,1.153469
u64,ahash,16384,iter-back,micro,4,1.175900
u64,ahash,16384,iter-back,baseline,4,4237.894426
u64,ahash,16384,iter-back,quick_cache,4,4998.453125
u64,ahash,16384,iter-back,lru,4,1.191039
u64,ahash,16384,iter-back,micro,5,1.168285
u64,ahash,16384,iter-back,baseline,5,4134.834704
u64,ahash,16384,iter-back,quick_cache,5,4923.828125
u64,ahash,16384,iter-back,lru,5,1.202867
u64,ahash,16384,iter-back,hashlink,5,1.163327
u64,ahash,16384,iter-back,baseline,6,4126.781250
u64,ahash,16384,iter-back,quick_cache,6,4905.192383
u64,ahash,16384,iter-back,lru,6,1.189226
u64,ahash,16384,iter-back,hashlink,6,1.161978
u64,ahash,16384,iter-back,micro,6,1.159116
u64,ahash,16384,iter-back,quick_cache,7,4881.708333
u64,ahash,16384,iter-back,lru,7,1.207636
u64,ahash,16384,iter-back,hashlink,7,1.191030
u64,ahash,16384,iter-back,micro,7,1.163440
u64,ahash,16384,iter-back,baseline,7,4141.721217
u64,ahash,16384,iter-back,lru,8,1.205484
u64,ahash,16384,iter-back,hashlink,8,1.191793
u64,ahash,16384,iter-back,micro,8,1.175944
u64,ahash,16384,iter-back,baseline,8,4125.651316
u64,ahash,16384,iter-back,quick_cache,8,4890.014648
u64,ahash,16384,iter-empty,micro,0,0.793990
u64,ahash,16384,iter-empty,baseline,0,4143.606086
u64,ahash,16384,iter-empty,quick_cache,0,5138.651210
u64,ahash,16384,iter-empty,lru,0,1.011032
u64,ahash,16384,iter-empty,hashlink,0,1.021602
u64,ahash,16384,iter-empty,baseline,1,4087.105769
u64,ahash,16384,iter-empty,quick_cache,1,4852.864583
u64,ahash,16384,iter-empty,lru,1,1.021168
u64,ahash,16384,iter-empty,hashlink,1,1.004126
u64,ahash,16384,iter-empty,micro,1,0.779870
u64,ahash,16384,iter-empty,quick_cache,2,4831.359848
u64,ahash,16384,iter-empty,lru,2,0.997135
u64,ahash,16384,iter-empty,hashlink,2,1.005198
u64,ahash,16384,iter-empty,micro,2,0.778153
u64,ahash,16384,iter-empty,baseline,2,4102.330929
u64,ahash,16384,iter-empty,lru,3,0.994615
u64,ahash,16384,iter-empty,hashlink,3,1.004507
u64,ahash,16384,iter-empty,micro,3,0.790295
u64,ahash,16384,iter-empty,baseline,3,4048.945513
u64,ahash,16384,iter-empty,quick_cache,3,4865.885417
u64,ahash,16384,iter-empty,hashlink,4,1.003964
u64,ahash,16384,iter-empty,micro,4,0.805250
u64,ahash,16384,iter-empty,baseline,4,4284.171453
u64,ahash,16384,iter-empty,quick_cache,4,5254.210417
u64,ahash,16384,iter-empty,lru,4,0.989262
u64,ahash,16384,iter-empty,micro,5,0.788966
u64,ahash,16384,iter-empty,baseline,5,4053.618590
u64,ahash,16384,iter-empty,quick_cache,5,4866.161932
u64,ahash,16384,iter-empty,lru,5,0.989200
u64,ahash,16384,iter-empty,hashlink,5,1.012887
u64,ahash,16384,iter-empty,baseline,6,3934.863281
u64,ahash,16384,iter-empty,quick_cache,6,4789.102273
u64,ahash,16384,iter-empty,lru,6,0.995965
u64,ahash,16384,iter-empty,hashlink,6,1.003346
u64,ahash,16384,iter-empty,micro,6,0.786603
u64,ahash,16384,iter-empty,quick_cache,7,4888.265625
u64,ahash,16384,iter-empty,lru,7,1.009811
u64,ahash,16384,iter-empty,hashlink,7,1.024597
u64,ahash,16384,iter-empty,micro,7,0.793236
u64,ahash,16384,iter-empty,baseline,7,4105.769231
u64,ahash,16384,iter-empty,lru,8,1.002412
u64,ahash,16384,iter-empty,hashlink,8,1.001262
u64,ahash,16384,iter-empty,micro,8,0.808471
u64,ahash,16384,iter-empty,baseline,8,4063.334936
u64,ahash,16384,iter-empty,quick_cache,8,4862.097538
u64,ahash,16384,iter-count,micro,0,0.397994
u64,ahash,16384,iter-count,baseline,0,4170.963281
u64,ahash,16384,iter-count,quick_cache,0,7738.716146
u64,ahash,16384,iter-count,lru,0,0.385494
u64,ahash,16384,iter-count,hashlink,0,0.400108
u64,ahash,16384,iter-count,baseline,1,4134.896094
u64,ahash,16384,iter-count,quick_cache,1,8146.376302
u64,ahash,16384,iter-count,lru,1,0.395722
u64,ahash,16384,iter-count,hashlink,1,0.398267
u64,ahash,16384,iter-count,micro,1,0.404298
u64,ahash,16384,iter-count,quick_cache,2,7897.949219
u64,ahash,16384,iter-count,lru,2,0.398543
u64,ahash,16384,iter-count,hashlink,2,0.398646
u64,ahash,16384,iter-count,micro,2,0.398540
u64,ahash,16384,iter-count,baseline,2,4120.182031
u64,ahash,16384,iter-count,lru,3,0.399216
u64,ahash,16384,iter-count,hashlink,3,0.425049
u64,ahash,16384,iter-count,micro,3,0.399179
u64,ahash,16384,iter-count,baseline,3,4078.320312
u64,ahash,16384,iter-count,quick_cache,3,8261.881510
u64,ahash,16384,iter-count,hashlink,4,0.396712
u64,ahash,16384,iter-count,micro,4,0.407125
u64,ahash,16384,iter-count,baseline,4,4145.671094
u64,ahash,16384,iter-count,quick_cache,4,7823.730469
u64,ahash,16384,iter-count,lru,4,0.396964
u64,ahash,16384,iter-count,micro,5,0.401636
u64,ahash,16384,iter-count,baseline,5,4113.346094
u64,ahash,16384,iter-count,quick_cache,5,8087.130208
u64,ahash,16384,iter-count,lru,5,0.399672
u64,ahash,16384,iter-count,hashlink,5,0.401064
u64,ahash,16384,iter-count,baseline,6,4157.357031
u64,ahash,16384,iter-count,quick_cache,6,8194.608073
u64,ahash,16384,iter-count,lru,6,0.405878
u64,ahash,16384,iter-count,hashlink,6,0.400801
u64,ahash,16384,iter-count,micro,6,0.400480
u64,ahash,16384,iter-count,quick_cache,7,8047.200521
u64,ahash,16384,iter-count,lru,7,0.404315
u64,ahash,16384,iter-count,hashlink,7,0.399780
u64,ahash,16384,iter-count,micro,7,0.404323
u64,ahash,16384,iter-count,baseline,7,4160.156250
u64,ahash,16384,iter-count,lru,8,0.397340
u64,ahash,16384,iter-count,hashlink,8,0.399571
u64,ahash,16384,iter-count,micro,8,0.400173
u64,ahash,16384,iter-count,baseline,8,4143.782812
u64,ahash,16384,iter-count,quick_cache,8,8254.882812
string24,sip,128,get-hit,micro,0,9.569008
string24,sip,128,get-hit,baseline,0,9.479934
string24,sip,128,get-hit,quick_cache,0,9.492689
string24,sip,128,get-hit,lru,0,9.978510
string24,sip,128,get-hit,hashlink,0,9.400118
string24,sip,128,get-hit,baseline,1,9.524927
string24,sip,128,get-hit,quick_cache,1,9.480482
string24,sip,128,get-hit,lru,1,9.886876
string24,sip,128,get-hit,hashlink,1,9.368588
string24,sip,128,get-hit,micro,1,9.478056
string24,sip,128,get-hit,quick_cache,2,9.882690
string24,sip,128,get-hit,lru,2,9.967516
string24,sip,128,get-hit,hashlink,2,9.341307
string24,sip,128,get-hit,micro,2,9.405675
string24,sip,128,get-hit,baseline,2,9.524144
string24,sip,128,get-hit,lru,3,10.137839
string24,sip,128,get-hit,hashlink,3,9.490418
string24,sip,128,get-hit,micro,3,9.502156
string24,sip,128,get-hit,baseline,3,9.504190
string24,sip,128,get-hit,quick_cache,3,9.723885
string24,sip,128,get-hit,hashlink,4,9.369590
string24,sip,128,get-hit,micro,4,9.512173
string24,sip,128,get-hit,baseline,4,9.357030
string24,sip,128,get-hit,quick_cache,4,9.699261
string24,sip,128,get-hit,lru,4,9.980971
string24,sip,128,get-hit,micro,5,9.392293
string24,sip,128,get-hit,baseline,5,9.357723
string24,sip,128,get-hit,quick_cache,5,9.716539
string24,sip,128,get-hit,lru,5,9.945614
string24,sip,128,get-hit,hashlink,5,9.422654
string24,sip,128,get-hit,baseline,6,9.417334
string24,sip,128,get-hit,quick_cache,6,9.938228
string24,sip,128,get-hit,lru,6,10.114494
string24,sip,128,get-hit,hashlink,6,9.375370
string24,sip,128,get-hit,micro,6,9.375370
string24,sip,128,get-hit,quick_cache,7,9.729779
string24,sip,128,get-hit,lru,7,9.931093
string24,sip,128,get-hit,hashlink,7,9.316415
string24,sip,128,get-hit,micro,7,9.392999
string24,sip,128,get-hit,baseline,7,9.351095
string24,sip,128,get-hit,lru,8,10.019187
string24,sip,128,get-hit,hashlink,8,9.308093
string24,sip,128,get-hit,micro,8,9.390180
string24,sip,128,get-hit,baseline,8,9.365273
string24,sip,128,get-hit,quick_cache,8,9.701683
string24,sip,128,get-miss,micro,0,8.037700
string24,sip,128,get-miss,baseline,0,8.105361
string24,sip,128,get-miss,quick_cache,0,8.231878
string24,sip,128,get-miss,lru,0,8.402297
string24,sip,128,get-miss,hashlink,0,7.956896
string24,sip,128,get-miss,baseline,1,8.118278
string24,sip,128,get-miss,quick_cache,1,8.025330
string24,sip,128,get-miss,lru,1,8.345800
string24,sip,128,get-miss,hashlink,1,8.092446
string24,sip,128,get-miss,micro,1,8.042453
string24,sip,128,get-miss,quick_cache,2,8.014696
string24,sip,128,get-miss,lru,2,8.353293
string24,sip,128,get-miss,hashlink,2,7.941704
string24,sip,128,get-miss,micro,2,8.033351
string24,sip,128,get-miss,baseline,2,8.151720
string24,sip,128,get-miss,lru,3,8.427520
string24,sip,128,get-miss,hashlink,3,7.943554
string24,sip,128,get-miss,micro,3,8.070561
string24,sip,128,get-miss,baseline,3,8.268134
string24,sip,128,get-miss,quick_cache,3,8.064739
string24,sip,128,get-miss,hashlink,4,7.782305
string24,sip,128,get-miss,micro,4,8.057310
string24,sip,128,get-miss,baseline,4,8.005712
string24,sip,128,get-miss,quick_cache,4,8.016743
string24,sip,128,get-miss,lru,4,8.311159
string24,sip,128,get-miss,micro,5,7.996926
string24,sip,128,get-miss,baseline,5,7.995539
string24,sip,128,get-miss,quick_cache,5,8.048208
string24,sip,128,get-miss,lru,5,8.306142
string24,sip,128,get-miss,hashlink,5,7.977704
string24,sip,128,get-miss,baseline,6,8.107705
string24,sip,128,get-miss,quick_cache,6,8.124904
string24,sip,128,get-miss,lru,6,8.291915
string24,sip,128,get-miss,hashlink,6,8.081602
string24,sip,128,get-miss,micro,6,8.219538
string24,sip,128,get-miss,quick_cache,7,8.077187
string24,sip,128,get-miss,lru,7,8.367390
string24,sip,128,get-miss,hashlink,7,8.186170
string24,sip,128,get-miss,micro,7,8.042386
string24,sip,128,get-miss,baseline,7,8.058513
string24,sip,128,get-miss,lru,8,8.349720
string24,sip,128,get-miss,hashlink,8,7.943026
string24,sip,128,get-miss,micro,8,7.990255
string24,sip,128,get-miss,baseline,8,8.006966
string24,sip,128,get-miss,quick_cache,8,8.052892
string24,sip,128,update,micro,0,22.047682
string24,sip,128,update,baseline,0,22.553397
string24,sip,128,update,quick_cache,0,41.844686
string24,sip,128,update,lru,0,23.188653
string24,sip,128,update,hashlink,0,22.461482
string24,sip,128,update,baseline,1,22.693585
string24,sip,128,update,quick_cache,1,48.222863
string24,sip,128,update,lru,1,23.102747
string24,sip,128,update,hashlink,1,23.102937
string24,sip,128,update,micro,1,22.412436
string24,sip,128,update,quick_cache,2,41.542220
string24,sip,128,update,lru,2,23.205792
string24,sip,128,update,hashlink,2,22.322157
string24,sip,128,update,micro,2,22.534507
string24,sip,128,update,baseline,2,22.067300
string24,sip,128,update,lru,3,22.972390
string24,sip,128,update,hashlink,3,22.446590
string24,sip,128,update,micro,3,22.121613
string24,sip,128,update,baseline,3,22.113438
string24,sip,128,update,quick_cache,3,42.924333
string24,sip,128,update,hashlink,4,22.518886
string24,sip,128,update,micro,4,23.098606
string24,sip,128,update,baseline,4,23.190719
string24,sip,128,update,quick_cache,4,41.570028
string24,sip,128,update,lru,4,22.748219
string24,sip,128,update,micro,5,22.236049
string24,sip,128,update,baseline,5,22.766113
string24,sip,128,update,quick_cache,5,41.844002
string24,sip,128,update,lru,5,23.169813
string24,sip,128,update,hashlink,5,21.965027
string24,sip,128,update,baseline,6,22.044957
string24,sip,128,update,quick_cache,6,42.076278
string24,sip,128,update,lru,6,22.670229
string24,sip,128,update,hashlink,6,22.057853
string24,sip,128,update,micro,6,22.707339
string24,sip,128,update,quick_cache,7,43.021647
string24,sip,128,update,lru,7,23.265697
string24,sip,128,update,hashlink,7,22.159210
string24,sip,128,update,micro,7,22.124516
string24,sip,128,update,baseline,7,22.036233
string24,sip,128,update,lru,8,23.054335
string24,sip,128,update,hashlink,8,22.329058
string24,sip,128,update,micro,8,22.676631
string24,sip,128,update,baseline,8,23.535701
string24,sip,128,update,quick_cache,8,41.616479
string24,sip,128,insert-cycle,micro,0,43.577386
string24,sip,128,insert-cycle,baseline,0,43.558898
string24,sip,128,insert-cycle,quick_cache,0,40.762671
string24,sip,128,insert-cycle,lru,0,64.944106
string24,sip,128,insert-cycle,hashlink,0,66.419492
string24,sip,128,insert-cycle,baseline,1,43.586799
string24,sip,128,insert-cycle,quick_cache,1,41.825591
string24,sip,128,insert-cycle,lru,1,65.915785
string24,sip,128,insert-cycle,hashlink,1,66.628255
string24,sip,128,insert-cycle,micro,1,43.225491
string24,sip,128,insert-cycle,quick_cache,2,40.660327
string24,sip,128,insert-cycle,lru,2,64.927352
string24,sip,128,insert-cycle,hashlink,2,66.437806
string24,sip,128,insert-cycle,micro,2,43.252498
string24,sip,128,insert-cycle,baseline,2,43.860654
string24,sip,128,insert-cycle,lru,3,64.940329
string24,sip,128,insert-cycle,hashlink,3,66.725096
string24,sip,128,insert-cycle,micro,3,44.414728
string24,sip,128,insert-cycle,baseline,3,43.736673
string24,sip,128,insert-cycle,quick_cache,3,41.069648
string24,sip,128,insert-cycle,hashlink,4,66.564573
string24,sip,128,insert-cycle,micro,4,44.214861
string24,sip,128,insert-cycle,baseline,4,44.684798
string24,sip,128,insert-cycle,quick_cache,4,41.878572
string24,sip,128,insert-cycle,lru,4,65.142135
string24,sip,128,insert-cycle,micro,5,43.455590
string24,sip,128,insert-cycle,baseline,5,43.669564
string24,sip,128,insert-cycle,quick_cache,5,41.390352
string24,sip,128,insert-cycle,lru,5,65.024138
string24,sip,128,insert-cycle,hashlink,5,66.254529
string24,sip,128,insert-cycle,baseline,6,43.591514
string24,sip,128,insert-cycle,quick_cache,6,41.156801
string24,sip,128,insert-cycle,lru,6,63.969631
string24,sip,128,insert-cycle,hashlink,6,66.485969
string24,sip,128,insert-cycle,micro,6,43.830717
string24,sip,128,insert-cycle,quick_cache,7,41.000270
string24,sip,128,insert-cycle,lru,7,63.963248
string24,sip,128,insert-cycle,hashlink,7,66.742881
string24,sip,128,insert-cycle,micro,7,44.440625
string24,sip,128,insert-cycle,baseline,7,44.463184
string24,sip,128,insert-cycle,lru,8,64.481062
string24,sip,128,insert-cycle,hashlink,8,67.155740
string24,sip,128,insert-cycle,micro,8,43.961771
string24,sip,128,insert-cycle,baseline,8,43.872697
string24,sip,128,insert-cycle,quick_cache,8,41.356286
string24,sip,128,mixed-95,micro,0,16.840754
string24,sip,128,mixed-95,baseline,0,16.823434
string24,sip,128,mixed-95,quick_cache,0,19.772930
string24,sip,128,mixed-95,lru,0,19.326687
string24,sip,128,mixed-95,hashlink,0,19.136429
string24,sip,128,mixed-95,baseline,1,16.751811
string24,sip,128,mixed-95,quick_cache,1,19.622326
string24,sip,128,mixed-95,lru,1,18.903942
string24,sip,128,mixed-95,hashlink,1,19.629478
string24,sip,128,mixed-95,micro,1,16.946467
string24,sip,128,mixed-95,quick_cache,2,19.829535
string24,sip,128,mixed-95,lru,2,18.902558
string24,sip,128,mixed-95,hashlink,2,19.448914
string24,sip,128,mixed-95,micro,2,16.823569
string24,sip,128,mixed-95,baseline,2,16.761712
string24,sip,128,mixed-95,lru,3,18.864798
string24,sip,128,mixed-95,hashlink,3,19.232273
string24,sip,128,mixed-95,micro,3,16.848316
string24,sip,128,mixed-95,baseline,3,16.677718
string24,sip,128,mixed-95,quick_cache,3,19.577503
string24,sip,128,mixed-95,hashlink,4,18.303215
string24,sip,128,mixed-95,micro,4,17.000410
string24,sip,128,mixed-95,baseline,4,16.825769
string24,sip,128,mixed-95,quick_cache,4,19.568443
string24,sip,128,mixed-95,lru,4,18.390133
string24,sip,128,mixed-95,micro,5,16.773533
string24,sip,128,mixed-95,baseline,5,16.921308
string24,sip,128,mixed-95,quick_cache,5,19.467831
string24,sip,128,mixed-95,lru,5,18.260581
string24,sip,128,mixed-95,hashlink,5,82.360731
string24,sip,128,mixed-95,baseline,6,16.626168
string24,sip,128,mixed-95,quick_cache,6,19.715175
string24,sip,128,mixed-95,lru,6,18.883756
string24,sip,128,mixed-95,hashlink,6,19.471806
string24,sip,128,mixed-95,micro,6,17.046044
string24,sip,128,mixed-95,quick_cache,7,19.869078
string24,sip,128,mixed-95,lru,7,19.066551
string24,sip,128,mixed-95,hashlink,7,18.997192
string24,sip,128,mixed-95,micro,7,16.696827
string24,sip,128,mixed-95,baseline,7,16.938770
string24,sip,128,mixed-95,lru,8,18.587828
string24,sip,128,mixed-95,hashlink,8,18.773241
string24,sip,128,mixed-95,micro,8,16.687203
string24,sip,128,mixed-95,baseline,8,16.645138
string24,sip,128,mixed-95,quick_cache,8,19.436516
string24,sip,128,load-hit,micro,0,12.681299
string24,sip,128,load-hit,baseline,0,21.621001
string24,sip,128,load-hit,quick_cache,0,13.056004
string24,sip,128,load-hit,lru,0,14.322090
string24,sip,128,load-hit,hashlink,0,9.427115
string24,sip,128,load-hit,baseline,1,22.429330
string24,sip,128,load-hit,quick_cache,1,13.220064
string24,sip,128,load-hit,lru,1,12.852458
string24,sip,128,load-hit,hashlink,1,9.488229
string24,sip,128,load-hit,micro,1,12.946554
string24,sip,128,load-hit,quick_cache,2,13.022458
string24,sip,128,load-hit,lru,2,12.783686
string24,sip,128,load-hit,hashlink,2,9.293834
string24,sip,128,load-hit,micro,2,12.448223
string24,sip,128,load-hit,baseline,2,21.488412
string24,sip,128,load-hit,lru,3,12.729963
string24,sip,128,load-hit,hashlink,3,9.279193
string24,sip,128,load-hit,micro,3,12.956937
string24,sip,128,load-hit,baseline,3,21.413515
string24,sip,128,load-hit,quick_cache,3,12.985654
string24,sip,128,load-hit,hashlink,4,9.293912
string24,sip,128,load-hit,micro,4,12.481483
string24,sip,128,load-hit,baseline,4,22.123064
string24,sip,128,load-hit,quick_cache,4,13.192793
string24,sip,128,load-hit,lru,4,12.940725
string24,sip,128,load-hit,micro,5,12.992915
string24,sip,128,load-hit,baseline,5,21.433337
string24,sip,128,load-hit,quick_cache,5,13.014558
string24,sip,128,load-hit,lru,5,12.704136
string24,sip,128,load-hit,hashlink,5,9.286129
string24,sip,128,load-hit,baseline,6,21.489287
string24,sip,128,load-hit,quick_cache,6,12.985125
string24,sip,128,load-hit,lru,6,12.682129
string24,sip,128,load-hit,hashlink,6,9.287672
string24,sip,128,load-hit,micro,6,12.997673
string24,sip,128,load-hit,quick_cache,7,13.007415
string24,sip,128,load-hit,lru,7,15.159543
string24,sip,128,load-hit,hashlink,7,9.353098
string24,sip,128,load-hit,micro,7,13.113899
string24,sip,128,load-hit,baseline,7,21.823402
string24,sip,128,load-hit,lru,8,12.891980
string24,sip,128,load-hit,hashlink,8,9.277113
string24,sip,128,load-hit,micro,8,12.426858
string24,sip,128,load-hit,baseline,8,21.449471
string24,sip,128,load-hit,quick_cache,8,12.996808
string24,sip,128,load-cycle,micro,0,44.989224
string24,sip,128,load-cycle,baseline,0,45.074507
string24,sip,128,load-cycle,quick_cache,0,27.343521
string24,sip,128,load-cycle,lru,0,62.870529
string24,sip,128,load-cycle,hashlink,0,70.289077
string24,sip,128,load-cycle,baseline,1,45.553941
string24,sip,128,load-cycle,quick_cache,1,27.417026
string24,sip,128,load-cycle,lru,1,62.641376
string24,sip,128,load-cycle,hashlink,1,70.774244
string24,sip,128,load-cycle,micro,1,45.611233
string24,sip,128,load-cycle,quick_cache,2,27.700165
string24,sip,128,load-cycle,lru,2,64.917073
string24,sip,128,load-cycle,hashlink,2,70.417308
string24,sip,128,load-cycle,micro,2,45.040386
string24,sip,128,load-cycle,baseline,2,44.995959
string24,sip,128,load-cycle,lru,3,62.962118
string24,sip,128,load-cycle,hashlink,3,70.830857
string24,sip,128,load-cycle,micro,3,44.773643
string24,sip,128,load-cycle,baseline,3,45.716277
string24,sip,128,load-cycle,quick_cache,3,27.846638
string24,sip,128,load-cycle,hashlink,4,70.706185
string24,sip,128,load-cycle,micro,4,45.110945
string24,sip,128,load-cycle,baseline,4,44.897604
string24,sip,128,load-cycle,quick_cache,4,27.353087
string24,sip,128,load-cycle,lru,4,63.710899
string24,sip,128,load-cycle,micro,5,45.409404
string24,sip,128,load-cycle,baseline,5,45.524092
string24,sip,128,load-cycle,quick_cache,5,27.960563
string24,sip,128,load-cycle,lru,5,64.260922
string24,sip,128,load-cycle,hashlink,5,71.245270
string24,sip,128,load-cycle,baseline,6,44.749803
string24,sip,128,load-cycle,quick_cache,6,27.427529
string24,sip,128,load-cycle,lru,6,63.182019
string24,sip,128,load-cycle,hashlink,6,71.174247
string24,sip,128,load-cycle,micro,6,44.937967
string24,sip,128,load-cycle,quick_cache,7,27.460789
string24,sip,128,load-cycle,lru,7,63.494534
string24,sip,128,load-cycle,hashlink,7,71.161818
string24,sip,128,load-cycle,micro,7,45.089511
string24,sip,128,load-cycle,baseline,7,44.814740
string24,sip,128,load-cycle,lru,8,62.859011
string24,sip,128,load-cycle,hashlink,8,71.390639
string24,sip,128,load-cycle,micro,8,45.440443
string24,sip,128,load-cycle,baseline,8,45.784086
string24,sip,128,load-cycle,quick_cache,8,27.557475
string24,sip,128,clear-refill,micro,0,3124.063086
string24,sip,128,clear-refill,baseline,0,3123.620862
string24,sip,128,clear-refill,quick_cache,0,3423.254620
string24,sip,128,clear-refill,lru,0,8572.631849
string24,sip,128,clear-refill,hashlink,0,5170.497934
string24,sip,128,clear-refill,baseline,1,3137.390213
string24,sip,128,clear-refill,quick_cache,1,3291.502632
string24,sip,128,clear-refill,lru,1,8636.369603
string24,sip,128,clear-refill,hashlink,1,5173.991727
string24,sip,128,clear-refill,micro,1,3245.322518
string24,sip,128,clear-refill,quick_cache,2,3425.028767
string24,sip,128,clear-refill,lru,2,8612.808950
string24,sip,128,clear-refill,hashlink,2,5176.630435
string24,sip,128,clear-refill,micro,2,3164.294750
string24,sip,128,clear-refill,baseline,2,3219.869929
string24,sip,128,clear-refill,lru,3,8738.656195
string24,sip,128,clear-refill,hashlink,3,5199.886694
string24,sip,128,clear-refill,micro,3,3096.930031
string24,sip,128,clear-refill,baseline,3,3135.370533
string24,sip,128,clear-refill,quick_cache,3,3346.321070
string24,sip,128,clear-refill,hashlink,4,5188.321577
string24,sip,128,clear-refill,micro,4,3136.206897
string24,sip,128,clear-refill,baseline,4,3131.809643
string24,sip,128,clear-refill,quick_cache,4,3341.905812
string24,sip,128,clear-refill,lru,4,8613.309811
string24,sip,128,clear-refill,micro,5,3095.013614
string24,sip,128,clear-refill,baseline,5,3142.860465
string24,sip,128,clear-refill,quick_cache,5,3337.363576
string24,sip,128,clear-refill,lru,5,8621.551724
string24,sip,128,clear-refill,hashlink,5,5228.927900
string24,sip,128,clear-refill,baseline,6,3196.858786
string24,sip,128,clear-refill,quick_cache,6,3405.491491
string24,sip,128,clear-refill,lru,6,8619.981067
string24,sip,128,clear-refill,hashlink,6,5217.544317
string24,sip,128,clear-refill,micro,6,3094.858911
string24,sip,128,clear-refill,quick_cache,7,3376.603646
string24,sip,128,clear-refill,lru,7,8666.956672
string24,sip,128,clear-refill,hashlink,7,5167.441116
string24,sip,128,clear-refill,micro,7,3088.506485
string24,sip,128,clear-refill,baseline,7,3129.067584
string24,sip,128,clear-refill,lru,8,8634.051724
string24,sip,128,clear-refill,hashlink,8,5175.758014
string24,sip,128,clear-refill,micro,8,3120.529008
string24,sip,128,clear-refill,baseline,8,3150.598614
string24,sip,128,clear-refill,quick_cache,8,3346.432776
string24,sip,128,clear-empty,micro,0,0.370247
string24,sip,128,clear-empty,baseline,0,49.678696
string24,sip,128,clear-empty,quick_cache,0,4.030125
string24,sip,128,clear-empty,lru,0,2.224862
string24,sip,128,clear-empty,hashlink,0,0.607085
string24,sip,128,clear-empty,baseline,1,48.141404
string24,sip,128,clear-empty,quick_cache,1,3.948429
string24,sip,128,clear-empty,lru,1,2.216567
string24,sip,128,clear-empty,hashlink,1,0.609016
string24,sip,128,clear-empty,micro,1,0.366409
string24,sip,128,clear-empty,quick_cache,2,3.973096
string24,sip,128,clear-empty,lru,2,2.229017
string24,sip,128,clear-empty,hashlink,2,0.616731
string24,sip,128,clear-empty,micro,2,0.355553
string24,sip,128,clear-empty,baseline,2,46.757411
string24,sip,128,clear-empty,lru,3,2.217444
string24,sip,128,clear-empty,hashlink,3,0.608773
string24,sip,128,clear-empty,micro,3,0.366248
string24,sip,128,clear-empty,baseline,3,47.722151
string24,sip,128,clear-empty,quick_cache,3,4.010001
string24,sip,128,clear-empty,hashlink,4,0.611145
string24,sip,128,clear-empty,micro,4,0.367917
string24,sip,128,clear-empty,baseline,4,40.974335
string24,sip,128,clear-empty,quick_cache,4,3.964160
string24,sip,128,clear-empty,lru,4,2.215953
string24,sip,128,clear-empty,micro,5,0.364270
string24,sip,128,clear-empty,baseline,5,47.632565
string24,sip,128,clear-empty,quick_cache,5,3.933256
string24,sip,128,clear-empty,lru,5,2.220420
string24,sip,128,clear-empty,hashlink,5,0.609187
string24,sip,128,clear-empty,baseline,6,48.251833
string24,sip,128,clear-empty,quick_cache,6,3.953553
string24,sip,128,clear-empty,lru,6,2.216641
string24,sip,128,clear-empty,hashlink,6,0.631548
string24,sip,128,clear-empty,micro,6,0.368953
string24,sip,128,clear-empty,quick_cache,7,4.040329
string24,sip,128,clear-empty,lru,7,2.238011
string24,sip,128,clear-empty,hashlink,7,0.614548
string24,sip,128,clear-empty,micro,7,0.366742
string24,sip,128,clear-empty,baseline,7,47.934542
string24,sip,128,clear-empty,lru,8,2.212495
string24,sip,128,clear-empty,hashlink,8,0.624117
string24,sip,128,clear-empty,micro,8,0.364114
string24,sip,128,clear-empty,baseline,8,47.860311
string24,sip,128,clear-empty,quick_cache,8,3.949293
string24,sip,128,iter-dense,micro,0,23.504677
string24,sip,128,iter-dense,baseline,0,39.109093
string24,sip,128,iter-dense,quick_cache,0,29.468626
string24,sip,128,iter-dense,lru,0,134.252175
string24,sip,128,iter-dense,hashlink,0,140.149692
string24,sip,128,iter-dense,baseline,1,39.259775
string24,sip,128,iter-dense,quick_cache,1,30.259065
string24,sip,128,iter-dense,lru,1,131.612347
string24,sip,128,iter-dense,hashlink,1,128.845064
string24,sip,128,iter-dense,micro,1,23.314127
string24,sip,128,iter-dense,quick_cache,2,29.802886
string24,sip,128,iter-dense,lru,2,136.809903
string24,sip,128,iter-dense,hashlink,2,132.730714
string24,sip,128,iter-dense,micro,2,23.816953
string24,sip,128,iter-dense,baseline,2,38.939852
string24,sip,128,iter-dense,lru,3,133.399104
string24,sip,128,iter-dense,hashlink,3,133.919318
string24,sip,128,iter-dense,micro,3,23.404930
string24,sip,128,iter-dense,baseline,3,38.515290
string24,sip,128,iter-dense,quick_cache,3,30.063143
string24,sip,128,iter-dense,hashlink,4,138.226929
string24,sip,128,iter-dense,micro,4,23.380995
string24,sip,128,iter-dense,baseline,4,38.219919
string24,sip,128,iter-dense,quick_cache,4,30.327704
string24,sip,128,iter-dense,lru,4,134.286861
string24,sip,128,iter-dense,micro,5,23.502124
string24,sip,128,iter-dense,baseline,5,39.018282
string24,sip,128,iter-dense,quick_cache,5,30.086295
string24,sip,128,iter-dense,lru,5,136.792815
string24,sip,128,iter-dense,hashlink,5,132.875611
string24,sip,128,iter-dense,baseline,6,38.958941
string24,sip,128,iter-dense,quick_cache,6,29.797697
string24,sip,128,iter-dense,lru,6,144.161266
string24,sip,128,iter-dense,hashlink,6,147.059472
string24,sip,128,iter-dense,micro,6,24.018694
string24,sip,128,iter-dense,quick_cache,7,31.813295
string24,sip,128,iter-dense,lru,7,145.101903
string24,sip,128,iter-dense,hashlink,7,143.119477
string24,sip,128,iter-dense,micro,7,23.853906
string24,sip,128,iter-dense,baseline,7,39.760592
string24,sip,128,iter-dense,lru,8,142.773716
string24,sip,128,iter-dense,hashlink,8,141.391416
string24,sip,128,iter-dense,micro,8,24.038167
string24,sip,128,iter-dense,baseline,8,40.222136
string24,sip,128,iter-dense,quick_cache,8,29.973396
string24,sip,128,iter-dense-for,micro,0,40.773586
string24,sip,128,iter-dense-for,baseline,0,38.767265
string24,sip,128,iter-dense-for,quick_cache,0,70.910957
string24,sip,128,iter-dense-for,lru,0,82.862473
string24,sip,128,iter-dense-for,hashlink,0,72.911806
string24,sip,128,iter-dense-for,baseline,1,38.320462
string24,sip,128,iter-dense-for,quick_cache,1,73.095109
string24,sip,128,iter-dense-for,lru,1,81.908412
string24,sip,128,iter-dense-for,hashlink,1,73.763420
string24,sip,128,iter-dense-for,micro,1,39.593299
string24,sip,128,iter-dense-for,quick_cache,2,71.541290
string24,sip,128,iter-dense-for,lru,2,83.600856
string24,sip,128,iter-dense-for,hashlink,2,72.240638
string24,sip,128,iter-dense-for,micro,2,39.113673
string24,sip,128,iter-dense-for,baseline,2,38.429714
string24,sip,128,iter-dense-for,lru,3,81.474567
string24,sip,128,iter-dense-for,hashlink,3,72.277665
string24,sip,128,iter-dense-for,micro,3,39.004969
string24,sip,128,iter-dense-for,baseline,3,38.236397
string24,sip,128,iter-dense-for,quick_cache,3,70.920996
string24,sip,128,iter-dense-for,hashlink,4,72.292727
string24,sip,128,iter-dense-for,micro,4,39.019265
string24,sip,128,iter-dense-for,baseline,4,38.192853
string24,sip,128,iter-dense-for,quick_cache,4,70.232921
string24,sip,128,iter-dense-for,lru,4,82.469624
string24,sip,128,iter-dense-for,micro,5,39.572914
string24,sip,128,iter-dense-for,baseline,5,38.730445
string24,sip,128,iter-dense-for,quick_cache,5,71.860029
string24,sip,128,iter-dense-for,lru,5,83.106277
string24,sip,128,iter-dense-for,hashlink,5,72.464520
string24,sip,128,iter-dense-for,baseline,6,38.227358
string24,sip,128,iter-dense-for,quick_cache,6,70.119140
string24,sip,128,iter-dense-for,lru,6,81.573199
string24,sip,128,iter-dense-for,hashlink,6,72.203984
string24,sip,128,iter-dense-for,micro,6,39.151568
string24,sip,128,iter-dense-for,quick_cache,7,69.693981
string24,sip,128,iter-dense-for,lru,7,81.423300
string24,sip,128,iter-dense-for,hashlink,7,72.381716
string24,sip,128,iter-dense-for,micro,7,39.891554
string24,sip,128,iter-dense-for,baseline,7,38.283868
string24,sip,128,iter-dense-for,lru,8,81.796180
string24,sip,128,iter-dense-for,hashlink,8,73.477404
string24,sip,128,iter-dense-for,micro,8,39.228861
string24,sip,128,iter-dense-for,baseline,8,38.984858
string24,sip,128,iter-dense-for,quick_cache,8,71.178777
string24,sip,128,iter-density-1pct,micro,0,1.600886
string24,sip,128,iter-density-1pct,baseline,0,38.243522
string24,sip,128,iter-density-1pct,quick_cache,0,26.792063
string24,sip,128,iter-density-1pct,lru,0,1.297639
string24,sip,128,iter-density-1pct,hashlink,0,1.317365
string24,sip,128,iter-density-1pct,baseline,1,38.290056
string24,sip,128,iter-density-1pct,quick_cache,1,26.696603
string24,sip,128,iter-density-1pct,lru,1,1.295369
string24,sip,128,iter-density-1pct,hashlink,1,1.318454
string24,sip,128,iter-density-1pct,micro,1,1.594127
string24,sip,128,iter-density-1pct,quick_cache,2,28.266139
string24,sip,128,iter-density-1pct,lru,2,1.349507
string24,sip,128,iter-density-1pct,hashlink,2,1.348226
string24,sip,128,iter-density-1pct,micro,2,1.611985
string24,sip,128,iter-density-1pct,baseline,2,39.861352
string24,sip,128,iter-density-1pct,lru,3,1.315900
string24,sip,128,iter-density-1pct,hashlink,3,1.332259
string24,sip,128,iter-density-1pct,micro,3,1.599529
string24,sip,128,iter-density-1pct,baseline,3,38.383467
string24,sip,128,iter-density-1pct,quick_cache,3,26.633565
string24,sip,128,iter-density-1pct,hashlink,4,1.318365
string24,sip,128,iter-density-1pct,micro,4,1.592681
string24,sip,128,iter-density-1pct,baseline,4,39.280496
string24,sip,128,iter-density-1pct,quick_cache,4,26.990010
string24,sip,128,iter-density-1pct,lru,4,1.298847
string24,sip,128,iter-density-1pct,micro,5,1.596277
string24,sip,128,iter-density-1pct,baseline,5,38.567953
string24,sip,128,iter-density-1pct,quick_cache,5,26.902178
string24,sip,128,iter-density-1pct,lru,5,1.308616
string24,sip,128,iter-density-1pct,hashlink,5,1.332850
string24,sip,128,iter-density-1pct,baseline,6,38.957967
string24,sip,128,iter-density-1pct,quick_cache,6,27.670710
string24,sip,128,iter-density-1pct,lru,6,1.298070
string24,sip,128,iter-density-1pct,hashlink,6,1.328758
string24,sip,128,iter-density-1pct,micro,6,1.601053
string24,sip,128,iter-density-1pct,quick_cache,7,27.235285
string24,sip,128,iter-density-1pct,lru,7,1.303148
string24,sip,128,iter-density-1pct,hashlink,7,1.319055
string24,sip,128,iter-density-1pct,micro,7,1.596669
string24,sip,128,iter-density-1pct,baseline,7,38.530241
string24,sip,128,iter-density-1pct,lru,8,1.298415
string24,sip,128,iter-density-1pct,hashlink,8,1.320984
string24,sip,128,iter-density-1pct,micro,8,1.593686
string24,sip,128,iter-density-1pct,baseline,8,38.446210
string24,sip,128,iter-density-1pct,quick_cache,8,27.165366
string24,sip,128,iter-density-6pct,micro,0,24.287676
string24,sip,128,iter-density-6pct,baseline,0,37.120509
string24,sip,128,iter-density-6pct,quick_cache,0,27.970903
string24,sip,128,iter-density-6pct,lru,0,3.290706
string24,sip,128,iter-density-6pct,hashlink,0,3.241769
string24,sip,128,iter-density-6pct,baseline,1,36.640900
string24,sip,128,iter-density-6pct,quick_cache,1,28.095458
string24,sip,128,iter-density-6pct,lru,1,3.290028
string24,sip,128,iter-density-6pct,hashlink,1,3.219021
string24,sip,128,iter-density-6pct,micro,1,23.908851
string24,sip,128,iter-density-6pct,quick_cache,2,27.938802
string24,sip,128,iter-density-6pct,lru,2,3.295649
string24,sip,128,iter-density-6pct,hashlink,2,3.222766
string24,sip,128,iter-density-6pct,micro,2,23.957099
string24,sip,128,iter-density-6pct,baseline,2,36.789982
string24,sip,128,iter-density-6pct,lru,3,3.296955
string24,sip,128,iter-density-6pct,hashlink,3,3.261555
string24,sip,128,iter-density-6pct,micro,3,24.097277
string24,sip,128,iter-density-6pct,baseline,3,37.524646
string24,sip,128,iter-density-6pct,quick_cache,3,27.701992
string24,sip,128,iter-density-6pct,hashlink,4,3.213130
string24,sip,128,iter-density-6pct,micro,4,24.074998
string24,sip,128,iter-density-6pct,baseline,4,36.762490
string24,sip,128,iter-density-6pct,quick_cache,4,27.563558
string24,sip,128,iter-density-6pct,lru,4,3.289709
string24,sip,128,iter-density-6pct,micro,5,23.950831
string24,sip,128,iter-density-6pct,baseline,5,36.722114
string24,sip,128,iter-density-6pct,quick_cache,5,27.504648
string24,sip,128,iter-density-6pct,lru,5,3.286250
string24,sip,128,iter-density-6pct,hashlink,5,3.214280
string24,sip,128,iter-density-6pct,baseline,6,36.544507
string24,sip,128,iter-density-6pct,quick_cache,6,28.545927
string24,sip,128,iter-density-6pct,lru,6,3.330334
string24,sip,128,iter-density-6pct,hashlink,6,3.244421
string24,sip,128,iter-density-6pct,micro,6,24.191051
string24,sip,128,iter-density-6pct,quick_cache,7,28.320666
string24,sip,128,iter-density-6pct,lru,7,3.299573
string24,sip,128,iter-density-6pct,hashlink,7,3.256158
string24,sip,128,iter-density-6pct,micro,7,24.118387
string24,sip,128,iter-density-6pct,baseline,7,36.993157
string24,sip,128,iter-density-6pct,lru,8,3.295843
string24,sip,128,iter-density-6pct,hashlink,8,3.251875
string24,sip,128,iter-density-6pct,micro,8,24.115668
string24,sip,128,iter-density-6pct,baseline,8,36.957545
string24,sip,128,iter-density-6pct,quick_cache,8,27.529334
string24,sip,128,iter-density-quarter,micro,0,23.965323
string24,sip,128,iter-density-quarter,baseline,0,37.716102
string24,sip,128,iter-density-quarter,quick_cache,0,25.625933
string24,sip,128,iter-density-quarter,lru,0,19.522629
string24,sip,128,iter-density-quarter,hashlink,0,19.109751
string24,sip,128,iter-density-quarter,baseline,1,37.580041
string24,sip,128,iter-density-quarter,quick_cache,1,26.222589
string24,sip,128,iter-density-quarter,lru,1,19.876399
string24,sip,128,iter-density-quarter,hashlink,1,19.178081
string24,sip,128,iter-density-quarter,micro,1,24.396224
string24,sip,128,iter-density-quarter,quick_cache,2,25.683612
string24,sip,128,iter-density-quarter,lru,2,19.953414
string24,sip,128,iter-density-quarter,hashlink,2,19.405280
string24,sip,128,iter-density-quarter,micro,2,23.956299
string24,sip,128,iter-density-quarter,baseline,2,37.679723
string24,sip,128,iter-density-quarter,lru,3,19.924931
string24,sip,128,iter-density-quarter,hashlink,3,19.316224
string24,sip,128,iter-density-quarter,micro,3,23.967523
string24,sip,128,iter-density-quarter,baseline,3,37.712340
string24,sip,128,iter-density-quarter,quick_cache,3,25.795137
string24,sip,128,iter-density-quarter,hashlink,4,19.559770
string24,sip,128,iter-density-quarter,micro,4,24.067785
string24,sip,128,iter-density-quarter,baseline,4,38.229269
string24,sip,128,iter-density-quarter,quick_cache,4,26.393798
string24,sip,128,iter-density-quarter,lru,4,20.535751
string24,sip,128,iter-density-quarter,micro,5,25.004416
string24,sip,128,iter-density-quarter,baseline,5,38.956027
string24,sip,128,iter-density-quarter,quick_cache,5,26.528894
string24,sip,128,iter-density-quarter,lru,5,20.357181
string24,sip,128,iter-density-quarter,hashlink,5,19.629397
string24,sip,128,iter-density-quarter,baseline,6,38.496305
string24,sip,128,iter-density-quarter,quick_cache,6,26.677704
string24,sip,128,iter-density-quarter,lru,6,20.223154
string24,sip,128,iter-density-quarter,hashlink,6,19.733162
string24,sip,128,iter-density-quarter,micro,6,24.497698
string24,sip,128,iter-density-quarter,quick_cache,7,25.802577
string24,sip,128,iter-density-quarter,lru,7,20.325406
string24,sip,128,iter-density-quarter,hashlink,7,19.520515
string24,sip,128,iter-density-quarter,micro,7,24.407861
string24,sip,128,iter-density-quarter,baseline,7,38.357764
string24,sip,128,iter-density-quarter,lru,8,20.284207
string24,sip,128,iter-density-quarter,hashlink,8,20.044502
string24,sip,128,iter-density-quarter,micro,8,24.070693
string24,sip,128,iter-density-quarter,baseline,8,37.784348
string24,sip,128,iter-density-quarter,quick_cache,8,26.010242
string24,sip,128,iter-density-half,micro,0,24.198946
string24,sip,128,iter-density-half,baseline,0,38.277354
string24,sip,128,iter-density-half,quick_cache,0,24.831450
string24,sip,128,iter-density-half,lru,0,54.530759
string24,sip,128,iter-density-half,hashlink,0,52.132849
string24,sip,128,iter-density-half,baseline,1,38.615927
string24,sip,128,iter-density-half,quick_cache,1,27.375230
string24,sip,128,iter-density-half,lru,1,50.434616
string24,sip,128,iter-density-half,hashlink,1,52.413439
string24,sip,128,iter-density-half,micro,1,23.651719
string24,sip,128,iter-density-half,quick_cache,2,25.054824
string24,sip,128,iter-density-half,lru,2,53.201428
string24,sip,128,iter-density-half,hashlink,2,48.469487
string24,sip,128,iter-density-half,micro,2,23.308729
string24,sip,128,iter-density-half,baseline,2,37.839868
string24,sip,128,iter-density-half,lru,3,51.155043
string24,sip,128,iter-density-half,hashlink,3,50.339532
string24,sip,128,iter-density-half,micro,3,23.820384
string24,sip,128,iter-density-half,baseline,3,37.782142
string24,sip,128,iter-density-half,quick_cache,3,24.789157
string24,sip,128,iter-density-half,hashlink,4,50.834194
string24,sip,128,iter-density-half,micro,4,23.412524
string24,sip,128,iter-density-half,baseline,4,37.829445
string24,sip,128,iter-density-half,quick_cache,4,24.831450
string24,sip,128,iter-density-half,lru,4,52.548304
string24,sip,128,iter-density-half,micro,5,23.868876
string24,sip,128,iter-density-half,baseline,5,38.233844
string24,sip,128,iter-density-half,quick_cache,5,25.414447
string24,sip,128,iter-density-half,lru,5,51.439146
string24,sip,128,iter-density-half,hashlink,5,50.473393
string24,sip,128,iter-density-half,baseline,6,37.327117
string24,sip,128,iter-density-half,quick_cache,6,24.885158
string24,sip,128,iter-density-half,lru,6,51.065921
string24,sip,128,iter-density-half,hashlink,6,50.378707
string24,sip,128,iter-density-half,micro,6,23.624131
string24,sip,128,iter-density-half,quick_cache,7,24.925058
string24,sip,128,iter-density-half,lru,7,51.237623
string24,sip,128,iter-density-half,hashlink,7,50.649564
string24,sip,128,iter-density-half,micro,7,23.746400
string24,sip,128,iter-density-half,baseline,7,37.839551
string24,sip,128,iter-density-half,lru,8,51.576258
string24,sip,128,iter-density-half,hashlink,8,52.329276
string24,sip,128,iter-density-half,micro,8,23.983116
string24,sip,128,iter-density-half,baseline,8,38.748357
string24,sip,128,iter-density-half,quick_cache,8,25.081927
string24,sip,128,iter-front,micro,0,1.157913
string24,sip,128,iter-front,baseline,0,37.221966
string24,sip,128,iter-front,quick_cache,0,26.039061
string24,sip,128,iter-front,lru,0,1.189126
string24,sip,128,iter-front,hashlink,0,1.145343
string24,sip,128,iter-front,baseline,1,37.375179
string24,sip,128,iter-front,quick_cache,1,26.093630
string24,sip,128,iter-front,lru,1,1.186841
string24,sip,128,iter-front,hashlink,1,1.154176
string24,sip,128,iter-front,micro,1,1.172634
string24,sip,128,iter-front,quick_cache,2,26.279705
string24,sip,128,iter-front,lru,2,1.202441
string24,sip,128,iter-front,hashlink,2,1.180912
string24,sip,128,iter-front,micro,2,1.188963
string24,sip,128,iter-front,baseline,2,37.617485
string24,sip,128,iter-front,lru,3,1.194681
string24,sip,128,iter-front,hashlink,3,1.167247
string24,sip,128,iter-front,micro,3,1.184628
string24,sip,128,iter-front,baseline,3,37.550494
string24,sip,128,iter-front,quick_cache,3,23.688599
string24,sip,128,iter-front,hashlink,4,1.153077
string24,sip,128,iter-front,micro,4,1.163674
string24,sip,128,iter-front,baseline,4,37.311463
string24,sip,128,iter-front,quick_cache,4,25.828383
string24,sip,128,iter-front,lru,4,1.165167
string24,sip,128,iter-front,micro,5,1.162540
string24,sip,128,iter-front,baseline,5,38.638454
string24,sip,128,iter-front,quick_cache,5,23.326900
string24,sip,128,iter-front,lru,5,1.228187
string24,sip,128,iter-front,hashlink,5,1.237320
string24,sip,128,iter-front,baseline,6,38.986480
string24,sip,128,iter-front,quick_cache,6,23.027842
string24,sip,128,iter-front,lru,6,1.230819
string24,sip,128,iter-front,hashlink,6,1.206778
string24,sip,128,iter-front,micro,6,1.203701
string24,sip,128,iter-front,quick_cache,7,27.482061
string24,sip,128,iter-front,lru,7,1.202062
string24,sip,128,iter-front,hashlink,7,1.223667
string24,sip,128,iter-front,micro,7,1.205726
string24,sip,128,iter-front,baseline,7,38.438530
string24,sip,128,iter-front,lru,8,1.204908
string24,sip,128,iter-front,hashlink,8,1.189769
string24,sip,128,iter-front,micro,8,1.174547
string24,sip,128,iter-front,baseline,8,37.787174
string24,sip,128,iter-front,quick_cache,8,22.618631
string24,sip,128,iter-back,micro,0,1.204304
string24,sip,128,iter-back,baseline,0,39.106489
string24,sip,128,iter-back,quick_cache,0,23.017280
string24,sip,128,iter-back,lru,0,1.206117
string24,sip,128,iter-back,hashlink,0,1.187328
string24,sip,128,iter-back,baseline,1,38.531843
string24,sip,128,iter-back,quick_cache,1,22.237330
string24,sip,128,iter-back,lru,1,1.202321
string24,sip,128,iter-back,hashlink,1,1.167465
string24,sip,128,iter-back,micro,1,1.150809
string24,sip,128,iter-back,quick_cache,2,22.037363
string24,sip,128,iter-back,lru,2,1.206471
string24,sip,128,iter-back,hashlink,2,1.174371
string24,sip,128,iter-back,micro,2,1.187418
string24,sip,128,iter-back,baseline,2,38.675189
string24,sip,128,iter-back,lru,3,1.202830
string24,sip,128,iter-back,hashlink,3,1.182404
string24,sip,128,iter-back,micro,3,1.214158
string24,sip,128,iter-back,baseline,3,39.248932
string24,sip,128,iter-back,quick_cache,3,22.202761
string24,sip,128,iter-back,hashlink,4,1.171843
string24,sip,128,iter-back,micro,4,1.192903
string24,sip,128,iter-back,baseline,4,38.535566
string24,sip,128,iter-back,quick_cache,4,22.222443
string24,sip,128,iter-back,lru,4,1.205317
string24,sip,128,iter-back,micro,5,1.181207
string24,sip,128,iter-back,baseline,5,38.487792
string24,sip,128,iter-back,quick_cache,5,22.261380
string24,sip,128,iter-back,lru,5,1.203784
string24,sip,128,iter-back,hashlink,5,1.178800
string24,sip,128,iter-back,baseline,6,38.826343
string24,sip,128,iter-back,quick_cache,6,22.298177
string24,sip,128,iter-back,lru,6,1.199929
string24,sip,128,iter-back,hashlink,6,1.179112
string24,sip,128,iter-back,micro,6,1.215906
string24,sip,128,iter-back,quick_cache,7,22.330041
string24,sip,128,iter-back,lru,7,1.200187
string24,sip,128,iter-back,hashlink,7,1.175793
string24,sip,128,iter-back,micro,7,1.182288
string24,sip,128,iter-back,baseline,7,38.540698
string24,sip,128,iter-back,lru,8,1.200538
string24,sip,128,iter-back,hashlink,8,1.164368
string24,sip,128,iter-back,micro,8,1.159219
string24,sip,128,iter-back,baseline,8,38.806090
string24,sip,128,iter-back,quick_cache,8,25.629064
string24,sip,128,iter-empty,micro,0,0.783495
string24,sip,128,iter-empty,baseline,0,38.104593
string24,sip,128,iter-empty,quick_cache,0,26.233801
string24,sip,128,iter-empty,lru,0,1.023034
string24,sip,128,iter-empty,hashlink,0,1.039733
string24,sip,128,iter-empty,baseline,1,38.437400
string24,sip,128,iter-empty,quick_cache,1,26.594760
string24,sip,128,iter-empty,lru,1,1.009426
string24,sip,128,iter-empty,hashlink,1,1.011019
string24,sip,128,iter-empty,micro,1,0.816349
string24,sip,128,iter-empty,quick_cache,2,26.097330
string24,sip,128,iter-empty,lru,2,1.009282
string24,sip,128,iter-empty,hashlink,2,1.011523
string24,sip,128,iter-empty,micro,2,0.782157
string24,sip,128,iter-empty,baseline,2,37.960621
string24,sip,128,iter-empty,lru,3,1.009797
string24,sip,128,iter-empty,hashlink,3,1.017518
string24,sip,128,iter-empty,micro,3,0.804840
string24,sip,128,iter-empty,baseline,3,37.965409
string24,sip,128,iter-empty,quick_cache,3,26.419632
string24,sip,128,iter-empty,hashlink,4,1.030156
string24,sip,128,iter-empty,micro,4,0.786785
string24,sip,128,iter-empty,baseline,4,38.937578
string24,sip,128,iter-empty,quick_cache,4,26.248142
string24,sip,128,iter-empty,lru,4,1.008865
string24,sip,128,iter-empty,micro,5,0.788341
string24,sip,128,iter-empty,baseline,5,37.949816
string24,sip,128,iter-empty,quick_cache,5,26.161126
string24,sip,128,iter-empty,lru,5,1.008487
string24,sip,128,iter-empty,hashlink,5,1.012546
string24,sip,128,iter-empty,baseline,6,38.021464
string24,sip,128,iter-empty,quick_cache,6,26.101042
string24,sip,128,iter-empty,lru,6,1.007480
string24,sip,128,iter-empty,hashlink,6,1.012644
string24,sip,128,iter-empty,micro,6,0.782486
string24,sip,128,iter-empty,quick_cache,7,25.704737
string24,sip,128,iter-empty,lru,7,1.004545
string24,sip,128,iter-empty,hashlink,7,1.026954
string24,sip,128,iter-empty,micro,7,0.823982
string24,sip,128,iter-empty,baseline,7,37.439731
string24,sip,128,iter-empty,lru,8,1.008598
string24,sip,128,iter-empty,hashlink,8,1.018101
string24,sip,128,iter-empty,micro,8,0.797316
string24,sip,128,iter-empty,baseline,8,37.350248
string24,sip,128,iter-empty,quick_cache,8,25.818991
string24,sip,128,iter-count,micro,0,0.398776
string24,sip,128,iter-count,baseline,0,36.688885
string24,sip,128,iter-count,quick_cache,0,54.210039
string24,sip,128,iter-count,lru,0,0.400263
string24,sip,128,iter-count,hashlink,0,0.390699
string24,sip,128,iter-count,baseline,1,35.366396
string24,sip,128,iter-count,quick_cache,1,51.744027
string24,sip,128,iter-count,lru,1,0.395613
string24,sip,128,iter-count,hashlink,1,0.399706
string24,sip,128,iter-count,micro,1,0.398170
string24,sip,128,iter-count,quick_cache,2,55.248422
string24,sip,128,iter-count,lru,2,0.390738
string24,sip,128,iter-count,hashlink,2,0.396864
string24,sip,128,iter-count,micro,2,0.398980
string24,sip,128,iter-count,baseline,2,37.386659
string24,sip,128,iter-count,lru,3,0.387052
string24,sip,128,iter-count,hashlink,3,0.390597
string24,sip,128,iter-count,micro,3,0.398231
string24,sip,128,iter-count,baseline,3,37.191377
string24,sip,128,iter-count,quick_cache,3,53.242613
string24,sip,128,iter-count,hashlink,4,0.387006
string24,sip,128,iter-count,micro,4,0.399399
string24,sip,128,iter-count,baseline,4,37.878074
string24,sip,128,iter-count,quick_cache,4,55.292097
string24,sip,128,iter-count,lru,4,0.401143
string24,sip,128,iter-count,micro,5,0.408869
string24,sip,128,iter-count,baseline,5,38.024821
string24,sip,128,iter-count,quick_cache,5,54.611568
string24,sip,128,iter-count,lru,5,0.392213
string24,sip,128,iter-count,hashlink,5,0.391705
string24,sip,128,iter-count,baseline,6,37.257254
string24,sip,128,iter-count,quick_cache,6,53.668902
string24,sip,128,iter-count,lru,6,0.387167
string24,sip,128,iter-count,hashlink,6,0.389030
string24,sip,128,iter-count,micro,6,0.399257
string24,sip,128,iter-count,quick_cache,7,52.759813
string24,sip,128,iter-count,lru,7,0.387144
string24,sip,128,iter-count,hashlink,7,0.390215
string24,sip,128,iter-count,micro,7,0.398771
string24,sip,128,iter-count,baseline,7,37.194161
string24,sip,128,iter-count,lru,8,0.395217
string24,sip,128,iter-count,hashlink,8,0.397177
string24,sip,128,iter-count,micro,8,0.410095
string24,sip,128,iter-count,baseline,8,37.499873
string24,sip,128,iter-count,quick_cache,8,54.702961
string24,sip,1024,get-hit,micro,0,10.885761
string24,sip,1024,get-hit,baseline,0,10.945910
string24,sip,1024,get-hit,quick_cache,0,11.555249
string24,sip,1024,get-hit,lru,0,11.596392
string24,sip,1024,get-hit,hashlink,0,10.859439
string24,sip,1024,get-hit,baseline,1,11.121160
string24,sip,1024,get-hit,quick_cache,1,11.279297
string24,sip,1024,get-hit,lru,1,11.771862
string24,sip,1024,get-hit,hashlink,1,11.009580
string24,sip,1024,get-hit,micro,1,11.136512
string24,sip,1024,get-hit,quick_cache,2,11.430153
string24,sip,1024,get-hit,lru,2,11.934134
string24,sip,1024,get-hit,hashlink,2,11.114779
string24,sip,1024,get-hit,micro,2,11.291411
string24,sip,1024,get-hit,baseline,2,11.113392
string24,sip,1024,get-hit,lru,3,11.855591
string24,sip,1024,get-hit,hashlink,3,10.846767
string24,sip,1024,get-hit,micro,3,11.120976
string24,sip,1024,get-hit,baseline,3,11.098411
string24,sip,1024,get-hit,quick_cache,3,11.251554
string24,sip,1024,get-hit,hashlink,4,11.003041
string24,sip,1024,get-hit,micro,4,11.107289
string24,sip,1024,get-hit,baseline,4,11.120421
string24,sip,1024,get-hit,quick_cache,4,11.270510
string24,sip,1024,get-hit,lru,4,11.679020
string24,sip,1024,get-hit,micro,5,11.050361
string24,sip,1024,get-hit,baseline,5,11.224549
string24,sip,1024,get-hit,quick_cache,5,11.500323
string24,sip,1024,get-hit,lru,5,11.975955
string24,sip,1024,get-hit,hashlink,5,11.063529
string24,sip,1024,get-hit,baseline,6,11.149829
string24,sip,1024,get-hit,quick_cache,6,11.443244
string24,sip,1024,get-hit,lru,6,11.981441
string24,sip,1024,get-hit,hashlink,6,10.966437
string24,sip,1024,get-hit,micro,6,11.170266
string24,sip,1024,get-hit,quick_cache,7,11.305725
string24,sip,1024,get-hit,lru,7,11.737922
string24,sip,1024,get-hit,hashlink,7,10.966165
string24,sip,1024,get-hit,micro,7,11.088780
string24,sip,1024,get-hit,baseline,7,11.098595
string24,sip,1024,get-hit,lru,8,11.840919
string24,sip,1024,get-hit,hashlink,8,12.316895
string24,sip,1024,get-hit,micro,8,11.919560
string24,sip,1024,get-hit,baseline,8,12.603242
string24,sip,1024,get-hit,quick_cache,8,12.060825
string24,sip,1024,get-miss,micro,0,8.110380
string24,sip,1024,get-miss,baseline,0,8.308823
string24,sip,1024,get-miss,quick_cache,0,8.024273
string24,sip,1024,get-miss,lru,0,8.389408
string24,sip,1024,get-miss,hashlink,0,8.038370
string24,sip,1024,get-miss,baseline,1,8.065809
string24,sip,1024,get-miss,quick_cache,1,8.343465
string24,sip,1024,get-miss,lru,1,8.384042
string24,sip,1024,get-miss,hashlink,1,8.119149
string24,sip,1024,get-miss,micro,1,8.196885
string24,sip,1024,get-miss,quick_cache,2,8.309166
string24,sip,1024,get-miss,lru,2,8.372895
string24,sip,1024,get-miss,hashlink,2,8.103019
string24,sip,1024,get-miss,micro,2,8.303256
string24,sip,1024,get-miss,baseline,2,8.325595
string24,sip,1024,get-miss,lru,3,8.547182
string24,sip,1024,get-miss,hashlink,3,8.121290
string24,sip,1024,get-miss,micro,3,8.189155
string24,sip,1024,get-miss,baseline,3,8.249713
string24,sip,1024,get-miss,quick_cache,3,8.300093
string24,sip,1024,get-miss,hashlink,4,8.102015
string24,sip,1024,get-miss,micro,4,8.190036
string24,sip,1024,get-miss,baseline,4,8.202650
string24,sip,1024,get-miss,quick_cache,4,8.309648
string24,sip,1024,get-miss,lru,4,8.385575
string24,sip,1024,get-miss,micro,5,8.178101
string24,sip,1024,get-miss,baseline,5,8.207736
string24,sip,1024,get-miss,quick_cache,5,8.338173
string24,sip,1024,get-miss,lru,5,8.417557
string24,sip,1024,get-miss,hashlink,5,8.213771
string24,sip,1024,get-miss,baseline,6,8.417138
string24,sip,1024,get-miss,quick_cache,6,8.374008
string24,sip,1024,get-miss,lru,6,8.395260
string24,sip,1024,get-miss,hashlink,6,8.103019
string24,sip,1024,get-miss,micro,6,8.189494
string24,sip,1024,get-miss,quick_cache,7,8.314323
string24,sip,1024,get-miss,lru,7,8.318239
string24,sip,1024,get-miss,hashlink,7,8.116672
string24,sip,1024,get-miss,micro,7,8.180135
string24,sip,1024,get-miss,baseline,7,8.196411
string24,sip,1024,get-miss,lru,8,8.381394
string24,sip,1024,get-miss,hashlink,8,8.107973
string24,sip,1024,get-miss,micro,8,8.175863
string24,sip,1024,get-miss,baseline,8,8.221911
string24,sip,1024,get-miss,quick_cache,8,8.370734
string24,sip,1024,update,micro,0,25.201821
string24,sip,1024,update,baseline,0,25.337524
string24,sip,1024,update,quick_cache,0,41.376066
string24,sip,1024,update,lru,0,27.614210
string24,sip,1024,update,hashlink,0,25.619298
string24,sip,1024,update,baseline,1,24.930215
string24,sip,1024,update,quick_cache,1,41.177368
string24,sip,1024,update,lru,1,27.010493
string24,sip,1024,update,hashlink,1,25.297241
string24,sip,1024,update,micro,1,24.816284
string24,sip,1024,update,quick_cache,2,40.828451
string24,sip,1024,update,lru,2,27.426015
string24,sip,1024,update,hashlink,2,25.238853
string24,sip,1024,update,micro,2,24.915771
string24,sip,1024,update,baseline,2,24.954019
string24,sip,1024,update,lru,3,27.653570
string24,sip,1024,update,hashlink,3,25.742427
string24,sip,1024,update,micro,3,24.225478
string24,sip,1024,update,baseline,3,24.088346
string24,sip,1024,update,quick_cache,3,40.480293
string24,sip,1024,update,hashlink,4,25.114546
string24,sip,1024,update,micro,4,24.068787
string24,sip,1024,update,baseline,4,24.010489
string24,sip,1024,update,quick_cache,4,40.254906
string24,sip,1024,update,lru,4,25.939519
string24,sip,1024,update,micro,5,23.931847
string24,sip,1024,update,baseline,5,24.118474
string24,sip,1024,update,quick_cache,5,39.999321
string24,sip,1024,update,lru,5,26.145091
string24,sip,1024,update,hashlink,5,24.489541
string24,sip,1024,update,baseline,6,24.571738
string24,sip,1024,update,quick_cache,6,41.184489
string24,sip,1024,update,lru,6,25.658925
string24,sip,1024,update,hashlink,6,24.968872
string24,sip,1024,update,micro,6,24.033180
string24,sip,1024,update,quick_cache,7,40.252686
string24,sip,1024,update,lru,7,26.251053
string24,sip,1024,update,hashlink,7,24.430542
string24,sip,1024,update,micro,7,24.133728
string24,sip,1024,update,baseline,7,24.164053
string24,sip,1024,update,lru,8,26.340693
string24,sip,1024,update,hashlink,8,24.547524
string24,sip,1024,update,micro,8,24.166203
string24,sip,1024,update,baseline,8,24.132751
string24,sip,1024,update,quick_cache,8,40.219620
string24,sip,1024,insert-cycle,micro,0,52.313186
string24,sip,1024,insert-cycle,baseline,0,52.727020
string24,sip,1024,insert-cycle,quick_cache,0,35.049003
string24,sip,1024,insert-cycle,lru,0,71.367536
string24,sip,1024,insert-cycle,hashlink,0,67.601101
string24,sip,1024,insert-cycle,baseline,1,51.586995
string24,sip,1024,insert-cycle,quick_cache,1,34.556214
string24,sip,1024,insert-cycle,lru,1,70.021861
string24,sip,1024,insert-cycle,hashlink,1,67.644003
string24,sip,1024,insert-cycle,micro,1,52.287224
string24,sip,1024,insert-cycle,quick_cache,2,34.526697
string24,sip,1024,insert-cycle,lru,2,70.753697
string24,sip,1024,insert-cycle,hashlink,2,67.598910
string24,sip,1024,insert-cycle,micro,2,51.700592
string24,sip,1024,insert-cycle,baseline,2,51.395416
string24,sip,1024,insert-cycle,lru,3,71.679688
string24,sip,1024,insert-cycle,hashlink,3,68.681505
string24,sip,1024,insert-cycle,micro,3,52.504956
string24,sip,1024,insert-cycle,baseline,3,51.909546
string24,sip,1024,insert-cycle,quick_cache,3,34.693181
string24,sip,1024,insert-cycle,hashlink,4,69.619642
string24,sip,1024,insert-cycle,micro,4,52.710138
string24,sip,1024,insert-cycle,baseline,4,52.673776
string24,sip,1024,insert-cycle,quick_cache,4,35.257973
string24,sip,1024,insert-cycle,lru,4,71.551800
string24,sip,1024,insert-cycle,micro,5,52.160385
string24,sip,1024,insert-cycle,baseline,5,52.218386
string24,sip,1024,insert-cycle,quick_cache,5,35.157994
string24,sip,1024,insert-cycle,lru,5,71.457645
string24,sip,1024,insert-cycle,hashlink,5,67.855265
string24,sip,1024,insert-cycle,baseline,6,51.864197
string24,sip,1024,insert-cycle,quick_cache,6,35.502710
string24,sip,1024,insert-cycle,lru,6,72.217745
string24,sip,1024,insert-cycle,hashlink,6,69.767243
string24,sip,1024,insert-cycle,micro,6,52.662515
string24,sip,1024,insert-cycle,quick_cache,7,35.080099
string24,sip,1024,insert-cycle,lru,7,70.772879
string24,sip,1024,insert-cycle,hashlink,7,68.439060
string24,sip,1024,insert-cycle,micro,7,63.312237
string24,sip,1024,insert-cycle,baseline,7,50.189164
string24,sip,1024,insert-cycle,lru,8,69.380588
string24,sip,1024,insert-cycle,hashlink,8,68.037245
string24,sip,1024,insert-cycle,micro,8,50.053811
string24,sip,1024,insert-cycle,baseline,8,49.598389
string24,sip,1024,insert-cycle,quick_cache,8,35.385353
string24,sip,1024,mixed-95,micro,0,18.257141
string24,sip,1024,mixed-95,baseline,0,18.725001
string24,sip,1024,mixed-95,quick_cache,0,21.462449
string24,sip,1024,mixed-95,lru,0,20.380318
string24,sip,1024,mixed-95,hashlink,0,19.814768
string24,sip,1024,mixed-95,baseline,1,18.563162
string24,sip,1024,mixed-95,quick_cache,1,22.209712
string24,sip,1024,mixed-95,lru,1,20.181637
string24,sip,1024,mixed-95,hashlink,1,19.598324
string24,sip,1024,mixed-95,micro,1,18.175164
string24,sip,1024,mixed-95,quick_cache,2,21.558918
string24,sip,1024,mixed-95,lru,2,20.254977
string24,sip,1024,mixed-95,hashlink,2,19.991475
string24,sip,1024,mixed-95,micro,2,17.964980
string24,sip,1024,mixed-95,baseline,2,17.787824
string24,sip,1024,mixed-95,lru,3,19.808862
string24,sip,1024,mixed-95,hashlink,3,19.179821
string24,sip,1024,mixed-95,micro,3,18.519084
string24,sip,1024,mixed-95,baseline,3,18.050849
string24,sip,1024,mixed-95,quick_cache,3,20.980326
string24,sip,1024,mixed-95,hashlink,4,20.313221
string24,sip,1024,mixed-95,micro,4,17.855981
string24,sip,1024,mixed-95,baseline,4,18.281074
string24,sip,1024,mixed-95,quick_cache,4,21.504723
string24,sip,1024,mixed-95,lru,4,20.154072
string24,sip,1024,mixed-95,micro,5,17.616343
string24,sip,1024,mixed-95,baseline,5,17.706881
string24,sip,1024,mixed-95,quick_cache,5,20.917424
string24,sip,1024,mixed-95,lru,5,20.171788
string24,sip,1024,mixed-95,hashlink,5,19.261837
string24,sip,1024,mixed-95,baseline,6,18.621271
string24,sip,1024,mixed-95,quick_cache,6,21.768681
string24,sip,1024,mixed-95,lru,6,19.548096
string24,sip,1024,mixed-95,hashlink,6,19.236725
string24,sip,1024,mixed-95,micro,6,17.638724
string24,sip,1024,mixed-95,quick_cache,7,21.085365
string24,sip,1024,mixed-95,lru,7,20.615808
string24,sip,1024,mixed-95,hashlink,7,19.355453
string24,sip,1024,mixed-95,micro,7,18.254000
string24,sip,1024,mixed-95,baseline,7,18.344206
string24,sip,1024,mixed-95,lru,8,20.126177
string24,sip,1024,mixed-95,hashlink,8,19.451302
string24,sip,1024,mixed-95,micro,8,18.593066
string24,sip,1024,mixed-95,baseline,8,18.298132
string24,sip,1024,mixed-95,quick_cache,8,21.435968
string24,sip,1024,load-hit,micro,0,14.229827
string24,sip,1024,load-hit,baseline,0,23.735239
string24,sip,1024,load-hit,quick_cache,0,14.873445
string24,sip,1024,load-hit,lru,0,15.027177
string24,sip,1024,load-hit,hashlink,0,11.416965
string24,sip,1024,load-hit,baseline,1,23.658166
string24,sip,1024,load-hit,quick_cache,1,14.839172
string24,sip,1024,load-hit,lru,1,17.204003
string24,sip,1024,load-hit,hashlink,1,11.507670
string24,sip,1024,load-hit,micro,1,14.561730
string24,sip,1024,load-hit,quick_cache,2,14.806597
string24,sip,1024,load-hit,lru,2,15.409216
string24,sip,1024,load-hit,hashlink,2,11.624222
string24,sip,1024,load-hit,micro,2,14.797512
string24,sip,1024,load-hit,baseline,2,23.851055
string24,sip,1024,load-hit,lru,3,16.027857
string24,sip,1024,load-hit,hashlink,3,11.402084
string24,sip,1024,load-hit,micro,3,14.811317
string24,sip,1024,load-hit,baseline,3,23.856924
string24,sip,1024,load-hit,quick_cache,3,14.853585
string24,sip,1024,load-hit,hashlink,4,11.123750
string24,sip,1024,load-hit,micro,4,14.434105
string24,sip,1024,load-hit,baseline,4,24.103018
string24,sip,1024,load-hit,quick_cache,4,15.083749
string24,sip,1024,load-hit,lru,4,17.045905
string24,sip,1024,load-hit,micro,5,15.062908
string24,sip,1024,load-hit,baseline,5,23.690641
string24,sip,1024,load-hit,quick_cache,5,14.960932
string24,sip,1024,load-hit,lru,5,15.001623
string24,sip,1024,load-hit,hashlink,5,11.647062
string24,sip,1024,load-hit,baseline,6,23.738568
string24,sip,1024,load-hit,quick_cache,6,14.842442
string24,sip,1024,load-hit,lru,6,15.191799
string24,sip,1024,load-hit,hashlink,6,12.066014
string24,sip,1024,load-hit,micro,6,15.271884
string24,sip,1024,load-hit,quick_cache,7,15.809799
string24,sip,1024,load-hit,lru,7,16.368533
string24,sip,1024,load-hit,hashlink,7,12.247212
string24,sip,1024,load-hit,micro,7,15.514755
string24,sip,1024,load-hit,baseline,7,25.308228
string24,sip,1024,load-hit,lru,8,16.718136
string24,sip,1024,load-hit,hashlink,8,12.221577
string24,sip,1024,load-hit,micro,8,15.633902
string24,sip,1024,load-hit,baseline,8,25.227251
string24,sip,1024,load-hit,quick_cache,8,15.892096
string24,sip,1024,load-cycle,micro,0,51.845978
string24,sip,1024,load-cycle,baseline,0,53.999310
string24,sip,1024,load-cycle,quick_cache,0,28.676826
string24,sip,1024,load-cycle,lru,0,74.100379
string24,sip,1024,load-cycle,hashlink,0,77.134460
string24,sip,1024,load-cycle,baseline,1,51.441193
string24,sip,1024,load-cycle,quick_cache,1,27.373812
string24,sip,1024,load-cycle,lru,1,75.033174
string24,sip,1024,load-cycle,hashlink,1,76.377243
string24,sip,1024,load-cycle,micro,1,52.500623
string24,sip,1024,load-cycle,quick_cache,2,27.621719
string24,sip,1024,load-cycle,lru,2,74.180531
string24,sip,1024,load-cycle,hashlink,2,75.274843
string24,sip,1024,load-cycle,micro,2,51.946975
string24,sip,1024,load-cycle,baseline,2,56.109797
string24,sip,1024,load-cycle,lru,3,75.504794
string24,sip,1024,load-cycle,hashlink,3,76.100985
string24,sip,1024,load-cycle,micro,3,51.672618
string24,sip,1024,load-cycle,baseline,3,51.244100
string24,sip,1024,load-cycle,quick_cache,3,27.328152
string24,sip,1024,load-cycle,hashlink,4,76.540634
string24,sip,1024,load-cycle,micro,4,52.132251
string24,sip,1024,load-cycle,baseline,4,51.148733
string24,sip,1024,load-cycle,quick_cache,4,27.270730
string24,sip,1024,load-cycle,lru,4,74.406176
string24,sip,1024,load-cycle,micro,5,52.066884
string24,sip,1024,load-cycle,baseline,5,51.632782
string24,sip,1024,load-cycle,quick_cache,5,27.818853
string24,sip,1024,load-cycle,lru,5,74.192856
string24,sip,1024,load-cycle,hashlink,5,76.172496
string24,sip,1024,load-cycle,baseline,6,51.255544
string24,sip,1024,load-cycle,quick_cache,6,27.172396
string24,sip,1024,load-cycle,lru,6,74.112098
string24,sip,1024,load-cycle,hashlink,6,75.721813
string24,sip,1024,load-cycle,micro,6,51.512400
string24,sip,1024,load-cycle,quick_cache,7,27.273671
string24,sip,1024,load-cycle,lru,7,73.747817
string24,sip,1024,load-cycle,hashlink,7,75.581868
string24,sip,1024,load-cycle,micro,7,51.399648
string24,sip,1024,load-cycle,baseline,7,51.078796
string24,sip,1024,load-cycle,lru,8,74.761290
string24,sip,1024,load-cycle,hashlink,8,76.993317
string24,sip,1024,load-cycle,micro,8,52.078572
string24,sip,1024,load-cycle,baseline,8,51.555216
string24,sip,1024,load-cycle,quick_cache,8,27.305322
string24,sip,1024,clear-refill,micro,0,26627.877660
string24,sip,1024,clear-refill,baseline,0,25826.463918
string24,sip,1024,clear-refill,quick_cache,0,27207.657609
string24,sip,1024,clear-refill,lru,0,71778.571429
string24,sip,1024,clear-refill,hashlink,0,45209.459459
string24,sip,1024,clear-refill,baseline,1,25758.117949
string24,sip,1024,clear-refill,quick_cache,1,26923.607527
string24,sip,1024,clear-refill,lru,1,72112.500000
string24,sip,1024,clear-refill,hashlink,1,44659.598214
string24,sip,1024,clear-refill,micro,1,26459.433862
string24,sip,1024,clear-refill,quick_cache,2,27022.623656
string24,sip,1024,clear-refill,lru,2,72553.753623
string24,sip,1024,clear-refill,hashlink,2,45631.818182
string24,sip,1024,clear-refill,micro,2,26913.526882
string24,sip,1024,clear-refill,baseline,2,26136.067708
string24,sip,1024,clear-refill,lru,3,71654.757143
string24,sip,1024,clear-refill,hashlink,3,45910.550459
string24,sip,1024,clear-refill,micro,3,26574.513228
string24,sip,1024,clear-refill,baseline,3,26042.746114
string24,sip,1024,clear-refill,quick_cache,3,26950.494624
string24,sip,1024,clear-refill,hashlink,4,45403.531532
string24,sip,1024,clear-refill,micro,4,26584.873016
string24,sip,1024,clear-refill,baseline,4,25914.937824
string24,sip,1024,clear-refill,quick_cache,4,26948.698925
string24,sip,1024,clear-refill,lru,4,72132.142857
string24,sip,1024,clear-refill,micro,5,27329.918033
string24,sip,1024,clear-refill,baseline,5,25865.979381
string24,sip,1024,clear-refill,quick_cache,5,27643.646409
string24,sip,1024,clear-refill,lru,5,73338.768116
string24,sip,1024,clear-refill,hashlink,5,45821.972727
string24,sip,1024,clear-refill,baseline,6,26085.286458
string24,sip,1024,clear-refill,quick_cache,6,27469.721311
string24,sip,1024,clear-refill,lru,6,71697.628571
string24,sip,1024,clear-refill,hashlink,6,44824.401786
string24,sip,1024,clear-refill,micro,6,26253.052356
string24,sip,1024,clear-refill,quick_cache,7,26898.075269
string24,sip,1024,clear-refill,lru,7,71465.471429
string24,sip,1024,clear-refill,hashlink,7,45381.756757
string24,sip,1024,clear-refill,micro,7,25580.357143
string24,sip,1024,clear-refill,baseline,7,25826.247423
string24,sip,1024,clear-refill,lru,8,71582.742857
string24,sip,1024,clear-refill,hashlink,8,44154.605263
string24,sip,1024,clear-refill,micro,8,25630.954082
string24,sip,1024,clear-refill,baseline,8,26205.717277
string24,sip,1024,clear-refill,quick_cache,8,27142.113514
string24,sip,1024,clear-empty,micro,0,0.370183
string24,sip,1024,clear-empty,baseline,0,49.238921
string24,sip,1024,clear-empty,quick_cache,0,3.980201
string24,sip,1024,clear-empty,lru,0,2.215672
string24,sip,1024,clear-empty,hashlink,0,0.607944
string24,sip,1024,clear-empty,baseline,1,46.755458
string24,sip,1024,clear-empty,quick_cache,1,3.954321
string24,sip,1024,clear-empty,lru,1,2.214967
string24,sip,1024,clear-empty,hashlink,1,0.610033
string24,sip,1024,clear-empty,micro,1,0.364113
string24,sip,1024,clear-empty,quick_cache,2,3.969092
string24,sip,1024,clear-empty,lru,2,2.222744
string24,sip,1024,clear-empty,hashlink,2,0.608195
string24,sip,1024,clear-empty,micro,2,0.363839
string24,sip,1024,clear-empty,baseline,2,46.652418
string24,sip,1024,clear-empty,lru,3,2.240593
string24,sip,1024,clear-empty,hashlink,3,0.617848
string24,sip,1024,clear-empty,micro,3,0.371606
string24,sip,1024,clear-empty,baseline,3,47.115023
string24,sip,1024,clear-empty,quick_cache,3,3.957831
string24,sip,1024,clear-empty,hashlink,4,0.609163
string24,sip,1024,clear-empty,micro,4,0.367201
string24,sip,1024,clear-empty,baseline,4,47.102466
string24,sip,1024,clear-empty,quick_cache,4,3.946463
string24,sip,1024,clear-empty,lru,4,2.219934
string24,sip,1024,clear-empty,micro,5,0.366364
string24,sip,1024,clear-empty,baseline,5,46.742225
string24,sip,1024,clear-empty,quick_cache,5,3.984941
string24,sip,1024,clear-empty,lru,5,2.222799
string24,sip,1024,clear-empty,hashlink,5,0.610438
string24,sip,1024,clear-empty,baseline,6,48.529253
string24,sip,1024,clear-empty,quick_cache,6,3.977951
string24,sip,1024,clear-empty,lru,6,2.257819
string24,sip,1024,clear-empty,hashlink,6,0.625296
string24,sip,1024,clear-empty,micro,6,0.371288
string24,sip,1024,clear-empty,quick_cache,7,3.987248
string24,sip,1024,clear-empty,lru,7,2.227418
string24,sip,1024,clear-empty,hashlink,7,0.608233
string24,sip,1024,clear-empty,micro,7,0.365986
string24,sip,1024,clear-empty,baseline,7,49.234001
string24,sip,1024,clear-empty,lru,8,2.218852
string24,sip,1024,clear-empty,hashlink,8,0.614234
string24,sip,1024,clear-empty,micro,8,0.365603
string24,sip,1024,clear-empty,baseline,8,49.506359
string24,sip,1024,clear-empty,quick_cache,8,3.951121
string24,sip,1024,iter-dense,micro,0,179.047645
string24,sip,1024,iter-dense,baseline,0,274.335252
string24,sip,1024,iter-dense,quick_cache,0,249.877296
string24,sip,1024,iter-dense,lru,0,1360.495924
string24,sip,1024,iter-dense,hashlink,0,1347.936961
string24,sip,1024,iter-dense,baseline,1,275.887787
string24,sip,1024,iter-dense,quick_cache,1,256.452818
string24,sip,1024,iter-dense,lru,1,1328.478019
string24,sip,1024,iter-dense,hashlink,1,1280.858486
string24,sip,1024,iter-dense,micro,1,179.668032
string24,sip,1024,iter-dense,quick_cache,2,254.608204
string24,sip,1024,iter-dense,lru,2,1330.574682
string24,sip,1024,iter-dense,hashlink,2,1288.870389
string24,sip,1024,iter-dense,micro,2,179.400474
string24,sip,1024,iter-dense,baseline,2,274.241557
string24,sip,1024,iter-dense,lru,3,1327.297405
string24,sip,1024,iter-dense,hashlink,3,1314.360032
string24,sip,1024,iter-dense,micro,3,185.709249
string24,sip,1024,iter-dense,baseline,3,281.242974
string24,sip,1024,iter-dense,quick_cache,3,262.935504
string24,sip,1024,iter-dense,hashlink,4,1387.444690
string24,sip,1024,iter-dense,micro,4,183.906250
string24,sip,1024,iter-dense,baseline,4,283.316350
string24,sip,1024,iter-dense,quick_cache,4,260.572917
string24,sip,1024,iter-dense,lru,4,1373.617873
string24,sip,1024,iter-dense,micro,5,182.985400
string24,sip,1024,iter-dense,baseline,5,280.351591
string24,sip,1024,iter-dense,quick_cache,5,261.973932
string24,sip,1024,iter-dense,lru,5,1332.064354
string24,sip,1024,iter-dense,hashlink,5,1292.549070
string24,sip,1024,iter-dense,baseline,6,275.133858
string24,sip,1024,iter-dense,quick_cache,6,261.291963
string24,sip,1024,iter-dense,lru,6,1374.977248
string24,sip,1024,iter-dense,hashlink,6,1286.565061
string24,sip,1024,iter-dense,micro,6,181.707231
string24,sip,1024,iter-dense,quick_cache,7,258.621694
string24,sip,1024,iter-dense,lru,7,1373.834978
string24,sip,1024,iter-dense,hashlink,7,1303.548177
string24,sip,1024,iter-dense,micro,7,180.267229
string24,sip,1024,iter-dense,baseline,7,276.384441
string24,sip,1024,iter-dense,lru,8,1325.300053
string24,sip,1024,iter-dense,hashlink,8,1288.945184
string24,sip,1024,iter-dense,micro,8,180.509960
string24,sip,1024,iter-dense,baseline,8,276.813717
string24,sip,1024,iter-dense,quick_cache,8,254.729082
string24,sip,1024,iter-dense-for,micro,0,277.066711
string24,sip,1024,iter-dense-for,baseline,0,277.207558
string24,sip,1024,iter-dense-for,quick_cache,0,517.146246
string24,sip,1024,iter-dense-for,lru,0,778.328514
string24,sip,1024,iter-dense-for,hashlink,0,900.068786
string24,sip,1024,iter-dense-for,baseline,1,276.548673
string24,sip,1024,iter-dense-for,quick_cache,1,512.692111
string24,sip,1024,iter-dense-for,lru,1,801.286033
string24,sip,1024,iter-dense-for,hashlink,1,959.156250
string24,sip,1024,iter-dense-for,micro,1,264.021590
string24,sip,1024,iter-dense-for,quick_cache,2,503.236334
string24,sip,1024,iter-dense-for,lru,2,739.601710
string24,sip,1024,iter-dense-for,hashlink,2,878.862360
string24,sip,1024,iter-dense-for,micro,2,272.051630
string24,sip,1024,iter-dense-for,baseline,2,272.044837
string24,sip,1024,iter-dense-for,lru,3,746.943304
string24,sip,1024,iter-dense-for,hashlink,3,880.749649
string24,sip,1024,iter-dense-for,micro,3,273.117092
string24,sip,1024,iter-dense-for,baseline,3,277.477615
string24,sip,1024,iter-dense-for,quick_cache,3,510.174878
string24,sip,1024,iter-dense-for,hashlink,4,898.183010
string24,sip,1024,iter-dense-for,micro,4,272.645797
string24,sip,1024,iter-dense-for,baseline,4,276.326910
string24,sip,1024,iter-dense-for,quick_cache,4,276.735343
string24,sip,1024,iter-dense-for,lru,4,787.609925
string24,sip,1024,iter-dense-for,micro,5,272.076522
string24,sip,1024,iter-dense-for,baseline,5,275.140735
string24,sip,1024,iter-dense-for,quick_cache,5,270.657656
string24,sip,1024,iter-dense-for,lru,5,752.021935
string24,sip,1024,iter-dense-for,hashlink,5,887.388065
string24,sip,1024,iter-dense-for,baseline,6,272.764889
string24,sip,1024,iter-dense-for,quick_cache,6,270.572016
string24,sip,1024,iter-dense-for,lru,6,755.529136
string24,sip,1024,iter-dense-for,hashlink,6,894.166607
string24,sip,1024,iter-dense-for,micro,6,271.509223
string24,sip,1024,iter-dense-for,quick_cache,7,269.987748
string24,sip,1024,iter-dense-for,lru,7,755.661232
string24,sip,1024,iter-dense-for,hashlink,7,1071.444991
string24,sip,1024,iter-dense-for,micro,7,280.090222
string24,sip,1024,iter-dense-for,baseline,7,281.874043
string24,sip,1024,iter-dense-for,lru,8,830.274471
string24,sip,1024,iter-dense-for,hashlink,8,992.171084
string24,sip,1024,iter-dense-for,micro,8,279.652057
string24,sip,1024,iter-dense-for,baseline,8,279.975850
string24,sip,1024,iter-dense-for,quick_cache,8,510.056189
string24,sip,1024,iter-density-1pct,micro,0,7.287282
string24,sip,1024,iter-density-1pct,baseline,0,331.716764
string24,sip,1024,iter-density-1pct,quick_cache,0,206.635651
string24,sip,1024,iter-density-1pct,lru,0,4.401110
string24,sip,1024,iter-density-1pct,hashlink,0,4.294896
string24,sip,1024,iter-density-1pct,baseline,1,335.666443
string24,sip,1024,iter-density-1pct,quick_cache,1,207.039859
string24,sip,1024,iter-density-1pct,lru,1,4.413094
string24,sip,1024,iter-density-1pct,hashlink,1,4.295533
string24,sip,1024,iter-density-1pct,micro,1,7.236322
string24,sip,1024,iter-density-1pct,quick_cache,2,211.009531
string24,sip,1024,iter-density-1pct,lru,2,4.514852
string24,sip,1024,iter-density-1pct,hashlink,2,4.278702
string24,sip,1024,iter-density-1pct,micro,2,7.228396
string24,sip,1024,iter-density-1pct,baseline,2,325.239345
string24,sip,1024,iter-density-1pct,lru,3,4.424163
string24,sip,1024,iter-density-1pct,hashlink,3,4.297423
string24,sip,1024,iter-density-1pct,micro,3,7.254464
string24,sip,1024,iter-density-1pct,baseline,3,327.108917
string24,sip,1024,iter-density-1pct,quick_cache,3,202.917275
string24,sip,1024,iter-density-1pct,hashlink,4,4.276208
string24,sip,1024,iter-density-1pct,micro,4,7.234038
string24,sip,1024,iter-density-1pct,baseline,4,326.768593
string24,sip,1024,iter-density-1pct,quick_cache,4,204.686150
string24,sip,1024,iter-density-1pct,lru,4,4.412456
string24,sip,1024,iter-density-1pct,micro,5,7.233461
string24,sip,1024,iter-density-1pct,baseline,5,342.587527
string24,sip,1024,iter-density-1pct,quick_cache,5,185.306206
string24,sip,1024,iter-density-1pct,lru,5,4.435555
string24,sip,1024,iter-density-1pct,hashlink,5,4.283005
string24,sip,1024,iter-density-1pct,baseline,6,327.827437
string24,sip,1024,iter-density-1pct,quick_cache,6,177.875853
string24,sip,1024,iter-density-1pct,lru,6,4.556988
string24,sip,1024,iter-density-1pct,hashlink,6,4.366879
string24,sip,1024,iter-density-1pct,micro,6,7.263293
string24,sip,1024,iter-density-1pct,quick_cache,7,175.366197
string24,sip,1024,iter-density-1pct,lru,7,4.455794
string24,sip,1024,iter-density-1pct,hashlink,7,4.272932
string24,sip,1024,iter-density-1pct,micro,7,7.230569
string24,sip,1024,iter-density-1pct,baseline,7,333.111702
string24,sip,1024,iter-density-1pct,lru,8,4.469430
string24,sip,1024,iter-density-1pct,hashlink,8,4.271029
string24,sip,1024,iter-density-1pct,micro,8,7.398964
string24,sip,1024,iter-density-1pct,baseline,8,341.015319
string24,sip,1024,iter-density-1pct,quick_cache,8,176.264198
string24,sip,1024,iter-density-6pct,micro,0,186.700418
string24,sip,1024,iter-density-6pct,baseline,0,307.035855
string24,sip,1024,iter-density-6pct,quick_cache,0,179.419920
string24,sip,1024,iter-density-6pct,lru,0,52.924632
string24,sip,1024,iter-density-6pct,hashlink,0,51.548668
string24,sip,1024,iter-density-6pct,baseline,1,299.961492
string24,sip,1024,iter-density-6pct,quick_cache,1,179.585857
string24,sip,1024,iter-density-6pct,lru,1,53.359188
string24,sip,1024,iter-density-6pct,hashlink,1,52.683012
string24,sip,1024,iter-density-6pct,micro,1,191.581763
string24,sip,1024,iter-density-6pct,quick_cache,2,183.555531
string24,sip,1024,iter-density-6pct,lru,2,54.470112
string24,sip,1024,iter-density-6pct,hashlink,2,53.682873
string24,sip,1024,iter-density-6pct,micro,2,195.232834
string24,sip,1024,iter-density-6pct,baseline,2,313.985128
string24,sip,1024,iter-density-6pct,lru,3,55.717569
string24,sip,1024,iter-density-6pct,hashlink,3,55.050744
string24,sip,1024,iter-density-6pct,micro,3,200.383974
string24,sip,1024,iter-density-6pct,baseline,3,310.146453
string24,sip,1024,iter-density-6pct,quick_cache,3,199.351602
string24,sip,1024,iter-density-6pct,hashlink,4,52.030886
string24,sip,1024,iter-density-6pct,micro,4,188.745471
string24,sip,1024,iter-density-6pct,baseline,4,292.367582
string24,sip,1024,iter-density-6pct,quick_cache,4,166.023919
string24,sip,1024,iter-density-6pct,lru,4,53.456252
string24,sip,1024,iter-density-6pct,micro,5,190.330961
string24,sip,1024,iter-density-6pct,baseline,5,309.031188
string24,sip,1024,iter-density-6pct,quick_cache,5,167.519360
string24,sip,1024,iter-density-6pct,lru,5,52.951680
string24,sip,1024,iter-density-6pct,hashlink,5,54.020934
string24,sip,1024,iter-density-6pct,baseline,6,306.267368
string24,sip,1024,iter-density-6pct,quick_cache,6,166.912653
string24,sip,1024,iter-density-6pct,lru,6,52.510805
string24,sip,1024,iter-density-6pct,hashlink,6,51.442581
string24,sip,1024,iter-density-6pct,micro,6,185.957937
string24,sip,1024,iter-density-6pct,quick_cache,7,166.132572
string24,sip,1024,iter-density-6pct,lru,7,52.250940
string24,sip,1024,iter-density-6pct,hashlink,7,51.646150
string24,sip,1024,iter-density-6pct,micro,7,186.457376
string24,sip,1024,iter-density-6pct,baseline,7,304.378465
string24,sip,1024,iter-density-6pct,lru,8,51.841490
string24,sip,1024,iter-density-6pct,hashlink,8,51.275088
string24,sip,1024,iter-density-6pct,micro,8,187.261415
string24,sip,1024,iter-density-6pct,baseline,8,302.933685
string24,sip,1024,iter-density-6pct,quick_cache,8,165.946490
string24,sip,1024,iter-density-quarter,micro,0,190.870459
string24,sip,1024,iter-density-quarter,baseline,0,266.094441
string24,sip,1024,iter-density-quarter,quick_cache,0,165.763620
string24,sip,1024,iter-density-quarter,lru,0,305.103801
string24,sip,1024,iter-density-quarter,hashlink,0,326.385243
string24,sip,1024,iter-density-quarter,baseline,1,257.932807
string24,sip,1024,iter-density-quarter,quick_cache,1,166.016985
string24,sip,1024,iter-density-quarter,lru,1,299.936480
string24,sip,1024,iter-density-quarter,hashlink,1,339.377711
string24,sip,1024,iter-density-quarter,micro,1,186.945537
string24,sip,1024,iter-density-quarter,quick_cache,2,165.698734
string24,sip,1024,iter-density-quarter,lru,2,301.523904
string24,sip,1024,iter-density-quarter,hashlink,2,334.293202
string24,sip,1024,iter-density-quarter,micro,2,189.444432
string24,sip,1024,iter-density-quarter,baseline,2,261.468384
string24,sip,1024,iter-density-quarter,lru,3,297.582997
string24,sip,1024,iter-density-quarter,hashlink,3,372.942721
string24,sip,1024,iter-density-quarter,micro,3,191.441325
string24,sip,1024,iter-density-quarter,baseline,3,262.021933
string24,sip,1024,iter-density-quarter,quick_cache,3,165.585275
string24,sip,1024,iter-density-quarter,hashlink,4,303.888532
string24,sip,1024,iter-density-quarter,micro,4,186.717518
string24,sip,1024,iter-density-quarter,baseline,4,262.024131
string24,sip,1024,iter-density-quarter,quick_cache,4,166.143630
string24,sip,1024,iter-density-quarter,lru,4,304.051678
string24,sip,1024,iter-density-quarter,micro,5,187.231774
string24,sip,1024,iter-density-quarter,baseline,5,262.933298
string24,sip,1024,iter-density-quarter,quick_cache,5,165.765012
string24,sip,1024,iter-density-quarter,lru,5,299.920678
string24,sip,1024,iter-density-quarter,hashlink,5,338.564259
string24,sip,1024,iter-density-quarter,baseline,6,257.587263
string24,sip,1024,iter-density-quarter,quick_cache,6,165.581137
string24,sip,1024,iter-density-quarter,lru,6,309.280818
string24,sip,1024,iter-density-quarter,hashlink,6,357.383205
string24,sip,1024,iter-density-quarter,micro,6,186.908156
string24,sip,1024,iter-density-quarter,quick_cache,7,165.226942
string24,sip,1024,iter-density-quarter,lru,7,303.342539
string24,sip,1024,iter-density-quarter,hashlink,7,346.106402
string24,sip,1024,iter-density-quarter,micro,7,186.939294
string24,sip,1024,iter-density-quarter,baseline,7,262.168834
string24,sip,1024,iter-density-quarter,lru,8,296.122810
string24,sip,1024,iter-density-quarter,hashlink,8,314.910337
string24,sip,1024,iter-density-quarter,micro,8,186.120424
string24,sip,1024,iter-density-quarter,baseline,8,261.466189
string24,sip,1024,iter-density-quarter,quick_cache,8,166.305153
string24,sip,1024,iter-density-half,micro,0,183.142455
string24,sip,1024,iter-density-half,baseline,0,263.360585
string24,sip,1024,iter-density-half,quick_cache,0,193.931258
string24,sip,1024,iter-density-half,lru,0,633.250127
string24,sip,1024,iter-density-half,hashlink,0,770.474138
string24,sip,1024,iter-density-half,baseline,1,260.026726
string24,sip,1024,iter-density-half,quick_cache,1,193.671585
string24,sip,1024,iter-density-half,lru,1,604.915661
string24,sip,1024,iter-density-half,hashlink,1,691.780835
string24,sip,1024,iter-density-half,micro,1,183.745226
string24,sip,1024,iter-density-half,quick_cache,2,196.598192
string24,sip,1024,iter-density-half,lru,2,626.911500
string24,sip,1024,iter-density-half,hashlink,2,670.250267
string24,sip,1024,iter-density-half,micro,2,183.693192
string24,sip,1024,iter-density-half,baseline,2,261.657765
string24,sip,1024,iter-density-half,lru,3,624.190737
string24,sip,1024,iter-density-half,hashlink,3,702.558576
string24,sip,1024,iter-density-half,micro,3,184.013493
string24,sip,1024,iter-density-half,baseline,3,260.740000
string24,sip,1024,iter-density-half,quick_cache,3,198.301674
string24,sip,1024,iter-density-half,hashlink,4,675.135776
string24,sip,1024,iter-density-half,micro,4,188.670160
string24,sip,1024,iter-density-half,baseline,4,269.692888
string24,sip,1024,iter-density-half,quick_cache,4,202.024790
string24,sip,1024,iter-density-half,lru,4,682.979667
string24,sip,1024,iter-density-half,micro,5,183.866434
string24,sip,1024,iter-density-half,baseline,5,263.104114
string24,sip,1024,iter-density-half,quick_cache,5,196.990121
string24,sip,1024,iter-density-half,lru,5,622.987176
string24,sip,1024,iter-density-half,hashlink,5,694.217782
string24,sip,1024,iter-density-half,baseline,6,260.195663
string24,sip,1024,iter-density-half,quick_cache,6,196.575275
string24,sip,1024,iter-density-half,lru,6,636.157647
string24,sip,1024,iter-density-half,hashlink,6,685.815378
string24,sip,1024,iter-density-half,micro,6,185.031435
string24,sip,1024,iter-density-half,quick_cache,7,200.495793
string24,sip,1024,iter-density-half,lru,7,670.294738
string24,sip,1024,iter-density-half,hashlink,7,700.375558
string24,sip,1024,iter-density-half,micro,7,186.152976
string24,sip,1024,iter-density-half,baseline,7,289.448264
string24,sip,1024,iter-density-half,lru,8,627.666918
string24,sip,1024,iter-density-half,hashlink,8,678.915314
string24,sip,1024,iter-density-half,micro,8,183.054011
string24,sip,1024,iter-density-half,baseline,8,260.115537
string24,sip,1024,iter-density-half,quick_cache,8,196.388858
string24,sip,1024,iter-front,micro,0,1.166489
string24,sip,1024,iter-front,baseline,0,259.416926
string24,sip,1024,iter-front,quick_cache,0,193.881165
string24,sip,1024,iter-front,lru,0,1.203469
string24,sip,1024,iter-front,hashlink,0,1.190785
string24,sip,1024,iter-front,baseline,1,265.157150
string24,sip,1024,iter-front,quick_cache,1,194.589314
string24,sip,1024,iter-front,lru,1,1.230460
string24,sip,1024,iter-front,hashlink,1,1.204973
string24,sip,1024,iter-front,micro,1,1.147775
string24,sip,1024,iter-front,quick_cache,2,196.287837
string24,sip,1024,iter-front,lru,2,1.200206
string24,sip,1024,iter-front,hashlink,2,1.158394
string24,sip,1024,iter-front,micro,2,1.165088
string24,sip,1024,iter-front,baseline,2,262.837027
string24,sip,1024,iter-front,lru,3,1.199828
string24,sip,1024,iter-front,hashlink,3,1.188150
string24,sip,1024,iter-front,micro,3,1.163111
string24,sip,1024,iter-front,baseline,3,261.997906
string24,sip,1024,iter-front,quick_cache,3,193.419013
string24,sip,1024,iter-front,hashlink,4,1.160683
string24,sip,1024,iter-front,micro,4,1.163405
string24,sip,1024,iter-front,baseline,4,261.897613
string24,sip,1024,iter-front,quick_cache,4,199.258559
string24,sip,1024,iter-front,lru,4,1.225519
string24,sip,1024,iter-front,micro,5,1.187626
string24,sip,1024,iter-front,baseline,5,253.065585
string24,sip,1024,iter-front,quick_cache,5,193.557588
string24,sip,1024,iter-front,lru,5,1.202746
string24,sip,1024,iter-front,hashlink,5,1.170386
string24,sip,1024,iter-front,baseline,6,263.497312
string24,sip,1024,iter-front,quick_cache,6,196.604756
string24,sip,1024,iter-front,lru,6,1.205996
string24,sip,1024,iter-front,hashlink,6,1.167195
string24,sip,1024,iter-front,micro,6,1.167177
string24,sip,1024,iter-front,quick_cache,7,196.035323
string24,sip,1024,iter-front,lru,7,1.199985
string24,sip,1024,iter-front,hashlink,7,1.197621
string24,sip,1024,iter-front,micro,7,1.162315
string24,sip,1024,iter-front,baseline,7,264.373469
string24,sip,1024,iter-front,lru,8,1.232897
string24,sip,1024,iter-front,hashlink,8,1.179397
string24,sip,1024,iter-front,micro,8,1.167788
string24,sip,1024,iter-front,baseline,8,259.453617
string24,sip,1024,iter-front,quick_cache,8,194.399098
string24,sip,1024,iter-back,micro,0,1.175776
string24,sip,1024,iter-back,baseline,0,262.326080
string24,sip,1024,iter-back,quick_cache,0,165.176004
string24,sip,1024,iter-back,lru,0,1.207785
string24,sip,1024,iter-back,hashlink,0,1.149996
string24,sip,1024,iter-back,baseline,1,262.876418
string24,sip,1024,iter-back,quick_cache,1,169.784032
string24,sip,1024,iter-back,lru,1,1.242367
string24,sip,1024,iter-back,hashlink,1,1.178338
string24,sip,1024,iter-back,micro,1,1.174662
string24,sip,1024,iter-back,quick_cache,2,170.106774
string24,sip,1024,iter-back,lru,2,1.230422
string24,sip,1024,iter-back,hashlink,2,1.162574
string24,sip,1024,iter-back,micro,2,1.173656
string24,sip,1024,iter-back,baseline,2,266.822632
string24,sip,1024,iter-back,lru,3,1.220503
string24,sip,1024,iter-back,hashlink,3,1.175263
string24,sip,1024,iter-back,micro,3,1.166193
string24,sip,1024,iter-back,baseline,3,265.640492
string24,sip,1024,iter-back,quick_cache,3,166.249734
string24,sip,1024,iter-back,hashlink,4,1.185634
string24,sip,1024,iter-back,micro,4,1.165497
string24,sip,1024,iter-back,baseline,4,265.780028
string24,sip,1024,iter-back,quick_cache,4,167.205615
string24,sip,1024,iter-back,lru,4,1.208019
string24,sip,1024,iter-back,micro,5,1.174856
string24,sip,1024,iter-back,baseline,5,271.223733
string24,sip,1024,iter-back,quick_cache,5,170.319002
string24,sip,1024,iter-back,lru,5,1.204926
string24,sip,1024,iter-back,hashlink,5,1.168696
string24,sip,1024,iter-back,baseline,6,266.439097
string24,sip,1024,iter-back,quick_cache,6,166.386835
string24,sip,1024,iter-back,lru,6,1.198172
string24,sip,1024,iter-back,hashlink,6,1.174909
string24,sip,1024,iter-back,micro,6,1.171026
string24,sip,1024,iter-back,quick_cache,7,167.419499
string24,sip,1024,iter-back,lru,7,1.203682
string24,sip,1024,iter-back,hashlink,7,1.181912
string24,sip,1024,iter-back,micro,7,1.170105
string24,sip,1024,iter-back,baseline,7,266.283805
string24,sip,1024,iter-back,lru,8,1.202552
string24,sip,1024,iter-back,hashlink,8,1.171386
string24,sip,1024,iter-back,micro,8,1.182628
string24,sip,1024,iter-back,baseline,8,276.241829
string24,sip,1024,iter-back,quick_cache,8,166.724980
string24,sip,1024,iter-empty,micro,0,0.778006
string24,sip,1024,iter-empty,baseline,0,265.154926
string24,sip,1024,iter-empty,quick_cache,0,164.914062
string24,sip,1024,iter-empty,lru,0,1.006941
string24,sip,1024,iter-empty,hashlink,0,1.013419
string24,sip,1024,iter-empty,baseline,1,263.725706
string24,sip,1024,iter-empty,quick_cache,1,165.990744
string24,sip,1024,iter-empty,lru,1,1.009804
string24,sip,1024,iter-empty,hashlink,1,1.017173
string24,sip,1024,iter-empty,micro,1,0.786144
string24,sip,1024,iter-empty,quick_cache,2,166.147782
string24,sip,1024,iter-empty,lru,2,1.005806
string24,sip,1024,iter-empty,hashlink,2,1.012113
string24,sip,1024,iter-empty,micro,2,0.782922
string24,sip,1024,iter-empty,baseline,2,403.434439
string24,sip,1024,iter-empty,lru,3,2.170952
string24,sip,1024,iter-empty,hashlink,3,1.700843
string24,sip,1024,iter-empty,micro,3,1.001789
string24,sip,1024,iter-empty,baseline,3,250.266650
string24,sip,1024,iter-empty,quick_cache,3,161.598371
string24,sip,1024,iter-empty,hashlink,4,1.034556
string24,sip,1024,iter-empty,micro,4,0.779780
string24,sip,1024,iter-empty,baseline,4,262.361053
string24,sip,1024,iter-empty,quick_cache,4,162.803809
string24,sip,1024,iter-empty,lru,4,0.976550
string24,sip,1024,iter-empty,micro,5,0.766713
string24,sip,1024,iter-empty,baseline,5,250.222900
string24,sip,1024,iter-empty,quick_cache,5,163.329154
string24,sip,1024,iter-empty,lru,5,1.008520
string24,sip,1024,iter-empty,hashlink,5,1.018659
string24,sip,1024,iter-empty,baseline,6,273.754488
string24,sip,1024,iter-empty,quick_cache,6,167.423648
string24,sip,1024,iter-empty,lru,6,1.004623
string24,sip,1024,iter-empty,hashlink,6,1.022605
string24,sip,1024,iter-empty,micro,6,0.782455
string24,sip,1024,iter-empty,quick_cache,7,165.535620
string24,sip,1024,iter-empty,lru,7,1.005929
string24,sip,1024,iter-empty,hashlink,7,1.015738
string24,sip,1024,iter-empty,micro,7,0.778626
string24,sip,1024,iter-empty,baseline,7,266.239459
string24,sip,1024,iter-empty,lru,8,1.003333
string24,sip,1024,iter-empty,hashlink,8,1.021102
string24,sip,1024,iter-empty,micro,8,0.780053
string24,sip,1024,iter-empty,baseline,8,266.574372
string24,sip,1024,iter-empty,quick_cache,8,165.365972
string24,sip,1024,iter-count,micro,0,0.396210
string24,sip,1024,iter-count,baseline,0,272.874620
string24,sip,1024,iter-count,quick_cache,0,484.077268
string24,sip,1024,iter-count,lru,0,0.387500
string24,sip,1024,iter-count,hashlink,0,0.390835
string24,sip,1024,iter-count,baseline,1,261.297708
string24,sip,1024,iter-count,quick_cache,1,479.722466
string24,sip,1024,iter-count,lru,1,0.388948
string24,sip,1024,iter-count,hashlink,1,0.390659
string24,sip,1024,iter-count,micro,1,0.399567
string24,sip,1024,iter-count,quick_cache,2,489.624023
string24,sip,1024,iter-count,lru,2,0.390129
string24,sip,1024,iter-count,hashlink,2,0.389845
string24,sip,1024,iter-count,micro,2,0.398926
string24,sip,1024,iter-count,baseline,2,260.084704
string24,sip,1024,iter-count,lru,3,0.390059
string24,sip,1024,iter-count,hashlink,3,0.395281
string24,sip,1024,iter-count,micro,3,0.409486
string24,sip,1024,iter-count,baseline,3,262.549896
string24,sip,1024,iter-count,quick_cache,3,484.212176
string24,sip,1024,iter-count,hashlink,4,0.391235
string24,sip,1024,iter-count,micro,4,0.400419
string24,sip,1024,iter-count,baseline,4,258.639134
string24,sip,1024,iter-count,quick_cache,4,480.087652
string24,sip,1024,iter-count,lru,4,0.390855
string24,sip,1024,iter-count,micro,5,0.399105
string24,sip,1024,iter-count,baseline,5,258.330798
string24,sip,1024,iter-count,quick_cache,5,479.662824
string24,sip,1024,iter-count,lru,5,0.388971
string24,sip,1024,iter-count,hashlink,5,0.391322
string24,sip,1024,iter-count,baseline,6,262.628021
string24,sip,1024,iter-count,quick_cache,6,480.254383
string24,sip,1024,iter-count,lru,6,0.390367
string24,sip,1024,iter-count,hashlink,6,0.401278
string24,sip,1024,iter-count,micro,6,0.400932
string24,sip,1024,iter-count,quick_cache,7,482.143960
string24,sip,1024,iter-count,lru,7,0.389219
string24,sip,1024,iter-count,hashlink,7,0.395213
string24,sip,1024,iter-count,micro,7,0.400510
string24,sip,1024,iter-count,baseline,7,261.306458
string24,sip,1024,iter-count,lru,8,0.390124
string24,sip,1024,iter-count,hashlink,8,0.392523
string24,sip,1024,iter-count,micro,8,0.399849
string24,sip,1024,iter-count,baseline,8,264.199747
string24,sip,1024,iter-count,quick_cache,8,481.762957
string24,sip,16384,get-hit,micro,0,17.176310
string24,sip,16384,get-hit,baseline,0,17.177867
string24,sip,16384,get-hit,quick_cache,0,17.711237
string24,sip,16384,get-hit,lru,0,18.324011
string24,sip,16384,get-hit,hashlink,0,17.338647
string24,sip,16384,get-hit,baseline,1,17.395443
string24,sip,16384,get-hit,quick_cache,1,18.394768
string24,sip,16384,get-hit,lru,1,17.800757
string24,sip,16384,get-hit,hashlink,1,17.220957
string24,sip,16384,get-hit,micro,1,17.331441
string24,sip,16384,get-hit,quick_cache,2,17.974103
string24,sip,16384,get-hit,lru,2,17.715311
string24,sip,16384,get-hit,hashlink,2,17.117537
string24,sip,16384,get-hit,micro,2,17.409712
string24,sip,16384,get-hit,baseline,2,17.258681
string24,sip,16384,get-hit,lru,3,17.709208
string24,sip,16384,get-hit,hashlink,3,17.760505
string24,sip,16384,get-hit,micro,3,17.431190
string24,sip,16384,get-hit,baseline,3,17.301910
string24,sip,16384,get-hit,quick_cache,3,18.006567
string24,sip,16384,get-hit,hashlink,4,17.120080
string24,sip,16384,get-hit,micro,4,17.270830
string24,sip,16384,get-hit,baseline,4,17.217424
string24,sip,16384,get-hit,quick_cache,4,17.969170
string24,sip,16384,get-hit,lru,4,17.798723
string24,sip,16384,get-hit,micro,5,17.174472
string24,sip,16384,get-hit,baseline,5,17.103546
string24,sip,16384,get-hit,quick_cache,5,17.769514
string24,sip,16384,get-hit,lru,5,17.723301
string24,sip,16384,get-hit,hashlink,5,17.412116
string24,sip,16384,get-hit,baseline,6,17.531187
string24,sip,16384,get-hit,quick_cache,6,19.275982
string24,sip,16384,get-hit,lru,6,16.639365
string24,sip,16384,get-hit,hashlink,6,17.195808
string24,sip,16384,get-hit,micro,6,17.502267
string24,sip,16384,get-hit,quick_cache,7,17.961092
string24,sip,16384,get-hit,lru,7,16.093605
string24,sip,16384,get-hit,hashlink,7,15.589905
string24,sip,16384,get-hit,micro,7,16.897253
string24,sip,16384,get-hit,baseline,7,17.179416
string24,sip,16384,get-hit,lru,8,17.624044
string24,sip,16384,get-hit,hashlink,8,17.020755
string24,sip,16384,get-hit,micro,8,17.329041
string24,sip,16384,get-hit,baseline,8,17.775328
string24,sip,16384,get-hit,quick_cache,8,17.982781
string24,sip,16384,get-miss,micro,0,12.026319
string24,sip,16384,get-miss,baseline,0,11.945186
string24,sip,16384,get-miss,quick_cache,0,12.018440
string24,sip,16384,get-miss,lru,0,11.778121
string24,sip,16384,get-miss,hashlink,0,11.680938
string24,sip,16384,get-miss,baseline,1,11.974758
string24,sip,16384,get-miss,quick_cache,1,12.022131
string24,sip,16384,get-miss,lru,1,11.797197
string24,sip,16384,get-miss,hashlink,1,11.814801
string24,sip,16384,get-miss,micro,1,11.863415
string24,sip,16384,get-miss,quick_cache,2,12.019239
string24,sip,16384,get-miss,lru,2,11.895205
string24,sip,16384,get-miss,hashlink,2,11.880141
string24,sip,16384,get-miss,micro,2,11.937460
string24,sip,16384,get-miss,baseline,2,11.962010
string24,sip,16384,get-miss,lru,3,11.644568
string24,sip,16384,get-miss,hashlink,3,11.838374
string24,sip,16384,get-miss,micro,3,11.932570
string24,sip,16384,get-miss,baseline,3,12.273152
string24,sip,16384,get-miss,quick_cache,3,12.091342
string24,sip,16384,get-miss,hashlink,4,11.771569
string24,sip,16384,get-miss,micro,4,11.986027
string24,sip,16384,get-miss,baseline,4,11.974459
string24,sip,16384,get-miss,quick_cache,4,11.964259
string24,sip,16384,get-miss,lru,4,11.616257
string24,sip,16384,get-miss,micro,5,12.237651
string24,sip,16384,get-miss,baseline,5,12.053546
string24,sip,16384,get-miss,quick_cache,5,12.046466
string24,sip,16384,get-miss,lru,5,11.673455
string24,sip,16384,get-miss,hashlink,5,11.742129
string24,sip,16384,get-miss,baseline,6,11.928753
string24,sip,16384,get-miss,quick_cache,6,12.014651
string24,sip,16384,get-miss,lru,6,11.524128
string24,sip,16384,get-miss,hashlink,6,11.792600
string24,sip,16384,get-miss,micro,6,11.888064
string24,sip,16384,get-miss,quick_cache,7,11.983135
string24,sip,16384,get-miss,lru,7,11.583339
string24,sip,16384,get-miss,hashlink,7,11.700419
string24,sip,16384,get-miss,micro,7,12.129141
string24,sip,16384,get-miss,baseline,7,12.247112
string24,sip,16384,get-miss,lru,8,11.634201
string24,sip,16384,get-miss,hashlink,8,11.802086
string24,sip,16384,get-miss,micro,8,11.892660
string24,sip,16384,get-miss,baseline,8,11.953991
string24,sip,16384,get-miss,quick_cache,8,12.041578
string24,sip,16384,update,micro,0,34.674181
string24,sip,16384,update,baseline,0,34.074856
string24,sip,16384,update,quick_cache,0,72.920058
string24,sip,16384,update,lru,0,35.869744
string24,sip,16384,update,hashlink,0,36.116656
string24,sip,16384,update,baseline,1,32.320525
string24,sip,16384,update,quick_cache,1,71.390788
string24,sip,16384,update,lru,1,34.569634
string24,sip,16384,update,hashlink,1,33.189209
string24,sip,16384,update,micro,1,32.160972
string24,sip,16384,update,quick_cache,2,70.651584
string24,sip,16384,update,lru,2,33.523296
string24,sip,16384,update,hashlink,2,33.468679
string24,sip,16384,update,micro,2,31.542456
string24,sip,16384,update,baseline,2,32.363892
string24,sip,16384,update,lru,3,34.334249
string24,sip,16384,update,hashlink,3,35.397285
string24,sip,16384,update,micro,3,36.186667
string24,sip,16384,update,baseline,3,31.305444
string24,sip,16384,update,quick_cache,3,60.272217
string24,sip,16384,update,hashlink,4,33.340191
string24,sip,16384,update,micro,4,31.937408
string24,sip,16384,update,baseline,4,31.987000
string24,sip,16384,update,quick_cache,4,68.002780
string24,sip,16384,update,lru,4,33.740928
string24,sip,16384,update,micro,5,31.799066
string24,sip,16384,update,baseline,5,32.059479
string24,sip,16384,update,quick_cache,5,75.094157
string24,sip,16384,update,lru,5,33.493845
string24,sip,16384,update,hashlink,5,32.926321
string24,sip,16384,update,baseline,6,31.881714
string24,sip,16384,update,quick_cache,6,76.876312
string24,sip,16384,update,lru,6,35.088148
string24,sip,16384,update,hashlink,6,33.238994
string24,sip,16384,update,micro,6,33.920288
string24,sip,16384,update,quick_cache,7,74.144151
string24,sip,16384,update,lru,7,55.177470
string24,sip,16384,update,hashlink,7,34.254564
string24,sip,16384,update,micro,7,32.181859
string24,sip,16384,update,baseline,7,32.127519
string24,sip,16384,update,lru,8,33.344200
string24,sip,16384,update,hashlink,8,32.773470
string24,sip,16384,update,micro,8,31.758118
string24,sip,16384,update,baseline,8,31.906641
string24,sip,16384,update,quick_cache,8,69.366455
string24,sip,16384,insert-cycle,micro,0,54.825256
string24,sip,16384,insert-cycle,baseline,0,53.968638
string24,sip,16384,insert-cycle,quick_cache,0,44.668831
string24,sip,16384,insert-cycle,lru,0,74.543416
string24,sip,16384,insert-cycle,hashlink,0,73.945780
string24,sip,16384,insert-cycle,baseline,1,52.406311
string24,sip,16384,insert-cycle,quick_cache,1,45.131363
string24,sip,16384,insert-cycle,lru,1,74.158142
string24,sip,16384,insert-cycle,hashlink,1,75.615356
string24,sip,16384,insert-cycle,micro,1,53.943207
string24,sip,16384,insert-cycle,quick_cache,2,45.644447
string24,sip,16384,insert-cycle,lru,2,74.175944
string24,sip,16384,insert-cycle,hashlink,2,72.455933
string24,sip,16384,insert-cycle,micro,2,52.914937
string24,sip,16384,insert-cycle,baseline,2,52.688599
string24,sip,16384,insert-cycle,lru,3,74.034800
string24,sip,16384,insert-cycle,hashlink,3,72.639038
string24,sip,16384,insert-cycle,micro,3,52.339762
string24,sip,16384,insert-cycle,baseline,3,53.165436
string24,sip,16384,insert-cycle,quick_cache,3,45.665741
string24,sip,16384,insert-cycle,hashlink,4,72.080404
string24,sip,16384,insert-cycle,micro,4,52.669098
string24,sip,16384,insert-cycle,baseline,4,52.449544
string24,sip,16384,insert-cycle,quick_cache,4,45.965515
string24,sip,16384,insert-cycle,lru,4,74.451864
string24,sip,16384,insert-cycle,micro,5,52.538554
string24,sip,16384,insert-cycle,baseline,5,52.388082
string24,sip,16384,insert-cycle,quick_cache,5,44.444405
string24,sip,16384,insert-cycle,lru,5,76.146871
string24,sip,16384,insert-cycle,hashlink,5,75.913747
string24,sip,16384,insert-cycle,baseline,6,54.196248
string24,sip,16384,insert-cycle,quick_cache,6,43.701805
string24,sip,16384,insert-cycle,lru,6,75.173279
string24,sip,16384,insert-cycle,hashlink,6,79.223633
string24,sip,16384,insert-cycle,micro,6,53.656260
string24,sip,16384,insert-cycle,quick_cache,7,43.827698
string24,sip,16384,insert-cycle,lru,7,74.994405
string24,sip,16384,insert-cycle,hashlink,7,74.266652
string24,sip,16384,insert-cycle,micro,7,54.896037
string24,sip,16384,insert-cycle,baseline,7,54.865519
string24,sip,16384,insert-cycle,lru,8,75.394531
string24,sip,16384,insert-cycle,hashlink,8,74.077179
string24,sip,16384,insert-cycle,micro,8,53.540548
string24,sip,16384,insert-cycle,baseline,8,53.829620
string24,sip,16384,insert-cycle,quick_cache,8,43.325104
string24,sip,16384,mixed-95,micro,0,21.787623
string24,sip,16384,mixed-95,baseline,0,22.128331
string24,sip,16384,mixed-95,quick_cache,0,22.398451
string24,sip,16384,mixed-95,lru,0,22.586278
string24,sip,16384,mixed-95,hashlink,0,20.803662
string24,sip,16384,mixed-95,baseline,1,21.426669
string24,sip,16384,mixed-95,quick_cache,1,22.493456
string24,sip,16384,mixed-95,lru,1,21.649237
string24,sip,16384,mixed-95,hashlink,1,21.296357
string24,sip,16384,mixed-95,micro,1,21.970110
string24,sip,16384,mixed-95,quick_cache,2,23.103312
string24,sip,16384,mixed-95,lru,2,21.653447
string24,sip,16384,mixed-95,hashlink,2,21.837507
string24,sip,16384,mixed-95,micro,2,21.955579
string24,sip,16384,mixed-95,baseline,2,21.954128
string24,sip,16384,mixed-95,lru,3,21.902178
string24,sip,16384,mixed-95,hashlink,3,21.871839
string24,sip,16384,mixed-95,micro,3,21.953221
string24,sip,16384,mixed-95,baseline,3,21.964665
string24,sip,16384,mixed-95,quick_cache,3,22.361389
string24,sip,16384,mixed-95,hashlink,4,21.407555
string24,sip,16384,mixed-95,micro,4,22.110347
string24,sip,16384,mixed-95,baseline,4,22.507804
string24,sip,16384,mixed-95,quick_cache,4,22.359576
string24,sip,16384,mixed-95,lru,4,21.712731
string24,sip,16384,mixed-95,micro,5,22.568115
string24,sip,16384,mixed-95,baseline,5,23.481516
string24,sip,16384,mixed-95,quick_cache,5,24.859824
string24,sip,16384,mixed-95,lru,5,23.583045
string24,sip,16384,mixed-95,hashlink,5,23.340671
string24,sip,16384,mixed-95,baseline,6,23.492469
string24,sip,16384,mixed-95,quick_cache,6,24.074261
string24,sip,16384,mixed-95,lru,6,24.097342
string24,sip,16384,mixed-95,hashlink,6,23.268523
string24,sip,16384,mixed-95,micro,6,23.712158
string24,sip,16384,mixed-95,quick_cache,7,24.105952
string24,sip,16384,mixed-95,lru,7,23.362901
string24,sip,16384,mixed-95,hashlink,7,23.688096
string24,sip,16384,mixed-95,micro,7,23.501859
string24,sip,16384,mixed-95,baseline,7,23.472159
string24,sip,16384,mixed-95,lru,8,23.485234
string24,sip,16384,mixed-95,hashlink,8,23.255525
string24,sip,16384,mixed-95,micro,8,23.816819
string24,sip,16384,mixed-95,baseline,8,23.593022
string24,sip,16384,mixed-95,quick_cache,8,24.085412
string24,sip,16384,load-hit,micro,0,21.441756
string24,sip,16384,load-hit,baseline,0,35.631246
string24,sip,16384,load-hit,quick_cache,0,22.852955
string24,sip,16384,load-hit,lru,0,22.331783
string24,sip,16384,load-hit,hashlink,0,17.053816
string24,sip,16384,load-hit,baseline,1,36.288689
string24,sip,16384,load-hit,quick_cache,1,22.048222
string24,sip,16384,load-hit,lru,1,20.159814
string24,sip,16384,load-hit,hashlink,1,15.355301
string24,sip,16384,load-hit,micro,1,19.646645
string24,sip,16384,load-hit,quick_cache,2,20.948792
string24,sip,16384,load-hit,lru,2,21.651868
string24,sip,16384,load-hit,hashlink,2,15.361658
string24,sip,16384,load-hit,micro,2,19.772107
string24,sip,16384,load-hit,baseline,2,32.892328
string24,sip,16384,load-hit,lru,3,20.744666
string24,sip,16384,load-hit,hashlink,3,15.531415
string24,sip,16384,load-hit,micro,3,19.914523
string24,sip,16384,load-hit,baseline,3,33.245689
string24,sip,16384,load-hit,quick_cache,3,21.548921
string24,sip,16384,load-hit,hashlink,4,15.599188
string24,sip,16384,load-hit,micro,4,20.213958
string24,sip,16384,load-hit,baseline,4,32.788998
string24,sip,16384,load-hit,quick_cache,4,21.211119
string24,sip,16384,load-hit,lru,4,20.331267
string24,sip,16384,load-hit,micro,5,19.891881
string24,sip,16384,load-hit,baseline,5,33.124961
string24,sip,16384,load-hit,quick_cache,5,21.157100
string24,sip,16384,load-hit,lru,5,20.290086
string24,sip,16384,load-hit,hashlink,5,15.463004
string24,sip,16384,load-hit,baseline,6,33.138614
string24,sip,16384,load-hit,quick_cache,6,21.059410
string24,sip,16384,load-hit,lru,6,21.380371
string24,sip,16384,load-hit,hashlink,6,17.229716
string24,sip,16384,load-hit,micro,6,21.829516
string24,sip,16384,load-hit,quick_cache,7,23.103312
string24,sip,16384,load-hit,lru,7,22.385917
string24,sip,16384,load-hit,hashlink,7,17.156531
string24,sip,16384,load-hit,micro,7,21.856764
string24,sip,16384,load-hit,baseline,7,35.679850
string24,sip,16384,load-hit,lru,8,22.324881
string24,sip,16384,load-hit,hashlink,8,17.125590
string24,sip,16384,load-hit,micro,8,21.882738
string24,sip,16384,load-hit,baseline,8,35.478380
string24,sip,16384,load-hit,quick_cache,8,23.054335
string24,sip,16384,load-cycle,micro,0,56.229909
string24,sip,16384,load-cycle,baseline,0,55.959066
string24,sip,16384,load-cycle,quick_cache,0,34.506226
string24,sip,16384,load-cycle,lru,0,82.451508
string24,sip,16384,load-cycle,hashlink,0,79.902008
string24,sip,16384,load-cycle,baseline,1,54.821442
string24,sip,16384,load-cycle,quick_cache,1,33.731079
string24,sip,16384,load-cycle,lru,1,79.781219
string24,sip,16384,load-cycle,hashlink,1,79.606369
string24,sip,16384,load-cycle,micro,1,55.818349
string24,sip,16384,load-cycle,quick_cache,2,33.605444
string24,sip,16384,load-cycle,lru,2,81.772491
string24,sip,16384,load-cycle,hashlink,2,80.047607
string24,sip,16384,load-cycle,micro,2,55.625498
string24,sip,16384,load-cycle,baseline,2,54.914256
string24,sip,16384,load-cycle,lru,3,79.818726
string24,sip,16384,load-cycle,hashlink,3,79.186752
string24,sip,16384,load-cycle,micro,3,55.997640
string24,sip,16384,load-cycle,baseline,3,55.001160
string24,sip,16384,load-cycle,quick_cache,3,33.548737
string24,sip,16384,load-cycle,hashlink,4,79.898834
string24,sip,16384,load-cycle,micro,4,54.891378
string24,sip,16384,load-cycle,baseline,4,56.006968
string24,sip,16384,load-cycle,quick_cache,4,34.332275
string24,sip,16384,load-cycle,lru,4,80.194473
string24,sip,16384,load-cycle,micro,5,55.127462
string24,sip,16384,load-cycle,baseline,5,54.955373
string24,sip,16384,load-cycle,quick_cache,5,33.402252
string24,sip,16384,load-cycle,lru,5,79.260513
string24,sip,16384,load-cycle,hashlink,5,79.423904
string24,sip,16384,load-cycle,baseline,6,54.670115
string24,sip,16384,load-cycle,quick_cache,6,33.506525
string24,sip,16384,load-cycle,lru,6,79.610825
string24,sip,16384,load-cycle,hashlink,6,81.441238
string24,sip,16384,load-cycle,micro,6,56.348592
string24,sip,16384,load-cycle,quick_cache,7,33.456171
string24,sip,16384,load-cycle,lru,7,79.233170
string24,sip,16384,load-cycle,hashlink,7,79.080582
string24,sip,16384,load-cycle,micro,7,55.310140
string24,sip,16384,load-cycle,baseline,7,54.722249
string24,sip,16384,load-cycle,lru,8,80.018372
string24,sip,16384,load-cycle,hashlink,8,79.401642
string24,sip,16384,load-cycle,micro,8,54.906209
string24,sip,16384,load-cycle,baseline,8,54.744720
string24,sip,16384,load-cycle,quick_cache,8,33.573914
string24,sip,16384,clear-refill,micro,0,473340.909091
string24,sip,16384,clear-refill,baseline,0,458356.090909
string24,sip,16384,clear-refill,quick_cache,0,477541.727273
string24,sip,16384,clear-refill,lru,0,1194066.600000
string24,sip,16384,clear-refill,hashlink,0,757214.285714
string24,sip,16384,clear-refill,baseline,1,454024.250000
string24,sip,16384,clear-refill,quick_cache,1,476556.818182
string24,sip,16384,clear-refill,lru,1,1206891.800000
string24,sip,16384,clear-refill,hashlink,1,761952.428571
string24,sip,16384,clear-refill,micro,1,458636.363636
string24,sip,16384,clear-refill,quick_cache,2,484386.363636
string24,sip,16384,clear-refill,lru,2,1239958.400000
string24,sip,16384,clear-refill,hashlink,2,777386.857143
string24,sip,16384,clear-refill,micro,2,459674.272727
string24,sip,16384,clear-refill,baseline,2,455045.454545
string24,sip,16384,clear-refill,lru,3,1212516.600000
string24,sip,16384,clear-refill,hashlink,3,772333.428571
string24,sip,16384,clear-refill,micro,3,461197.000000
string24,sip,16384,clear-refill,baseline,3,460363.636364
string24,sip,16384,clear-refill,quick_cache,3,480625.000000
string24,sip,16384,clear-refill,hashlink,4,787922.714286
string24,sip,16384,clear-refill,micro,4,456587.090909
string24,sip,16384,clear-refill,baseline,4,461132.545455
string24,sip,16384,clear-refill,quick_cache,4,499204.545455
string24,sip,16384,clear-refill,lru,4,1194116.800000
string24,sip,16384,clear-refill,micro,5,457109.909091
string24,sip,16384,clear-refill,baseline,5,460875.000000
string24,sip,16384,clear-refill,quick_cache,5,483814.454545
string24,sip,16384,clear-refill,lru,5,1209233.400000
string24,sip,16384,clear-refill,hashlink,5,779136.857143
string24,sip,16384,clear-refill,baseline,6,465984.818182
string24,sip,16384,clear-refill,quick_cache,6,484435.545455
string24,sip,16384,clear-refill,lru,6,1190900.000000
string24,sip,16384,clear-refill,hashlink,6,770416.714286
string24,sip,16384,clear-refill,micro,6,462916.636364
string24,sip,16384,clear-refill,quick_cache,7,506220.800000
string24,sip,16384,clear-refill,lru,7,1227441.800000
string24,sip,16384,clear-refill,hashlink,7,782500.000000
string24,sip,16384,clear-refill,micro,7,466825.727273
string24,sip,16384,clear-refill,baseline,7,467780.363636
string24,sip,16384,clear-refill,lru,8,1250062.500000
string24,sip,16384,clear-refill,hashlink,8,779666.571429
string24,sip,16384,clear-refill,micro,8,461197.000000
string24,sip,16384,clear-refill,baseline,8,465511.363636
string24,sip,16384,clear-refill,quick_cache,8,486738.636364
string24,sip,16384,clear-empty,micro,0,0.365418
string24,sip,16384,clear-empty,baseline,0,312.081473
string24,sip,16384,clear-empty,quick_cache,0,4.080061
string24,sip,16384,clear-empty,lru,0,2.246300
string24,sip,16384,clear-empty,hashlink,0,0.612007
string24,sip,16384,clear-empty,baseline,1,352.396624
string24,sip,16384,clear-empty,quick_cache,1,3.976496
string24,sip,16384,clear-empty,lru,1,2.226223
string24,sip,16384,clear-empty,hashlink,1,0.607627
string24,sip,16384,clear-empty,micro,1,0.365510
string24,sip,16384,clear-empty,quick_cache,2,3.971004
string24,sip,16384,clear-empty,lru,2,2.219823
string24,sip,16384,clear-empty,hashlink,2,0.609571
string24,sip,16384,clear-empty,micro,2,0.363985
string24,sip,16384,clear-empty,baseline,2,318.002331
string24,sip,16384,clear-empty,lru,3,2.229017
string24,sip,16384,clear-empty,hashlink,3,0.626198
string24,sip,16384,clear-empty,micro,3,0.366666
string24,sip,16384,clear-empty,baseline,3,319.803238
string24,sip,16384,clear-empty,quick_cache,3,3.983216
string24,sip,16384,clear-empty,hashlink,4,0.610294
string24,sip,16384,clear-empty,micro,4,0.365887
string24,sip,16384,clear-empty,baseline,4,317.317225
string24,sip,16384,clear-empty,quick_cache,4,3.978315
string24,sip,16384,clear-empty,lru,4,2.217304
string24,sip,16384,clear-empty,micro,5,0.364226
string24,sip,16384,clear-empty,baseline,5,318.703314
string24,sip,16384,clear-empty,quick_cache,5,3.992104
string24,sip,16384,clear-empty,lru,5,2.246023
string24,sip,16384,clear-empty,hashlink,5,0.623952
string24,sip,16384,clear-empty,baseline,6,556.260851
string24,sip,16384,clear-empty,quick_cache,6,4.002539
string24,sip,16384,clear-empty,lru,6,2.256718
string24,sip,16384,clear-empty,hashlink,6,0.607698
string24,sip,16384,clear-empty,micro,6,0.363142
string24,sip,16384,clear-empty,quick_cache,7,3.966000
string24,sip,16384,clear-empty,lru,7,2.222189
string24,sip,16384,clear-empty,hashlink,7,0.609076
string24,sip,16384,clear-empty,micro,7,0.368184
string24,sip,16384,clear-empty,baseline,7,334.514036
string24,sip,16384,clear-empty,lru,8,2.294016
string24,sip,16384,clear-empty,hashlink,8,0.603311
string24,sip,16384,clear-empty,micro,8,0.352441
string24,sip,16384,clear-empty,baseline,8,320.984887
string24,sip,16384,clear-empty,quick_cache,8,4.030923
string24,sip,16384,iter-dense,micro,0,6076.472356
string24,sip,16384,iter-dense,baseline,0,6114.532452
string24,sip,16384,iter-dense,quick_cache,0,6896.002717
string24,sip,16384,iter-dense,lru,0,26843.968750
string24,sip,16384,iter-dense,hashlink,0,25065.665179
string24,sip,16384,iter-dense,baseline,1,6061.348558
string24,sip,16384,iter-dense,quick_cache,1,6933.989130
string24,sip,16384,iter-dense,lru,1,26827.692708
string24,sip,16384,iter-dense,hashlink,1,24150.111607
string24,sip,16384,iter-dense,micro,1,6077.274038
string24,sip,16384,iter-dense,quick_cache,2,7083.389946
string24,sip,16384,iter-dense,lru,2,29449.218750
string24,sip,16384,iter-dense,hashlink,2,24494.794643
string24,sip,16384,iter-dense,micro,2,6070.312500
string24,sip,16384,iter-dense,baseline,2,6098.557692
string24,sip,16384,iter-dense,lru,3,26999.562500
string24,sip,16384,iter-dense,hashlink,3,24475.446429
string24,sip,16384,iter-dense,micro,3,6070.862981
string24,sip,16384,iter-dense,baseline,3,6057.741587
string24,sip,16384,iter-dense,quick_cache,3,6962.692935
string24,sip,16384,iter-dense,hashlink,4,26996.963542
string24,sip,16384,iter-dense,micro,4,6068.308894
string24,sip,16384,iter-dense,baseline,4,6071.563702
string24,sip,16384,iter-dense,quick_cache,4,7070.142663
string24,sip,16384,iter-dense,lru,4,26288.630208
string24,sip,16384,iter-dense,micro,5,6063.501202
string24,sip,16384,iter-dense,baseline,5,7291.607955
string24,sip,16384,iter-dense,quick_cache,5,6879.982337
string24,sip,16384,iter-dense,lru,5,22803.754464
string24,sip,16384,iter-dense,hashlink,5,22786.084821
string24,sip,16384,iter-dense,baseline,6,6093.400240
string24,sip,16384,iter-dense,quick_cache,6,6887.680707
string24,sip,16384,iter-dense,lru,6,23513.022321
string24,sip,16384,iter-dense,hashlink,6,24621.839286
string24,sip,16384,iter-dense,micro,6,6005.834491
string24,sip,16384,iter-dense,quick_cache,7,6881.793478
string24,sip,16384,iter-dense,lru,7,25475.258929
string24,sip,16384,iter-dense,hashlink,7,24587.428571
string24,sip,16384,iter-dense,micro,7,6018.680288
string24,sip,16384,iter-dense,baseline,7,6216.145433
string24,sip,16384,iter-dense,lru,8,23859.187500
string24,sip,16384,iter-dense,hashlink,8,24875.558036
string24,sip,16384,iter-dense,micro,8,6011.467548
string24,sip,16384,iter-dense,baseline,8,6068.109375
string24,sip,16384,iter-dense,quick_cache,8,6920.290761
string24,sip,16384,iter-dense-for,micro,0,6072.917067
string24,sip,16384,iter-dense-for,baseline,0,6069.561298
string24,sip,16384,iter-dense-for,quick_cache,0,8126.889063
string24,sip,16384,iter-dense-for,lru,0,19231.625000
string24,sip,16384,iter-dense-for,hashlink,0,27197.046875
string24,sip,16384,iter-dense-for,baseline,1,6097.856971
string24,sip,16384,iter-dense-for,quick_cache,1,8420.093750
string24,sip,16384,iter-dense-for,lru,1,21402.832031
string24,sip,16384,iter-dense-for,hashlink,1,28801.213542
string24,sip,16384,iter-dense-for,micro,1,7834.114062
string24,sip,16384,iter-dense-for,quick_cache,2,8276.521382
string24,sip,16384,iter-dense-for,lru,2,20898.925781
string24,sip,16384,iter-dense-for,hashlink,2,26296.223958
string24,sip,16384,iter-dense-for,micro,2,6065.204327
string24,sip,16384,iter-dense-for,baseline,2,6074.118990
string24,sip,16384,iter-dense-for,lru,3,20983.398438
string24,sip,16384,iter-dense-for,hashlink,3,29380.859375
string24,sip,16384,iter-dense-for,micro,3,6149.789663
string24,sip,16384,iter-dense-for,baseline,3,6070.763221
string24,sip,16384,iter-dense-for,quick_cache,3,8153.971875
string24,sip,16384,iter-dense-for,hashlink,4,20735.515625
string24,sip,16384,iter-dense-for,micro,4,6066.706731
string24,sip,16384,iter-dense-for,baseline,4,6057.742788
string24,sip,16384,iter-dense-for,quick_cache,4,8117.382812
string24,sip,16384,iter-dense-for,lru,4,24585.562500
string24,sip,16384,iter-dense-for,micro,5,6054.286058
string24,sip,16384,iter-dense-for,baseline,5,6061.298077
string24,sip,16384,iter-dense-for,quick_cache,5,8133.268750
string24,sip,16384,iter-dense-for,lru,5,21970.863281
string24,sip,16384,iter-dense-for,hashlink,5,27102.864583
string24,sip,16384,iter-dense-for,baseline,6,6082.731971
string24,sip,16384,iter-dense-for,quick_cache,6,8118.034375
string24,sip,16384,iter-dense-for,lru,6,20857.746094
string24,sip,16384,iter-dense-for,hashlink,6,26284.723958
string24,sip,16384,iter-dense-for,micro,6,6063.350962
string24,sip,16384,iter-dense-for,quick_cache,7,8120.182813
string24,sip,16384,iter-dense-for,lru,7,20581.542969
string24,sip,16384,iter-dense-for,hashlink,7,26309.463542
string24,sip,16384,iter-dense-for,micro,7,6070.012019
string24,sip,16384,iter-dense-for,baseline,7,6083.634615
string24,sip,16384,iter-dense-for,lru,8,21290.363281
string24,sip,16384,iter-dense-for,hashlink,8,28241.968750
string24,sip,16384,iter-dense-for,micro,8,6093.849760
string24,sip,16384,iter-dense-for,baseline,8,6066.256010
string24,sip,16384,iter-dense-for,quick_cache,8,8128.125000
string24,sip,16384,iter-density-1pct,micro,0,346.423327
string24,sip,16384,iter-density-1pct,baseline,0,6637.369792
string24,sip,16384,iter-density-1pct,quick_cache,0,6919.894022
string24,sip,16384,iter-density-1pct,lru,0,184.691374
string24,sip,16384,iter-density-1pct,hashlink,0,182.716048
string24,sip,16384,iter-density-1pct,baseline,1,6564.019531
string24,sip,16384,iter-density-1pct,quick_cache,1,6848.110054
string24,sip,16384,iter-density-1pct,lru,1,178.398794
string24,sip,16384,iter-density-1pct,hashlink,1,187.592212
string24,sip,16384,iter-density-1pct,micro,1,356.984874
string24,sip,16384,iter-density-1pct,quick_cache,2,6876.923913
string24,sip,16384,iter-density-1pct,lru,2,179.796767
string24,sip,16384,iter-density-1pct,hashlink,2,178.529573
string24,sip,16384,iter-density-1pct,micro,2,332.047837
string24,sip,16384,iter-density-1pct,baseline,2,7031.137228
string24,sip,16384,iter-density-1pct,lru,3,174.002123
string24,sip,16384,iter-density-1pct,hashlink,3,180.885598
string24,sip,16384,iter-density-1pct,micro,3,321.339194
string24,sip,16384,iter-density-1pct,baseline,3,6489.218750
string24,sip,16384,iter-density-1pct,quick_cache,3,6891.474185
string24,sip,16384,iter-density-1pct,hashlink,4,186.901098
string24,sip,16384,iter-density-1pct,micro,4,358.703053
string24,sip,16384,iter-density-1pct,baseline,4,6700.358073
string24,sip,16384,iter-density-1pct,quick_cache,4,6997.338315
string24,sip,16384,iter-density-1pct,lru,4,182.255245
string24,sip,16384,iter-density-1pct,micro,5,336.939318
string24,sip,16384,iter-density-1pct,baseline,5,6577.527344
string24,sip,16384,iter-density-1pct,quick_cache,5,6997.282609
string24,sip,16384,iter-density-1pct,lru,5,181.264501
string24,sip,16384,iter-density-1pct,hashlink,5,179.868815
string24,sip,16384,iter-density-1pct,baseline,6,6528.157552
string24,sip,16384,iter-density-1pct,quick_cache,6,6924.308424
string24,sip,16384,iter-density-1pct,lru,6,182.688668
string24,sip,16384,iter-density-1pct,hashlink,6,179.455798
string24,sip,16384,iter-density-1pct,micro,6,354.411706
string24,sip,16384,iter-density-1pct,quick_cache,7,6957.144022
string24,sip,16384,iter-density-1pct,lru,7,181.268721
string24,sip,16384,iter-density-1pct,hashlink,7,179.693499
string24,sip,16384,iter-density-1pct,micro,7,334.844553
string24,sip,16384,iter-density-1pct,baseline,7,6530.490885
string24,sip,16384,iter-density-1pct,lru,8,180.625722
string24,sip,16384,iter-density-1pct,hashlink,8,179.399003
string24,sip,16384,iter-density-1pct,micro,8,332.989827
string24,sip,16384,iter-density-1pct,baseline,8,6530.871094
string24,sip,16384,iter-density-1pct,quick_cache,8,6908.967391
string24,sip,16384,iter-density-6pct,micro,0,6086.187500
string24,sip,16384,iter-density-6pct,baseline,0,5421.875000
string24,sip,16384,iter-density-6pct,quick_cache,0,6749.240885
string24,sip,16384,iter-density-6pct,lru,0,1380.676809
string24,sip,16384,iter-density-6pct,hashlink,0,1278.942073
string24,sip,16384,iter-density-6pct,baseline,1,5546.516164
string24,sip,16384,iter-density-6pct,quick_cache,1,6623.643229
string24,sip,16384,iter-density-6pct,lru,1,1308.170573
string24,sip,16384,iter-density-6pct,hashlink,1,1281.089908
string24,sip,16384,iter-density-6pct,micro,1,6030.949519
string24,sip,16384,iter-density-6pct,quick_cache,2,6410.520000
string24,sip,16384,iter-density-6pct,lru,2,1234.805610
string24,sip,16384,iter-density-6pct,hashlink,2,1240.968254
string24,sip,16384,iter-density-6pct,micro,2,6012.319712
string24,sip,16384,iter-density-6pct,baseline,2,5423.580819
string24,sip,16384,iter-density-6pct,lru,3,1375.879386
string24,sip,16384,iter-density-6pct,hashlink,3,1325.123411
string24,sip,16384,iter-density-6pct,micro,3,6134.816106
string24,sip,16384,iter-density-6pct,baseline,3,5508.440733
string24,sip,16384,iter-density-6pct,quick_cache,3,6577.257812
string24,sip,16384,iter-density-6pct,hashlink,4,1270.245212
string24,sip,16384,iter-density-6pct,micro,4,6028.346154
string24,sip,16384,iter-density-6pct,baseline,4,5477.235991
string24,sip,16384,iter-density-6pct,quick_cache,4,6504.948750
string24,sip,16384,iter-density-6pct,lru,4,1273.384654
string24,sip,16384,iter-density-6pct,micro,5,5998.457176
string24,sip,16384,iter-density-6pct,baseline,5,5472.566810
string24,sip,16384,iter-density-6pct,quick_cache,5,6564.669271
string24,sip,16384,iter-density-6pct,lru,5,1376.838816
string24,sip,16384,iter-density-6pct,hashlink,5,1308.702344
string24,sip,16384,iter-density-6pct,baseline,6,5642.717634
string24,sip,16384,iter-density-6pct,quick_cache,6,6602.321615
string24,sip,16384,iter-density-6pct,lru,6,1279.175051
string24,sip,16384,iter-density-6pct,hashlink,6,1263.283266
string24,sip,16384,iter-density-6pct,micro,6,6004.002315
string24,sip,16384,iter-density-6pct,quick_cache,7,6544.108073
string24,sip,16384,iter-density-6pct,lru,7,1276.369919
string24,sip,16384,iter-density-6pct,hashlink,7,1252.500000
string24,sip,16384,iter-density-6pct,micro,7,6003.472222
string24,sip,16384,iter-density-6pct,baseline,7,5644.764509
string24,sip,16384,iter-density-6pct,lru,8,1286.234375
string24,sip,16384,iter-density-6pct,hashlink,8,1385.232301
string24,sip,16384,iter-density-6pct,micro,8,6079.176683
string24,sip,16384,iter-density-6pct,baseline,8,5429.239224
string24,sip,16384,iter-density-6pct,quick_cache,8,6551.811198
string24,sip,16384,iter-density-quarter,micro,0,5995.178241
string24,sip,16384,iter-density-quarter,baseline,0,5906.539352
string24,sip,16384,iter-density-quarter,quick_cache,0,6859.884511
string24,sip,16384,iter-density-quarter,lru,0,10617.187500
string24,sip,16384,iter-density-quarter,hashlink,0,8475.534539
string24,sip,16384,iter-density-quarter,baseline,1,5852.430556
string24,sip,16384,iter-density-quarter,quick_cache,1,6850.543478
string24,sip,16384,iter-density-quarter,lru,1,11220.517857
string24,sip,16384,iter-density-quarter,hashlink,1,8688.802083
string24,sip,16384,iter-density-quarter,micro,1,6140.825721
string24,sip,16384,iter-density-quarter,quick_cache,2,6888.417120
string24,sip,16384,iter-density-quarter,lru,2,11336.310268
string24,sip,16384,iter-density-quarter,hashlink,2,8514.116776
string24,sip,16384,iter-density-quarter,micro,2,6003.182870
string24,sip,16384,iter-density-quarter,baseline,2,5936.873843
string24,sip,16384,iter-density-quarter,lru,3,12422.175481
string24,sip,16384,iter-density-quarter,hashlink,3,8422.628289
string24,sip,16384,iter-density-quarter,micro,3,6042.266827
string24,sip,16384,iter-density-quarter,baseline,3,5967.109954
string24,sip,16384,iter-density-quarter,quick_cache,3,6898.663043
string24,sip,16384,iter-density-quarter,hashlink,4,9960.449219
string24,sip,16384,iter-density-quarter,micro,4,6098.457933
string24,sip,16384,iter-density-quarter,baseline,4,5998.697917
string24,sip,16384,iter-density-quarter,quick_cache,4,6961.220109
string24,sip,16384,iter-density-quarter,lru,4,10426.822917
string24,sip,16384,iter-density-quarter,micro,5,6712.292969
string24,sip,16384,iter-density-quarter,baseline,5,5891.541667
string24,sip,16384,iter-density-quarter,quick_cache,5,6712.131510
string24,sip,16384,iter-density-quarter,lru,5,10248.697266
string24,sip,16384,iter-density-quarter,hashlink,5,8906.684028
string24,sip,16384,iter-density-quarter,baseline,6,5897.714120
string24,sip,16384,iter-density-quarter,quick_cache,6,6845.618207
string24,sip,16384,iter-density-quarter,lru,6,10855.641667
string24,sip,16384,iter-density-quarter,hashlink,6,8607.046053
string24,sip,16384,iter-density-quarter,micro,6,6150.189904
string24,sip,16384,iter-density-quarter,quick_cache,7,6969.372283
string24,sip,16384,iter-density-quarter,lru,7,11114.931250
string24,sip,16384,iter-density-quarter,hashlink,7,8644.187500
string24,sip,16384,iter-density-quarter,micro,7,6062.750000
string24,sip,16384,iter-density-quarter,baseline,7,5912.037037
string24,sip,16384,iter-density-quarter,lru,8,10638.108333
string24,sip,16384,iter-density-quarter,hashlink,8,8560.855263
string24,sip,16384,iter-density-quarter,micro,8,6105.468750
string24,sip,16384,iter-density-quarter,baseline,8,5933.883102
string24,sip,16384,iter-density-quarter,quick_cache,8,6854.789402
string24,sip,16384,iter-density-half,micro,0,5998.746528
string24,sip,16384,iter-density-half,baseline,0,6056.841346
string24,sip,16384,iter-density-half,quick_cache,0,7035.778533
string24,sip,16384,iter-density-half,lru,0,18108.361111
string24,sip,16384,iter-density-half,hashlink,0,13738.174479
string24,sip,16384,iter-density-half,baseline,1,5960.552083
string24,sip,16384,iter-density-half,quick_cache,1,6977.354620
string24,sip,16384,iter-density-half,lru,1,18232.062500
string24,sip,16384,iter-density-half,hashlink,1,13744.140625
string24,sip,16384,iter-density-half,micro,1,6032.352163
string24,sip,16384,iter-density-half,quick_cache,2,7052.027174
string24,sip,16384,iter-density-half,lru,2,18550.204861
string24,sip,16384,iter-density-half,hashlink,2,14014.213542
string24,sip,16384,iter-density-half,micro,2,6011.670139
string24,sip,16384,iter-density-half,baseline,2,6073.818510
string24,sip,16384,iter-density-half,lru,3,19020.833333
string24,sip,16384,iter-density-half,hashlink,3,13840.169271
string24,sip,16384,iter-density-half,micro,3,6112.579327
string24,sip,16384,iter-density-half,baseline,3,5956.067130
string24,sip,16384,iter-density-half,quick_cache,3,6958.842391
string24,sip,16384,iter-density-half,hashlink,4,17468.458333
string24,sip,16384,iter-density-half,micro,4,6005.304398
string24,sip,16384,iter-density-half,baseline,4,5967.545139
string24,sip,16384,iter-density-half,quick_cache,4,7090.183424
string24,sip,16384,iter-density-half,lru,4,13945.531250
string24,sip,16384,iter-density-half,micro,5,5985.917824
string24,sip,16384,iter-density-half,baseline,5,6117.487981
string24,sip,16384,iter-density-half,quick_cache,5,6862.487772
string24,sip,16384,iter-density-half,lru,5,18343.750000
string24,sip,16384,iter-density-half,hashlink,5,13570.856771
string24,sip,16384,iter-density-half,baseline,6,5959.635417
string24,sip,16384,iter-density-half,quick_cache,6,6850.429348
string24,sip,16384,iter-density-half,lru,6,17499.565972
string24,sip,16384,iter-density-half,hashlink,6,13571.723958
string24,sip,16384,iter-density-half,micro,6,5999.613426
string24,sip,16384,iter-density-half,quick_cache,7,6819.067935
string24,sip,16384,iter-density-half,lru,7,18823.059028
string24,sip,16384,iter-density-half,hashlink,7,13568.033854
string24,sip,16384,iter-density-half,micro,7,6001.398148
string24,sip,16384,iter-density-half,baseline,7,6114.483173
string24,sip,16384,iter-density-half,lru,8,18636.572917
string24,sip,16384,iter-density-half,hashlink,8,14125.000000
string24,sip,16384,iter-density-half,micro,8,6002.363426
string24,sip,16384,iter-density-half,baseline,8,5956.934028
string24,sip,16384,iter-density-half,quick_cache,8,6877.095109
string24,sip,16384,iter-front,micro,0,1.166123
string24,sip,16384,iter-front,baseline,0,5662.015625
string24,sip,16384,iter-front,quick_cache,0,6828.407609
string24,sip,16384,iter-front,lru,0,1.205484
string24,sip,16384,iter-front,hashlink,0,1.182118
string24,sip,16384,iter-front,baseline,1,5482.175647
string24,sip,16384,iter-front,quick_cache,1,7101.335598
string24,sip,16384,iter-front,lru,1,1.229231
string24,sip,16384,iter-front,hashlink,1,1.161356
string24,sip,16384,iter-front,micro,1,1.162315
string24,sip,16384,iter-front,quick_cache,2,6702.040365
string24,sip,16384,iter-front,lru,2,1.203719
string24,sip,16384,iter-front,hashlink,2,1.200031
string24,sip,16384,iter-front,micro,2,1.166916
string24,sip,16384,iter-front,baseline,2,5675.641741
string24,sip,16384,iter-front,lru,3,1.216967
string24,sip,16384,iter-front,hashlink,3,1.192757
string24,sip,16384,iter-front,micro,3,1.167395
string24,sip,16384,iter-front,baseline,3,5484.420259
string24,sip,16384,iter-front,quick_cache,3,7057.857337
string24,sip,16384,iter-front,hashlink,4,1.211353
string24,sip,16384,iter-front,micro,4,1.168085
string24,sip,16384,iter-front,baseline,4,5641.880580
string24,sip,16384,iter-front,quick_cache,4,7046.195652
string24,sip,16384,iter-front,lru,4,1.211541
string24,sip,16384,iter-front,micro,5,1.193422
string24,sip,16384,iter-front,baseline,5,5518.588362
string24,sip,16384,iter-front,quick_cache,5,7045.403533
string24,sip,16384,iter-front,lru,5,1.200935
string24,sip,16384,iter-front,hashlink,5,1.174750
string24,sip,16384,iter-front,baseline,6,5653.506696
string24,sip,16384,iter-front,quick_cache,6,7049.875000
string24,sip,16384,iter-front,lru,6,1.219617
string24,sip,16384,iter-front,hashlink,6,1.218599
string24,sip,16384,iter-front,micro,6,1.165706
string24,sip,16384,iter-front,quick_cache,7,7044.497283
string24,sip,16384,iter-front,lru,7,1.207198
string24,sip,16384,iter-front,hashlink,7,1.196383
string24,sip,16384,iter-front,micro,7,1.166637
string24,sip,16384,iter-front,baseline,7,5845.052083
string24,sip,16384,iter-front,lru,8,1.242644
string24,sip,16384,iter-front,hashlink,8,1.204555
string24,sip,16384,iter-front,micro,8,1.190812
string24,sip,16384,iter-front,baseline,8,5601.097098
string24,sip,16384,iter-front,quick_cache,8,7028.759511
string24,sip,16384,iter-back,micro,0,1.217498
string24,sip,16384,iter-back,baseline,0,5733.862723
string24,sip,16384,iter-back,quick_cache,0,7251.953125
string24,sip,16384,iter-back,lru,0,1.221362
string24,sip,16384,iter-back,hashlink,0,1.167465
string24,sip,16384,iter-back,baseline,1,5529.229526
string24,sip,16384,iter-back,quick_cache,1,7062.555707
string24,sip,16384,iter-back,lru,1,1.203738
string24,sip,16384,iter-back,hashlink,1,1.161606
string24,sip,16384,iter-back,micro,1,1.195550
string24,sip,16384,iter-back,quick_cache,2,7051.404891
string24,sip,16384,iter-back,lru,2,1.200132
string24,sip,16384,iter-back,hashlink,2,1.197410
string24,sip,16384,iter-back,micro,2,1.207319
string24,sip,16384,iter-back,baseline,2,5650.064732
string24,sip,16384,iter-back,lru,3,1.206489
string24,sip,16384,iter-back,hashlink,3,1.174459
string24,sip,16384,iter-back,micro,3,1.182682
string24,sip,16384,iter-back,baseline,3,5588.448661
string24,sip,16384,iter-back,quick_cache,3,6926.460598
string24,sip,16384,iter-back,hashlink,4,1.176980
string24,sip,16384,iter-back,micro,4,1.168111
string24,sip,16384,iter-back,baseline,4,5518.903017
string24,sip,16384,iter-back,quick_cache,4,6942.255435
string24,sip,16384,iter-back,lru,4,1.206014
string24,sip,16384,iter-back,micro,5,1.183596
string24,sip,16384,iter-back,baseline,5,5575.655172
string24,sip,16384,iter-back,quick_cache,5,8258.771382
string24,sip,16384,iter-back,lru,5,1.249270
string24,sip,16384,iter-back,hashlink,5,1.186652
string24,sip,16384,iter-back,baseline,6,5336.502083
string24,sip,16384,iter-back,quick_cache,6,6862.206522
string24,sip,16384,iter-back,lru,6,1.212537
string24,sip,16384,iter-back,hashlink,6,1.204360
string24,sip,16384,iter-back,micro,6,1.165801
string24,sip,16384,iter-back,quick_cache,7,7061.707880
string24,sip,16384,iter-back,lru,7,1.223858
string24,sip,16384,iter-back,hashlink,7,1.189398
string24,sip,16384,iter-back,micro,7,1.190268
string24,sip,16384,iter-back,baseline,7,5480.199353
string24,sip,16384,iter-back,lru,8,1.233686
string24,sip,16384,iter-back,hashlink,8,1.216266
string24,sip,16384,iter-back,micro,8,1.173268
string24,sip,16384,iter-back,baseline,8,5525.727371
string24,sip,16384,iter-back,quick_cache,8,6898.323370
string24,sip,16384,iter-empty,micro,0,0.796276
string24,sip,16384,iter-empty,baseline,0,5483.566810
string24,sip,16384,iter-empty,quick_cache,0,6949.161685
string24,sip,16384,iter-empty,lru,0,1.028691
string24,sip,16384,iter-empty,hashlink,0,1.047926
string24,sip,16384,iter-empty,baseline,1,5657.133929
string24,sip,16384,iter-empty,quick_cache,1,6749.348958
string24,sip,16384,iter-empty,lru,1,1.018466
string24,sip,16384,iter-empty,hashlink,1,1.033495
string24,sip,16384,iter-empty,micro,1,0.782009
string24,sip,16384,iter-empty,quick_cache,2,6879.528533
string24,sip,16384,iter-empty,lru,2,1.017803
string24,sip,16384,iter-empty,hashlink,2,1.014038
string24,sip,16384,iter-empty,micro,2,0.791167
string24,sip,16384,iter-empty,baseline,2,5452.720905
string24,sip,16384,iter-empty,lru,3,1.012533
string24,sip,16384,iter-empty,hashlink,3,1.017955
string24,sip,16384,iter-empty,micro,3,0.784250
string24,sip,16384,iter-empty,baseline,3,5737.071429
string24,sip,16384,iter-empty,quick_cache,3,6887.398098
string24,sip,16384,iter-empty,hashlink,4,1.023905
string24,sip,16384,iter-empty,micro,4,0.827000
string24,sip,16384,iter-empty,baseline,4,5634.580357
string24,sip,16384,iter-empty,quick_cache,4,7139.146307
string24,sip,16384,iter-empty,lru,4,1.000737
string24,sip,16384,iter-empty,micro,5,0.812131
string24,sip,16384,iter-empty,baseline,5,5415.544181
string24,sip,16384,iter-empty,quick_cache,5,7044.044837
string24,sip,16384,iter-empty,lru,5,1.015712
string24,sip,16384,iter-empty,hashlink,5,1.015553
string24,sip,16384,iter-empty,baseline,6,5456.088362
string24,sip,16384,iter-empty,quick_cache,6,7075.974185
string24,sip,16384,iter-empty,lru,6,1.015639
string24,sip,16384,iter-empty,hashlink,6,1.027379
string24,sip,16384,iter-empty,micro,6,0.803429
string24,sip,16384,iter-empty,quick_cache,7,7037.589674
string24,sip,16384,iter-empty,lru,7,1.008924
string24,sip,16384,iter-empty,hashlink,7,1.015223
string24,sip,16384,iter-empty,micro,7,0.805226
string24,sip,16384,iter-empty,baseline,7,5614.350446
string24,sip,16384,iter-empty,lru,8,1.010339
string24,sip,16384,iter-empty,hashlink,8,1.019676
string24,sip,16384,iter-empty,micro,8,0.811225
string24,sip,16384,iter-empty,baseline,8,5451.508621
string24,sip,16384,iter-empty,quick_cache,8,7133.995739
string24,sip,16384,iter-count,micro,0,0.399983
string24,sip,16384,iter-count,baseline,0,6559.814453
string24,sip,16384,iter-count,quick_cache,0,17797.689453
string24,sip,16384,iter-count,lru,0,0.578268
string24,sip,16384,iter-count,hashlink,0,0.395549
string24,sip,16384,iter-count,baseline,1,5464.314453
string24,sip,16384,iter-count,quick_cache,1,8022.949219
string24,sip,16384,iter-count,lru,1,0.387259
string24,sip,16384,iter-count,hashlink,1,0.386374
string24,sip,16384,iter-count,micro,1,0.407465
string24,sip,16384,iter-count,quick_cache,2,7742.622396
string24,sip,16384,iter-count,lru,2,0.408568
string24,sip,16384,iter-count,hashlink,2,0.395369
string24,sip,16384,iter-count,micro,2,0.392391
string24,sip,16384,iter-count,baseline,2,5342.000977
string24,sip,16384,iter-count,lru,3,0.384031
string24,sip,16384,iter-count,hashlink,3,0.393675
string24,sip,16384,iter-count,micro,3,0.397910
string24,sip,16384,iter-count,baseline,3,5658.487305
string24,sip,16384,iter-count,quick_cache,3,8084.255208
string24,sip,16384,iter-count,hashlink,4,0.390964
string24,sip,16384,iter-count,micro,4,0.403655
string24,sip,16384,iter-count,baseline,4,5543.620117
string24,sip,16384,iter-count,quick_cache,4,8176.161458
string24,sip,16384,iter-count,lru,4,0.391203
string24,sip,16384,iter-count,micro,5,0.398064
string24,sip,16384,iter-count,baseline,5,5568.807617
string24,sip,16384,iter-count,quick_cache,5,8094.346354
string24,sip,16384,iter-count,lru,5,0.402768
string24,sip,16384,iter-count,hashlink,5,0.389239
string24,sip,16384,iter-count,baseline,6,5306.030273
string24,sip,16384,iter-count,quick_cache,6,8003.580729
string24,sip,16384,iter-count,lru,6,0.392809
string24,sip,16384,iter-count,hashlink,6,0.397332
string24,sip,16384,iter-count,micro,6,0.406730
string24,sip,16384,iter-count,quick_cache,7,8014.377604
string24,sip,16384,iter-count,lru,7,0.390734
string24,sip,16384,iter-count,hashlink,7,0.391348
string24,sip,16384,iter-count,micro,7,0.396969
string24,sip,16384,iter-count,baseline,7,5470.703125
string24,sip,16384,iter-count,lru,8,0.397991
string24,sip,16384,iter-count,hashlink,8,0.399125
string24,sip,16384,iter-count,micro,8,0.399086
string24,sip,16384,iter-count,baseline,8,5727.050781
string24,sip,16384,iter-count,quick_cache,8,8063.910156
string24,ahash,128,get-hit,micro,0,5.460967
string24,ahash,128,get-hit,baseline,0,5.454154
string24,ahash,128,get-hit,quick_cache,0,5.287828
string24,ahash,128,get-hit,lru,0,5.822657
string24,ahash,128,get-hit,hashlink,0,5.723092
string24,ahash,128,get-hit,baseline,1,5.339072
string24,ahash,128,get-hit,quick_cache,1,5.278708
string24,ahash,128,get-hit,lru,1,5.837819
string24,ahash,128,get-hit,hashlink,1,5.737353
string24,ahash,128,get-hit,micro,1,5.335622
string24,ahash,128,get-hit,quick_cache,2,5.297211
string24,ahash,128,get-hit,lru,2,5.828518
string24,ahash,128,get-hit,hashlink,2,5.729604
string24,ahash,128,get-hit,micro,2,5.353579
string24,ahash,128,get-hit,baseline,2,5.391573
string24,ahash,128,get-hit,lru,3,5.833944
string24,ahash,128,get-hit,hashlink,3,5.789510
string24,ahash,128,get-hit,micro,3,5.411288
string24,ahash,128,get-hit,baseline,3,5.367926
string24,ahash,128,get-hit,quick_cache,3,5.292739
string24,ahash,128,get-hit,hashlink,4,5.727654
string24,ahash,128,get-hit,micro,4,5.318063
string24,ahash,128,get-hit,baseline,4,5.314570
string24,ahash,128,get-hit,quick_cache,4,5.298045
string24,ahash,128,get-hit,lru,4,5.828324
string24,ahash,128,get-hit,micro,5,5.324034
string24,ahash,128,get-hit,baseline,5,5.313288
string24,ahash,128,get-hit,quick_cache,5,5.288397
string24,ahash,128,get-hit,lru,5,5.820526
string24,ahash,128,get-hit,hashlink,5,5.740204
string24,ahash,128,get-hit,baseline,6,5.390725
string24,ahash,128,get-hit,quick_cache,6,5.467551
string24,ahash,128,get-hit,lru,6,5.932460
string24,ahash,128,get-hit,hashlink,6,5.899184
string24,ahash,128,get-hit,micro,6,5.362527
string24,ahash,128,get-hit,quick_cache,7,5.304182
string24,ahash,128,get-hit,lru,7,5.839709
string24,ahash,128,get-hit,hashlink,7,5.770221
string24,ahash,128,get-hit,micro,7,5.347343
string24,ahash,128,get-hit,baseline,7,5.338762
string24,ahash,128,get-hit,lru,8,5.826775
string24,ahash,128,get-hit,hashlink,8,5.769598
string24,ahash,128,get-hit,micro,8,5.330271
string24,ahash,128,get-hit,baseline,8,5.329475
string24,ahash,128,get-hit,quick_cache,8,5.294800
string24,ahash,128,get-miss,micro,0,3.296965
string24,ahash,128,get-miss,baseline,0,3.325255
string24,ahash,128,get-miss,quick_cache,0,3.381128
string24,ahash,128,get-miss,lru,0,3.345010
string24,ahash,128,get-miss,hashlink,0,3.312174
string24,ahash,128,get-miss,baseline,1,3.294422
string24,ahash,128,get-miss,quick_cache,1,3.401721
string24,ahash,128,get-miss,lru,1,3.310690
string24,ahash,128,get-miss,hashlink,1,3.239600
string24,ahash,128,get-miss,micro,1,3.295844
string24,ahash,128,get-miss,quick_cache,2,3.378459
string24,ahash,128,get-miss,lru,2,3.321965
string24,ahash,128,get-miss,hashlink,2,3.240703
string24,ahash,128,get-miss,micro,2,3.283183
string24,ahash,128,get-miss,baseline,2,3.282499
string24,ahash,128,get-miss,lru,3,3.311844
string24,ahash,128,get-miss,hashlink,3,3.279035
string24,ahash,128,get-miss,micro,3,3.315391
string24,ahash,128,get-miss,baseline,3,3.297020
string24,ahash,128,get-miss,quick_cache,3,3.457624
string24,ahash,128,get-miss,hashlink,4,3.261891
string24,ahash,128,get-miss,micro,4,3.307693
string24,ahash,128,get-miss,baseline,4,3.329346
string24,ahash,128,get-miss,quick_cache,4,3.431484
string24,ahash,128,get-miss,lru,4,3.311597
string24,ahash,128,get-miss,micro,5,3.300407
string24,ahash,128,get-miss,baseline,5,3.283456
string24,ahash,128,get-miss,quick_cache,5,3.376099
string24,ahash,128,get-miss,lru,5,3.308051
string24,ahash,128,get-miss,hashlink,5,3.227287
string24,ahash,128,get-miss,baseline,6,3.288898
string24,ahash,128,get-miss,quick_cache,6,3.354921
string24,ahash,128,get-miss,lru,6,3.334239
string24,ahash,128,get-miss,hashlink,6,3.272398
string24,ahash,128,get-miss,micro,6,3.298058
string24,ahash,128,get-miss,quick_cache,7,3.399516
string24,ahash,128,get-miss,lru,7,3.390984
string24,ahash,128,get-miss,hashlink,7,3.287011
string24,ahash,128,get-miss,micro,7,3.292097
string24,ahash,128,get-miss,baseline,7,3.320279
string24,ahash,128,get-miss,lru,8,3.315502
string24,ahash,128,get-miss,hashlink,8,3.253125
string24,ahash,128,get-miss,micro,8,3.336422
string24,ahash,128,get-miss,baseline,8,3.287175
string24,ahash,128,get-miss,quick_cache,8,3.378908
string24,ahash,128,update,micro,0,16.470257
string24,ahash,128,update,baseline,0,16.122382
string24,ahash,128,update,quick_cache,0,32.196045
string24,ahash,128,update,lru,0,23.386072
string24,ahash,128,update,hashlink,0,16.545199
string24,ahash,128,update,baseline,1,16.208178
string24,ahash,128,update,quick_cache,1,32.455444
string24,ahash,128,update,lru,1,23.407358
string24,ahash,128,update,hashlink,1,16.441079
string24,ahash,128,update,micro,1,16.193054
string24,ahash,128,update,quick_cache,2,32.474449
string24,ahash,128,update,lru,2,22.611450
string24,ahash,128,update,hashlink,2,16.305889
string24,ahash,128,update,micro,2,16.391284
string24,ahash,128,update,baseline,2,16.270020
string24,ahash,128,update,lru,3,23.301487
string24,ahash,128,update,hashlink,3,16.377098
string24,ahash,128,update,micro,3,16.207645
string24,ahash,128,update,baseline,3,16.172980
string24,ahash,128,update,quick_cache,3,32.627570
string24,ahash,128,update,hashlink,4,16.531177
string24,ahash,128,update,micro,4,16.198274
string24,ahash,128,update,baseline,4,16.321016
string24,ahash,128,update,quick_cache,4,32.554495
string24,ahash,128,update,lru,4,21.582768
string24,ahash,128,update,micro,5,16.173915
string24,ahash,128,update,baseline,5,16.309904
string24,ahash,128,update,quick_cache,5,32.199257
string24,ahash,128,update,lru,5,22.766678
string24,ahash,128,update,hashlink,5,16.579841
string24,ahash,128,update,baseline,6,16.228927
string24,ahash,128,update,quick_cache,6,32.183999
string24,ahash,128,update,lru,6,22.673430
string24,ahash,128,update,hashlink,6,16.507262
string24,ahash,128,update,micro,6,16.281128
string24,ahash,128,update,quick_cache,7,32.171952
string24,ahash,128,update,lru,7,23.337656
string24,ahash,128,update,hashlink,7,16.607610
string24,ahash,128,update,micro,7,16.412032
string24,ahash,128,update,baseline,7,16.603347
string24,ahash,128,update,lru,8,23.016660
string24,ahash,128,update,hashlink,8,16.404133
string24,ahash,128,update,micro,8,16.361171
string24,ahash,128,update,baseline,8,16.433982
string24,ahash,128,update,quick_cache,8,32.065582
string24,ahash,128,insert-cycle,micro,0,37.029534
string24,ahash,128,insert-cycle,baseline,0,37.048643
string24,ahash,128,insert-cycle,quick_cache,0,31.133627
string24,ahash,128,insert-cycle,lru,0,41.257021
string24,ahash,128,insert-cycle,hashlink,0,36.599756
string24,ahash,128,insert-cycle,baseline,1,36.526482
string24,ahash,128,insert-cycle,quick_cache,1,31.345728
string24,ahash,128,insert-cycle,lru,1,41.407359
string24,ahash,128,insert-cycle,hashlink,1,37.067066
string24,ahash,128,insert-cycle,micro,1,37.693935
string24,ahash,128,insert-cycle,quick_cache,2,31.716353
string24,ahash,128,insert-cycle,lru,2,41.109999
string24,ahash,128,insert-cycle,hashlink,2,36.765809
string24,ahash,128,insert-cycle,micro,2,37.146507
string24,ahash,128,insert-cycle,baseline,2,37.036007
string24,ahash,128,insert-cycle,lru,3,41.783871
string24,ahash,128,insert-cycle,hashlink,3,36.750507
string24,ahash,128,insert-cycle,micro,3,36.799795
string24,ahash,128,insert-cycle,baseline,3,36.676675
string24,ahash,128,insert-cycle,quick_cache,3,31.075858
string24,ahash,128,insert-cycle,hashlink,4,36.632981
string24,ahash,128,insert-cycle,micro,4,36.961691
string24,ahash,128,insert-cycle,baseline,4,37.205789
string24,ahash,128,insert-cycle,quick_cache,4,31.202938
string24,ahash,128,insert-cycle,lru,4,41.254269
string24,ahash,128,insert-cycle,micro,5,37.032005
string24,ahash,128,insert-cycle,baseline,5,37.203616
string24,ahash,128,insert-cycle,quick_cache,5,31.368868
string24,ahash,128,insert-cycle,lru,5,41.438038
string24,ahash,128,insert-cycle,hashlink,5,35.995828
string24,ahash,128,insert-cycle,baseline,6,36.330064
string24,ahash,128,insert-cycle,quick_cache,6,31.063947
string24,ahash,128,insert-cycle,lru,6,41.213748
string24,ahash,128,insert-cycle,hashlink,6,36.079055
string24,ahash,128,insert-cycle,micro,6,36.789673
string24,ahash,128,insert-cycle,quick_cache,7,31.011031
string24,ahash,128,insert-cycle,lru,7,41.452868
string24,ahash,128,insert-cycle,hashlink,7,36.087768
string24,ahash,128,insert-cycle,micro,7,37.313141
string24,ahash,128,insert-cycle,baseline,7,36.635117
string24,ahash,128,insert-cycle,lru,8,41.318091
string24,ahash,128,insert-cycle,hashlink,8,36.132206
string24,ahash,128,insert-cycle,micro,8,37.637795
string24,ahash,128,insert-cycle,baseline,8,36.912832
string24,ahash,128,insert-cycle,quick_cache,8,31.164075
string24,ahash,128,mixed-95,micro,0,9.020712
string24,ahash,128,mixed-95,baseline,0,9.000293
string24,ahash,128,mixed-95,quick_cache,0,11.088327
string24,ahash,128,mixed-95,lru,0,9.180325
string24,ahash,128,mixed-95,hashlink,0,8.973053
string24,ahash,128,mixed-95,baseline,1,9.103738
string24,ahash,128,mixed-95,quick_cache,1,10.958716
string24,ahash,128,mixed-95,lru,1,9.748429
string24,ahash,128,mixed-95,hashlink,1,8.474131
string24,ahash,128,mixed-95,micro,1,8.946294
string24,ahash,128,mixed-95,quick_cache,2,11.019570
string24,ahash,128,mixed-95,lru,2,9.317494
string24,ahash,128,mixed-95,hashlink,2,9.041805
string24,ahash,128,mixed-95,micro,2,9.092743
string24,ahash,128,mixed-95,baseline,2,9.007622
string24,ahash,128,mixed-95,lru,3,9.631315
string24,ahash,128,mixed-95,hashlink,3,9.148213
string24,ahash,128,mixed-95,micro,3,8.950938
string24,ahash,128,mixed-95,baseline,3,9.597540
string24,ahash,128,mixed-95,quick_cache,3,11.060351
string24,ahash,128,mixed-95,hashlink,4,8.768717
string24,ahash,128,mixed-95,micro,4,8.957205
string24,ahash,128,mixed-95,baseline,4,9.050108
string24,ahash,128,mixed-95,quick_cache,4,10.949816
string24,ahash,128,mixed-95,lru,4,9.312639
string24,ahash,128,mixed-95,micro,5,8.895727
string24,ahash,128,mixed-95,baseline,5,8.954109
string24,ahash,128,mixed-95,quick_cache,5,10.526108
string24,ahash,128,mixed-95,lru,5,9.559074
string24,ahash,128,mixed-95,hashlink,5,8.491235
string24,ahash,128,mixed-95,baseline,6,9.470232
string24,ahash,128,mixed-95,quick_cache,6,11.092141
string24,ahash,128,mixed-95,lru,6,9.462406
string24,ahash,128,mixed-95,hashlink,6,9.049733
string24,ahash,128,mixed-95,micro,6,9.083092
string24,ahash,128,mixed-95,quick_cache,7,11.126061
string24,ahash,128,mixed-95,lru,7,9.287054
string24,ahash,128,mixed-95,hashlink,7,9.208793
string24,ahash,128,mixed-95,micro,7,8.931626
string24,ahash,128,mixed-95,baseline,7,9.114052
string24,ahash,128,mixed-95,lru,8,9.541035
string24,ahash,128,mixed-95,hashlink,8,9.352251
string24,ahash,128,mixed-95,micro,8,8.976358
string24,ahash,128,mixed-95,baseline,8,9.085487
string24,ahash,128,mixed-95,quick_cache,8,11.087418
string24,ahash,128,load-hit,micro,0,6.255689
string24,ahash,128,load-hit,baseline,0,16.556749
string24,ahash,128,load-hit,quick_cache,0,7.184197
string24,ahash,128,load-hit,lru,0,6.579438
string24,ahash,128,load-hit,hashlink,0,5.522719
string24,ahash,128,load-hit,baseline,1,16.729129
string24,ahash,128,load-hit,quick_cache,1,7.263064
string24,ahash,128,load-hit,lru,1,6.585179
string24,ahash,128,load-hit,hashlink,1,5.548105
string24,ahash,128,load-hit,micro,1,6.350907
string24,ahash,128,load-hit,quick_cache,2,7.254268
string24,ahash,128,load-hit,lru,2,6.568117
string24,ahash,128,load-hit,hashlink,2,5.568534
string24,ahash,128,load-hit,micro,2,6.187824
string24,ahash,128,load-hit,baseline,2,16.501211
string24,ahash,128,load-hit,lru,3,6.595845
string24,ahash,128,load-hit,hashlink,3,5.521802
string24,ahash,128,load-hit,micro,3,6.205806
string24,ahash,128,load-hit,baseline,3,16.521418
string24,ahash,128,load-hit,quick_cache,3,7.172045
string24,ahash,128,load-hit,hashlink,4,5.531792
string24,ahash,128,load-hit,micro,4,6.260878
string24,ahash,128,load-hit,baseline,4,16.702600
string24,ahash,128,load-hit,quick_cache,4,7.173170
string24,ahash,128,load-hit,lru,4,6.618979
string24,ahash,128,load-hit,micro,5,6.312682
string24,ahash,128,load-hit,baseline,5,16.723359
string24,ahash,128,load-hit,quick_cache,5,7.212201
string24,ahash,128,load-hit,lru,5,6.731586
string24,ahash,128,load-hit,hashlink,5,5.543798
string24,ahash,128,load-hit,baseline,6,16.524167
string24,ahash,128,load-hit,quick_cache,6,7.232008
string24,ahash,128,load-hit,lru,6,6.643268
string24,ahash,128,load-hit,hashlink,6,5.526476
string24,ahash,128,load-hit,micro,6,6.181557
string24,ahash,128,load-hit,quick_cache,7,7.180607
string24,ahash,128,load-hit,lru,7,6.581788
string24,ahash,128,load-hit,hashlink,7,5.558823
string24,ahash,128,load-hit,micro,7,6.239599
string24,ahash,128,load-hit,baseline,7,16.499010
string24,ahash,128,load-hit,lru,8,6.593493
string24,ahash,128,load-hit,hashlink,8,5.670712
string24,ahash,128,load-hit,micro,8,6.277382
string24,ahash,128,load-hit,baseline,8,16.508911
string24,ahash,128,load-hit,quick_cache,8,7.195985
string24,ahash,128,load-cycle,micro,0,37.338293
string24,ahash,128,load-cycle,baseline,0,37.715168
string24,ahash,128,load-cycle,quick_cache,0,18.340423
string24,ahash,128,load-cycle,lru,0,38.620538
string24,ahash,128,load-cycle,hashlink,0,39.204057
string24,ahash,128,load-cycle,baseline,1,38.545974
string24,ahash,128,load-cycle,quick_cache,1,18.552369
string24,ahash,128,load-cycle,lru,1,38.458238
string24,ahash,128,load-cycle,hashlink,1,39.442816
string24,ahash,128,load-cycle,micro,1,37.476989
string24,ahash,128,load-cycle,quick_cache,2,18.438296
string24,ahash,128,load-cycle,lru,2,39.021566
string24,ahash,128,load-cycle,hashlink,2,40.329687
string24,ahash,128,load-cycle,micro,2,38.105606
string24,ahash,128,load-cycle,baseline,2,38.453425
string24,ahash,128,load-cycle,lru,3,38.917891
string24,ahash,128,load-cycle,hashlink,3,39.288333
string24,ahash,128,load-cycle,micro,3,37.115238
string24,ahash,128,load-cycle,baseline,3,38.650452
string24,ahash,128,load-cycle,quick_cache,3,18.501513
string24,ahash,128,load-cycle,hashlink,4,39.472854
string24,ahash,128,load-cycle,micro,4,37.258497
string24,ahash,128,load-cycle,baseline,4,38.457270
string24,ahash,128,load-cycle,quick_cache,4,18.532451
string24,ahash,128,load-cycle,lru,4,38.588989
string24,ahash,128,load-cycle,micro,5,37.193545
string24,ahash,128,load-cycle,baseline,5,38.807051
string24,ahash,128,load-cycle,quick_cache,5,18.504594
string24,ahash,128,load-cycle,lru,5,39.129883
string24,ahash,128,load-cycle,hashlink,5,39.984479
string24,ahash,128,load-cycle,baseline,6,39.144046
string24,ahash,128,load-cycle,quick_cache,6,18.335282
string24,ahash,128,load-cycle,lru,6,38.762494
string24,ahash,128,load-cycle,hashlink,6,39.507047
string24,ahash,128,load-cycle,micro,6,37.169402
string24,ahash,128,load-cycle,quick_cache,7,18.281389
string24,ahash,128,load-cycle,lru,7,39.032287
string24,ahash,128,load-cycle,hashlink,7,38.879675
string24,ahash,128,load-cycle,micro,7,37.135984
string24,ahash,128,load-cycle,baseline,7,38.543716
string24,ahash,128,load-cycle,lru,8,38.468489
string24,ahash,128,load-cycle,hashlink,8,39.146003
string24,ahash,128,load-cycle,micro,8,37.601728
string24,ahash,128,load-cycle,baseline,8,39.016693
string24,ahash,128,load-cycle,quick_cache,8,18.415244
string24,ahash,128,clear-refill,micro,0,2536.130832
string24,ahash,128,clear-refill,baseline,0,2554.328396
string24,ahash,128,clear-refill,quick_cache,0,2693.412493
string24,ahash,128,clear-refill,lru,0,5157.860825
string24,ahash,128,clear-refill,hashlink,0,3633.472767
string24,ahash,128,clear-refill,baseline,1,2560.974398
string24,ahash,128,clear-refill,quick_cache,1,2564.380000
string24,ahash,128,clear-refill,lru,1,5153.750772
string24,ahash,128,clear-refill,hashlink,1,3606.885364
string24,ahash,128,clear-refill,micro,1,2496.630055
string24,ahash,128,clear-refill,quick_cache,2,2596.161994
string24,ahash,128,clear-refill,lru,2,5180.599379
string24,ahash,128,clear-refill,hashlink,2,3608.676046
string24,ahash,128,clear-refill,micro,2,2500.229500
string24,ahash,128,clear-refill,baseline,2,2565.256410
string24,ahash,128,clear-refill,lru,3,5237.827225
string24,ahash,128,clear-refill,hashlink,3,3707.499629
string24,ahash,128,clear-refill,micro,3,2518.819235
string24,ahash,128,clear-refill,baseline,3,2641.331749
string24,ahash,128,clear-refill,quick_cache,3,2935.494718
string24,ahash,128,clear-refill,hashlink,4,3769.907310
string24,ahash,128,clear-refill,micro,4,2505.302104
string24,ahash,128,clear-refill,baseline,4,3470.036577
string24,ahash,128,clear-refill,quick_cache,4,4090.044971
string24,ahash,128,clear-refill,lru,4,7368.864507
string24,ahash,128,clear-refill,micro,5,2514.203117
string24,ahash,128,clear-refill,baseline,5,2591.666839
string24,ahash,128,clear-refill,quick_cache,5,2645.072977
string24,ahash,128,clear-refill,lru,5,5396.305286
string24,ahash,128,clear-refill,hashlink,5,3650.395620
string24,ahash,128,clear-refill,baseline,6,2669.090181
string24,ahash,128,clear-refill,quick_cache,6,2607.055787
string24,ahash,128,clear-refill,lru,6,5356.574946
string24,ahash,128,clear-refill,hashlink,6,3697.832225
string24,ahash,128,clear-refill,micro,6,2525.926263
string24,ahash,128,clear-refill,quick_cache,7,2625.787402
string24,ahash,128,clear-refill,lru,7,5323.803191
string24,ahash,128,clear-refill,hashlink,7,3554.223170
string24,ahash,128,clear-refill,micro,7,2471.638655
string24,ahash,128,clear-refill,baseline,7,2502.355678
string24,ahash,128,clear-refill,lru,8,5199.887734
string24,ahash,128,clear-refill,hashlink,8,3551.786932
string24,ahash,128,clear-refill,micro,8,2481.315972
string24,ahash,128,clear-refill,baseline,8,2527.286508
string24,ahash,128,clear-refill,quick_cache,8,2534.803345
string24,ahash,128,clear-empty,micro,0,0.365100
string24,ahash,128,clear-empty,baseline,0,41.750826
string24,ahash,128,clear-empty,quick_cache,0,3.991672
string24,ahash,128,clear-empty,lru,0,2.164326
string24,ahash,128,clear-empty,hashlink,0,0.656022
string24,ahash,128,clear-empty,baseline,1,48.586414
string24,ahash,128,clear-empty,quick_cache,1,3.992954
string24,ahash,128,clear-empty,lru,1,2.139218
string24,ahash,128,clear-empty,hashlink,1,0.638198
string24,ahash,128,clear-empty,micro,1,0.365843
string24,ahash,128,clear-empty,quick_cache,2,3.962683
string24,ahash,128,clear-empty,lru,2,2.143155
string24,ahash,128,clear-empty,hashlink,2,0.639949
string24,ahash,128,clear-empty,micro,2,0.368406
string24,ahash,128,clear-empty,baseline,2,47.435177
string24,ahash,128,clear-empty,lru,3,2.142343
string24,ahash,128,clear-empty,hashlink,3,0.639452
string24,ahash,128,clear-empty,micro,3,0.368486
string24,ahash,128,clear-empty,baseline,3,47.988329
string24,ahash,128,clear-empty,quick_cache,3,3.971447
string24,ahash,128,clear-empty,hashlink,4,0.655708
string24,ahash,128,clear-empty,micro,4,0.371871
string24,ahash,128,clear-empty,baseline,4,41.989044
string24,ahash,128,clear-empty,quick_cache,4,3.972142
string24,ahash,128,clear-empty,lru,4,2.152003
string24,ahash,128,clear-empty,micro,5,0.363636
string24,ahash,128,clear-empty,baseline,5,47.588608
string24,ahash,128,clear-empty,quick_cache,5,3.924135
string24,ahash,128,clear-empty,lru,5,2.137635
string24,ahash,128,clear-empty,hashlink,5,0.640227
string24,ahash,128,clear-empty,baseline,6,47.358155
string24,ahash,128,clear-empty,quick_cache,6,3.953256
string24,ahash,128,clear-empty,lru,6,2.144549
string24,ahash,128,clear-empty,hashlink,6,0.640821
string24,ahash,128,clear-empty,micro,6,0.371253
string24,ahash,128,clear-empty,quick_cache,7,3.944442
string24,ahash,128,clear-empty,lru,7,2.173629
string24,ahash,128,clear-empty,hashlink,7,0.670462
string24,ahash,128,clear-empty,micro,7,0.365117
string24,ahash,128,clear-empty,baseline,7,44.909905
string24,ahash,128,clear-empty,lru,8,2.110907
string24,ahash,128,clear-empty,hashlink,8,0.638235
string24,ahash,128,clear-empty,micro,8,0.367962
string24,ahash,128,clear-empty,baseline,8,49.129103
string24,ahash,128,clear-empty,quick_cache,8,3.950661
string24,ahash,128,iter-dense,micro,0,23.017855
string24,ahash,128,iter-dense,baseline,0,38.978057
string24,ahash,128,iter-dense,quick_cache,0,29.520611
string24,ahash,128,iter-dense,lru,0,134.322648
string24,ahash,128,iter-dense,hashlink,0,131.782699
string24,ahash,128,iter-dense,baseline,1,38.806416
string24,ahash,128,iter-dense,quick_cache,1,29.571383
string24,ahash,128,iter-dense,lru,1,140.892696
string24,ahash,128,iter-dense,hashlink,1,142.506296
string24,ahash,128,iter-dense,micro,1,23.382556
string24,ahash,128,iter-dense,quick_cache,2,29.726977
string24,ahash,128,iter-dense,lru,2,134.293573
string24,ahash,128,iter-dense,hashlink,2,130.478949
string24,ahash,128,iter-dense,micro,2,23.113565
string24,ahash,128,iter-dense,baseline,2,40.219796
string24,ahash,128,iter-dense,lru,3,136.798502
string24,ahash,128,iter-dense,hashlink,3,133.477450
string24,ahash,128,iter-dense,micro,3,23.270546
string24,ahash,128,iter-dense,baseline,3,38.981955
string24,ahash,128,iter-dense,quick_cache,3,29.764137
string24,ahash,128,iter-dense,hashlink,4,133.383559
string24,ahash,128,iter-dense,micro,4,23.244956
string24,ahash,128,iter-dense,baseline,4,38.651226
string24,ahash,128,iter-dense,quick_cache,4,29.709036
string24,ahash,128,iter-dense,lru,4,138.707132
string24,ahash,128,iter-dense,micro,5,23.270351
string24,ahash,128,iter-dense,baseline,5,38.481832
string24,ahash,128,iter-dense,quick_cache,5,29.771296
string24,ahash,128,iter-dense,lru,5,133.341324
string24,ahash,128,iter-dense,hashlink,5,131.361607
string24,ahash,128,iter-dense,baseline,6,38.040614
string24,ahash,128,iter-dense,quick_cache,6,29.561430
string24,ahash,128,iter-dense,lru,6,132.388019
string24,ahash,128,iter-dense,hashlink,6,130.940065
string24,ahash,128,iter-dense,micro,6,22.966729
string24,ahash,128,iter-dense,quick_cache,7,29.636776
string24,ahash,128,iter-dense,lru,7,133.344657
string24,ahash,128,iter-dense,hashlink,7,132.852326
string24,ahash,128,iter-dense,micro,7,23.185585
string24,ahash,128,iter-dense,baseline,7,38.473320
string24,ahash,128,iter-dense,lru,8,137.418992
string24,ahash,128,iter-dense,hashlink,8,135.565752
string24,ahash,128,iter-dense,micro,8,22.949102
string24,ahash,128,iter-dense,baseline,8,38.363660
string24,ahash,128,iter-dense,quick_cache,8,29.780905
string24,ahash,128,iter-dense-for,micro,0,38.999782
string24,ahash,128,iter-dense-for,baseline,0,38.110076
string24,ahash,128,iter-dense-for,quick_cache,0,70.780726
string24,ahash,128,iter-dense-for,lru,0,80.666006
string24,ahash,128,iter-dense-for,hashlink,0,71.707755
string24,ahash,128,iter-dense-for,baseline,1,38.291013
string24,ahash,128,iter-dense-for,quick_cache,1,70.356469
string24,ahash,128,iter-dense-for,lru,1,81.167251
string24,ahash,128,iter-dense-for,hashlink,1,71.963484
string24,ahash,128,iter-dense-for,micro,1,39.199699
string24,ahash,128,iter-dense-for,quick_cache,2,70.109789
string24,ahash,128,iter-dense-for,lru,2,81.226579
string24,ahash,128,iter-dense-for,hashlink,2,75.977865
string24,ahash,128,iter-dense-for,micro,2,39.019585
string24,ahash,128,iter-dense-for,baseline,2,38.069679
string24,ahash,128,iter-dense-for,lru,3,81.076310
string24,ahash,128,iter-dense-for,hashlink,3,71.251211
string24,ahash,128,iter-dense-for,micro,3,38.676385
string24,ahash,128,iter-dense-for,baseline,3,38.138936
string24,ahash,128,iter-dense-for,quick_cache,3,70.623164
string24,ahash,128,iter-dense-for,hashlink,4,71.578791
string24,ahash,128,iter-dense-for,micro,4,38.656064
string24,ahash,128,iter-dense-for,baseline,4,38.225125
string24,ahash,128,iter-dense-for,quick_cache,4,70.748684
string24,ahash,128,iter-dense-for,lru,4,80.317671
string24,ahash,128,iter-dense-for,micro,5,39.125751
string24,ahash,128,iter-dense-for,baseline,5,38.210895
string24,ahash,128,iter-dense-for,quick_cache,5,70.490457
string24,ahash,128,iter-dense-for,lru,5,83.779224
string24,ahash,128,iter-dense-for,hashlink,5,72.495130
string24,ahash,128,iter-dense-for,baseline,6,38.250650
string24,ahash,128,iter-dense-for,quick_cache,6,70.822836
string24,ahash,128,iter-dense-for,lru,6,81.466420
string24,ahash,128,iter-dense-for,hashlink,6,71.455018
string24,ahash,128,iter-dense-for,micro,6,38.697158
string24,ahash,128,iter-dense-for,quick_cache,7,70.277372
string24,ahash,128,iter-dense-for,lru,7,80.259694
string24,ahash,128,iter-dense-for,hashlink,7,71.469907
string24,ahash,128,iter-dense-for,micro,7,38.657572
string24,ahash,128,iter-dense-for,baseline,7,38.214822
string24,ahash,128,iter-dense-for,lru,8,80.413018
string24,ahash,128,iter-dense-for,hashlink,8,72.699855
string24,ahash,128,iter-dense-for,micro,8,38.852071
string24,ahash,128,iter-dense-for,baseline,8,37.575078
string24,ahash,128,iter-dense-for,quick_cache,8,67.912606
string24,ahash,128,iter-density-1pct,micro,0,1.650104
string24,ahash,128,iter-density-1pct,baseline,0,37.927913
string24,ahash,128,iter-density-1pct,quick_cache,0,22.765402
string24,ahash,128,iter-density-1pct,lru,0,1.284021
string24,ahash,128,iter-density-1pct,hashlink,0,1.266926
string24,ahash,128,iter-density-1pct,baseline,1,38.414024
string24,ahash,128,iter-density-1pct,quick_cache,1,21.965381
string24,ahash,128,iter-density-1pct,lru,1,1.275937
string24,ahash,128,iter-density-1pct,hashlink,1,1.262127
string24,ahash,128,iter-density-1pct,micro,1,1.596489
string24,ahash,128,iter-density-1pct,quick_cache,2,23.229035
string24,ahash,128,iter-density-1pct,lru,2,1.330784
string24,ahash,128,iter-density-1pct,hashlink,2,1.289660
string24,ahash,128,iter-density-1pct,micro,2,1.659128
string24,ahash,128,iter-density-1pct,baseline,2,54.941971
string24,ahash,128,iter-density-1pct,lru,3,2.158268
string24,ahash,128,iter-density-1pct,hashlink,3,1.402780
string24,ahash,128,iter-density-1pct,micro,3,1.668286
string24,ahash,128,iter-density-1pct,baseline,3,38.867236
string24,ahash,128,iter-density-1pct,quick_cache,3,23.175075
string24,ahash,128,iter-density-1pct,hashlink,4,1.267204
string24,ahash,128,iter-density-1pct,micro,4,1.591205
string24,ahash,128,iter-density-1pct,baseline,4,38.925965
string24,ahash,128,iter-density-1pct,quick_cache,4,23.926351
string24,ahash,128,iter-density-1pct,lru,4,1.291707
string24,ahash,128,iter-density-1pct,micro,5,1.598184
string24,ahash,128,iter-density-1pct,baseline,5,38.849803
string24,ahash,128,iter-density-1pct,quick_cache,5,24.015406
string24,ahash,128,iter-density-1pct,lru,5,1.289617
string24,ahash,128,iter-density-1pct,hashlink,5,1.284729
string24,ahash,128,iter-density-1pct,baseline,6,39.221338
string24,ahash,128,iter-density-1pct,quick_cache,6,23.282302
string24,ahash,128,iter-density-1pct,lru,6,1.314163
string24,ahash,128,iter-density-1pct,hashlink,6,1.273296
string24,ahash,128,iter-density-1pct,micro,6,1.602285
string24,ahash,128,iter-density-1pct,quick_cache,7,23.277479
string24,ahash,128,iter-density-1pct,lru,7,1.276250
string24,ahash,128,iter-density-1pct,hashlink,7,1.265090
string24,ahash,128,iter-density-1pct,micro,7,1.583240
string24,ahash,128,iter-density-1pct,baseline,7,38.835992
string24,ahash,128,iter-density-1pct,lru,8,1.288352
string24,ahash,128,iter-density-1pct,hashlink,8,1.264599
string24,ahash,128,iter-density-1pct,micro,8,1.584043
string24,ahash,128,iter-density-1pct,baseline,8,38.892686
string24,ahash,128,iter-density-1pct,quick_cache,8,23.135785
string24,ahash,128,iter-density-6pct,micro,0,24.229973
string24,ahash,128,iter-density-6pct,baseline,0,37.421172
string24,ahash,128,iter-density-6pct,quick_cache,0,23.689983
string24,ahash,128,iter-density-6pct,lru,0,3.263966
string24,ahash,128,iter-density-6pct,hashlink,0,3.210054
string24,ahash,128,iter-density-6pct,baseline,1,37.309911
string24,ahash,128,iter-density-6pct,quick_cache,1,23.683981
string24,ahash,128,iter-density-6pct,lru,1,3.212245
string24,ahash,128,iter-density-6pct,hashlink,1,3.211386
string24,ahash,128,iter-density-6pct,micro,1,24.245418
string24,ahash,128,iter-density-6pct,quick_cache,2,23.655895
string24,ahash,128,iter-density-6pct,lru,2,3.219380
string24,ahash,128,iter-density-6pct,hashlink,2,3.184085
string24,ahash,128,iter-density-6pct,micro,2,23.816558
string24,ahash,128,iter-density-6pct,baseline,2,37.051031
string24,ahash,128,iter-density-6pct,lru,3,3.220521
string24,ahash,128,iter-density-6pct,hashlink,3,3.176808
string24,ahash,128,iter-density-6pct,micro,3,24.220731
string24,ahash,128,iter-density-6pct,baseline,3,37.015003
string24,ahash,128,iter-density-6pct,quick_cache,3,23.898947
string24,ahash,128,iter-density-6pct,hashlink,4,3.226133
string24,ahash,128,iter-density-6pct,micro,4,23.866289
string24,ahash,128,iter-density-6pct,baseline,4,37.318822
string24,ahash,128,iter-density-6pct,quick_cache,4,23.804283
string24,ahash,128,iter-density-6pct,lru,4,3.248508
string24,ahash,128,iter-density-6pct,micro,5,23.928025
string24,ahash,128,iter-density-6pct,baseline,5,36.994081
string24,ahash,128,iter-density-6pct,quick_cache,5,26.219500
string24,ahash,128,iter-density-6pct,lru,5,3.191055
string24,ahash,128,iter-density-6pct,hashlink,5,3.156592
string24,ahash,128,iter-density-6pct,baseline,6,37.837977
string24,ahash,128,iter-density-6pct,quick_cache,6,20.962600
string24,ahash,128,iter-density-6pct,lru,6,3.238503
string24,ahash,128,iter-density-6pct,hashlink,6,3.211188
string24,ahash,128,iter-density-6pct,micro,6,24.162938
string24,ahash,128,iter-density-6pct,quick_cache,7,21.496105
string24,ahash,128,iter-density-6pct,lru,7,3.344707
string24,ahash,128,iter-density-6pct,hashlink,7,3.279807
string24,ahash,128,iter-density-6pct,micro,7,24.692670
string24,ahash,128,iter-density-6pct,baseline,7,36.715321
string24,ahash,128,iter-density-6pct,lru,8,3.239645
string24,ahash,128,iter-density-6pct,hashlink,8,3.188060
string24,ahash,128,iter-density-6pct,micro,8,24.188516
string24,ahash,128,iter-density-6pct,baseline,8,36.821903
string24,ahash,128,iter-density-6pct,quick_cache,8,27.542254
string24,ahash,128,iter-density-quarter,micro,0,24.166873
string24,ahash,128,iter-density-quarter,baseline,0,37.913937
string24,ahash,128,iter-density-quarter,quick_cache,0,25.806193
string24,ahash,128,iter-density-quarter,lru,0,19.216298
string24,ahash,128,iter-density-quarter,hashlink,0,19.029507
string24,ahash,128,iter-density-quarter,baseline,1,37.696653
string24,ahash,128,iter-density-quarter,quick_cache,1,25.787268
string24,ahash,128,iter-density-quarter,lru,1,19.429410
string24,ahash,128,iter-density-quarter,hashlink,1,19.120962
string24,ahash,128,iter-density-quarter,micro,1,23.874976
string24,ahash,128,iter-density-quarter,quick_cache,2,25.848671
string24,ahash,128,iter-density-quarter,lru,2,19.197851
string24,ahash,128,iter-density-quarter,hashlink,2,18.852558
string24,ahash,128,iter-density-quarter,micro,2,23.950428
string24,ahash,128,iter-density-quarter,baseline,2,37.552632
string24,ahash,128,iter-density-quarter,lru,3,19.037734
string24,ahash,128,iter-density-quarter,hashlink,3,18.890123
string24,ahash,128,iter-density-quarter,micro,3,23.887981
string24,ahash,128,iter-density-quarter,baseline,3,37.644980
string24,ahash,128,iter-density-quarter,quick_cache,3,25.591503
string24,ahash,128,iter-density-quarter,hashlink,4,19.053031
string24,ahash,128,iter-density-quarter,micro,4,27.687727
string24,ahash,128,iter-density-quarter,baseline,4,36.323040
string24,ahash,128,iter-density-quarter,quick_cache,4,26.189396
string24,ahash,128,iter-density-quarter,lru,4,19.224152
string24,ahash,128,iter-density-quarter,micro,5,23.946360
string24,ahash,128,iter-density-quarter,baseline,5,37.287551
string24,ahash,128,iter-density-quarter,quick_cache,5,25.720597
string24,ahash,128,iter-density-quarter,lru,5,18.937731
string24,ahash,128,iter-density-quarter,hashlink,5,18.851068
string24,ahash,128,iter-density-quarter,baseline,6,36.969068
string24,ahash,128,iter-density-quarter,quick_cache,6,25.592783
string24,ahash,128,iter-density-quarter,lru,6,18.942796
string24,ahash,128,iter-density-quarter,hashlink,6,18.895322
string24,ahash,128,iter-density-quarter,micro,6,24.403844
string24,ahash,128,iter-density-quarter,quick_cache,7,25.758969
string24,ahash,128,iter-density-quarter,lru,7,19.123623
string24,ahash,128,iter-density-quarter,hashlink,7,19.129847
string24,ahash,128,iter-density-quarter,micro,7,23.951032
string24,ahash,128,iter-density-quarter,baseline,7,37.813347
string24,ahash,128,iter-density-quarter,lru,8,19.551454
string24,ahash,128,iter-density-quarter,hashlink,8,18.951512
string24,ahash,128,iter-density-quarter,micro,8,24.009911
string24,ahash,128,iter-density-quarter,baseline,8,37.613756
string24,ahash,128,iter-density-quarter,quick_cache,8,25.652602
string24,ahash,128,iter-density-half,micro,0,23.186702
string24,ahash,128,iter-density-half,baseline,0,38.085060
string24,ahash,128,iter-density-half,quick_cache,0,24.933227
string24,ahash,128,iter-density-half,lru,0,51.967285
string24,ahash,128,iter-density-half,hashlink,0,51.254428
string24,ahash,128,iter-density-half,baseline,1,38.146243
string24,ahash,128,iter-density-half,quick_cache,1,25.020431
string24,ahash,128,iter-density-half,lru,1,51.899545
string24,ahash,128,iter-density-half,hashlink,1,50.312983
string24,ahash,128,iter-density-half,micro,1,23.361970
string24,ahash,128,iter-density-half,quick_cache,2,24.781503
string24,ahash,128,iter-density-half,lru,2,52.555302
string24,ahash,128,iter-density-half,hashlink,2,52.487036
string24,ahash,128,iter-density-half,micro,2,23.144719
string24,ahash,128,iter-density-half,baseline,2,38.123818
string24,ahash,128,iter-density-half,lru,3,51.488283
string24,ahash,128,iter-density-half,hashlink,3,50.770255
string24,ahash,128,iter-density-half,micro,3,23.199548
string24,ahash,128,iter-density-half,baseline,3,38.164873
string24,ahash,128,iter-density-half,quick_cache,3,24.747832
string24,ahash,128,iter-density-half,hashlink,4,51.588984
string24,ahash,128,iter-density-half,micro,4,23.176774
string24,ahash,128,iter-density-half,baseline,4,38.103001
string24,ahash,128,iter-density-half,quick_cache,4,24.763317
string24,ahash,128,iter-density-half,lru,4,51.989770
string24,ahash,128,iter-density-half,micro,5,23.532215
string24,ahash,128,iter-density-half,baseline,5,38.080546
string24,ahash,128,iter-density-half,quick_cache,5,24.976857
string24,ahash,128,iter-density-half,lru,5,53.771070
string24,ahash,128,iter-density-half,hashlink,5,50.848204
string24,ahash,128,iter-density-half,baseline,6,37.827244
string24,ahash,128,iter-density-half,quick_cache,6,24.790194
string24,ahash,128,iter-density-half,lru,6,51.828959
string24,ahash,128,iter-density-half,hashlink,6,51.139582
string24,ahash,128,iter-density-half,micro,6,23.214261
string24,ahash,128,iter-density-half,quick_cache,7,24.797651
string24,ahash,128,iter-density-half,lru,7,51.975515
string24,ahash,128,iter-density-half,hashlink,7,51.067627
string24,ahash,128,iter-density-half,micro,7,23.263036
string24,ahash,128,iter-density-half,baseline,7,38.162966
string24,ahash,128,iter-density-half,lru,8,51.288070
string24,ahash,128,iter-density-half,hashlink,8,52.039107
string24,ahash,128,iter-density-half,micro,8,23.339867
string24,ahash,128,iter-density-half,baseline,8,38.299755
string24,ahash,128,iter-density-half,quick_cache,8,25.392321
string24,ahash,128,iter-front,micro,0,1.201794
string24,ahash,128,iter-front,baseline,0,37.649060
string24,ahash,128,iter-front,quick_cache,0,22.590592
string24,ahash,128,iter-front,lru,0,1.182002
string24,ahash,128,iter-front,hashlink,0,1.152473
string24,ahash,128,iter-front,baseline,1,38.168471
string24,ahash,128,iter-front,quick_cache,1,22.454061
string24,ahash,128,iter-front,lru,1,1.184107
string24,ahash,128,iter-front,hashlink,1,1.159985
string24,ahash,128,iter-front,micro,1,1.184170
string24,ahash,128,iter-front,quick_cache,2,22.415225
string24,ahash,128,iter-front,lru,2,1.178089
string24,ahash,128,iter-front,hashlink,2,1.173110
string24,ahash,128,iter-front,micro,2,1.196346
string24,ahash,128,iter-front,baseline,2,38.245434
string24,ahash,128,iter-front,lru,3,1.202043
string24,ahash,128,iter-front,hashlink,3,1.188538
string24,ahash,128,iter-front,micro,3,1.204731
string24,ahash,128,iter-front,baseline,3,37.606235
string24,ahash,128,iter-front,quick_cache,3,23.498985
string24,ahash,128,iter-front,hashlink,4,1.156003
string24,ahash,128,iter-front,micro,4,1.184753
string24,ahash,128,iter-front,baseline,4,37.946341
string24,ahash,128,iter-front,quick_cache,4,22.479158
string24,ahash,128,iter-front,lru,4,1.191747
string24,ahash,128,iter-front,micro,5,1.193495
string24,ahash,128,iter-front,baseline,5,37.976853
string24,ahash,128,iter-front,quick_cache,5,22.507683
string24,ahash,128,iter-front,lru,5,1.184645
string24,ahash,128,iter-front,hashlink,5,1.159391
string24,ahash,128,iter-front,baseline,6,37.959664
string24,ahash,128,iter-front,quick_cache,6,22.629471
string24,ahash,128,iter-front,lru,6,1.209365
string24,ahash,128,iter-front,hashlink,6,1.145536
string24,ahash,128,iter-front,micro,6,1.188556
string24,ahash,128,iter-front,quick_cache,7,22.447421
string24,ahash,128,iter-front,lru,7,1.176528
string24,ahash,128,iter-front,hashlink,7,1.144697
string24,ahash,128,iter-front,micro,7,1.180805
string24,ahash,128,iter-front,baseline,7,38.127950
string24,ahash,128,iter-front,lru,8,1.181180
string24,ahash,128,iter-front,hashlink,8,1.165167
string24,ahash,128,iter-front,micro,8,1.186237
string24,ahash,128,iter-front,baseline,8,38.077691
string24,ahash,128,iter-front,quick_cache,8,22.528330
string24,ahash,128,iter-back,micro,0,1.229415
string24,ahash,128,iter-back,baseline,0,39.026403
string24,ahash,128,iter-back,quick_cache,0,21.824991
string24,ahash,128,iter-back,lru,0,1.218257
string24,ahash,128,iter-back,hashlink,0,1.152924
string24,ahash,128,iter-back,baseline,1,39.030626
string24,ahash,128,iter-back,quick_cache,1,22.298917
string24,ahash,128,iter-back,lru,1,1.219027
string24,ahash,128,iter-back,hashlink,1,1.173806
string24,ahash,128,iter-back,micro,1,1.223312
string24,ahash,128,iter-back,quick_cache,2,22.296879
string24,ahash,128,iter-back,lru,2,1.196832
string24,ahash,128,iter-back,hashlink,2,1.157022
string24,ahash,128,iter-back,micro,2,1.195385
string24,ahash,128,iter-back,baseline,2,38.865293
string24,ahash,128,iter-back,lru,3,1.190104
string24,ahash,128,iter-back,hashlink,3,1.155225
string24,ahash,128,iter-back,micro,3,1.216152
string24,ahash,128,iter-back,baseline,3,39.110399
string24,ahash,128,iter-back,quick_cache,3,22.617691
string24,ahash,128,iter-back,hashlink,4,1.173145
string24,ahash,128,iter-back,micro,4,1.234046
string24,ahash,128,iter-back,baseline,4,38.803180
string24,ahash,128,iter-back,quick_cache,4,22.063894
string24,ahash,128,iter-back,lru,4,1.179174
string24,ahash,128,iter-back,micro,5,1.215991
string24,ahash,128,iter-back,baseline,5,38.527351
string24,ahash,128,iter-back,quick_cache,5,22.177734
string24,ahash,128,iter-back,lru,5,1.200787
string24,ahash,128,iter-back,hashlink,5,1.184610
string24,ahash,128,iter-back,baseline,6,38.652517
string24,ahash,128,iter-back,quick_cache,6,22.109441
string24,ahash,128,iter-back,lru,6,1.190948
string24,ahash,128,iter-back,hashlink,6,1.168749
string24,ahash,128,iter-back,micro,6,1.213573
string24,ahash,128,iter-back,quick_cache,7,22.292373
string24,ahash,128,iter-back,lru,7,1.203339
string24,ahash,128,iter-back,hashlink,7,1.147766
string24,ahash,128,iter-back,micro,7,1.222480
string24,ahash,128,iter-back,baseline,7,38.749008
string24,ahash,128,iter-back,lru,8,1.180796
string24,ahash,128,iter-back,hashlink,8,1.163969
string24,ahash,128,iter-back,micro,8,1.218523
string24,ahash,128,iter-back,baseline,8,38.719238
string24,ahash,128,iter-back,quick_cache,8,22.324402
string24,ahash,128,iter-empty,micro,0,0.815165
string24,ahash,128,iter-empty,baseline,0,37.723631
string24,ahash,128,iter-empty,quick_cache,0,22.355781
string24,ahash,128,iter-empty,lru,0,0.982414
string24,ahash,128,iter-empty,hashlink,0,1.004862
string24,ahash,128,iter-empty,baseline,1,38.360318
string24,ahash,128,iter-empty,quick_cache,1,22.375362
string24,ahash,128,iter-empty,lru,1,0.994539
string24,ahash,128,iter-empty,hashlink,1,1.000807
string24,ahash,128,iter-empty,micro,1,0.777754
string24,ahash,128,iter-empty,quick_cache,2,22.507305
string24,ahash,128,iter-empty,lru,2,0.978906
string24,ahash,128,iter-empty,hashlink,2,0.989632
string24,ahash,128,iter-empty,micro,2,0.782667
string24,ahash,128,iter-empty,baseline,2,37.747517
string24,ahash,128,iter-empty,lru,3,0.976880
string24,ahash,128,iter-empty,hashlink,3,0.989181
string24,ahash,128,iter-empty,micro,3,0.782478
string24,ahash,128,iter-empty,baseline,3,37.767974
string24,ahash,128,iter-empty,quick_cache,3,22.335866
string24,ahash,128,iter-empty,hashlink,4,1.001635
string24,ahash,128,iter-empty,micro,4,0.789125
string24,ahash,128,iter-empty,baseline,4,37.714526
string24,ahash,128,iter-empty,quick_cache,4,22.468660
string24,ahash,128,iter-empty,lru,4,0.997663
string24,ahash,128,iter-empty,micro,5,0.801767
string24,ahash,128,iter-empty,baseline,5,38.071582
string24,ahash,128,iter-empty,quick_cache,5,22.233610
string24,ahash,128,iter-empty,lru,5,0.978036
string24,ahash,128,iter-empty,hashlink,5,0.981599
string24,ahash,128,iter-empty,baseline,6,35.786574
string24,ahash,128,iter-empty,quick_cache,6,25.103750
string24,ahash,128,iter-empty,lru,6,0.973702
string24,ahash,128,iter-empty,hashlink,6,0.988330
string24,ahash,128,iter-empty,micro,6,0.778568
string24,ahash,128,iter-empty,quick_cache,7,25.714487
string24,ahash,128,iter-empty,lru,7,0.978820
string24,ahash,128,iter-empty,hashlink,7,1.006759
string24,ahash,128,iter-empty,micro,7,0.791700
string24,ahash,128,iter-empty,baseline,7,37.298628
string24,ahash,128,iter-empty,lru,8,0.992687
string24,ahash,128,iter-empty,hashlink,8,0.989927
string24,ahash,128,iter-empty,micro,8,0.779714
string24,ahash,128,iter-empty,baseline,8,37.647811
string24,ahash,128,iter-empty,quick_cache,8,21.970275
string24,ahash,128,iter-count,micro,0,0.396340
string24,ahash,128,iter-count,baseline,0,36.794863
string24,ahash,128,iter-count,quick_cache,0,53.532577
string24,ahash,128,iter-count,lru,0,0.396070
string24,ahash,128,iter-count,hashlink,0,0.397607
string24,ahash,128,iter-count,baseline,1,36.957696
string24,ahash,128,iter-count,quick_cache,1,53.413881
string24,ahash,128,iter-count,lru,1,0.395838
string24,ahash,128,iter-count,hashlink,1,0.404021
string24,ahash,128,iter-count,micro,1,0.410010
string24,ahash,128,iter-count,quick_cache,2,55.087753
string24,ahash,128,iter-count,lru,2,0.397570
string24,ahash,128,iter-count,hashlink,2,0.404093
string24,ahash,128,iter-count,micro,2,0.408015
string24,ahash,128,iter-count,baseline,2,37.089918
string24,ahash,128,iter-count,lru,3,0.400789
string24,ahash,128,iter-count,hashlink,3,0.399770
string24,ahash,128,iter-count,micro,3,0.399239
string24,ahash,128,iter-count,baseline,3,37.280519
string24,ahash,128,iter-count,quick_cache,3,53.809584
string24,ahash,128,iter-count,hashlink,4,0.420551
string24,ahash,128,iter-count,micro,4,0.401674
string24,ahash,128,iter-count,baseline,4,37.507685
string24,ahash,128,iter-count,quick_cache,4,51.933956
string24,ahash,128,iter-count,lru,4,0.391580
string24,ahash,128,iter-count,micro,5,0.408569
string24,ahash,128,iter-count,baseline,5,35.268481
string24,ahash,128,iter-count,quick_cache,5,52.875581
string24,ahash,128,iter-count,lru,5,0.415505
string24,ahash,128,iter-count,hashlink,5,0.392107
string24,ahash,128,iter-count,baseline,6,35.560781
string24,ahash,128,iter-count,quick_cache,6,52.537487
string24,ahash,128,iter-count,lru,6,0.391262
string24,ahash,128,iter-count,hashlink,6,0.398080
string24,ahash,128,iter-count,micro,6,0.398386
string24,ahash,128,iter-count,quick_cache,7,54.881342
string24,ahash,128,iter-count,lru,7,0.392612
string24,ahash,128,iter-count,hashlink,7,0.396155
string24,ahash,128,iter-count,micro,7,0.398796
string24,ahash,128,iter-count,baseline,7,36.878744
string24,ahash,128,iter-count,lru,8,0.394666
string24,ahash,128,iter-count,hashlink,8,0.402466
string24,ahash,128,iter-count,micro,8,0.398791
string24,ahash,128,iter-count,baseline,8,37.231838
string24,ahash,128,iter-count,quick_cache,8,56.127548
string24,ahash,1024,get-hit,micro,0,6.879142
string24,ahash,1024,get-hit,baseline,0,7.017464
string24,ahash,1024,get-hit,quick_cache,0,6.603391
string24,ahash,1024,get-hit,lru,0,7.353633
string24,ahash,1024,get-hit,hashlink,0,7.037868
string24,ahash,1024,get-hit,baseline,1,6.497377
string24,ahash,1024,get-hit,quick_cache,1,6.501164
string24,ahash,1024,get-hit,lru,1,7.392302
string24,ahash,1024,get-hit,hashlink,1,7.028865
string24,ahash,1024,get-hit,micro,1,6.514097
string24,ahash,1024,get-hit,quick_cache,2,6.525513
string24,ahash,1024,get-hit,lru,2,7.443286
string24,ahash,1024,get-hit,hashlink,2,7.363928
string24,ahash,1024,get-hit,micro,2,7.236018
string24,ahash,1024,get-hit,baseline,2,7.425453
string24,ahash,1024,get-hit,lru,3,8.112589
string24,ahash,1024,get-hit,hashlink,3,7.367176
string24,ahash,1024,get-hit,micro,3,6.853345
string24,ahash,1024,get-hit,baseline,3,6.908974
string24,ahash,1024,get-hit,quick_cache,3,6.972978
string24,ahash,1024,get-hit,hashlink,4,7.432072
string24,ahash,1024,get-hit,micro,4,6.826556
string24,ahash,1024,get-hit,baseline,4,6.960956
string24,ahash,1024,get-hit,quick_cache,4,6.852214
string24,ahash,1024,get-hit,lru,4,7.825120
string24,ahash,1024,get-hit,micro,5,7.217766
string24,ahash,1024,get-hit,baseline,5,6.855322
string24,ahash,1024,get-hit,quick_cache,5,6.821809
string24,ahash,1024,get-hit,lru,5,7.889836
string24,ahash,1024,get-hit,hashlink,5,7.337055
string24,ahash,1024,get-hit,baseline,6,7.199756
string24,ahash,1024,get-hit,quick_cache,6,7.235359
string24,ahash,1024,get-hit,lru,6,7.968392
string24,ahash,1024,get-hit,hashlink,6,7.342262
string24,ahash,1024,get-hit,micro,6,6.866056
string24,ahash,1024,get-hit,quick_cache,7,6.837238
string24,ahash,1024,get-hit,lru,7,7.804516
string24,ahash,1024,get-hit,hashlink,7,7.049677
string24,ahash,1024,get-hit,micro,7,7.160867
string24,ahash,1024,get-hit,baseline,7,7.348742
string24,ahash,1024,get-hit,lru,8,8.198919
string24,ahash,1024,get-hit,hashlink,8,7.158383
string24,ahash,1024,get-hit,micro,8,7.165953
string24,ahash,1024,get-hit,baseline,8,7.217647
string24,ahash,1024,get-hit,quick_cache,8,7.136441
string24,ahash,1024,get-miss,micro,0,3.783080
string24,ahash,1024,get-miss,baseline,0,3.829893
string24,ahash,1024,get-miss,quick_cache,0,3.979835
string24,ahash,1024,get-miss,lru,0,4.068101
string24,ahash,1024,get-miss,hashlink,0,3.680922
string24,ahash,1024,get-miss,baseline,1,3.790334
string24,ahash,1024,get-miss,quick_cache,1,3.884134
string24,ahash,1024,get-miss,lru,1,4.025743
string24,ahash,1024,get-miss,hashlink,1,3.655257
string24,ahash,1024,get-miss,micro,1,3.754723
string24,ahash,1024,get-miss,quick_cache,2,3.890571
string24,ahash,1024,get-miss,lru,2,4.044286
string24,ahash,1024,get-miss,hashlink,2,3.652391
string24,ahash,1024,get-miss,micro,2,3.834438
string24,ahash,1024,get-miss,baseline,2,4.605401
string24,ahash,1024,get-miss,lru,3,4.074436
string24,ahash,1024,get-miss,hashlink,3,3.726990
string24,ahash,1024,get-miss,micro,3,3.901974
string24,ahash,1024,get-miss,baseline,3,3.902071
string24,ahash,1024,get-miss,quick_cache,3,3.927671
string24,ahash,1024,get-miss,hashlink,4,3.833771
string24,ahash,1024,get-miss,micro,4,3.746236
string24,ahash,1024,get-miss,baseline,4,3.770271
string24,ahash,1024,get-miss,quick_cache,4,3.898734
string24,ahash,1024,get-miss,lru,4,4.018482
string24,ahash,1024,get-miss,micro,5,3.764178
string24,ahash,1024,get-miss,baseline,5,3.791288
string24,ahash,1024,get-miss,quick_cache,5,3.891574
string24,ahash,1024,get-miss,lru,5,4.016240
string24,ahash,1024,get-miss,hashlink,5,3.680402
string24,ahash,1024,get-miss,baseline,6,3.816573
string24,ahash,1024,get-miss,quick_cache,6,3.962068
string24,ahash,1024,get-miss,lru,6,4.019286
string24,ahash,1024,get-miss,hashlink,6,3.711276
string24,ahash,1024,get-miss,micro,6,3.857019
string24,ahash,1024,get-miss,quick_cache,7,3.907416
string24,ahash,1024,get-miss,lru,7,4.049642
string24,ahash,1024,get-miss,hashlink,7,3.671460
string24,ahash,1024,get-miss,micro,7,3.769643
string24,ahash,1024,get-miss,baseline,7,3.805188
string24,ahash,1024,get-miss,lru,8,4.014125
string24,ahash,1024,get-miss,hashlink,8,3.692320
string24,ahash,1024,get-miss,micro,8,3.771496
string24,ahash,1024,get-miss,baseline,8,3.921867
string24,ahash,1024,get-miss,quick_cache,8,3.881495
string24,ahash,1024,update,micro,0,17.599051
string24,ahash,1024,update,baseline,0,18.027660
string24,ahash,1024,update,quick_cache,0,34.728726
string24,ahash,1024,update,lru,0,23.551551
string24,ahash,1024,update,hashlink,0,20.409648
string24,ahash,1024,update,baseline,1,17.810931
string24,ahash,1024,update,quick_cache,1,34.294691
string24,ahash,1024,update,lru,1,23.956102
string24,ahash,1024,update,hashlink,1,20.702787
string24,ahash,1024,update,micro,1,17.572021
string24,ahash,1024,update,quick_cache,2,34.969184
string24,ahash,1024,update,lru,2,23.286983
string24,ahash,1024,update,hashlink,2,20.096975
string24,ahash,1024,update,micro,2,17.568391
string24,ahash,1024,update,baseline,2,17.423279
string24,ahash,1024,update,lru,3,23.618061
string24,ahash,1024,update,hashlink,3,19.746515
string24,ahash,1024,update,micro,3,17.598469
string24,ahash,1024,update,baseline,3,17.504593
string24,ahash,1024,update,quick_cache,3,33.718975
string24,ahash,1024,update,hashlink,4,20.629036
string24,ahash,1024,update,micro,4,17.389225
string24,ahash,1024,update,baseline,4,17.380747
string24,ahash,1024,update,quick_cache,4,33.988105
string24,ahash,1024,update,lru,4,22.974085
string24,ahash,1024,update,micro,5,17.463030
string24,ahash,1024,update,baseline,5,17.570567
string24,ahash,1024,update,quick_cache,5,33.440038
string24,ahash,1024,update,lru,5,23.822491
string24,ahash,1024,update,hashlink,5,19.925517
string24,ahash,1024,update,baseline,6,17.417341
string24,ahash,1024,update,quick_cache,6,33.330547
string24,ahash,1024,update,lru,6,23.290939
string24,ahash,1024,update,hashlink,6,21.499634
string24,ahash,1024,update,micro,6,18.152272
string24,ahash,1024,update,quick_cache,7,40.130615
string24,ahash,1024,update,lru,7,21.179725
string24,ahash,1024,update,hashlink,7,19.614376
string24,ahash,1024,update,micro,7,17.770675
string24,ahash,1024,update,baseline,7,17.661105
string24,ahash,1024,update,lru,8,20.717875
string24,ahash,1024,update,hashlink,8,19.665878
string24,ahash,1024,update,micro,8,17.557199
string24,ahash,1024,update,baseline,8,17.863829
string24,ahash,1024,update,quick_cache,8,33.609221
string24,ahash,1024,insert-cycle,micro,0,43.423485
string24,ahash,1024,insert-cycle,baseline,0,43.846854
string24,ahash,1024,insert-cycle,quick_cache,0,27.882202
string24,ahash,1024,insert-cycle,lru,0,51.762899
string24,ahash,1024,insert-cycle,hashlink,0,43.922424
string24,ahash,1024,insert-cycle,baseline,1,45.118661
string24,ahash,1024,insert-cycle,quick_cache,1,28.338789
string24,ahash,1024,insert-cycle,lru,1,50.650460
string24,ahash,1024,insert-cycle,hashlink,1,41.342839
string24,ahash,1024,insert-cycle,micro,1,43.916975
string24,ahash,1024,insert-cycle,quick_cache,2,27.801974
string24,ahash,1024,insert-cycle,lru,2,51.407705
string24,ahash,1024,insert-cycle,hashlink,2,41.637017
string24,ahash,1024,insert-cycle,micro,2,52.456470
string24,ahash,1024,insert-cycle,baseline,2,44.150216
string24,ahash,1024,insert-cycle,lru,3,50.741809
string24,ahash,1024,insert-cycle,hashlink,3,41.512869
string24,ahash,1024,insert-cycle,micro,3,43.430981
string24,ahash,1024,insert-cycle,baseline,3,54.182405
string24,ahash,1024,insert-cycle,quick_cache,3,30.141447
string24,ahash,1024,insert-cycle,hashlink,4,42.355949
string24,ahash,1024,insert-cycle,micro,4,43.744045
string24,ahash,1024,insert-cycle,baseline,4,44.574902
string24,ahash,1024,insert-cycle,quick_cache,4,28.436944
string24,ahash,1024,insert-cycle,lru,4,50.602290
string24,ahash,1024,insert-cycle,micro,5,44.315526
string24,ahash,1024,insert-cycle,baseline,5,43.714975
string24,ahash,1024,insert-cycle,quick_cache,5,27.992942
string24,ahash,1024,insert-cycle,lru,5,50.448671
string24,ahash,1024,insert-cycle,hashlink,5,41.109888
string24,ahash,1024,insert-cycle,baseline,6,43.531627
string24,ahash,1024,insert-cycle,quick_cache,6,27.582174
string24,ahash,1024,insert-cycle,lru,6,50.188337
string24,ahash,1024,insert-cycle,hashlink,6,40.483318
string24,ahash,1024,insert-cycle,micro,6,43.624520
string24,ahash,1024,insert-cycle,quick_cache,7,28.130893
string24,ahash,1024,insert-cycle,lru,7,49.826281
string24,ahash,1024,insert-cycle,hashlink,7,41.135661
string24,ahash,1024,insert-cycle,micro,7,44.375828
string24,ahash,1024,insert-cycle,baseline,7,43.734602
string24,ahash,1024,insert-cycle,lru,8,49.884407
string24,ahash,1024,insert-cycle,hashlink,8,40.855575
string24,ahash,1024,insert-cycle,micro,8,43.338893
string24,ahash,1024,insert-cycle,baseline,8,43.346388
string24,ahash,1024,insert-cycle,quick_cache,8,27.685273
string24,ahash,1024,mixed-95,micro,0,10.626694
string24,ahash,1024,mixed-95,baseline,0,10.714792
string24,ahash,1024,mixed-95,quick_cache,0,14.312270
string24,ahash,1024,mixed-95,lru,0,12.149086
string24,ahash,1024,mixed-95,hashlink,0,11.113485
string24,ahash,1024,mixed-95,baseline,1,10.369511
string24,ahash,1024,mixed-95,quick_cache,1,13.664304
string24,ahash,1024,mixed-95,lru,1,12.364399
string24,ahash,1024,mixed-95,hashlink,1,10.978154
string24,ahash,1024,mixed-95,micro,1,10.651073
string24,ahash,1024,mixed-95,quick_cache,2,14.027105
string24,ahash,1024,mixed-95,lru,2,12.421060
string24,ahash,1024,mixed-95,hashlink,2,10.987146
string24,ahash,1024,mixed-95,micro,2,10.425461
string24,ahash,1024,mixed-95,baseline,2,10.420029
string24,ahash,1024,mixed-95,lru,3,12.033900
string24,ahash,1024,mixed-95,hashlink,3,11.122547
string24,ahash,1024,mixed-95,micro,3,10.538911
string24,ahash,1024,mixed-95,baseline,3,10.436323
string24,ahash,1024,mixed-95,quick_cache,3,14.136574
string24,ahash,1024,mixed-95,hashlink,4,11.076608
string24,ahash,1024,mixed-95,micro,4,10.546717
string24,ahash,1024,mixed-95,baseline,4,10.567852
string24,ahash,1024,mixed-95,quick_cache,4,13.835653
string24,ahash,1024,mixed-95,lru,4,12.093638
string24,ahash,1024,mixed-95,micro,5,10.415976
string24,ahash,1024,mixed-95,baseline,5,10.583986
string24,ahash,1024,mixed-95,quick_cache,5,13.737207
string24,ahash,1024,mixed-95,lru,5,12.267864
string24,ahash,1024,mixed-95,hashlink,5,11.081332
string24,ahash,1024,mixed-95,baseline,6,10.040283
string24,ahash,1024,mixed-95,quick_cache,6,13.428066
string24,ahash,1024,mixed-95,lru,6,12.142008
string24,ahash,1024,mixed-95,hashlink,6,10.768780
string24,ahash,1024,mixed-95,micro,6,10.753253
string24,ahash,1024,mixed-95,quick_cache,7,13.985374
string24,ahash,1024,mixed-95,lru,7,11.341612
string24,ahash,1024,mixed-95,hashlink,7,10.650372
string24,ahash,1024,mixed-95,micro,7,9.978181
string24,ahash,1024,mixed-95,baseline,7,10.210419
string24,ahash,1024,mixed-95,lru,8,11.330594
string24,ahash,1024,mixed-95,hashlink,8,10.835970
string24,ahash,1024,mixed-95,micro,8,10.025857
string24,ahash,1024,mixed-95,baseline,8,10.056459
string24,ahash,1024,mixed-95,quick_cache,8,13.291178
string24,ahash,1024,load-hit,micro,0,8.157892
string24,ahash,1024,load-hit,baseline,0,19.034953
string24,ahash,1024,load-hit,quick_cache,0,9.034101
string24,ahash,1024,load-hit,lru,0,9.151706
string24,ahash,1024,load-hit,hashlink,0,7.002454
string24,ahash,1024,load-hit,baseline,1,19.219719
string24,ahash,1024,load-hit,quick_cache,1,9.027818
string24,ahash,1024,load-hit,lru,1,9.239387
string24,ahash,1024,load-hit,hashlink,1,7.076513
string24,ahash,1024,load-hit,micro,1,8.228826
string24,ahash,1024,load-hit,quick_cache,2,9.099773
string24,ahash,1024,load-hit,lru,2,9.222990
string24,ahash,1024,load-hit,hashlink,2,6.911717
string24,ahash,1024,load-hit,micro,2,8.176948
string24,ahash,1024,load-hit,baseline,2,19.049905
string24,ahash,1024,load-hit,lru,3,9.172963
string24,ahash,1024,load-hit,hashlink,3,6.891371
string24,ahash,1024,load-hit,micro,3,8.186307
string24,ahash,1024,load-hit,baseline,3,18.987327
string24,ahash,1024,load-hit,quick_cache,3,9.079728
string24,ahash,1024,load-hit,hashlink,4,6.960204
string24,ahash,1024,load-hit,micro,4,8.258784
string24,ahash,1024,load-hit,baseline,4,18.994263
string24,ahash,1024,load-hit,quick_cache,4,9.161650
string24,ahash,1024,load-hit,lru,4,9.453876
string24,ahash,1024,load-hit,micro,5,8.156128
string24,ahash,1024,load-hit,baseline,5,19.026478
string24,ahash,1024,load-hit,quick_cache,5,9.110027
string24,ahash,1024,load-hit,lru,5,9.161650
string24,ahash,1024,load-hit,hashlink,5,6.911488
string24,ahash,1024,load-hit,baseline,6,19.042506
string24,ahash,1024,load-hit,quick_cache,6,8.979573
string24,ahash,1024,load-hit,lru,6,9.182147
string24,ahash,1024,load-hit,hashlink,6,6.896344
string24,ahash,1024,load-hit,micro,6,8.194240
string24,ahash,1024,load-hit,quick_cache,7,9.143431
string24,ahash,1024,load-hit,lru,7,9.328129
string24,ahash,1024,load-hit,hashlink,7,6.929833
string24,ahash,1024,load-hit,micro,7,8.185900
string24,ahash,1024,load-hit,baseline,7,19.240856
string24,ahash,1024,load-hit,lru,8,9.396283
string24,ahash,1024,load-hit,hashlink,8,6.874798
string24,ahash,1024,load-hit,micro,8,8.184069
string24,ahash,1024,load-hit,baseline,8,19.065012
string24,ahash,1024,load-hit,quick_cache,8,9.106056
string24,ahash,1024,load-cycle,micro,0,42.944841
string24,ahash,1024,load-cycle,baseline,0,43.382076
string24,ahash,1024,load-cycle,quick_cache,0,19.986284
string24,ahash,1024,load-cycle,lru,0,45.267741
string24,ahash,1024,load-cycle,hashlink,0,45.632451
string24,ahash,1024,load-cycle,baseline,1,43.353524
string24,ahash,1024,load-cycle,quick_cache,1,19.726661
string24,ahash,1024,load-cycle,lru,1,45.856617
string24,ahash,1024,load-cycle,hashlink,1,44.713246
string24,ahash,1024,load-cycle,micro,1,43.345669
string24,ahash,1024,load-cycle,quick_cache,2,20.338661
string24,ahash,1024,load-cycle,lru,2,45.979818
string24,ahash,1024,load-cycle,hashlink,2,44.683656
string24,ahash,1024,load-cycle,micro,2,42.636567
string24,ahash,1024,load-cycle,baseline,2,43.316406
string24,ahash,1024,load-cycle,lru,3,44.663681
string24,ahash,1024,load-cycle,hashlink,3,44.824219
string24,ahash,1024,load-cycle,micro,3,42.671993
string24,ahash,1024,load-cycle,baseline,3,43.145071
string24,ahash,1024,load-cycle,quick_cache,3,19.929882
string24,ahash,1024,load-cycle,hashlink,4,45.150115
string24,ahash,1024,load-cycle,micro,4,43.360309
string24,ahash,1024,load-cycle,baseline,4,43.971837
string24,ahash,1024,load-cycle,quick_cache,4,20.266029
string24,ahash,1024,load-cycle,lru,4,46.135282
string24,ahash,1024,load-cycle,micro,5,43.087968
string24,ahash,1024,load-cycle,baseline,5,44.574165
string24,ahash,1024,load-cycle,quick_cache,5,20.357426
string24,ahash,1024,load-cycle,lru,5,44.722488
string24,ahash,1024,load-cycle,hashlink,5,44.933709
string24,ahash,1024,load-cycle,baseline,6,49.338789
string24,ahash,1024,load-cycle,quick_cache,6,20.245513
string24,ahash,1024,load-cycle,lru,6,49.476318
string24,ahash,1024,load-cycle,hashlink,6,48.062194
string24,ahash,1024,load-cycle,micro,6,44.582662
string24,ahash,1024,load-cycle,quick_cache,7,20.112921
string24,ahash,1024,load-cycle,lru,7,48.579197
string24,ahash,1024,load-cycle,hashlink,7,47.549514
string24,ahash,1024,load-cycle,micro,7,44.161482
string24,ahash,1024,load-cycle,baseline,7,45.338949
string24,ahash,1024,load-cycle,lru,8,48.680520
string24,ahash,1024,load-cycle,hashlink,8,47.772527
string24,ahash,1024,load-cycle,micro,8,44.604492
string24,ahash,1024,load-cycle,baseline,8,45.115705
string24,ahash,1024,load-cycle,quick_cache,8,20.188178
string24,ahash,1024,clear-refill,micro,0,21997.078947
string24,ahash,1024,clear-refill,baseline,0,21161.569620
string24,ahash,1024,clear-refill,quick_cache,0,26212.041885
string24,ahash,1024,clear-refill,lru,0,51019.777778
string24,ahash,1024,clear-refill,hashlink,0,31912.949045
string24,ahash,1024,clear-refill,baseline,1,21269.949153
string24,ahash,1024,clear-refill,quick_cache,1,25427.243655
string24,ahash,1024,clear-refill,lru,1,50717.585859
string24,ahash,1024,clear-refill,hashlink,1,32354.296774
string24,ahash,1024,clear-refill,micro,1,21211.690678
string24,ahash,1024,clear-refill,quick_cache,2,22816.859091
string24,ahash,1024,clear-refill,lru,2,51430.265306
string24,ahash,1024,clear-refill,hashlink,2,32653.675325
string24,ahash,1024,clear-refill,micro,2,21712.480519
string24,ahash,1024,clear-refill,baseline,2,21490.167382
string24,ahash,1024,clear-refill,lru,3,51296.765306
string24,ahash,1024,clear-refill,hashlink,3,32174.416667
string24,ahash,1024,clear-refill,micro,3,21304.787234
string24,ahash,1024,clear-refill,baseline,3,21384.970085
string24,ahash,1024,clear-refill,quick_cache,3,24525.122549
string24,ahash,1024,clear-refill,hashlink,4,32423.116129
string24,ahash,1024,clear-refill,micro,4,21307.804255
string24,ahash,1024,clear-refill,baseline,4,21335.991489
string24,ahash,1024,clear-refill,quick_cache,4,23241.125000
string24,ahash,1024,clear-refill,lru,4,50828.282828
string24,ahash,1024,clear-refill,micro,5,21799.273913
string24,ahash,1024,clear-refill,baseline,5,21631.827586
string24,ahash,1024,clear-refill,quick_cache,5,24532.887255
string24,ahash,1024,clear-refill,lru,5,51501.275510
string24,ahash,1024,clear-refill,hashlink,5,32979.440789
string24,ahash,1024,clear-refill,baseline,6,21825.182609
string24,ahash,1024,clear-refill,quick_cache,6,24222.019324
string24,ahash,1024,clear-refill,lru,6,51668.814433
string24,ahash,1024,clear-refill,hashlink,6,31687.500000
string24,ahash,1024,clear-refill,micro,6,21881.183406
string24,ahash,1024,clear-refill,quick_cache,7,22280.924444
string24,ahash,1024,clear-refill,lru,7,51847.938144
string24,ahash,1024,clear-refill,hashlink,7,32131.410256
string24,ahash,1024,clear-refill,micro,7,21916.663755
string24,ahash,1024,clear-refill,baseline,7,21451.743590
string24,ahash,1024,clear-refill,lru,8,51651.639175
string24,ahash,1024,clear-refill,hashlink,8,32143.961538
string24,ahash,1024,clear-refill,micro,8,22152.101770
string24,ahash,1024,clear-refill,baseline,8,21614.943966
string24,ahash,1024,clear-refill,quick_cache,8,22882.990868
string24,ahash,1024,clear-empty,micro,0,0.368712
string24,ahash,1024,clear-empty,baseline,0,50.769836
string24,ahash,1024,clear-empty,quick_cache,0,3.984742
string24,ahash,1024,clear-empty,lru,0,2.167045
string24,ahash,1024,clear-empty,hashlink,0,0.640196
string24,ahash,1024,clear-empty,baseline,1,49.124617
string24,ahash,1024,clear-empty,quick_cache,1,3.982603
string24,ahash,1024,clear-empty,lru,1,2.150380
string24,ahash,1024,clear-empty,hashlink,1,0.639080
string24,ahash,1024,clear-empty,micro,1,0.367792
string24,ahash,1024,clear-empty,quick_cache,2,3.976019
string24,ahash,1024,clear-empty,lru,2,2.147668
string24,ahash,1024,clear-empty,hashlink,2,0.643100
string24,ahash,1024,clear-empty,micro,2,0.370932
string24,ahash,1024,clear-empty,baseline,2,49.263116
string24,ahash,1024,clear-empty,lru,3,2.143843
string24,ahash,1024,clear-empty,hashlink,3,0.646382
string24,ahash,1024,clear-empty,micro,3,0.374890
string24,ahash,1024,clear-empty,baseline,3,49.564873
string24,ahash,1024,clear-empty,quick_cache,3,3.994852
string24,ahash,1024,clear-empty,hashlink,4,0.639708
string24,ahash,1024,clear-empty,micro,4,0.366323
string24,ahash,1024,clear-empty,baseline,4,49.405185
string24,ahash,1024,clear-empty,quick_cache,4,3.967546
string24,ahash,1024,clear-empty,lru,4,2.151819
string24,ahash,1024,clear-empty,micro,5,0.366732
string24,ahash,1024,clear-empty,baseline,5,49.261060
string24,ahash,1024,clear-empty,quick_cache,5,3.970395
string24,ahash,1024,clear-empty,lru,5,2.152714
string24,ahash,1024,clear-empty,hashlink,5,0.649867
string24,ahash,1024,clear-empty,baseline,6,49.339420
string24,ahash,1024,clear-empty,quick_cache,6,3.970573
string24,ahash,1024,clear-empty,lru,6,2.151327
string24,ahash,1024,clear-empty,hashlink,6,0.652466
string24,ahash,1024,clear-empty,micro,6,0.371154
string24,ahash,1024,clear-empty,quick_cache,7,3.981128
string24,ahash,1024,clear-empty,lru,7,2.159743
string24,ahash,1024,clear-empty,hashlink,7,0.639897
string24,ahash,1024,clear-empty,micro,7,0.367740
string24,ahash,1024,clear-empty,baseline,7,49.054922
string24,ahash,1024,clear-empty,lru,8,2.147196
string24,ahash,1024,clear-empty,hashlink,8,0.640605
string24,ahash,1024,clear-empty,micro,8,0.368084
string24,ahash,1024,clear-empty,baseline,8,49.122566
string24,ahash,1024,clear-empty,quick_cache,8,3.962110
string24,ahash,1024,iter-dense,micro,0,183.082955
string24,ahash,1024,iter-dense,baseline,0,280.328293
string24,ahash,1024,iter-dense,quick_cache,0,256.194518
string24,ahash,1024,iter-dense,lru,0,1295.142562
string24,ahash,1024,iter-dense,hashlink,0,1334.536017
string24,ahash,1024,iter-dense,baseline,1,272.557328
string24,ahash,1024,iter-dense,quick_cache,1,255.155230
string24,ahash,1024,iter-dense,lru,1,1295.863378
string24,ahash,1024,iter-dense,hashlink,1,1245.990575
string24,ahash,1024,iter-dense,micro,1,179.381379
string24,ahash,1024,iter-dense,quick_cache,2,254.276778
string24,ahash,1024,iter-dense,lru,2,1288.294057
string24,ahash,1024,iter-dense,hashlink,2,1237.030266
string24,ahash,1024,iter-dense,micro,2,180.402393
string24,ahash,1024,iter-dense,baseline,2,269.278023
string24,ahash,1024,iter-dense,lru,3,1244.781250
string24,ahash,1024,iter-dense,hashlink,3,1260.635250
string24,ahash,1024,iter-dense,micro,3,182.015789
string24,ahash,1024,iter-dense,baseline,3,273.221263
string24,ahash,1024,iter-dense,quick_cache,3,255.470027
string24,ahash,1024,iter-dense,hashlink,4,1329.614672
string24,ahash,1024,iter-dense,micro,4,182.694765
string24,ahash,1024,iter-dense,baseline,4,274.218750
string24,ahash,1024,iter-dense,quick_cache,4,257.628037
string24,ahash,1024,iter-dense,lru,4,1354.727909
string24,ahash,1024,iter-dense,micro,5,180.298731
string24,ahash,1024,iter-dense,baseline,5,276.184298
string24,ahash,1024,iter-dense,quick_cache,5,258.156302
string24,ahash,1024,iter-dense,lru,5,1341.713408
string24,ahash,1024,iter-dense,hashlink,5,1265.352067
string24,ahash,1024,iter-dense,baseline,6,273.073898
string24,ahash,1024,iter-dense,quick_cache,6,258.722216
string24,ahash,1024,iter-dense,lru,6,1296.896436
string24,ahash,1024,iter-dense,hashlink,6,1302.690885
string24,ahash,1024,iter-dense,micro,6,179.801257
string24,ahash,1024,iter-dense,quick_cache,7,260.000676
string24,ahash,1024,iter-dense,lru,7,1344.083868
string24,ahash,1024,iter-dense,hashlink,7,1350.563578
string24,ahash,1024,iter-dense,micro,7,179.046141
string24,ahash,1024,iter-dense,baseline,7,277.332170
string24,ahash,1024,iter-dense,lru,8,1299.188791
string24,ahash,1024,iter-dense,hashlink,8,1265.897933
string24,ahash,1024,iter-dense,micro,8,179.666523
string24,ahash,1024,iter-dense,baseline,8,276.193463
string24,ahash,1024,iter-dense,quick_cache,8,249.145750
string24,ahash,1024,iter-dense-for,micro,0,274.616048
string24,ahash,1024,iter-dense-for,baseline,0,275.658124
string24,ahash,1024,iter-dense-for,quick_cache,0,510.957108
string24,ahash,1024,iter-dense-for,lru,0,768.190870
string24,ahash,1024,iter-dense-for,hashlink,0,932.206287
string24,ahash,1024,iter-dense-for,baseline,1,272.751200
string24,ahash,1024,iter-dense-for,quick_cache,1,507.584213
string24,ahash,1024,iter-dense-for,lru,1,772.847445
string24,ahash,1024,iter-dense-for,hashlink,1,960.977377
string24,ahash,1024,iter-dense-for,micro,1,273.396525
string24,ahash,1024,iter-dense-for,quick_cache,2,507.918222
string24,ahash,1024,iter-dense-for,lru,2,764.341921
string24,ahash,1024,iter-dense-for,hashlink,2,904.172688
string24,ahash,1024,iter-dense-for,micro,2,273.096640
string24,ahash,1024,iter-dense-for,baseline,2,274.606876
string24,ahash,1024,iter-dense-for,lru,3,770.852525
string24,ahash,1024,iter-dense-for,hashlink,3,925.210984
string24,ahash,1024,iter-dense-for,micro,3,273.273601
string24,ahash,1024,iter-dense-for,baseline,3,278.826872
string24,ahash,1024,iter-dense-for,quick_cache,3,359.521624
string24,ahash,1024,iter-dense-for,hashlink,4,960.098735
string24,ahash,1024,iter-dense-for,micro,4,269.215254
string24,ahash,1024,iter-dense-for,baseline,4,275.037072
string24,ahash,1024,iter-dense-for,quick_cache,4,515.260896
string24,ahash,1024,iter-dense-for,lru,4,794.026332
string24,ahash,1024,iter-dense-for,micro,5,276.703042
string24,ahash,1024,iter-dense-for,baseline,5,274.166173
string24,ahash,1024,iter-dense-for,quick_cache,5,515.775371
string24,ahash,1024,iter-dense-for,lru,5,759.449636
string24,ahash,1024,iter-dense-for,hashlink,5,906.520954
string24,ahash,1024,iter-dense-for,baseline,6,273.715740
string24,ahash,1024,iter-dense-for,quick_cache,6,514.922595
string24,ahash,1024,iter-dense-for,lru,6,757.359601
string24,ahash,1024,iter-dense-for,hashlink,6,906.611272
string24,ahash,1024,iter-dense-for,micro,6,275.312665
string24,ahash,1024,iter-dense-for,quick_cache,7,517.322401
string24,ahash,1024,iter-dense-for,lru,7,778.943874
string24,ahash,1024,iter-dense-for,hashlink,7,902.762931
string24,ahash,1024,iter-dense-for,micro,7,275.766093
string24,ahash,1024,iter-dense-for,baseline,7,274.716718
string24,ahash,1024,iter-dense-for,lru,8,794.013008
string24,ahash,1024,iter-dense-for,hashlink,8,927.576368
string24,ahash,1024,iter-dense-for,micro,8,275.025648
string24,ahash,1024,iter-dense-for,baseline,8,274.783062
string24,ahash,1024,iter-dense-for,quick_cache,8,516.329724
string24,ahash,1024,iter-density-1pct,micro,0,7.318563
string24,ahash,1024,iter-density-1pct,baseline,0,354.541596
string24,ahash,1024,iter-density-1pct,quick_cache,0,207.193377
string24,ahash,1024,iter-density-1pct,lru,0,4.358838
string24,ahash,1024,iter-density-1pct,hashlink,0,4.283123
string24,ahash,1024,iter-density-1pct,baseline,1,357.430793
string24,ahash,1024,iter-density-1pct,quick_cache,1,176.922794
string24,ahash,1024,iter-density-1pct,lru,1,4.359289
string24,ahash,1024,iter-density-1pct,hashlink,1,4.191255
string24,ahash,1024,iter-density-1pct,micro,1,7.336836
string24,ahash,1024,iter-density-1pct,quick_cache,2,175.540123
string24,ahash,1024,iter-density-1pct,lru,2,4.357830
string24,ahash,1024,iter-density-1pct,hashlink,2,4.204069
string24,ahash,1024,iter-density-1pct,micro,2,7.344830
string24,ahash,1024,iter-density-1pct,baseline,2,358.723982
string24,ahash,1024,iter-density-1pct,lru,3,4.862905
string24,ahash,1024,iter-density-1pct,hashlink,3,4.253205
string24,ahash,1024,iter-density-1pct,micro,3,7.271284
string24,ahash,1024,iter-density-1pct,baseline,3,330.943909
string24,ahash,1024,iter-density-1pct,quick_cache,3,175.431994
string24,ahash,1024,iter-density-1pct,hashlink,4,4.148813
string24,ahash,1024,iter-density-1pct,micro,4,7.358319
string24,ahash,1024,iter-density-1pct,baseline,4,351.899017
string24,ahash,1024,iter-density-1pct,quick_cache,4,177.921751
string24,ahash,1024,iter-density-1pct,lru,4,4.282031
string24,ahash,1024,iter-density-1pct,micro,5,7.328639
string24,ahash,1024,iter-density-1pct,baseline,5,357.088898
string24,ahash,1024,iter-density-1pct,quick_cache,5,177.874360
string24,ahash,1024,iter-density-1pct,lru,5,4.386457
string24,ahash,1024,iter-density-1pct,hashlink,5,4.220578
string24,ahash,1024,iter-density-1pct,baseline,6,355.149148
string24,ahash,1024,iter-density-1pct,quick_cache,6,175.350652
string24,ahash,1024,iter-density-1pct,lru,6,4.383823
string24,ahash,1024,iter-density-1pct,hashlink,6,4.174794
string24,ahash,1024,iter-density-1pct,micro,6,7.317473
string24,ahash,1024,iter-density-1pct,quick_cache,7,175.573490
string24,ahash,1024,iter-density-1pct,lru,7,4.320154
string24,ahash,1024,iter-density-1pct,hashlink,7,4.172967
string24,ahash,1024,iter-density-1pct,micro,7,7.316345
string24,ahash,1024,iter-density-1pct,baseline,7,361.380774
string24,ahash,1024,iter-density-1pct,lru,8,4.380591
string24,ahash,1024,iter-density-1pct,hashlink,8,4.187549
string24,ahash,1024,iter-density-1pct,micro,8,7.347593
string24,ahash,1024,iter-density-1pct,baseline,8,360.377088
string24,ahash,1024,iter-density-1pct,quick_cache,8,178.065098
string24,ahash,1024,iter-density-6pct,micro,0,188.927876
string24,ahash,1024,iter-density-6pct,baseline,0,323.290612
string24,ahash,1024,iter-density-6pct,quick_cache,0,182.757675
string24,ahash,1024,iter-density-6pct,lru,0,48.552054
string24,ahash,1024,iter-density-6pct,hashlink,0,48.824664
string24,ahash,1024,iter-density-6pct,baseline,1,290.263103
string24,ahash,1024,iter-density-6pct,quick_cache,1,177.815095
string24,ahash,1024,iter-density-6pct,lru,1,50.823171
string24,ahash,1024,iter-density-6pct,hashlink,1,50.133341
string24,ahash,1024,iter-density-6pct,micro,1,188.056258
string24,ahash,1024,iter-density-6pct,quick_cache,2,183.069270
string24,ahash,1024,iter-density-6pct,lru,2,51.409591
string24,ahash,1024,iter-density-6pct,hashlink,2,50.583977
string24,ahash,1024,iter-density-6pct,micro,2,188.866546
string24,ahash,1024,iter-density-6pct,baseline,2,304.900707
string24,ahash,1024,iter-density-6pct,lru,3,53.192191
string24,ahash,1024,iter-density-6pct,hashlink,3,50.105372
string24,ahash,1024,iter-density-6pct,micro,3,188.643433
string24,ahash,1024,iter-density-6pct,baseline,3,303.059896
string24,ahash,1024,iter-density-6pct,quick_cache,3,181.030273
string24,ahash,1024,iter-density-6pct,hashlink,4,51.738094
string24,ahash,1024,iter-density-6pct,micro,4,187.559353
string24,ahash,1024,iter-density-6pct,baseline,4,300.838882
string24,ahash,1024,iter-density-6pct,quick_cache,4,180.589636
string24,ahash,1024,iter-density-6pct,lru,4,51.095916
string24,ahash,1024,iter-density-6pct,micro,5,186.148326
string24,ahash,1024,iter-density-6pct,baseline,5,289.648438
string24,ahash,1024,iter-density-6pct,quick_cache,5,178.253278
string24,ahash,1024,iter-density-6pct,lru,5,50.866028
string24,ahash,1024,iter-density-6pct,hashlink,5,50.448798
string24,ahash,1024,iter-density-6pct,baseline,6,296.270833
string24,ahash,1024,iter-density-6pct,quick_cache,6,209.766485
string24,ahash,1024,iter-density-6pct,lru,6,50.552511
string24,ahash,1024,iter-density-6pct,hashlink,6,50.357436
string24,ahash,1024,iter-density-6pct,micro,6,187.015625
string24,ahash,1024,iter-density-6pct,quick_cache,7,180.012997
string24,ahash,1024,iter-density-6pct,lru,7,51.778734
string24,ahash,1024,iter-density-6pct,hashlink,7,51.013355
string24,ahash,1024,iter-density-6pct,micro,7,185.519832
string24,ahash,1024,iter-density-6pct,baseline,7,301.273001
string24,ahash,1024,iter-density-6pct,lru,8,51.100597
string24,ahash,1024,iter-density-6pct,hashlink,8,51.187705
string24,ahash,1024,iter-density-6pct,micro,8,189.257642
string24,ahash,1024,iter-density-6pct,baseline,8,314.425616
string24,ahash,1024,iter-density-6pct,quick_cache,8,185.829444
string24,ahash,1024,iter-density-quarter,micro,0,194.992636
string24,ahash,1024,iter-density-quarter,baseline,0,314.277924
string24,ahash,1024,iter-density-quarter,quick_cache,0,365.225248
string24,ahash,1024,iter-density-quarter,lru,0,316.061616
string24,ahash,1024,iter-density-quarter,hashlink,0,304.553259
string24,ahash,1024,iter-density-quarter,baseline,1,261.060100
string24,ahash,1024,iter-density-quarter,quick_cache,1,197.140014
string24,ahash,1024,iter-density-quarter,lru,1,307.878629
string24,ahash,1024,iter-density-quarter,hashlink,1,296.463187
string24,ahash,1024,iter-density-quarter,micro,1,188.651312
string24,ahash,1024,iter-density-quarter,quick_cache,2,196.068930
string24,ahash,1024,iter-density-quarter,lru,2,307.304457
string24,ahash,1024,iter-density-quarter,hashlink,2,294.699918
string24,ahash,1024,iter-density-quarter,micro,2,189.453939
string24,ahash,1024,iter-density-quarter,baseline,2,265.007097
string24,ahash,1024,iter-density-quarter,lru,3,300.741166
string24,ahash,1024,iter-density-quarter,hashlink,3,295.974905
string24,ahash,1024,iter-density-quarter,micro,3,188.824124
string24,ahash,1024,iter-density-quarter,baseline,3,265.223358
string24,ahash,1024,iter-density-quarter,quick_cache,3,198.364451
string24,ahash,1024,iter-density-quarter,hashlink,4,299.820881
string24,ahash,1024,iter-density-quarter,micro,4,188.480097
string24,ahash,1024,iter-density-quarter,baseline,4,264.688610
string24,ahash,1024,iter-density-quarter,quick_cache,4,198.486715
string24,ahash,1024,iter-density-quarter,lru,4,299.040989
string24,ahash,1024,iter-density-quarter,micro,5,190.658346
string24,ahash,1024,iter-density-quarter,baseline,5,255.161603
string24,ahash,1024,iter-density-quarter,quick_cache,5,194.222321
string24,ahash,1024,iter-density-quarter,lru,5,291.094390
string24,ahash,1024,iter-density-quarter,hashlink,5,297.762857
string24,ahash,1024,iter-density-quarter,baseline,6,251.009480
string24,ahash,1024,iter-density-quarter,quick_cache,6,194.642785
string24,ahash,1024,iter-density-quarter,lru,6,302.070765
string24,ahash,1024,iter-density-quarter,hashlink,6,288.521967
string24,ahash,1024,iter-density-quarter,micro,6,190.808455
string24,ahash,1024,iter-density-quarter,quick_cache,7,198.336374
string24,ahash,1024,iter-density-quarter,lru,7,297.375059
string24,ahash,1024,iter-density-quarter,hashlink,7,299.093272
string24,ahash,1024,iter-density-quarter,micro,7,190.118423
string24,ahash,1024,iter-density-quarter,baseline,7,260.252028
string24,ahash,1024,iter-density-quarter,lru,8,294.094631
string24,ahash,1024,iter-density-quarter,hashlink,8,297.211680
string24,ahash,1024,iter-density-quarter,micro,8,191.220011
string24,ahash,1024,iter-density-quarter,baseline,8,262.710084
string24,ahash,1024,iter-density-quarter,quick_cache,8,197.556139
string24,ahash,1024,iter-density-half,micro,0,185.788116
string24,ahash,1024,iter-density-half,baseline,0,263.791526
string24,ahash,1024,iter-density-half,quick_cache,0,200.179057
string24,ahash,1024,iter-density-half,lru,0,630.313382
string24,ahash,1024,iter-density-half,hashlink,0,611.216187
string24,ahash,1024,iter-density-half,baseline,1,263.747629
string24,ahash,1024,iter-density-half,quick_cache,1,201.685161
string24,ahash,1024,iter-density-half,lru,1,630.119078
string24,ahash,1024,iter-density-half,hashlink,1,631.646925
string24,ahash,1024,iter-density-half,micro,1,185.431791
string24,ahash,1024,iter-density-half,quick_cache,2,197.151482
string24,ahash,1024,iter-density-half,lru,2,628.503640
string24,ahash,1024,iter-density-half,hashlink,2,618.304348
string24,ahash,1024,iter-density-half,micro,2,184.666765
string24,ahash,1024,iter-density-half,baseline,2,262.760399
string24,ahash,1024,iter-density-half,lru,3,621.920511
string24,ahash,1024,iter-density-half,hashlink,3,612.091064
string24,ahash,1024,iter-density-half,micro,3,187.121524
string24,ahash,1024,iter-density-half,baseline,3,263.758590
string24,ahash,1024,iter-density-half,quick_cache,3,198.045390
string24,ahash,1024,iter-density-half,hashlink,4,630.911794
string24,ahash,1024,iter-density-half,micro,4,188.019606
string24,ahash,1024,iter-density-half,baseline,4,268.282804
string24,ahash,1024,iter-density-half,quick_cache,4,197.834256
string24,ahash,1024,iter-density-half,lru,4,625.968750
string24,ahash,1024,iter-density-half,micro,5,184.783466
string24,ahash,1024,iter-density-half,baseline,5,266.325969
string24,ahash,1024,iter-density-half,quick_cache,5,198.565240
string24,ahash,1024,iter-density-half,lru,5,630.465600
string24,ahash,1024,iter-density-half,hashlink,5,616.382628
string24,ahash,1024,iter-density-half,baseline,6,259.878115
string24,ahash,1024,iter-density-half,quick_cache,6,198.058579
string24,ahash,1024,iter-density-half,lru,6,624.050672
string24,ahash,1024,iter-density-half,hashlink,6,637.687373
string24,ahash,1024,iter-density-half,micro,6,184.620683
string24,ahash,1024,iter-density-half,quick_cache,7,197.750435
string24,ahash,1024,iter-density-half,lru,7,629.350653
string24,ahash,1024,iter-density-half,hashlink,7,616.223671
string24,ahash,1024,iter-density-half,micro,7,188.649729
string24,ahash,1024,iter-density-half,baseline,7,264.872405
string24,ahash,1024,iter-density-half,lru,8,629.418675
string24,ahash,1024,iter-density-half,hashlink,8,611.007690
string24,ahash,1024,iter-density-half,micro,8,184.885047
string24,ahash,1024,iter-density-half,baseline,8,262.492135
string24,ahash,1024,iter-density-half,quick_cache,8,198.220334
string24,ahash,1024,iter-front,micro,0,1.192566
string24,ahash,1024,iter-front,baseline,0,259.179364
string24,ahash,1024,iter-front,quick_cache,0,165.800935
string24,ahash,1024,iter-front,lru,0,1.204833
string24,ahash,1024,iter-front,hashlink,0,1.145830
string24,ahash,1024,iter-front,baseline,1,260.531667
string24,ahash,1024,iter-front,quick_cache,1,167.305139
string24,ahash,1024,iter-front,lru,1,1.195980
string24,ahash,1024,iter-front,hashlink,1,1.159168
string24,ahash,1024,iter-front,micro,1,1.215669
string24,ahash,1024,iter-front,quick_cache,2,170.456482
string24,ahash,1024,iter-front,lru,2,1.191747
string24,ahash,1024,iter-front,hashlink,2,1.180930
string24,ahash,1024,iter-front,micro,2,1.181439
string24,ahash,1024,iter-front,baseline,2,262.243079
string24,ahash,1024,iter-front,lru,3,1.239883
string24,ahash,1024,iter-front,hashlink,3,1.140062
string24,ahash,1024,iter-front,micro,3,1.201165
string24,ahash,1024,iter-front,baseline,3,262.756040
string24,ahash,1024,iter-front,quick_cache,3,166.890408
string24,ahash,1024,iter-front,hashlink,4,1.164003
string24,ahash,1024,iter-front,micro,4,1.225173
string24,ahash,1024,iter-front,baseline,4,263.644446
string24,ahash,1024,iter-front,quick_cache,4,192.490263
string24,ahash,1024,iter-front,lru,4,1.190812
string24,ahash,1024,iter-front,micro,5,1.216626
string24,ahash,1024,iter-front,baseline,5,264.446277
string24,ahash,1024,iter-front,quick_cache,5,167.122025
string24,ahash,1024,iter-front,lru,5,1.193030
string24,ahash,1024,iter-front,hashlink,5,1.141052
string24,ahash,1024,iter-front,baseline,6,262.784506
string24,ahash,1024,iter-front,quick_cache,6,168.246266
string24,ahash,1024,iter-front,lru,6,1.176688
string24,ahash,1024,iter-front,hashlink,6,1.139172
string24,ahash,1024,iter-front,micro,6,1.185158
string24,ahash,1024,iter-front,quick_cache,7,165.327431
string24,ahash,1024,iter-front,lru,7,1.191448
string24,ahash,1024,iter-front,hashlink,7,1.162272
string24,ahash,1024,iter-front,micro,7,1.183515
string24,ahash,1024,iter-front,baseline,7,262.173186
string24,ahash,1024,iter-front,lru,8,1.215868
string24,ahash,1024,iter-front,hashlink,8,1.157339
string24,ahash,1024,iter-front,micro,8,1.207543
string24,ahash,1024,iter-front,baseline,8,261.768949
string24,ahash,1024,iter-front,quick_cache,8,166.091027
string24,ahash,1024,iter-back,micro,0,1.222910
string24,ahash,1024,iter-back,baseline,0,265.066684
string24,ahash,1024,iter-back,quick_cache,0,165.909169
string24,ahash,1024,iter-back,lru,0,1.189950
string24,ahash,1024,iter-back,hashlink,0,1.139970
string24,ahash,1024,iter-back,baseline,1,266.268260
string24,ahash,1024,iter-back,quick_cache,1,166.875100
string24,ahash,1024,iter-back,lru,1,1.189398
string24,ahash,1024,iter-back,hashlink,1,1.154824
string24,ahash,1024,iter-back,micro,1,1.214904
string24,ahash,1024,iter-back,quick_cache,2,168.247679
string24,ahash,1024,iter-back,lru,2,1.179503
string24,ahash,1024,iter-back,hashlink,2,1.146730
string24,ahash,1024,iter-back,micro,2,1.228303
string24,ahash,1024,iter-back,baseline,2,267.778789
string24,ahash,1024,iter-back,lru,3,1.186111
string24,ahash,1024,iter-back,hashlink,3,1.153000
string24,ahash,1024,iter-back,micro,3,1.200796
string24,ahash,1024,iter-back,baseline,3,267.370032
string24,ahash,1024,iter-back,quick_cache,3,166.432342
string24,ahash,1024,iter-back,hashlink,4,1.181921
string24,ahash,1024,iter-back,micro,4,1.202395
string24,ahash,1024,iter-back,baseline,4,266.543335
string24,ahash,1024,iter-back,quick_cache,4,166.741638
string24,ahash,1024,iter-back,lru,4,1.195980
string24,ahash,1024,iter-back,micro,5,1.195852
string24,ahash,1024,iter-back,baseline,5,265.547644
string24,ahash,1024,iter-back,quick_cache,5,166.110421
string24,ahash,1024,iter-back,lru,5,1.195815
string24,ahash,1024,iter-back,hashlink,5,1.161097
string24,ahash,1024,iter-back,baseline,6,267.069273
string24,ahash,1024,iter-back,quick_cache,6,166.783384
string24,ahash,1024,iter-back,lru,6,1.185832
string24,ahash,1024,iter-back,hashlink,6,1.130019
string24,ahash,1024,iter-back,micro,6,1.219465
string24,ahash,1024,iter-back,quick_cache,7,168.292519
string24,ahash,1024,iter-back,lru,7,1.224981
string24,ahash,1024,iter-back,hashlink,7,1.158429
string24,ahash,1024,iter-back,micro,7,1.218010
string24,ahash,1024,iter-back,baseline,7,269.197289
string24,ahash,1024,iter-back,lru,8,1.185418
string24,ahash,1024,iter-back,hashlink,8,1.147707
string24,ahash,1024,iter-back,micro,8,1.220055
string24,ahash,1024,iter-back,baseline,8,266.878200
string24,ahash,1024,iter-back,quick_cache,8,166.951856
string24,ahash,1024,iter-empty,micro,0,0.791749
string24,ahash,1024,iter-empty,baseline,0,267.727526
string24,ahash,1024,iter-empty,quick_cache,0,166.518271
string24,ahash,1024,iter-empty,lru,0,0.997326
string24,ahash,1024,iter-empty,hashlink,0,0.998830
string24,ahash,1024,iter-empty,baseline,1,264.375686
string24,ahash,1024,iter-empty,quick_cache,1,166.927895
string24,ahash,1024,iter-empty,lru,1,1.007512
string24,ahash,1024,iter-empty,hashlink,1,0.996175
string24,ahash,1024,iter-empty,micro,1,0.777669
string24,ahash,1024,iter-empty,quick_cache,2,165.934083
string24,ahash,1024,iter-empty,lru,2,1.010366
string24,ahash,1024,iter-empty,hashlink,2,0.987736
string24,ahash,1024,iter-empty,micro,2,0.795570
string24,ahash,1024,iter-empty,baseline,2,258.840801
string24,ahash,1024,iter-empty,lru,3,0.990529
string24,ahash,1024,iter-empty,hashlink,3,1.004565
string24,ahash,1024,iter-empty,micro,3,0.816515
string24,ahash,1024,iter-empty,baseline,3,263.204966
string24,ahash,1024,iter-empty,quick_cache,3,166.647221
string24,ahash,1024,iter-empty,hashlink,4,0.993912
string24,ahash,1024,iter-empty,micro,4,0.787074
string24,ahash,1024,iter-empty,baseline,4,264.536643
string24,ahash,1024,iter-empty,quick_cache,4,167.787118
string24,ahash,1024,iter-empty,lru,4,0.991667
string24,ahash,1024,iter-empty,micro,5,0.807965
string24,ahash,1024,iter-empty,baseline,5,266.138712
string24,ahash,1024,iter-empty,quick_cache,5,168.040155
string24,ahash,1024,iter-empty,lru,5,0.983874
string24,ahash,1024,iter-empty,hashlink,5,0.990240
string24,ahash,1024,iter-empty,baseline,6,267.298771
string24,ahash,1024,iter-empty,quick_cache,6,165.677701
string24,ahash,1024,iter-empty,lru,6,0.991805
string24,ahash,1024,iter-empty,hashlink,6,1.020115
string24,ahash,1024,iter-empty,micro,6,0.784037
string24,ahash,1024,iter-empty,quick_cache,7,166.401790
string24,ahash,1024,iter-empty,lru,7,0.987356
string24,ahash,1024,iter-empty,hashlink,7,0.989927
string24,ahash,1024,iter-empty,micro,7,0.797141
string24,ahash,1024,iter-empty,baseline,7,267.423397
string24,ahash,1024,iter-empty,lru,8,0.987281
string24,ahash,1024,iter-empty,hashlink,8,0.990579
string24,ahash,1024,iter-empty,micro,8,0.800313
string24,ahash,1024,iter-empty,baseline,8,268.465909
string24,ahash,1024,iter-empty,quick_cache,8,167.307950
string24,ahash,1024,iter-count,micro,0,0.401138
string24,ahash,1024,iter-count,baseline,0,265.319310
string24,ahash,1024,iter-count,quick_cache,0,487.090320
string24,ahash,1024,iter-count,lru,0,0.404846
string24,ahash,1024,iter-count,hashlink,0,0.408351
string24,ahash,1024,iter-count,baseline,1,261.603750
string24,ahash,1024,iter-count,quick_cache,1,490.799902
string24,ahash,1024,iter-count,lru,1,0.401455
string24,ahash,1024,iter-count,hashlink,1,0.401567
string24,ahash,1024,iter-count,micro,1,0.398906
string24,ahash,1024,iter-count,quick_cache,2,496.313477
string24,ahash,1024,iter-count,lru,2,0.399219
string24,ahash,1024,iter-count,hashlink,2,0.399117
string24,ahash,1024,iter-count,micro,2,0.398877
string24,ahash,1024,iter-count,baseline,2,271.773709
string24,ahash,1024,iter-count,lru,3,0.409678
string24,ahash,1024,iter-count,hashlink,3,0.403163
string24,ahash,1024,iter-count,micro,3,0.407431
string24,ahash,1024,iter-count,baseline,3,264.606683
string24,ahash,1024,iter-count,quick_cache,3,494.165039
string24,ahash,1024,iter-count,hashlink,4,0.407162
string24,ahash,1024,iter-count,micro,4,0.403338
string24,ahash,1024,iter-count,baseline,4,266.170450
string24,ahash,1024,iter-count,quick_cache,4,488.557910
string24,ahash,1024,iter-count,lru,4,0.401663
string24,ahash,1024,iter-count,micro,5,0.398636
string24,ahash,1024,iter-count,baseline,5,264.059016
string24,ahash,1024,iter-count,quick_cache,5,487.102229
string24,ahash,1024,iter-count,lru,5,0.391694
string24,ahash,1024,iter-count,hashlink,5,0.399919
string24,ahash,1024,iter-count,baseline,6,268.940390
string24,ahash,1024,iter-count,quick_cache,6,488.293159
string24,ahash,1024,iter-count,lru,6,0.398361
string24,ahash,1024,iter-count,hashlink,6,0.401061
string24,ahash,1024,iter-count,micro,6,0.401716
string24,ahash,1024,iter-count,quick_cache,7,500.162793
string24,ahash,1024,iter-count,lru,7,0.407507
string24,ahash,1024,iter-count,hashlink,7,0.405907
string24,ahash,1024,iter-count,micro,7,0.398621
string24,ahash,1024,iter-count,baseline,7,265.354466
string24,ahash,1024,iter-count,lru,8,0.402681
string24,ahash,1024,iter-count,hashlink,8,0.402403
string24,ahash,1024,iter-count,micro,8,0.400863
string24,ahash,1024,iter-count,baseline,8,262.855937
string24,ahash,1024,iter-count,quick_cache,8,499.763965
string24,ahash,16384,get-hit,micro,0,10.500979
string24,ahash,16384,get-hit,baseline,0,10.614856
string24,ahash,16384,get-hit,quick_cache,0,10.860330
string24,ahash,16384,get-hit,lru,0,11.512001
string24,ahash,16384,get-hit,hashlink,0,11.366855
string24,ahash,16384,get-hit,baseline,1,10.813127
string24,ahash,16384,get-hit,quick_cache,1,10.845697
string24,ahash,16384,get-hit,lru,1,11.582667
string24,ahash,16384,get-hit,hashlink,1,11.403589
string24,ahash,16384,get-hit,micro,1,10.620380
string24,ahash,16384,get-hit,quick_cache,2,10.684661
string24,ahash,16384,get-hit,lru,2,11.813042
string24,ahash,16384,get-hit,hashlink,2,11.503242
string24,ahash,16384,get-hit,micro,2,9.382537
string24,ahash,16384,get-hit,baseline,2,9.449808
string24,ahash,16384,get-hit,lru,3,10.635462
string24,ahash,16384,get-hit,hashlink,3,10.413994
string24,ahash,16384,get-hit,micro,3,9.616453
string24,ahash,16384,get-hit,baseline,3,9.622654
string24,ahash,16384,get-hit,quick_cache,3,10.069718
string24,ahash,16384,get-hit,hashlink,4,10.856049
string24,ahash,16384,get-hit,micro,4,9.716055
string24,ahash,16384,get-hit,baseline,4,9.627739
string24,ahash,16384,get-hit,quick_cache,4,9.879656
string24,ahash,16384,get-hit,lru,4,10.565571
string24,ahash,16384,get-hit,micro,5,9.728084
string24,ahash,16384,get-hit,baseline,5,9.691592
string24,ahash,16384,get-hit,quick_cache,5,9.821653
string24,ahash,16384,get-hit,lru,5,10.629325
string24,ahash,16384,get-hit,hashlink,5,10.465030
string24,ahash,16384,get-hit,baseline,6,9.590309
string24,ahash,16384,get-hit,quick_cache,6,10.044620
string24,ahash,16384,get-hit,lru,6,10.539262
string24,ahash,16384,get-hit,hashlink,6,10.569342
string24,ahash,16384,get-hit,micro,6,9.773457
string24,ahash,16384,get-hit,quick_cache,7,9.921085
string24,ahash,16384,get-hit,lru,7,10.538648
string24,ahash,16384,get-hit,hashlink,7,10.458908
string24,ahash,16384,get-hit,micro,7,9.599686
string24,ahash,16384,get-hit,baseline,7,9.625118
string24,ahash,16384,get-hit,lru,8,10.542508
string24,ahash,16384,get-hit,hashlink,8,10.348476
string24,ahash,16384,get-hit,micro,8,9.691995
string24,ahash,16384,get-hit,baseline,8,9.692803
string24,ahash,16384,get-hit,quick_cache,8,9.875799
string24,ahash,16384,get-miss,micro,0,5.486352
string24,ahash,16384,get-miss,baseline,0,5.376493
string24,ahash,16384,get-miss,quick_cache,0,5.545814
string24,ahash,16384,get-miss,lru,0,5.591236
string24,ahash,16384,get-miss,hashlink,0,5.443291
string24,ahash,16384,get-miss,baseline,1,5.407283
string24,ahash,16384,get-miss,quick_cache,1,5.610195
string24,ahash,16384,get-miss,lru,1,5.493391
string24,ahash,16384,get-miss,hashlink,1,5.451611
string24,ahash,16384,get-miss,micro,1,5.457291
string24,ahash,16384,get-miss,quick_cache,2,5.699912
string24,ahash,16384,get-miss,lru,2,5.520245
string24,ahash,16384,get-miss,hashlink,2,5.439556
string24,ahash,16384,get-miss,micro,2,5.531883
string24,ahash,16384,get-miss,baseline,2,5.490075
string24,ahash,16384,get-miss,lru,3,5.498846
string24,ahash,16384,get-miss,hashlink,3,5.444822
string24,ahash,16384,get-miss,micro,3,5.609962
string24,ahash,16384,get-miss,baseline,3,5.561598
string24,ahash,16384,get-miss,quick_cache,3,5.649299
string24,ahash,16384,get-miss,hashlink,4,5.443202
string24,ahash,16384,get-miss,micro,4,5.471911
string24,ahash,16384,get-miss,baseline,4,5.597247
string24,ahash,16384,get-miss,quick_cache,4,5.620367
string24,ahash,16384,get-miss,lru,4,5.481992
string24,ahash,16384,get-miss,micro,5,6.015654
string24,ahash,16384,get-miss,baseline,5,5.802034
string24,ahash,16384,get-miss,quick_cache,5,5.651592
string24,ahash,16384,get-miss,lru,5,5.651631
string24,ahash,16384,get-miss,hashlink,5,5.842276
string24,ahash,16384,get-miss,baseline,6,5.587722
string24,ahash,16384,get-miss,quick_cache,6,5.872433
string24,ahash,16384,get-miss,lru,6,5.398533
string24,ahash,16384,get-miss,hashlink,6,5.417186
string24,ahash,16384,get-miss,micro,6,5.639452
string24,ahash,16384,get-miss,quick_cache,7,5.949002
string24,ahash,16384,get-miss,lru,7,5.909406
string24,ahash,16384,get-miss,hashlink,7,5.899087
string24,ahash,16384,get-miss,micro,7,5.921975
string24,ahash,16384,get-miss,baseline,7,5.975568
string24,ahash,16384,get-miss,lru,8,5.957792
string24,ahash,16384,get-miss,hashlink,8,5.856081
string24,ahash,16384,get-miss,micro,8,5.949150
string24,ahash,16384,get-miss,baseline,8,6.023233
string24,ahash,16384,get-miss,quick_cache,8,6.027820
string24,ahash,16384,update,micro,0,26.452382
string24,ahash,16384,update,baseline,0,26.202520
string24,ahash,16384,update,quick_cache,0,68.860650
string24,ahash,16384,update,lru,0,34.214444
string24,ahash,16384,update,hashlink,0,30.051578
string24,ahash,16384,update,baseline,1,26.473150
string24,ahash,16384,update,quick_cache,1,70.369005
string24,ahash,16384,update,lru,1,34.223199
string24,ahash,16384,update,hashlink,1,30.393328
string24,ahash,16384,update,micro,1,26.030436
string24,ahash,16384,update,quick_cache,2,70.238458
string24,ahash,16384,update,lru,2,34.343859
string24,ahash,16384,update,hashlink,2,30.179461
string24,ahash,16384,update,micro,2,26.341756
string24,ahash,16384,update,baseline,2,26.544545
string24,ahash,16384,update,lru,3,34.186184
string24,ahash,16384,update,hashlink,3,30.048433
string24,ahash,16384,update,micro,3,25.951385
string24,ahash,16384,update,baseline,3,26.046961
string24,ahash,16384,update,quick_cache,3,68.226562
string24,ahash,16384,update,hashlink,4,30.527995
string24,ahash,16384,update,micro,4,26.042089
string24,ahash,16384,update,baseline,4,26.140213
string24,ahash,16384,update,quick_cache,4,69.934991
string24,ahash,16384,update,lru,4,34.541938
string24,ahash,16384,update,micro,5,26.089350
string24,ahash,16384,update,baseline,5,26.439667
string24,ahash,16384,update,quick_cache,5,71.037001
string24,ahash,16384,update,lru,5,34.948561
string24,ahash,16384,update,hashlink,5,30.408831
string24,ahash,16384,update,baseline,6,26.138941
string24,ahash,16384,update,quick_cache,6,69.580078
string24,ahash,16384,update,lru,6,34.616828
string24,ahash,16384,update,hashlink,6,30.051583
string24,ahash,16384,update,micro,6,26.129827
string24,ahash,16384,update,quick_cache,7,71.096341
string24,ahash,16384,update,lru,7,34.371555
string24,ahash,16384,update,hashlink,7,30.051822
string24,ahash,16384,update,micro,7,26.170095
string24,ahash,16384,update,baseline,7,26.161830
string24,ahash,16384,update,lru,8,35.580953
string24,ahash,16384,update,hashlink,8,30.356271
string24,ahash,16384,update,micro,8,25.991440
string24,ahash,16384,update,baseline,8,26.756836
string24,ahash,16384,update,quick_cache,8,68.357680
string24,ahash,16384,insert-cycle,micro,0,45.119286
string24,ahash,16384,insert-cycle,baseline,0,45.356438
string24,ahash,16384,insert-cycle,quick_cache,0,36.121368
string24,ahash,16384,insert-cycle,lru,0,54.311961
string24,ahash,16384,insert-cycle,hashlink,0,51.108994
string24,ahash,16384,insert-cycle,baseline,1,45.263290
string24,ahash,16384,insert-cycle,quick_cache,1,36.343134
string24,ahash,16384,insert-cycle,lru,1,53.277761
string24,ahash,16384,insert-cycle,hashlink,1,50.719261
string24,ahash,16384,insert-cycle,micro,1,45.041397
string24,ahash,16384,insert-cycle,quick_cache,2,35.654956
string24,ahash,16384,insert-cycle,lru,2,53.537577
string24,ahash,16384,insert-cycle,hashlink,2,50.182030
string24,ahash,16384,insert-cycle,micro,2,44.838585
string24,ahash,16384,insert-cycle,baseline,2,45.603439
string24,ahash,16384,insert-cycle,lru,3,53.898712
string24,ahash,16384,insert-cycle,hashlink,3,49.243607
string24,ahash,16384,insert-cycle,micro,3,45.608200
string24,ahash,16384,insert-cycle,baseline,3,45.965836
string24,ahash,16384,insert-cycle,quick_cache,3,35.115814
string24,ahash,16384,insert-cycle,hashlink,4,50.416313
string24,ahash,16384,insert-cycle,micro,4,45.140900
string24,ahash,16384,insert-cycle,baseline,4,44.991806
string24,ahash,16384,insert-cycle,quick_cache,4,34.782159
string24,ahash,16384,insert-cycle,lru,4,54.157257
string24,ahash,16384,insert-cycle,micro,5,45.220055
string24,ahash,16384,insert-cycle,baseline,5,45.773193
string24,ahash,16384,insert-cycle,quick_cache,5,35.759479
string24,ahash,16384,insert-cycle,lru,5,54.342906
string24,ahash,16384,insert-cycle,hashlink,5,51.546733
string24,ahash,16384,insert-cycle,baseline,6,45.084000
string24,ahash,16384,insert-cycle,quick_cache,6,35.992175
string24,ahash,16384,insert-cycle,lru,6,53.744853
string24,ahash,16384,insert-cycle,hashlink,6,49.521767
string24,ahash,16384,insert-cycle,micro,6,45.492813
string24,ahash,16384,insert-cycle,quick_cache,7,34.909821
string24,ahash,16384,insert-cycle,lru,7,54.290771
string24,ahash,16384,insert-cycle,hashlink,7,49.332298
string24,ahash,16384,insert-cycle,micro,7,45.168236
string24,ahash,16384,insert-cycle,baseline,7,46.237946
string24,ahash,16384,insert-cycle,lru,8,53.496887
string24,ahash,16384,insert-cycle,hashlink,8,48.912369
string24,ahash,16384,insert-cycle,micro,8,45.041397
string24,ahash,16384,insert-cycle,baseline,8,45.541763
string24,ahash,16384,insert-cycle,quick_cache,8,34.522504
string24,ahash,16384,mixed-95,micro,0,12.843025
string24,ahash,16384,mixed-95,baseline,0,12.693546
string24,ahash,16384,mixed-95,quick_cache,0,13.646669
string24,ahash,16384,mixed-95,lru,0,13.609597
string24,ahash,16384,mixed-95,hashlink,0,13.217142
string24,ahash,16384,mixed-95,baseline,1,12.745750
string24,ahash,16384,mixed-95,quick_cache,1,16.010645
string24,ahash,16384,mixed-95,lru,1,13.646897
string24,ahash,16384,mixed-95,hashlink,1,13.033278
string24,ahash,16384,mixed-95,micro,1,13.026030
string24,ahash,16384,mixed-95,quick_cache,2,13.541512
string24,ahash,16384,mixed-95,lru,2,13.525810
string24,ahash,16384,mixed-95,hashlink,2,12.966052
string24,ahash,16384,mixed-95,micro,2,12.625247
string24,ahash,16384,mixed-95,baseline,2,12.669361
string24,ahash,16384,mixed-95,lru,3,13.624175
string24,ahash,16384,mixed-95,hashlink,3,12.901731
string24,ahash,16384,mixed-95,micro,3,12.635834
string24,ahash,16384,mixed-95,baseline,3,12.639467
string24,ahash,16384,mixed-95,quick_cache,3,13.784112
string24,ahash,16384,mixed-95,hashlink,4,12.988585
string24,ahash,16384,mixed-95,micro,4,12.689500
string24,ahash,16384,mixed-95,baseline,4,13.099074
string24,ahash,16384,mixed-95,quick_cache,4,13.645087
string24,ahash,16384,mixed-95,lru,4,13.512762
string24,ahash,16384,mixed-95,micro,5,12.751368
string24,ahash,16384,mixed-95,baseline,5,12.596181
string24,ahash,16384,mixed-95,quick_cache,5,13.535764
string24,ahash,16384,mixed-95,lru,5,16.581810
string24,ahash,16384,mixed-95,hashlink,5,12.802017
string24,ahash,16384,mixed-95,baseline,6,12.788562
string24,ahash,16384,mixed-95,quick_cache,6,14.268623
string24,ahash,16384,mixed-95,lru,6,14.329896
string24,ahash,16384,mixed-95,hashlink,6,14.040744
string24,ahash,16384,mixed-95,micro,6,12.980565
string24,ahash,16384,mixed-95,quick_cache,7,13.457809
string24,ahash,16384,mixed-95,lru,7,13.603833
string24,ahash,16384,mixed-95,hashlink,7,13.311746
string24,ahash,16384,mixed-95,micro,7,12.897067
string24,ahash,16384,mixed-95,baseline,7,12.681922
string24,ahash,16384,mixed-95,lru,8,13.763995
string24,ahash,16384,mixed-95,hashlink,8,13.323465
string24,ahash,16384,mixed-95,micro,8,12.549575
string24,ahash,16384,mixed-95,baseline,8,12.915293
string24,ahash,16384,mixed-95,quick_cache,8,13.465881
string24,ahash,16384,load-hit,micro,0,11.503337
string24,ahash,16384,load-hit,baseline,0,24.350093
string24,ahash,16384,load-hit,quick_cache,0,12.265117
string24,ahash,16384,load-hit,lru,0,12.084961
string24,ahash,16384,load-hit,hashlink,0,10.546803
string24,ahash,16384,load-hit,baseline,1,24.410931
string24,ahash,16384,load-hit,quick_cache,1,12.335815
string24,ahash,16384,load-hit,lru,1,11.873685
string24,ahash,16384,load-hit,hashlink,1,10.237459
string24,ahash,16384,load-hit,micro,1,11.392004
string24,ahash,16384,load-hit,quick_cache,2,12.913279
string24,ahash,16384,load-hit,lru,2,13.046698
string24,ahash,16384,load-hit,hashlink,2,11.339541
string24,ahash,16384,load-hit,micro,2,12.610715
string24,ahash,16384,load-hit,baseline,2,26.949235
string24,ahash,16384,load-hit,lru,3,13.147882
string24,ahash,16384,load-hit,hashlink,3,11.305191
string24,ahash,16384,load-hit,micro,3,12.885412
string24,ahash,16384,load-hit,baseline,3,27.514473
string24,ahash,16384,load-hit,quick_cache,3,13.562298
string24,ahash,16384,load-hit,hashlink,4,11.645142
string24,ahash,16384,load-hit,micro,4,12.717318
string24,ahash,16384,load-hit,baseline,4,27.278294
string24,ahash,16384,load-hit,quick_cache,4,13.546819
string24,ahash,16384,load-hit,lru,4,13.278575
string24,ahash,16384,load-hit,micro,5,12.784744
string24,ahash,16384,load-hit,baseline,5,27.238042
string24,ahash,16384,load-hit,quick_cache,5,13.523599
string24,ahash,16384,load-hit,lru,5,13.110006
string24,ahash,16384,load-hit,hashlink,5,11.294926
string24,ahash,16384,load-hit,baseline,6,27.135657
string24,ahash,16384,load-hit,quick_cache,6,13.914398
string24,ahash,16384,load-hit,lru,6,13.213571
string24,ahash,16384,load-hit,hashlink,6,11.401424
string24,ahash,16384,load-hit,micro,6,12.538365
string24,ahash,16384,load-hit,quick_cache,7,13.547926
string24,ahash,16384,load-hit,lru,7,13.092584
string24,ahash,16384,load-hit,hashlink,7,11.285494
string24,ahash,16384,load-hit,micro,7,12.779554
string24,ahash,16384,load-hit,baseline,7,27.693598
string24,ahash,16384,load-hit,lru,8,13.101131
string24,ahash,16384,load-hit,hashlink,8,11.368268
string24,ahash,16384,load-hit,micro,8,12.585178
string24,ahash,16384,load-hit,baseline,8,27.332695
string24,ahash,16384,load-hit,quick_cache,8,13.559424
string24,ahash,16384,load-cycle,micro,0,48.117317
string24,ahash,16384,load-cycle,baseline,0,47.100700
string24,ahash,16384,load-cycle,quick_cache,0,23.060573
string24,ahash,16384,load-cycle,lru,0,55.633545
string24,ahash,16384,load-cycle,hashlink,0,53.092957
string24,ahash,16384,load-cycle,baseline,1,47.181129
string24,ahash,16384,load-cycle,quick_cache,1,23.544678
string24,ahash,16384,load-cycle,lru,1,54.907064
string24,ahash,16384,load-cycle,hashlink,1,54.620524
string24,ahash,16384,load-cycle,micro,1,47.950111
string24,ahash,16384,load-cycle,quick_cache,2,22.458758
string24,ahash,16384,load-cycle,lru,2,58.067322
string24,ahash,16384,load-cycle,hashlink,2,59.034139
string24,ahash,16384,load-cycle,micro,2,49.868896
string24,ahash,16384,load-cycle,baseline,2,48.041656
string24,ahash,16384,load-cycle,lru,3,57.141195
string24,ahash,16384,load-cycle,hashlink,3,55.896759
string24,ahash,16384,load-cycle,micro,3,48.950195
string24,ahash,16384,load-cycle,baseline,3,48.024178
string24,ahash,16384,load-cycle,quick_cache,3,22.499629
string24,ahash,16384,load-cycle,hashlink,4,56.186676
string24,ahash,16384,load-cycle,micro,4,48.079491
string24,ahash,16384,load-cycle,baseline,4,48.879944
string24,ahash,16384,load-cycle,quick_cache,4,22.636414
string24,ahash,16384,load-cycle,lru,4,57.321757
string24,ahash,16384,load-cycle,micro,5,47.783218
string24,ahash,16384,load-cycle,baseline,5,48.320770
string24,ahash,16384,load-cycle,quick_cache,5,22.598628
string24,ahash,16384,load-cycle,lru,5,58.531443
string24,ahash,16384,load-cycle,hashlink,5,56.863576
string24,ahash,16384,load-cycle,baseline,6,48.189796
string24,ahash,16384,load-cycle,quick_cache,6,22.377380
string24,ahash,16384,load-cycle,lru,6,56.776683
string24,ahash,16384,load-cycle,hashlink,6,57.298024
string24,ahash,16384,load-cycle,micro,6,48.983887
string24,ahash,16384,load-cycle,quick_cache,7,22.321067
string24,ahash,16384,load-cycle,lru,7,57.170024
string24,ahash,16384,load-cycle,hashlink,7,56.272288
string24,ahash,16384,load-cycle,micro,7,48.193932
string24,ahash,16384,load-cycle,baseline,7,48.286438
string24,ahash,16384,load-cycle,lru,8,57.172567
string24,ahash,16384,load-cycle,hashlink,8,56.702504
string24,ahash,16384,load-cycle,micro,8,47.973312
string24,ahash,16384,load-cycle,baseline,8,47.574997
string24,ahash,16384,load-cycle,quick_cache,8,23.341588
string24,ahash,16384,clear-refill,micro,0,390307.692308
string24,ahash,16384,clear-refill,baseline,0,391240.384615
string24,ahash,16384,clear-refill,quick_cache,0,485068.181818
string24,ahash,16384,clear-refill,lru,0,894805.500000
string24,ahash,16384,clear-refill,hashlink,0,595560.222222
string24,ahash,16384,clear-refill,baseline,1,391858.923077
string24,ahash,16384,clear-refill,quick_cache,1,487893.909091
string24,ahash,16384,clear-refill,lru,1,888041.666667
string24,ahash,16384,clear-refill,hashlink,1,570310.222222
string24,ahash,16384,clear-refill,micro,1,374836.285714
string24,ahash,16384,clear-refill,quick_cache,2,474988.636364
string24,ahash,16384,clear-refill,lru,2,884305.500000
string24,ahash,16384,clear-refill,hashlink,2,577893.555556
string24,ahash,16384,clear-refill,micro,2,387259.615385
string24,ahash,16384,clear-refill,baseline,2,391878.230769
string24,ahash,16384,clear-refill,lru,3,885562.500000
string24,ahash,16384,clear-refill,hashlink,3,564250.000000
string24,ahash,16384,clear-refill,micro,3,377764.928571
string24,ahash,16384,clear-refill,baseline,3,393724.384615
string24,ahash,16384,clear-refill,quick_cache,3,491473.454545
string24,ahash,16384,clear-refill,hashlink,4,587222.222222
string24,ahash,16384,clear-refill,micro,4,381791.642857
string24,ahash,16384,clear-refill,baseline,4,399913.461538
string24,ahash,16384,clear-refill,quick_cache,4,493049.181818
string24,ahash,16384,clear-refill,lru,4,906729.166667
string24,ahash,16384,clear-refill,micro,5,386708.307692
string24,ahash,16384,clear-refill,baseline,5,407855.769231
string24,ahash,16384,clear-refill,quick_cache,5,492007.636364
string24,ahash,16384,clear-refill,lru,5,925048.666667
string24,ahash,16384,clear-refill,hashlink,5,588009.222222
string24,ahash,16384,clear-refill,baseline,6,398371.769231
string24,ahash,16384,clear-refill,quick_cache,6,503170.800000
string24,ahash,16384,clear-refill,lru,6,934694.500000
string24,ahash,16384,clear-refill,hashlink,6,599939.777778
string24,ahash,16384,clear-refill,micro,6,381767.857143
string24,ahash,16384,clear-refill,quick_cache,7,485575.727273
string24,ahash,16384,clear-refill,lru,7,903680.500000
string24,ahash,16384,clear-refill,hashlink,7,588963.000000
string24,ahash,16384,clear-refill,micro,7,386769.230769
string24,ahash,16384,clear-refill,baseline,7,395968.000000
string24,ahash,16384,clear-refill,lru,8,910423.666667
string24,ahash,16384,clear-refill,hashlink,8,578375.000000
string24,ahash,16384,clear-refill,micro,8,377196.428571
string24,ahash,16384,clear-refill,baseline,8,388641.076923
string24,ahash,16384,clear-refill,quick_cache,8,490253.818182
string24,ahash,16384,clear-empty,micro,0,0.367011
string24,ahash,16384,clear-empty,baseline,0,324.896516
string24,ahash,16384,clear-empty,quick_cache,0,3.973871
string24,ahash,16384,clear-empty,lru,0,2.141638
string24,ahash,16384,clear-empty,hashlink,0,0.640264
string24,ahash,16384,clear-empty,baseline,1,325.045914
string24,ahash,16384,clear-empty,quick_cache,1,4.018977
string24,ahash,16384,clear-empty,lru,1,2.181019
string24,ahash,16384,clear-empty,hashlink,1,0.638407
string24,ahash,16384,clear-empty,micro,1,0.371677
string24,ahash,16384,clear-empty,quick_cache,2,3.960834
string24,ahash,16384,clear-empty,lru,2,2.142325
string24,ahash,16384,clear-empty,hashlink,2,0.640595
string24,ahash,16384,clear-empty,micro,2,0.370760
string24,ahash,16384,clear-empty,baseline,2,335.937500
string24,ahash,16384,clear-empty,lru,3,2.152969
string24,ahash,16384,clear-empty,hashlink,3,0.640590
string24,ahash,16384,clear-empty,micro,3,0.368212
string24,ahash,16384,clear-empty,baseline,3,325.995573
string24,ahash,16384,clear-empty,quick_cache,3,3.974746
string24,ahash,16384,clear-empty,hashlink,4,0.647685
string24,ahash,16384,clear-empty,micro,4,0.370415
string24,ahash,16384,clear-empty,baseline,4,326.860872
string24,ahash,16384,clear-empty,quick_cache,4,3.980681
string24,ahash,16384,clear-empty,lru,4,2.148416
string24,ahash,16384,clear-empty,micro,5,0.370254
string24,ahash,16384,clear-empty,baseline,5,316.070249
string24,ahash,16384,clear-empty,quick_cache,5,3.973871
string24,ahash,16384,clear-empty,lru,5,2.175171
string24,ahash,16384,clear-empty,hashlink,5,0.606646
string24,ahash,16384,clear-empty,baseline,6,312.983073
string24,ahash,16384,clear-empty,quick_cache,6,3.952325
string24,ahash,16384,clear-empty,lru,6,2.150161
string24,ahash,16384,clear-empty,hashlink,6,0.640395
string24,ahash,16384,clear-empty,micro,6,0.369899
string24,ahash,16384,clear-empty,quick_cache,7,4.063187
string24,ahash,16384,clear-empty,lru,7,2.145455
string24,ahash,16384,clear-empty,hashlink,7,0.636332
string24,ahash,16384,clear-empty,micro,7,0.366076
string24,ahash,16384,clear-empty,baseline,7,320.071006
string24,ahash,16384,clear-empty,lru,8,2.155875
string24,ahash,16384,clear-empty,hashlink,8,0.648733
string24,ahash,16384,clear-empty,micro,8,0.370566
string24,ahash,16384,clear-empty,baseline,8,336.627185
string24,ahash,16384,clear-empty,quick_cache,8,3.969291
string24,ahash,16384,iter-dense,micro,0,6000.289352
string24,ahash,16384,iter-dense,baseline,0,6091.596154
string24,ahash,16384,iter-dense,quick_cache,0,6902.173913
string24,ahash,16384,iter-dense,lru,0,26109.156250
string24,ahash,16384,iter-dense,hashlink,0,25399.183036
string24,ahash,16384,iter-dense,baseline,1,6065.805288
string24,ahash,16384,iter-dense,quick_cache,1,6907.892663
string24,ahash,16384,iter-dense,lru,1,25793.714286
string24,ahash,16384,iter-dense,hashlink,1,24215.031250
string24,ahash,16384,iter-dense,micro,1,6004.870370
string24,ahash,16384,iter-dense,quick_cache,2,6974.241848
string24,ahash,16384,iter-dense,lru,2,26285.369792
string24,ahash,16384,iter-dense,hashlink,2,24094.308036
string24,ahash,16384,iter-dense,micro,2,6001.157407
string24,ahash,16384,iter-dense,baseline,2,6063.001202
string24,ahash,16384,iter-dense,lru,3,25706.660714
string24,ahash,16384,iter-dense,hashlink,3,24377.602679
string24,ahash,16384,iter-dense,micro,3,6094.801683
string24,ahash,16384,iter-dense,baseline,3,6066.355769
string24,ahash,16384,iter-dense,quick_cache,3,6941.236413
string24,ahash,16384,iter-dense,hashlink,4,25699.589286
string24,ahash,16384,iter-dense,micro,4,6006.123843
string24,ahash,16384,iter-dense,baseline,4,6059.795673
string24,ahash,16384,iter-dense,quick_cache,4,6934.896739
string24,ahash,16384,iter-dense,lru,4,25305.245536
string24,ahash,16384,iter-dense,micro,5,6014.022837
string24,ahash,16384,iter-dense,baseline,5,6068.409856
string24,ahash,16384,iter-dense,quick_cache,5,6932.687500
string24,ahash,16384,iter-dense,lru,5,25942.334821
string24,ahash,16384,iter-dense,hashlink,5,24565.290179
string24,ahash,16384,iter-dense,baseline,6,6175.180288
string24,ahash,16384,iter-dense,quick_cache,6,6874.547554
string24,ahash,16384,iter-dense,lru,6,26123.697917
string24,ahash,16384,iter-dense,hashlink,6,24210.196429
string24,ahash,16384,iter-dense,micro,6,6004.436343
string24,ahash,16384,iter-dense,quick_cache,7,6918.138587
string24,ahash,16384,iter-dense,lru,7,26340.062500
string24,ahash,16384,iter-dense,hashlink,7,23870.348214
string24,ahash,16384,iter-dense,micro,7,6003.472222
string24,ahash,16384,iter-dense,baseline,7,6015.824519
string24,ahash,16384,iter-dense,lru,8,24685.455357
string24,ahash,16384,iter-dense,hashlink,8,25910.901786
string24,ahash,16384,iter-dense,micro,8,6170.573317
string24,ahash,16384,iter-dense,baseline,8,6151.692308
string24,ahash,16384,iter-dense,quick_cache,8,6950.917120
string24,ahash,16384,iter-dense-for,micro,0,6031.500000
string24,ahash,16384,iter-dense-for,baseline,0,6047.626202
string24,ahash,16384,iter-dense-for,quick_cache,0,8083.332812
string24,ahash,16384,iter-dense-for,lru,0,22428.200893
string24,ahash,16384,iter-dense-for,hashlink,0,21841.148438
string24,ahash,16384,iter-dense-for,baseline,1,6109.675481
string24,ahash,16384,iter-dense-for,quick_cache,1,8225.717188
string24,ahash,16384,iter-dense-for,lru,1,23509.299107
string24,ahash,16384,iter-dense-for,hashlink,1,21341.472656
string24,ahash,16384,iter-dense-for,micro,1,6085.888221
string24,ahash,16384,iter-dense-for,quick_cache,2,8224.300987
string24,ahash,16384,iter-dense-for,lru,2,24189.549107
string24,ahash,16384,iter-dense-for,hashlink,2,21422.363281
string24,ahash,16384,iter-dense-for,micro,2,6123.798077
string24,ahash,16384,iter-dense-for,baseline,2,6070.212740
string24,ahash,16384,iter-dense-for,lru,3,22755.392857
string24,ahash,16384,iter-dense-for,hashlink,3,21848.308594
string24,ahash,16384,iter-dense-for,micro,3,6182.641827
string24,ahash,16384,iter-dense-for,baseline,3,6114.233173
string24,ahash,16384,iter-dense-for,quick_cache,3,8116.276563
string24,ahash,16384,iter-dense-for,hashlink,4,25036.459821
string24,ahash,16384,iter-dense-for,micro,4,6080.878606
string24,ahash,16384,iter-dense-for,baseline,4,6047.075721
string24,ahash,16384,iter-dense-for,quick_cache,4,8122.917188
string24,ahash,16384,iter-dense-for,lru,4,22995.906250
string24,ahash,16384,iter-dense-for,micro,5,6079.326923
string24,ahash,16384,iter-dense-for,baseline,5,6124.800481
string24,ahash,16384,iter-dense-for,quick_cache,5,8150.325000
string24,ahash,16384,iter-dense-for,lru,5,25007.066964
string24,ahash,16384,iter-dense-for,hashlink,5,22632.254464
string24,ahash,16384,iter-dense-for,baseline,6,6170.823317
string24,ahash,16384,iter-dense-for,quick_cache,6,6990.036685
string24,ahash,16384,iter-dense-for,lru,6,25130.209821
string24,ahash,16384,iter-dense-for,hashlink,6,22597.473214
string24,ahash,16384,iter-dense-for,micro,6,6102.463942
string24,ahash,16384,iter-dense-for,quick_cache,7,6959.182065
string24,ahash,16384,iter-dense-for,lru,7,26047.744792
string24,ahash,16384,iter-dense-for,hashlink,7,23342.263393
string24,ahash,16384,iter-dense-for,micro,7,6084.635817
string24,ahash,16384,iter-dense-for,baseline,7,6088.391827
string24,ahash,16384,iter-dense-for,lru,8,25112.910714
string24,ahash,16384,iter-dense-for,hashlink,8,23249.812500
string24,ahash,16384,iter-dense-for,micro,8,6160.706731
string24,ahash,16384,iter-dense-for,baseline,8,6124.750000
string24,ahash,16384,iter-dense-for,quick_cache,8,7021.626359
string24,ahash,16384,iter-density-1pct,micro,0,346.296598
string24,ahash,16384,iter-density-1pct,baseline,0,6565.645833
string24,ahash,16384,iter-density-1pct,quick_cache,0,7041.270380
string24,ahash,16384,iter-density-1pct,lru,0,182.694765
string24,ahash,16384,iter-density-1pct,hashlink,0,185.487433
string24,ahash,16384,iter-density-1pct,baseline,1,6690.266927
string24,ahash,16384,iter-density-1pct,quick_cache,1,6849.751359
string24,ahash,16384,iter-density-1pct,lru,1,180.888636
string24,ahash,16384,iter-density-1pct,hashlink,1,180.321259
string24,ahash,16384,iter-density-1pct,micro,1,335.212527
string24,ahash,16384,iter-density-1pct,quick_cache,2,6875.452446
string24,ahash,16384,iter-density-1pct,lru,2,180.918764
string24,ahash,16384,iter-density-1pct,hashlink,2,178.954519
string24,ahash,16384,iter-density-1pct,micro,2,342.742050
string24,ahash,16384,iter-density-1pct,baseline,2,6565.863281
string24,ahash,16384,iter-density-1pct,lru,3,180.673483
string24,ahash,16384,iter-density-1pct,hashlink,3,178.967928
string24,ahash,16384,iter-density-1pct,micro,3,333.541511
string24,ahash,16384,iter-density-1pct,baseline,3,6645.507812
string24,ahash,16384,iter-density-1pct,quick_cache,3,7099.354620
string24,ahash,16384,iter-density-1pct,hashlink,4,181.403495
string24,ahash,16384,iter-density-1pct,micro,4,330.237474
string24,ahash,16384,iter-density-1pct,baseline,4,6538.248698
string24,ahash,16384,iter-density-1pct,quick_cache,4,6964.788043
string24,ahash,16384,iter-density-1pct,lru,4,182.602001
string24,ahash,16384,iter-density-1pct,micro,5,339.979620
string24,ahash,16384,iter-density-1pct,baseline,5,6569.770833
string24,ahash,16384,iter-density-1pct,quick_cache,5,6836.277174
string24,ahash,16384,iter-density-1pct,lru,5,181.400450
string24,ahash,16384,iter-density-1pct,hashlink,5,193.086111
string24,ahash,16384,iter-density-1pct,baseline,6,6755.641927
string24,ahash,16384,iter-density-1pct,quick_cache,6,9486.825368
string24,ahash,16384,iter-density-1pct,lru,6,199.879755
string24,ahash,16384,iter-density-1pct,hashlink,6,186.236682
string24,ahash,16384,iter-density-1pct,micro,6,341.717249
string24,ahash,16384,iter-density-1pct,quick_cache,7,7032.721467
string24,ahash,16384,iter-density-1pct,lru,7,182.941923
string24,ahash,16384,iter-density-1pct,hashlink,7,183.320523
string24,ahash,16384,iter-density-1pct,micro,7,346.582248
string24,ahash,16384,iter-density-1pct,baseline,7,6580.078125
string24,ahash,16384,iter-density-1pct,lru,8,182.557864
string24,ahash,16384,iter-density-1pct,hashlink,8,180.390355
string24,ahash,16384,iter-density-1pct,micro,8,335.215404
string24,ahash,16384,iter-density-1pct,baseline,8,6546.386719
string24,ahash,16384,iter-density-1pct,quick_cache,8,6886.209239
string24,ahash,16384,iter-density-6pct,micro,0,6242.688702
string24,ahash,16384,iter-density-6pct,baseline,0,5616.350446
string24,ahash,16384,iter-density-6pct,quick_cache,0,6672.959635
string24,ahash,16384,iter-density-6pct,lru,0,1305.230208
string24,ahash,16384,iter-density-6pct,hashlink,0,1286.757172
string24,ahash,16384,iter-density-6pct,baseline,1,5606.863839
string24,ahash,16384,iter-density-6pct,quick_cache,1,6452.500000
string24,ahash,16384,iter-density-6pct,lru,1,1335.639566
string24,ahash,16384,iter-density-6pct,hashlink,1,1262.548387
string24,ahash,16384,iter-density-6pct,micro,1,6177.082933
string24,ahash,16384,iter-density-6pct,quick_cache,2,6583.225260
string24,ahash,16384,iter-density-6pct,lru,2,1315.290179
string24,ahash,16384,iter-density-6pct,hashlink,2,1301.254649
string24,ahash,16384,iter-density-6pct,micro,2,6224.609375
string24,ahash,16384,iter-density-6pct,baseline,2,5652.204241
string24,ahash,16384,iter-density-6pct,lru,3,1337.417735
string24,ahash,16384,iter-density-6pct,hashlink,3,1291.989669
string24,ahash,16384,iter-density-6pct,micro,3,6088.591346
string24,ahash,16384,iter-density-6pct,baseline,3,5660.016741
string24,ahash,16384,iter-density-6pct,quick_cache,3,6583.441406
string24,ahash,16384,iter-density-6pct,hashlink,4,1344.851763
string24,ahash,16384,iter-density-6pct,micro,4,6225.661058
string24,ahash,16384,iter-density-6pct,baseline,4,5670.619420
string24,ahash,16384,iter-density-6pct,quick_cache,4,6641.819010
string24,ahash,16384,iter-density-6pct,lru,4,1345.074252
string24,ahash,16384,iter-density-6pct,micro,5,6133.563702
string24,ahash,16384,iter-density-6pct,baseline,5,5684.755580
string24,ahash,16384,iter-density-6pct,quick_cache,5,6756.673177
string24,ahash,16384,iter-density-6pct,lru,5,1328.654661
string24,ahash,16384,iter-density-6pct,hashlink,5,1306.760156
string24,ahash,16384,iter-density-6pct,baseline,6,5645.880580
string24,ahash,16384,iter-density-6pct,quick_cache,6,6574.923177
string24,ahash,16384,iter-density-6pct,lru,6,1323.343225
string24,ahash,16384,iter-density-6pct,hashlink,6,1312.575781
string24,ahash,16384,iter-density-6pct,micro,6,6196.314904
string24,ahash,16384,iter-density-6pct,quick_cache,7,6586.208333
string24,ahash,16384,iter-density-6pct,lru,7,1325.774629
string24,ahash,16384,iter-density-6pct,hashlink,7,1307.866667
string24,ahash,16384,iter-density-6pct,micro,7,6093.049279
string24,ahash,16384,iter-density-6pct,baseline,7,5605.887277
string24,ahash,16384,iter-density-6pct,lru,8,1367.697011
string24,ahash,16384,iter-density-6pct,hashlink,8,1296.455320
string24,ahash,16384,iter-density-6pct,micro,8,6142.377404
string24,ahash,16384,iter-density-6pct,baseline,8,5619.419643
string24,ahash,16384,iter-density-6pct,quick_cache,8,6565.266927
string24,ahash,16384,iter-density-quarter,micro,0,6200.120192
string24,ahash,16384,iter-density-quarter,baseline,0,5916.569444
string24,ahash,16384,iter-density-quarter,quick_cache,0,6959.466033
string24,ahash,16384,iter-density-quarter,lru,0,11043.229167
string24,ahash,16384,iter-density-quarter,hashlink,0,9217.678309
string24,ahash,16384,iter-density-quarter,baseline,1,5871.189815
string24,ahash,16384,iter-density-quarter,quick_cache,1,6913.665761
string24,ahash,16384,iter-density-quarter,lru,1,10931.335417
string24,ahash,16384,iter-density-quarter,hashlink,1,9486.443015
string24,ahash,16384,iter-density-quarter,micro,1,6064.802885
string24,ahash,16384,iter-density-quarter,quick_cache,2,6737.033854
string24,ahash,16384,iter-density-quarter,lru,2,9517.615809
string24,ahash,16384,iter-density-quarter,hashlink,2,8199.739063
string24,ahash,16384,iter-density-quarter,micro,2,6080.228365
string24,ahash,16384,iter-density-quarter,baseline,2,5878.327546
string24,ahash,16384,iter-density-quarter,lru,3,9774.204044
string24,ahash,16384,iter-density-quarter,hashlink,3,8559.552632
string24,ahash,16384,iter-density-quarter,micro,3,6079.076923
string24,ahash,16384,iter-density-quarter,baseline,3,5916.762731
string24,ahash,16384,iter-density-quarter,quick_cache,3,7085.372283
string24,ahash,16384,iter-density-quarter,hashlink,4,9214.384191
string24,ahash,16384,iter-density-quarter,micro,4,6215.745192
string24,ahash,16384,iter-density-quarter,baseline,4,6035.006010
string24,ahash,16384,iter-density-quarter,quick_cache,4,6989.697011
string24,ahash,16384,iter-density-quarter,lru,4,10745.487500
string24,ahash,16384,iter-density-quarter,micro,5,6000.771991
string24,ahash,16384,iter-density-quarter,baseline,5,5892.265046
string24,ahash,16384,iter-density-quarter,quick_cache,5,6952.842391
string24,ahash,16384,iter-density-quarter,lru,5,10311.605469
string24,ahash,16384,iter-density-quarter,hashlink,5,9504.825368
string24,ahash,16384,iter-density-quarter,baseline,6,5908.420139
string24,ahash,16384,iter-density-quarter,quick_cache,6,6869.168478
string24,ahash,16384,iter-density-quarter,lru,6,11815.941964
string24,ahash,16384,iter-density-quarter,hashlink,6,9097.005208
string24,ahash,16384,iter-density-quarter,micro,6,6191.056490
string24,ahash,16384,iter-density-quarter,quick_cache,7,6945.822011
string24,ahash,16384,iter-density-quarter,lru,7,9837.158203
string24,ahash,16384,iter-density-quarter,hashlink,7,9287.608456
string24,ahash,16384,iter-density-quarter,micro,7,6016.926683
string24,ahash,16384,iter-density-quarter,baseline,7,5927.806713
string24,ahash,16384,iter-density-quarter,lru,8,10501.389583
string24,ahash,16384,iter-density-quarter,hashlink,8,8823.928819
string24,ahash,16384,iter-density-quarter,micro,8,6063.050481
string24,ahash,16384,iter-density-quarter,baseline,8,5910.928241
string24,ahash,16384,iter-density-quarter,quick_cache,8,6874.207880
string24,ahash,16384,iter-density-half,micro,0,6015.074519
string24,ahash,16384,iter-density-half,baseline,0,5978.153935
string24,ahash,16384,iter-density-half,quick_cache,0,6956.069293
string24,ahash,16384,iter-density-half,lru,0,19546.546875
string24,ahash,16384,iter-density-half,hashlink,0,14222.775568
string24,ahash,16384,iter-density-half,baseline,1,5972.656250
string24,ahash,16384,iter-density-half,quick_cache,1,6845.165761
string24,ahash,16384,iter-density-half,lru,1,18313.222222
string24,ahash,16384,iter-density-half,hashlink,1,15082.505682
string24,ahash,16384,iter-density-half,micro,1,6297.396250
string24,ahash,16384,iter-density-half,quick_cache,2,6887.228261
string24,ahash,16384,iter-density-half,lru,2,18223.232639
string24,ahash,16384,iter-density-half,hashlink,2,14474.076705
string24,ahash,16384,iter-density-half,micro,2,6009.615385
string24,ahash,16384,iter-density-half,baseline,2,5979.407407
string24,ahash,16384,iter-density-half,lru,3,17889.611111
string24,ahash,16384,iter-density-half,hashlink,3,16174.871875
string24,ahash,16384,iter-density-half,micro,3,6015.324519
string24,ahash,16384,iter-density-half,baseline,3,5987.123843
string24,ahash,16384,iter-density-half,quick_cache,3,6883.322011
string24,ahash,16384,iter-density-half,hashlink,4,15908.203125
string24,ahash,16384,iter-density-half,micro,4,5999.951389
string24,ahash,16384,iter-density-half,baseline,4,6003.616898
string24,ahash,16384,iter-density-half,quick_cache,4,7049.932065
string24,ahash,16384,iter-density-half,lru,4,14629.497159
string24,ahash,16384,iter-density-half,micro,5,6011.067308
string24,ahash,16384,iter-density-half,baseline,5,5954.571759
string24,ahash,16384,iter-density-half,quick_cache,5,6837.975543
string24,ahash,16384,iter-density-half,lru,5,17920.572917
string24,ahash,16384,iter-density-half,hashlink,5,16389.062500
string24,ahash,16384,iter-density-half,baseline,6,5996.093750
string24,ahash,16384,iter-density-half,quick_cache,6,6932.519022
string24,ahash,16384,iter-density-half,lru,6,17810.763889
string24,ahash,16384,iter-density-half,hashlink,6,14998.463068
string24,ahash,16384,iter-density-half,micro,6,6031.099760
string24,ahash,16384,iter-density-half,quick_cache,7,6968.750000
string24,ahash,16384,iter-density-half,lru,7,19591.796875
string24,ahash,16384,iter-density-half,hashlink,7,15291.548295
string24,ahash,16384,iter-density-half,micro,7,6256.406250
string24,ahash,16384,iter-density-half,baseline,7,6226.962740
string24,ahash,16384,iter-density-half,lru,8,17816.982639
string24,ahash,16384,iter-density-half,hashlink,8,14573.980114
string24,ahash,16384,iter-density-half,micro,8,6135.366587
string24,ahash,16384,iter-density-half,baseline,8,6032.301683
string24,ahash,16384,iter-density-half,quick_cache,8,6952.105978
string24,ahash,16384,iter-front,micro,0,1.227444
string24,ahash,16384,iter-front,baseline,0,5793.209491
string24,ahash,16384,iter-front,quick_cache,0,7030.796196
string24,ahash,16384,iter-front,lru,0,1.191111
string24,ahash,16384,iter-front,hashlink,0,1.167325
string24,ahash,16384,iter-front,baseline,1,5510.282328
string24,ahash,16384,iter-front,quick_cache,1,6976.959239
string24,ahash,16384,iter-front,lru,1,1.180671
string24,ahash,16384,iter-front,hashlink,1,1.164177
string24,ahash,16384,iter-front,micro,1,1.195824
string24,ahash,16384,iter-front,quick_cache,2,7054.574728
string24,ahash,16384,iter-front,lru,2,1.198576
string24,ahash,16384,iter-front,hashlink,2,1.194453
string24,ahash,16384,iter-front,micro,2,1.194307
string24,ahash,16384,iter-front,baseline,2,5485.452586
string24,ahash,16384,iter-front,lru,3,1.187427
string24,ahash,16384,iter-front,hashlink,3,1.192038
string24,ahash,16384,iter-front,micro,3,1.205326
string24,ahash,16384,iter-front,baseline,3,5552.667026
string24,ahash,16384,iter-front,quick_cache,3,7072.520380
string24,ahash,16384,iter-front,hashlink,4,1.158214
string24,ahash,16384,iter-front,micro,4,1.198429
string24,ahash,16384,iter-front,baseline,4,5651.367188
string24,ahash,16384,iter-front,quick_cache,4,7003.169837
string24,ahash,16384,iter-front,lru,4,1.220970
string24,ahash,16384,iter-front,micro,5,1.211137
string24,ahash,16384,iter-front,baseline,5,5620.071429
string24,ahash,16384,iter-front,quick_cache,5,7053.498641
string24,ahash,16384,iter-front,lru,5,1.210809
string24,ahash,16384,iter-front,hashlink,5,1.201969
string24,ahash,16384,iter-front,baseline,6,5507.812500
string24,ahash,16384,iter-front,quick_cache,6,6935.179348
string24,ahash,16384,iter-front,lru,6,1.183138
string24,ahash,16384,iter-front,hashlink,6,1.157956
string24,ahash,16384,iter-front,micro,6,1.245606
string24,ahash,16384,iter-front,quick_cache,7,7109.671875
string24,ahash,16384,iter-front,lru,7,1.197841
string24,ahash,16384,iter-front,hashlink,7,1.216095
string24,ahash,16384,iter-front,micro,7,1.220694
string24,ahash,16384,iter-front,baseline,7,5438.173491
string24,ahash,16384,iter-front,lru,8,1.184717
string24,ahash,16384,iter-front,hashlink,8,1.181689
string24,ahash,16384,iter-front,micro,8,1.197144
string24,ahash,16384,iter-front,baseline,8,5566.227371
string24,ahash,16384,iter-front,quick_cache,8,7103.930398
string24,ahash,16384,iter-back,micro,0,1.256696
string24,ahash,16384,iter-back,baseline,0,5595.052455
string24,ahash,16384,iter-back,quick_cache,0,7071.444293
string24,ahash,16384,iter-back,lru,0,1.197786
string24,ahash,16384,iter-back,hashlink,0,1.210236
string24,ahash,16384,iter-back,baseline,1,5738.514509
string24,ahash,16384,iter-back,quick_cache,1,7079.653533
string24,ahash,16384,iter-back,lru,1,1.198769
string24,ahash,16384,iter-back,hashlink,1,1.214894
string24,ahash,16384,iter-back,micro,1,1.218514
string24,ahash,16384,iter-back,quick_cache,2,7083.050272
string24,ahash,16384,iter-back,lru,2,1.187698
string24,ahash,16384,iter-back,hashlink,2,1.177876
string24,ahash,16384,iter-back,micro,2,1.227579
string24,ahash,16384,iter-back,baseline,2,5459.096983
string24,ahash,16384,iter-back,lru,3,1.198586
string24,ahash,16384,iter-back,hashlink,3,1.190095
string24,ahash,16384,iter-back,micro,3,1.220427
string24,ahash,16384,iter-back,baseline,3,5573.949353
string24,ahash,16384,iter-back,quick_cache,3,6998.698370
string24,ahash,16384,iter-back,hashlink,4,1.179165
string24,ahash,16384,iter-back,micro,4,1.212820
string24,ahash,16384,iter-back,baseline,4,5765.811384
string24,ahash,16384,iter-back,quick_cache,4,6943.953804
string24,ahash,16384,iter-back,lru,4,1.181653
string24,ahash,16384,iter-back,micro,5,1.218295
string24,ahash,16384,iter-back,baseline,5,5521.595905
string24,ahash,16384,iter-back,quick_cache,5,7066.180707
string24,ahash,16384,iter-back,lru,5,1.182852
string24,ahash,16384,iter-back,hashlink,5,1.168303
string24,ahash,16384,iter-back,baseline,6,5574.038793
string24,ahash,16384,iter-back,quick_cache,6,6969.372283
string24,ahash,16384,iter-back,lru,6,1.185724
string24,ahash,16384,iter-back,hashlink,6,1.206238
string24,ahash,16384,iter-back,micro,6,1.214876
string24,ahash,16384,iter-back,quick_cache,7,7096.014946
string24,ahash,16384,iter-back,lru,7,1.186165
string24,ahash,16384,iter-back,hashlink,7,1.148433
string24,ahash,16384,iter-back,micro,7,1.207748
string24,ahash,16384,iter-back,baseline,7,5736.839286
string24,ahash,16384,iter-back,lru,8,1.193842
string24,ahash,16384,iter-back,hashlink,8,1.164463
string24,ahash,16384,iter-back,micro,8,1.214715
string24,ahash,16384,iter-back,baseline,8,5586.030134
string24,ahash,16384,iter-back,quick_cache,8,7018.682065
string24,ahash,16384,iter-empty,micro,0,0.790247
string24,ahash,16384,iter-empty,baseline,0,5635.789062
string24,ahash,16384,iter-empty,quick_cache,0,7182.765625
string24,ahash,16384,iter-empty,lru,0,0.984314
string24,ahash,16384,iter-empty,hashlink,0,0.989676
string24,ahash,16384,iter-empty,baseline,1,5522.764009
string24,ahash,16384,iter-empty,quick_cache,1,7066.293478
string24,ahash,16384,iter-empty,lru,1,0.982692
string24,ahash,16384,iter-empty,hashlink,1,0.988655
string24,ahash,16384,iter-empty,micro,1,0.805147
string24,ahash,16384,iter-empty,quick_cache,2,7126.302557
string24,ahash,16384,iter-empty,lru,2,0.984593
string24,ahash,16384,iter-empty,hashlink,2,0.994083
string24,ahash,16384,iter-empty,micro,2,0.782290
string24,ahash,16384,iter-empty,baseline,2,5670.247768
string24,ahash,16384,iter-empty,lru,3,1.003861
string24,ahash,16384,iter-empty,hashlink,3,0.996130
string24,ahash,16384,iter-empty,micro,3,0.815071
string24,ahash,16384,iter-empty,baseline,3,5762.184152
string24,ahash,16384,iter-empty,quick_cache,3,7133.877841
string24,ahash,16384,iter-empty,hashlink,4,0.989225
string24,ahash,16384,iter-empty,micro,4,0.816016
string24,ahash,16384,iter-empty,baseline,4,5590.122768
string24,ahash,16384,iter-empty,quick_cache,4,7164.535511
string24,ahash,16384,iter-empty,lru,4,0.984959
string24,ahash,16384,iter-empty,micro,5,0.812220
string24,ahash,16384,iter-empty,baseline,5,5620.349330
string24,ahash,16384,iter-empty,quick_cache,5,7060.179348
string24,ahash,16384,iter-empty,lru,5,0.987830
string24,ahash,16384,iter-empty,hashlink,5,0.999245
string24,ahash,16384,iter-empty,baseline,6,5484.285560
string24,ahash,16384,iter-empty,quick_cache,6,6913.835598
string24,ahash,16384,iter-empty,lru,6,0.976044
string24,ahash,16384,iter-empty,hashlink,6,1.024651
string24,ahash,16384,iter-empty,micro,6,0.781445
string24,ahash,16384,iter-empty,quick_cache,7,6801.216146
string24,ahash,16384,iter-empty,lru,7,0.990724
string24,ahash,16384,iter-empty,hashlink,7,0.995692
string24,ahash,16384,iter-empty,micro,7,0.797405
string24,ahash,16384,iter-empty,baseline,7,5702.660714
string24,ahash,16384,iter-empty,lru,8,0.980472
string24,ahash,16384,iter-empty,hashlink,8,0.991453
string24,ahash,16384,iter-empty,micro,8,0.814095
string24,ahash,16384,iter-empty,baseline,8,5686.337054
string24,ahash,16384,iter-empty,quick_cache,8,7127.840909
string24,ahash,16384,iter-count,micro,0,0.398856
string24,ahash,16384,iter-count,baseline,0,5645.955078
string24,ahash,16384,iter-count,quick_cache,0,8107.855469
string24,ahash,16384,iter-count,lru,0,0.401171
string24,ahash,16384,iter-count,hashlink,0,0.404595
string24,ahash,16384,iter-count,baseline,1,5645.263672
string24,ahash,16384,iter-count,quick_cache,1,8059.136719
string24,ahash,16384,iter-count,lru,1,0.398446
string24,ahash,16384,iter-count,hashlink,1,0.407776
string24,ahash,16384,iter-count,micro,1,0.406351
string24,ahash,16384,iter-count,quick_cache,2,8167.480469
string24,ahash,16384,iter-count,lru,2,0.399481
string24,ahash,16384,iter-count,hashlink,2,0.399788
string24,ahash,16384,iter-count,micro,2,0.400962
string24,ahash,16384,iter-count,baseline,2,5618.286133
string24,ahash,16384,iter-count,lru,3,0.400078
string24,ahash,16384,iter-count,hashlink,3,0.405157
string24,ahash,16384,iter-count,micro,3,0.399574
string24,ahash,16384,iter-count,baseline,3,5458.618164
string24,ahash,16384,iter-count,quick_cache,3,8117.078125
string24,ahash,16384,iter-count,hashlink,4,0.401729
string24,ahash,16384,iter-count,micro,4,0.409838
string24,ahash,16384,iter-count,baseline,4,5464.477539
string24,ahash,16384,iter-count,quick_cache,4,8131.727865
string24,ahash,16384,iter-count,lru,4,0.399972
string24,ahash,16384,iter-count,micro,5,0.399086
string24,ahash,16384,iter-count,baseline,5,5452.514648
string24,ahash,16384,iter-count,quick_cache,5,8205.078125
string24,ahash,16384,iter-count,lru,5,0.400303
string24,ahash,16384,iter-count,hashlink,5,0.398970
string24,ahash,16384,iter-count,baseline,6,5541.340820
string24,ahash,16384,iter-count,quick_cache,6,7678.332031
string24,ahash,16384,iter-count,lru,6,0.396101
string24,ahash,16384,iter-count,hashlink,6,0.396980
string24,ahash,16384,iter-count,micro,6,0.397259
string24,ahash,16384,iter-count,quick_cache,7,7918.782552
string24,ahash,16384,iter-count,lru,7,0.393966
string24,ahash,16384,iter-count,hashlink,7,0.398918
string24,ahash,16384,iter-count,micro,7,0.398178
string24,ahash,16384,iter-count,baseline,7,5474.772461
string24,ahash,16384,iter-count,lru,8,0.398438
string24,ahash,16384,iter-count,hashlink,8,0.397659
string24,ahash,16384,iter-count,micro,8,0.398662
string24,ahash,16384,iter-count,baseline,8,5487.223633
string24,ahash,16384,iter-count,quick_cache,8,8062.174479
string128,sip,128,get-hit,micro,0,28.804199
string128,sip,128,get-hit,baseline,0,28.296964
string128,sip,128,get-hit,quick_cache,0,28.729059
string128,sip,128,get-hit,lru,0,28.635426
string128,sip,128,get-hit,hashlink,0,28.324940
string128,sip,128,get-hit,baseline,1,28.284013
string128,sip,128,get-hit,quick_cache,1,28.455328
string128,sip,128,get-hit,lru,1,28.635431
string128,sip,128,get-hit,hashlink,1,28.527227
string128,sip,128,get-hit,micro,1,28.450012
string128,sip,128,get-hit,quick_cache,2,28.381575
string128,sip,128,get-hit,lru,2,28.412792
string128,sip,128,get-hit,hashlink,2,28.299505
string128,sip,128,get-hit,micro,2,28.209339
string128,sip,128,get-hit,baseline,2,28.554277
string128,sip,128,get-hit,lru,3,28.881653
string128,sip,128,get-hit,hashlink,3,28.244019
string128,sip,128,get-hit,micro,3,28.323780
string128,sip,128,get-hit,baseline,3,28.404469
string128,sip,128,get-hit,quick_cache,3,28.460649
string128,sip,128,get-hit,hashlink,4,28.374872
string128,sip,128,get-hit,micro,4,28.414873
string128,sip,128,get-hit,baseline,4,28.200783
string128,sip,128,get-hit,quick_cache,4,28.674733
string128,sip,128,get-hit,lru,4,28.708718
string128,sip,128,get-hit,micro,5,28.283320
string128,sip,128,get-hit,baseline,5,28.144376
string128,sip,128,get-hit,quick_cache,5,28.508967
string128,sip,128,get-hit,lru,5,28.396839
string128,sip,128,get-hit,hashlink,5,28.550121
string128,sip,128,get-hit,baseline,6,28.738775
string128,sip,128,get-hit,quick_cache,6,28.660628
string128,sip,128,get-hit,lru,6,28.608149
string128,sip,128,get-hit,hashlink,6,28.947310
string128,sip,128,get-hit,micro,6,28.388750
string128,sip,128,get-hit,quick_cache,7,28.531622
string128,sip,128,get-hit,lru,7,28.706177
string128,sip,128,get-hit,hashlink,7,28.263206
string128,sip,128,get-hit,micro,7,28.557517
string128,sip,128,get-hit,baseline,7,28.549194
string128,sip,128,get-hit,lru,8,28.467585
string128,sip,128,get-hit,hashlink,8,28.246099
string128,sip,128,get-hit,micro,8,28.322626
string128,sip,128,get-hit,baseline,8,28.208185
string128,sip,128,get-hit,quick_cache,8,28.645375
string128,sip,128,get-miss,micro,0,23.559373
string128,sip,128,get-miss,baseline,0,23.347453
string128,sip,128,get-miss,quick_cache,0,23.140051
string128,sip,128,get-miss,lru,0,23.672058
string128,sip,128,get-miss,hashlink,0,23.252514
string128,sip,128,get-miss,baseline,1,23.095590
string128,sip,128,get-miss,quick_cache,1,23.019296
string128,sip,128,get-miss,lru,1,23.635667
string128,sip,128,get-miss,hashlink,1,23.251759
string128,sip,128,get-miss,micro,1,23.310158
string128,sip,128,get-miss,quick_cache,2,22.904383
string128,sip,128,get-miss,lru,2,23.511836
string128,sip,128,get-miss,hashlink,2,23.191854
string128,sip,128,get-miss,micro,2,23.216340
string128,sip,128,get-miss,baseline,2,23.041527
string128,sip,128,get-miss,lru,3,23.626864
string128,sip,128,get-miss,hashlink,3,23.549593
string128,sip,128,get-miss,micro,3,23.243092
string128,sip,128,get-miss,baseline,3,23.176591
string128,sip,128,get-miss,quick_cache,3,23.052639
string128,sip,128,get-miss,hashlink,4,23.249684
string128,sip,128,get-miss,micro,4,23.147583
string128,sip,128,get-miss,baseline,4,23.259106
string128,sip,128,get-miss,quick_cache,4,23.060741
string128,sip,128,get-miss,lru,4,23.859070
string128,sip,128,get-miss,micro,5,23.360451
string128,sip,128,get-miss,baseline,5,23.111034
string128,sip,128,get-miss,quick_cache,5,23.082402
string128,sip,128,get-miss,lru,5,23.681448
string128,sip,128,get-miss,hashlink,5,23.255335
string128,sip,128,get-miss,baseline,6,23.369683
string128,sip,128,get-miss,quick_cache,6,23.479952
string128,sip,128,get-miss,lru,6,23.844792
string128,sip,128,get-miss,hashlink,6,23.349528
string128,sip,128,get-miss,micro,6,23.586177
string128,sip,128,get-miss,quick_cache,7,23.087113
string128,sip,128,get-miss,lru,7,23.674011
string128,sip,128,get-miss,hashlink,7,23.214270
string128,sip,128,get-miss,micro,7,23.126673
string128,sip,128,get-miss,baseline,7,23.258726
string128,sip,128,get-miss,lru,8,24.354985
string128,sip,128,get-miss,hashlink,8,23.891353
string128,sip,128,get-miss,micro,8,23.328993
string128,sip,128,get-miss,baseline,8,23.137600
string128,sip,128,get-miss,quick_cache,8,23.122907
string128,sip,128,update,micro,0,38.832024
string128,sip,128,update,baseline,0,39.101280
string128,sip,128,update,quick_cache,0,59.050593
string128,sip,128,update,lru,0,38.159370
string128,sip,128,update,hashlink,0,38.513184
string128,sip,128,update,baseline,1,38.330078
string128,sip,128,update,quick_cache,1,58.507746
string128,sip,128,update,lru,1,39.028488
string128,sip,128,update,hashlink,1,39.558411
string128,sip,128,update,micro,1,40.389381
string128,sip,128,update,quick_cache,2,59.329867
string128,sip,128,update,lru,2,38.066191
string128,sip,128,update,hashlink,2,38.751915
string128,sip,128,update,micro,2,38.635574
string128,sip,128,update,baseline,2,40.198006
string128,sip,128,update,lru,3,38.692162
string128,sip,128,update,hashlink,3,39.381981
string128,sip,128,update,micro,3,38.600922
string128,sip,128,update,baseline,3,38.645424
string128,sip,128,update,quick_cache,3,58.359786
string128,sip,128,update,hashlink,4,38.566589
string128,sip,128,update,micro,4,38.640335
string128,sip,128,update,baseline,4,40.009819
string128,sip,128,update,quick_cache,4,58.439309
string128,sip,128,update,lru,4,38.210869
string128,sip,128,update,micro,5,40.399872
string128,sip,128,update,baseline,5,40.269539
string128,sip,128,update,quick_cache,5,58.516069
string128,sip,128,update,lru,5,37.962374
string128,sip,128,update,hashlink,5,38.873985
string128,sip,128,update,baseline,6,41.200765
string128,sip,128,update,quick_cache,6,59.190696
string128,sip,128,update,lru,6,38.231850
string128,sip,128,update,hashlink,6,38.904190
string128,sip,128,update,micro,6,40.444374
string128,sip,128,update,quick_cache,7,58.321400
string128,sip,128,update,lru,7,39.360687
string128,sip,128,update,hashlink,7,38.073673
string128,sip,128,update,micro,7,40.480293
string128,sip,128,update,baseline,7,39.310135
string128,sip,128,update,lru,8,38.318001
string128,sip,128,update,hashlink,8,39.047241
string128,sip,128,update,micro,8,40.769108
string128,sip,128,update,baseline,8,39.745331
string128,sip,128,update,quick_cache,8,58.553988
string128,sip,128,insert-cycle,micro,0,66.265559
string128,sip,128,insert-cycle,baseline,0,65.070637
string128,sip,128,insert-cycle,quick_cache,0,59.935147
string128,sip,128,insert-cycle,lru,0,120.610484
string128,sip,128,insert-cycle,hashlink,0,116.280692
string128,sip,128,insert-cycle,baseline,1,64.622860
string128,sip,128,insert-cycle,quick_cache,1,59.690894
string128,sip,128,insert-cycle,lru,1,121.696259
string128,sip,128,insert-cycle,hashlink,1,116.370791
string128,sip,128,insert-cycle,micro,1,64.651338
string128,sip,128,insert-cycle,quick_cache,2,61.912307
string128,sip,128,insert-cycle,lru,2,125.851362
string128,sip,128,insert-cycle,hashlink,2,124.776075
string128,sip,128,insert-cycle,micro,2,72.588730
string128,sip,128,insert-cycle,baseline,2,71.680761
string128,sip,128,insert-cycle,lru,3,126.084728
string128,sip,128,insert-cycle,hashlink,3,127.091569
string128,sip,128,insert-cycle,micro,3,71.871295
string128,sip,128,insert-cycle,baseline,3,72.001738
string128,sip,128,insert-cycle,quick_cache,3,65.379063
string128,sip,128,insert-cycle,hashlink,4,125.702173
string128,sip,128,insert-cycle,micro,4,72.257222
string128,sip,128,insert-cycle,baseline,4,72.657092
string128,sip,128,insert-cycle,quick_cache,4,64.519725
string128,sip,128,insert-cycle,lru,4,126.648614
string128,sip,128,insert-cycle,micro,5,71.291443
string128,sip,128,insert-cycle,baseline,5,73.066071
string128,sip,128,insert-cycle,quick_cache,5,64.558413
string128,sip,128,insert-cycle,lru,5,124.812351
string128,sip,128,insert-cycle,hashlink,5,124.372651
string128,sip,128,insert-cycle,baseline,6,71.365691
string128,sip,128,insert-cycle,quick_cache,6,64.521336
string128,sip,128,insert-cycle,lru,6,127.756281
string128,sip,128,insert-cycle,hashlink,6,128.611765
string128,sip,128,insert-cycle,micro,6,72.827718
string128,sip,128,insert-cycle,quick_cache,7,63.825936
string128,sip,128,insert-cycle,lru,7,126.139315
string128,sip,128,insert-cycle,hashlink,7,124.596736
string128,sip,128,insert-cycle,micro,7,72.506742
string128,sip,128,insert-cycle,baseline,7,71.789864
string128,sip,128,insert-cycle,lru,8,125.077752
string128,sip,128,insert-cycle,hashlink,8,125.060111
string128,sip,128,insert-cycle,micro,8,75.491298
string128,sip,128,insert-cycle,baseline,8,75.030681
string128,sip,128,insert-cycle,quick_cache,8,65.393760
string128,sip,128,mixed-95,micro,0,35.690308
string128,sip,128,mixed-95,baseline,0,35.007053
string128,sip,128,mixed-95,quick_cache,0,39.546333
string128,sip,128,mixed-95,lru,0,38.424812
string128,sip,128,mixed-95,hashlink,0,38.520493
string128,sip,128,mixed-95,baseline,1,35.018358
string128,sip,128,mixed-95,quick_cache,1,39.165817
string128,sip,128,mixed-95,lru,1,39.118767
string128,sip,128,mixed-95,hashlink,1,38.951561
string128,sip,128,mixed-95,micro,1,35.625597
string128,sip,128,mixed-95,quick_cache,2,39.497055
string128,sip,128,mixed-95,lru,2,38.630486
string128,sip,128,mixed-95,hashlink,2,38.596794
string128,sip,128,mixed-95,micro,2,34.903347
string128,sip,128,mixed-95,baseline,2,35.088148
string128,sip,128,mixed-95,lru,3,38.599014
string128,sip,128,mixed-95,hashlink,3,38.510323
string128,sip,128,mixed-95,micro,3,35.697374
string128,sip,128,mixed-95,baseline,3,34.878486
string128,sip,128,mixed-95,quick_cache,3,38.993202
string128,sip,128,mixed-95,hashlink,4,38.906731
string128,sip,128,mixed-95,micro,4,35.165290
string128,sip,128,mixed-95,baseline,4,34.923692
string128,sip,128,mixed-95,quick_cache,4,39.595604
string128,sip,128,mixed-95,lru,4,39.200470
string128,sip,128,mixed-95,micro,5,34.905613
string128,sip,128,mixed-95,baseline,5,35.264757
string128,sip,128,mixed-95,quick_cache,5,39.043427
string128,sip,128,mixed-95,lru,5,38.775764
string128,sip,128,mixed-95,hashlink,5,38.657188
string128,sip,128,mixed-95,baseline,6,34.910699
string128,sip,128,mixed-95,quick_cache,6,64.868164
string128,sip,128,mixed-95,lru,6,38.424171
string128,sip,128,mixed-95,hashlink,6,40.240608
string128,sip,128,mixed-95,micro,6,35.410848
string128,sip,128,mixed-95,quick_cache,7,39.486885
string128,sip,128,mixed-95,lru,7,38.437523
string128,sip,128,mixed-95,hashlink,7,39.526306
string128,sip,128,mixed-95,micro,7,35.091539
string128,sip,128,mixed-95,baseline,7,35.246107
string128,sip,128,mixed-95,lru,8,38.298607
string128,sip,128,mixed-95,hashlink,8,38.489342
string128,sip,128,mixed-95,micro,8,34.479492
string128,sip,128,mixed-95,baseline,8,34.615974
string128,sip,128,mixed-95,quick_cache,8,39.600060
string128,sip,128,load-hit,micro,0,31.487781
string128,sip,128,load-hit,baseline,0,42.208179
string128,sip,128,load-hit,quick_cache,0,32.128585
string128,sip,128,load-hit,lru,0,30.959064
string128,sip,128,load-hit,hashlink,0,29.202660
string128,sip,128,load-hit,baseline,1,39.108276
string128,sip,128,load-hit,quick_cache,1,31.890363
string128,sip,128,load-hit,lru,1,30.832166
string128,sip,128,load-hit,hashlink,1,29.070900
string128,sip,128,load-hit,micro,1,30.978650
string128,sip,128,load-hit,quick_cache,2,31.685382
string128,sip,128,load-hit,lru,2,30.433291
string128,sip,128,load-hit,hashlink,2,28.643521
string128,sip,128,load-hit,micro,2,31.062317
string128,sip,128,load-hit,baseline,2,42.134261
string128,sip,128,load-hit,lru,3,30.843353
string128,sip,128,load-hit,hashlink,3,28.599132
string128,sip,128,load-hit,micro,3,30.920660
string128,sip,128,load-hit,baseline,3,38.595520
string128,sip,128,load-hit,quick_cache,3,31.680048
string128,sip,128,load-hit,hashlink,4,28.608842
string128,sip,128,load-hit,micro,4,30.961609
string128,sip,128,load-hit,baseline,4,41.193644
string128,sip,128,load-hit,quick_cache,4,32.584473
string128,sip,128,load-hit,lru,4,31.078595
string128,sip,128,load-hit,micro,5,30.971783
string128,sip,128,load-hit,baseline,5,38.406372
string128,sip,128,load-hit,quick_cache,5,31.814325
string128,sip,128,load-hit,lru,5,30.540979
string128,sip,128,load-hit,hashlink,5,29.002103
string128,sip,128,load-hit,baseline,6,41.429980
string128,sip,128,load-hit,quick_cache,6,31.791937
string128,sip,128,load-hit,lru,6,30.528516
string128,sip,128,load-hit,hashlink,6,28.674505
string128,sip,128,load-hit,micro,6,31.101990
string128,sip,128,load-hit,quick_cache,7,31.729126
string128,sip,128,load-hit,lru,7,30.478824
string128,sip,128,load-hit,hashlink,7,27.681879
string128,sip,128,load-hit,micro,7,30.844879
string128,sip,128,load-hit,baseline,7,38.877808
string128,sip,128,load-hit,lru,8,30.483672
string128,sip,128,load-hit,hashlink,8,28.612771
string128,sip,128,load-hit,micro,8,30.947620
string128,sip,128,load-hit,baseline,8,38.771309
string128,sip,128,load-hit,quick_cache,8,32.095087
string128,sip,128,load-cycle,micro,0,76.190874
string128,sip,128,load-cycle,baseline,0,74.473726
string128,sip,128,load-cycle,quick_cache,0,51.821276
string128,sip,128,load-cycle,lru,0,128.891267
string128,sip,128,load-cycle,hashlink,0,147.596775
string128,sip,128,load-cycle,baseline,1,72.638345
string128,sip,128,load-cycle,quick_cache,1,51.746621
string128,sip,128,load-cycle,lru,1,128.316917
string128,sip,128,load-cycle,hashlink,1,147.329975
string128,sip,128,load-cycle,micro,1,74.690258
string128,sip,128,load-cycle,quick_cache,2,51.725519
string128,sip,128,load-cycle,lru,2,130.124276
string128,sip,128,load-cycle,hashlink,2,147.460938
string128,sip,128,load-cycle,micro,2,73.485711
string128,sip,128,load-cycle,baseline,2,73.220842
string128,sip,128,load-cycle,lru,3,133.055558
string128,sip,128,load-cycle,hashlink,3,160.843302
string128,sip,128,load-cycle,micro,3,75.757404
string128,sip,128,load-cycle,baseline,3,74.745542
string128,sip,128,load-cycle,quick_cache,3,52.334433
string128,sip,128,load-cycle,hashlink,4,148.093484
string128,sip,128,load-cycle,micro,4,73.383003
string128,sip,128,load-cycle,baseline,4,74.152166
string128,sip,128,load-cycle,quick_cache,4,51.723793
string128,sip,128,load-cycle,lru,4,130.020773
string128,sip,128,load-cycle,micro,5,75.018214
string128,sip,128,load-cycle,baseline,5,73.649084
string128,sip,128,load-cycle,quick_cache,5,52.646627
string128,sip,128,load-cycle,lru,5,130.236341
string128,sip,128,load-cycle,hashlink,5,148.802468
string128,sip,128,load-cycle,baseline,6,73.655809
string128,sip,128,load-cycle,quick_cache,6,51.908053
string128,sip,128,load-cycle,lru,6,133.728157
string128,sip,128,load-cycle,hashlink,6,148.866596
string128,sip,128,load-cycle,micro,6,75.224730
string128,sip,128,load-cycle,quick_cache,7,51.700118
string128,sip,128,load-cycle,lru,7,128.319036
string128,sip,128,load-cycle,hashlink,7,149.742069
string128,sip,128,load-cycle,micro,7,74.590246
string128,sip,128,load-cycle,baseline,7,74.353672
string128,sip,128,load-cycle,lru,8,127.463601
string128,sip,128,load-cycle,hashlink,8,147.684886
string128,sip,128,load-cycle,micro,8,74.197783
string128,sip,128,load-cycle,baseline,8,73.335455
string128,sip,128,load-cycle,quick_cache,8,52.600050
string128,sip,128,clear-refill,micro,0,4841.199419
string128,sip,128,clear-refill,baseline,0,5707.288483
string128,sip,128,clear-refill,quick_cache,0,5991.367665
string128,sip,128,clear-refill,lru,0,14451.589595
string128,sip,128,clear-refill,hashlink,0,8999.174460
string128,sip,128,clear-refill,baseline,1,5438.677174
string128,sip,128,clear-refill,quick_cache,1,5201.619543
string128,sip,128,clear-refill,lru,1,14403.856322
string128,sip,128,clear-refill,hashlink,1,9033.393502
string128,sip,128,clear-refill,micro,1,5636.636261
string128,sip,128,clear-refill,quick_cache,2,5014.028056
string128,sip,128,clear-refill,lru,2,14447.527378
string128,sip,128,clear-refill,hashlink,2,8993.856115
string128,sip,128,clear-refill,micro,2,5081.597561
string128,sip,128,clear-refill,baseline,2,5110.273749
string128,sip,128,clear-refill,lru,3,14486.153179
string128,sip,128,clear-refill,hashlink,3,9379.058052
string128,sip,128,clear-refill,micro,3,4798.098754
string128,sip,128,clear-refill,baseline,3,4955.732408
string128,sip,128,clear-refill,quick_cache,3,5084.646341
string128,sip,128,clear-refill,hashlink,4,9492.330171
string128,sip,128,clear-refill,micro,4,4971.711730
string128,sip,128,clear-refill,baseline,4,5166.365702
string128,sip,128,clear-refill,quick_cache,4,5013.985972
string128,sip,128,clear-refill,lru,4,14446.325648
string128,sip,128,clear-refill,micro,5,4821.210019
string128,sip,128,clear-refill,baseline,5,4860.301263
string128,sip,128,clear-refill,quick_cache,5,5014.486974
string128,sip,128,clear-refill,lru,5,14533.573913
string128,sip,128,clear-refill,hashlink,5,9167.505495
string128,sip,128,clear-refill,baseline,6,5073.064909
string128,sip,128,clear-refill,quick_cache,6,5002.750000
string128,sip,128,clear-refill,lru,6,14650.099415
string128,sip,128,clear-refill,hashlink,6,9557.251908
string128,sip,128,clear-refill,micro,6,4813.883542
string128,sip,128,clear-refill,quick_cache,7,5089.351984
string128,sip,128,clear-refill,lru,7,14814.718935
string128,sip,128,clear-refill,hashlink,7,9365.011236
string128,sip,128,clear-refill,micro,7,5052.314141
string128,sip,128,clear-refill,baseline,7,4957.466799
string128,sip,128,clear-refill,lru,8,14421.951009
string128,sip,128,clear-refill,hashlink,8,8955.500894
string128,sip,128,clear-refill,micro,8,4797.339406
string128,sip,128,clear-refill,baseline,8,4878.820488
string128,sip,128,clear-refill,quick_cache,8,5028.308543
string128,sip,128,clear-empty,micro,0,0.371585
string128,sip,128,clear-empty,baseline,0,48.315731
string128,sip,128,clear-empty,quick_cache,0,3.943778
string128,sip,128,clear-empty,lru,0,2.213626
string128,sip,128,clear-empty,hashlink,0,0.608617
string128,sip,128,clear-empty,baseline,1,48.341049
string128,sip,128,clear-empty,quick_cache,1,4.011347
string128,sip,128,clear-empty,lru,1,2.265863
string128,sip,128,clear-empty,hashlink,1,0.617033
string128,sip,128,clear-empty,micro,1,0.436648
string128,sip,128,clear-empty,quick_cache,2,4.084187
string128,sip,128,clear-empty,lru,2,2.195976
string128,sip,128,clear-empty,hashlink,2,0.606929
string128,sip,128,clear-empty,micro,2,0.361877
string128,sip,128,clear-empty,baseline,2,48.848467
string128,sip,128,clear-empty,lru,3,2.194458
string128,sip,128,clear-empty,hashlink,3,0.619794
string128,sip,128,clear-empty,micro,3,0.369228
string128,sip,128,clear-empty,baseline,3,49.382161
string128,sip,128,clear-empty,quick_cache,3,3.976464
string128,sip,128,clear-empty,hashlink,4,0.614751
string128,sip,128,clear-empty,micro,4,0.366168
string128,sip,128,clear-empty,baseline,4,41.829773
string128,sip,128,clear-empty,quick_cache,4,4.041260
string128,sip,128,clear-empty,lru,4,2.243185
string128,sip,128,clear-empty,micro,5,0.366090
string128,sip,128,clear-empty,baseline,5,49.098432
string128,sip,128,clear-empty,quick_cache,5,3.954287
string128,sip,128,clear-empty,lru,5,2.211938
string128,sip,128,clear-empty,hashlink,5,0.607344
string128,sip,128,clear-empty,baseline,6,48.945312
string128,sip,128,clear-empty,quick_cache,6,3.944943
string128,sip,128,clear-empty,lru,6,2.237881
string128,sip,128,clear-empty,hashlink,6,0.611973
string128,sip,128,clear-empty,micro,6,0.361985
string128,sip,128,clear-empty,quick_cache,7,3.968782
string128,sip,128,clear-empty,lru,7,2.213394
string128,sip,128,clear-empty,hashlink,7,0.610419
string128,sip,128,clear-empty,micro,7,0.365613
string128,sip,128,clear-empty,baseline,7,49.639039
string128,sip,128,clear-empty,lru,8,2.265263
string128,sip,128,clear-empty,hashlink,8,0.607495
string128,sip,128,clear-empty,micro,8,0.363944
string128,sip,128,clear-empty,baseline,8,48.911133
string128,sip,128,clear-empty,quick_cache,8,3.967975
string128,sip,128,iter-dense,micro,0,23.004495
string128,sip,128,iter-dense,baseline,0,38.469481
string128,sip,128,iter-dense,quick_cache,0,29.641413
string128,sip,128,iter-dense,lru,0,140.173066
string128,sip,128,iter-dense,hashlink,0,138.861512
string128,sip,128,iter-dense,baseline,1,38.803506
string128,sip,128,iter-dense,quick_cache,1,29.550988
string128,sip,128,iter-dense,lru,1,137.814153
string128,sip,128,iter-dense,hashlink,1,134.993874
string128,sip,128,iter-dense,micro,1,23.558227
string128,sip,128,iter-dense,quick_cache,2,29.843219
string128,sip,128,iter-dense,lru,2,141.700419
string128,sip,128,iter-dense,hashlink,2,136.462882
string128,sip,128,iter-dense,micro,2,23.542654
string128,sip,128,iter-dense,baseline,2,38.613996
string128,sip,128,iter-dense,lru,3,137.373243
string128,sip,128,iter-dense,hashlink,3,134.040872
string128,sip,128,iter-dense,micro,3,23.582723
string128,sip,128,iter-dense,baseline,3,38.569557
string128,sip,128,iter-dense,quick_cache,3,29.709535
string128,sip,128,iter-dense,hashlink,4,140.582846
string128,sip,128,iter-dense,micro,4,23.761239
string128,sip,128,iter-dense,baseline,4,38.314576
string128,sip,128,iter-dense,quick_cache,4,29.690119
string128,sip,128,iter-dense,lru,4,132.359362
string128,sip,128,iter-dense,micro,5,23.555853
string128,sip,128,iter-dense,baseline,5,38.814767
string128,sip,128,iter-dense,quick_cache,5,30.154459
string128,sip,128,iter-dense,lru,5,136.930823
string128,sip,128,iter-dense,hashlink,5,131.847465
string128,sip,128,iter-dense,baseline,6,38.433234
string128,sip,128,iter-dense,quick_cache,6,29.632829
string128,sip,128,iter-dense,lru,6,135.077922
string128,sip,128,iter-dense,hashlink,6,132.587203
string128,sip,128,iter-dense,micro,6,23.649950
string128,sip,128,iter-dense,quick_cache,7,29.615482
string128,sip,128,iter-dense,lru,7,136.848730
string128,sip,128,iter-dense,hashlink,7,135.224048
string128,sip,128,iter-dense,micro,7,23.650144
string128,sip,128,iter-dense,baseline,7,38.693697
string128,sip,128,iter-dense,lru,8,135.504685
string128,sip,128,iter-dense,hashlink,8,138.487932
string128,sip,128,iter-dense,micro,8,23.761044
string128,sip,128,iter-dense,baseline,8,38.924027
string128,sip,128,iter-dense,quick_cache,8,29.958900
string128,sip,128,iter-dense-for,micro,0,40.175466
string128,sip,128,iter-dense-for,baseline,0,38.831464
string128,sip,128,iter-dense-for,quick_cache,0,70.410459
string128,sip,128,iter-dense-for,lru,0,81.903629
string128,sip,128,iter-dense-for,hashlink,0,71.971442
string128,sip,128,iter-dense-for,baseline,1,38.568917
string128,sip,128,iter-dense-for,quick_cache,1,70.088285
string128,sip,128,iter-dense-for,lru,1,81.921367
string128,sip,128,iter-dense-for,hashlink,1,73.830657
string128,sip,128,iter-dense-for,micro,1,38.960889
string128,sip,128,iter-dense-for,quick_cache,2,70.170423
string128,sip,128,iter-dense-for,lru,2,82.040141
string128,sip,128,iter-dense-for,hashlink,2,72.241245
string128,sip,128,iter-dense-for,micro,2,38.945663
string128,sip,128,iter-dense-for,baseline,2,39.135542
string128,sip,128,iter-dense-for,lru,3,86.330991
string128,sip,128,iter-dense-for,hashlink,3,77.423322
string128,sip,128,iter-dense-for,micro,3,40.970905
string128,sip,128,iter-dense-for,baseline,3,39.994321
string128,sip,128,iter-dense-for,quick_cache,3,49.957870
string128,sip,128,iter-dense-for,hashlink,4,77.749922
string128,sip,128,iter-dense-for,micro,4,40.691805
string128,sip,128,iter-dense-for,baseline,4,40.276659
string128,sip,128,iter-dense-for,quick_cache,4,72.871139
string128,sip,128,iter-dense-for,lru,4,88.876990
string128,sip,128,iter-dense-for,micro,5,40.369632
string128,sip,128,iter-dense-for,baseline,5,39.970293
string128,sip,128,iter-dense-for,quick_cache,5,72.872960
string128,sip,128,iter-dense-for,lru,5,86.599723
string128,sip,128,iter-dense-for,hashlink,5,69.629259
string128,sip,128,iter-dense-for,baseline,6,38.254154
string128,sip,128,iter-dense-for,quick_cache,6,71.376755
string128,sip,128,iter-dense-for,lru,6,83.221013
string128,sip,128,iter-dense-for,hashlink,6,72.334018
string128,sip,128,iter-dense-for,micro,6,38.918509
string128,sip,128,iter-dense-for,quick_cache,7,70.423403
string128,sip,128,iter-dense-for,lru,7,81.940450
string128,sip,128,iter-dense-for,hashlink,7,71.708998
string128,sip,128,iter-dense-for,micro,7,38.747389
string128,sip,128,iter-dense-for,baseline,7,38.031356
string128,sip,128,iter-dense-for,lru,8,82.742605
string128,sip,128,iter-dense-for,hashlink,8,72.885086
string128,sip,128,iter-dense-for,micro,8,38.772681
string128,sip,128,iter-dense-for,baseline,8,38.283225
string128,sip,128,iter-dense-for,quick_cache,8,69.755622
string128,sip,128,iter-density-1pct,micro,0,1.598760
string128,sip,128,iter-density-1pct,baseline,0,37.908562
string128,sip,128,iter-density-1pct,quick_cache,0,26.572596
string128,sip,128,iter-density-1pct,lru,0,1.325231
string128,sip,128,iter-density-1pct,hashlink,0,1.310635
string128,sip,128,iter-density-1pct,baseline,1,38.468835
string128,sip,128,iter-density-1pct,quick_cache,1,26.715747
string128,sip,128,iter-density-1pct,lru,1,1.298146
string128,sip,128,iter-density-1pct,hashlink,1,1.326930
string128,sip,128,iter-density-1pct,micro,1,1.603995
string128,sip,128,iter-density-1pct,quick_cache,2,27.011306
string128,sip,128,iter-density-1pct,lru,2,1.301899
string128,sip,128,iter-density-1pct,hashlink,2,1.339213
string128,sip,128,iter-density-1pct,micro,2,1.597910
string128,sip,128,iter-density-1pct,baseline,2,38.317266
string128,sip,128,iter-density-1pct,lru,3,1.291920
string128,sip,128,iter-density-1pct,hashlink,3,1.321476
string128,sip,128,iter-density-1pct,micro,3,1.601135
string128,sip,128,iter-density-1pct,baseline,3,38.566989
string128,sip,128,iter-density-1pct,quick_cache,3,27.182939
string128,sip,128,iter-density-1pct,hashlink,4,1.324815
string128,sip,128,iter-density-1pct,micro,4,1.603416
string128,sip,128,iter-density-1pct,baseline,4,39.161051
string128,sip,128,iter-density-1pct,quick_cache,4,26.838527
string128,sip,128,iter-density-1pct,lru,4,1.300252
string128,sip,128,iter-density-1pct,micro,5,1.606879
string128,sip,128,iter-density-1pct,baseline,5,38.268744
string128,sip,128,iter-density-1pct,quick_cache,5,26.643089
string128,sip,128,iter-density-1pct,lru,5,1.315789
string128,sip,128,iter-density-1pct,hashlink,5,1.323648
string128,sip,128,iter-density-1pct,baseline,6,38.162012
string128,sip,128,iter-density-1pct,quick_cache,6,26.618080
string128,sip,128,iter-density-1pct,lru,6,1.293985
string128,sip,128,iter-density-1pct,hashlink,6,1.317143
string128,sip,128,iter-density-1pct,micro,6,1.600132
string128,sip,128,iter-density-1pct,quick_cache,7,27.350133
string128,sip,128,iter-density-1pct,lru,7,1.300425
string128,sip,128,iter-density-1pct,hashlink,7,1.314417
string128,sip,128,iter-density-1pct,micro,7,1.600414
string128,sip,128,iter-density-1pct,baseline,7,38.276405
string128,sip,128,iter-density-1pct,lru,8,1.292904
string128,sip,128,iter-density-1pct,hashlink,8,1.318810
string128,sip,128,iter-density-1pct,micro,8,1.591429
string128,sip,128,iter-density-1pct,baseline,8,38.115473
string128,sip,128,iter-density-1pct,quick_cache,8,26.735816
string128,sip,128,iter-density-6pct,micro,0,25.042363
string128,sip,128,iter-density-6pct,baseline,0,36.593421
string128,sip,128,iter-density-6pct,quick_cache,0,27.288721
string128,sip,128,iter-density-6pct,lru,0,3.267625
string128,sip,128,iter-density-6pct,hashlink,0,3.220640
string128,sip,128,iter-density-6pct,baseline,1,37.074310
string128,sip,128,iter-density-6pct,quick_cache,1,26.864282
string128,sip,128,iter-density-6pct,lru,1,3.282494
string128,sip,128,iter-density-6pct,hashlink,1,3.225400
string128,sip,128,iter-density-6pct,micro,1,23.909243
string128,sip,128,iter-density-6pct,quick_cache,2,24.390637
string128,sip,128,iter-density-6pct,lru,2,3.269034
string128,sip,128,iter-density-6pct,hashlink,2,3.222912
string128,sip,128,iter-density-6pct,micro,2,24.231189
string128,sip,128,iter-density-6pct,baseline,2,36.666999
string128,sip,128,iter-density-6pct,lru,3,3.291580
string128,sip,128,iter-density-6pct,hashlink,3,3.280316
string128,sip,128,iter-density-6pct,micro,3,24.269960
string128,sip,128,iter-density-6pct,baseline,3,36.674996
string128,sip,128,iter-density-6pct,quick_cache,3,23.891638
string128,sip,128,iter-density-6pct,hashlink,4,3.245270
string128,sip,128,iter-density-6pct,micro,4,24.069889
string128,sip,128,iter-density-6pct,baseline,4,36.860418
string128,sip,128,iter-density-6pct,quick_cache,4,24.204509
string128,sip,128,iter-density-6pct,lru,4,3.276780
string128,sip,128,iter-density-6pct,micro,5,24.168086
string128,sip,128,iter-density-6pct,baseline,5,36.768684
string128,sip,128,iter-density-6pct,quick_cache,5,23.749368
string128,sip,128,iter-density-6pct,lru,5,3.278871
string128,sip,128,iter-density-6pct,hashlink,5,3.229200
string128,sip,128,iter-density-6pct,baseline,6,36.485699
string128,sip,128,iter-density-6pct,quick_cache,6,23.788538
string128,sip,128,iter-density-6pct,lru,6,3.317790
string128,sip,128,iter-density-6pct,hashlink,6,3.267898
string128,sip,128,iter-density-6pct,micro,6,24.121107
string128,sip,128,iter-density-6pct,quick_cache,7,23.707361
string128,sip,128,iter-density-6pct,lru,7,3.291580
string128,sip,128,iter-density-6pct,hashlink,7,3.271909
string128,sip,128,iter-density-6pct,micro,7,24.274133
string128,sip,128,iter-density-6pct,baseline,7,37.395250
string128,sip,128,iter-density-6pct,lru,8,3.295093
string128,sip,128,iter-density-6pct,hashlink,8,3.218027
string128,sip,128,iter-density-6pct,micro,8,23.993676
string128,sip,128,iter-density-6pct,baseline,8,36.674072
string128,sip,128,iter-density-6pct,quick_cache,8,23.692390
string128,sip,128,iter-density-quarter,micro,0,24.265256
string128,sip,128,iter-density-quarter,baseline,0,37.742172
string128,sip,128,iter-density-quarter,quick_cache,0,25.742211
string128,sip,128,iter-density-quarter,lru,0,19.371595
string128,sip,128,iter-density-quarter,hashlink,0,19.214416
string128,sip,128,iter-density-quarter,baseline,1,37.204546
string128,sip,128,iter-density-quarter,quick_cache,1,25.585394
string128,sip,128,iter-density-quarter,lru,1,19.246424
string128,sip,128,iter-density-quarter,hashlink,1,19.029096
string128,sip,128,iter-density-quarter,micro,1,24.230181
string128,sip,128,iter-density-quarter,quick_cache,2,26.178003
string128,sip,128,iter-density-quarter,lru,2,19.402560
string128,sip,128,iter-density-quarter,hashlink,2,19.145667
string128,sip,128,iter-density-quarter,micro,2,24.140140
string128,sip,128,iter-density-quarter,baseline,2,37.630929
string128,sip,128,iter-density-quarter,lru,3,19.244373
string128,sip,128,iter-density-quarter,hashlink,3,19.011304
string128,sip,128,iter-density-quarter,micro,3,24.131675
string128,sip,128,iter-density-quarter,baseline,3,37.657508
string128,sip,128,iter-density-quarter,quick_cache,3,25.904810
string128,sip,128,iter-density-quarter,hashlink,4,19.228564
string128,sip,128,iter-density-quarter,micro,4,24.150328
string128,sip,128,iter-density-quarter,baseline,4,37.646237
string128,sip,128,iter-density-quarter,quick_cache,4,25.632413
string128,sip,128,iter-density-quarter,lru,4,19.263032
string128,sip,128,iter-density-quarter,micro,5,24.339428
string128,sip,128,iter-density-quarter,baseline,5,38.400098
string128,sip,128,iter-density-quarter,quick_cache,5,25.681106
string128,sip,128,iter-density-quarter,lru,5,19.393722
string128,sip,128,iter-density-quarter,hashlink,5,19.040370
string128,sip,128,iter-density-quarter,baseline,6,37.184191
string128,sip,128,iter-density-quarter,quick_cache,6,25.734375
string128,sip,128,iter-density-quarter,lru,6,19.136719
string128,sip,128,iter-density-quarter,hashlink,6,18.468163
string128,sip,128,iter-density-quarter,micro,6,23.955499
string128,sip,128,iter-density-quarter,quick_cache,7,26.156747
string128,sip,128,iter-density-quarter,lru,7,19.357037
string128,sip,128,iter-density-quarter,hashlink,7,19.053031
string128,sip,128,iter-density-quarter,micro,7,24.204514
string128,sip,128,iter-density-quarter,baseline,7,38.090780
string128,sip,128,iter-density-quarter,lru,8,19.411071
string128,sip,128,iter-density-quarter,hashlink,8,19.164291
string128,sip,128,iter-density-quarter,micro,8,24.677274
string128,sip,128,iter-density-quarter,baseline,8,37.958085
string128,sip,128,iter-density-quarter,quick_cache,8,25.714698
string128,sip,128,iter-density-half,micro,0,23.350722
string128,sip,128,iter-density-half,baseline,0,38.087291
string128,sip,128,iter-density-half,quick_cache,0,24.789157
string128,sip,128,iter-density-half,lru,0,53.130398
string128,sip,128,iter-density-half,hashlink,0,51.672557
string128,sip,128,iter-density-half,baseline,1,38.051459
string128,sip,128,iter-density-half,quick_cache,1,24.830620
string128,sip,128,iter-density-half,lru,1,53.185979
string128,sip,128,iter-density-half,hashlink,1,52.100260
string128,sip,128,iter-density-half,micro,1,23.310649
string128,sip,128,iter-density-half,quick_cache,2,24.780467
string128,sip,128,iter-density-half,lru,2,53.063540
string128,sip,128,iter-density-half,hashlink,2,51.713218
string128,sip,128,iter-density-half,micro,2,24.157390
string128,sip,128,iter-density-half,baseline,2,38.872691
string128,sip,128,iter-density-half,lru,3,52.475529
string128,sip,128,iter-density-half,hashlink,3,52.453550
string128,sip,128,iter-density-half,micro,3,23.776890
string128,sip,128,iter-density-half,baseline,3,38.383152
string128,sip,128,iter-density-half,quick_cache,3,24.901643
string128,sip,128,iter-density-half,hashlink,4,52.807642
string128,sip,128,iter-density-half,micro,4,23.408047
string128,sip,128,iter-density-half,baseline,4,38.129949
string128,sip,128,iter-density-half,quick_cache,4,24.929244
string128,sip,128,iter-density-half,lru,4,53.801818
string128,sip,128,iter-density-half,micro,5,23.345870
string128,sip,128,iter-density-half,baseline,5,38.163286
string128,sip,128,iter-density-half,quick_cache,5,24.864736
string128,sip,128,iter-density-half,lru,5,53.050832
string128,sip,128,iter-density-half,hashlink,5,52.325264
string128,sip,128,iter-density-half,baseline,6,38.923373
string128,sip,128,iter-density-half,quick_cache,6,24.934887
string128,sip,128,iter-density-half,lru,6,53.031059
string128,sip,128,iter-density-half,hashlink,6,52.172892
string128,sip,128,iter-density-half,micro,6,23.338136
string128,sip,128,iter-density-half,quick_cache,7,24.749272
string128,sip,128,iter-density-half,lru,7,50.960405
string128,sip,128,iter-density-half,hashlink,7,49.881055
string128,sip,128,iter-density-half,micro,7,23.391696
string128,sip,128,iter-density-half,baseline,7,38.225767
string128,sip,128,iter-density-half,lru,8,52.337554
string128,sip,128,iter-density-half,hashlink,8,50.846496
string128,sip,128,iter-density-half,micro,8,23.317242
string128,sip,128,iter-density-half,baseline,8,38.074196
string128,sip,128,iter-density-half,quick_cache,8,24.758358
string128,sip,128,iter-front,micro,0,1.169755
string128,sip,128,iter-front,baseline,0,38.583781
string128,sip,128,iter-front,quick_cache,0,26.237549
string128,sip,128,iter-front,lru,0,1.195404
string128,sip,128,iter-front,hashlink,0,1.166167
string128,sip,128,iter-front,baseline,1,37.710146
string128,sip,128,iter-front,quick_cache,1,26.225211
string128,sip,128,iter-front,lru,1,1.197327
string128,sip,128,iter-front,hashlink,1,1.187436
string128,sip,128,iter-front,micro,1,1.160545
string128,sip,128,iter-front,quick_cache,2,26.344140
string128,sip,128,iter-front,lru,2,1.211522
string128,sip,128,iter-front,hashlink,2,1.174388
string128,sip,128,iter-front,micro,2,1.165019
string128,sip,128,iter-front,baseline,2,37.760422
string128,sip,128,iter-front,lru,3,1.200787
string128,sip,128,iter-front,hashlink,3,1.163622
string128,sip,128,iter-front,micro,3,1.178400
string128,sip,128,iter-front,baseline,3,38.437884
string128,sip,128,iter-front,quick_cache,3,26.267324
string128,sip,128,iter-front,hashlink,4,1.152414
string128,sip,128,iter-front,micro,4,1.169772
string128,sip,128,iter-front,baseline,4,37.555763
string128,sip,128,iter-front,quick_cache,4,26.457914
string128,sip,128,iter-front,lru,4,1.202904
string128,sip,128,iter-front,micro,5,1.163683
string128,sip,128,iter-front,baseline,5,37.569751
string128,sip,128,iter-front,quick_cache,5,26.275943
string128,sip,128,iter-front,lru,5,1.216067
string128,sip,128,iter-front,hashlink,5,1.155858
string128,sip,128,iter-front,baseline,6,37.606235
string128,sip,128,iter-front,quick_cache,6,26.312868
string128,sip,128,iter-front,lru,6,1.207282
string128,sip,128,iter-front,hashlink,6,1.193313
string128,sip,128,iter-front,micro,6,1.192948
string128,sip,128,iter-front,quick_cache,7,26.481656
string128,sip,128,iter-front,lru,7,1.198953
string128,sip,128,iter-front,hashlink,7,1.166715
string128,sip,128,iter-front,micro,7,1.248651
string128,sip,128,iter-front,baseline,7,37.882576
string128,sip,128,iter-front,lru,8,1.318165
string128,sip,128,iter-front,hashlink,8,1.187960
string128,sip,128,iter-front,micro,8,1.172423
string128,sip,128,iter-front,baseline,8,38.051140
string128,sip,128,iter-front,quick_cache,8,22.871460
string128,sip,128,iter-back,micro,0,1.175776
string128,sip,128,iter-back,baseline,0,38.443965
string128,sip,128,iter-back,quick_cache,0,22.045037
string128,sip,128,iter-back,lru,0,1.200399
string128,sip,128,iter-back,hashlink,0,1.154867
string128,sip,128,iter-back,baseline,1,39.418813
string128,sip,128,iter-back,quick_cache,1,21.421457
string128,sip,128,iter-back,lru,1,1.205549
string128,sip,128,iter-back,hashlink,1,1.159365
string128,sip,128,iter-back,micro,1,1.179352
string128,sip,128,iter-back,quick_cache,2,21.231568
string128,sip,128,iter-back,lru,2,1.233423
string128,sip,128,iter-back,hashlink,2,1.172212
string128,sip,128,iter-back,micro,2,1.171237
string128,sip,128,iter-back,baseline,2,38.992328
string128,sip,128,iter-back,lru,3,1.214252
string128,sip,128,iter-back,hashlink,3,1.179646
string128,sip,128,iter-back,micro,3,1.170754
string128,sip,128,iter-back,baseline,3,38.603168
string128,sip,128,iter-back,quick_cache,3,21.225266
string128,sip,128,iter-back,hashlink,4,1.164342
string128,sip,128,iter-back,micro,4,1.184906
string128,sip,128,iter-back,baseline,4,39.471971
string128,sip,128,iter-back,quick_cache,4,21.336104
string128,sip,128,iter-back,lru,4,1.210087
string128,sip,128,iter-back,micro,5,1.158927
string128,sip,128,iter-back,baseline,5,38.628901
string128,sip,128,iter-back,quick_cache,5,21.143437
string128,sip,128,iter-back,lru,5,1.203191
string128,sip,128,iter-back,hashlink,5,1.169151
string128,sip,128,iter-back,baseline,6,38.549241
string128,sip,128,iter-back,quick_cache,6,21.377680
string128,sip,128,iter-back,lru,6,1.210012
string128,sip,128,iter-back,hashlink,6,1.159753
string128,sip,128,iter-back,micro,6,1.170482
string128,sip,128,iter-back,quick_cache,7,21.028180
string128,sip,128,iter-back,lru,7,1.200409
string128,sip,128,iter-back,hashlink,7,1.180965
string128,sip,128,iter-back,micro,7,1.192211
string128,sip,128,iter-back,baseline,7,39.159719
string128,sip,128,iter-back,lru,8,1.206405
string128,sip,128,iter-back,hashlink,8,1.180832
string128,sip,128,iter-back,micro,8,1.164021
string128,sip,128,iter-back,baseline,8,37.067992
string128,sip,128,iter-back,quick_cache,8,21.428663
string128,sip,128,iter-empty,micro,0,0.784876
string128,sip,128,iter-empty,baseline,0,37.036694
string128,sip,128,iter-empty,quick_cache,0,22.098771
string128,sip,128,iter-empty,lru,0,1.008012
string128,sip,128,iter-empty,hashlink,0,1.018732
string128,sip,128,iter-empty,baseline,1,37.413155
string128,sip,128,iter-empty,quick_cache,1,21.879082
string128,sip,128,iter-empty,lru,1,1.003881
string128,sip,128,iter-empty,hashlink,1,1.026745
string128,sip,128,iter-empty,micro,1,0.790075
string128,sip,128,iter-empty,quick_cache,2,22.483327
string128,sip,128,iter-empty,lru,2,1.031210
string128,sip,128,iter-empty,hashlink,2,1.031850
string128,sip,128,iter-empty,micro,2,0.782898
string128,sip,128,iter-empty,baseline,2,35.911285
string128,sip,128,iter-empty,lru,3,0.991409
string128,sip,128,iter-empty,hashlink,3,1.014505
string128,sip,128,iter-empty,micro,3,0.797251
string128,sip,128,iter-empty,baseline,3,37.154883
string128,sip,128,iter-empty,quick_cache,3,21.216446
string128,sip,128,iter-empty,hashlink,4,1.018260
string128,sip,128,iter-empty,micro,4,0.779983
string128,sip,128,iter-empty,baseline,4,37.462292
string128,sip,128,iter-empty,quick_cache,4,20.862542
string128,sip,128,iter-empty,lru,4,1.001898
string128,sip,128,iter-empty,micro,5,0.818749
string128,sip,128,iter-empty,baseline,5,38.418180
string128,sip,128,iter-empty,quick_cache,5,21.153081
string128,sip,128,iter-empty,lru,5,1.001821
string128,sip,128,iter-empty,hashlink,5,1.013952
string128,sip,128,iter-empty,baseline,6,37.424606
string128,sip,128,iter-empty,quick_cache,6,21.078890
string128,sip,128,iter-empty,lru,6,1.002522
string128,sip,128,iter-empty,hashlink,6,1.014841
string128,sip,128,iter-empty,micro,6,0.797353
string128,sip,128,iter-empty,quick_cache,7,21.235564
string128,sip,128,iter-empty,lru,7,1.012664
string128,sip,128,iter-empty,hashlink,7,1.011694
string128,sip,128,iter-empty,micro,7,0.793885
string128,sip,128,iter-empty,baseline,7,37.218065
string128,sip,128,iter-empty,lru,8,0.999878
string128,sip,128,iter-empty,hashlink,8,1.020048
string128,sip,128,iter-empty,micro,8,0.803074
string128,sip,128,iter-empty,baseline,8,37.225375
string128,sip,128,iter-empty,quick_cache,8,21.312116
string128,sip,128,iter-count,micro,0,0.396291
string128,sip,128,iter-count,baseline,0,36.929075
string128,sip,128,iter-count,quick_cache,0,53.555308
string128,sip,128,iter-count,lru,0,0.388995
string128,sip,128,iter-count,hashlink,0,0.390113
string128,sip,128,iter-count,baseline,1,36.815737
string128,sip,128,iter-count,quick_cache,1,54.421374
string128,sip,128,iter-count,lru,1,0.392142
string128,sip,128,iter-count,hashlink,1,0.390113
string128,sip,128,iter-count,micro,1,0.396964
string128,sip,128,iter-count,quick_cache,2,55.013485
string128,sip,128,iter-count,lru,2,0.387571
string128,sip,128,iter-count,hashlink,2,0.392257
string128,sip,128,iter-count,micro,2,0.404235
string128,sip,128,iter-count,baseline,2,37.207649
string128,sip,128,iter-count,lru,3,0.389033
string128,sip,128,iter-count,hashlink,3,0.390808
string128,sip,128,iter-count,micro,3,0.395874
string128,sip,128,iter-count,baseline,3,37.109686
string128,sip,128,iter-count,quick_cache,3,53.580287
string128,sip,128,iter-count,hashlink,4,0.387813
string128,sip,128,iter-count,micro,4,0.395765
string128,sip,128,iter-count,baseline,4,36.808380
string128,sip,128,iter-count,quick_cache,4,54.837951
string128,sip,128,iter-count,lru,4,0.386604
string128,sip,128,iter-count,micro,5,0.394786
string128,sip,128,iter-count,baseline,5,36.616822
string128,sip,128,iter-count,quick_cache,5,53.723912
string128,sip,128,iter-count,lru,5,0.388940
string128,sip,128,iter-count,hashlink,5,0.398223
string128,sip,128,iter-count,baseline,6,37.246094
string128,sip,128,iter-count,quick_cache,6,51.310542
string128,sip,128,iter-count,lru,6,0.393556
string128,sip,128,iter-count,hashlink,6,0.393195
string128,sip,128,iter-count,micro,6,0.402187
string128,sip,128,iter-count,quick_cache,7,56.787302
string128,sip,128,iter-count,lru,7,0.391662
string128,sip,128,iter-count,hashlink,7,0.392276
string128,sip,128,iter-count,micro,7,0.400132
string128,sip,128,iter-count,baseline,7,37.831570
string128,sip,128,iter-count,lru,8,0.394160
string128,sip,128,iter-count,hashlink,8,0.390168
string128,sip,128,iter-count,micro,8,0.399747
string128,sip,128,iter-count,baseline,8,37.553300
string128,sip,128,iter-count,quick_cache,8,55.155150
string128,sip,1024,get-hit,micro,0,35.812093
string128,sip,1024,get-hit,baseline,0,35.045485
string128,sip,1024,get-hit,quick_cache,0,35.642558
string128,sip,1024,get-hit,lru,0,35.534607
string128,sip,1024,get-hit,hashlink,0,34.731825
string128,sip,1024,get-hit,baseline,1,35.124322
string128,sip,1024,get-hit,quick_cache,1,35.569648
string128,sip,1024,get-hit,lru,1,35.206265
string128,sip,1024,get-hit,hashlink,1,34.570482
string128,sip,1024,get-hit,micro,1,35.356879
string128,sip,1024,get-hit,quick_cache,2,35.434021
string128,sip,1024,get-hit,lru,2,35.537720
string128,sip,1024,get-hit,hashlink,2,34.660902
string128,sip,1024,get-hit,micro,2,35.058478
string128,sip,1024,get-hit,baseline,2,35.055094
string128,sip,1024,get-hit,lru,3,36.172607
string128,sip,1024,get-hit,hashlink,3,34.572177
string128,sip,1024,get-hit,micro,3,35.037849
string128,sip,1024,get-hit,baseline,3,35.174622
string128,sip,1024,get-hit,quick_cache,3,35.148899
string128,sip,1024,get-hit,hashlink,4,34.660624
string128,sip,1024,get-hit,micro,4,34.916348
string128,sip,1024,get-hit,baseline,4,35.087863
string128,sip,1024,get-hit,quick_cache,4,35.257697
string128,sip,1024,get-hit,lru,4,36.109476
string128,sip,1024,get-hit,micro,5,34.820279
string128,sip,1024,get-hit,baseline,5,35.001397
string128,sip,1024,get-hit,quick_cache,5,35.314494
string128,sip,1024,get-hit,lru,5,35.323812
string128,sip,1024,get-hit,hashlink,5,34.571615
string128,sip,1024,get-hit,baseline,6,34.992357
string128,sip,1024,get-hit,quick_cache,6,34.634345
string128,sip,1024,get-hit,lru,6,35.708110
string128,sip,1024,get-hit,hashlink,6,35.135335
string128,sip,1024,get-hit,micro,6,34.859551
string128,sip,1024,get-hit,quick_cache,7,35.265042
string128,sip,1024,get-hit,lru,7,35.701043
string128,sip,1024,get-hit,hashlink,7,34.739739
string128,sip,1024,get-hit,micro,7,35.207113
string128,sip,1024,get-hit,baseline,7,35.613166
string128,sip,1024,get-hit,lru,8,35.459161
string128,sip,1024,get-hit,hashlink,8,34.460565
string128,sip,1024,get-hit,micro,8,34.886115
string128,sip,1024,get-hit,baseline,8,34.924262
string128,sip,1024,get-hit,quick_cache,8,35.684096
string128,sip,1024,get-miss,micro,0,24.378460
string128,sip,1024,get-miss,baseline,0,24.089909
string128,sip,1024,get-miss,quick_cache,0,24.114755
string128,sip,1024,get-miss,lru,0,23.406607
string128,sip,1024,get-miss,hashlink,0,23.987990
string128,sip,1024,get-miss,baseline,1,23.662077
string128,sip,1024,get-miss,quick_cache,1,23.767127
string128,sip,1024,get-miss,lru,1,24.256780
string128,sip,1024,get-miss,hashlink,1,24.209829
string128,sip,1024,get-miss,micro,1,24.533896
string128,sip,1024,get-miss,quick_cache,2,23.856135
string128,sip,1024,get-miss,lru,2,24.393132
string128,sip,1024,get-miss,hashlink,2,24.180678
string128,sip,1024,get-miss,micro,2,23.991901
string128,sip,1024,get-miss,baseline,2,24.434614
string128,sip,1024,get-miss,lru,3,24.569907
string128,sip,1024,get-miss,hashlink,3,24.096562
string128,sip,1024,get-miss,micro,3,23.862399
string128,sip,1024,get-miss,baseline,3,23.904067
string128,sip,1024,get-miss,quick_cache,3,23.830707
string128,sip,1024,get-miss,hashlink,4,23.979774
string128,sip,1024,get-miss,micro,4,23.928129
string128,sip,1024,get-miss,baseline,4,23.810951
string128,sip,1024,get-miss,quick_cache,4,23.933800
string128,sip,1024,get-miss,lru,4,24.754438
string128,sip,1024,get-miss,micro,5,23.937913
string128,sip,1024,get-miss,baseline,5,23.903870
string128,sip,1024,get-miss,quick_cache,5,23.813101
string128,sip,1024,get-miss,lru,5,24.539390
string128,sip,1024,get-miss,hashlink,5,24.568076
string128,sip,1024,get-miss,baseline,6,23.969797
string128,sip,1024,get-miss,quick_cache,6,23.950233
string128,sip,1024,get-miss,lru,6,24.368094
string128,sip,1024,get-miss,hashlink,6,24.052739
string128,sip,1024,get-miss,micro,6,23.888418
string128,sip,1024,get-miss,quick_cache,7,23.819167
string128,sip,1024,get-miss,lru,7,24.425608
string128,sip,1024,get-miss,hashlink,7,24.005010
string128,sip,1024,get-miss,micro,7,24.039048
string128,sip,1024,get-miss,baseline,7,24.206116
string128,sip,1024,get-miss,lru,8,24.416709
string128,sip,1024,get-miss,hashlink,8,24.014202
string128,sip,1024,get-miss,micro,8,23.846360
string128,sip,1024,get-miss,baseline,8,23.940848
string128,sip,1024,get-miss,quick_cache,8,24.268325
string128,sip,1024,update,micro,0,45.082816
string128,sip,1024,update,baseline,0,45.287720
string128,sip,1024,update,quick_cache,0,59.841730
string128,sip,1024,update,lru,0,44.905884
string128,sip,1024,update,hashlink,0,44.653390
string128,sip,1024,update,baseline,1,44.774370
string128,sip,1024,update,quick_cache,1,59.443149
string128,sip,1024,update,lru,1,45.042489
string128,sip,1024,update,hashlink,1,45.079912
string128,sip,1024,update,micro,1,45.887172
string128,sip,1024,update,quick_cache,2,59.463956
string128,sip,1024,update,lru,2,44.833226
string128,sip,1024,update,hashlink,2,44.681004
string128,sip,1024,update,micro,2,45.449759
string128,sip,1024,update,baseline,2,45.831953
string128,sip,1024,update,lru,3,44.901167
string128,sip,1024,update,hashlink,3,45.292079
string128,sip,1024,update,micro,3,44.985814
string128,sip,1024,update,baseline,3,45.124233
string128,sip,1024,update,quick_cache,3,59.898615
string128,sip,1024,update,hashlink,4,45.267735
string128,sip,1024,update,micro,4,45.250296
string128,sip,1024,update,baseline,4,45.154393
string128,sip,1024,update,quick_cache,4,60.973189
string128,sip,1024,update,lru,4,44.892814
string128,sip,1024,update,micro,5,45.189628
string128,sip,1024,update,baseline,5,45.334952
string128,sip,1024,update,quick_cache,5,60.370705
string128,sip,1024,update,lru,5,47.573383
string128,sip,1024,update,hashlink,5,46.288993
string128,sip,1024,update,baseline,6,46.891349
string128,sip,1024,update,quick_cache,6,60.521440
string128,sip,1024,update,lru,6,46.562927
string128,sip,1024,update,hashlink,6,46.372550
string128,sip,1024,update,micro,6,46.871364
string128,sip,1024,update,quick_cache,7,60.830311
string128,sip,1024,update,lru,7,46.804156
string128,sip,1024,update,hashlink,7,47.364061
string128,sip,1024,update,micro,7,47.206778
string128,sip,1024,update,baseline,7,46.804513
string128,sip,1024,update,lru,8,46.584726
string128,sip,1024,update,hashlink,8,46.507333
string128,sip,1024,update,micro,8,47.823392
string128,sip,1024,update,baseline,8,47.124221
string128,sip,1024,update,quick_cache,8,61.180808
string128,sip,1024,insert-cycle,micro,0,70.738588
string128,sip,1024,insert-cycle,baseline,0,70.248549
string128,sip,1024,insert-cycle,quick_cache,0,60.427282
string128,sip,1024,insert-cycle,lru,0,127.007031
string128,sip,1024,insert-cycle,hashlink,0,120.519229
string128,sip,1024,insert-cycle,baseline,1,70.095675
string128,sip,1024,insert-cycle,quick_cache,1,60.600467
string128,sip,1024,insert-cycle,lru,1,127.857471
string128,sip,1024,insert-cycle,hashlink,1,120.781808
string128,sip,1024,insert-cycle,micro,1,70.115444
string128,sip,1024,insert-cycle,quick_cache,2,60.721537
string128,sip,1024,insert-cycle,lru,2,126.126099
string128,sip,1024,insert-cycle,hashlink,2,122.081938
string128,sip,1024,insert-cycle,micro,2,70.407826
string128,sip,1024,insert-cycle,baseline,2,69.817815
string128,sip,1024,insert-cycle,lru,3,128.112793
string128,sip,1024,insert-cycle,hashlink,3,120.701381
string128,sip,1024,insert-cycle,micro,3,69.866657
string128,sip,1024,insert-cycle,baseline,3,70.288658
string128,sip,1024,insert-cycle,quick_cache,3,60.360792
string128,sip,1024,insert-cycle,hashlink,4,120.975539
string128,sip,1024,insert-cycle,micro,4,70.253209
string128,sip,1024,insert-cycle,baseline,4,71.403571
string128,sip,1024,insert-cycle,quick_cache,4,60.695741
string128,sip,1024,insert-cycle,lru,4,126.577759
string128,sip,1024,insert-cycle,micro,5,69.830036
string128,sip,1024,insert-cycle,baseline,5,69.707804
string128,sip,1024,insert-cycle,quick_cache,5,60.808880
string128,sip,1024,insert-cycle,lru,5,127.991748
string128,sip,1024,insert-cycle,hashlink,5,119.921503
string128,sip,1024,insert-cycle,baseline,6,70.037556
string128,sip,1024,insert-cycle,quick_cache,6,60.415384
string128,sip,1024,insert-cycle,lru,6,125.242114
string128,sip,1024,insert-cycle,hashlink,6,120.600632
string128,sip,1024,insert-cycle,micro,6,69.828864
string128,sip,1024,insert-cycle,quick_cache,7,60.224836
string128,sip,1024,insert-cycle,lru,7,126.671362
string128,sip,1024,insert-cycle,hashlink,7,125.486255
string128,sip,1024,insert-cycle,micro,7,70.234612
string128,sip,1024,insert-cycle,baseline,7,70.216588
string128,sip,1024,insert-cycle,lru,8,124.566650
string128,sip,1024,insert-cycle,hashlink,8,119.912784
string128,sip,1024,insert-cycle,micro,8,70.329939
string128,sip,1024,insert-cycle,baseline,8,71.501228
string128,sip,1024,insert-cycle,quick_cache,8,60.620320
string128,sip,1024,mixed-95,micro,0,38.453423
string128,sip,1024,mixed-95,baseline,0,39.028481
string128,sip,1024,mixed-95,quick_cache,0,43.092171
string128,sip,1024,mixed-95,lru,0,41.625301
string128,sip,1024,mixed-95,hashlink,0,41.778223
string128,sip,1024,mixed-95,baseline,1,39.333344
string128,sip,1024,mixed-95,quick_cache,1,42.485889
string128,sip,1024,mixed-95,lru,1,42.178687
string128,sip,1024,mixed-95,hashlink,1,42.601180
string128,sip,1024,mixed-95,micro,1,40.614449
string128,sip,1024,mixed-95,quick_cache,2,44.095363
string128,sip,1024,mixed-95,lru,2,44.513881
string128,sip,1024,mixed-95,hashlink,2,43.693034
string128,sip,1024,mixed-95,micro,2,40.888135
string128,sip,1024,mixed-95,baseline,2,41.147526
string128,sip,1024,mixed-95,lru,3,43.372599
string128,sip,1024,mixed-95,hashlink,3,43.625235
string128,sip,1024,mixed-95,micro,3,40.031433
string128,sip,1024,mixed-95,baseline,3,39.973579
string128,sip,1024,mixed-95,quick_cache,3,44.389631
string128,sip,1024,mixed-95,hashlink,4,43.079631
string128,sip,1024,mixed-95,micro,4,39.697327
string128,sip,1024,mixed-95,baseline,4,39.667770
string128,sip,1024,mixed-95,quick_cache,4,43.976920
string128,sip,1024,mixed-95,lru,4,43.964199
string128,sip,1024,mixed-95,micro,5,39.827980
string128,sip,1024,mixed-95,baseline,5,40.043831
string128,sip,1024,mixed-95,quick_cache,5,42.162069
string128,sip,1024,mixed-95,lru,5,41.460164
string128,sip,1024,mixed-95,hashlink,5,41.820955
string128,sip,1024,mixed-95,baseline,6,38.514458
string128,sip,1024,mixed-95,quick_cache,6,42.575749
string128,sip,1024,mixed-95,lru,6,41.836882
string128,sip,1024,mixed-95,hashlink,6,41.350977
string128,sip,1024,mixed-95,micro,6,38.710274
string128,sip,1024,mixed-95,quick_cache,7,42.636450
string128,sip,1024,mixed-95,lru,7,42.681885
string128,sip,1024,mixed-95,hashlink,7,41.383195
string128,sip,1024,mixed-95,micro,7,39.248466
string128,sip,1024,mixed-95,baseline,7,39.853737
string128,sip,1024,mixed-95,lru,8,41.891479
string128,sip,1024,mixed-95,hashlink,8,42.280412
string128,sip,1024,mixed-95,micro,8,39.651871
string128,sip,1024,mixed-95,baseline,8,40.165268
string128,sip,1024,mixed-95,quick_cache,8,44.869202
string128,sip,1024,load-hit,micro,0,38.928032
string128,sip,1024,load-hit,baseline,0,46.152387
string128,sip,1024,load-hit,quick_cache,0,38.610458
string128,sip,1024,load-hit,lru,0,39.022766
string128,sip,1024,load-hit,hashlink,0,36.075662
string128,sip,1024,load-hit,baseline,1,46.708243
string128,sip,1024,load-hit,quick_cache,1,39.526299
string128,sip,1024,load-hit,lru,1,39.060272
string128,sip,1024,load-hit,hashlink,1,35.414802
string128,sip,1024,load-hit,micro,1,38.536385
string128,sip,1024,load-hit,quick_cache,2,39.036438
string128,sip,1024,load-hit,lru,2,39.090797
string128,sip,1024,load-hit,hashlink,2,35.318732
string128,sip,1024,load-hit,micro,2,38.255692
string128,sip,1024,load-hit,baseline,2,46.722046
string128,sip,1024,load-hit,lru,3,39.243065
string128,sip,1024,load-hit,hashlink,3,34.980774
string128,sip,1024,load-hit,micro,3,38.119744
string128,sip,1024,load-hit,baseline,3,46.363098
string128,sip,1024,load-hit,quick_cache,3,39.724670
string128,sip,1024,load-hit,hashlink,4,35.484314
string128,sip,1024,load-hit,micro,4,38.648926
string128,sip,1024,load-hit,baseline,4,46.676993
string128,sip,1024,load-hit,quick_cache,4,39.113686
string128,sip,1024,load-hit,lru,4,38.810730
string128,sip,1024,load-hit,micro,5,38.366005
string128,sip,1024,load-hit,baseline,5,45.935495
string128,sip,1024,load-hit,quick_cache,5,39.189018
string128,sip,1024,load-hit,lru,5,38.971588
string128,sip,1024,load-hit,hashlink,5,35.906329
string128,sip,1024,load-hit,baseline,6,45.967468
string128,sip,1024,load-hit,quick_cache,6,39.087296
string128,sip,1024,load-hit,lru,6,38.956642
string128,sip,1024,load-hit,hashlink,6,35.634922
string128,sip,1024,load-hit,micro,6,39.108910
string128,sip,1024,load-hit,quick_cache,7,39.004959
string128,sip,1024,load-hit,lru,7,39.136887
string128,sip,1024,load-hit,hashlink,7,35.281148
string128,sip,1024,load-hit,micro,7,38.216591
string128,sip,1024,load-hit,baseline,7,46.054661
string128,sip,1024,load-hit,lru,8,39.114319
string128,sip,1024,load-hit,hashlink,8,34.910699
string128,sip,1024,load-hit,micro,8,38.252190
string128,sip,1024,load-hit,baseline,8,46.434309
string128,sip,1024,load-hit,quick_cache,8,39.512314
string128,sip,1024,load-cycle,micro,0,70.501995
string128,sip,1024,load-cycle,baseline,0,69.778292
string128,sip,1024,load-cycle,quick_cache,0,51.386515
string128,sip,1024,load-cycle,lru,0,126.388550
string128,sip,1024,load-cycle,hashlink,0,147.799604
string128,sip,1024,load-cycle,baseline,1,138.892280
string128,sip,1024,load-cycle,quick_cache,1,138.688829
string128,sip,1024,load-cycle,lru,1,436.314880
string128,sip,1024,load-cycle,hashlink,1,149.270450
string128,sip,1024,load-cycle,micro,1,86.127627
string128,sip,1024,load-cycle,quick_cache,2,50.752601
string128,sip,1024,load-cycle,lru,2,131.881990
string128,sip,1024,load-cycle,hashlink,2,152.790154
string128,sip,1024,load-cycle,micro,2,79.094333
string128,sip,1024,load-cycle,baseline,2,78.811476
string128,sip,1024,load-cycle,lru,3,132.965640
string128,sip,1024,load-cycle,hashlink,3,150.524673
string128,sip,1024,load-cycle,micro,3,77.630997
string128,sip,1024,load-cycle,baseline,3,79.660723
string128,sip,1024,load-cycle,quick_cache,3,52.366429
string128,sip,1024,load-cycle,hashlink,4,153.083801
string128,sip,1024,load-cycle,micro,4,80.347199
string128,sip,1024,load-cycle,baseline,4,78.212738
string128,sip,1024,load-cycle,quick_cache,4,50.185427
string128,sip,1024,load-cycle,lru,4,134.503264
string128,sip,1024,load-cycle,micro,5,78.085587
string128,sip,1024,load-cycle,baseline,5,78.019455
string128,sip,1024,load-cycle,quick_cache,5,50.967743
string128,sip,1024,load-cycle,lru,5,137.316678
string128,sip,1024,load-cycle,hashlink,5,154.233276
string128,sip,1024,load-cycle,baseline,6,78.044266
string128,sip,1024,load-cycle,quick_cache,6,50.885091
string128,sip,1024,load-cycle,lru,6,137.534804
string128,sip,1024,load-cycle,hashlink,6,152.770996
string128,sip,1024,load-cycle,micro,6,80.384624
string128,sip,1024,load-cycle,quick_cache,7,50.957998
string128,sip,1024,load-cycle,lru,7,135.670980
string128,sip,1024,load-cycle,hashlink,7,153.797150
string128,sip,1024,load-cycle,micro,7,80.521768
string128,sip,1024,load-cycle,baseline,7,78.979492
string128,sip,1024,load-cycle,lru,8,138.098823
string128,sip,1024,load-cycle,hashlink,8,152.013442
string128,sip,1024,load-cycle,micro,8,78.779974
string128,sip,1024,load-cycle,baseline,8,78.587845
string128,sip,1024,load-cycle,quick_cache,8,51.628530
string128,sip,1024,clear-refill,micro,0,47875.390476
string128,sip,1024,clear-refill,baseline,0,51027.777778
string128,sip,1024,clear-refill,quick_cache,0,50840.070707
string128,sip,1024,clear-refill,lru,0,132872.815789
string128,sip,1024,clear-refill,hashlink,0,87747.087719
string128,sip,1024,clear-refill,baseline,1,50220.830000
string128,sip,1024,clear-refill,quick_cache,1,51079.500000
string128,sip,1024,clear-refill,lru,1,130758.564103
string128,sip,1024,clear-refill,hashlink,1,87522.275862
string128,sip,1024,clear-refill,micro,1,49263.480392
string128,sip,1024,clear-refill,quick_cache,2,50400.000000
string128,sip,1024,clear-refill,lru,2,131901.315789
string128,sip,1024,clear-refill,hashlink,2,85728.118644
string128,sip,1024,clear-refill,micro,2,48669.087379
string128,sip,1024,clear-refill,baseline,2,49537.128713
string128,sip,1024,clear-refill,lru,3,133557.026316
string128,sip,1024,clear-refill,hashlink,3,85257.067797
string128,sip,1024,clear-refill,micro,3,49136.441176
string128,sip,1024,clear-refill,baseline,3,49250.411765
string128,sip,1024,clear-refill,quick_cache,3,51425.602041
string128,sip,1024,clear-refill,hashlink,4,85875.000000
string128,sip,1024,clear-refill,micro,4,48957.932039
string128,sip,1024,clear-refill,baseline,4,49151.549020
string128,sip,1024,clear-refill,quick_cache,4,51079.510204
string128,sip,1024,clear-refill,lru,4,131419.871795
string128,sip,1024,clear-refill,micro,5,49604.376238
string128,sip,1024,clear-refill,baseline,5,48564.728155
string128,sip,1024,clear-refill,quick_cache,5,49795.386139
string128,sip,1024,clear-refill,lru,5,130988.256410
string128,sip,1024,clear-refill,hashlink,5,83513.883333
string128,sip,1024,clear-refill,baseline,6,49691.009901
string128,sip,1024,clear-refill,quick_cache,6,49968.643564
string128,sip,1024,clear-refill,lru,6,130199.794872
string128,sip,1024,clear-refill,hashlink,6,85308.627119
string128,sip,1024,clear-refill,micro,6,48621.359223
string128,sip,1024,clear-refill,quick_cache,7,50727.272727
string128,sip,1024,clear-refill,lru,7,131578.000000
string128,sip,1024,clear-refill,hashlink,7,83837.500000
string128,sip,1024,clear-refill,micro,7,50401.250000
string128,sip,1024,clear-refill,baseline,7,48612.466019
string128,sip,1024,clear-refill,lru,8,130006.410256
string128,sip,1024,clear-refill,hashlink,8,84241.666667
string128,sip,1024,clear-refill,micro,8,48589.000000
string128,sip,1024,clear-refill,baseline,8,49130.715686
string128,sip,1024,clear-refill,quick_cache,8,50285.840000
string128,sip,1024,clear-empty,micro,0,0.365630
string128,sip,1024,clear-empty,baseline,0,49.167959
string128,sip,1024,clear-empty,quick_cache,0,4.006189
string128,sip,1024,clear-empty,lru,0,2.228037
string128,sip,1024,clear-empty,hashlink,0,0.612299
string128,sip,1024,clear-empty,baseline,1,48.187106
string128,sip,1024,clear-empty,quick_cache,1,4.001366
string128,sip,1024,clear-empty,lru,1,2.257409
string128,sip,1024,clear-empty,hashlink,1,0.613930
string128,sip,1024,clear-empty,micro,1,0.370689
string128,sip,1024,clear-empty,quick_cache,2,4.066368
string128,sip,1024,clear-empty,lru,2,2.229179
string128,sip,1024,clear-empty,hashlink,2,0.609918
string128,sip,1024,clear-empty,micro,2,0.363477
string128,sip,1024,clear-empty,baseline,2,47.986395
string128,sip,1024,clear-empty,lru,3,2.212922
string128,sip,1024,clear-empty,hashlink,3,0.608128
string128,sip,1024,clear-empty,micro,3,0.366904
string128,sip,1024,clear-empty,baseline,3,47.905015
string128,sip,1024,clear-empty,quick_cache,3,3.953685
string128,sip,1024,clear-empty,hashlink,4,0.610109
string128,sip,1024,clear-empty,micro,4,0.366946
string128,sip,1024,clear-empty,baseline,4,48.717594
string128,sip,1024,clear-empty,quick_cache,4,4.023417
string128,sip,1024,clear-empty,lru,4,2.229036
string128,sip,1024,clear-empty,micro,5,0.362825
string128,sip,1024,clear-empty,baseline,5,47.895039
string128,sip,1024,clear-empty,quick_cache,5,3.909117
string128,sip,1024,clear-empty,lru,5,2.214147
string128,sip,1024,clear-empty,hashlink,5,0.609171
string128,sip,1024,clear-empty,baseline,6,47.634153
string128,sip,1024,clear-empty,quick_cache,6,3.965129
string128,sip,1024,clear-empty,lru,6,2.213552
string128,sip,1024,clear-empty,hashlink,6,0.614751
string128,sip,1024,clear-empty,micro,6,0.366636
string128,sip,1024,clear-empty,quick_cache,7,3.944376
string128,sip,1024,clear-empty,lru,7,2.216389
string128,sip,1024,clear-empty,hashlink,7,0.609856
string128,sip,1024,clear-empty,micro,7,0.366639
string128,sip,1024,clear-empty,baseline,7,48.690065
string128,sip,1024,clear-empty,lru,8,2.228850
string128,sip,1024,clear-empty,hashlink,8,0.608636
string128,sip,1024,clear-empty,micro,8,0.364093
string128,sip,1024,clear-empty,baseline,8,48.236159
string128,sip,1024,clear-empty,quick_cache,8,3.985969
string128,sip,1024,iter-dense,micro,0,179.191765
string128,sip,1024,iter-dense,baseline,0,274.913500
string128,sip,1024,iter-dense,quick_cache,0,254.346646
string128,sip,1024,iter-dense,lru,0,1293.786415
string128,sip,1024,iter-dense,hashlink,0,1297.596074
string128,sip,1024,iter-dense,baseline,1,273.987029
string128,sip,1024,iter-dense,quick_cache,1,256.371670
string128,sip,1024,iter-dense,lru,1,1362.941576
string128,sip,1024,iter-dense,hashlink,1,1267.137097
string128,sip,1024,iter-dense,micro,1,181.096719
string128,sip,1024,iter-dense,quick_cache,2,261.114409
string128,sip,1024,iter-dense,lru,2,1389.518805
string128,sip,1024,iter-dense,hashlink,2,1267.473034
string128,sip,1024,iter-dense,micro,2,179.132660
string128,sip,1024,iter-dense,baseline,2,274.275822
string128,sip,1024,iter-dense,lru,3,1316.603204
string128,sip,1024,iter-dense,hashlink,3,1265.572329
string128,sip,1024,iter-dense,micro,3,179.181880
string128,sip,1024,iter-dense,baseline,3,274.280428
string128,sip,1024,iter-dense,quick_cache,3,248.600606
string128,sip,1024,iter-dense,hashlink,4,1317.949055
string128,sip,1024,iter-dense,micro,4,180.530997
string128,sip,1024,iter-dense,baseline,4,274.328399
string128,sip,1024,iter-dense,quick_cache,4,254.266209
string128,sip,1024,iter-dense,lru,4,1321.745798
string128,sip,1024,iter-dense,micro,5,181.448775
string128,sip,1024,iter-dense,baseline,5,280.129928
string128,sip,1024,iter-dense,quick_cache,5,254.508500
string128,sip,1024,iter-dense,lru,5,1350.327586
string128,sip,1024,iter-dense,hashlink,5,1268.869708
string128,sip,1024,iter-dense,baseline,6,272.076522
string128,sip,1024,iter-dense,quick_cache,6,258.102568
string128,sip,1024,iter-dense,lru,6,1293.151601
string128,sip,1024,iter-dense,hashlink,6,1262.831905
string128,sip,1024,iter-dense,micro,6,179.955696
string128,sip,1024,iter-dense,quick_cache,7,255.440257
string128,sip,1024,iter-dense,lru,7,1395.217355
string128,sip,1024,iter-dense,hashlink,7,1284.473361
string128,sip,1024,iter-dense,micro,7,185.195127
string128,sip,1024,iter-dense,baseline,7,283.785617
string128,sip,1024,iter-dense,lru,8,1297.994318
string128,sip,1024,iter-dense,hashlink,8,1274.464431
string128,sip,1024,iter-dense,micro,8,183.110400
string128,sip,1024,iter-dense,baseline,8,275.949846
string128,sip,1024,iter-dense,quick_cache,8,250.913323
string128,sip,1024,iter-dense-for,micro,0,276.331548
string128,sip,1024,iter-dense-for,baseline,0,274.709853
string128,sip,1024,iter-dense-for,quick_cache,0,517.586714
string128,sip,1024,iter-dense-for,lru,0,778.036847
string128,sip,1024,iter-dense-for,hashlink,0,917.451023
string128,sip,1024,iter-dense-for,baseline,1,276.850608
string128,sip,1024,iter-dense-for,quick_cache,1,516.123453
string128,sip,1024,iter-dense-for,lru,1,780.582711
string128,sip,1024,iter-dense-for,hashlink,1,930.617560
string128,sip,1024,iter-dense-for,micro,1,276.326910
string128,sip,1024,iter-dense-for,quick_cache,2,514.485609
string128,sip,1024,iter-dense-for,lru,2,765.963235
string128,sip,1024,iter-dense-for,hashlink,2,936.735966
string128,sip,1024,iter-dense-for,micro,2,279.994521
string128,sip,1024,iter-dense-for,baseline,2,276.977323
string128,sip,1024,iter-dense-for,lru,3,778.166511
string128,sip,1024,iter-dense-for,hashlink,3,919.132904
string128,sip,1024,iter-dense-for,micro,3,276.269435
string128,sip,1024,iter-dense-for,baseline,3,276.555586
string128,sip,1024,iter-dense-for,quick_cache,3,514.909642
string128,sip,1024,iter-dense-for,hashlink,4,899.612428
string128,sip,1024,iter-dense-for,micro,4,281.928041
string128,sip,1024,iter-dense-for,baseline,4,272.151250
string128,sip,1024,iter-dense-for,quick_cache,4,509.657471
string128,sip,1024,iter-dense-for,lru,4,770.147014
string128,sip,1024,iter-dense-for,micro,5,274.216447
string128,sip,1024,iter-dense-for,baseline,5,276.432752
string128,sip,1024,iter-dense-for,quick_cache,5,508.167614
string128,sip,1024,iter-dense-for,lru,5,770.159945
string128,sip,1024,iter-dense-for,hashlink,5,965.872492
string128,sip,1024,iter-dense-for,baseline,6,265.490132
string128,sip,1024,iter-dense-for,quick_cache,6,500.955729
string128,sip,1024,iter-dense-for,lru,6,745.393155
string128,sip,1024,iter-dense-for,hashlink,6,879.966819
string128,sip,1024,iter-dense-for,micro,6,273.032995
string128,sip,1024,iter-dense-for,quick_cache,7,508.961828
string128,sip,1024,iter-dense-for,lru,7,750.517045
string128,sip,1024,iter-dense-for,hashlink,7,885.777013
string128,sip,1024,iter-dense-for,micro,7,274.367215
string128,sip,1024,iter-dense-for,baseline,7,276.094578
string128,sip,1024,iter-dense-for,lru,8,763.363872
string128,sip,1024,iter-dense-for,hashlink,8,894.657857
string128,sip,1024,iter-dense-for,micro,8,273.430671
string128,sip,1024,iter-dense-for,baseline,8,274.076018
string128,sip,1024,iter-dense-for,quick_cache,8,273.879871
string128,sip,1024,iter-density-1pct,micro,0,7.365727
string128,sip,1024,iter-density-1pct,baseline,0,326.817458
string128,sip,1024,iter-density-1pct,quick_cache,0,176.653708
string128,sip,1024,iter-density-1pct,lru,0,4.458935
string128,sip,1024,iter-density-1pct,hashlink,0,4.261360
string128,sip,1024,iter-density-1pct,baseline,1,328.043108
string128,sip,1024,iter-density-1pct,quick_cache,1,175.395448
string128,sip,1024,iter-density-1pct,lru,1,4.376383
string128,sip,1024,iter-density-1pct,hashlink,1,4.348976
string128,sip,1024,iter-density-1pct,micro,1,7.255967
string128,sip,1024,iter-density-1pct,quick_cache,2,177.523766
string128,sip,1024,iter-density-1pct,lru,2,4.426220
string128,sip,1024,iter-density-1pct,hashlink,2,4.300096
string128,sip,1024,iter-density-1pct,micro,2,7.226677
string128,sip,1024,iter-density-1pct,baseline,2,318.371309
string128,sip,1024,iter-density-1pct,lru,3,4.343366
string128,sip,1024,iter-density-1pct,hashlink,3,4.362527
string128,sip,1024,iter-density-1pct,micro,3,7.228074
string128,sip,1024,iter-density-1pct,baseline,3,328.707655
string128,sip,1024,iter-density-1pct,quick_cache,3,175.201724
string128,sip,1024,iter-density-1pct,hashlink,4,4.260860
string128,sip,1024,iter-density-1pct,micro,4,7.249018
string128,sip,1024,iter-density-1pct,baseline,4,328.097681
string128,sip,1024,iter-density-1pct,quick_cache,4,175.412984
string128,sip,1024,iter-density-1pct,lru,4,4.377609
string128,sip,1024,iter-density-1pct,micro,5,7.235928
string128,sip,1024,iter-density-1pct,baseline,5,330.866808
string128,sip,1024,iter-density-1pct,quick_cache,5,176.130244
string128,sip,1024,iter-density-1pct,lru,5,4.415948
string128,sip,1024,iter-density-1pct,hashlink,5,4.271261
string128,sip,1024,iter-density-1pct,baseline,6,328.261752
string128,sip,1024,iter-density-1pct,quick_cache,6,176.552801
string128,sip,1024,iter-density-1pct,lru,6,4.536349
string128,sip,1024,iter-density-1pct,hashlink,6,4.306259
string128,sip,1024,iter-density-1pct,micro,6,7.262833
string128,sip,1024,iter-density-1pct,quick_cache,7,175.522587
string128,sip,1024,iter-density-1pct,lru,7,4.425756
string128,sip,1024,iter-density-1pct,hashlink,7,4.281092
string128,sip,1024,iter-density-1pct,micro,7,7.223003
string128,sip,1024,iter-density-1pct,baseline,7,330.753964
string128,sip,1024,iter-density-1pct,lru,8,4.400417
string128,sip,1024,iter-density-1pct,hashlink,8,4.314427
string128,sip,1024,iter-density-1pct,micro,8,7.326799
string128,sip,1024,iter-density-1pct,baseline,8,329.366776
string128,sip,1024,iter-density-1pct,quick_cache,8,175.255746
string128,sip,1024,iter-density-6pct,micro,0,186.923744
string128,sip,1024,iter-density-6pct,baseline,0,302.226910
string128,sip,1024,iter-density-6pct,quick_cache,0,181.243084
string128,sip,1024,iter-density-6pct,lru,0,53.565757
string128,sip,1024,iter-density-6pct,hashlink,0,51.432295
string128,sip,1024,iter-density-6pct,baseline,1,298.368380
string128,sip,1024,iter-density-6pct,quick_cache,1,179.302251
string128,sip,1024,iter-density-6pct,lru,1,51.492144
string128,sip,1024,iter-density-6pct,hashlink,1,50.930645
string128,sip,1024,iter-density-6pct,micro,1,187.379796
string128,sip,1024,iter-density-6pct,quick_cache,2,179.561926
string128,sip,1024,iter-density-6pct,lru,2,51.620055
string128,sip,1024,iter-density-6pct,hashlink,2,50.792259
string128,sip,1024,iter-density-6pct,micro,2,189.845002
string128,sip,1024,iter-density-6pct,baseline,2,303.410680
string128,sip,1024,iter-density-6pct,lru,3,51.340321
string128,sip,1024,iter-density-6pct,hashlink,3,50.812581
string128,sip,1024,iter-density-6pct,micro,3,187.150711
string128,sip,1024,iter-density-6pct,baseline,3,279.871031
string128,sip,1024,iter-density-6pct,quick_cache,3,181.482615
string128,sip,1024,iter-density-6pct,hashlink,4,51.526954
string128,sip,1024,iter-density-6pct,micro,4,188.632464
string128,sip,1024,iter-density-6pct,baseline,4,303.995927
string128,sip,1024,iter-density-6pct,quick_cache,4,183.866434
string128,sip,1024,iter-density-6pct,lru,4,52.457484
string128,sip,1024,iter-density-6pct,micro,5,187.459382
string128,sip,1024,iter-density-6pct,baseline,5,306.170499
string128,sip,1024,iter-density-6pct,quick_cache,5,180.580615
string128,sip,1024,iter-density-6pct,lru,5,52.490091
string128,sip,1024,iter-density-6pct,hashlink,5,51.986309
string128,sip,1024,iter-density-6pct,baseline,6,301.897321
string128,sip,1024,iter-density-6pct,quick_cache,6,179.600682
string128,sip,1024,iter-density-6pct,lru,6,52.400340
string128,sip,1024,iter-density-6pct,hashlink,6,52.082462
string128,sip,1024,iter-density-6pct,micro,6,191.634421
string128,sip,1024,iter-density-6pct,quick_cache,7,184.692671
string128,sip,1024,iter-density-6pct,lru,7,53.196626
string128,sip,1024,iter-density-6pct,hashlink,7,51.986309
string128,sip,1024,iter-density-6pct,micro,7,189.737561
string128,sip,1024,iter-density-6pct,baseline,7,305.908085
string128,sip,1024,iter-density-6pct,lru,8,52.535882
string128,sip,1024,iter-density-6pct,hashlink,8,52.165043
string128,sip,1024,iter-density-6pct,micro,8,189.181976
string128,sip,1024,iter-density-6pct,baseline,8,305.608093
string128,sip,1024,iter-density-6pct,quick_cache,8,180.609195
string128,sip,1024,iter-density-quarter,micro,0,190.421361
string128,sip,1024,iter-density-quarter,baseline,0,265.154926
string128,sip,1024,iter-density-quarter,quick_cache,0,196.260077
string128,sip,1024,iter-density-quarter,lru,0,307.012832
string128,sip,1024,iter-density-quarter,hashlink,0,301.543895
string128,sip,1024,iter-density-quarter,baseline,1,262.041562
string128,sip,1024,iter-density-quarter,quick_cache,1,200.149048
string128,sip,1024,iter-density-quarter,lru,1,307.077206
string128,sip,1024,iter-density-quarter,hashlink,1,298.711355
string128,sip,1024,iter-density-quarter,micro,1,187.545264
string128,sip,1024,iter-density-quarter,quick_cache,2,196.886807
string128,sip,1024,iter-density-quarter,lru,2,306.292808
string128,sip,1024,iter-density-quarter,hashlink,2,301.277999
string128,sip,1024,iter-density-quarter,micro,2,187.250487
string128,sip,1024,iter-density-quarter,baseline,2,261.694816
string128,sip,1024,iter-density-quarter,lru,3,303.175993
string128,sip,1024,iter-density-quarter,hashlink,3,306.068554
string128,sip,1024,iter-density-quarter,micro,3,189.458636
string128,sip,1024,iter-density-quarter,baseline,3,261.893216
string128,sip,1024,iter-density-quarter,quick_cache,3,195.953752
string128,sip,1024,iter-density-quarter,hashlink,4,303.810194
string128,sip,1024,iter-density-quarter,micro,4,191.469974
string128,sip,1024,iter-density-quarter,baseline,4,264.389012
string128,sip,1024,iter-density-quarter,quick_cache,4,196.193068
string128,sip,1024,iter-density-quarter,lru,4,308.984869
string128,sip,1024,iter-density-quarter,micro,5,187.847431
string128,sip,1024,iter-density-quarter,baseline,5,262.098252
string128,sip,1024,iter-density-quarter,quick_cache,5,195.994518
string128,sip,1024,iter-density-quarter,lru,5,306.188295
string128,sip,1024,iter-density-quarter,hashlink,5,299.511614
string128,sip,1024,iter-density-quarter,baseline,6,262.144054
string128,sip,1024,iter-density-quarter,quick_cache,6,196.761989
string128,sip,1024,iter-density-quarter,lru,6,308.791482
string128,sip,1024,iter-density-quarter,hashlink,6,299.006154
string128,sip,1024,iter-density-quarter,micro,6,187.428207
string128,sip,1024,iter-density-quarter,quick_cache,7,196.442800
string128,sip,1024,iter-density-quarter,lru,7,306.137353
string128,sip,1024,iter-density-quarter,hashlink,7,312.120571
string128,sip,1024,iter-density-quarter,micro,7,189.422348
string128,sip,1024,iter-density-quarter,baseline,7,262.496487
string128,sip,1024,iter-density-quarter,lru,8,306.648284
string128,sip,1024,iter-density-quarter,hashlink,8,301.571532
string128,sip,1024,iter-density-quarter,micro,8,186.404313
string128,sip,1024,iter-density-quarter,baseline,8,257.615167
string128,sip,1024,iter-density-quarter,quick_cache,8,195.991267
string128,sip,1024,iter-density-half,micro,0,183.982831
string128,sip,1024,iter-density-half,baseline,0,265.760045
string128,sip,1024,iter-density-half,quick_cache,0,201.278274
string128,sip,1024,iter-density-half,lru,0,669.120593
string128,sip,1024,iter-density-half,hashlink,0,622.163318
string128,sip,1024,iter-density-half,baseline,1,261.348610
string128,sip,1024,iter-density-half,quick_cache,1,196.630975
string128,sip,1024,iter-density-half,lru,1,655.454629
string128,sip,1024,iter-density-half,hashlink,1,645.104681
string128,sip,1024,iter-density-half,micro,1,186.301922
string128,sip,1024,iter-density-half,quick_cache,2,197.423453
string128,sip,1024,iter-density-half,lru,2,656.189984
string128,sip,1024,iter-density-half,hashlink,2,619.765934
string128,sip,1024,iter-density-half,micro,2,183.363277
string128,sip,1024,iter-density-half,baseline,2,263.193971
string128,sip,1024,iter-density-half,lru,3,649.755835
string128,sip,1024,iter-density-half,hashlink,3,620.468626
string128,sip,1024,iter-density-half,micro,3,183.726865
string128,sip,1024,iter-density-half,baseline,3,262.957405
string128,sip,1024,iter-density-half,quick_cache,3,199.349968
string128,sip,1024,iter-density-half,hashlink,4,746.781994
string128,sip,1024,iter-density-half,micro,4,183.572366
string128,sip,1024,iter-density-half,baseline,4,262.317324
string128,sip,1024,iter-density-half,quick_cache,4,222.164284
string128,sip,1024,iter-density-half,lru,4,693.589878
string128,sip,1024,iter-density-half,micro,5,187.446905
string128,sip,1024,iter-density-half,baseline,5,254.665411
string128,sip,1024,iter-density-half,quick_cache,5,194.659013
string128,sip,1024,iter-density-half,lru,5,621.579489
string128,sip,1024,iter-density-half,hashlink,5,611.272217
string128,sip,1024,iter-density-half,baseline,6,260.601146
string128,sip,1024,iter-density-half,quick_cache,6,192.791808
string128,sip,1024,iter-density-half,lru,6,599.462165
string128,sip,1024,iter-density-half,hashlink,6,595.428351
string128,sip,1024,iter-density-half,micro,6,184.803487
string128,sip,1024,iter-density-half,quick_cache,7,199.639448
string128,sip,1024,iter-density-half,lru,7,627.385500
string128,sip,1024,iter-density-half,hashlink,7,614.813113
string128,sip,1024,iter-density-half,micro,7,184.070708
string128,sip,1024,iter-density-half,baseline,7,262.994538
string128,sip,1024,iter-density-half,lru,8,640.051020
string128,sip,1024,iter-density-half,hashlink,8,643.502443
string128,sip,1024,iter-density-half,micro,8,184.300081
string128,sip,1024,iter-density-half,baseline,8,263.747629
string128,sip,1024,iter-density-half,quick_cache,8,198.458677
string128,sip,1024,iter-front,micro,0,1.170684
string128,sip,1024,iter-front,baseline,0,260.901398
string128,sip,1024,iter-front,quick_cache,0,165.733232
string128,sip,1024,iter-front,lru,0,1.194745
string128,sip,1024,iter-front,hashlink,0,1.151471
string128,sip,1024,iter-front,baseline,1,250.135400
string128,sip,1024,iter-front,quick_cache,1,163.919189
string128,sip,1024,iter-front,lru,1,1.205614
string128,sip,1024,iter-front,hashlink,1,1.175378
string128,sip,1024,iter-front,micro,1,1.165088
string128,sip,1024,iter-front,quick_cache,2,182.855154
string128,sip,1024,iter-front,lru,2,1.217355
string128,sip,1024,iter-front,hashlink,2,1.162644
string128,sip,1024,iter-front,micro,2,1.161088
string128,sip,1024,iter-front,baseline,2,251.828402
string128,sip,1024,iter-front,lru,3,1.200326
string128,sip,1024,iter-front,hashlink,3,1.202450
string128,sip,1024,iter-front,micro,3,1.182279
string128,sip,1024,iter-front,baseline,3,254.934288
string128,sip,1024,iter-front,quick_cache,3,161.979177
string128,sip,1024,iter-front,hashlink,4,1.162644
string128,sip,1024,iter-front,micro,4,1.195458
string128,sip,1024,iter-front,baseline,4,272.074293
string128,sip,1024,iter-front,quick_cache,4,169.120062
string128,sip,1024,iter-front,lru,4,1.250851
string128,sip,1024,iter-front,micro,5,1.201553
string128,sip,1024,iter-front,baseline,5,281.756757
string128,sip,1024,iter-front,quick_cache,5,172.328659
string128,sip,1024,iter-front,lru,5,1.229299
string128,sip,1024,iter-front,hashlink,5,1.174733
string128,sip,1024,iter-front,baseline,6,259.250622
string128,sip,1024,iter-front,quick_cache,6,167.342813
string128,sip,1024,iter-front,lru,6,1.204202
string128,sip,1024,iter-front,hashlink,6,1.171395
string128,sip,1024,iter-front,micro,6,1.168050
string128,sip,1024,iter-front,quick_cache,7,166.451744
string128,sip,1024,iter-front,lru,7,1.200925
string128,sip,1024,iter-front,hashlink,7,1.159658
string128,sip,1024,iter-front,micro,7,1.186787
string128,sip,1024,iter-front,baseline,7,263.430713
string128,sip,1024,iter-front,lru,8,1.207552
string128,sip,1024,iter-front,hashlink,8,1.163821
string128,sip,1024,iter-front,micro,8,1.168687
string128,sip,1024,iter-front,baseline,8,266.627609
string128,sip,1024,iter-front,quick_cache,8,167.379048
string128,sip,1024,iter-back,micro,0,1.184726
string128,sip,1024,iter-back,baseline,0,263.593908
string128,sip,1024,iter-back,quick_cache,0,168.084946
string128,sip,1024,iter-back,lru,0,1.211766
string128,sip,1024,iter-back,hashlink,0,1.166985
string128,sip,1024,iter-back,baseline,1,265.288996
string128,sip,1024,iter-back,quick_cache,1,167.017228
string128,sip,1024,iter-back,lru,1,1.205605
string128,sip,1024,iter-back,hashlink,1,1.178152
string128,sip,1024,iter-back,micro,1,1.200732
string128,sip,1024,iter-back,quick_cache,2,166.863994
string128,sip,1024,iter-back,lru,2,1.201683
string128,sip,1024,iter-back,hashlink,2,1.173286
string128,sip,1024,iter-back,micro,2,1.195641
string128,sip,1024,iter-back,baseline,2,272.598214
string128,sip,1024,iter-back,lru,3,1.224290
string128,sip,1024,iter-back,hashlink,3,1.179931
string128,sip,1024,iter-back,micro,3,1.177805
string128,sip,1024,iter-back,baseline,3,265.494588
string128,sip,1024,iter-back,quick_cache,3,166.471146
string128,sip,1024,iter-back,hashlink,4,1.179397
string128,sip,1024,iter-back,micro,4,1.184268
string128,sip,1024,iter-back,baseline,4,264.582910
string128,sip,1024,iter-back,quick_cache,4,165.795367
string128,sip,1024,iter-back,lru,4,1.214234
string128,sip,1024,iter-back,micro,5,1.201249
string128,sip,1024,iter-back,baseline,5,264.206345
string128,sip,1024,iter-back,quick_cache,5,165.884322
string128,sip,1024,iter-back,lru,5,1.204155
string128,sip,1024,iter-back,hashlink,5,1.201110
string128,sip,1024,iter-back,baseline,6,271.216963
string128,sip,1024,iter-back,quick_cache,6,168.237857
string128,sip,1024,iter-back,lru,6,1.201868
string128,sip,1024,iter-back,hashlink,6,1.171219
string128,sip,1024,iter-back,micro,6,1.183658
string128,sip,1024,iter-back,quick_cache,7,167.220922
string128,sip,1024,iter-back,lru,7,1.201710
string128,sip,1024,iter-back,hashlink,7,1.166811
string128,sip,1024,iter-back,micro,7,1.193851
string128,sip,1024,iter-back,baseline,7,266.967097
string128,sip,1024,iter-back,lru,8,1.212622
string128,sip,1024,iter-back,hashlink,8,1.184008
string128,sip,1024,iter-back,micro,8,1.187734
string128,sip,1024,iter-back,baseline,8,263.147990
string128,sip,1024,iter-back,quick_cache,8,166.440628
string128,sip,1024,iter-empty,micro,0,0.789832
string128,sip,1024,iter-empty,baseline,0,270.758975
string128,sip,1024,iter-empty,quick_cache,0,165.275139
string128,sip,1024,iter-empty,lru,0,1.020068
string128,sip,1024,iter-empty,hashlink,0,1.012303
string128,sip,1024,iter-empty,baseline,1,261.151398
string128,sip,1024,iter-empty,quick_cache,1,163.990097
string128,sip,1024,iter-empty,lru,1,1.005327
string128,sip,1024,iter-empty,hashlink,1,1.010987
string128,sip,1024,iter-empty,micro,1,0.784041
string128,sip,1024,iter-empty,quick_cache,2,165.217297
string128,sip,1024,iter-empty,lru,2,1.013485
string128,sip,1024,iter-empty,hashlink,2,1.025525
string128,sip,1024,iter-empty,micro,2,0.779290
string128,sip,1024,iter-empty,baseline,2,260.772552
string128,sip,1024,iter-empty,lru,3,0.998952
string128,sip,1024,iter-empty,hashlink,3,1.017876
string128,sip,1024,iter-empty,micro,3,0.792958
string128,sip,1024,iter-empty,baseline,3,250.300000
string128,sip,1024,iter-empty,quick_cache,3,193.176723
string128,sip,1024,iter-empty,hashlink,4,1.013781
string128,sip,1024,iter-empty,micro,4,0.781227
string128,sip,1024,iter-empty,baseline,4,263.465856
string128,sip,1024,iter-empty,quick_cache,4,195.297870
string128,sip,1024,iter-empty,lru,4,0.999789
string128,sip,1024,iter-empty,micro,5,0.782247
string128,sip,1024,iter-empty,baseline,5,262.019734
string128,sip,1024,iter-empty,quick_cache,5,197.223755
string128,sip,1024,iter-empty,lru,5,1.015930
string128,sip,1024,iter-empty,hashlink,5,1.016379
string128,sip,1024,iter-empty,baseline,6,262.828256
string128,sip,1024,iter-empty,quick_cache,6,195.653082
string128,sip,1024,iter-empty,lru,6,1.014848
string128,sip,1024,iter-empty,hashlink,6,1.034631
string128,sip,1024,iter-empty,micro,6,0.798155
string128,sip,1024,iter-empty,quick_cache,7,197.031093
string128,sip,1024,iter-empty,lru,7,1.003404
string128,sip,1024,iter-empty,hashlink,7,1.018240
string128,sip,1024,iter-empty,micro,7,0.783809
string128,sip,1024,iter-empty,baseline,7,267.470139
string128,sip,1024,iter-empty,lru,8,1.002129
string128,sip,1024,iter-empty,hashlink,8,1.015679
string128,sip,1024,iter-empty,micro,8,0.787987
string128,sip,1024,iter-empty,baseline,8,267.532532
string128,sip,1024,iter-empty,quick_cache,8,198.722403
string128,sip,1024,iter-count,micro,0,0.397834
string128,sip,1024,iter-count,baseline,0,266.480627
string128,sip,1024,iter-count,quick_cache,0,495.019531
string128,sip,1024,iter-count,lru,0,0.392654
string128,sip,1024,iter-count,hashlink,0,0.398646
string128,sip,1024,iter-count,baseline,1,262.736562
string128,sip,1024,iter-count,quick_cache,1,497.119141
string128,sip,1024,iter-count,lru,1,0.390269
string128,sip,1024,iter-count,hashlink,1,0.390048
string128,sip,1024,iter-count,micro,1,0.399007
string128,sip,1024,iter-count,quick_cache,2,498.376465
string128,sip,1024,iter-count,lru,2,0.390421
string128,sip,1024,iter-count,hashlink,2,0.390352
string128,sip,1024,iter-count,micro,2,0.398532
string128,sip,1024,iter-count,baseline,2,251.147636
string128,sip,1024,iter-count,lru,3,0.391722
string128,sip,1024,iter-count,hashlink,3,0.393548
string128,sip,1024,iter-count,micro,3,0.407341
string128,sip,1024,iter-count,baseline,3,255.464134
string128,sip,1024,iter-count,quick_cache,3,486.459127
string128,sip,1024,iter-count,hashlink,4,0.395602
string128,sip,1024,iter-count,micro,4,0.398540
string128,sip,1024,iter-count,baseline,4,261.879375
string128,sip,1024,iter-count,quick_cache,4,481.604135
string128,sip,1024,iter-count,lru,4,0.389849
string128,sip,1024,iter-count,micro,5,0.398949
string128,sip,1024,iter-count,baseline,5,266.638989
string128,sip,1024,iter-count,quick_cache,5,480.548209
string128,sip,1024,iter-count,lru,5,0.410401
string128,sip,1024,iter-count,hashlink,5,0.404649
string128,sip,1024,iter-count,baseline,6,259.172389
string128,sip,1024,iter-count,quick_cache,6,488.749219
string128,sip,1024,iter-count,lru,6,0.394411
string128,sip,1024,iter-count,hashlink,6,0.394419
string128,sip,1024,iter-count,micro,6,0.402947
string128,sip,1024,iter-count,quick_cache,7,496.626758
string128,sip,1024,iter-count,lru,7,0.399715
string128,sip,1024,iter-count,hashlink,7,0.392241
string128,sip,1024,iter-count,micro,7,0.403183
string128,sip,1024,iter-count,baseline,7,260.020456
string128,sip,1024,iter-count,lru,8,0.390304
string128,sip,1024,iter-count,hashlink,8,0.392470
string128,sip,1024,iter-count,micro,8,0.401522
string128,sip,1024,iter-count,baseline,8,260.596771
string128,sip,1024,iter-count,quick_cache,8,484.430640
string128,sip,16384,get-hit,micro,0,42.437069
string128,sip,16384,get-hit,baseline,0,42.027450
string128,sip,16384,get-hit,quick_cache,0,43.073527
string128,sip,16384,get-hit,lru,0,42.277360
string128,sip,16384,get-hit,hashlink,0,41.461857
string128,sip,16384,get-hit,baseline,1,41.817220
string128,sip,16384,get-hit,quick_cache,1,42.529297
string128,sip,16384,get-hit,lru,1,41.928442
string128,sip,16384,get-hit,hashlink,1,41.226196
string128,sip,16384,get-hit,micro,1,41.411678
string128,sip,16384,get-hit,quick_cache,2,43.132186
string128,sip,16384,get-hit,lru,2,41.925049
string128,sip,16384,get-hit,hashlink,2,41.650057
string128,sip,16384,get-hit,micro,2,41.692098
string128,sip,16384,get-hit,baseline,2,42.133586
string128,sip,16384,get-hit,lru,3,42.742578
string128,sip,16384,get-hit,hashlink,3,41.732454
string128,sip,16384,get-hit,micro,3,42.449951
string128,sip,16384,get-hit,baseline,3,41.779582
string128,sip,16384,get-hit,quick_cache,3,42.526921
string128,sip,16384,get-hit,hashlink,4,51.665833
string128,sip,16384,get-hit,micro,4,42.195304
string128,sip,16384,get-hit,baseline,4,44.521511
string128,sip,16384,get-hit,quick_cache,4,40.739616
string128,sip,16384,get-hit,lru,4,41.795182
string128,sip,16384,get-hit,micro,5,42.310588
string128,sip,16384,get-hit,baseline,5,44.992719
string128,sip,16384,get-hit,quick_cache,5,42.124764
string128,sip,16384,get-hit,lru,5,42.235994
string128,sip,16384,get-hit,hashlink,5,41.202116
string128,sip,16384,get-hit,baseline,6,41.816886
string128,sip,16384,get-hit,quick_cache,6,41.499162
string128,sip,16384,get-hit,lru,6,41.804679
string128,sip,16384,get-hit,hashlink,6,44.134957
string128,sip,16384,get-hit,micro,6,44.389640
string128,sip,16384,get-hit,quick_cache,7,45.218331
string128,sip,16384,get-hit,lru,7,44.713335
string128,sip,16384,get-hit,hashlink,7,45.389082
string128,sip,16384,get-hit,micro,7,44.766017
string128,sip,16384,get-hit,baseline,7,44.790719
string128,sip,16384,get-hit,lru,8,44.989083
string128,sip,16384,get-hit,hashlink,8,44.823783
string128,sip,16384,get-hit,micro,8,44.381278
string128,sip,16384,get-hit,baseline,8,45.004351
string128,sip,16384,get-hit,quick_cache,8,45.726589
string128,sip,16384,get-miss,micro,0,29.295422
string128,sip,16384,get-miss,baseline,0,29.002563
string128,sip,16384,get-miss,quick_cache,0,30.025176
string128,sip,16384,get-miss,lru,0,30.522426
string128,sip,16384,get-miss,hashlink,0,30.192546
string128,sip,16384,get-miss,baseline,1,29.030079
string128,sip,16384,get-miss,quick_cache,1,29.859509
string128,sip,16384,get-miss,lru,1,30.289667
string128,sip,16384,get-miss,hashlink,1,29.573713
string128,sip,16384,get-miss,micro,1,28.997481
string128,sip,16384,get-miss,quick_cache,2,29.771351
string128,sip,16384,get-miss,lru,2,30.525970
string128,sip,16384,get-miss,hashlink,2,29.571777
string128,sip,16384,get-miss,micro,2,28.953552
string128,sip,16384,get-miss,baseline,2,28.957481
string128,sip,16384,get-miss,lru,3,30.946606
string128,sip,16384,get-miss,hashlink,3,30.017671
string128,sip,16384,get-miss,micro,3,29.221308
string128,sip,16384,get-miss,baseline,3,29.038169
string128,sip,16384,get-miss,quick_cache,3,29.845465
string128,sip,16384,get-miss,hashlink,4,29.593576
string128,sip,16384,get-miss,micro,4,29.057589
string128,sip,16384,get-miss,baseline,4,28.983149
string128,sip,16384,get-miss,quick_cache,4,30.160575
string128,sip,16384,get-miss,lru,4,30.953473
string128,sip,16384,get-miss,micro,5,29.522606
string128,sip,16384,get-miss,baseline,5,29.502017
string128,sip,16384,get-miss,quick_cache,5,30.327451
string128,sip,16384,get-miss,lru,5,30.407860
string128,sip,16384,get-miss,hashlink,5,29.595029
string128,sip,16384,get-miss,baseline,6,29.027765
string128,sip,16384,get-miss,quick_cache,6,30.245588
string128,sip,16384,get-miss,lru,6,31.146753
string128,sip,16384,get-miss,hashlink,6,30.023240
string128,sip,16384,get-miss,micro,6,29.206537
string128,sip,16384,get-miss,quick_cache,7,30.303711
string128,sip,16384,get-miss,lru,7,30.336652
string128,sip,16384,get-miss,hashlink,7,29.729934
string128,sip,16384,get-miss,micro,7,28.818997
string128,sip,16384,get-miss,baseline,7,28.879567
string128,sip,16384,get-miss,lru,8,30.417550
string128,sip,16384,get-miss,hashlink,8,29.332717
string128,sip,16384,get-miss,micro,8,29.161970
string128,sip,16384,get-miss,baseline,8,29.415801
string128,sip,16384,get-miss,quick_cache,8,29.542951
string128,sip,16384,update,micro,0,56.183794
string128,sip,16384,update,baseline,0,61.423743
string128,sip,16384,update,quick_cache,0,191.054047
string128,sip,16384,update,lru,0,57.997270
string128,sip,16384,update,hashlink,0,57.980169
string128,sip,16384,update,baseline,1,56.417758
string128,sip,16384,update,quick_cache,1,193.412781
string128,sip,16384,update,lru,1,56.999445
string128,sip,16384,update,hashlink,1,55.793535
string128,sip,16384,update,micro,1,56.052923
string128,sip,16384,update,quick_cache,2,187.997192
string128,sip,16384,update,lru,2,57.036899
string128,sip,16384,update,hashlink,2,55.435608
string128,sip,16384,update,micro,2,56.571733
string128,sip,16384,update,baseline,2,58.975686
string128,sip,16384,update,lru,3,57.240345
string128,sip,16384,update,hashlink,3,57.423451
string128,sip,16384,update,micro,3,57.114569
string128,sip,16384,update,baseline,3,55.873524
string128,sip,16384,update,quick_cache,3,203.930298
string128,sip,16384,update,hashlink,4,55.202911
string128,sip,16384,update,micro,4,56.154197
string128,sip,16384,update,baseline,4,57.709672
string128,sip,16384,update,quick_cache,4,189.183533
string128,sip,16384,update,lru,4,57.980624
string128,sip,16384,update,micro,5,56.955045
string128,sip,16384,update,baseline,5,57.406339
string128,sip,16384,update,quick_cache,5,206.352234
string128,sip,16384,update,lru,5,54.481079
string128,sip,16384,update,hashlink,5,53.933034
string128,sip,16384,update,baseline,6,52.374095
string128,sip,16384,update,quick_cache,6,212.554932
string128,sip,16384,update,lru,6,52.779724
string128,sip,16384,update,hashlink,6,54.331034
string128,sip,16384,update,micro,6,53.069641
string128,sip,16384,update,quick_cache,7,207.772176
string128,sip,16384,update,lru,7,54.737091
string128,sip,16384,update,hashlink,7,53.796132
string128,sip,16384,update,micro,7,54.347565
string128,sip,16384,update,baseline,7,52.730988
string128,sip,16384,update,lru,8,54.940114
string128,sip,16384,update,hashlink,8,52.581787
string128,sip,16384,update,micro,8,53.612183
string128,sip,16384,update,baseline,8,53.115417
string128,sip,16384,update,quick_cache,8,189.408630
string128,sip,16384,insert-cycle,micro,0,81.392914
string128,sip,16384,insert-cycle,baseline,0,82.059860
string128,sip,16384,insert-cycle,quick_cache,0,89.619965
string128,sip,16384,insert-cycle,lru,0,139.703751
string128,sip,16384,insert-cycle,hashlink,0,137.131363
string128,sip,16384,insert-cycle,baseline,1,79.651520
string128,sip,16384,insert-cycle,quick_cache,1,86.049393
string128,sip,16384,insert-cycle,lru,1,135.955170
string128,sip,16384,insert-cycle,hashlink,1,137.474060
string128,sip,16384,insert-cycle,micro,1,81.084564
string128,sip,16384,insert-cycle,quick_cache,2,84.253311
string128,sip,16384,insert-cycle,lru,2,137.914658
string128,sip,16384,insert-cycle,hashlink,2,133.425385
string128,sip,16384,insert-cycle,micro,2,83.271667
string128,sip,16384,insert-cycle,baseline,2,79.475403
string128,sip,16384,insert-cycle,lru,3,141.231537
string128,sip,16384,insert-cycle,hashlink,3,132.766083
string128,sip,16384,insert-cycle,micro,3,82.242966
string128,sip,16384,insert-cycle,baseline,3,82.040146
string128,sip,16384,insert-cycle,quick_cache,3,84.856674
string128,sip,16384,insert-cycle,hashlink,4,134.413406
string128,sip,16384,insert-cycle,micro,4,82.803726
string128,sip,16384,insert-cycle,baseline,4,80.135986
string128,sip,16384,insert-cycle,quick_cache,4,84.928513
string128,sip,16384,insert-cycle,lru,4,140.188843
string128,sip,16384,insert-cycle,micro,5,82.021713
string128,sip,16384,insert-cycle,baseline,5,78.816101
string128,sip,16384,insert-cycle,quick_cache,5,84.207535
string128,sip,16384,insert-cycle,lru,5,141.525269
string128,sip,16384,insert-cycle,hashlink,5,138.225555
string128,sip,16384,insert-cycle,baseline,6,80.380768
string128,sip,16384,insert-cycle,quick_cache,6,88.195801
string128,sip,16384,insert-cycle,lru,6,139.762878
string128,sip,16384,insert-cycle,hashlink,6,136.219025
string128,sip,16384,insert-cycle,micro,6,81.588104
string128,sip,16384,insert-cycle,quick_cache,7,88.005066
string128,sip,16384,insert-cycle,lru,7,139.882401
string128,sip,16384,insert-cycle,hashlink,7,135.309219
string128,sip,16384,insert-cycle,micro,7,85.184097
string128,sip,16384,insert-cycle,baseline,7,83.725616
string128,sip,16384,insert-cycle,lru,8,138.357162
string128,sip,16384,insert-cycle,hashlink,8,135.394424
string128,sip,16384,insert-cycle,micro,8,82.181931
string128,sip,16384,insert-cycle,baseline,8,81.537247
string128,sip,16384,insert-cycle,quick_cache,8,81.732437
string128,sip,16384,mixed-95,micro,0,46.184719
string128,sip,16384,mixed-95,baseline,0,46.095346
string128,sip,16384,mixed-95,quick_cache,0,48.089440
string128,sip,16384,mixed-95,lru,0,49.242065
string128,sip,16384,mixed-95,hashlink,0,49.897020
string128,sip,16384,mixed-95,baseline,1,49.192768
string128,sip,16384,mixed-95,quick_cache,1,51.560293
string128,sip,16384,mixed-95,lru,1,49.533551
string128,sip,16384,mixed-95,hashlink,1,49.307796
string128,sip,16384,mixed-95,micro,1,49.846548
string128,sip,16384,mixed-95,quick_cache,2,51.211039
string128,sip,16384,mixed-95,lru,2,49.830125
string128,sip,16384,mixed-95,hashlink,2,49.132521
string128,sip,16384,mixed-95,micro,2,49.872380
string128,sip,16384,mixed-95,baseline,2,46.671186
string128,sip,16384,mixed-95,lru,3,47.393404
string128,sip,16384,mixed-95,hashlink,3,48.644240
string128,sip,16384,mixed-95,micro,3,50.266752
string128,sip,16384,mixed-95,baseline,3,49.846154
string128,sip,16384,mixed-95,quick_cache,3,51.725596
string128,sip,16384,mixed-95,hashlink,4,50.962657
string128,sip,16384,mixed-95,micro,4,50.431472
string128,sip,16384,mixed-95,baseline,4,50.383348
string128,sip,16384,mixed-95,quick_cache,4,45.737130
string128,sip,16384,mixed-95,lru,4,45.431955
string128,sip,16384,mixed-95,micro,5,46.354021
string128,sip,16384,mixed-95,baseline,5,45.698983
string128,sip,16384,mixed-95,quick_cache,5,49.015531
string128,sip,16384,mixed-95,lru,5,46.451024
string128,sip,16384,mixed-95,hashlink,5,45.442496
string128,sip,16384,mixed-95,baseline,6,46.063014
string128,sip,16384,mixed-95,quick_cache,6,48.799570
string128,sip,16384,mixed-95,lru,6,49.315232
string128,sip,16384,mixed-95,hashlink,6,49.895846
string128,sip,16384,mixed-95,micro,6,49.657574
string128,sip,16384,mixed-95,quick_cache,7,50.939768
string128,sip,16384,mixed-95,lru,7,49.520639
string128,sip,16384,mixed-95,hashlink,7,49.133695
string128,sip,16384,mixed-95,micro,7,50.495643
string128,sip,16384,mixed-95,baseline,7,49.445125
string128,sip,16384,mixed-95,lru,8,49.539814
string128,sip,16384,mixed-95,hashlink,8,49.406785
string128,sip,16384,mixed-95,micro,8,47.018592
string128,sip,16384,mixed-95,baseline,8,46.820504
string128,sip,16384,mixed-95,quick_cache,8,49.168119
string128,sip,16384,load-hit,micro,0,46.727138
string128,sip,16384,load-hit,baseline,0,59.304443
string128,sip,16384,load-hit,quick_cache,0,50.170119
string128,sip,16384,load-hit,lru,0,49.210374
string128,sip,16384,load-hit,hashlink,0,45.637948
string128,sip,16384,load-hit,baseline,1,56.625366
string128,sip,16384,load-hit,quick_cache,1,51.105499
string128,sip,16384,load-hit,lru,1,48.544077
string128,sip,16384,load-hit,hashlink,1,44.916792
string128,sip,16384,load-hit,micro,1,48.063232
string128,sip,16384,load-hit,quick_cache,2,50.792593
string128,sip,16384,load-hit,lru,2,48.611760
string128,sip,16384,load-hit,hashlink,2,45.115880
string128,sip,16384,load-hit,micro,2,48.686101
string128,sip,16384,load-hit,baseline,2,55.886930
string128,sip,16384,load-hit,lru,3,48.945106
string128,sip,16384,load-hit,hashlink,3,44.820513
string128,sip,16384,load-hit,micro,3,48.561683
string128,sip,16384,load-hit,baseline,3,55.771340
string128,sip,16384,load-hit,quick_cache,3,50.390390
string128,sip,16384,load-hit,hashlink,4,44.755842
string128,sip,16384,load-hit,micro,4,48.511597
string128,sip,16384,load-hit,baseline,4,55.885087
string128,sip,16384,load-hit,quick_cache,4,51.294545
string128,sip,16384,load-hit,lru,4,48.403611
string128,sip,16384,load-hit,micro,5,48.777654
string128,sip,16384,load-hit,baseline,5,57.403109
string128,sip,16384,load-hit,quick_cache,5,51.912526
string128,sip,16384,load-hit,lru,5,50.282405
string128,sip,16384,load-hit,hashlink,5,40.736564
string128,sip,16384,load-hit,baseline,6,54.480652
string128,sip,16384,load-hit,quick_cache,6,46.309335
string128,sip,16384,load-hit,lru,6,45.095895
string128,sip,16384,load-hit,hashlink,6,41.605973
string128,sip,16384,load-hit,micro,6,45.143494
string128,sip,16384,load-hit,quick_cache,7,46.918230
string128,sip,16384,load-hit,lru,7,44.830322
string128,sip,16384,load-hit,hashlink,7,41.808065
string128,sip,16384,load-hit,micro,7,45.939854
string128,sip,16384,load-hit,baseline,7,53.909302
string128,sip,16384,load-hit,lru,8,45.462838
string128,sip,16384,load-hit,hashlink,8,41.834513
string128,sip,16384,load-hit,micro,8,45.112976
string128,sip,16384,load-hit,baseline,8,54.386983
string128,sip,16384,load-hit,quick_cache,8,46.678449
string128,sip,16384,load-cycle,micro,0,73.554565
string128,sip,16384,load-cycle,baseline,0,77.458069
string128,sip,16384,load-cycle,quick_cache,0,71.608643
string128,sip,16384,load-cycle,lru,0,144.533798
string128,sip,16384,load-cycle,hashlink,0,150.064468
string128,sip,16384,load-cycle,baseline,1,73.710551
string128,sip,16384,load-cycle,quick_cache,1,63.741475
string128,sip,16384,load-cycle,lru,1,132.356018
string128,sip,16384,load-cycle,hashlink,1,147.590637
string128,sip,16384,load-cycle,micro,1,76.125244
string128,sip,16384,load-cycle,quick_cache,2,66.008667
string128,sip,16384,load-cycle,lru,2,130.983994
string128,sip,16384,load-cycle,hashlink,2,148.600891
string128,sip,16384,load-cycle,micro,2,74.738393
string128,sip,16384,load-cycle,baseline,2,72.511464
string128,sip,16384,load-cycle,lru,3,132.345200
string128,sip,16384,load-cycle,hashlink,3,151.859283
string128,sip,16384,load-cycle,micro,3,74.677368
string128,sip,16384,load-cycle,baseline,3,79.346329
string128,sip,16384,load-cycle,quick_cache,3,64.425578
string128,sip,16384,load-cycle,hashlink,4,153.893784
string128,sip,16384,load-cycle,micro,4,75.426320
string128,sip,16384,load-cycle,baseline,4,74.569285
string128,sip,16384,load-cycle,quick_cache,4,65.636953
string128,sip,16384,load-cycle,lru,4,135.929108
string128,sip,16384,load-cycle,micro,5,73.792775
string128,sip,16384,load-cycle,baseline,5,75.205912
string128,sip,16384,load-cycle,quick_cache,5,65.091451
string128,sip,16384,load-cycle,lru,5,133.106232
string128,sip,16384,load-cycle,hashlink,5,148.665756
string128,sip,16384,load-cycle,baseline,6,75.840424
string128,sip,16384,load-cycle,quick_cache,6,67.169189
string128,sip,16384,load-cycle,lru,6,132.529572
string128,sip,16384,load-cycle,hashlink,6,148.014069
string128,sip,16384,load-cycle,micro,6,74.915568
string128,sip,16384,load-cycle,quick_cache,7,66.512207
string128,sip,16384,load-cycle,lru,7,135.204941
string128,sip,16384,load-cycle,hashlink,7,149.529144
string128,sip,16384,load-cycle,micro,7,75.750987
string128,sip,16384,load-cycle,baseline,7,72.508494
string128,sip,16384,load-cycle,lru,8,133.909225
string128,sip,16384,load-cycle,hashlink,8,150.636032
string128,sip,16384,load-cycle,micro,8,75.160980
string128,sip,16384,load-cycle,baseline,8,73.012034
string128,sip,16384,load-cycle,quick_cache,8,65.383911
string128,sip,16384,clear-refill,micro,0,865625.000000
string128,sip,16384,clear-refill,baseline,0,855319.333333
string128,sip,16384,clear-refill,quick_cache,0,859229.166667
string128,sip,16384,clear-refill,lru,0,2308902.666667
string128,sip,16384,clear-refill,hashlink,0,1414166.500000
string128,sip,16384,clear-refill,baseline,1,872423.666667
string128,sip,16384,clear-refill,quick_cache,1,837090.333333
string128,sip,16384,clear-refill,lru,1,2279555.333333
string128,sip,16384,clear-refill,hashlink,1,1398739.500000
string128,sip,16384,clear-refill,micro,1,835388.833333
string128,sip,16384,clear-refill,quick_cache,2,850534.666667
string128,sip,16384,clear-refill,lru,2,2262694.666667
string128,sip,16384,clear-refill,hashlink,2,1376812.500000
string128,sip,16384,clear-refill,micro,2,807672.571429
string128,sip,16384,clear-refill,baseline,2,816142.857143
string128,sip,16384,clear-refill,lru,3,2260555.666667
string128,sip,16384,clear-refill,hashlink,3,1427791.750000
string128,sip,16384,clear-refill,micro,3,849006.833333
string128,sip,16384,clear-refill,baseline,3,880937.500000
string128,sip,16384,clear-refill,quick_cache,3,877020.833333
string128,sip,16384,clear-refill,hashlink,4,1457823.000000
string128,sip,16384,clear-refill,micro,4,817345.285714
string128,sip,16384,clear-refill,baseline,4,827285.714286
string128,sip,16384,clear-refill,quick_cache,4,827702.285714
string128,sip,16384,clear-refill,lru,4,2271958.333333
string128,sip,16384,clear-refill,micro,5,846382.000000
string128,sip,16384,clear-refill,baseline,5,834702.285714
string128,sip,16384,clear-refill,quick_cache,5,843687.500000
string128,sip,16384,clear-refill,lru,5,2247861.333333
string128,sip,16384,clear-refill,hashlink,5,1432968.750000
string128,sip,16384,clear-refill,baseline,6,836173.666667
string128,sip,16384,clear-refill,quick_cache,6,837326.333333
string128,sip,16384,clear-refill,lru,6,2237736.333333
string128,sip,16384,clear-refill,hashlink,6,1455166.750000
string128,sip,16384,clear-refill,micro,6,881888.833333
string128,sip,16384,clear-refill,quick_cache,7,878715.333333
string128,sip,16384,clear-refill,lru,7,2311139.000000
string128,sip,16384,clear-refill,hashlink,7,1378198.000000
string128,sip,16384,clear-refill,micro,7,863326.500000
string128,sip,16384,clear-refill,baseline,7,821053.571429
string128,sip,16384,clear-refill,lru,8,2268041.666667
string128,sip,16384,clear-refill,hashlink,8,1396906.250000
string128,sip,16384,clear-refill,micro,8,869729.166667
string128,sip,16384,clear-refill,baseline,8,834541.714286
string128,sip,16384,clear-refill,quick_cache,8,858993.166667
string128,sip,16384,clear-empty,micro,0,0.368299
string128,sip,16384,clear-empty,baseline,0,321.032915
string128,sip,16384,clear-empty,quick_cache,0,3.966971
string128,sip,16384,clear-empty,lru,0,2.268720
string128,sip,16384,clear-empty,hashlink,0,0.622748
string128,sip,16384,clear-empty,baseline,1,489.762402
string128,sip,16384,clear-empty,quick_cache,1,3.980383
string128,sip,16384,clear-empty,lru,1,2.216641
string128,sip,16384,clear-empty,hashlink,1,0.611279
string128,sip,16384,clear-empty,micro,1,0.365788
string128,sip,16384,clear-empty,quick_cache,2,4.012573
string128,sip,16384,clear-empty,lru,2,2.221104
string128,sip,16384,clear-empty,hashlink,2,0.614916
string128,sip,16384,clear-empty,micro,2,0.370974
string128,sip,16384,clear-empty,baseline,2,318.779360
string128,sip,16384,clear-empty,lru,3,2.230072
string128,sip,16384,clear-empty,hashlink,3,0.617853
string128,sip,16384,clear-empty,micro,3,0.364542
string128,sip,16384,clear-empty,baseline,3,326.177279
string128,sip,16384,clear-empty,quick_cache,3,3.998441
string128,sip,16384,clear-empty,hashlink,4,0.607944
string128,sip,16384,clear-empty,micro,4,0.367377
string128,sip,16384,clear-empty,baseline,4,332.759534
string128,sip,16384,clear-empty,quick_cache,4,3.967070
string128,sip,16384,clear-empty,lru,4,2.253131
string128,sip,16384,clear-empty,micro,5,0.365617
string128,sip,16384,clear-empty,baseline,5,320.395236
string128,sip,16384,clear-empty,quick_cache,5,3.982006
string128,sip,16384,clear-empty,lru,5,2.263443
string128,sip,16384,clear-empty,hashlink,5,0.616021
string128,sip,16384,clear-empty,baseline,6,638.366699
string128,sip,16384,clear-empty,quick_cache,6,3.977406
string128,sip,16384,clear-empty,lru,6,2.234920
string128,sip,16384,clear-empty,hashlink,6,0.605678
string128,sip,16384,clear-empty,micro,6,0.363368
string128,sip,16384,clear-empty,quick_cache,7,3.885048
string128,sip,16384,clear-empty,lru,7,2.240542
string128,sip,16384,clear-empty,hashlink,7,0.588389
string128,sip,16384,clear-empty,micro,7,0.362994
string128,sip,16384,clear-empty,baseline,7,541.583087
string128,sip,16384,clear-empty,lru,8,2.257203
string128,sip,16384,clear-empty,hashlink,8,0.607825
string128,sip,16384,clear-empty,micro,8,0.372343
string128,sip,16384,clear-empty,baseline,8,342.226226
string128,sip,16384,clear-empty,quick_cache,8,3.947031
string128,sip,16384,iter-dense,micro,0,6172.475962
string128,sip,16384,iter-dense,baseline,0,6069.061298
string128,sip,16384,iter-dense,quick_cache,0,6956.239130
string128,sip,16384,iter-dense,lru,0,29011.718750
string128,sip,16384,iter-dense,hashlink,0,25986.607143
string128,sip,16384,iter-dense,baseline,1,6133.413462
string128,sip,16384,iter-dense,quick_cache,1,7025.475543
string128,sip,16384,iter-dense,lru,1,29442.494792
string128,sip,16384,iter-dense,hashlink,1,25682.294643
string128,sip,16384,iter-dense,micro,1,6083.783654
string128,sip,16384,iter-dense,quick_cache,2,6895.494565
string128,sip,16384,iter-dense,lru,2,28069.442708
string128,sip,16384,iter-dense,hashlink,2,25776.973214
string128,sip,16384,iter-dense,micro,2,6107.923077
string128,sip,16384,iter-dense,baseline,2,6157.151442
string128,sip,16384,iter-dense,lru,3,27769.750000
string128,sip,16384,iter-dense,hashlink,3,26445.312500
string128,sip,16384,iter-dense,micro,3,6222.405048
string128,sip,16384,iter-dense,baseline,3,6131.460337
string128,sip,16384,iter-dense,quick_cache,3,6948.369565
string128,sip,16384,iter-dense,hashlink,4,27996.093750
string128,sip,16384,iter-dense,micro,4,6065.655048
string128,sip,16384,iter-dense,baseline,4,6057.042067
string128,sip,16384,iter-dense,quick_cache,4,7063.292120
string128,sip,16384,iter-dense,lru,4,27488.067708
string128,sip,16384,iter-dense,micro,5,6148.989183
string128,sip,16384,iter-dense,baseline,5,6105.718750
string128,sip,16384,iter-dense,quick_cache,5,6988.620924
string128,sip,16384,iter-dense,lru,5,28863.500000
string128,sip,16384,iter-dense,hashlink,5,26199.005208
string128,sip,16384,iter-dense,baseline,6,6064.603365
string128,sip,16384,iter-dense,quick_cache,6,6984.940217
string128,sip,16384,iter-dense,lru,6,28364.802083
string128,sip,16384,iter-dense,hashlink,6,25643.415179
string128,sip,16384,iter-dense,micro,6,6084.534856
string128,sip,16384,iter-dense,quick_cache,7,6753.363281
string128,sip,16384,iter-dense,lru,7,26162.322917
string128,sip,16384,iter-dense,hashlink,7,23427.080357
string128,sip,16384,iter-dense,micro,7,6093.299279
string128,sip,16384,iter-dense,baseline,7,6442.238750
string128,sip,16384,iter-dense,lru,8,27337.453125
string128,sip,16384,iter-dense,hashlink,8,27316.838542
string128,sip,16384,iter-dense,micro,8,6012.370192
string128,sip,16384,iter-dense,baseline,8,6074.770433
string128,sip,16384,iter-dense,quick_cache,8,6826.653533
string128,sip,16384,iter-dense-for,micro,0,6087.189904
string128,sip,16384,iter-dense-for,baseline,0,6182.641827
string128,sip,16384,iter-dense-for,quick_cache,0,8175.976562
string128,sip,16384,iter-dense-for,lru,0,24225.633929
string128,sip,16384,iter-dense-for,hashlink,0,21976.398438
string128,sip,16384,iter-dense-for,baseline,1,6104.167067
string128,sip,16384,iter-dense-for,quick_cache,1,8373.699013
string128,sip,16384,iter-dense-for,lru,1,23403.830357
string128,sip,16384,iter-dense-for,hashlink,1,22209.472656
string128,sip,16384,iter-dense-for,micro,1,6073.266827
string128,sip,16384,iter-dense-for,quick_cache,2,8154.232813
string128,sip,16384,iter-dense-for,lru,2,23058.406250
string128,sip,16384,iter-dense-for,hashlink,2,23642.299107
string128,sip,16384,iter-dense-for,micro,2,6079.727163
string128,sip,16384,iter-dense-for,baseline,2,6119.542067
string128,sip,16384,iter-dense-for,lru,3,24601.745536
string128,sip,16384,iter-dense-for,hashlink,3,22015.625000
string128,sip,16384,iter-dense-for,micro,3,6226.262019
string128,sip,16384,iter-dense-for,baseline,3,6096.003606
string128,sip,16384,iter-dense-for,quick_cache,3,8156.575000
string128,sip,16384,iter-dense-for,hashlink,4,25304.316964
string128,sip,16384,iter-dense-for,micro,4,6068.509615
string128,sip,16384,iter-dense-for,baseline,4,6099.558894
string128,sip,16384,iter-dense-for,quick_cache,4,8234.991776
string128,sip,16384,iter-dense-for,lru,4,21730.304688
string128,sip,16384,iter-dense-for,micro,5,6161.508413
string128,sip,16384,iter-dense-for,baseline,5,6074.319712
string128,sip,16384,iter-dense-for,quick_cache,5,8132.421875
string128,sip,16384,iter-dense-for,lru,5,23959.263393
string128,sip,16384,iter-dense-for,hashlink,5,22484.745536
string128,sip,16384,iter-dense-for,baseline,6,6133.914663
string128,sip,16384,iter-dense-for,quick_cache,6,8218.164062
string128,sip,16384,iter-dense-for,lru,6,23026.227679
string128,sip,16384,iter-dense-for,hashlink,6,22558.776786
string128,sip,16384,iter-dense-for,micro,6,6060.096154
string128,sip,16384,iter-dense-for,quick_cache,7,8221.939062
string128,sip,16384,iter-dense-for,lru,7,23074.776786
string128,sip,16384,iter-dense-for,hashlink,7,22601.562500
string128,sip,16384,iter-dense-for,micro,7,6139.823317
string128,sip,16384,iter-dense-for,baseline,7,6173.627404
string128,sip,16384,iter-dense-for,lru,8,24256.883929
string128,sip,16384,iter-dense-for,hashlink,8,22851.375000
string128,sip,16384,iter-dense-for,micro,8,6057.641827
string128,sip,16384,iter-dense-for,baseline,8,6044.221154
string128,sip,16384,iter-dense-for,quick_cache,8,8090.690625
string128,sip,16384,iter-density-1pct,micro,0,332.155653
string128,sip,16384,iter-density-1pct,baseline,0,6515.407552
string128,sip,16384,iter-density-1pct,quick_cache,0,6924.479620
string128,sip,16384,iter-density-1pct,lru,0,180.219146
string128,sip,16384,iter-density-1pct,hashlink,0,184.356906
string128,sip,16384,iter-density-1pct,baseline,1,6513.671875
string128,sip,16384,iter-density-1pct,quick_cache,1,7178.089489
string128,sip,16384,iter-density-1pct,lru,1,180.543050
string128,sip,16384,iter-density-1pct,hashlink,1,181.541558
string128,sip,16384,iter-density-1pct,micro,1,332.682247
string128,sip,16384,iter-density-1pct,quick_cache,2,7037.816576
string128,sip,16384,iter-density-1pct,lru,2,180.163054
string128,sip,16384,iter-density-1pct,hashlink,2,180.249207
string128,sip,16384,iter-density-1pct,micro,2,355.226065
string128,sip,16384,iter-density-1pct,baseline,2,6955.502717
string128,sip,16384,iter-density-1pct,lru,3,188.761171
string128,sip,16384,iter-density-1pct,hashlink,3,173.110742
string128,sip,16384,iter-density-1pct,micro,3,345.681567
string128,sip,16384,iter-density-1pct,baseline,3,6496.875000
string128,sip,16384,iter-density-1pct,quick_cache,3,6706.434896
string128,sip,16384,iter-density-1pct,hashlink,4,175.541597
string128,sip,16384,iter-density-1pct,micro,4,328.797925
string128,sip,16384,iter-density-1pct,baseline,4,6340.677500
string128,sip,16384,iter-density-1pct,quick_cache,4,6816.349185
string128,sip,16384,iter-density-1pct,lru,4,185.259923
string128,sip,16384,iter-density-1pct,micro,5,333.499867
string128,sip,16384,iter-density-1pct,baseline,5,6392.031250
string128,sip,16384,iter-density-1pct,quick_cache,5,6920.063859
string128,sip,16384,iter-density-1pct,lru,5,185.347860
string128,sip,16384,iter-density-1pct,hashlink,5,183.766635
string128,sip,16384,iter-density-1pct,baseline,6,6407.656250
string128,sip,16384,iter-density-1pct,quick_cache,6,6938.292120
string128,sip,16384,iter-density-1pct,lru,6,178.479060
string128,sip,16384,iter-density-1pct,hashlink,6,178.729179
string128,sip,16384,iter-density-1pct,micro,6,340.010734
string128,sip,16384,iter-density-1pct,quick_cache,7,6862.827446
string128,sip,16384,iter-density-1pct,lru,7,179.834328
string128,sip,16384,iter-density-1pct,hashlink,7,178.311182
string128,sip,16384,iter-density-1pct,micro,7,331.617452
string128,sip,16384,iter-density-1pct,baseline,7,6412.448750
string128,sip,16384,iter-density-1pct,lru,8,193.591429
string128,sip,16384,iter-density-1pct,hashlink,8,176.354402
string128,sip,16384,iter-density-1pct,micro,8,332.599202
string128,sip,16384,iter-density-1pct,baseline,8,6376.875000
string128,sip,16384,iter-density-1pct,quick_cache,8,6876.811141
string128,sip,16384,iter-density-6pct,micro,0,6074.469952
string128,sip,16384,iter-density-6pct,baseline,0,5709.357143
string128,sip,16384,iter-density-6pct,quick_cache,0,6546.223958
string128,sip,16384,iter-density-6pct,lru,0,1286.479764
string128,sip,16384,iter-density-6pct,hashlink,0,1322.216387
string128,sip,16384,iter-density-6pct,baseline,1,5726.981027
string128,sip,16384,iter-density-6pct,quick_cache,1,6538.466146
string128,sip,16384,iter-density-6pct,lru,1,1327.407839
string128,sip,16384,iter-density-6pct,hashlink,1,1248.987103
string128,sip,16384,iter-density-6pct,micro,1,6127.302885
string128,sip,16384,iter-density-6pct,quick_cache,2,6548.502604
string128,sip,16384,iter-density-6pct,lru,2,1277.576728
string128,sip,16384,iter-density-6pct,hashlink,2,1267.515121
string128,sip,16384,iter-density-6pct,micro,2,6089.242788
string128,sip,16384,iter-density-6pct,baseline,2,5617.466518
string128,sip,16384,iter-density-6pct,lru,3,1341.090278
string128,sip,16384,iter-density-6pct,hashlink,3,1263.619204
string128,sip,16384,iter-density-6pct,micro,3,6231.871394
string128,sip,16384,iter-density-6pct,baseline,3,5757.533482
string128,sip,16384,iter-density-6pct,quick_cache,3,6580.619792
string128,sip,16384,iter-density-6pct,hashlink,4,1282.370645
string128,sip,16384,iter-density-6pct,micro,4,6079.927885
string128,sip,16384,iter-density-6pct,baseline,4,5634.393973
string128,sip,16384,iter-density-6pct,quick_cache,4,6597.440104
string128,sip,16384,iter-density-6pct,lru,4,1346.982759
string128,sip,16384,iter-density-6pct,micro,5,6088.441106
string128,sip,16384,iter-density-6pct,baseline,5,5701.311384
string128,sip,16384,iter-density-6pct,quick_cache,5,6596.299479
string128,sip,16384,iter-density-6pct,lru,5,1348.700162
string128,sip,16384,iter-density-6pct,hashlink,5,1292.957903
string128,sip,16384,iter-density-6pct,baseline,6,5656.668527
string128,sip,16384,iter-density-6pct,quick_cache,6,6611.382812
string128,sip,16384,iter-density-6pct,lru,6,1330.795286
string128,sip,16384,iter-density-6pct,hashlink,6,1281.869109
string128,sip,16384,iter-density-6pct,micro,6,6084.936298
string128,sip,16384,iter-density-6pct,quick_cache,7,6678.601562
string128,sip,16384,iter-density-6pct,lru,7,1297.983471
string128,sip,16384,iter-density-6pct,hashlink,7,1326.072564
string128,sip,16384,iter-density-6pct,micro,7,6098.507212
string128,sip,16384,iter-density-6pct,baseline,7,5781.853795
string128,sip,16384,iter-density-6pct,lru,8,1311.436458
string128,sip,16384,iter-density-6pct,hashlink,8,1276.274390
string128,sip,16384,iter-density-6pct,micro,8,6078.325721
string128,sip,16384,iter-density-6pct,baseline,8,5636.066964
string128,sip,16384,iter-density-6pct,quick_cache,8,6701.279948
string128,sip,16384,iter-density-quarter,micro,0,6084.235577
string128,sip,16384,iter-density-quarter,baseline,0,5978.250000
string128,sip,16384,iter-density-quarter,quick_cache,0,6856.884511
string128,sip,16384,iter-density-quarter,lru,0,11846.446429
string128,sip,16384,iter-density-quarter,hashlink,0,9850.912109
string128,sip,16384,iter-density-quarter,baseline,1,5919.994213
string128,sip,16384,iter-density-quarter,quick_cache,1,6947.463315
string128,sip,16384,iter-density-quarter,lru,1,11935.546875
string128,sip,16384,iter-density-quarter,hashlink,1,10825.954167
string128,sip,16384,iter-density-quarter,micro,1,6363.750000
string128,sip,16384,iter-density-quarter,quick_cache,2,6898.664402
string128,sip,16384,iter-density-quarter,lru,2,12257.913462
string128,sip,16384,iter-density-quarter,hashlink,2,9791.830078
string128,sip,16384,iter-density-quarter,micro,2,6059.044471
string128,sip,16384,iter-density-quarter,baseline,2,5881.606481
string128,sip,16384,iter-density-quarter,lru,3,12436.098558
string128,sip,16384,iter-density-quarter,hashlink,3,9876.464844
string128,sip,16384,iter-density-quarter,micro,3,6153.094952
string128,sip,16384,iter-density-quarter,baseline,3,5904.320602
string128,sip,16384,iter-density-quarter,quick_cache,3,6917.516304
string128,sip,16384,iter-density-quarter,hashlink,4,10453.731250
string128,sip,16384,iter-density-quarter,micro,4,6108.274038
string128,sip,16384,iter-density-quarter,baseline,4,5957.657407
string128,sip,16384,iter-density-quarter,quick_cache,4,6946.558424
string128,sip,16384,iter-density-quarter,lru,4,12269.230769
string128,sip,16384,iter-density-quarter,micro,5,6062.700721
string128,sip,16384,iter-density-quarter,baseline,5,5970.967593
string128,sip,16384,iter-density-quarter,quick_cache,5,6911.457880
string128,sip,16384,iter-density-quarter,lru,5,11330.171875
string128,sip,16384,iter-density-quarter,hashlink,5,9334.558824
string128,sip,16384,iter-density-quarter,baseline,6,5898.967593
string128,sip,16384,iter-density-quarter,quick_cache,6,6873.471467
string128,sip,16384,iter-density-quarter,lru,6,10905.381250
string128,sip,16384,iter-density-quarter,hashlink,6,9658.930147
string128,sip,16384,iter-density-quarter,micro,6,6064.704327
string128,sip,16384,iter-density-quarter,quick_cache,7,6940.669837
string128,sip,16384,iter-density-quarter,lru,7,11583.890625
string128,sip,16384,iter-density-quarter,hashlink,7,9771.646484
string128,sip,16384,iter-density-quarter,micro,7,6183.543269
string128,sip,16384,iter-density-quarter,baseline,7,5924.719907
string128,sip,16384,iter-density-quarter,lru,8,11094.183333
string128,sip,16384,iter-density-quarter,hashlink,8,9304.150735
string128,sip,16384,iter-density-quarter,micro,8,6171.473558
string128,sip,16384,iter-density-quarter,baseline,8,5880.931713
string128,sip,16384,iter-density-quarter,quick_cache,8,6921.592391
string128,sip,16384,iter-density-half,micro,0,6085.537260
string128,sip,16384,iter-density-half,baseline,0,5967.399306
string128,sip,16384,iter-density-half,quick_cache,0,6997.677989
string128,sip,16384,iter-density-half,lru,0,18387.586806
string128,sip,16384,iter-density-half,hashlink,0,19922.363281
string128,sip,16384,iter-density-half,baseline,1,5964.651620
string128,sip,16384,iter-density-half,quick_cache,1,6931.952446
string128,sip,16384,iter-density-half,lru,1,17254.428125
string128,sip,16384,iter-density-half,hashlink,1,17344.009375
string128,sip,16384,iter-density-half,micro,1,6113.281250
string128,sip,16384,iter-density-half,quick_cache,2,7107.362216
string128,sip,16384,iter-density-half,lru,2,17373.118056
string128,sip,16384,iter-density-half,hashlink,2,18774.451389
string128,sip,16384,iter-density-half,micro,2,6109.625000
string128,sip,16384,iter-density-half,baseline,2,6119.741587
string128,sip,16384,iter-density-half,lru,3,17658.565972
string128,sip,16384,iter-density-half,hashlink,3,19226.562500
string128,sip,16384,iter-density-half,micro,3,6125.801683
string128,sip,16384,iter-density-half,baseline,3,6009.866587
string128,sip,16384,iter-density-half,quick_cache,3,6909.137228
string128,sip,16384,iter-density-half,hashlink,4,16510.937500
string128,sip,16384,iter-density-half,micro,4,6131.560096
string128,sip,16384,iter-density-half,baseline,4,5948.012731
string128,sip,16384,iter-density-half,quick_cache,4,7019.531250
string128,sip,16384,iter-density-half,lru,4,20448.402344
string128,sip,16384,iter-density-half,micro,5,6278.541250
string128,sip,16384,iter-density-half,baseline,5,5993.827546
string128,sip,16384,iter-density-half,quick_cache,5,6800.347656
string128,sip,16384,iter-density-half,lru,5,14428.622159
string128,sip,16384,iter-density-half,hashlink,5,16111.981250
string128,sip,16384,iter-density-half,baseline,6,6029.697115
string128,sip,16384,iter-density-half,quick_cache,6,6986.357337
string128,sip,16384,iter-density-half,lru,6,16825.131250
string128,sip,16384,iter-density-half,hashlink,6,18990.305556
string128,sip,16384,iter-density-half,micro,6,6698.458333
string128,sip,16384,iter-density-half,quick_cache,7,6940.783967
string128,sip,16384,iter-density-half,lru,7,17222.656250
string128,sip,16384,iter-density-half,hashlink,7,16367.056250
string128,sip,16384,iter-density-half,micro,7,6154.897837
string128,sip,16384,iter-density-half,baseline,7,5958.236111
string128,sip,16384,iter-density-half,lru,8,17387.875000
string128,sip,16384,iter-density-half,hashlink,8,15646.221875
string128,sip,16384,iter-density-half,micro,8,6065.004808
string128,sip,16384,iter-density-half,baseline,8,6040.865385
string128,sip,16384,iter-density-half,quick_cache,8,6903.645380
string128,sip,16384,iter-front,micro,0,1.173568
string128,sip,16384,iter-front,baseline,0,5590.030134
string128,sip,16384,iter-front,quick_cache,0,6952.050272
string128,sip,16384,iter-front,lru,0,1.227869
string128,sip,16384,iter-front,hashlink,0,1.231323
string128,sip,16384,iter-front,baseline,1,5604.352679
string128,sip,16384,iter-front,quick_cache,1,6970.730978
string128,sip,16384,iter-front,lru,1,1.203756
string128,sip,16384,iter-front,hashlink,1,1.199193
string128,sip,16384,iter-front,micro,1,1.175944
string128,sip,16384,iter-front,quick_cache,2,6996.546196
string128,sip,16384,iter-front,lru,2,1.204369
string128,sip,16384,iter-front,hashlink,2,1.190676
string128,sip,16384,iter-front,micro,2,1.177503
string128,sip,16384,iter-front,baseline,2,5546.290948
string128,sip,16384,iter-front,lru,3,1.202016
string128,sip,16384,iter-front,hashlink,3,1.172230
string128,sip,16384,iter-front,micro,3,1.164993
string128,sip,16384,iter-front,baseline,3,5499.686422
string128,sip,16384,iter-front,quick_cache,3,6976.278533
string128,sip,16384,iter-front,hashlink,4,1.179477
string128,sip,16384,iter-front,micro,4,1.171711
string128,sip,16384,iter-front,baseline,4,5724.795759
string128,sip,16384,iter-front,quick_cache,4,7090.467391
string128,sip,16384,iter-front,lru,4,1.235471
string128,sip,16384,iter-front,micro,5,1.198438
string128,sip,16384,iter-front,baseline,5,5526.670259
string128,sip,16384,iter-front,quick_cache,5,7082.880435
string128,sip,16384,iter-front,lru,5,1.194645
string128,sip,16384,iter-front,hashlink,5,1.211090
string128,sip,16384,iter-front,baseline,6,5505.298491
string128,sip,16384,iter-front,quick_cache,6,6975.713315
string128,sip,16384,iter-front,lru,6,1.208010
string128,sip,16384,iter-front,hashlink,6,1.164264
string128,sip,16384,iter-front,micro,6,1.172722
string128,sip,16384,iter-front,quick_cache,7,6985.110054
string128,sip,16384,iter-front,lru,7,1.221190
string128,sip,16384,iter-front,hashlink,7,1.200482
string128,sip,16384,iter-front,micro,7,1.179281
string128,sip,16384,iter-front,baseline,7,5750.604911
string128,sip,16384,iter-front,lru,8,1.202895
string128,sip,16384,iter-front,hashlink,8,1.203395
string128,sip,16384,iter-front,micro,8,1.178418
string128,sip,16384,iter-front,baseline,8,5408.046336
string128,sip,16384,iter-front,quick_cache,8,6818.783967
string128,sip,16384,iter-back,micro,0,1.166785
string128,sip,16384,iter-back,baseline,0,5573.589440
string128,sip,16384,iter-back,quick_cache,0,6972.600543
string128,sip,16384,iter-back,lru,0,1.206247
string128,sip,16384,iter-back,hashlink,0,1.197557
string128,sip,16384,iter-back,baseline,1,5648.995536
string128,sip,16384,iter-back,quick_cache,1,7104.758523
string128,sip,16384,iter-back,lru,1,1.194188
string128,sip,16384,iter-back,hashlink,1,1.199939
string128,sip,16384,iter-back,micro,1,1.190449
string128,sip,16384,iter-back,quick_cache,2,6996.547554
string128,sip,16384,iter-back,lru,2,1.189679
string128,sip,16384,iter-back,hashlink,2,1.215603
string128,sip,16384,iter-back,micro,2,1.188412
string128,sip,16384,iter-back,baseline,2,5613.792411
string128,sip,16384,iter-back,lru,3,1.203654
string128,sip,16384,iter-back,hashlink,3,1.211175
string128,sip,16384,iter-back,micro,3,1.172502
string128,sip,16384,iter-back,baseline,3,5626.395089
string128,sip,16384,iter-back,quick_cache,3,6969.373641
string128,sip,16384,iter-back,hashlink,4,1.208888
string128,sip,16384,iter-back,micro,4,1.160692
string128,sip,16384,iter-back,baseline,4,5619.698661
string128,sip,16384,iter-back,quick_cache,4,7095.618207
string128,sip,16384,iter-back,lru,4,1.201988
string128,sip,16384,iter-back,micro,5,1.174653
string128,sip,16384,iter-back,baseline,5,5461.969828
string128,sip,16384,iter-back,quick_cache,5,7091.089674
string128,sip,16384,iter-back,lru,5,1.201498
string128,sip,16384,iter-back,hashlink,5,1.183757
string128,sip,16384,iter-back,baseline,6,5528.465517
string128,sip,16384,iter-back,quick_cache,6,7129.321023
string128,sip,16384,iter-back,lru,6,1.201821
string128,sip,16384,iter-back,hashlink,6,1.178818
string128,sip,16384,iter-back,micro,6,1.190621
string128,sip,16384,iter-back,quick_cache,7,7187.322443
string128,sip,16384,iter-back,lru,7,1.208608
string128,sip,16384,iter-back,hashlink,7,1.175378
string128,sip,16384,iter-back,micro,7,1.167849
string128,sip,16384,iter-back,baseline,7,5562.725216
string128,sip,16384,iter-back,lru,8,1.199791
string128,sip,16384,iter-back,hashlink,8,1.169413
string128,sip,16384,iter-back,micro,8,1.180448
string128,sip,16384,iter-back,baseline,8,5598.353795
string128,sip,16384,iter-back,quick_cache,8,6980.581522
string128,sip,16384,iter-empty,micro,0,0.795846
string128,sip,16384,iter-empty,baseline,0,5441.720905
string128,sip,16384,iter-empty,quick_cache,0,6730.251302
string128,sip,16384,iter-empty,lru,0,1.016776
string128,sip,16384,iter-empty,hashlink,0,1.014867
string128,sip,16384,iter-empty,baseline,1,5429.103448
string128,sip,16384,iter-empty,quick_cache,1,6816.066576
string128,sip,16384,iter-empty,lru,1,1.011831
string128,sip,16384,iter-empty,hashlink,1,1.019529
string128,sip,16384,iter-empty,micro,1,0.788401
string128,sip,16384,iter-empty,quick_cache,2,6844.599185
string128,sip,16384,iter-empty,lru,2,1.009510
string128,sip,16384,iter-empty,hashlink,2,1.027819
string128,sip,16384,iter-empty,micro,2,0.824369
string128,sip,16384,iter-empty,baseline,2,5812.500000
string128,sip,16384,iter-empty,lru,3,1.033741
string128,sip,16384,iter-empty,hashlink,3,1.062940
string128,sip,16384,iter-empty,micro,3,0.846810
string128,sip,16384,iter-empty,baseline,3,5513.604526
string128,sip,16384,iter-empty,quick_cache,3,6771.104167
string128,sip,16384,iter-empty,hashlink,4,1.012986
string128,sip,16384,iter-empty,micro,4,0.795214
string128,sip,16384,iter-empty,baseline,4,5651.553571
string128,sip,16384,iter-empty,quick_cache,4,6983.582880
string128,sip,16384,iter-empty,lru,4,1.019982
string128,sip,16384,iter-empty,micro,5,0.774992
string128,sip,16384,iter-empty,baseline,5,5561.153017
string128,sip,16384,iter-empty,quick_cache,5,6772.786458
string128,sip,16384,iter-empty,lru,5,1.002174
string128,sip,16384,iter-empty,hashlink,5,1.017412
string128,sip,16384,iter-empty,baseline,6,5581.223060
string128,sip,16384,iter-empty,quick_cache,6,6784.342448
string128,sip,16384,iter-empty,lru,6,1.016677
string128,sip,16384,iter-empty,hashlink,6,1.034350
string128,sip,16384,iter-empty,micro,6,0.799225
string128,sip,16384,iter-empty,quick_cache,7,6947.577446
string128,sip,16384,iter-empty,lru,7,1.006389
string128,sip,16384,iter-empty,hashlink,7,1.030258
string128,sip,16384,iter-empty,micro,7,0.782698
string128,sip,16384,iter-empty,baseline,7,5702.102679
string128,sip,16384,iter-empty,lru,8,1.003262
string128,sip,16384,iter-empty,hashlink,8,1.026030
string128,sip,16384,iter-empty,micro,8,0.785598
string128,sip,16384,iter-empty,baseline,8,5472.432112
string128,sip,16384,iter-empty,quick_cache,8,6904.947011
string128,sip,16384,iter-count,micro,0,0.407865
string128,sip,16384,iter-count,baseline,0,5538.818359
string128,sip,16384,iter-count,quick_cache,0,8057.562500
string128,sip,16384,iter-count,lru,0,0.396786
string128,sip,16384,iter-count,hashlink,0,0.395024
string128,sip,16384,iter-count,baseline,1,5584.716797
string128,sip,16384,iter-count,quick_cache,1,8157.009115
string128,sip,16384,iter-count,lru,1,0.390121
string128,sip,16384,iter-count,hashlink,1,0.391157
string128,sip,16384,iter-count,micro,1,0.403175
string128,sip,16384,iter-count,quick_cache,2,8088.921875
string128,sip,16384,iter-count,lru,2,0.391745
string128,sip,16384,iter-count,hashlink,2,0.394459
string128,sip,16384,iter-count,micro,2,0.401802
string128,sip,16384,iter-count,baseline,2,5526.245117
string128,sip,16384,iter-count,lru,3,0.392588
string128,sip,16384,iter-count,hashlink,3,0.398926
string128,sip,16384,iter-count,micro,3,0.394243
string128,sip,16384,iter-count,baseline,3,5577.351562
string128,sip,16384,iter-count,quick_cache,3,8010.471354
string128,sip,16384,iter-count,hashlink,4,0.392307
string128,sip,16384,iter-count,micro,4,0.403370
string128,sip,16384,iter-count,baseline,4,5659.626953
string128,sip,16384,iter-count,quick_cache,4,8022.135417
string128,sip,16384,iter-count,lru,4,0.394080
string128,sip,16384,iter-count,micro,5,0.399043
string128,sip,16384,iter-count,baseline,5,5518.350586
string128,sip,16384,iter-count,quick_cache,5,7992.134115
string128,sip,16384,iter-count,lru,5,0.394141
string128,sip,16384,iter-count,hashlink,5,0.399852
string128,sip,16384,iter-count,baseline,6,5352.580078
string128,sip,16384,iter-count,quick_cache,6,7989.746094
string128,sip,16384,iter-count,lru,6,0.394840
string128,sip,16384,iter-count,hashlink,6,0.392994
string128,sip,16384,iter-count,micro,6,0.397967
string128,sip,16384,iter-count,quick_cache,7,8042.533854
string128,sip,16384,iter-count,lru,7,0.394730
string128,sip,16384,iter-count,hashlink,7,0.395093
string128,sip,16384,iter-count,micro,7,0.397934
string128,sip,16384,iter-count,baseline,7,5543.701172
string128,sip,16384,iter-count,lru,8,0.384893
string128,sip,16384,iter-count,hashlink,8,0.393295
string128,sip,16384,iter-count,micro,8,0.400579
string128,sip,16384,iter-count,baseline,8,5493.814453
string128,sip,16384,iter-count,quick_cache,8,8087.998698
string128,ahash,128,get-hit,micro,0,11.208829
string128,ahash,128,get-hit,baseline,0,11.225107
string128,ahash,128,get-hit,quick_cache,0,11.562035
string128,ahash,128,get-hit,lru,0,12.196062
string128,ahash,128,get-hit,hashlink,0,11.227694
string128,ahash,128,get-hit,baseline,1,11.373732
string128,ahash,128,get-hit,quick_cache,1,11.476963
string128,ahash,128,get-hit,lru,1,12.147293
string128,ahash,128,get-hit,hashlink,1,11.225752
string128,ahash,128,get-hit,micro,1,11.227510
string128,ahash,128,get-hit,quick_cache,2,11.340859
string128,ahash,128,get-hit,lru,2,11.915548
string128,ahash,128,get-hit,hashlink,2,11.309399
string128,ahash,128,get-hit,micro,2,11.383057
string128,ahash,128,get-hit,baseline,2,11.209846
string128,ahash,128,get-hit,lru,3,11.979844
string128,ahash,128,get-hit,hashlink,3,11.295111
string128,ahash,128,get-hit,micro,3,11.250444
string128,ahash,128,get-hit,baseline,3,11.414139
string128,ahash,128,get-hit,quick_cache,3,11.298069
string128,ahash,128,get-hit,hashlink,4,11.265055
string128,ahash,128,get-hit,micro,4,11.360451
string128,ahash,128,get-hit,baseline,4,11.416588
string128,ahash,128,get-hit,quick_cache,4,11.578733
string128,ahash,128,get-hit,lru,4,11.963283
string128,ahash,128,get-hit,micro,5,11.218262
string128,ahash,128,get-hit,baseline,5,11.361204
string128,ahash,128,get-hit,quick_cache,5,11.274951
string128,ahash,128,get-hit,lru,5,11.948904
string128,ahash,128,get-hit,hashlink,5,11.335585
string128,ahash,128,get-hit,baseline,6,11.444940
string128,ahash,128,get-hit,quick_cache,6,11.254883
string128,ahash,128,get-hit,lru,6,11.919363
string128,ahash,128,get-hit,hashlink,6,11.357908
string128,ahash,128,get-hit,micro,6,11.396620
string128,ahash,128,get-hit,quick_cache,7,11.363372
string128,ahash,128,get-hit,lru,7,11.942547
string128,ahash,128,get-hit,hashlink,7,11.249703
string128,ahash,128,get-hit,micro,7,11.384942
string128,ahash,128,get-hit,baseline,7,11.430153
string128,ahash,128,get-hit,lru,8,11.938829
string128,ahash,128,get-hit,hashlink,8,11.206703
string128,ahash,128,get-hit,micro,8,11.390026
string128,ahash,128,get-hit,baseline,8,11.295852
string128,ahash,128,get-hit,quick_cache,8,11.316653
string128,ahash,128,get-miss,micro,0,6.840629
string128,ahash,128,get-miss,baseline,0,6.921717
string128,ahash,128,get-miss,quick_cache,0,7.016588
string128,ahash,128,get-miss,lru,0,7.191077
string128,ahash,128,get-miss,hashlink,0,6.844811
string128,ahash,128,get-miss,baseline,1,7.026234
string128,ahash,128,get-miss,quick_cache,1,7.022844
string128,ahash,128,get-miss,lru,1,7.208670
string128,ahash,128,get-miss,hashlink,1,6.834185
string128,ahash,128,get-miss,micro,1,7.018927
string128,ahash,128,get-miss,quick_cache,2,7.236436
string128,ahash,128,get-miss,lru,2,7.173642
string128,ahash,128,get-miss,hashlink,2,6.825651
string128,ahash,128,get-miss,micro,2,6.956447
string128,ahash,128,get-miss,baseline,2,6.925547
string128,ahash,128,get-miss,lru,3,7.173287
string128,ahash,128,get-miss,hashlink,3,6.881485
string128,ahash,128,get-miss,micro,3,6.960492
string128,ahash,128,get-miss,baseline,3,6.955523
string128,ahash,128,get-miss,quick_cache,3,7.062305
string128,ahash,128,get-miss,hashlink,4,6.927090
string128,ahash,128,get-miss,micro,4,6.920576
string128,ahash,128,get-miss,baseline,4,6.941362
string128,ahash,128,get-miss,quick_cache,4,7.144839
string128,ahash,128,get-miss,lru,4,7.241521
string128,ahash,128,get-miss,micro,5,6.997022
string128,ahash,128,get-miss,baseline,5,7.106692
string128,ahash,128,get-miss,quick_cache,5,7.081014
string128,ahash,128,get-miss,lru,5,7.202808
string128,ahash,128,get-miss,hashlink,5,6.825879
string128,ahash,128,get-miss,baseline,6,7.032899
string128,ahash,128,get-miss,quick_cache,6,6.984999
string128,ahash,128,get-miss,lru,6,7.188804
string128,ahash,128,get-miss,hashlink,6,6.730243
string128,ahash,128,get-miss,micro,6,6.922747
string128,ahash,128,get-miss,quick_cache,7,6.974134
string128,ahash,128,get-miss,lru,7,7.206338
string128,ahash,128,get-miss,hashlink,7,6.861427
string128,ahash,128,get-miss,micro,7,6.982630
string128,ahash,128,get-miss,baseline,7,6.981128
string128,ahash,128,get-miss,lru,8,7.193413
string128,ahash,128,get-miss,hashlink,8,6.822713
string128,ahash,128,get-miss,micro,8,7.068327
string128,ahash,128,get-miss,baseline,8,7.004825
string128,ahash,128,get-miss,quick_cache,8,7.076277
string128,ahash,128,update,micro,0,22.595542
string128,ahash,128,update,baseline,0,22.511257
string128,ahash,128,update,quick_cache,0,41.267562
string128,ahash,128,update,lru,0,23.626864
string128,ahash,128,update,hashlink,0,23.512033
string128,ahash,128,update,baseline,1,22.489820
string128,ahash,128,update,quick_cache,1,40.943742
string128,ahash,128,update,lru,1,23.551941
string128,ahash,128,update,hashlink,1,23.728788
string128,ahash,128,update,micro,1,22.610700
string128,ahash,128,update,quick_cache,2,40.771151
string128,ahash,128,update,lru,2,23.400015
string128,ahash,128,update,hashlink,2,23.168683
string128,ahash,128,update,micro,2,22.837886
string128,ahash,128,update,baseline,2,22.555939
string128,ahash,128,update,lru,3,23.400391
string128,ahash,128,update,hashlink,3,23.233294
string128,ahash,128,update,micro,3,22.586823
string128,ahash,128,update,baseline,3,22.458213
string128,ahash,128,update,quick_cache,3,40.760636
string128,ahash,128,update,hashlink,4,23.367612
string128,ahash,128,update,micro,4,22.911164
string128,ahash,128,update,baseline,4,46.254818
string128,ahash,128,update,quick_cache,4,82.144424
string128,ahash,128,update,lru,4,89.370728
string128,ahash,128,update,micro,5,41.588672
string128,ahash,128,update,baseline,5,23.091444
string128,ahash,128,update,quick_cache,5,41.045125
string128,ahash,128,update,lru,5,24.354201
string128,ahash,128,update,hashlink,5,23.604952
string128,ahash,128,update,baseline,6,24.128056
string128,ahash,128,update,quick_cache,6,40.907796
string128,ahash,128,update,lru,6,23.382306
string128,ahash,128,update,hashlink,6,23.269843
string128,ahash,128,update,micro,6,22.478921
string128,ahash,128,update,quick_cache,7,41.571387
string128,ahash,128,update,lru,7,23.835599
string128,ahash,128,update,hashlink,7,24.026532
string128,ahash,128,update,micro,7,23.961778
string128,ahash,128,update,baseline,7,22.628409
string128,ahash,128,update,lru,8,23.551547
string128,ahash,128,update,hashlink,8,24.040222
string128,ahash,128,update,micro,8,23.100676
string128,ahash,128,update,baseline,8,22.544316
string128,ahash,128,update,quick_cache,8,41.198389
string128,ahash,128,insert-cycle,micro,0,51.880854
string128,ahash,128,insert-cycle,baseline,0,52.544050
string128,ahash,128,insert-cycle,quick_cache,0,37.462023
string128,ahash,128,insert-cycle,lru,0,67.779858
string128,ahash,128,insert-cycle,hashlink,0,60.666161
string128,ahash,128,insert-cycle,baseline,1,50.594517
string128,ahash,128,insert-cycle,quick_cache,1,38.008360
string128,ahash,128,insert-cycle,lru,1,68.291644
string128,ahash,128,insert-cycle,hashlink,1,60.013660
string128,ahash,128,insert-cycle,micro,1,51.466982
string128,ahash,128,insert-cycle,quick_cache,2,37.824952
string128,ahash,128,insert-cycle,lru,2,69.351521
string128,ahash,128,insert-cycle,hashlink,2,61.561824
string128,ahash,128,insert-cycle,micro,2,52.781313
string128,ahash,128,insert-cycle,baseline,2,51.566715
string128,ahash,128,insert-cycle,lru,3,68.838482
string128,ahash,128,insert-cycle,hashlink,3,61.456392
string128,ahash,128,insert-cycle,micro,3,51.257598
string128,ahash,128,insert-cycle,baseline,3,52.653218
string128,ahash,128,insert-cycle,quick_cache,3,38.488358
string128,ahash,128,insert-cycle,hashlink,4,60.244892
string128,ahash,128,insert-cycle,micro,4,51.526521
string128,ahash,128,insert-cycle,baseline,4,51.603212
string128,ahash,128,insert-cycle,quick_cache,4,37.641250
string128,ahash,128,insert-cycle,lru,4,68.054837
string128,ahash,128,insert-cycle,micro,5,50.121855
string128,ahash,128,insert-cycle,baseline,5,51.715619
string128,ahash,128,insert-cycle,quick_cache,5,39.308767
string128,ahash,128,insert-cycle,lru,5,68.909551
string128,ahash,128,insert-cycle,hashlink,5,61.362718
string128,ahash,128,insert-cycle,baseline,6,50.842553
string128,ahash,128,insert-cycle,quick_cache,6,37.542047
string128,ahash,128,insert-cycle,lru,6,68.635211
string128,ahash,128,insert-cycle,hashlink,6,58.876612
string128,ahash,128,insert-cycle,micro,6,50.381061
string128,ahash,128,insert-cycle,quick_cache,7,37.521743
string128,ahash,128,insert-cycle,lru,7,67.984117
string128,ahash,128,insert-cycle,hashlink,7,60.073572
string128,ahash,128,insert-cycle,micro,7,49.909728
string128,ahash,128,insert-cycle,baseline,7,51.623402
string128,ahash,128,insert-cycle,lru,8,68.001072
string128,ahash,128,insert-cycle,hashlink,8,59.929783
string128,ahash,128,insert-cycle,micro,8,49.810482
string128,ahash,128,insert-cycle,baseline,8,48.915205
string128,ahash,128,insert-cycle,quick_cache,8,37.032929
string128,ahash,128,mixed-95,micro,0,15.983646
string128,ahash,128,mixed-95,baseline,0,16.007906
string128,ahash,128,mixed-95,quick_cache,0,19.061616
string128,ahash,128,mixed-95,lru,0,17.517672
string128,ahash,128,mixed-95,hashlink,0,17.296122
string128,ahash,128,mixed-95,baseline,1,16.422473
string128,ahash,128,mixed-95,quick_cache,1,19.153118
string128,ahash,128,mixed-95,lru,1,17.535836
string128,ahash,128,mixed-95,hashlink,1,17.115838
string128,ahash,128,mixed-95,micro,1,15.970212
string128,ahash,128,mixed-95,quick_cache,2,18.904715
string128,ahash,128,mixed-95,lru,2,17.667641
string128,ahash,128,mixed-95,hashlink,2,17.100440
string128,ahash,128,mixed-95,micro,2,15.967345
string128,ahash,128,mixed-95,baseline,2,15.984819
string128,ahash,128,mixed-95,lru,3,17.588299
string128,ahash,128,mixed-95,hashlink,3,17.547171
string128,ahash,128,mixed-95,micro,3,16.267742
string128,ahash,128,mixed-95,baseline,3,16.066300
string128,ahash,128,mixed-95,quick_cache,3,18.985940
string128,ahash,128,mixed-95,hashlink,4,17.152293
string128,ahash,128,mixed-95,micro,4,16.157451
string128,ahash,128,mixed-95,baseline,4,16.007252
string128,ahash,128,mixed-95,quick_cache,4,19.456066
string128,ahash,128,mixed-95,lru,4,17.482213
string128,ahash,128,mixed-95,micro,5,16.023422
string128,ahash,128,mixed-95,baseline,5,15.997599
string128,ahash,128,mixed-95,quick_cache,5,19.018925
string128,ahash,128,mixed-95,lru,5,17.649623
string128,ahash,128,mixed-95,hashlink,5,17.342461
string128,ahash,128,mixed-95,baseline,6,16.175251
string128,ahash,128,mixed-95,quick_cache,6,18.872810
string128,ahash,128,mixed-95,lru,6,17.633786
string128,ahash,128,mixed-95,hashlink,6,17.219967
string128,ahash,128,mixed-95,micro,6,16.164949
string128,ahash,128,mixed-95,quick_cache,7,19.209385
string128,ahash,128,mixed-95,lru,7,17.500813
string128,ahash,128,mixed-95,hashlink,7,17.164018
string128,ahash,128,mixed-95,micro,7,16.112613
string128,ahash,128,mixed-95,baseline,7,16.129343
string128,ahash,128,mixed-95,lru,8,17.696418
string128,ahash,128,mixed-95,hashlink,8,17.066956
string128,ahash,128,mixed-95,micro,8,15.959911
string128,ahash,128,mixed-95,baseline,8,15.975038
string128,ahash,128,mixed-95,quick_cache,8,18.975149
string128,ahash,128,load-hit,micro,0,12.548225
string128,ahash,128,load-hit,baseline,0,23.196750
string128,ahash,128,load-hit,quick_cache,0,13.122559
string128,ahash,128,load-hit,lru,0,12.524040
string128,ahash,128,load-hit,hashlink,0,11.458408
string128,ahash,128,load-hit,baseline,1,23.340671
string128,ahash,128,load-hit,quick_cache,1,13.175909
string128,ahash,128,load-hit,lru,1,12.633552
string128,ahash,128,load-hit,hashlink,1,11.340389
string128,ahash,128,load-hit,micro,1,12.368267
string128,ahash,128,load-hit,quick_cache,2,13.128402
string128,ahash,128,load-hit,lru,2,12.571997
string128,ahash,128,load-hit,hashlink,2,11.291413
string128,ahash,128,load-hit,micro,2,12.401733
string128,ahash,128,load-hit,baseline,2,22.797947
string128,ahash,128,load-hit,lru,3,12.609676
string128,ahash,128,load-hit,hashlink,3,11.460293
string128,ahash,128,load-hit,micro,3,12.550405
string128,ahash,128,load-hit,baseline,3,23.305822
string128,ahash,128,load-hit,quick_cache,3,13.343259
string128,ahash,128,load-hit,hashlink,4,11.295111
string128,ahash,128,load-hit,micro,4,12.649638
string128,ahash,128,load-hit,baseline,4,23.150784
string128,ahash,128,load-hit,quick_cache,4,13.164546
string128,ahash,128,load-hit,lru,4,12.575422
string128,ahash,128,load-hit,micro,5,12.385051
string128,ahash,128,load-hit,baseline,5,22.792485
string128,ahash,128,load-hit,quick_cache,5,13.133812
string128,ahash,128,load-hit,lru,5,12.543141
string128,ahash,128,load-hit,hashlink,5,11.352822
string128,ahash,128,load-hit,baseline,6,22.443320
string128,ahash,128,load-hit,quick_cache,6,13.245818
string128,ahash,128,load-hit,lru,6,12.777328
string128,ahash,128,load-hit,hashlink,6,11.343779
string128,ahash,128,load-hit,micro,6,12.399597
string128,ahash,128,load-hit,quick_cache,7,13.171363
string128,ahash,128,load-hit,lru,7,12.845144
string128,ahash,128,load-hit,hashlink,7,11.349053
string128,ahash,128,load-hit,micro,7,12.415466
string128,ahash,128,load-hit,baseline,7,22.685673
string128,ahash,128,load-hit,lru,8,12.576874
string128,ahash,128,load-hit,hashlink,8,11.342179
string128,ahash,128,load-hit,micro,8,12.414043
string128,ahash,128,load-hit,baseline,8,24.047265
string128,ahash,128,load-hit,quick_cache,8,13.222877
string128,ahash,128,load-cycle,micro,0,49.713989
string128,ahash,128,load-cycle,baseline,0,55.141846
string128,ahash,128,load-cycle,quick_cache,0,24.426675
string128,ahash,128,load-cycle,lru,0,66.729002
string128,ahash,128,load-cycle,hashlink,0,63.529931
string128,ahash,128,load-cycle,baseline,1,52.923522
string128,ahash,128,load-cycle,quick_cache,1,24.272127
string128,ahash,128,load-cycle,lru,1,65.019272
string128,ahash,128,load-cycle,hashlink,1,64.268940
string128,ahash,128,load-cycle,micro,1,48.800119
string128,ahash,128,load-cycle,quick_cache,2,24.517806
string128,ahash,128,load-cycle,lru,2,65.138893
string128,ahash,128,load-cycle,hashlink,2,67.874485
string128,ahash,128,load-cycle,micro,2,51.017104
string128,ahash,128,load-cycle,baseline,2,53.876840
string128,ahash,128,load-cycle,lru,3,64.335346
string128,ahash,128,load-cycle,hashlink,3,65.094425
string128,ahash,128,load-cycle,micro,3,50.257411
string128,ahash,128,load-cycle,baseline,3,53.372076
string128,ahash,128,load-cycle,quick_cache,3,24.830994
string128,ahash,128,load-cycle,hashlink,4,65.998245
string128,ahash,128,load-cycle,micro,4,49.582438
string128,ahash,128,load-cycle,baseline,4,53.777108
string128,ahash,128,load-cycle,quick_cache,4,24.784760
string128,ahash,128,load-cycle,lru,4,65.793574
string128,ahash,128,load-cycle,micro,5,50.534803
string128,ahash,128,load-cycle,baseline,5,54.373730
string128,ahash,128,load-cycle,quick_cache,5,24.442549
string128,ahash,128,load-cycle,lru,5,64.945196
string128,ahash,128,load-cycle,hashlink,5,66.731215
string128,ahash,128,load-cycle,baseline,6,53.963171
string128,ahash,128,load-cycle,quick_cache,6,24.256960
string128,ahash,128,load-cycle,lru,6,63.508789
string128,ahash,128,load-cycle,hashlink,6,66.835658
string128,ahash,128,load-cycle,micro,6,48.910723
string128,ahash,128,load-cycle,quick_cache,7,24.570887
string128,ahash,128,load-cycle,lru,7,63.496639
string128,ahash,128,load-cycle,hashlink,7,64.237001
string128,ahash,128,load-cycle,micro,7,49.203253
string128,ahash,128,load-cycle,baseline,7,55.172568
string128,ahash,128,load-cycle,lru,8,64.659937
string128,ahash,128,load-cycle,hashlink,8,64.284475
string128,ahash,128,load-cycle,micro,8,49.583677
string128,ahash,128,load-cycle,baseline,8,53.494365
string128,ahash,128,load-cycle,quick_cache,8,24.761446
string128,ahash,128,clear-refill,micro,0,2770.290859
string128,ahash,128,clear-refill,baseline,0,2902.205456
string128,ahash,128,clear-refill,quick_cache,0,3069.853898
string128,ahash,128,clear-refill,lru,0,6664.058589
string128,ahash,128,clear-refill,hashlink,0,3913.210485
string128,ahash,128,clear-refill,baseline,1,2896.159236
string128,ahash,128,clear-refill,quick_cache,1,3008.849579
string128,ahash,128,clear-refill,lru,1,6771.424899
string128,ahash,128,clear-refill,hashlink,1,3911.617670
string128,ahash,128,clear-refill,micro,1,2794.716201
string128,ahash,128,clear-refill,quick_cache,2,3328.675981
string128,ahash,128,clear-refill,lru,2,6841.313269
string128,ahash,128,clear-refill,hashlink,2,3915.166667
string128,ahash,128,clear-refill,micro,2,2770.175623
string128,ahash,128,clear-refill,baseline,2,2904.689315
string128,ahash,128,clear-refill,lru,3,6772.778078
string128,ahash,128,clear-refill,hashlink,3,3888.338772
string128,ahash,128,clear-refill,micro,3,2767.086331
string128,ahash,128,clear-refill,baseline,3,2916.034985
string128,ahash,128,clear-refill,quick_cache,3,2959.047929
string128,ahash,128,clear-refill,hashlink,4,3895.217290
string128,ahash,128,clear-refill,micro,4,2782.188543
string128,ahash,128,clear-refill,baseline,4,2888.375866
string128,ahash,128,clear-refill,quick_cache,4,3071.337017
string128,ahash,128,clear-refill,lru,4,6694.109772
string128,ahash,128,clear-refill,micro,5,2772.126386
string128,ahash,128,clear-refill,baseline,5,2884.035179
string128,ahash,128,clear-refill,quick_cache,5,3038.249696
string128,ahash,128,clear-refill,lru,5,6775.857724
string128,ahash,128,clear-refill,hashlink,5,3908.821875
string128,ahash,128,clear-refill,baseline,6,3013.704819
string128,ahash,128,clear-refill,quick_cache,6,2979.774866
string128,ahash,128,clear-refill,lru,6,6796.648098
string128,ahash,128,clear-refill,hashlink,6,3884.704969
string128,ahash,128,clear-refill,micro,6,2765.509403
string128,ahash,128,clear-refill,quick_cache,7,3255.805339
string128,ahash,128,clear-refill,lru,7,6756.017544
string128,ahash,128,clear-refill,hashlink,7,3890.681960
string128,ahash,128,clear-refill,micro,7,2783.667223
string128,ahash,128,clear-refill,baseline,7,2952.257969
string128,ahash,128,clear-refill,lru,8,6733.344549
string128,ahash,128,clear-refill,hashlink,8,4045.476537
string128,ahash,128,clear-refill,micro,8,2799.501399
string128,ahash,128,clear-refill,baseline,8,2938.968860
string128,ahash,128,clear-refill,quick_cache,8,3470.159611
string128,ahash,128,clear-empty,micro,0,0.366426
string128,ahash,128,clear-empty,baseline,0,48.659291
string128,ahash,128,clear-empty,quick_cache,0,3.929137
string128,ahash,128,clear-empty,lru,0,2.139598
string128,ahash,128,clear-empty,hashlink,0,0.637214
string128,ahash,128,clear-empty,baseline,1,49.446608
string128,ahash,128,clear-empty,quick_cache,1,3.959800
string128,ahash,128,clear-empty,lru,1,2.142468
string128,ahash,128,clear-empty,hashlink,1,0.638401
string128,ahash,128,clear-empty,micro,1,0.365053
string128,ahash,128,clear-empty,quick_cache,2,4.009579
string128,ahash,128,clear-empty,lru,2,2.167598
string128,ahash,128,clear-empty,hashlink,2,0.637656
string128,ahash,128,clear-empty,micro,2,0.367557
string128,ahash,128,clear-empty,baseline,2,50.210958
string128,ahash,128,clear-empty,lru,3,2.191659
string128,ahash,128,clear-empty,hashlink,3,0.622232
string128,ahash,128,clear-empty,micro,3,0.365729
string128,ahash,128,clear-empty,baseline,3,49.499357
string128,ahash,128,clear-empty,quick_cache,3,3.933584
string128,ahash,128,clear-empty,hashlink,4,0.638939
string128,ahash,128,clear-empty,micro,4,0.367924
string128,ahash,128,clear-empty,baseline,4,49.469689
string128,ahash,128,clear-empty,quick_cache,4,3.960976
string128,ahash,128,clear-empty,lru,4,2.139977
string128,ahash,128,clear-empty,micro,5,0.365966
string128,ahash,128,clear-empty,baseline,5,49.793923
string128,ahash,128,clear-empty,quick_cache,5,4.008422
string128,ahash,128,clear-empty,lru,5,2.145238
string128,ahash,128,clear-empty,hashlink,5,0.639724
string128,ahash,128,clear-empty,baseline,6,49.458159
string128,ahash,128,clear-empty,quick_cache,6,4.005655
string128,ahash,128,clear-empty,lru,6,2.183971
string128,ahash,128,clear-empty,hashlink,6,0.632069
string128,ahash,128,clear-empty,micro,6,0.367032
string128,ahash,128,clear-empty,quick_cache,7,3.931046
string128,ahash,128,clear-empty,lru,7,2.139850
string128,ahash,128,clear-empty,hashlink,7,0.639190
string128,ahash,128,clear-empty,micro,7,0.367384
string128,ahash,128,clear-empty,baseline,7,49.439710
string128,ahash,128,clear-empty,lru,8,2.141222
string128,ahash,128,clear-empty,hashlink,8,0.638094
string128,ahash,128,clear-empty,micro,8,0.367156
string128,ahash,128,clear-empty,baseline,8,50.206581
string128,ahash,128,clear-empty,quick_cache,8,3.988195
string128,ahash,128,iter-dense,micro,0,22.984701
string128,ahash,128,iter-dense,baseline,0,39.706595
string128,ahash,128,iter-dense,quick_cache,0,29.776224
string128,ahash,128,iter-dense,lru,0,141.826650
string128,ahash,128,iter-dense,hashlink,0,136.991482
string128,ahash,128,iter-dense,baseline,1,39.284094
string128,ahash,128,iter-dense,quick_cache,1,29.499546
string128,ahash,128,iter-dense,lru,1,138.797930
string128,ahash,128,iter-dense,hashlink,1,135.430216
string128,ahash,128,iter-dense,micro,1,22.900864
string128,ahash,128,iter-dense,quick_cache,2,29.501764
string128,ahash,128,iter-dense,lru,2,138.972222
string128,ahash,128,iter-dense,hashlink,2,135.346780
string128,ahash,128,iter-dense,micro,2,22.956033
string128,ahash,128,iter-dense,baseline,2,39.137178
string128,ahash,128,iter-dense,lru,3,138.695569
string128,ahash,128,iter-dense,hashlink,3,134.126878
string128,ahash,128,iter-dense,micro,3,23.028036
string128,ahash,128,iter-dense,baseline,3,38.893020
string128,ahash,128,iter-dense,quick_cache,3,30.048329
string128,ahash,128,iter-dense,hashlink,4,140.387494
string128,ahash,128,iter-dense,micro,4,23.156167
string128,ahash,128,iter-dense,baseline,4,38.641035
string128,ahash,128,iter-dense,quick_cache,4,29.673454
string128,ahash,128,iter-dense,lru,4,139.434434
string128,ahash,128,iter-dense,micro,5,23.021822
string128,ahash,128,iter-dense,baseline,5,38.743840
string128,ahash,128,iter-dense,quick_cache,5,29.627951
string128,ahash,128,iter-dense,lru,5,139.039090
string128,ahash,128,iter-dense,hashlink,5,134.768992
string128,ahash,128,iter-dense,baseline,6,38.873336
string128,ahash,128,iter-dense,quick_cache,6,29.997156
string128,ahash,128,iter-dense,lru,6,137.061404
string128,ahash,128,iter-dense,hashlink,6,133.933831
string128,ahash,128,iter-dense,micro,6,23.075255
string128,ahash,128,iter-dense,quick_cache,7,29.859832
string128,ahash,128,iter-dense,lru,7,140.885417
string128,ahash,128,iter-dense,hashlink,7,134.859442
string128,ahash,128,iter-dense,micro,7,23.294443
string128,ahash,128,iter-dense,baseline,7,39.387042
string128,ahash,128,iter-dense,lru,8,136.243107
string128,ahash,128,iter-dense,hashlink,8,135.075681
string128,ahash,128,iter-dense,micro,8,23.086253
string128,ahash,128,iter-dense,baseline,8,38.639095
string128,ahash,128,iter-dense,quick_cache,8,29.422525
string128,ahash,128,iter-dense-for,micro,0,37.628108
string128,ahash,128,iter-dense-for,baseline,0,37.737148
string128,ahash,128,iter-dense-for,quick_cache,0,38.593958
string128,ahash,128,iter-dense-for,lru,0,86.455320
string128,ahash,128,iter-dense-for,hashlink,0,71.014709
string128,ahash,128,iter-dense-for,baseline,1,37.852524
string128,ahash,128,iter-dense-for,quick_cache,1,68.519495
string128,ahash,128,iter-dense-for,lru,1,84.430021
string128,ahash,128,iter-dense-for,hashlink,1,72.133133
string128,ahash,128,iter-dense-for,micro,1,38.853361
string128,ahash,128,iter-dense-for,quick_cache,2,69.584943
string128,ahash,128,iter-dense-for,lru,2,80.076796
string128,ahash,128,iter-dense-for,hashlink,2,71.195772
string128,ahash,128,iter-dense-for,micro,2,38.881399
string128,ahash,128,iter-dense-for,baseline,2,38.168150
string128,ahash,128,iter-dense-for,lru,3,80.750694
string128,ahash,128,iter-dense-for,hashlink,3,71.600263
string128,ahash,128,iter-dense-for,micro,3,38.785539
string128,ahash,128,iter-dense-for,baseline,3,38.128988
string128,ahash,128,iter-dense-for,quick_cache,3,70.154707
string128,ahash,128,iter-dense-for,hashlink,4,71.755065
string128,ahash,128,iter-dense-for,micro,4,38.532167
string128,ahash,128,iter-dense-for,baseline,4,38.157563
string128,ahash,128,iter-dense-for,quick_cache,4,71.468721
string128,ahash,128,iter-dense-for,lru,4,81.906365
string128,ahash,128,iter-dense-for,micro,5,38.590092
string128,ahash,128,iter-dense-for,baseline,5,38.460651
string128,ahash,128,iter-dense-for,quick_cache,5,69.897892
string128,ahash,128,iter-dense-for,lru,5,80.636449
string128,ahash,128,iter-dense-for,hashlink,5,71.650404
string128,ahash,128,iter-dense-for,baseline,6,38.147926
string128,ahash,128,iter-dense-for,quick_cache,6,69.735539
string128,ahash,128,iter-dense-for,lru,6,80.195373
string128,ahash,128,iter-dense-for,hashlink,6,71.237722
string128,ahash,128,iter-dense-for,micro,6,38.888797
string128,ahash,128,iter-dense-for,quick_cache,7,71.032188
string128,ahash,128,iter-dense-for,lru,7,80.570764
string128,ahash,128,iter-dense-for,hashlink,7,71.458591
string128,ahash,128,iter-dense-for,micro,7,38.779149
string128,ahash,128,iter-dense-for,baseline,7,38.414662
string128,ahash,128,iter-dense-for,lru,8,84.219390
string128,ahash,128,iter-dense-for,hashlink,8,71.075745
string128,ahash,128,iter-dense-for,micro,8,38.660471
string128,ahash,128,iter-dense-for,baseline,8,38.557473
string128,ahash,128,iter-dense-for,quick_cache,8,69.709091
string128,ahash,128,iter-density-1pct,micro,0,1.616976
string128,ahash,128,iter-density-1pct,baseline,0,38.630508
string128,ahash,128,iter-density-1pct,quick_cache,0,27.592072
string128,ahash,128,iter-density-1pct,lru,0,1.282283
string128,ahash,128,iter-density-1pct,hashlink,0,1.263474
string128,ahash,128,iter-density-1pct,baseline,1,38.929824
string128,ahash,128,iter-density-1pct,quick_cache,1,27.934506
string128,ahash,128,iter-density-1pct,lru,1,1.293096
string128,ahash,128,iter-density-1pct,hashlink,1,1.264148
string128,ahash,128,iter-density-1pct,micro,1,1.593851
string128,ahash,128,iter-density-1pct,quick_cache,2,26.902398
string128,ahash,128,iter-density-1pct,lru,2,1.301129
string128,ahash,128,iter-density-1pct,hashlink,2,1.345092
string128,ahash,128,iter-density-1pct,micro,2,1.606185
string128,ahash,128,iter-density-1pct,baseline,2,36.550928
string128,ahash,128,iter-density-1pct,lru,3,1.281746
string128,ahash,128,iter-density-1pct,hashlink,3,1.272259
string128,ahash,128,iter-density-1pct,micro,3,1.633235
string128,ahash,128,iter-density-1pct,baseline,3,38.592994
string128,ahash,128,iter-density-1pct,quick_cache,3,26.556833
string128,ahash,128,iter-density-1pct,hashlink,4,1.262463
string128,ahash,128,iter-density-1pct,micro,4,1.619523
string128,ahash,128,iter-density-1pct,baseline,4,38.622567
string128,ahash,128,iter-density-1pct,quick_cache,4,26.885603
string128,ahash,128,iter-density-1pct,lru,4,1.290650
string128,ahash,128,iter-density-1pct,micro,5,1.614984
string128,ahash,128,iter-density-1pct,baseline,5,38.406496
string128,ahash,128,iter-density-1pct,quick_cache,5,27.851725
string128,ahash,128,iter-density-1pct,lru,5,1.295315
string128,ahash,128,iter-density-1pct,hashlink,5,1.262381
string128,ahash,128,iter-density-1pct,baseline,6,38.498229
string128,ahash,128,iter-density-1pct,quick_cache,6,26.742069
string128,ahash,128,iter-density-1pct,lru,6,1.285247
string128,ahash,128,iter-density-1pct,hashlink,6,1.259959
string128,ahash,128,iter-density-1pct,micro,6,1.615856
string128,ahash,128,iter-density-1pct,quick_cache,7,27.578153
string128,ahash,128,iter-density-1pct,lru,7,1.282914
string128,ahash,128,iter-density-1pct,hashlink,7,1.261912
string128,ahash,128,iter-density-1pct,micro,7,1.630301
string128,ahash,128,iter-density-1pct,baseline,7,38.770815
string128,ahash,128,iter-density-1pct,lru,8,1.284496
string128,ahash,128,iter-density-1pct,hashlink,8,1.259532
string128,ahash,128,iter-density-1pct,micro,8,1.612354
string128,ahash,128,iter-density-1pct,baseline,8,38.799691
string128,ahash,128,iter-density-1pct,quick_cache,8,27.264684
string128,ahash,128,iter-density-6pct,micro,0,23.964724
string128,ahash,128,iter-density-6pct,baseline,0,36.770831
string128,ahash,128,iter-density-6pct,quick_cache,0,27.438405
string128,ahash,128,iter-density-6pct,lru,0,3.211902
string128,ahash,128,iter-density-6pct,hashlink,0,3.165647
string128,ahash,128,iter-density-6pct,baseline,1,36.577203
string128,ahash,128,iter-density-6pct,quick_cache,1,27.418917
string128,ahash,128,iter-density-6pct,lru,1,3.213130
string128,ahash,128,iter-density-6pct,hashlink,1,3.169012
string128,ahash,128,iter-density-6pct,micro,1,23.970399
string128,ahash,128,iter-density-6pct,quick_cache,2,27.981969
string128,ahash,128,iter-density-6pct,lru,2,3.229240
string128,ahash,128,iter-density-6pct,hashlink,2,3.166802
string128,ahash,128,iter-density-6pct,micro,2,23.912706
string128,ahash,128,iter-density-6pct,baseline,2,37.074310
string128,ahash,128,iter-density-6pct,lru,3,3.277838
string128,ahash,128,iter-density-6pct,hashlink,3,3.204694
string128,ahash,128,iter-density-6pct,micro,3,23.895492
string128,ahash,128,iter-density-6pct,baseline,3,36.752006
string128,ahash,128,iter-density-6pct,quick_cache,3,27.536707
string128,ahash,128,iter-density-6pct,hashlink,4,3.164738
string128,ahash,128,iter-density-6pct,micro,4,23.889380
string128,ahash,128,iter-density-6pct,baseline,4,36.799642
string128,ahash,128,iter-density-6pct,quick_cache,4,27.611808
string128,ahash,128,iter-density-6pct,lru,4,3.234521
string128,ahash,128,iter-density-6pct,micro,5,24.076907
string128,ahash,128,iter-density-6pct,baseline,5,37.503877
string128,ahash,128,iter-density-6pct,quick_cache,5,27.588354
string128,ahash,128,iter-density-6pct,lru,5,3.217365
string128,ahash,128,iter-density-6pct,hashlink,5,3.195101
string128,ahash,128,iter-density-6pct,baseline,6,36.690068
string128,ahash,128,iter-density-6pct,quick_cache,6,24.047265
string128,ahash,128,iter-density-6pct,lru,6,3.276712
string128,ahash,128,iter-density-6pct,hashlink,6,3.199943
string128,ahash,128,iter-density-6pct,micro,6,23.958372
string128,ahash,128,iter-density-6pct,quick_cache,7,23.762622
string128,ahash,128,iter-density-6pct,lru,7,3.232380
string128,ahash,128,iter-density-6pct,hashlink,7,3.192685
string128,ahash,128,iter-density-6pct,micro,7,23.975472
string128,ahash,128,iter-density-6pct,baseline,7,37.026066
string128,ahash,128,iter-density-6pct,lru,8,3.218464
string128,ahash,128,iter-density-6pct,hashlink,8,3.175323
string128,ahash,128,iter-density-6pct,micro,8,24.072793
string128,ahash,128,iter-density-6pct,baseline,8,38.410821
string128,ahash,128,iter-density-6pct,quick_cache,8,23.318194
string128,ahash,128,iter-density-quarter,micro,0,24.078712
string128,ahash,128,iter-density-quarter,baseline,0,37.413462
string128,ahash,128,iter-density-quarter,quick_cache,0,26.053820
string128,ahash,128,iter-density-quarter,lru,0,19.468302
string128,ahash,128,iter-density-quarter,hashlink,0,19.080052
string128,ahash,128,iter-density-quarter,baseline,1,37.065213
string128,ahash,128,iter-density-quarter,quick_cache,1,25.568647
string128,ahash,128,iter-density-quarter,lru,1,19.021352
string128,ahash,128,iter-density-quarter,hashlink,1,18.870931
string128,ahash,128,iter-density-quarter,micro,1,23.913376
string128,ahash,128,iter-density-quarter,quick_cache,2,25.701367
string128,ahash,128,iter-density-quarter,lru,2,19.076448
string128,ahash,128,iter-density-quarter,hashlink,2,18.802963
string128,ahash,128,iter-density-quarter,micro,2,23.975074
string128,ahash,128,iter-density-quarter,baseline,2,37.669698
string128,ahash,128,iter-density-quarter,lru,3,18.521468
string128,ahash,128,iter-density-quarter,hashlink,3,18.251679
string128,ahash,128,iter-density-quarter,micro,3,23.912906
string128,ahash,128,iter-density-quarter,baseline,3,37.259955
string128,ahash,128,iter-density-quarter,quick_cache,3,25.888502
string128,ahash,128,iter-density-quarter,hashlink,4,18.957373
string128,ahash,128,iter-density-quarter,micro,4,24.290242
string128,ahash,128,iter-density-quarter,baseline,4,37.149623
string128,ahash,128,iter-density-quarter,quick_cache,4,25.532113
string128,ahash,128,iter-density-quarter,lru,4,18.866374
string128,ahash,128,iter-density-quarter,micro,5,23.988597
string128,ahash,128,iter-density-quarter,baseline,5,37.505437
string128,ahash,128,iter-density-quarter,quick_cache,5,25.542799
string128,ahash,128,iter-density-quarter,lru,5,19.008672
string128,ahash,128,iter-density-quarter,hashlink,5,18.631729
string128,ahash,128,iter-density-quarter,baseline,6,36.993164
string128,ahash,128,iter-density-quarter,quick_cache,6,25.718930
string128,ahash,128,iter-density-quarter,lru,6,18.803117
string128,ahash,128,iter-density-quarter,hashlink,6,18.633332
string128,ahash,128,iter-density-quarter,micro,6,24.094666
string128,ahash,128,iter-density-quarter,quick_cache,7,25.879932
string128,ahash,128,iter-density-quarter,lru,7,19.558631
string128,ahash,128,iter-density-quarter,hashlink,7,18.633176
string128,ahash,128,iter-density-quarter,micro,7,24.197822
string128,ahash,128,iter-density-quarter,baseline,7,37.298933
string128,ahash,128,iter-density-quarter,lru,8,18.828353
string128,ahash,128,iter-density-quarter,hashlink,8,18.731457
string128,ahash,128,iter-density-quarter,micro,8,23.980438
string128,ahash,128,iter-density-quarter,baseline,8,37.418373
string128,ahash,128,iter-density-quarter,quick_cache,8,25.664236
string128,ahash,128,iter-density-half,micro,0,23.375369
string128,ahash,128,iter-density-half,baseline,0,38.046392
string128,ahash,128,iter-density-half,quick_cache,0,25.161031
string128,ahash,128,iter-density-half,lru,0,50.883436
string128,ahash,128,iter-density-half,hashlink,0,50.862630
string128,ahash,128,iter-density-half,baseline,1,37.474086
string128,ahash,128,iter-density-half,quick_cache,1,24.931532
string128,ahash,128,iter-density-half,lru,1,53.641102
string128,ahash,128,iter-density-half,hashlink,1,51.138294
string128,ahash,128,iter-density-half,micro,1,23.295021
string128,ahash,128,iter-density-half,quick_cache,2,24.789783
string128,ahash,128,iter-density-half,lru,2,52.108515
string128,ahash,128,iter-density-half,hashlink,2,53.955078
string128,ahash,128,iter-density-half,micro,2,23.269769
string128,ahash,128,iter-density-half,baseline,2,37.941551
string128,ahash,128,iter-density-half,lru,3,50.739813
string128,ahash,128,iter-density-half,hashlink,3,50.854977
string128,ahash,128,iter-density-half,micro,3,23.217910
string128,ahash,128,iter-density-half,baseline,3,38.206441
string128,ahash,128,iter-density-half,quick_cache,3,24.889326
string128,ahash,128,iter-density-half,hashlink,4,49.603548
string128,ahash,128,iter-density-half,micro,4,23.311432
string128,ahash,128,iter-density-half,baseline,4,39.074550
string128,ahash,128,iter-density-half,quick_cache,4,26.062297
string128,ahash,128,iter-density-half,lru,4,52.492715
string128,ahash,128,iter-density-half,micro,5,23.323619
string128,ahash,128,iter-density-half,baseline,5,37.540536
string128,ahash,128,iter-density-half,quick_cache,5,24.879926
string128,ahash,128,iter-density-half,lru,5,52.241359
string128,ahash,128,iter-density-half,hashlink,5,51.766334
string128,ahash,128,iter-density-half,baseline,6,38.000122
string128,ahash,128,iter-density-half,quick_cache,6,24.747416
string128,ahash,128,iter-density-half,lru,6,52.472916
string128,ahash,128,iter-density-half,hashlink,6,51.540083
string128,ahash,128,iter-density-half,micro,6,23.475647
string128,ahash,128,iter-density-half,quick_cache,7,25.149299
string128,ahash,128,iter-density-half,lru,7,52.620823
string128,ahash,128,iter-density-half,hashlink,7,51.568946
string128,ahash,128,iter-density-half,micro,7,23.204888
string128,ahash,128,iter-density-half,baseline,7,38.567312
string128,ahash,128,iter-density-half,lru,8,53.814512
string128,ahash,128,iter-density-half,hashlink,8,51.496860
string128,ahash,128,iter-density-half,micro,8,23.330584
string128,ahash,128,iter-density-half,baseline,8,38.161058
string128,ahash,128,iter-density-half,quick_cache,8,24.901434
string128,ahash,128,iter-front,micro,0,1.185104
string128,ahash,128,iter-front,baseline,0,38.220554
string128,ahash,128,iter-front,quick_cache,0,22.398971
string128,ahash,128,iter-front,lru,0,1.181376
string128,ahash,128,iter-front,hashlink,0,1.157356
string128,ahash,128,iter-front,baseline,1,37.976845
string128,ahash,128,iter-front,quick_cache,1,22.756785
string128,ahash,128,iter-front,lru,1,1.180056
string128,ahash,128,iter-front,hashlink,1,1.135703
string128,ahash,128,iter-front,micro,1,1.184439
string128,ahash,128,iter-front,quick_cache,2,22.489421
string128,ahash,128,iter-front,lru,2,1.202811
string128,ahash,128,iter-front,hashlink,2,1.149717
string128,ahash,128,iter-front,micro,2,1.181984
string128,ahash,128,iter-front,baseline,2,38.087284
string128,ahash,128,iter-front,lru,3,1.176927
string128,ahash,128,iter-front,hashlink,3,1.176918
string128,ahash,128,iter-front,micro,3,1.185212
string128,ahash,128,iter-front,baseline,3,37.783713
string128,ahash,128,iter-front,quick_cache,3,22.528894
string128,ahash,128,iter-front,hashlink,4,1.137555
string128,ahash,128,iter-front,micro,4,1.184933
string128,ahash,128,iter-front,baseline,4,38.372444
string128,ahash,128,iter-front,quick_cache,4,22.580234
string128,ahash,128,iter-front,lru,4,1.187752
string128,ahash,128,iter-front,micro,5,1.184215
string128,ahash,128,iter-front,baseline,5,37.943814
string128,ahash,128,iter-front,quick_cache,5,22.988465
string128,ahash,128,iter-front,lru,5,1.203089
string128,ahash,128,iter-front,hashlink,5,1.143399
string128,ahash,128,iter-front,baseline,6,38.106178
string128,ahash,128,iter-front,quick_cache,6,22.654134
string128,ahash,128,iter-front,lru,6,1.181930
string128,ahash,128,iter-front,hashlink,6,1.134960
string128,ahash,128,iter-front,micro,6,1.186300
string128,ahash,128,iter-front,quick_cache,7,22.067010
string128,ahash,128,iter-front,lru,7,1.172766
string128,ahash,128,iter-front,hashlink,7,1.197364
string128,ahash,128,iter-front,micro,7,1.203274
string128,ahash,128,iter-front,baseline,7,38.047974
string128,ahash,128,iter-front,lru,8,1.200464
string128,ahash,128,iter-front,hashlink,8,1.152992
string128,ahash,128,iter-front,micro,8,1.191584
string128,ahash,128,iter-front,baseline,8,38.095936
string128,ahash,128,iter-front,quick_cache,8,23.039885
string128,ahash,128,iter-back,micro,0,1.217374
string128,ahash,128,iter-back,baseline,0,38.793873
string128,ahash,128,iter-back,quick_cache,0,21.965016
string128,ahash,128,iter-back,lru,0,1.189289
string128,ahash,128,iter-back,hashlink,0,1.150682
string128,ahash,128,iter-back,baseline,1,38.542828
string128,ahash,128,iter-back,quick_cache,1,21.979915
string128,ahash,128,iter-back,lru,1,1.178454
string128,ahash,128,iter-back,hashlink,1,1.156748
string128,ahash,128,iter-back,micro,1,1.220417
string128,ahash,128,iter-back,quick_cache,2,22.388778
string128,ahash,128,iter-back,lru,2,1.189280
string128,ahash,128,iter-back,hashlink,2,1.163579
string128,ahash,128,iter-back,micro,2,1.220198
string128,ahash,128,iter-back,baseline,2,38.820846
string128,ahash,128,iter-back,lru,3,1.202978
string128,ahash,128,iter-back,hashlink,3,1.200658
string128,ahash,128,iter-back,micro,3,1.237820
string128,ahash,128,iter-back,baseline,3,38.502402
string128,ahash,128,iter-back,quick_cache,3,22.223755
string128,ahash,128,iter-back,hashlink,4,1.150267
string128,ahash,128,iter-back,micro,4,1.222145
string128,ahash,128,iter-back,baseline,4,37.149927
string128,ahash,128,iter-back,quick_cache,4,21.794186
string128,ahash,128,iter-back,lru,4,1.178676
string128,ahash,128,iter-back,micro,5,1.224635
string128,ahash,128,iter-back,baseline,5,38.707711
string128,ahash,128,iter-back,quick_cache,5,22.105761
string128,ahash,128,iter-back,lru,5,1.806337
string128,ahash,128,iter-back,hashlink,5,1.254405
string128,ahash,128,iter-back,baseline,6,40.545334
string128,ahash,128,iter-back,quick_cache,6,25.665519
string128,ahash,128,iter-back,lru,6,1.940102
string128,ahash,128,iter-back,hashlink,6,1.198255
string128,ahash,128,iter-back,micro,6,1.249101
string128,ahash,128,iter-back,quick_cache,7,23.539696
string128,ahash,128,iter-back,lru,7,1.220036
string128,ahash,128,iter-back,hashlink,7,1.212528
string128,ahash,128,iter-back,micro,7,1.236889
string128,ahash,128,iter-back,baseline,7,38.734236
string128,ahash,128,iter-back,lru,8,1.181716
string128,ahash,128,iter-back,hashlink,8,1.191139
string128,ahash,128,iter-back,micro,8,1.235647
string128,ahash,128,iter-back,baseline,8,38.765319
string128,ahash,128,iter-back,quick_cache,8,21.941804
string128,ahash,128,iter-empty,micro,0,0.800404
string128,ahash,128,iter-empty,baseline,0,38.144336
string128,ahash,128,iter-empty,quick_cache,0,22.531016
string128,ahash,128,iter-empty,lru,0,0.985146
string128,ahash,128,iter-empty,hashlink,0,0.994077
string128,ahash,128,iter-empty,baseline,1,37.824717
string128,ahash,128,iter-empty,quick_cache,1,22.395948
string128,ahash,128,iter-empty,lru,1,0.988186
string128,ahash,128,iter-empty,hashlink,1,0.992744
string128,ahash,128,iter-empty,micro,1,0.790143
string128,ahash,128,iter-empty,quick_cache,2,22.308097
string128,ahash,128,iter-empty,lru,2,0.979513
string128,ahash,128,iter-empty,hashlink,2,0.991705
string128,ahash,128,iter-empty,micro,2,0.799937
string128,ahash,128,iter-empty,baseline,2,37.953971
string128,ahash,128,iter-empty,lru,3,0.978771
string128,ahash,128,iter-empty,hashlink,3,0.992360
string128,ahash,128,iter-empty,micro,3,0.796268
string128,ahash,128,iter-empty,baseline,3,39.059571
string128,ahash,128,iter-empty,quick_cache,3,22.501625
string128,ahash,128,iter-empty,hashlink,4,1.009758
string128,ahash,128,iter-empty,micro,4,0.820744
string128,ahash,128,iter-empty,baseline,4,38.955080
string128,ahash,128,iter-empty,quick_cache,4,24.024475
string128,ahash,128,iter-empty,lru,4,1.096822
string128,ahash,128,iter-empty,micro,5,0.799270
string128,ahash,128,iter-empty,baseline,5,38.135340
string128,ahash,128,iter-empty,quick_cache,5,21.063599
string128,ahash,128,iter-empty,lru,5,0.977503
string128,ahash,128,iter-empty,hashlink,5,0.999789
string128,ahash,128,iter-empty,baseline,6,38.367496
string128,ahash,128,iter-empty,quick_cache,6,21.057951
string128,ahash,128,iter-empty,lru,6,0.978323
string128,ahash,128,iter-empty,hashlink,6,0.994109
string128,ahash,128,iter-empty,micro,6,0.818316
string128,ahash,128,iter-empty,quick_cache,7,21.220562
string128,ahash,128,iter-empty,lru,7,0.984810
string128,ahash,128,iter-empty,hashlink,7,0.994716
string128,ahash,128,iter-empty,micro,7,0.783605
string128,ahash,128,iter-empty,baseline,7,37.810194
string128,ahash,128,iter-empty,lru,8,0.981365
string128,ahash,128,iter-empty,hashlink,8,0.987512
string128,ahash,128,iter-empty,micro,8,0.806618
string128,ahash,128,iter-empty,baseline,8,37.847141
string128,ahash,128,iter-empty,quick_cache,8,20.961900
string128,ahash,128,iter-count,micro,0,0.400180
string128,ahash,128,iter-count,baseline,0,37.471070
string128,ahash,128,iter-count,quick_cache,0,54.385037
string128,ahash,128,iter-count,lru,0,0.394944
string128,ahash,128,iter-count,hashlink,0,0.398978
string128,ahash,128,iter-count,baseline,1,37.301333
string128,ahash,128,iter-count,quick_cache,1,55.804498
string128,ahash,128,iter-count,lru,1,0.394208
string128,ahash,128,iter-count,hashlink,1,0.402080
string128,ahash,128,iter-count,micro,1,0.398755
string128,ahash,128,iter-count,quick_cache,2,55.069872
string128,ahash,128,iter-count,lru,2,0.395401
string128,ahash,128,iter-count,hashlink,2,0.398560
string128,ahash,128,iter-count,micro,2,0.398478
string128,ahash,128,iter-count,baseline,2,37.592646
string128,ahash,128,iter-count,lru,3,0.393945
string128,ahash,128,iter-count,hashlink,3,0.399024
string128,ahash,128,iter-count,micro,3,0.403347
string128,ahash,128,iter-count,baseline,3,37.715485
string128,ahash,128,iter-count,quick_cache,3,53.998241
string128,ahash,128,iter-count,hashlink,4,0.397980
string128,ahash,128,iter-count,micro,4,0.401646
string128,ahash,128,iter-count,baseline,4,38.104342
string128,ahash,128,iter-count,quick_cache,4,54.519292
string128,ahash,128,iter-count,lru,4,0.398280
string128,ahash,128,iter-count,micro,5,0.404051
string128,ahash,128,iter-count,baseline,5,36.970611
string128,ahash,128,iter-count,quick_cache,5,54.407316
string128,ahash,128,iter-count,lru,5,0.400427
string128,ahash,128,iter-count,hashlink,5,0.400620
string128,ahash,128,iter-count,baseline,6,37.202381
string128,ahash,128,iter-count,quick_cache,6,56.227651
string128,ahash,128,iter-count,lru,6,0.399468
string128,ahash,128,iter-count,hashlink,6,0.404385
string128,ahash,128,iter-count,micro,6,0.404888
string128,ahash,128,iter-count,quick_cache,7,55.384649
string128,ahash,128,iter-count,lru,7,0.400797
string128,ahash,128,iter-count,hashlink,7,0.403467
string128,ahash,128,iter-count,micro,7,0.409524
string128,ahash,128,iter-count,baseline,7,38.153336
string128,ahash,128,iter-count,lru,8,0.400600
string128,ahash,128,iter-count,hashlink,8,0.403247
string128,ahash,128,iter-count,micro,8,0.403638
string128,ahash,128,iter-count,baseline,8,37.568288
string128,ahash,128,iter-count,quick_cache,8,54.479859
string128,ahash,1024,get-hit,micro,0,16.608299
string128,ahash,1024,get-hit,baseline,0,16.661225
string128,ahash,1024,get-hit,quick_cache,0,16.342966
string128,ahash,1024,get-hit,lru,0,18.238590
string128,ahash,1024,get-hit,hashlink,0,17.551531
string128,ahash,1024,get-hit,baseline,1,17.146074
string128,ahash,1024,get-hit,quick_cache,1,16.155980
string128,ahash,1024,get-hit,lru,1,18.313240
string128,ahash,1024,get-hit,hashlink,1,17.382870
string128,ahash,1024,get-hit,micro,1,16.995605
string128,ahash,1024,get-hit,quick_cache,2,16.715111
string128,ahash,1024,get-hit,lru,2,18.483029
string128,ahash,1024,get-hit,hashlink,2,17.269982
string128,ahash,1024,get-hit,micro,2,16.714699
string128,ahash,1024,get-hit,baseline,2,16.688166
string128,ahash,1024,get-hit,lru,3,18.431124
string128,ahash,1024,get-hit,hashlink,3,17.803373
string128,ahash,1024,get-hit,micro,3,16.742329
string128,ahash,1024,get-hit,baseline,3,16.838831
string128,ahash,1024,get-hit,quick_cache,3,16.589052
string128,ahash,1024,get-hit,hashlink,4,17.626664
string128,ahash,1024,get-hit,micro,4,16.748924
string128,ahash,1024,get-hit,baseline,4,16.779719
string128,ahash,1024,get-hit,quick_cache,4,16.559633
string128,ahash,1024,get-hit,lru,4,18.844294
string128,ahash,1024,get-hit,micro,5,16.834156
string128,ahash,1024,get-hit,baseline,5,16.692980
string128,ahash,1024,get-hit,quick_cache,5,16.599223
string128,ahash,1024,get-hit,lru,5,18.949259
string128,ahash,1024,get-hit,hashlink,5,17.314345
string128,ahash,1024,get-hit,baseline,6,16.712224
string128,ahash,1024,get-hit,quick_cache,6,16.627956
string128,ahash,1024,get-hit,lru,6,18.401802
string128,ahash,1024,get-hit,hashlink,6,17.546882
string128,ahash,1024,get-hit,micro,6,16.711535
string128,ahash,1024,get-hit,quick_cache,7,16.657236
string128,ahash,1024,get-hit,lru,7,18.322962
string128,ahash,1024,get-hit,hashlink,7,17.394457
string128,ahash,1024,get-hit,micro,7,16.709199
string128,ahash,1024,get-hit,baseline,7,16.936843
string128,ahash,1024,get-hit,lru,8,19.203979
string128,ahash,1024,get-hit,hashlink,8,15.818409
string128,ahash,1024,get-hit,micro,8,15.475082
string128,ahash,1024,get-hit,baseline,8,15.657474
string128,ahash,1024,get-hit,quick_cache,8,16.668371
string128,ahash,1024,get-miss,micro,0,8.747281
string128,ahash,1024,get-miss,baseline,0,8.972536
string128,ahash,1024,get-miss,quick_cache,0,8.756220
string128,ahash,1024,get-miss,lru,0,8.634181
string128,ahash,1024,get-miss,hashlink,0,8.697581
string128,ahash,1024,get-miss,baseline,1,16.350519
string128,ahash,1024,get-miss,quick_cache,1,146.208450
string128,ahash,1024,get-miss,lru,1,147.361755
string128,ahash,1024,get-miss,hashlink,1,56.321638
string128,ahash,1024,get-miss,micro,1,9.917803
string128,ahash,1024,get-miss,quick_cache,2,19.867601
string128,ahash,1024,get-miss,lru,2,9.905333
string128,ahash,1024,get-miss,hashlink,2,9.743100
string128,ahash,1024,get-miss,micro,2,12.446785
string128,ahash,1024,get-miss,baseline,2,8.439712
string128,ahash,1024,get-miss,lru,3,8.703527
string128,ahash,1024,get-miss,hashlink,3,8.485653
string128,ahash,1024,get-miss,micro,3,8.636977
string128,ahash,1024,get-miss,baseline,3,8.983503
string128,ahash,1024,get-miss,quick_cache,3,8.937670
string128,ahash,1024,get-miss,hashlink,4,9.117575
string128,ahash,1024,get-miss,micro,4,8.724250
string128,ahash,1024,get-miss,baseline,4,9.086311
string128,ahash,1024,get-miss,quick_cache,4,8.652306
string128,ahash,1024,get-miss,lru,4,9.158264
string128,ahash,1024,get-miss,micro,5,8.967597
string128,ahash,1024,get-miss,baseline,5,8.610398
string128,ahash,1024,get-miss,quick_cache,5,8.696005
string128,ahash,1024,get-miss,lru,5,8.652521
string128,ahash,1024,get-miss,hashlink,5,8.360373
string128,ahash,1024,get-miss,baseline,6,8.730790
string128,ahash,1024,get-miss,quick_cache,6,9.110561
string128,ahash,1024,get-miss,lru,6,8.977031
string128,ahash,1024,get-miss,hashlink,6,8.671578
string128,ahash,1024,get-miss,micro,6,12.027154
string128,ahash,1024,get-miss,quick_cache,7,10.494963
string128,ahash,1024,get-miss,lru,7,13.206586
string128,ahash,1024,get-miss,hashlink,7,10.296208
string128,ahash,1024,get-miss,micro,7,10.863722
string128,ahash,1024,get-miss,baseline,7,8.923368
string128,ahash,1024,get-miss,lru,8,8.950275
string128,ahash,1024,get-miss,hashlink,8,15.619913
string128,ahash,1024,get-miss,micro,8,9.131284
string128,ahash,1024,get-miss,baseline,8,21.834955
string128,ahash,1024,get-miss,quick_cache,8,46.938426
string128,ahash,1024,update,micro,0,161.221802
string128,ahash,1024,update,baseline,0,52.882662
string128,ahash,1024,update,quick_cache,0,47.932936
string128,ahash,1024,update,lru,0,33.742804
string128,ahash,1024,update,hashlink,0,31.219482
string128,ahash,1024,update,baseline,1,31.280005
string128,ahash,1024,update,quick_cache,1,46.302072
string128,ahash,1024,update,lru,1,30.999756
string128,ahash,1024,update,hashlink,1,30.119879
string128,ahash,1024,update,micro,1,29.433233
string128,ahash,1024,update,quick_cache,2,44.177464
string128,ahash,1024,update,lru,2,30.722552
string128,ahash,1024,update,hashlink,2,30.548578
string128,ahash,1024,update,micro,2,30.795801
string128,ahash,1024,update,baseline,2,31.161499
string128,ahash,1024,update,lru,3,32.869038
string128,ahash,1024,update,hashlink,3,32.525314
string128,ahash,1024,update,micro,3,51.751034
string128,ahash,1024,update,baseline,3,41.584945
string128,ahash,1024,update,quick_cache,3,44.089905
string128,ahash,1024,update,hashlink,4,29.603504
string128,ahash,1024,update,micro,4,29.037703
string128,ahash,1024,update,baseline,4,29.046259
string128,ahash,1024,update,quick_cache,4,43.919512
string128,ahash,1024,update,lru,4,30.955756
string128,ahash,1024,update,micro,5,28.825240
string128,ahash,1024,update,baseline,5,29.023837
string128,ahash,1024,update,quick_cache,5,45.617240
string128,ahash,1024,update,lru,5,35.439100
string128,ahash,1024,update,hashlink,5,30.784863
string128,ahash,1024,update,baseline,6,31.241608
string128,ahash,1024,update,quick_cache,6,45.805795
string128,ahash,1024,update,lru,6,35.208808
string128,ahash,1024,update,hashlink,6,29.892939
string128,ahash,1024,update,micro,6,28.905928
string128,ahash,1024,update,quick_cache,7,43.782915
string128,ahash,1024,update,lru,7,30.497233
string128,ahash,1024,update,hashlink,7,29.595267
string128,ahash,1024,update,micro,7,29.199748
string128,ahash,1024,update,baseline,7,29.681734
string128,ahash,1024,update,lru,8,31.822711
string128,ahash,1024,update,hashlink,8,31.601465
string128,ahash,1024,update,micro,8,31.164301
string128,ahash,1024,update,baseline,8,31.375629
string128,ahash,1024,update,quick_cache,8,45.990714
string128,ahash,1024,insert-cycle,micro,0,60.355826
string128,ahash,1024,insert-cycle,baseline,0,58.399995
string128,ahash,1024,insert-cycle,quick_cache,0,36.777169
string128,ahash,1024,insert-cycle,lru,0,75.452400
string128,ahash,1024,insert-cycle,hashlink,0,67.277792
string128,ahash,1024,insert-cycle,baseline,1,58.552095
string128,ahash,1024,insert-cycle,quick_cache,1,35.863607
string128,ahash,1024,insert-cycle,lru,1,76.158307
string128,ahash,1024,insert-cycle,hashlink,1,68.046278
string128,ahash,1024,insert-cycle,micro,1,58.586484
string128,ahash,1024,insert-cycle,quick_cache,2,36.585872
string128,ahash,1024,insert-cycle,lru,2,75.673725
string128,ahash,1024,insert-cycle,hashlink,2,69.005330
string128,ahash,1024,insert-cycle,micro,2,58.195568
string128,ahash,1024,insert-cycle,baseline,2,56.903218
string128,ahash,1024,insert-cycle,lru,3,75.644132
string128,ahash,1024,insert-cycle,hashlink,3,65.507851
string128,ahash,1024,insert-cycle,micro,3,59.144520
string128,ahash,1024,insert-cycle,baseline,3,57.171489
string128,ahash,1024,insert-cycle,quick_cache,3,35.560497
string128,ahash,1024,insert-cycle,hashlink,4,65.785195
string128,ahash,1024,insert-cycle,micro,4,57.185206
string128,ahash,1024,insert-cycle,baseline,4,57.579806
string128,ahash,1024,insert-cycle,quick_cache,4,37.024599
string128,ahash,1024,insert-cycle,lru,4,77.655792
string128,ahash,1024,insert-cycle,micro,5,57.801712
string128,ahash,1024,insert-cycle,baseline,5,56.826569
string128,ahash,1024,insert-cycle,quick_cache,5,36.079856
string128,ahash,1024,insert-cycle,lru,5,75.453021
string128,ahash,1024,insert-cycle,hashlink,5,65.230520
string128,ahash,1024,insert-cycle,baseline,6,56.836505
string128,ahash,1024,insert-cycle,quick_cache,6,36.816341
string128,ahash,1024,insert-cycle,lru,6,74.167569
string128,ahash,1024,insert-cycle,hashlink,6,65.550691
string128,ahash,1024,insert-cycle,micro,6,56.605025
string128,ahash,1024,insert-cycle,quick_cache,7,37.061093
string128,ahash,1024,insert-cycle,lru,7,74.636127
string128,ahash,1024,insert-cycle,hashlink,7,67.708338
string128,ahash,1024,insert-cycle,micro,7,57.256177
string128,ahash,1024,insert-cycle,baseline,7,55.553556
string128,ahash,1024,insert-cycle,lru,8,76.306030
string128,ahash,1024,insert-cycle,hashlink,8,72.171085
string128,ahash,1024,insert-cycle,micro,8,58.948812
string128,ahash,1024,insert-cycle,baseline,8,57.533442
string128,ahash,1024,insert-cycle,quick_cache,8,37.113696
string128,ahash,1024,mixed-95,micro,0,20.518494
string128,ahash,1024,mixed-95,baseline,0,20.534941
string128,ahash,1024,mixed-95,quick_cache,0,23.657776
string128,ahash,1024,mixed-95,lru,0,22.282375
string128,ahash,1024,mixed-95,hashlink,0,21.695014
string128,ahash,1024,mixed-95,baseline,1,20.641581
string128,ahash,1024,mixed-95,quick_cache,1,22.850884
string128,ahash,1024,mixed-95,lru,1,20.996261
string128,ahash,1024,mixed-95,hashlink,1,20.651074
string128,ahash,1024,mixed-95,micro,1,19.585609
string128,ahash,1024,mixed-95,quick_cache,2,22.822627
string128,ahash,1024,mixed-95,lru,2,21.027120
string128,ahash,1024,mixed-95,hashlink,2,20.675830
string128,ahash,1024,mixed-95,micro,2,19.287903
string128,ahash,1024,mixed-95,baseline,2,19.552708
string128,ahash,1024,mixed-95,lru,3,20.880636
string128,ahash,1024,mixed-95,hashlink,3,20.652433
string128,ahash,1024,mixed-95,micro,3,19.316990
string128,ahash,1024,mixed-95,baseline,3,19.483246
string128,ahash,1024,mixed-95,quick_cache,3,22.773460
string128,ahash,1024,mixed-95,hashlink,4,20.599532
string128,ahash,1024,mixed-95,micro,4,19.549847
string128,ahash,1024,mixed-95,baseline,4,19.606590
string128,ahash,1024,mixed-95,quick_cache,4,22.911734
string128,ahash,1024,mixed-95,lru,4,21.152011
string128,ahash,1024,mixed-95,micro,5,19.500099
string128,ahash,1024,mixed-95,baseline,5,19.466084
string128,ahash,1024,mixed-95,quick_cache,5,22.657792
string128,ahash,1024,mixed-95,lru,5,21.853132
string128,ahash,1024,mixed-95,hashlink,5,20.438806
string128,ahash,1024,mixed-95,baseline,6,19.559704
string128,ahash,1024,mixed-95,quick_cache,6,23.906612
string128,ahash,1024,mixed-95,lru,6,22.342316
string128,ahash,1024,mixed-95,hashlink,6,21.783936
string128,ahash,1024,mixed-95,micro,6,20.322411
string128,ahash,1024,mixed-95,quick_cache,7,23.884700
string128,ahash,1024,mixed-95,lru,7,22.419338
string128,ahash,1024,mixed-95,hashlink,7,21.703436
string128,ahash,1024,mixed-95,micro,7,20.792985
string128,ahash,1024,mixed-95,baseline,7,20.819942
string128,ahash,1024,mixed-95,lru,8,22.639897
string128,ahash,1024,mixed-95,hashlink,8,21.870749
string128,ahash,1024,mixed-95,micro,8,20.780774
string128,ahash,1024,mixed-95,baseline,8,20.989823
string128,ahash,1024,mixed-95,quick_cache,8,24.113779
string128,ahash,1024,load-hit,micro,0,18.357968
string128,ahash,1024,load-hit,baseline,0,32.047522
string128,ahash,1024,load-hit,quick_cache,0,19.176643
string128,ahash,1024,load-hit,lru,0,19.733552
string128,ahash,1024,load-hit,hashlink,0,17.714872
string128,ahash,1024,load-hit,baseline,1,32.242894
string128,ahash,1024,load-hit,quick_cache,1,18.895619
string128,ahash,1024,load-hit,lru,1,19.445103
string128,ahash,1024,load-hit,hashlink,1,17.779252
string128,ahash,1024,load-hit,micro,1,18.727158
string128,ahash,1024,load-hit,quick_cache,2,19.222099
string128,ahash,1024,load-hit,lru,2,19.448280
string128,ahash,1024,load-hit,hashlink,2,17.683918
string128,ahash,1024,load-hit,micro,2,18.150929
string128,ahash,1024,load-hit,baseline,2,32.483013
string128,ahash,1024,load-hit,lru,3,19.495487
string128,ahash,1024,load-hit,hashlink,3,17.626224
string128,ahash,1024,load-hit,micro,3,18.352435
string128,ahash,1024,load-hit,baseline,3,32.264308
string128,ahash,1024,load-hit,quick_cache,3,19.011989
string128,ahash,1024,load-hit,hashlink,4,17.659215
string128,ahash,1024,load-hit,micro,4,18.163046
string128,ahash,1024,load-hit,baseline,4,32.069653
string128,ahash,1024,load-hit,quick_cache,4,18.960971
string128,ahash,1024,load-hit,lru,4,19.761278
string128,ahash,1024,load-hit,micro,5,18.637455
string128,ahash,1024,load-hit,baseline,5,32.462139
string128,ahash,1024,load-hit,quick_cache,5,19.006592
string128,ahash,1024,load-hit,lru,5,19.626934
string128,ahash,1024,load-hit,hashlink,5,17.821830
string128,ahash,1024,load-hit,baseline,6,31.962585
string128,ahash,1024,load-hit,quick_cache,6,19.103050
string128,ahash,1024,load-hit,lru,6,19.675098
string128,ahash,1024,load-hit,hashlink,6,17.632621
string128,ahash,1024,load-hit,micro,6,18.178154
string128,ahash,1024,load-hit,quick_cache,7,19.311905
string128,ahash,1024,load-hit,lru,7,19.510113
string128,ahash,1024,load-hit,hashlink,7,17.530894
string128,ahash,1024,load-hit,micro,7,18.382500
string128,ahash,1024,load-hit,baseline,7,32.752049
string128,ahash,1024,load-hit,lru,8,19.381203
string128,ahash,1024,load-hit,hashlink,8,17.946805
string128,ahash,1024,load-hit,micro,8,18.630212
string128,ahash,1024,load-hit,baseline,8,32.044476
string128,ahash,1024,load-hit,quick_cache,8,19.301731
string128,ahash,1024,load-cycle,micro,0,56.702126
string128,ahash,1024,load-cycle,baseline,0,60.077446
string128,ahash,1024,load-cycle,quick_cache,0,25.724501
string128,ahash,1024,load-cycle,lru,0,72.044821
string128,ahash,1024,load-cycle,hashlink,0,72.102855
string128,ahash,1024,load-cycle,baseline,1,59.784180
string128,ahash,1024,load-cycle,quick_cache,1,25.861344
string128,ahash,1024,load-cycle,lru,1,72.560030
string128,ahash,1024,load-cycle,hashlink,1,72.084903
string128,ahash,1024,load-cycle,micro,1,58.316662
string128,ahash,1024,load-cycle,quick_cache,2,25.838004
string128,ahash,1024,load-cycle,lru,2,71.899414
string128,ahash,1024,load-cycle,hashlink,2,72.428381
string128,ahash,1024,load-cycle,micro,2,57.097679
string128,ahash,1024,load-cycle,baseline,2,61.807764
string128,ahash,1024,load-cycle,lru,3,71.644224
string128,ahash,1024,load-cycle,hashlink,3,72.262035
string128,ahash,1024,load-cycle,micro,3,57.504576
string128,ahash,1024,load-cycle,baseline,3,60.864448
string128,ahash,1024,load-cycle,quick_cache,3,25.332107
string128,ahash,1024,load-cycle,hashlink,4,72.963939
string128,ahash,1024,load-cycle,micro,4,58.262416
string128,ahash,1024,load-cycle,baseline,4,60.664980
string128,ahash,1024,load-cycle,quick_cache,4,25.235206
string128,ahash,1024,load-cycle,lru,4,71.695382
string128,ahash,1024,load-cycle,micro,5,56.802439
string128,ahash,1024,load-cycle,baseline,5,62.896459
string128,ahash,1024,load-cycle,quick_cache,5,25.438100
string128,ahash,1024,load-cycle,lru,5,72.298541
string128,ahash,1024,load-cycle,hashlink,5,73.643698
string128,ahash,1024,load-cycle,baseline,6,60.864460
string128,ahash,1024,load-cycle,quick_cache,6,25.519903
string128,ahash,1024,load-cycle,lru,6,71.441936
string128,ahash,1024,load-cycle,hashlink,6,73.458195
string128,ahash,1024,load-cycle,micro,6,57.062193
string128,ahash,1024,load-cycle,quick_cache,7,25.562500
string128,ahash,1024,load-cycle,lru,7,70.280525
string128,ahash,1024,load-cycle,hashlink,7,73.832792
string128,ahash,1024,load-cycle,micro,7,57.587380
string128,ahash,1024,load-cycle,baseline,7,61.592102
string128,ahash,1024,load-cycle,lru,8,71.255929
string128,ahash,1024,load-cycle,hashlink,8,73.632339
string128,ahash,1024,load-cycle,micro,8,58.707101
string128,ahash,1024,load-cycle,baseline,8,61.389160
string128,ahash,1024,load-cycle,quick_cache,8,25.421457
string128,ahash,1024,clear-refill,micro,0,33644.295302
string128,ahash,1024,clear-refill,baseline,0,34237.809524
string128,ahash,1024,clear-refill,quick_cache,0,34874.416667
string128,ahash,1024,clear-refill,lru,0,73304.942029
string128,ahash,1024,clear-refill,hashlink,0,43177.801724
string128,ahash,1024,clear-refill,baseline,1,34507.186207
string128,ahash,1024,clear-refill,quick_cache,1,35519.801418
string128,ahash,1024,clear-refill,lru,1,73340.579710
string128,ahash,1024,clear-refill,hashlink,1,43258.620690
string128,ahash,1024,clear-refill,micro,1,32883.437908
string128,ahash,1024,clear-refill,quick_cache,2,36042.568345
string128,ahash,1024,clear-refill,lru,2,71930.957143
string128,ahash,1024,clear-refill,hashlink,2,41977.775000
string128,ahash,1024,clear-refill,micro,2,32567.097403
string128,ahash,1024,clear-refill,baseline,2,33367.500000
string128,ahash,1024,clear-refill,lru,3,73580.882353
string128,ahash,1024,clear-refill,hashlink,3,43602.539130
string128,ahash,1024,clear-refill,micro,3,31270.312500
string128,ahash,1024,clear-refill,baseline,3,33703.020134
string128,ahash,1024,clear-refill,quick_cache,3,33576.342282
string128,ahash,1024,clear-refill,hashlink,4,42902.777778
string128,ahash,1024,clear-refill,micro,4,32000.261146
string128,ahash,1024,clear-refill,baseline,4,32534.363636
string128,ahash,1024,clear-refill,quick_cache,4,34759.840278
string128,ahash,1024,clear-refill,lru,4,71575.600000
string128,ahash,1024,clear-refill,micro,5,31237.316770
string128,ahash,1024,clear-refill,baseline,5,32899.940789
string128,ahash,1024,clear-refill,quick_cache,5,33347.403974
string128,ahash,1024,clear-refill,lru,5,73141.304348
string128,ahash,1024,clear-refill,hashlink,5,43252.870690
string128,ahash,1024,clear-refill,baseline,6,32251.339744
string128,ahash,1024,clear-refill,quick_cache,6,33731.261745
string128,ahash,1024,clear-refill,lru,6,71262.323944
string128,ahash,1024,clear-refill,hashlink,6,42066.176471
string128,ahash,1024,clear-refill,micro,6,31980.363057
string128,ahash,1024,clear-refill,quick_cache,7,34322.493151
string128,ahash,1024,clear-refill,lru,7,72096.428571
string128,ahash,1024,clear-refill,hashlink,7,43097.940171
string128,ahash,1024,clear-refill,micro,7,32777.777778
string128,ahash,1024,clear-refill,baseline,7,33144.311258
string128,ahash,1024,clear-refill,lru,8,72395.842857
string128,ahash,1024,clear-refill,hashlink,8,42285.361345
string128,ahash,1024,clear-refill,micro,8,31562.635220
string128,ahash,1024,clear-refill,baseline,8,31467.509434
string128,ahash,1024,clear-refill,quick_cache,8,33096.493421
string128,ahash,1024,clear-empty,micro,0,0.372727
string128,ahash,1024,clear-empty,baseline,0,48.734365
string128,ahash,1024,clear-empty,quick_cache,0,3.981228
string128,ahash,1024,clear-empty,lru,0,2.148889
string128,ahash,1024,clear-empty,hashlink,0,0.640096
string128,ahash,1024,clear-empty,baseline,1,49.494828
string128,ahash,1024,clear-empty,quick_cache,1,3.917839
string128,ahash,1024,clear-empty,lru,1,2.146181
string128,ahash,1024,clear-empty,hashlink,1,0.646752
string128,ahash,1024,clear-empty,micro,1,0.366956
string128,ahash,1024,clear-empty,quick_cache,2,3.945707
string128,ahash,1024,clear-empty,lru,2,2.137977
string128,ahash,1024,clear-empty,hashlink,2,0.638574
string128,ahash,1024,clear-empty,micro,2,0.364607
string128,ahash,1024,clear-empty,baseline,2,51.860991
string128,ahash,1024,clear-empty,lru,3,2.147360
string128,ahash,1024,clear-empty,hashlink,3,0.652608
string128,ahash,1024,clear-empty,micro,3,0.370366
string128,ahash,1024,clear-empty,baseline,3,51.245674
string128,ahash,1024,clear-empty,quick_cache,3,3.972520
string128,ahash,1024,clear-empty,hashlink,4,0.639572
string128,ahash,1024,clear-empty,micro,4,0.365791
string128,ahash,1024,clear-empty,baseline,4,50.175701
string128,ahash,1024,clear-empty,quick_cache,4,4.009311
string128,ahash,1024,clear-empty,lru,4,2.143572
string128,ahash,1024,clear-empty,micro,5,0.365182
string128,ahash,1024,clear-empty,baseline,5,50.807041
string128,ahash,1024,clear-empty,quick_cache,5,3.992953
string128,ahash,1024,clear-empty,lru,5,2.143083
string128,ahash,1024,clear-empty,hashlink,5,0.618289
string128,ahash,1024,clear-empty,baseline,6,51.297295
string128,ahash,1024,clear-empty,quick_cache,6,3.969224
string128,ahash,1024,clear-empty,lru,6,2.176050
string128,ahash,1024,clear-empty,hashlink,6,0.652924
string128,ahash,1024,clear-empty,micro,6,0.367253
string128,ahash,1024,clear-empty,quick_cache,7,3.985074
string128,ahash,1024,clear-empty,lru,7,2.163091
string128,ahash,1024,clear-empty,hashlink,7,0.643746
string128,ahash,1024,clear-empty,micro,7,0.365637
string128,ahash,1024,clear-empty,baseline,7,50.215567
string128,ahash,1024,clear-empty,lru,8,2.161213
string128,ahash,1024,clear-empty,hashlink,8,0.646190
string128,ahash,1024,clear-empty,micro,8,0.365442
string128,ahash,1024,clear-empty,baseline,8,49.998252
string128,ahash,1024,clear-empty,quick_cache,8,4.007266
string128,ahash,1024,iter-dense,micro,0,179.390374
string128,ahash,1024,iter-dense,baseline,0,276.478743
string128,ahash,1024,iter-dense,quick_cache,0,250.994884
string128,ahash,1024,iter-dense,lru,0,1401.111328
string128,ahash,1024,iter-dense,hashlink,0,1302.853906
string128,ahash,1024,iter-dense,baseline,1,275.694885
string128,ahash,1024,iter-dense,quick_cache,1,265.328735
string128,ahash,1024,iter-dense,lru,1,1315.421481
string128,ahash,1024,iter-dense,hashlink,1,1255.197750
string128,ahash,1024,iter-dense,micro,1,179.485685
string128,ahash,1024,iter-dense,quick_cache,2,262.710084
string128,ahash,1024,iter-dense,lru,2,1305.642448
string128,ahash,1024,iter-dense,hashlink,2,1303.819271
string128,ahash,1024,iter-dense,micro,2,179.539502
string128,ahash,1024,iter-dense,baseline,2,275.733962
string128,ahash,1024,iter-dense,lru,3,1345.463675
string128,ahash,1024,iter-dense,hashlink,3,1282.562756
string128,ahash,1024,iter-dense,micro,3,179.297771
string128,ahash,1024,iter-dense,baseline,3,277.813277
string128,ahash,1024,iter-dense,quick_cache,3,264.219542
string128,ahash,1024,iter-dense,hashlink,4,1300.157025
string128,ahash,1024,iter-dense,micro,4,181.368728
string128,ahash,1024,iter-dense,baseline,4,277.493850
string128,ahash,1024,iter-dense,quick_cache,4,251.905948
string128,ahash,1024,iter-dense,lru,4,1269.825101
string128,ahash,1024,iter-dense,micro,5,179.618642
string128,ahash,1024,iter-dense,baseline,5,275.234760
string128,ahash,1024,iter-dense,quick_cache,5,261.568510
string128,ahash,1024,iter-dense,lru,5,1417.405687
string128,ahash,1024,iter-dense,hashlink,5,1232.129675
string128,ahash,1024,iter-dense,baseline,6,273.806918
string128,ahash,1024,iter-dense,quick_cache,6,253.933746
string128,ahash,1024,iter-dense,lru,6,1278.952998
string128,ahash,1024,iter-dense,hashlink,6,1241.257440
string128,ahash,1024,iter-dense,micro,6,180.890119
string128,ahash,1024,iter-dense,quick_cache,7,264.794363
string128,ahash,1024,iter-dense,lru,7,1315.377889
string128,ahash,1024,iter-dense,hashlink,7,1255.593750
string128,ahash,1024,iter-dense,micro,7,182.420799
string128,ahash,1024,iter-dense,baseline,7,273.271361
string128,ahash,1024,iter-dense,lru,8,1229.593994
string128,ahash,1024,iter-dense,hashlink,8,1243.830605
string128,ahash,1024,iter-dense,micro,8,178.829376
string128,ahash,1024,iter-dense,baseline,8,277.034956
string128,ahash,1024,iter-dense,quick_cache,8,259.362925
string128,ahash,1024,iter-dense-for,micro,0,276.880531
string128,ahash,1024,iter-dense-for,baseline,0,276.774558
string128,ahash,1024,iter-dense-for,quick_cache,0,271.570312
string128,ahash,1024,iter-dense-for,lru,0,777.823228
string128,ahash,1024,iter-dense-for,hashlink,0,938.654004
string128,ahash,1024,iter-dense-for,baseline,1,275.548801
string128,ahash,1024,iter-dense-for,quick_cache,1,276.453456
string128,ahash,1024,iter-dense-for,lru,1,777.363184
string128,ahash,1024,iter-dense-for,hashlink,1,906.189668
string128,ahash,1024,iter-dense-for,micro,1,279.024833
string128,ahash,1024,iter-dense-for,quick_cache,2,276.822954
string128,ahash,1024,iter-dense-for,lru,2,769.890394
string128,ahash,1024,iter-dense-for,hashlink,2,910.648438
string128,ahash,1024,iter-dense-for,micro,2,278.337689
string128,ahash,1024,iter-dense-for,baseline,2,279.480580
string128,ahash,1024,iter-dense-for,lru,3,769.301471
string128,ahash,1024,iter-dense-for,hashlink,3,908.899709
string128,ahash,1024,iter-dense-for,micro,3,278.386343
string128,ahash,1024,iter-dense-for,baseline,3,278.119884
string128,ahash,1024,iter-dense-for,quick_cache,3,269.414494
string128,ahash,1024,iter-dense-for,hashlink,4,950.954924
string128,ahash,1024,iter-dense-for,micro,4,276.310788
string128,ahash,1024,iter-dense-for,baseline,4,280.052923
string128,ahash,1024,iter-dense-for,quick_cache,4,276.218805
string128,ahash,1024,iter-dense-for,lru,4,774.655786
string128,ahash,1024,iter-dense-for,micro,5,279.434040
string128,ahash,1024,iter-dense-for,baseline,5,281.191434
string128,ahash,1024,iter-dense-for,quick_cache,5,272.582317
string128,ahash,1024,iter-dense-for,lru,5,771.179649
string128,ahash,1024,iter-dense-for,hashlink,5,911.609738
string128,ahash,1024,iter-dense-for,baseline,6,275.598490
string128,ahash,1024,iter-dense-for,quick_cache,6,273.900449
string128,ahash,1024,iter-dense-for,lru,6,778.438588
string128,ahash,1024,iter-dense-for,hashlink,6,900.008980
string128,ahash,1024,iter-dense-for,micro,6,275.292033
string128,ahash,1024,iter-dense-for,quick_cache,7,267.867990
string128,ahash,1024,iter-dense-for,lru,7,782.447969
string128,ahash,1024,iter-dense-for,hashlink,7,901.056753
string128,ahash,1024,iter-dense-for,micro,7,278.184775
string128,ahash,1024,iter-dense-for,baseline,7,278.771168
string128,ahash,1024,iter-dense-for,lru,8,800.070472
string128,ahash,1024,iter-dense-for,hashlink,8,878.108848
string128,ahash,1024,iter-dense-for,micro,8,273.950580
string128,ahash,1024,iter-dense-for,baseline,8,275.880952
string128,ahash,1024,iter-dense-for,quick_cache,8,265.711216
string128,ahash,1024,iter-density-1pct,micro,0,7.309098
string128,ahash,1024,iter-density-1pct,baseline,0,352.624085
string128,ahash,1024,iter-density-1pct,quick_cache,0,176.712571
string128,ahash,1024,iter-density-1pct,lru,0,4.367281
string128,ahash,1024,iter-density-1pct,hashlink,0,4.233914
string128,ahash,1024,iter-density-1pct,baseline,1,355.972950
string128,ahash,1024,iter-density-1pct,quick_cache,1,177.880297
string128,ahash,1024,iter-density-1pct,lru,1,4.307849
string128,ahash,1024,iter-density-1pct,hashlink,1,4.167333
string128,ahash,1024,iter-density-1pct,micro,1,7.380563
string128,ahash,1024,iter-density-1pct,quick_cache,2,178.941111
string128,ahash,1024,iter-density-1pct,lru,2,5.260320
string128,ahash,1024,iter-density-1pct,hashlink,2,14.120179
string128,ahash,1024,iter-density-1pct,micro,2,25.207918
string128,ahash,1024,iter-density-1pct,baseline,2,506.143811
string128,ahash,1024,iter-density-1pct,lru,3,14.106042
string128,ahash,1024,iter-density-1pct,hashlink,3,4.332372
string128,ahash,1024,iter-density-1pct,micro,3,7.371287
string128,ahash,1024,iter-density-1pct,baseline,3,354.730655
string128,ahash,1024,iter-density-1pct,quick_cache,3,188.531929
string128,ahash,1024,iter-density-1pct,hashlink,4,4.252350
string128,ahash,1024,iter-density-1pct,micro,4,7.337931
string128,ahash,1024,iter-density-1pct,baseline,4,337.382745
string128,ahash,1024,iter-density-1pct,quick_cache,4,186.177790
string128,ahash,1024,iter-density-1pct,lru,4,4.303175
string128,ahash,1024,iter-density-1pct,micro,5,7.452666
string128,ahash,1024,iter-density-1pct,baseline,5,366.836048
string128,ahash,1024,iter-density-1pct,quick_cache,5,176.286253
string128,ahash,1024,iter-density-1pct,lru,5,4.342280
string128,ahash,1024,iter-density-1pct,hashlink,5,4.177619
string128,ahash,1024,iter-density-1pct,baseline,6,348.268165
string128,ahash,1024,iter-density-1pct,quick_cache,6,175.273262
string128,ahash,1024,iter-density-1pct,lru,6,4.310107
string128,ahash,1024,iter-density-1pct,hashlink,6,4.160454
string128,ahash,1024,iter-density-1pct,micro,6,7.388755
string128,ahash,1024,iter-density-1pct,quick_cache,7,180.022033
string128,ahash,1024,iter-density-1pct,lru,7,4.381414
string128,ahash,1024,iter-density-1pct,hashlink,7,4.166591
string128,ahash,1024,iter-density-1pct,micro,7,7.314633
string128,ahash,1024,iter-density-1pct,baseline,7,357.056221
string128,ahash,1024,iter-density-1pct,lru,8,4.360128
string128,ahash,1024,iter-density-1pct,hashlink,8,4.240968
string128,ahash,1024,iter-density-1pct,micro,8,7.426579
string128,ahash,1024,iter-density-1pct,baseline,8,353.866162
string128,ahash,1024,iter-density-1pct,quick_cache,8,177.510464
string128,ahash,1024,iter-density-6pct,micro,0,191.320188
string128,ahash,1024,iter-density-6pct,baseline,0,312.750000
string128,ahash,1024,iter-density-6pct,quick_cache,0,180.750253
string128,ahash,1024,iter-density-6pct,lru,0,52.435078
string128,ahash,1024,iter-density-6pct,hashlink,0,51.786935
string128,ahash,1024,iter-density-6pct,baseline,1,300.051464
string128,ahash,1024,iter-density-6pct,quick_cache,1,181.720894
string128,ahash,1024,iter-density-6pct,lru,1,51.950434
string128,ahash,1024,iter-density-6pct,hashlink,1,51.469172
string128,ahash,1024,iter-density-6pct,micro,1,189.393939
string128,ahash,1024,iter-density-6pct,quick_cache,2,181.568779
string128,ahash,1024,iter-density-6pct,lru,2,52.121560
string128,ahash,1024,iter-density-6pct,hashlink,2,52.175939
string128,ahash,1024,iter-density-6pct,micro,2,191.962915
string128,ahash,1024,iter-density-6pct,baseline,2,305.493652
string128,ahash,1024,iter-density-6pct,lru,3,51.730336
string128,ahash,1024,iter-density-6pct,hashlink,3,51.361906
string128,ahash,1024,iter-density-6pct,micro,3,189.216669
string128,ahash,1024,iter-density-6pct,baseline,3,304.335421
string128,ahash,1024,iter-density-6pct,quick_cache,3,177.909912
string128,ahash,1024,iter-density-6pct,hashlink,4,51.213147
string128,ahash,1024,iter-density-6pct,micro,4,188.180054
string128,ahash,1024,iter-density-6pct,baseline,4,292.404147
string128,ahash,1024,iter-density-6pct,quick_cache,4,182.325117
string128,ahash,1024,iter-density-6pct,lru,4,52.399470
string128,ahash,1024,iter-density-6pct,micro,5,186.937724
string128,ahash,1024,iter-density-6pct,baseline,5,291.295682
string128,ahash,1024,iter-density-6pct,quick_cache,5,180.714126
string128,ahash,1024,iter-density-6pct,lru,5,53.174528
string128,ahash,1024,iter-density-6pct,hashlink,5,53.705799
string128,ahash,1024,iter-density-6pct,baseline,6,302.503929
string128,ahash,1024,iter-density-6pct,quick_cache,6,183.166862
string128,ahash,1024,iter-density-6pct,lru,6,51.898684
string128,ahash,1024,iter-density-6pct,hashlink,6,52.064676
string128,ahash,1024,iter-density-6pct,micro,6,187.381332
string128,ahash,1024,iter-density-6pct,quick_cache,7,183.318984
string128,ahash,1024,iter-density-6pct,lru,7,54.102490
string128,ahash,1024,iter-density-6pct,hashlink,7,53.002915
string128,ahash,1024,iter-density-6pct,micro,7,188.150271
string128,ahash,1024,iter-density-6pct,baseline,7,306.589522
string128,ahash,1024,iter-density-6pct,lru,8,53.087317
string128,ahash,1024,iter-density-6pct,hashlink,8,52.784290
string128,ahash,1024,iter-density-6pct,micro,8,186.873096
string128,ahash,1024,iter-density-6pct,baseline,8,306.691667
string128,ahash,1024,iter-density-6pct,quick_cache,8,184.969786
string128,ahash,1024,iter-density-quarter,micro,0,193.192792
string128,ahash,1024,iter-density-quarter,baseline,0,261.853957
string128,ahash,1024,iter-density-quarter,quick_cache,0,197.898536
string128,ahash,1024,iter-density-quarter,lru,0,311.436566
string128,ahash,1024,iter-density-quarter,hashlink,0,304.398711
string128,ahash,1024,iter-density-quarter,baseline,1,261.904156
string128,ahash,1024,iter-density-quarter,quick_cache,1,196.509893
string128,ahash,1024,iter-density-quarter,lru,1,305.529297
string128,ahash,1024,iter-density-quarter,hashlink,1,302.264688
string128,ahash,1024,iter-density-quarter,micro,1,191.730560
string128,ahash,1024,iter-density-quarter,quick_cache,2,195.808545
string128,ahash,1024,iter-density-quarter,lru,2,307.578740
string128,ahash,1024,iter-density-quarter,hashlink,2,308.601455
string128,ahash,1024,iter-density-quarter,micro,2,189.816558
string128,ahash,1024,iter-density-quarter,baseline,2,261.786380
string128,ahash,1024,iter-density-quarter,lru,3,315.356162
string128,ahash,1024,iter-density-quarter,hashlink,3,318.965242
string128,ahash,1024,iter-density-quarter,micro,3,190.180201
string128,ahash,1024,iter-density-quarter,baseline,3,263.935811
string128,ahash,1024,iter-density-quarter,quick_cache,3,197.113730
string128,ahash,1024,iter-density-quarter,hashlink,4,307.388875
string128,ahash,1024,iter-density-quarter,micro,4,189.355403
string128,ahash,1024,iter-density-quarter,baseline,4,264.949682
string128,ahash,1024,iter-density-quarter,quick_cache,4,198.061906
string128,ahash,1024,iter-density-quarter,lru,4,306.405760
string128,ahash,1024,iter-density-quarter,micro,5,189.363272
string128,ahash,1024,iter-density-quarter,baseline,5,265.106409
string128,ahash,1024,iter-density-quarter,quick_cache,5,198.448723
string128,ahash,1024,iter-density-quarter,lru,5,305.330933
string128,ahash,1024,iter-density-quarter,hashlink,5,303.082607
string128,ahash,1024,iter-density-quarter,baseline,6,263.465804
string128,ahash,1024,iter-density-quarter,quick_cache,6,198.729034
string128,ahash,1024,iter-density-quarter,lru,6,315.419166
string128,ahash,1024,iter-density-quarter,hashlink,6,300.538401
string128,ahash,1024,iter-density-quarter,micro,6,190.650419
string128,ahash,1024,iter-density-quarter,quick_cache,7,199.671057
string128,ahash,1024,iter-density-quarter,lru,7,313.755073
string128,ahash,1024,iter-density-quarter,hashlink,7,302.534151
string128,ahash,1024,iter-density-quarter,micro,7,189.167789
string128,ahash,1024,iter-density-quarter,baseline,7,261.601171
string128,ahash,1024,iter-density-quarter,lru,8,304.928606
string128,ahash,1024,iter-density-quarter,hashlink,8,301.937560
string128,ahash,1024,iter-density-quarter,micro,8,191.476400
string128,ahash,1024,iter-density-quarter,baseline,8,263.178662
string128,ahash,1024,iter-density-quarter,quick_cache,8,196.207771
string128,ahash,1024,iter-density-half,micro,0,184.164274
string128,ahash,1024,iter-density-half,baseline,0,263.960040
string128,ahash,1024,iter-density-half,quick_cache,0,197.199125
string128,ahash,1024,iter-density-half,lru,0,655.895921
string128,ahash,1024,iter-density-half,hashlink,0,625.093750
string128,ahash,1024,iter-density-half,baseline,1,257.369192
string128,ahash,1024,iter-density-half,quick_cache,1,199.115884
string128,ahash,1024,iter-density-half,lru,1,630.780620
string128,ahash,1024,iter-density-half,hashlink,1,611.770630
string128,ahash,1024,iter-density-half,micro,1,183.288431
string128,ahash,1024,iter-density-half,quick_cache,2,197.825989
string128,ahash,1024,iter-density-half,lru,2,648.799533
string128,ahash,1024,iter-density-half,hashlink,2,625.468750
string128,ahash,1024,iter-density-half,micro,2,182.861257
string128,ahash,1024,iter-density-half,baseline,2,264.856992
string128,ahash,1024,iter-density-half,lru,3,649.507261
string128,ahash,1024,iter-density-half,hashlink,3,618.463809
string128,ahash,1024,iter-density-half,micro,3,182.965603
string128,ahash,1024,iter-density-half,baseline,3,266.527843
string128,ahash,1024,iter-density-half,quick_cache,3,201.801089
string128,ahash,1024,iter-density-half,hashlink,4,641.820441
string128,ahash,1024,iter-density-half,micro,4,182.630878
string128,ahash,1024,iter-density-half,baseline,4,263.853025
string128,ahash,1024,iter-density-half,quick_cache,4,197.989201
string128,ahash,1024,iter-density-half,lru,4,633.708629
string128,ahash,1024,iter-density-half,micro,5,184.363023
string128,ahash,1024,iter-density-half,baseline,5,268.407858
string128,ahash,1024,iter-density-half,quick_cache,5,197.602244
string128,ahash,1024,iter-density-half,lru,5,638.562883
string128,ahash,1024,iter-density-half,hashlink,5,643.459619
string128,ahash,1024,iter-density-half,baseline,6,261.270920
string128,ahash,1024,iter-density-half,quick_cache,6,197.067781
string128,ahash,1024,iter-density-half,lru,6,637.496824
string128,ahash,1024,iter-density-half,hashlink,6,618.911561
string128,ahash,1024,iter-density-half,micro,6,183.265570
string128,ahash,1024,iter-density-half,quick_cache,7,200.910789
string128,ahash,1024,iter-density-half,lru,7,647.743414
string128,ahash,1024,iter-density-half,hashlink,7,620.167367
string128,ahash,1024,iter-density-half,micro,7,185.539924
string128,ahash,1024,iter-density-half,baseline,7,262.804202
string128,ahash,1024,iter-density-half,lru,8,635.607215
string128,ahash,1024,iter-density-half,hashlink,8,630.911920
string128,ahash,1024,iter-density-half,micro,8,185.974993
string128,ahash,1024,iter-density-half,baseline,8,262.907038
string128,ahash,1024,iter-density-half,quick_cache,8,196.375746
string128,ahash,1024,iter-front,micro,0,1.199635
string128,ahash,1024,iter-front,baseline,0,262.395973
string128,ahash,1024,iter-front,quick_cache,0,164.916799
string128,ahash,1024,iter-front,lru,0,1.194819
string128,ahash,1024,iter-front,hashlink,0,1.166898
string128,ahash,1024,iter-front,baseline,1,270.472913
string128,ahash,1024,iter-front,quick_cache,1,194.890391
string128,ahash,1024,iter-front,lru,1,1.208150
string128,ahash,1024,iter-front,hashlink,1,1.185140
string128,ahash,1024,iter-front,micro,1,1.210236
string128,ahash,1024,iter-front,quick_cache,2,167.943575
string128,ahash,1024,iter-front,lru,2,1.180707
string128,ahash,1024,iter-front,hashlink,2,1.142838
string128,ahash,1024,iter-front,micro,2,1.196007
string128,ahash,1024,iter-front,baseline,2,264.834074
string128,ahash,1024,iter-front,lru,3,1.186679
string128,ahash,1024,iter-front,hashlink,3,1.168696
string128,ahash,1024,iter-front,micro,3,1.222719
string128,ahash,1024,iter-front,baseline,3,263.822302
string128,ahash,1024,iter-front,quick_cache,3,166.262201
string128,ahash,1024,iter-front,hashlink,4,1.192675
string128,ahash,1024,iter-front,micro,4,1.186823
string128,ahash,1024,iter-front,baseline,4,262.885189
string128,ahash,1024,iter-front,quick_cache,4,170.493389
string128,ahash,1024,iter-front,lru,4,1.187743
string128,ahash,1024,iter-front,micro,5,1.190884
string128,ahash,1024,iter-front,baseline,5,259.028353
string128,ahash,1024,iter-front,quick_cache,5,166.873733
string128,ahash,1024,iter-front,lru,5,1.189434
string128,ahash,1024,iter-front,hashlink,5,1.189280
string128,ahash,1024,iter-front,baseline,6,262.343593
string128,ahash,1024,iter-front,quick_cache,6,165.192521
string128,ahash,1024,iter-front,lru,6,1.200353
string128,ahash,1024,iter-front,hashlink,6,1.159563
string128,ahash,1024,iter-front,micro,6,1.194207
string128,ahash,1024,iter-front,quick_cache,7,165.426587
string128,ahash,1024,iter-front,lru,7,1.185508
string128,ahash,1024,iter-front,hashlink,7,1.150157
string128,ahash,1024,iter-front,micro,7,1.203933
string128,ahash,1024,iter-front,baseline,7,269.365426
string128,ahash,1024,iter-front,lru,8,1.194627
string128,ahash,1024,iter-front,hashlink,8,1.184412
string128,ahash,1024,iter-front,micro,8,1.199450
string128,ahash,1024,iter-front,baseline,8,263.020798
string128,ahash,1024,iter-front,quick_cache,8,164.852255
string128,ahash,1024,iter-back,micro,0,1.240769
string128,ahash,1024,iter-back,baseline,0,263.301399
string128,ahash,1024,iter-back,quick_cache,0,166.039112
string128,ahash,1024,iter-back,lru,0,1.196804
string128,ahash,1024,iter-back,hashlink,0,1.170973
string128,ahash,1024,iter-back,baseline,1,265.046769
string128,ahash,1024,iter-back,quick_cache,1,167.845663
string128,ahash,1024,iter-back,lru,1,1.201489
string128,ahash,1024,iter-back,hashlink,1,1.191202
string128,ahash,1024,iter-back,micro,1,1.217175
string128,ahash,1024,iter-back,quick_cache,2,169.788274
string128,ahash,1024,iter-back,lru,2,1.193368
string128,ahash,1024,iter-back,hashlink,2,1.142329
string128,ahash,1024,iter-back,micro,2,1.214101
string128,ahash,1024,iter-back,baseline,2,265.660388
string128,ahash,1024,iter-back,lru,3,1.191902
string128,ahash,1024,iter-back,hashlink,3,1.159830
string128,ahash,1024,iter-back,micro,3,1.247634
string128,ahash,1024,iter-back,baseline,3,265.115201
string128,ahash,1024,iter-back,quick_cache,3,166.806997
string128,ahash,1024,iter-back,hashlink,4,1.158085
string128,ahash,1024,iter-back,micro,4,1.246062
string128,ahash,1024,iter-back,baseline,4,264.360325
string128,ahash,1024,iter-back,quick_cache,4,165.672173
string128,ahash,1024,iter-back,lru,4,1.189968
string128,ahash,1024,iter-back,micro,5,1.217735
string128,ahash,1024,iter-back,baseline,5,272.312337
string128,ahash,1024,iter-back,quick_cache,5,166.716618
string128,ahash,1024,iter-back,lru,5,1.194152
string128,ahash,1024,iter-back,hashlink,5,1.181948
string128,ahash,1024,iter-back,baseline,6,263.979783
string128,ahash,1024,iter-back,quick_cache,6,165.612851
string128,ahash,1024,iter-back,lru,6,1.204973
string128,ahash,1024,iter-back,hashlink,6,1.144663
string128,ahash,1024,iter-back,micro,6,1.244514
string128,ahash,1024,iter-back,quick_cache,7,166.530751
string128,ahash,1024,iter-back,lru,7,1.199856
string128,ahash,1024,iter-back,hashlink,7,1.163821
string128,ahash,1024,iter-back,micro,7,1.210330
string128,ahash,1024,iter-back,baseline,7,264.521203
string128,ahash,1024,iter-back,lru,8,1.187987
string128,ahash,1024,iter-back,hashlink,8,1.163899
string128,ahash,1024,iter-back,micro,8,1.229599
string128,ahash,1024,iter-back,baseline,8,262.845798
string128,ahash,1024,iter-back,quick_cache,8,195.431328
string128,ahash,1024,iter-empty,micro,0,0.781039
string128,ahash,1024,iter-empty,baseline,0,262.564230
string128,ahash,1024,iter-empty,quick_cache,0,165.963110
string128,ahash,1024,iter-empty,lru,0,0.985021
string128,ahash,1024,iter-empty,hashlink,0,0.995014
string128,ahash,1024,iter-empty,baseline,1,263.132628
string128,ahash,1024,iter-empty,quick_cache,1,166.509951
string128,ahash,1024,iter-empty,lru,1,0.995686
string128,ahash,1024,iter-empty,hashlink,1,0.993672
string128,ahash,1024,iter-empty,micro,1,0.786409
string128,ahash,1024,iter-empty,quick_cache,2,164.606645
string128,ahash,1024,iter-empty,lru,2,0.980952
string128,ahash,1024,iter-empty,hashlink,2,0.998651
string128,ahash,1024,iter-empty,micro,2,0.788934
string128,ahash,1024,iter-empty,baseline,2,266.414715
string128,ahash,1024,iter-empty,lru,3,0.987568
string128,ahash,1024,iter-empty,hashlink,3,1.000890
string128,ahash,1024,iter-empty,micro,3,0.772589
string128,ahash,1024,iter-empty,baseline,3,263.670795
string128,ahash,1024,iter-empty,quick_cache,3,165.108831
string128,ahash,1024,iter-empty,hashlink,4,1.011340
string128,ahash,1024,iter-empty,micro,4,0.776062
string128,ahash,1024,iter-empty,baseline,4,263.962204
string128,ahash,1024,iter-empty,quick_cache,4,167.060363
string128,ahash,1024,iter-empty,lru,4,0.987181
string128,ahash,1024,iter-empty,micro,5,0.793602
string128,ahash,1024,iter-empty,baseline,5,263.235638
string128,ahash,1024,iter-empty,quick_cache,5,165.228330
string128,ahash,1024,iter-empty,lru,5,0.985021
string128,ahash,1024,iter-empty,hashlink,5,1.011530
string128,ahash,1024,iter-empty,baseline,6,269.264576
string128,ahash,1024,iter-empty,quick_cache,6,165.009867
string128,ahash,1024,iter-empty,lru,6,0.990322
string128,ahash,1024,iter-empty,hashlink,6,0.993540
string128,ahash,1024,iter-empty,micro,6,0.776043
string128,ahash,1024,iter-empty,quick_cache,7,165.363194
string128,ahash,1024,iter-empty,lru,7,0.981303
string128,ahash,1024,iter-empty,hashlink,7,0.993609
string128,ahash,1024,iter-empty,micro,7,0.805641
string128,ahash,1024,iter-empty,baseline,7,267.551370
string128,ahash,1024,iter-empty,lru,8,0.985674
string128,ahash,1024,iter-empty,hashlink,8,0.995331
string128,ahash,1024,iter-empty,micro,8,0.772169
string128,ahash,1024,iter-empty,baseline,8,263.384680
string128,ahash,1024,iter-empty,quick_cache,8,164.432177
string128,ahash,1024,iter-count,micro,0,0.404364
string128,ahash,1024,iter-count,baseline,0,269.397474
string128,ahash,1024,iter-count,quick_cache,0,485.752477
string128,ahash,1024,iter-count,lru,0,0.400427
string128,ahash,1024,iter-count,hashlink,0,0.398113
string128,ahash,1024,iter-count,baseline,1,262.899323
string128,ahash,1024,iter-count,quick_cache,1,485.958937
string128,ahash,1024,iter-count,lru,1,0.399911
string128,ahash,1024,iter-count,hashlink,1,0.389732
string128,ahash,1024,iter-count,micro,1,0.399317
string128,ahash,1024,iter-count,quick_cache,2,501.861278
string128,ahash,1024,iter-count,lru,2,0.395189
string128,ahash,1024,iter-count,hashlink,2,0.396851
string128,ahash,1024,iter-count,micro,2,0.399952
string128,ahash,1024,iter-count,baseline,2,261.959635
string128,ahash,1024,iter-count,lru,3,0.396722
string128,ahash,1024,iter-count,hashlink,3,0.403822
string128,ahash,1024,iter-count,micro,3,0.457882
string128,ahash,1024,iter-count,baseline,3,250.600962
string128,ahash,1024,iter-count,quick_cache,3,459.067678
string128,ahash,1024,iter-count,hashlink,4,0.395293
string128,ahash,1024,iter-count,micro,4,0.399788
string128,ahash,1024,iter-count,baseline,4,262.450104
string128,ahash,1024,iter-count,quick_cache,4,481.552496
string128,ahash,1024,iter-count,lru,4,0.397678
string128,ahash,1024,iter-count,micro,5,0.403467
string128,ahash,1024,iter-count,baseline,5,266.146273
string128,ahash,1024,iter-count,quick_cache,5,485.077649
string128,ahash,1024,iter-count,lru,5,0.397017
string128,ahash,1024,iter-count,hashlink,5,0.400649
string128,ahash,1024,iter-count,baseline,6,263.409271
string128,ahash,1024,iter-count,quick_cache,6,484.267816
string128,ahash,1024,iter-count,lru,6,0.401844
string128,ahash,1024,iter-count,hashlink,6,0.405853
string128,ahash,1024,iter-count,micro,6,0.400510
string128,ahash,1024,iter-count,quick_cache,7,496.447754
string128,ahash,1024,iter-count,lru,7,0.401102
string128,ahash,1024,iter-count,hashlink,7,0.398173
string128,ahash,1024,iter-count,micro,7,0.401184
string128,ahash,1024,iter-count,baseline,7,265.297297
string128,ahash,1024,iter-count,lru,8,0.397558
string128,ahash,1024,iter-count,hashlink,8,0.404424
string128,ahash,1024,iter-count,micro,8,0.405709
string128,ahash,1024,iter-count,baseline,8,272.268772
string128,ahash,1024,iter-count,quick_cache,8,492.659473
string128,ahash,16384,get-hit,micro,0,23.898198
string128,ahash,16384,get-hit,baseline,0,24.367310
string128,ahash,16384,get-hit,quick_cache,0,30.634814
string128,ahash,16384,get-hit,lru,0,25.484934
string128,ahash,16384,get-hit,hashlink,0,22.450405
string128,ahash,16384,get-hit,baseline,1,22.999706
string128,ahash,16384,get-hit,quick_cache,1,24.498901
string128,ahash,16384,get-hit,lru,1,25.628835
string128,ahash,16384,get-hit,hashlink,1,24.510293
string128,ahash,16384,get-hit,micro,1,24.175791
string128,ahash,16384,get-hit,quick_cache,2,24.157400
string128,ahash,16384,get-hit,lru,2,25.642395
string128,ahash,16384,get-hit,hashlink,2,24.421182
string128,ahash,16384,get-hit,micro,2,23.840097
string128,ahash,16384,get-hit,baseline,2,24.296298
string128,ahash,16384,get-hit,lru,3,25.667191
string128,ahash,16384,get-hit,hashlink,3,24.674072
string128,ahash,16384,get-hit,micro,3,23.947298
string128,ahash,16384,get-hit,baseline,3,24.231154
string128,ahash,16384,get-hit,quick_cache,3,24.842939
string128,ahash,16384,get-hit,hashlink,4,22.345040
string128,ahash,16384,get-hit,micro,4,22.774970
string128,ahash,16384,get-hit,baseline,4,24.628091
string128,ahash,16384,get-hit,quick_cache,4,24.333271
string128,ahash,16384,get-hit,lru,4,25.665705
string128,ahash,16384,get-hit,micro,5,23.571895
string128,ahash,16384,get-hit,baseline,5,24.623818
string128,ahash,16384,get-hit,quick_cache,5,24.236436
string128,ahash,16384,get-hit,lru,5,25.263467
string128,ahash,16384,get-hit,hashlink,5,21.332839
string128,ahash,16384,get-hit,baseline,6,24.034156
string128,ahash,16384,get-hit,quick_cache,6,22.618422
string128,ahash,16384,get-hit,lru,6,24.811196
string128,ahash,16384,get-hit,hashlink,6,24.129038
string128,ahash,16384,get-hit,micro,6,23.516334
string128,ahash,16384,get-hit,quick_cache,7,23.760085
string128,ahash,16384,get-hit,lru,7,25.338945
string128,ahash,16384,get-hit,hashlink,7,23.921870
string128,ahash,16384,get-hit,micro,7,23.247803
string128,ahash,16384,get-hit,baseline,7,23.556246
string128,ahash,16384,get-hit,lru,8,25.249634
string128,ahash,16384,get-hit,hashlink,8,24.333858
string128,ahash,16384,get-hit,micro,8,23.686923
string128,ahash,16384,get-hit,baseline,8,23.913067
string128,ahash,16384,get-hit,quick_cache,8,24.705200
string128,ahash,16384,get-miss,micro,0,13.409158
string128,ahash,16384,get-miss,baseline,0,13.311858
string128,ahash,16384,get-miss,quick_cache,0,13.379084
string128,ahash,16384,get-miss,lru,0,13.323356
string128,ahash,16384,get-miss,hashlink,0,13.314512
string128,ahash,16384,get-miss,baseline,1,13.409602
string128,ahash,16384,get-miss,quick_cache,1,13.351440
string128,ahash,16384,get-miss,lru,1,13.368467
string128,ahash,16384,get-miss,hashlink,1,13.185542
string128,ahash,16384,get-miss,micro,1,13.292064
string128,ahash,16384,get-miss,quick_cache,2,12.381082
string128,ahash,16384,get-miss,lru,2,12.430115
string128,ahash,16384,get-miss,hashlink,2,12.171727
string128,ahash,16384,get-miss,micro,2,11.942057
string128,ahash,16384,get-miss,baseline,2,12.030209
string128,ahash,16384,get-miss,lru,3,12.056736
string128,ahash,16384,get-miss,hashlink,3,11.955848
string128,ahash,16384,get-miss,micro,3,12.095832
string128,ahash,16384,get-miss,baseline,3,12.061423
string128,ahash,16384,get-miss,quick_cache,3,11.929831
string128,ahash,16384,get-miss,hashlink,4,11.794654
string128,ahash,16384,get-miss,micro,4,11.950566
string128,ahash,16384,get-miss,baseline,4,11.987922
string128,ahash,16384,get-miss,quick_cache,4,12.061823
string128,ahash,16384,get-miss,lru,4,12.120067
string128,ahash,16384,get-miss,micro,5,12.147193
string128,ahash,16384,get-miss,baseline,5,12.020934
string128,ahash,16384,get-miss,quick_cache,5,12.095133
string128,ahash,16384,get-miss,lru,5,12.035893
string128,ahash,16384,get-miss,hashlink,5,11.890902
string128,ahash,16384,get-miss,baseline,6,12.280071
string128,ahash,16384,get-miss,quick_cache,6,12.125452
string128,ahash,16384,get-miss,lru,6,12.072395
string128,ahash,16384,get-miss,hashlink,6,11.761104
string128,ahash,16384,get-miss,micro,6,11.975457
string128,ahash,16384,get-miss,quick_cache,7,12.092142
string128,ahash,16384,get-miss,lru,7,11.934427
string128,ahash,16384,get-miss,hashlink,7,11.768437
string128,ahash,16384,get-miss,micro,7,12.208826
string128,ahash,16384,get-miss,baseline,7,12.009763
string128,ahash,16384,get-miss,lru,8,12.017444
string128,ahash,16384,get-miss,hashlink,8,11.777632
string128,ahash,16384,get-miss,micro,8,12.037988
string128,ahash,16384,get-miss,baseline,8,12.322998
string128,ahash,16384,get-miss,quick_cache,8,12.181301
string128,ahash,16384,update,micro,0,42.322119
string128,ahash,16384,update,baseline,0,36.658490
string128,ahash,16384,update,quick_cache,0,190.995544
string128,ahash,16384,update,lru,0,38.451515
string128,ahash,16384,update,hashlink,0,37.136898
string128,ahash,16384,update,baseline,1,35.929659
string128,ahash,16384,update,quick_cache,1,174.231201
string128,ahash,16384,update,lru,1,39.479576
string128,ahash,16384,update,hashlink,1,38.654640
string128,ahash,16384,update,micro,1,38.174194
string128,ahash,16384,update,quick_cache,2,187.900543
string128,ahash,16384,update,lru,2,39.747238
string128,ahash,16384,update,hashlink,2,38.602516
string128,ahash,16384,update,micro,2,38.152374
string128,ahash,16384,update,baseline,2,38.384438
string128,ahash,16384,update,lru,3,39.645195
string128,ahash,16384,update,hashlink,3,38.737930
string128,ahash,16384,update,micro,3,37.855555
string128,ahash,16384,update,baseline,3,39.630249
string128,ahash,16384,update,quick_cache,3,179.676056
string128,ahash,16384,update,hashlink,4,38.955048
string128,ahash,16384,update,micro,4,38.337387
string128,ahash,16384,update,baseline,4,40.147148
string128,ahash,16384,update,quick_cache,4,183.057129
string128,ahash,16384,update,lru,4,39.831795
string128,ahash,16384,update,micro,5,38.116749
string128,ahash,16384,update,baseline,5,38.700737
string128,ahash,16384,update,quick_cache,5,182.590485
string128,ahash,16384,update,lru,5,39.500877
string128,ahash,16384,update,hashlink,5,39.567314
string128,ahash,16384,update,baseline,6,39.689384
string128,ahash,16384,update,quick_cache,6,182.608276
string128,ahash,16384,update,lru,6,39.513901
string128,ahash,16384,update,hashlink,6,39.426483
string128,ahash,16384,update,micro,6,38.721718
string128,ahash,16384,update,quick_cache,7,182.244598
string128,ahash,16384,update,lru,7,39.938293
string128,ahash,16384,update,hashlink,7,38.857140
string128,ahash,16384,update,micro,7,38.001565
string128,ahash,16384,update,baseline,7,38.761139
string128,ahash,16384,update,lru,8,39.572716
string128,ahash,16384,update,hashlink,8,39.260864
string128,ahash,16384,update,micro,8,38.772903
string128,ahash,16384,update,baseline,8,38.987160
string128,ahash,16384,update,quick_cache,8,179.220856
string128,ahash,16384,insert-cycle,micro,0,54.000437
string128,ahash,16384,insert-cycle,baseline,0,54.307719
string128,ahash,16384,insert-cycle,quick_cache,0,47.535263
string128,ahash,16384,insert-cycle,lru,0,74.907511
string128,ahash,16384,insert-cycle,hashlink,0,64.222544
string128,ahash,16384,insert-cycle,baseline,1,54.537872
string128,ahash,16384,insert-cycle,quick_cache,1,47.157928
string128,ahash,16384,insert-cycle,lru,1,75.790405
string128,ahash,16384,insert-cycle,hashlink,1,68.672180
string128,ahash,16384,insert-cycle,micro,1,55.157562
string128,ahash,16384,insert-cycle,quick_cache,2,49.279213
string128,ahash,16384,insert-cycle,lru,2,80.085114
string128,ahash,16384,insert-cycle,hashlink,2,65.657715
string128,ahash,16384,insert-cycle,micro,2,55.270721
string128,ahash,16384,insert-cycle,baseline,2,53.719838
string128,ahash,16384,insert-cycle,lru,3,75.788706
string128,ahash,16384,insert-cycle,hashlink,3,66.340129
string128,ahash,16384,insert-cycle,micro,3,55.215200
string128,ahash,16384,insert-cycle,baseline,3,53.675761
string128,ahash,16384,insert-cycle,quick_cache,3,49.149193
string128,ahash,16384,insert-cycle,hashlink,4,67.690104
string128,ahash,16384,insert-cycle,micro,4,53.284536
string128,ahash,16384,insert-cycle,baseline,4,55.172394
string128,ahash,16384,insert-cycle,quick_cache,4,47.292397
string128,ahash,16384,insert-cycle,lru,4,73.451141
string128,ahash,16384,insert-cycle,micro,5,55.022349
string128,ahash,16384,insert-cycle,baseline,5,53.850382
string128,ahash,16384,insert-cycle,quick_cache,5,52.072744
string128,ahash,16384,insert-cycle,lru,5,75.458527
string128,ahash,16384,insert-cycle,hashlink,5,66.538066
string128,ahash,16384,insert-cycle,baseline,6,55.532237
string128,ahash,16384,insert-cycle,quick_cache,6,45.459114
string128,ahash,16384,insert-cycle,lru,6,72.612335
string128,ahash,16384,insert-cycle,hashlink,6,65.915853
string128,ahash,16384,insert-cycle,micro,6,52.530080
string128,ahash,16384,insert-cycle,quick_cache,7,46.371460
string128,ahash,16384,insert-cycle,lru,7,75.455129
string128,ahash,16384,insert-cycle,hashlink,7,63.788096
string128,ahash,16384,insert-cycle,micro,7,55.732300
string128,ahash,16384,insert-cycle,baseline,7,52.929352
string128,ahash,16384,insert-cycle,lru,8,74.481537
string128,ahash,16384,insert-cycle,hashlink,8,63.705444
string128,ahash,16384,insert-cycle,micro,8,54.118266
string128,ahash,16384,insert-cycle,baseline,8,52.441071
string128,ahash,16384,insert-cycle,quick_cache,8,45.984901
string128,ahash,16384,mixed-95,micro,0,24.760132
string128,ahash,16384,mixed-95,baseline,0,25.157876
string128,ahash,16384,mixed-95,quick_cache,0,27.629686
string128,ahash,16384,mixed-95,lru,0,24.772339
string128,ahash,16384,mixed-95,hashlink,0,24.517412
string128,ahash,16384,mixed-95,baseline,1,25.238647
string128,ahash,16384,mixed-95,quick_cache,1,25.958165
string128,ahash,16384,mixed-95,lru,1,24.861855
string128,ahash,16384,mixed-95,hashlink,1,24.848223
string128,ahash,16384,mixed-95,micro,1,24.846597
string128,ahash,16384,mixed-95,quick_cache,2,26.269277
string128,ahash,16384,mixed-95,lru,2,25.952871
string128,ahash,16384,mixed-95,hashlink,2,24.766641
string128,ahash,16384,mixed-95,micro,2,24.713945
string128,ahash,16384,mixed-95,baseline,2,25.443186
string128,ahash,16384,mixed-95,lru,3,25.653625
string128,ahash,16384,mixed-95,hashlink,3,25.212808
string128,ahash,16384,mixed-95,micro,3,25.223184
string128,ahash,16384,mixed-95,baseline,3,24.722090
string128,ahash,16384,mixed-95,quick_cache,3,26.084478
string128,ahash,16384,mixed-95,hashlink,4,24.621987
string128,ahash,16384,mixed-95,micro,4,24.769087
string128,ahash,16384,mixed-95,baseline,4,24.949546
string128,ahash,16384,mixed-95,quick_cache,4,25.934642
string128,ahash,16384,mixed-95,lru,4,24.886274
string128,ahash,16384,mixed-95,micro,5,26.698460
string128,ahash,16384,mixed-95,baseline,5,27.191608
string128,ahash,16384,mixed-95,quick_cache,5,28.032010
string128,ahash,16384,mixed-95,lru,5,26.987273
string128,ahash,16384,mixed-95,hashlink,5,26.642063
string128,ahash,16384,mixed-95,baseline,6,27.109561
string128,ahash,16384,mixed-95,quick_cache,6,28.086110
string128,ahash,16384,mixed-95,lru,6,27.039020
string128,ahash,16384,mixed-95,hashlink,6,26.799523
string128,ahash,16384,mixed-95,micro,6,27.112655
string128,ahash,16384,mixed-95,quick_cache,7,28.728138
string128,ahash,16384,mixed-95,lru,7,27.200010
string128,ahash,16384,mixed-95,hashlink,7,26.662189
string128,ahash,16384,mixed-95,micro,7,26.837110
string128,ahash,16384,mixed-95,baseline,7,26.941714
string128,ahash,16384,mixed-95,lru,8,27.175463
string128,ahash,16384,mixed-95,hashlink,8,27.107130
string128,ahash,16384,mixed-95,micro,8,26.889744
string128,ahash,16384,mixed-95,baseline,8,27.519335
string128,ahash,16384,mixed-95,quick_cache,8,28.577171
string128,ahash,16384,load-hit,micro,0,25.326333
string128,ahash,16384,load-hit,baseline,0,38.167320
string128,ahash,16384,load-hit,quick_cache,0,25.599589
string128,ahash,16384,load-hit,lru,0,24.227825
string128,ahash,16384,load-hit,hashlink,0,22.215345
string128,ahash,16384,load-hit,baseline,1,37.336763
string128,ahash,16384,load-hit,quick_cache,1,24.726968
string128,ahash,16384,load-hit,lru,1,23.656602
string128,ahash,16384,load-hit,hashlink,1,21.833514
string128,ahash,16384,load-hit,micro,1,23.696899
string128,ahash,16384,load-hit,quick_cache,2,24.638672
string128,ahash,16384,load-hit,lru,2,23.732896
string128,ahash,16384,load-hit,hashlink,2,21.896179
string128,ahash,16384,load-hit,micro,2,24.105365
string128,ahash,16384,load-hit,baseline,2,37.638945
string128,ahash,16384,load-hit,lru,3,23.723112
string128,ahash,16384,load-hit,hashlink,3,22.155762
string128,ahash,16384,load-hit,micro,3,24.063110
string128,ahash,16384,load-hit,baseline,3,38.304016
string128,ahash,16384,load-hit,quick_cache,3,25.298257
string128,ahash,16384,load-hit,hashlink,4,22.263118
string128,ahash,16384,load-hit,micro,4,24.106347
string128,ahash,16384,load-hit,baseline,4,38.493156
string128,ahash,16384,load-hit,quick_cache,4,25.396118
string128,ahash,16384,load-hit,lru,4,23.948862
string128,ahash,16384,load-hit,micro,5,23.688293
string128,ahash,16384,load-hit,baseline,5,38.991608
string128,ahash,16384,load-hit,quick_cache,5,24.855957
string128,ahash,16384,load-hit,lru,5,23.997573
string128,ahash,16384,load-hit,hashlink,5,22.194454
string128,ahash,16384,load-hit,baseline,6,39.261818
string128,ahash,16384,load-hit,quick_cache,6,24.584351
string128,ahash,16384,load-hit,lru,6,23.953557
string128,ahash,16384,load-hit,hashlink,6,21.892181
string128,ahash,16384,load-hit,micro,6,23.688683
string128,ahash,16384,load-hit,quick_cache,7,24.524331
string128,ahash,16384,load-hit,lru,7,23.666185
string128,ahash,16384,load-hit,hashlink,7,22.078195
string128,ahash,16384,load-hit,micro,7,24.138231
string128,ahash,16384,load-hit,baseline,7,38.185120
string128,ahash,16384,load-hit,lru,8,23.901719
string128,ahash,16384,load-hit,hashlink,8,21.889644
string128,ahash,16384,load-hit,micro,8,24.107126
string128,ahash,16384,load-hit,baseline,8,38.350739
string128,ahash,16384,load-hit,quick_cache,8,24.601035
string128,ahash,16384,load-cycle,micro,0,55.296580
string128,ahash,16384,load-cycle,baseline,0,56.286285
string128,ahash,16384,load-cycle,quick_cache,0,32.392120
string128,ahash,16384,load-cycle,lru,0,77.932999
string128,ahash,16384,load-cycle,hashlink,0,71.522186
string128,ahash,16384,load-cycle,baseline,1,58.345378
string128,ahash,16384,load-cycle,quick_cache,1,32.700092
string128,ahash,16384,load-cycle,lru,1,76.210022
string128,ahash,16384,load-cycle,hashlink,1,75.336039
string128,ahash,16384,load-cycle,micro,1,53.323110
string128,ahash,16384,load-cycle,quick_cache,2,32.559717
string128,ahash,16384,load-cycle,lru,2,76.896027
string128,ahash,16384,load-cycle,hashlink,2,71.258118
string128,ahash,16384,load-cycle,micro,2,54.382751
string128,ahash,16384,load-cycle,baseline,2,55.583954
string128,ahash,16384,load-cycle,lru,3,77.518463
string128,ahash,16384,load-cycle,hashlink,3,72.331319
string128,ahash,16384,load-cycle,micro,3,54.623922
string128,ahash,16384,load-cycle,baseline,3,60.328166
string128,ahash,16384,load-cycle,quick_cache,3,36.172998
string128,ahash,16384,load-cycle,hashlink,4,84.995270
string128,ahash,16384,load-cycle,micro,4,60.572306
string128,ahash,16384,load-cycle,baseline,4,66.258321
string128,ahash,16384,load-cycle,quick_cache,4,32.911938
string128,ahash,16384,load-cycle,lru,4,81.280380
string128,ahash,16384,load-cycle,micro,5,59.744100
string128,ahash,16384,load-cycle,baseline,5,67.176392
string128,ahash,16384,load-cycle,quick_cache,5,31.808984
string128,ahash,16384,load-cycle,lru,5,83.590820
string128,ahash,16384,load-cycle,hashlink,5,78.257248
string128,ahash,16384,load-cycle,baseline,6,65.237681
string128,ahash,16384,load-cycle,quick_cache,6,31.774646
string128,ahash,16384,load-cycle,lru,6,81.793472
string128,ahash,16384,load-cycle,hashlink,6,76.879720
string128,ahash,16384,load-cycle,micro,6,61.411123
string128,ahash,16384,load-cycle,quick_cache,7,32.671100
string128,ahash,16384,load-cycle,lru,7,83.640411
string128,ahash,16384,load-cycle,hashlink,7,78.793213
string128,ahash,16384,load-cycle,micro,7,63.336690
string128,ahash,16384,load-cycle,baseline,7,66.105733
string128,ahash,16384,load-cycle,lru,8,83.361298
string128,ahash,16384,load-cycle,hashlink,8,78.944534
string128,ahash,16384,load-cycle,micro,8,62.885284
string128,ahash,16384,load-cycle,baseline,8,64.566294
string128,ahash,16384,load-cycle,quick_cache,8,37.338257
string128,ahash,16384,clear-refill,micro,0,565588.000000
string128,ahash,16384,clear-refill,baseline,0,600847.222222
string128,ahash,16384,clear-refill,quick_cache,0,635479.125000
string128,ahash,16384,clear-refill,lru,0,1352625.000000
string128,ahash,16384,clear-refill,hashlink,0,767339.285714
string128,ahash,16384,clear-refill,baseline,1,590870.333333
string128,ahash,16384,clear-refill,quick_cache,1,605023.111111
string128,ahash,16384,clear-refill,lru,1,1351427.250000
string128,ahash,16384,clear-refill,hashlink,1,761958.285714
string128,ahash,16384,clear-refill,micro,1,574995.333333
string128,ahash,16384,clear-refill,quick_cache,2,592032.444444
string128,ahash,16384,clear-refill,lru,2,1364083.500000
string128,ahash,16384,clear-refill,hashlink,2,790059.571429
string128,ahash,16384,clear-refill,micro,2,602601.888889
string128,ahash,16384,clear-refill,baseline,2,572939.888889
string128,ahash,16384,clear-refill,lru,3,1353177.000000
string128,ahash,16384,clear-refill,hashlink,3,780458.285714
string128,ahash,16384,clear-refill,micro,3,567236.111111
string128,ahash,16384,clear-refill,baseline,3,596800.888889
string128,ahash,16384,clear-refill,quick_cache,3,613717.555556
string128,ahash,16384,clear-refill,hashlink,4,771541.571429
string128,ahash,16384,clear-refill,micro,4,591875.000000
string128,ahash,16384,clear-refill,baseline,4,592759.222222
string128,ahash,16384,clear-refill,quick_cache,4,601185.222222
string128,ahash,16384,clear-refill,lru,4,1381354.000000
string128,ahash,16384,clear-refill,micro,5,585162.000000
string128,ahash,16384,clear-refill,baseline,5,589865.777778
string128,ahash,16384,clear-refill,quick_cache,5,626369.750000
string128,ahash,16384,clear-refill,lru,5,1380385.500000
string128,ahash,16384,clear-refill,hashlink,5,819964.285714
string128,ahash,16384,clear-refill,baseline,6,584805.555556
string128,ahash,16384,clear-refill,quick_cache,6,605990.777778
string128,ahash,16384,clear-refill,lru,6,1360197.750000
string128,ahash,16384,clear-refill,hashlink,6,754488.142857
string128,ahash,16384,clear-refill,micro,6,571208.333333
string128,ahash,16384,clear-refill,quick_cache,7,597615.777778
string128,ahash,16384,clear-refill,lru,7,1391666.500000
string128,ahash,16384,clear-refill,hashlink,7,755851.142857
string128,ahash,16384,clear-refill,micro,7,571240.777778
string128,ahash,16384,clear-refill,baseline,7,610490.777778
string128,ahash,16384,clear-refill,lru,8,1367323.000000
string128,ahash,16384,clear-refill,hashlink,8,815488.000000
string128,ahash,16384,clear-refill,micro,8,592476.888889
string128,ahash,16384,clear-refill,baseline,8,606273.111111
string128,ahash,16384,clear-refill,quick_cache,8,621560.222222
string128,ahash,16384,clear-empty,micro,0,0.370053
string128,ahash,16384,clear-empty,baseline,0,324.573642
string128,ahash,16384,clear-empty,quick_cache,0,3.985140
string128,ahash,16384,clear-empty,lru,0,2.165105
string128,ahash,16384,clear-empty,hashlink,0,0.639913
string128,ahash,16384,clear-empty,baseline,1,327.427865
string128,ahash,16384,clear-empty,quick_cache,1,4.052566
string128,ahash,16384,clear-empty,lru,1,2.299338
string128,ahash,16384,clear-empty,hashlink,1,0.649213
string128,ahash,16384,clear-empty,micro,1,0.376042
string128,ahash,16384,clear-empty,quick_cache,2,4.077845
string128,ahash,16384,clear-empty,lru,2,2.196415
string128,ahash,16384,clear-empty,hashlink,2,0.658832
string128,ahash,16384,clear-empty,micro,2,0.378164
string128,ahash,16384,clear-empty,baseline,2,323.103420
string128,ahash,16384,clear-empty,lru,3,2.153113
string128,ahash,16384,clear-empty,hashlink,3,0.645923
string128,ahash,16384,clear-empty,micro,3,0.443603
string128,ahash,16384,clear-empty,baseline,3,543.574544
string128,ahash,16384,clear-empty,quick_cache,3,3.897837
string128,ahash,16384,clear-empty,hashlink,4,0.657590
string128,ahash,16384,clear-empty,micro,4,0.368278
string128,ahash,16384,clear-empty,baseline,4,313.714286
string128,ahash,16384,clear-empty,quick_cache,4,3.958667
string128,ahash,16384,clear-empty,lru,4,2.153171
string128,ahash,16384,clear-empty,micro,5,0.370548
string128,ahash,16384,clear-empty,baseline,5,319.448841
string128,ahash,16384,clear-empty,quick_cache,5,4.010524
string128,ahash,16384,clear-empty,lru,5,2.143953
string128,ahash,16384,clear-empty,hashlink,5,0.637095
string128,ahash,16384,clear-empty,baseline,6,346.568325
string128,ahash,16384,clear-empty,quick_cache,6,4.047291
string128,ahash,16384,clear-empty,lru,6,2.151399
string128,ahash,16384,clear-empty,hashlink,6,0.649607
string128,ahash,16384,clear-empty,micro,6,0.373150
string128,ahash,16384,clear-empty,quick_cache,7,3.962749
string128,ahash,16384,clear-empty,lru,7,2.143372
string128,ahash,16384,clear-empty,hashlink,7,0.641142
string128,ahash,16384,clear-empty,micro,7,0.371630
string128,ahash,16384,clear-empty,baseline,7,328.955078
string128,ahash,16384,clear-empty,lru,8,2.167009
string128,ahash,16384,clear-empty,hashlink,8,0.639850
string128,ahash,16384,clear-empty,micro,8,0.363199
string128,ahash,16384,clear-empty,baseline,8,333.173332
string128,ahash,16384,clear-empty,quick_cache,8,3.969091
string128,ahash,16384,iter-dense,micro,0,6015.725962
string128,ahash,16384,iter-dense,baseline,0,6101.812500
string128,ahash,16384,iter-dense,quick_cache,0,7067.538043
string128,ahash,16384,iter-dense,lru,0,25364.397321
string128,ahash,16384,iter-dense,hashlink,0,24080.544643
string128,ahash,16384,iter-dense,baseline,1,6072.766827
string128,ahash,16384,iter-dense,quick_cache,1,7066.745924
string128,ahash,16384,iter-dense,lru,1,26430.803571
string128,ahash,16384,iter-dense,hashlink,1,30400.822917
string128,ahash,16384,iter-dense,micro,1,6200.771635
string128,ahash,16384,iter-dense,quick_cache,2,7041.610054
string128,ahash,16384,iter-dense,lru,2,25656.433036
string128,ahash,16384,iter-dense,hashlink,2,25085.379464
string128,ahash,16384,iter-dense,micro,2,6079.677885
string128,ahash,16384,iter-dense,baseline,2,6171.824519
string128,ahash,16384,iter-dense,lru,3,24927.642857
string128,ahash,16384,iter-dense,hashlink,3,24199.218750
string128,ahash,16384,iter-dense,micro,3,6027.443510
string128,ahash,16384,iter-dense,baseline,3,6072.516827
string128,ahash,16384,iter-dense,quick_cache,3,6908.967391
string128,ahash,16384,iter-dense,hashlink,4,25772.321429
string128,ahash,16384,iter-dense,micro,4,5991.561343
string128,ahash,16384,iter-dense,baseline,4,6142.227163
string128,ahash,16384,iter-dense,quick_cache,4,6952.105978
string128,ahash,16384,iter-dense,lru,4,25212.982143
string128,ahash,16384,iter-dense,micro,5,6026.692308
string128,ahash,16384,iter-dense,baseline,5,6185.145433
string128,ahash,16384,iter-dense,quick_cache,5,6944.179348
string128,ahash,16384,iter-dense,lru,5,26339.406250
string128,ahash,16384,iter-dense,hashlink,5,24541.107143
string128,ahash,16384,iter-dense,baseline,6,6075.320913
string128,ahash,16384,iter-dense,quick_cache,6,7016.304348
string128,ahash,16384,iter-dense,lru,6,26227.864583
string128,ahash,16384,iter-dense,hashlink,6,25034.227679
string128,ahash,16384,iter-dense,micro,6,6014.223558
string128,ahash,16384,iter-dense,quick_cache,7,6988.563859
string128,ahash,16384,iter-dense,lru,7,25716.142857
string128,ahash,16384,iter-dense,hashlink,7,24638.575893
string128,ahash,16384,iter-dense,micro,7,6116.635817
string128,ahash,16384,iter-dense,baseline,7,6095.201923
string128,ahash,16384,iter-dense,lru,8,25845.424107
string128,ahash,16384,iter-dense,hashlink,8,24481.959821
string128,ahash,16384,iter-dense,micro,8,5996.430556
string128,ahash,16384,iter-dense,baseline,8,6070.963942
string128,ahash,16384,iter-dense,quick_cache,8,6894.475543
string128,ahash,16384,iter-dense-for,micro,0,6087.090144
string128,ahash,16384,iter-dense-for,baseline,0,6077.824519
string128,ahash,16384,iter-dense-for,quick_cache,0,8285.156250
string128,ahash,16384,iter-dense-for,lru,0,23295.200893
string128,ahash,16384,iter-dense-for,hashlink,0,22556.361607
string128,ahash,16384,iter-dense-for,baseline,1,6125.701923
string128,ahash,16384,iter-dense-for,quick_cache,1,8164.582812
string128,ahash,16384,iter-dense-for,lru,1,20668.945312
string128,ahash,16384,iter-dense-for,hashlink,1,24866.071429
string128,ahash,16384,iter-dense-for,micro,1,6058.093750
string128,ahash,16384,iter-dense-for,quick_cache,2,6948.993207
string128,ahash,16384,iter-dense-for,lru,2,21217.285156
string128,ahash,16384,iter-dense-for,hashlink,2,25129.647321
string128,ahash,16384,iter-dense-for,micro,2,6085.236779
string128,ahash,16384,iter-dense-for,baseline,2,6108.573317
string128,ahash,16384,iter-dense-for,lru,3,21712.726562
string128,ahash,16384,iter-dense-for,hashlink,3,25095.236607
string128,ahash,16384,iter-dense-for,micro,3,6080.628606
string128,ahash,16384,iter-dense-for,baseline,3,6182.292067
string128,ahash,16384,iter-dense-for,quick_cache,3,6942.085598
string128,ahash,16384,iter-dense-for,hashlink,4,22797.616071
string128,ahash,16384,iter-dense-for,micro,4,6093.048077
string128,ahash,16384,iter-dense-for,baseline,4,6098.457933
string128,ahash,16384,iter-dense-for,quick_cache,4,6926.686141
string128,ahash,16384,iter-dense-for,lru,4,23111.607143
string128,ahash,16384,iter-dense-for,micro,5,6068.609375
string128,ahash,16384,iter-dense-for,baseline,5,6065.704327
string128,ahash,16384,iter-dense-for,quick_cache,5,7045.006793
string128,ahash,16384,iter-dense-for,lru,5,21496.742188
string128,ahash,16384,iter-dense-for,hashlink,5,25318.080357
string128,ahash,16384,iter-dense-for,baseline,6,6119.991587
string128,ahash,16384,iter-dense-for,quick_cache,6,7077.559783
string128,ahash,16384,iter-dense-for,lru,6,21214.031250
string128,ahash,16384,iter-dense-for,hashlink,6,25251.303571
string128,ahash,16384,iter-dense-for,micro,6,6078.876202
string128,ahash,16384,iter-dense-for,quick_cache,7,6962.918478
string128,ahash,16384,iter-dense-for,lru,7,21118.976562
string128,ahash,16384,iter-dense-for,hashlink,7,25157.736607
string128,ahash,16384,iter-dense-for,micro,7,6135.165865
string128,ahash,16384,iter-dense-for,baseline,7,6238.531250
string128,ahash,16384,iter-dense-for,lru,8,21485.351562
string128,ahash,16384,iter-dense-for,hashlink,8,25651.785714
string128,ahash,16384,iter-dense-for,micro,8,6121.493990
string128,ahash,16384,iter-dense-for,baseline,8,6172.475962
string128,ahash,16384,iter-dense-for,quick_cache,8,6933.707880
string128,ahash,16384,iter-density-1pct,micro,0,342.239948
string128,ahash,16384,iter-density-1pct,baseline,0,6414.375000
string128,ahash,16384,iter-density-1pct,quick_cache,0,6930.933424
string128,ahash,16384,iter-density-1pct,lru,0,179.813363
string128,ahash,16384,iter-density-1pct,hashlink,0,178.677071
string128,ahash,16384,iter-density-1pct,baseline,1,6438.228750
string128,ahash,16384,iter-density-1pct,quick_cache,1,6857.732337
string128,ahash,16384,iter-density-1pct,lru,1,186.942397
string128,ahash,16384,iter-density-1pct,hashlink,1,178.397296
string128,ahash,16384,iter-density-1pct,micro,1,334.179087
string128,ahash,16384,iter-density-1pct,quick_cache,2,6815.953804
string128,ahash,16384,iter-density-1pct,lru,2,182.979325
string128,ahash,16384,iter-density-1pct,hashlink,2,178.598214
string128,ahash,16384,iter-density-1pct,micro,2,333.497135
string128,ahash,16384,iter-density-1pct,baseline,2,6395.416250
string128,ahash,16384,iter-density-1pct,lru,3,178.007225
string128,ahash,16384,iter-density-1pct,hashlink,3,176.702295
string128,ahash,16384,iter-density-1pct,micro,3,324.772497
string128,ahash,16384,iter-density-1pct,baseline,3,6355.156250
string128,ahash,16384,iter-density-1pct,quick_cache,3,6947.804348
string128,ahash,16384,iter-density-1pct,hashlink,4,180.318267
string128,ahash,16384,iter-density-1pct,micro,4,334.596427
string128,ahash,16384,iter-density-1pct,baseline,4,6526.259115
string128,ahash,16384,iter-density-1pct,quick_cache,4,7033.910326
string128,ahash,16384,iter-density-1pct,lru,4,180.112039
string128,ahash,16384,iter-density-1pct,micro,5,332.097598
string128,ahash,16384,iter-density-1pct,baseline,5,6564.996094
string128,ahash,16384,iter-density-1pct,quick_cache,5,6803.668478
string128,ahash,16384,iter-density-1pct,lru,5,181.108778
string128,ahash,16384,iter-density-1pct,hashlink,5,179.552956
string128,ahash,16384,iter-density-1pct,baseline,6,6547.635417
string128,ahash,16384,iter-density-1pct,quick_cache,6,6829.031250
string128,ahash,16384,iter-density-1pct,lru,6,197.845807
string128,ahash,16384,iter-density-1pct,hashlink,6,176.594845
string128,ahash,16384,iter-density-1pct,micro,6,330.028679
string128,ahash,16384,iter-density-1pct,quick_cache,7,6725.858073
string128,ahash,16384,iter-density-1pct,lru,7,184.912796
string128,ahash,16384,iter-density-1pct,hashlink,7,179.424369
string128,ahash,16384,iter-density-1pct,micro,7,336.575941
string128,ahash,16384,iter-density-1pct,baseline,7,6568.902344
string128,ahash,16384,iter-density-1pct,lru,8,181.790516
string128,ahash,16384,iter-density-1pct,hashlink,8,181.185726
string128,ahash,16384,iter-density-1pct,micro,8,336.902815
string128,ahash,16384,iter-density-1pct,baseline,8,6597.059896
string128,ahash,16384,iter-density-1pct,quick_cache,8,6915.986413
string128,ahash,16384,iter-density-6pct,micro,0,6261.927500
string128,ahash,16384,iter-density-6pct,baseline,0,5621.883929
string128,ahash,16384,iter-density-6pct,quick_cache,0,6581.434896
string128,ahash,16384,iter-density-6pct,lru,0,1336.950321
string128,ahash,16384,iter-density-6pct,hashlink,0,1353.627963
string128,ahash,16384,iter-density-6pct,baseline,1,5653.785714
string128,ahash,16384,iter-density-6pct,quick_cache,1,6562.500000
string128,ahash,16384,iter-density-6pct,lru,1,1314.775998
string128,ahash,16384,iter-density-6pct,hashlink,1,1293.840393
string128,ahash,16384,iter-density-6pct,micro,1,6078.975962
string128,ahash,16384,iter-density-6pct,quick_cache,2,6566.514323
string128,ahash,16384,iter-density-6pct,lru,2,1327.363612
string128,ahash,16384,iter-density-6pct,hashlink,2,1330.055879
string128,ahash,16384,iter-density-6pct,micro,2,6140.375000
string128,ahash,16384,iter-density-6pct,baseline,2,5628.395089
string128,ahash,16384,iter-density-6pct,lru,3,1330.232786
string128,ahash,16384,iter-density-6pct,hashlink,3,1322.971376
string128,ahash,16384,iter-density-6pct,micro,3,6294.738750
string128,ahash,16384,iter-density-6pct,baseline,3,5664.713170
string128,ahash,16384,iter-density-6pct,quick_cache,3,6624.619792
string128,ahash,16384,iter-density-6pct,hashlink,4,1332.814883
string128,ahash,16384,iter-density-6pct,micro,4,6137.019231
string128,ahash,16384,iter-density-6pct,baseline,4,5658.016741
string128,ahash,16384,iter-density-6pct,quick_cache,4,6648.111979
string128,ahash,16384,iter-density-6pct,lru,4,1333.609375
string128,ahash,16384,iter-density-6pct,micro,5,6300.103750
string128,ahash,16384,iter-density-6pct,baseline,5,5693.498884
string128,ahash,16384,iter-density-6pct,quick_cache,5,6632.595052
string128,ahash,16384,iter-density-6pct,lru,5,1330.254767
string128,ahash,16384,iter-density-6pct,hashlink,5,1358.185075
string128,ahash,16384,iter-density-6pct,baseline,6,5710.379464
string128,ahash,16384,iter-density-6pct,quick_cache,6,6767.415365
string128,ahash,16384,iter-density-6pct,lru,6,1321.253414
string128,ahash,16384,iter-density-6pct,hashlink,6,1302.842969
string128,ahash,16384,iter-density-6pct,micro,6,6179.487981
string128,ahash,16384,iter-density-6pct,quick_cache,7,6594.726562
string128,ahash,16384,iter-density-6pct,lru,7,1324.682203
string128,ahash,16384,iter-density-6pct,hashlink,7,1316.307773
string128,ahash,16384,iter-density-6pct,micro,7,6202.875000
string128,ahash,16384,iter-density-6pct,baseline,7,5661.411830
string128,ahash,16384,iter-density-6pct,lru,8,1340.544872
string128,ahash,16384,iter-density-6pct,hashlink,8,1334.480932
string128,ahash,16384,iter-density-6pct,micro,8,6313.906250
string128,ahash,16384,iter-density-6pct,baseline,8,5735.305804
string128,ahash,16384,iter-density-6pct,quick_cache,8,6513.942708
string128,ahash,16384,iter-density-quarter,micro,0,6082.581731
string128,ahash,16384,iter-density-quarter,baseline,0,5884.741898
string128,ahash,16384,iter-density-quarter,quick_cache,0,6950.182065
string128,ahash,16384,iter-density-quarter,lru,0,11408.575893
string128,ahash,16384,iter-density-quarter,hashlink,0,10249.185547
string128,ahash,16384,iter-density-quarter,baseline,1,5924.671296
string128,ahash,16384,iter-density-quarter,quick_cache,1,7045.855978
string128,ahash,16384,iter-density-quarter,lru,1,11894.716518
string128,ahash,16384,iter-density-quarter,hashlink,1,10285.480469
string128,ahash,16384,iter-density-quarter,micro,1,6232.772837
string128,ahash,16384,iter-density-quarter,quick_cache,2,6934.103261
string128,ahash,16384,iter-density-quarter,lru,2,11347.098214
string128,ahash,16384,iter-density-quarter,hashlink,2,10112.466797
string128,ahash,16384,iter-density-quarter,micro,2,6098.707933
string128,ahash,16384,iter-density-quarter,baseline,2,5881.752315
string128,ahash,16384,iter-density-quarter,lru,3,11596.354911
string128,ahash,16384,iter-density-quarter,hashlink,3,10228.027344
string128,ahash,16384,iter-density-quarter,micro,3,6255.363750
string128,ahash,16384,iter-density-quarter,baseline,3,5891.927083
string128,ahash,16384,iter-density-quarter,quick_cache,3,6909.250000
string128,ahash,16384,iter-density-quarter,hashlink,4,10781.250000
string128,ahash,16384,iter-density-quarter,micro,4,6207.883413
string128,ahash,16384,iter-density-quarter,baseline,4,5877.362269
string128,ahash,16384,iter-density-quarter,quick_cache,4,6916.495924
string128,ahash,16384,iter-density-quarter,lru,4,12261.418269
string128,ahash,16384,iter-density-quarter,micro,5,6203.626202
string128,ahash,16384,iter-density-quarter,baseline,5,5876.302083
string128,ahash,16384,iter-density-quarter,quick_cache,5,6879.133152
string128,ahash,16384,iter-density-quarter,lru,5,11319.754464
string128,ahash,16384,iter-density-quarter,hashlink,5,11095.833333
string128,ahash,16384,iter-density-quarter,baseline,6,5866.174769
string128,ahash,16384,iter-density-quarter,quick_cache,6,6902.626359
string128,ahash,16384,iter-density-quarter,lru,6,11516.555804
string128,ahash,16384,iter-density-quarter,hashlink,6,10490.800000
string128,ahash,16384,iter-density-quarter,micro,6,6237.881010
string128,ahash,16384,iter-density-quarter,quick_cache,7,6884.226902
string128,ahash,16384,iter-density-quarter,lru,7,11309.058036
string128,ahash,16384,iter-density-quarter,hashlink,7,10099.853516
string128,ahash,16384,iter-density-quarter,micro,7,6190.254808
string128,ahash,16384,iter-density-quarter,baseline,7,5883.150463
string128,ahash,16384,iter-density-quarter,lru,8,11480.562500
string128,ahash,16384,iter-density-quarter,hashlink,8,10276.855469
string128,ahash,16384,iter-density-quarter,micro,8,6209.134615
string128,ahash,16384,iter-density-quarter,baseline,8,5874.131944
string128,ahash,16384,iter-density-quarter,quick_cache,8,6836.277174
string128,ahash,16384,iter-density-half,micro,0,6100.760817
string128,ahash,16384,iter-density-half,baseline,0,6070.612981
string128,ahash,16384,iter-density-half,quick_cache,0,6847.711957
string128,ahash,16384,iter-density-half,lru,0,16284.634375
string128,ahash,16384,iter-density-half,hashlink,0,19414.642361
string128,ahash,16384,iter-density-half,baseline,1,5954.716435
string128,ahash,16384,iter-density-half,quick_cache,1,6922.724185
string128,ahash,16384,iter-density-half,lru,1,16050.781250
string128,ahash,16384,iter-density-half,hashlink,1,19367.475694
string128,ahash,16384,iter-density-half,micro,1,6148.587740
string128,ahash,16384,iter-density-half,quick_cache,2,6860.336957
string128,ahash,16384,iter-density-half,lru,2,16477.734375
string128,ahash,16384,iter-density-half,hashlink,2,20383.625000
string128,ahash,16384,iter-density-half,micro,2,6296.302500
string128,ahash,16384,iter-density-half,baseline,2,6546.006510
string128,ahash,16384,iter-density-half,lru,3,19958.656250
string128,ahash,16384,iter-density-half,hashlink,3,18316.840278
string128,ahash,16384,iter-density-half,micro,3,6087.540865
string128,ahash,16384,iter-density-half,baseline,3,5956.741898
string128,ahash,16384,iter-density-half,quick_cache,3,6862.205163
string128,ahash,16384,iter-density-half,hashlink,4,16207.684375
string128,ahash,16384,iter-density-half,micro,4,6124.248798
string128,ahash,16384,iter-density-half,baseline,4,5990.162037
string128,ahash,16384,iter-density-half,quick_cache,4,6939.368207
string128,ahash,16384,iter-density-half,lru,4,15086.528409
string128,ahash,16384,iter-density-half,micro,5,6151.592548
string128,ahash,16384,iter-density-half,baseline,5,5998.987269
string128,ahash,16384,iter-density-half,quick_cache,5,6924.987772
string128,ahash,16384,iter-density-half,lru,5,19361.111111
string128,ahash,16384,iter-density-half,hashlink,5,16655.468750
string128,ahash,16384,iter-density-half,baseline,6,5966.483796
string128,ahash,16384,iter-density-half,quick_cache,6,6887.793478
string128,ahash,16384,iter-density-half,lru,6,19373.989583
string128,ahash,16384,iter-density-half,hashlink,6,17413.052083
string128,ahash,16384,iter-density-half,micro,6,6053.335337
string128,ahash,16384,iter-density-half,quick_cache,7,6906.532609
string128,ahash,16384,iter-density-half,lru,7,19289.642361
string128,ahash,16384,iter-density-half,hashlink,7,17676.649306
string128,ahash,16384,iter-density-half,micro,7,6066.455529
string128,ahash,16384,iter-density-half,baseline,7,5985.339120
string128,ahash,16384,iter-density-half,lru,8,19403.645833
string128,ahash,16384,iter-density-half,hashlink,8,15744.531250
string128,ahash,16384,iter-density-half,micro,8,6069.460337
string128,ahash,16384,iter-density-half,baseline,8,5971.547454
string128,ahash,16384,iter-density-half,quick_cache,8,6922.328804
string128,ahash,16384,iter-front,micro,0,1.203321
string128,ahash,16384,iter-front,baseline,0,5590.588170
string128,ahash,16384,iter-front,quick_cache,0,7073.709239
string128,ahash,16384,iter-front,lru,0,1.177867
string128,ahash,16384,iter-front,hashlink,0,1.154218
string128,ahash,16384,iter-front,baseline,1,5648.158482
string128,ahash,16384,iter-front,quick_cache,1,7187.795455
string128,ahash,16384,iter-front,lru,1,1.186733
string128,ahash,16384,iter-front,hashlink,1,1.136165
string128,ahash,16384,iter-front,micro,1,3.272663
string128,ahash,16384,iter-front,quick_cache,2,17636.328125
string128,ahash,16384,iter-front,lru,2,1.285299
string128,ahash,16384,iter-front,hashlink,2,1.234544
string128,ahash,16384,iter-front,micro,2,1.180983
string128,ahash,16384,iter-front,baseline,2,5297.830208
string128,ahash,16384,iter-front,lru,3,1.187509
string128,ahash,16384,iter-front,hashlink,3,1.201433
string128,ahash,16384,iter-front,micro,3,1.306198
string128,ahash,16384,iter-front,baseline,3,5494.118534
string128,ahash,16384,iter-front,quick_cache,3,7041.440217
string128,ahash,16384,iter-front,hashlink,4,1.276167
string128,ahash,16384,iter-front,micro,4,1.202043
string128,ahash,16384,iter-front,baseline,4,5464.664871
string128,ahash,16384,iter-front,quick_cache,4,6834.748641
string128,ahash,16384,iter-front,lru,4,1.188737
string128,ahash,16384,iter-front,micro,5,1.208514
string128,ahash,16384,iter-front,baseline,5,5466.010776
string128,ahash,16384,iter-front,quick_cache,5,7073.709239
string128,ahash,16384,iter-front,lru,5,1.207132
string128,ahash,16384,iter-front,hashlink,5,1.180341
string128,ahash,16384,iter-front,baseline,6,5619.838170
string128,ahash,16384,iter-front,quick_cache,6,7106.769886
string128,ahash,16384,iter-front,lru,6,1.178240
string128,ahash,16384,iter-front,hashlink,6,1.156962
string128,ahash,16384,iter-front,micro,6,1.193887
string128,ahash,16384,iter-front,quick_cache,7,7097.089674
string128,ahash,16384,iter-front,lru,7,1.183416
string128,ahash,16384,iter-front,hashlink,7,1.164889
string128,ahash,16384,iter-front,micro,7,1.203256
string128,ahash,16384,iter-front,baseline,7,5605.189732
string128,ahash,16384,iter-front,lru,8,1.180136
string128,ahash,16384,iter-front,hashlink,8,1.159529
string128,ahash,16384,iter-front,micro,8,1.224568
string128,ahash,16384,iter-front,baseline,8,5621.604911
string128,ahash,16384,iter-front,quick_cache,8,7092.391304
string128,ahash,16384,iter-back,micro,0,1.241548
string128,ahash,16384,iter-back,baseline,0,5497.799569
string128,ahash,16384,iter-back,quick_cache,0,7093.126359
string128,ahash,16384,iter-back,lru,0,1.181439
string128,ahash,16384,iter-back,hashlink,0,1.142888
string128,ahash,16384,iter-back,baseline,1,5534.797414
string128,ahash,16384,iter-back,quick_cache,1,7147.964489
string128,ahash,16384,iter-back,lru,1,1.183909
string128,ahash,16384,iter-back,hashlink,1,1.149573
string128,ahash,16384,iter-back,micro,1,1.235461
string128,ahash,16384,iter-back,quick_cache,2,7103.870739
string128,ahash,16384,iter-back,lru,2,1.190776
string128,ahash,16384,iter-back,hashlink,2,1.154150
string128,ahash,16384,iter-back,micro,2,1.211344
string128,ahash,16384,iter-back,baseline,2,5579.697198
string128,ahash,16384,iter-back,lru,3,1.194499
string128,ahash,16384,iter-back,hashlink,3,1.132575
string128,ahash,16384,iter-back,micro,3,1.212067
string128,ahash,16384,iter-back,baseline,3,5559.267241
string128,ahash,16384,iter-back,quick_cache,3,6908.345109
string128,ahash,16384,iter-back,hashlink,4,1.192293
string128,ahash,16384,iter-back,micro,4,1.222422
string128,ahash,16384,iter-back,baseline,4,5616.024554
string128,ahash,16384,iter-back,quick_cache,4,7009.398098
string128,ahash,16384,iter-back,lru,4,1.191148
string128,ahash,16384,iter-back,micro,5,1.214819
string128,ahash,16384,iter-back,baseline,5,5559.896552
string128,ahash,16384,iter-back,quick_cache,5,6981.487772
string128,ahash,16384,iter-back,lru,5,1.180876
string128,ahash,16384,iter-back,hashlink,5,1.182915
string128,ahash,16384,iter-back,baseline,6,5582.728795
string128,ahash,16384,iter-back,quick_cache,6,7073.085598
string128,ahash,16384,iter-back,lru,6,1.181903
string128,ahash,16384,iter-back,hashlink,6,1.143474
string128,ahash,16384,iter-back,micro,6,1.216285
string128,ahash,16384,iter-back,quick_cache,7,7226.977273
string128,ahash,16384,iter-back,lru,7,1.180876
string128,ahash,16384,iter-back,hashlink,7,1.164186
string128,ahash,16384,iter-back,micro,7,1.214809
string128,ahash,16384,iter-back,baseline,7,5534.573276
string128,ahash,16384,iter-back,lru,8,1.181984
string128,ahash,16384,iter-back,hashlink,8,1.160476
string128,ahash,16384,iter-back,micro,8,1.226365
string128,ahash,16384,iter-back,baseline,8,5518.005388
string128,ahash,16384,iter-back,quick_cache,8,7057.914402
string128,ahash,16384,iter-empty,micro,0,0.788624
string128,ahash,16384,iter-empty,baseline,0,5591.325431
string128,ahash,16384,iter-empty,quick_cache,0,7135.595170
string128,ahash,16384,iter-empty,lru,0,0.981963
string128,ahash,16384,iter-empty,hashlink,0,0.987524
string128,ahash,16384,iter-empty,baseline,1,5464.709052
string128,ahash,16384,iter-empty,quick_cache,1,6959.012228
string128,ahash,16384,iter-empty,lru,1,0.984848
string128,ahash,16384,iter-empty,hashlink,1,0.991906
string128,ahash,16384,iter-empty,micro,1,0.781129
string128,ahash,16384,iter-empty,quick_cache,2,7093.410326
string128,ahash,16384,iter-empty,lru,2,0.991698
string128,ahash,16384,iter-empty,hashlink,2,0.991654
string128,ahash,16384,iter-empty,micro,2,0.789588
string128,ahash,16384,iter-empty,baseline,2,5492.276940
string128,ahash,16384,iter-empty,lru,3,0.998728
string128,ahash,16384,iter-empty,hashlink,3,0.994140
string128,ahash,16384,iter-empty,micro,3,0.779803
string128,ahash,16384,iter-empty,baseline,3,5700.101562
string128,ahash,16384,iter-empty,quick_cache,3,7099.014946
string128,ahash,16384,iter-empty,hashlink,4,0.987630
string128,ahash,16384,iter-empty,micro,4,0.791143
string128,ahash,16384,iter-empty,baseline,4,5470.321121
string128,ahash,16384,iter-empty,quick_cache,4,7111.092330
string128,ahash,16384,iter-empty,lru,4,0.993529
string128,ahash,16384,iter-empty,micro,5,0.785650
string128,ahash,16384,iter-empty,baseline,5,5548.491379
string128,ahash,16384,iter-empty,quick_cache,5,7123.106534
string128,ahash,16384,iter-empty,lru,5,1.000083
string128,ahash,16384,iter-empty,hashlink,5,0.993590
string128,ahash,16384,iter-empty,baseline,6,5730.189732
string128,ahash,16384,iter-empty,quick_cache,6,7171.637784
string128,ahash,16384,iter-empty,lru,6,0.982581
string128,ahash,16384,iter-empty,hashlink,6,0.989081
string128,ahash,16384,iter-empty,micro,6,0.799822
string128,ahash,16384,iter-empty,quick_cache,7,7078.747283
string128,ahash,16384,iter-empty,lru,7,0.993811
string128,ahash,16384,iter-empty,hashlink,7,0.993148
string128,ahash,16384,iter-empty,micro,7,0.810766
string128,ahash,16384,iter-empty,baseline,7,5808.883102
string128,ahash,16384,iter-empty,lru,8,0.988536
string128,ahash,16384,iter-empty,hashlink,8,1.012310
string128,ahash,16384,iter-empty,micro,8,0.783581
string128,ahash,16384,iter-empty,baseline,8,5476.293103
string128,ahash,16384,iter-empty,quick_cache,8,7093.070652
string128,ahash,16384,iter-count,micro,0,0.400620
string128,ahash,16384,iter-count,baseline,0,5321.573242
string128,ahash,16384,iter-count,quick_cache,0,7901.910156
string128,ahash,16384,iter-count,lru,0,0.401283
string128,ahash,16384,iter-count,hashlink,0,0.402627
string128,ahash,16384,iter-count,baseline,1,5553.425781
string128,ahash,16384,iter-count,quick_cache,1,8040.147135
string128,ahash,16384,iter-count,lru,1,0.405026
string128,ahash,16384,iter-count,hashlink,1,0.399086
string128,ahash,16384,iter-count,micro,1,0.398308
string128,ahash,16384,iter-count,quick_cache,2,8034.342448
string128,ahash,16384,iter-count,lru,2,0.396620
string128,ahash,16384,iter-count,hashlink,2,0.397178
string128,ahash,16384,iter-count,micro,2,0.397745
string128,ahash,16384,iter-count,baseline,2,5426.716797
string128,ahash,16384,iter-count,lru,3,0.400936
string128,ahash,16384,iter-count,hashlink,3,0.396932
string128,ahash,16384,iter-count,micro,3,0.397780
string128,ahash,16384,iter-count,baseline,3,5422.729492
string128,ahash,16384,iter-count,quick_cache,3,8077.636719
string128,ahash,16384,iter-count,hashlink,4,0.397238
string128,ahash,16384,iter-count,micro,4,0.398519
string128,ahash,16384,iter-count,baseline,4,5538.045898
string128,ahash,16384,iter-count,quick_cache,4,8046.983073
string128,ahash,16384,iter-count,lru,4,0.397355
string128,ahash,16384,iter-count,micro,5,0.398812
string128,ahash,16384,iter-count,baseline,5,5466.471680
string128,ahash,16384,iter-count,quick_cache,5,8028.102865
string128,ahash,16384,iter-count,lru,5,0.398332
string128,ahash,16384,iter-count,hashlink,5,0.400699
string128,ahash,16384,iter-count,baseline,6,5450.886719
string128,ahash,16384,iter-count,quick_cache,6,8057.291667
string128,ahash,16384,iter-count,lru,6,0.396620
string128,ahash,16384,iter-count,hashlink,6,0.397704
string128,ahash,16384,iter-count,micro,6,0.398472
string128,ahash,16384,iter-count,quick_cache,7,8133.300781
string128,ahash,16384,iter-count,lru,7,0.399738
string128,ahash,16384,iter-count,hashlink,7,0.402436
string128,ahash,16384,iter-count,micro,7,0.398118
string128,ahash,16384,iter-count,baseline,7,5586.710938
string128,ahash,16384,iter-count,lru,8,0.397818
string128,ahash,16384,iter-count,hashlink,8,0.405578
string128,ahash,16384,iter-count,micro,8,0.399841
string128,ahash,16384,iter-count,baseline,8,5550.333984
string128,ahash,16384,iter-count,quick_cache,8,8093.858073
