key,hasher,capacity,operation,library,sample,ns_per_op
u64,sip,128,get-hit,micro,0,5.961839
u64,sip,128,get-hit,baseline,0,6.002284
u64,sip,128,get-hit,quick_cache,0,5.899259
u64,sip,128,get-hit,lru,0,6.480257
u64,sip,128,get-hit,hashlink,0,6.123944
u64,sip,128,get-hit,baseline,1,5.585642
u64,sip,128,get-hit,quick_cache,1,5.405950
u64,sip,128,get-hit,lru,1,6.116571
u64,sip,128,get-hit,hashlink,1,5.865511
u64,sip,128,get-hit,micro,1,5.491191
u64,sip,128,get-hit,quick_cache,2,5.420236
u64,sip,128,get-hit,lru,2,5.955277
u64,sip,128,get-hit,hashlink,2,5.742470
u64,sip,128,get-hit,micro,2,5.384288
u64,sip,128,get-hit,baseline,2,5.388596
u64,sip,128,get-hit,lru,3,5.976606
u64,sip,128,get-hit,hashlink,3,5.717428
u64,sip,128,get-hit,micro,3,5.353772
u64,sip,128,get-hit,baseline,3,5.358121
u64,sip,128,get-hit,quick_cache,3,5.327529
u64,sip,128,get-hit,hashlink,4,5.823205
u64,sip,128,get-hit,micro,4,5.436992
u64,sip,128,get-hit,baseline,4,5.441254
u64,sip,128,get-hit,quick_cache,4,5.320895
u64,sip,128,get-hit,lru,4,6.007628
u64,sip,128,get-miss,micro,0,4.429889
u64,sip,128,get-miss,baseline,0,4.572487
u64,sip,128,get-miss,quick_cache,0,4.505437
u64,sip,128,get-miss,lru,0,5.124691
u64,sip,128,get-miss,hashlink,0,4.436018
u64,sip,128,get-miss,baseline,1,4.470950
u64,sip,128,get-miss,quick_cache,1,4.438959
u64,sip,128,get-miss,lru,1,5.135218
u64,sip,128,get-miss,hashlink,1,4.441043
u64,sip,128,get-miss,micro,1,4.410698
u64,sip,128,get-miss,quick_cache,2,4.470206
u64,sip,128,get-miss,lru,2,5.176168
u64,sip,128,get-miss,hashlink,2,4.490364
u64,sip,128,get-miss,micro,2,4.445087
u64,sip,128,get-miss,baseline,2,4.520200
u64,sip,128,get-miss,lru,3,5.077276
u64,sip,128,get-miss,hashlink,3,4.408155
u64,sip,128,get-miss,micro,3,4.519269
u64,sip,128,get-miss,baseline,3,4.518897
u64,sip,128,get-miss,quick_cache,3,4.480253
u64,sip,128,get-miss,hashlink,4,4.338403
u64,sip,128,get-miss,micro,4,4.448764
u64,sip,128,get-miss,baseline,4,4.450787
u64,sip,128,get-miss,quick_cache,4,4.436815
u64,sip,128,get-miss,lru,4,5.018331
u64,sip,128,update,micro,0,5.265808
u64,sip,128,update,baseline,0,5.285936
u64,sip,128,update,quick_cache,0,9.203848
u64,sip,128,update,lru,0,5.639102
u64,sip,128,update,hashlink,0,15.266418
u64,sip,128,update,baseline,1,5.260939
u64,sip,128,update,quick_cache,1,9.369659
u64,sip,128,update,lru,1,5.633652
u64,sip,128,update,hashlink,1,15.236206
u64,sip,128,update,micro,1,5.443797
u64,sip,128,update,quick_cache,2,9.600517
u64,sip,128,update,lru,2,5.793730
u64,sip,128,update,hashlink,2,11.625767
u64,sip,128,update,micro,2,5.410436
u64,sip,128,update,baseline,2,5.411635
u64,sip,128,update,lru,3,5.797625
u64,sip,128,update,hashlink,3,14.655151
u64,sip,128,update,micro,3,5.406848
u64,sip,128,update,baseline,3,5.408043
u64,sip,128,update,quick_cache,3,9.502445
u64,sip,128,update,hashlink,4,16.329781
u64,sip,128,update,micro,4,5.302429
u64,sip,128,update,baseline,4,5.279687
u64,sip,128,update,quick_cache,4,9.487183
u64,sip,128,update,lru,4,5.690980
u64,sip,128,insert-cycle,micro,0,11.865693
u64,sip,128,insert-cycle,baseline,0,11.988852
u64,sip,128,insert-cycle,quick_cache,0,16.493742
u64,sip,128,insert-cycle,lru,0,24.896464
u64,sip,128,insert-cycle,hashlink,0,31.524771
u64,sip,128,insert-cycle,baseline,1,11.785981
u64,sip,128,insert-cycle,quick_cache,1,16.100983
u64,sip,128,insert-cycle,lru,1,24.142458
u64,sip,128,insert-cycle,hashlink,1,31.077340
u64,sip,128,insert-cycle,micro,1,11.765931
u64,sip,128,insert-cycle,quick_cache,2,16.440628
u64,sip,128,insert-cycle,lru,2,24.926188
u64,sip,128,insert-cycle,hashlink,2,31.377507
u64,sip,128,insert-cycle,micro,2,11.833880
u64,sip,128,insert-cycle,baseline,2,12.001123
u64,sip,128,insert-cycle,lru,3,24.524729
u64,sip,128,insert-cycle,hashlink,3,30.994486
u64,sip,128,insert-cycle,micro,3,11.634304
u64,sip,128,insert-cycle,baseline,3,11.735857
u64,sip,128,insert-cycle,quick_cache,3,16.338603
u64,sip,128,insert-cycle,hashlink,4,30.990611
u64,sip,128,insert-cycle,micro,4,11.573181
u64,sip,128,insert-cycle,baseline,4,11.740256
u64,sip,128,insert-cycle,quick_cache,4,16.121121
u64,sip,128,insert-cycle,lru,4,24.563889
u64,sip,128,mixed-95,micro,0,14.288406
u64,sip,128,mixed-95,baseline,0,16.291022
u64,sip,128,mixed-95,quick_cache,0,12.959361
u64,sip,128,mixed-95,lru,0,12.903333
u64,sip,128,mixed-95,hashlink,0,10.591547
u64,sip,128,mixed-95,baseline,1,14.697909
u64,sip,128,mixed-95,quick_cache,1,13.093233
u64,sip,128,mixed-95,lru,1,13.118724
u64,sip,128,mixed-95,hashlink,1,10.903716
u64,sip,128,mixed-95,micro,1,16.138454
u64,sip,128,mixed-95,quick_cache,2,13.019085
u64,sip,128,mixed-95,lru,2,12.547553
u64,sip,128,mixed-95,hashlink,2,10.186414
u64,sip,128,mixed-95,micro,2,14.856577
u64,sip,128,mixed-95,baseline,2,15.210430
u64,sip,128,mixed-95,lru,3,13.291101
u64,sip,128,mixed-95,hashlink,3,9.069502
u64,sip,128,mixed-95,micro,3,14.075637
u64,sip,128,mixed-95,baseline,3,14.791329
u64,sip,128,mixed-95,quick_cache,3,12.541016
u64,sip,128,mixed-95,hashlink,4,10.898590
u64,sip,128,mixed-95,micro,4,15.030861
u64,sip,128,mixed-95,baseline,4,15.826424
u64,sip,128,mixed-95,quick_cache,4,13.091107
u64,sip,128,mixed-95,lru,4,13.004085
u64,sip,128,load-hit,micro,0,8.011859
u64,sip,128,load-hit,baseline,0,7.854490
u64,sip,128,load-hit,quick_cache,0,8.866446
u64,sip,128,load-hit,lru,0,5.638475
u64,sip,128,load-hit,hashlink,0,5.665864
u64,sip,128,load-hit,baseline,1,7.914875
u64,sip,128,load-hit,quick_cache,1,8.999336
u64,sip,128,load-hit,lru,1,5.741995
u64,sip,128,load-hit,hashlink,1,5.724082
u64,sip,128,load-hit,micro,1,7.946798
u64,sip,128,load-hit,quick_cache,2,8.984822
u64,sip,128,load-hit,lru,2,5.740166
u64,sip,128,load-hit,hashlink,2,5.575931
u64,sip,128,load-hit,micro,2,7.870829
u64,sip,128,load-hit,baseline,2,7.913901
u64,sip,128,load-hit,lru,3,5.751211
u64,sip,128,load-hit,hashlink,3,5.644813
u64,sip,128,load-hit,micro,3,7.828408
u64,sip,128,load-hit,baseline,3,7.791938
u64,sip,128,load-hit,quick_cache,3,8.883403
u64,sip,128,load-hit,hashlink,4,5.640197
u64,sip,128,load-hit,micro,4,7.808495
u64,sip,128,load-hit,baseline,4,7.847345
u64,sip,128,load-hit,quick_cache,4,8.982091
u64,sip,128,load-hit,lru,4,5.762339
u64,sip,128,load-cycle,micro,0,15.141135
u64,sip,128,load-cycle,baseline,0,15.299481
u64,sip,128,load-cycle,quick_cache,0,17.329060
u64,sip,128,load-cycle,lru,0,24.998476
u64,sip,128,load-cycle,hashlink,0,32.665433
u64,sip,128,load-cycle,baseline,1,15.289714
u64,sip,128,load-cycle,quick_cache,1,16.804201
u64,sip,128,load-cycle,lru,1,25.388156
u64,sip,128,load-cycle,hashlink,1,32.663616
u64,sip,128,load-cycle,micro,1,15.030924
u64,sip,128,load-cycle,quick_cache,2,16.677270
u64,sip,128,load-cycle,lru,2,24.907187
u64,sip,128,load-cycle,hashlink,2,32.898120
u64,sip,128,load-cycle,micro,2,14.840660
u64,sip,128,load-cycle,baseline,2,14.937052
u64,sip,128,load-cycle,lru,3,24.765337
u64,sip,128,load-cycle,hashlink,3,31.811950
u64,sip,128,load-cycle,micro,3,14.842306
u64,sip,128,load-cycle,baseline,3,15.014805
u64,sip,128,load-cycle,quick_cache,3,16.617010
u64,sip,128,load-cycle,hashlink,4,33.720871
u64,sip,128,load-cycle,micro,4,14.814695
u64,sip,128,load-cycle,baseline,4,15.063705
u64,sip,128,load-cycle,quick_cache,4,16.900582
u64,sip,128,load-cycle,lru,4,25.219464
u64,sip,128,clear-refill,micro,0,1635.717166
u64,sip,128,clear-refill,baseline,0,1337.513152
u64,sip,128,clear-refill,quick_cache,0,1311.534965
u64,sip,128,clear-refill,lru,0,5074.464527
u64,sip,128,clear-refill,hashlink,0,3118.892931
u64,sip,128,clear-refill,baseline,1,1483.172516
u64,sip,128,clear-refill,quick_cache,1,1294.813984
u64,sip,128,clear-refill,lru,1,4978.373134
u64,sip,128,clear-refill,hashlink,1,3091.915551
u64,sip,128,clear-refill,micro,1,1380.982513
u64,sip,128,clear-refill,quick_cache,2,1297.305231
u64,sip,128,clear-refill,lru,2,4964.325620
u64,sip,128,clear-refill,hashlink,2,3088.906379
u64,sip,128,clear-refill,micro,2,1775.739645
u64,sip,128,clear-refill,baseline,2,1668.729143
u64,sip,128,clear-refill,lru,3,4899.946166
u64,sip,128,clear-refill,hashlink,3,3056.474542
u64,sip,128,clear-refill,micro,3,1739.251594
u64,sip,128,clear-refill,baseline,3,1573.872575
u64,sip,128,clear-refill,quick_cache,3,1807.756024
u64,sip,128,clear-refill,hashlink,4,3043.356998
u64,sip,128,clear-refill,micro,4,1370.490868
u64,sip,128,clear-refill,baseline,4,1318.321617
u64,sip,128,clear-refill,quick_cache,4,1289.892949
u64,sip,128,clear-refill,lru,4,4905.501634
u64,sip,128,clear-empty,micro,0,48.205767
u64,sip,128,clear-empty,baseline,0,47.816502
u64,sip,128,clear-empty,quick_cache,0,1.818910
u64,sip,128,clear-empty,lru,0,0.590939
u64,sip,128,clear-empty,hashlink,0,0.618225
u64,sip,128,clear-empty,baseline,1,48.693618
u64,sip,128,clear-empty,quick_cache,1,1.836711
u64,sip,128,clear-empty,lru,1,0.589009
u64,sip,128,clear-empty,hashlink,1,0.615166
u64,sip,128,clear-empty,micro,1,42.573638
u64,sip,128,clear-empty,quick_cache,2,1.809971
u64,sip,128,clear-empty,lru,2,0.584951
u64,sip,128,clear-empty,hashlink,2,0.611570
u64,sip,128,clear-empty,micro,2,48.053679
u64,sip,128,clear-empty,baseline,2,48.193760
u64,sip,128,clear-empty,lru,3,0.590487
u64,sip,128,clear-empty,hashlink,3,0.615700
u64,sip,128,clear-empty,micro,3,47.874809
u64,sip,128,clear-empty,baseline,3,48.111712
u64,sip,128,clear-empty,quick_cache,3,1.817268
u64,sip,128,clear-empty,hashlink,4,0.608847
u64,sip,128,clear-empty,micro,4,48.596768
u64,sip,128,clear-empty,baseline,4,48.410172
u64,sip,128,clear-empty,quick_cache,4,1.824031
u64,sip,128,clear-empty,lru,4,0.588269
u64,sip,128,iter-dense,micro,0,39.497986
u64,sip,128,iter-dense,baseline,0,39.546868
u64,sip,128,iter-dense,quick_cache,0,29.157601
u64,sip,128,iter-dense,lru,0,141.659602
u64,sip,128,iter-dense,hashlink,0,140.393011
u64,sip,128,iter-dense,baseline,1,39.609857
u64,sip,128,iter-dense,quick_cache,1,29.539323
u64,sip,128,iter-dense,lru,1,143.586093
u64,sip,128,iter-dense,hashlink,1,143.324618
u64,sip,128,iter-dense,micro,1,40.107290
u64,sip,128,iter-dense,quick_cache,2,29.176552
u64,sip,128,iter-dense,lru,2,141.573577
u64,sip,128,iter-dense,hashlink,2,139.536086
u64,sip,128,iter-dense,micro,2,39.140221
u64,sip,128,iter-dense,baseline,2,39.608193
u64,sip,128,iter-dense,lru,3,139.096903
u64,sip,128,iter-dense,hashlink,3,141.055780
u64,sip,128,iter-dense,micro,3,39.545774
u64,sip,128,iter-dense,baseline,3,38.924126
u64,sip,128,iter-dense,quick_cache,3,28.946531
u64,sip,128,iter-dense,hashlink,4,140.235753
u64,sip,128,iter-dense,micro,4,39.346084
u64,sip,128,iter-dense,baseline,4,39.556962
u64,sip,128,iter-dense,quick_cache,4,29.150150
u64,sip,128,iter-dense,lru,4,138.501662
u64,sip,128,iter-dense-for,micro,0,38.656739
u64,sip,128,iter-dense-for,baseline,0,38.985616
u64,sip,128,iter-dense-for,quick_cache,0,39.491957
u64,sip,128,iter-dense-for,lru,0,87.105385
u64,sip,128,iter-dense-for,hashlink,0,75.595311
u64,sip,128,iter-dense-for,baseline,1,38.557630
u64,sip,128,iter-dense-for,quick_cache,1,39.259880
u64,sip,128,iter-dense-for,lru,1,83.733259
u64,sip,128,iter-dense-for,hashlink,1,74.847441
u64,sip,128,iter-dense-for,micro,1,39.530736
u64,sip,128,iter-dense-for,quick_cache,2,72.661503
u64,sip,128,iter-dense-for,lru,2,85.103335
u64,sip,128,iter-dense-for,hashlink,2,72.871139
u64,sip,128,iter-dense-for,micro,2,38.633292
u64,sip,128,iter-dense-for,baseline,2,39.111389
u64,sip,128,iter-dense-for,lru,3,84.459459
u64,sip,128,iter-dense-for,hashlink,3,75.918320
u64,sip,128,iter-dense-for,micro,3,38.577232
u64,sip,128,iter-dense-for,baseline,3,38.432275
u64,sip,128,iter-dense-for,quick_cache,3,70.448488
u64,sip,128,iter-dense-for,hashlink,4,73.130972
u64,sip,128,iter-dense-for,micro,4,38.457393
u64,sip,128,iter-dense-for,baseline,4,38.534281
u64,sip,128,iter-dense-for,quick_cache,4,70.574092
u64,sip,128,iter-dense-for,lru,4,83.923832
u64,sip,128,iter-density-1pct,micro,0,34.058970
u64,sip,128,iter-density-1pct,baseline,0,34.233046
u64,sip,128,iter-density-1pct,quick_cache,0,23.095620
u64,sip,128,iter-density-1pct,lru,0,1.277144
u64,sip,128,iter-density-1pct,hashlink,0,1.297273
u64,sip,128,iter-density-1pct,baseline,1,35.491389
u64,sip,128,iter-density-1pct,quick_cache,1,23.233608
u64,sip,128,iter-density-1pct,lru,1,1.308334
u64,sip,128,iter-density-1pct,hashlink,1,1.261318
u64,sip,128,iter-density-1pct,micro,1,34.393915
u64,sip,128,iter-density-1pct,quick_cache,2,22.926536
u64,sip,128,iter-density-1pct,lru,2,1.302536
u64,sip,128,iter-density-1pct,hashlink,2,1.294032
u64,sip,128,iter-density-1pct,micro,2,35.040452
u64,sip,128,iter-density-1pct,baseline,2,34.448280
u64,sip,128,iter-density-1pct,lru,3,1.303532
u64,sip,128,iter-density-1pct,hashlink,3,1.276448
u64,sip,128,iter-density-1pct,micro,3,34.433242
u64,sip,128,iter-density-1pct,baseline,3,34.212822
u64,sip,128,iter-density-1pct,quick_cache,3,23.136157
u64,sip,128,iter-density-1pct,hashlink,4,1.268417
u64,sip,128,iter-density-1pct,micro,4,34.352106
u64,sip,128,iter-density-1pct,baseline,4,34.349714
u64,sip,128,iter-density-1pct,quick_cache,4,23.310596
u64,sip,128,iter-density-1pct,lru,4,1.311978
u64,sip,128,iter-density-6pct,micro,0,37.662638
u64,sip,128,iter-density-6pct,baseline,0,36.844094
u64,sip,128,iter-density-6pct,quick_cache,0,23.672542
u64,sip,128,iter-density-6pct,lru,0,3.044467
u64,sip,128,iter-density-6pct,hashlink,0,3.140178
u64,sip,128,iter-density-6pct,baseline,1,37.000950
u64,sip,128,iter-density-6pct,quick_cache,1,23.296778
u64,sip,128,iter-density-6pct,lru,1,3.388024
u64,sip,128,iter-density-6pct,hashlink,1,3.174503
u64,sip,128,iter-density-6pct,micro,1,38.179242
u64,sip,128,iter-density-6pct,quick_cache,2,20.771599
u64,sip,128,iter-density-6pct,lru,2,3.388636
u64,sip,128,iter-density-6pct,hashlink,2,3.167274
u64,sip,128,iter-density-6pct,micro,2,37.621953
u64,sip,128,iter-density-6pct,baseline,2,37.597534
u64,sip,128,iter-density-6pct,lru,3,3.474925
u64,sip,128,iter-density-6pct,hashlink,3,3.199659
u64,sip,128,iter-density-6pct,micro,3,38.957559
u64,sip,128,iter-density-6pct,baseline,3,38.243653
u64,sip,128,iter-density-6pct,quick_cache,3,21.176869
u64,sip,128,iter-density-6pct,hashlink,4,3.187041
u64,sip,128,iter-density-6pct,micro,4,38.345156
u64,sip,128,iter-density-6pct,baseline,4,38.557617
u64,sip,128,iter-density-6pct,quick_cache,4,21.110990
u64,sip,128,iter-density-6pct,lru,4,3.432024
u64,sip,128,iter-density-quarter,micro,0,37.779311
u64,sip,128,iter-density-quarter,baseline,0,37.953814
u64,sip,128,iter-density-quarter,quick_cache,0,24.751955
u64,sip,128,iter-density-quarter,lru,0,19.634594
u64,sip,128,iter-density-quarter,hashlink,0,19.629397
u64,sip,128,iter-density-quarter,baseline,1,35.821715
u64,sip,128,iter-density-quarter,quick_cache,1,26.408820
u64,sip,128,iter-density-quarter,lru,1,18.888862
u64,sip,128,iter-density-quarter,hashlink,1,19.354646
u64,sip,128,iter-density-quarter,micro,1,37.931078
u64,sip,128,iter-density-quarter,quick_cache,2,24.948169
u64,sip,128,iter-density-quarter,lru,2,18.585598
u64,sip,128,iter-density-quarter,hashlink,2,18.702935
u64,sip,128,iter-density-quarter,micro,2,37.869800
u64,sip,128,iter-density-quarter,baseline,2,37.919948
u64,sip,128,iter-density-quarter,lru,3,19.888676
u64,sip,128,iter-density-quarter,hashlink,3,19.951885
u64,sip,128,iter-density-quarter,micro,3,38.605779
u64,sip,128,iter-density-quarter,baseline,3,38.412792
u64,sip,128,iter-density-quarter,quick_cache,3,25.160216
u64,sip,128,iter-density-quarter,hashlink,4,19.780400
u64,sip,128,iter-density-quarter,micro,4,38.374949
u64,sip,128,iter-density-quarter,baseline,4,38.218317
u64,sip,128,iter-density-quarter,quick_cache,4,25.185846
u64,sip,128,iter-density-quarter,lru,4,19.833979
u64,sip,128,iter-density-half,micro,0,38.667320
u64,sip,128,iter-density-half,baseline,0,38.777089
u64,sip,128,iter-density-half,quick_cache,0,30.140871
u64,sip,128,iter-density-half,lru,0,53.966772
u64,sip,128,iter-density-half,hashlink,0,53.715045
u64,sip,128,iter-density-half,baseline,1,38.944080
u64,sip,128,iter-density-half,quick_cache,1,29.942930
u64,sip,128,iter-density-half,lru,1,53.132365
u64,sip,128,iter-density-half,hashlink,1,53.374306
u64,sip,128,iter-density-half,micro,1,38.617381
u64,sip,128,iter-density-half,quick_cache,2,30.078671
u64,sip,128,iter-density-half,lru,2,53.573661
u64,sip,128,iter-density-half,hashlink,2,52.071037
u64,sip,128,iter-density-half,micro,2,38.106435
u64,sip,128,iter-density-half,baseline,2,38.636511
u64,sip,128,iter-density-half,lru,3,53.782612
u64,sip,128,iter-density-half,hashlink,3,53.339502
u64,sip,128,iter-density-half,micro,3,38.603643
u64,sip,128,iter-density-half,baseline,3,38.880571
u64,sip,128,iter-density-half,quick_cache,3,30.356365
u64,sip,128,iter-density-half,hashlink,4,54.159445
u64,sip,128,iter-density-half,micro,4,38.270612
u64,sip,128,iter-density-half,baseline,4,38.541230
u64,sip,128,iter-density-half,quick_cache,4,29.629088
u64,sip,128,iter-density-half,lru,4,53.670131
u64,sip,128,iter-front,micro,0,37.986755
u64,sip,128,iter-front,baseline,0,38.099566
u64,sip,128,iter-front,quick_cache,0,23.362221
u64,sip,128,iter-front,lru,0,1.187731
u64,sip,128,iter-front,hashlink,0,1.140469
u64,sip,128,iter-front,baseline,1,38.612567
u64,sip,128,iter-front,quick_cache,1,25.595200
u64,sip,128,iter-front,lru,1,1.194389
u64,sip,128,iter-front,hashlink,1,1.185074
u64,sip,128,iter-front,micro,1,38.177130
u64,sip,128,iter-front,quick_cache,2,22.907181
u64,sip,128,iter-front,lru,2,1.181832
u64,sip,128,iter-front,hashlink,2,1.160086
u64,sip,128,iter-front,micro,2,38.627936
u64,sip,128,iter-front,baseline,2,38.641880
u64,sip,128,iter-front,lru,3,1.198068
u64,sip,128,iter-front,hashlink,3,1.141733
u64,sip,128,iter-front,micro,3,38.157344
u64,sip,128,iter-front,baseline,3,37.971370
u64,sip,128,iter-front,quick_cache,3,22.573626
u64,sip,128,iter-front,hashlink,4,1.186634
u64,sip,128,iter-front,micro,4,38.551192
u64,sip,128,iter-front,baseline,4,38.886976
u64,sip,128,iter-front,quick_cache,4,22.607020
u64,sip,128,iter-front,lru,4,1.186198
u64,sip,128,iter-back,micro,0,40.079687
u64,sip,128,iter-back,baseline,0,39.467487
u64,sip,128,iter-back,quick_cache,0,22.263120
u64,sip,128,iter-back,lru,0,1.202493
u64,sip,128,iter-back,hashlink,0,1.159325
u64,sip,128,iter-back,baseline,1,39.564662
u64,sip,128,iter-back,quick_cache,1,22.293301
u64,sip,128,iter-back,lru,1,1.197257
u64,sip,128,iter-back,hashlink,1,1.155581
u64,sip,128,iter-back,micro,1,39.305886
u64,sip,128,iter-back,quick_cache,2,22.002186
u64,sip,128,iter-back,lru,2,1.187716
u64,sip,128,iter-back,hashlink,2,1.155995
u64,sip,128,iter-back,micro,2,39.811133
u64,sip,128,iter-back,baseline,2,39.732852
u64,sip,128,iter-back,lru,3,1.196752
u64,sip,128,iter-back,hashlink,3,1.152442
u64,sip,128,iter-back,micro,3,39.359323
u64,sip,128,iter-back,baseline,3,39.187657
u64,sip,128,iter-back,quick_cache,3,22.045101
u64,sip,128,iter-back,hashlink,4,1.148531
u64,sip,128,iter-back,micro,4,39.299887
u64,sip,128,iter-back,baseline,4,39.430456
u64,sip,128,iter-back,quick_cache,4,22.355538
u64,sip,128,iter-back,lru,4,1.260352
u64,sip,128,iter-empty,micro,0,38.546059
u64,sip,128,iter-empty,baseline,0,38.135319
u64,sip,128,iter-empty,quick_cache,0,23.536199
u64,sip,128,iter-empty,lru,0,1.000032
u64,sip,128,iter-empty,hashlink,0,1.014995
u64,sip,128,iter-empty,baseline,1,38.095858
u64,sip,128,iter-empty,quick_cache,1,23.315096
u64,sip,128,iter-empty,lru,1,0.998179
u64,sip,128,iter-empty,hashlink,1,1.007794
u64,sip,128,iter-empty,micro,1,38.335331
u64,sip,128,iter-empty,quick_cache,2,23.326698
u64,sip,128,iter-empty,lru,2,0.989310
u64,sip,128,iter-empty,hashlink,2,1.005955
u64,sip,128,iter-empty,micro,2,38.411729
u64,sip,128,iter-empty,baseline,2,38.547652
u64,sip,128,iter-empty,lru,3,0.991822
u64,sip,128,iter-empty,hashlink,3,0.993072
u64,sip,128,iter-empty,micro,3,37.851875
u64,sip,128,iter-empty,baseline,3,38.234630
u64,sip,128,iter-empty,quick_cache,3,23.236780
u64,sip,128,iter-empty,hashlink,4,1.001089
u64,sip,128,iter-empty,micro,4,37.849780
u64,sip,128,iter-empty,baseline,4,37.952221
u64,sip,128,iter-empty,quick_cache,4,23.259838
u64,sip,128,iter-empty,lru,4,0.992001
u64,sip,128,iter-count,micro,0,38.237034
u64,sip,128,iter-count,baseline,0,38.336461
u64,sip,128,iter-count,quick_cache,0,56.585074
u64,sip,128,iter-count,lru,0,0.401809
u64,sip,128,iter-count,hashlink,0,0.401561
u64,sip,128,iter-count,baseline,1,38.178708
u64,sip,128,iter-count,quick_cache,1,56.164025
u64,sip,128,iter-count,lru,1,0.400291
u64,sip,128,iter-count,hashlink,1,0.397432
u64,sip,128,iter-count,micro,1,37.162950
u64,sip,128,iter-count,quick_cache,2,55.708031
u64,sip,128,iter-count,lru,2,0.400094
u64,sip,128,iter-count,hashlink,2,0.402510
u64,sip,128,iter-count,micro,2,35.936700
u64,sip,128,iter-count,baseline,2,37.213752
u64,sip,128,iter-count,lru,3,0.409718
u64,sip,128,iter-count,hashlink,3,0.410335
u64,sip,128,iter-count,micro,3,37.573655
u64,sip,128,iter-count,baseline,3,36.849677
u64,sip,128,iter-count,quick_cache,3,54.729142
u64,sip,128,iter-count,hashlink,4,0.403169
u64,sip,128,iter-count,micro,4,37.471296
u64,sip,128,iter-count,baseline,4,37.302108
u64,sip,128,iter-count,quick_cache,4,54.064210
u64,sip,128,iter-count,lru,4,0.400830
u64,sip,1024,get-hit,micro,0,5.099474
u64,sip,1024,get-hit,baseline,0,5.153656
u64,sip,1024,get-hit,quick_cache,0,5.174089
u64,sip,1024,get-hit,lru,0,6.069080
u64,sip,1024,get-hit,hashlink,0,5.324581
u64,sip,1024,get-hit,baseline,1,5.033310
u64,sip,1024,get-hit,quick_cache,1,5.060134
u64,sip,1024,get-hit,lru,1,5.705534
u64,sip,1024,get-hit,hashlink,1,5.405275
u64,sip,1024,get-hit,micro,1,5.112823
u64,sip,1024,get-hit,quick_cache,2,5.092056
u64,sip,1024,get-hit,lru,2,5.658663
u64,sip,1024,get-hit,hashlink,2,5.327161
u64,sip,1024,get-hit,micro,2,5.052122
u64,sip,1024,get-hit,baseline,2,5.031638
u64,sip,1024,get-hit,lru,3,5.673843
u64,sip,1024,get-hit,hashlink,3,5.308732
u64,sip,1024,get-hit,micro,3,5.054422
u64,sip,1024,get-hit,baseline,3,5.040835
u64,sip,1024,get-hit,quick_cache,3,5.018608
u64,sip,1024,get-hit,hashlink,4,5.346474
u64,sip,1024,get-hit,micro,4,5.032613
u64,sip,1024,get-hit,baseline,4,5.039581
u64,sip,1024,get-hit,quick_cache,4,5.084939
u64,sip,1024,get-hit,lru,4,5.739052
u64,sip,1024,get-miss,micro,0,4.524388
u64,sip,1024,get-miss,baseline,0,4.571294
u64,sip,1024,get-miss,quick_cache,0,4.628244
u64,sip,1024,get-miss,lru,0,4.939440
u64,sip,1024,get-miss,hashlink,0,4.554153
u64,sip,1024,get-miss,baseline,1,4.561813
u64,sip,1024,get-miss,quick_cache,1,4.580560
u64,sip,1024,get-miss,lru,1,4.923638
u64,sip,1024,get-miss,hashlink,1,4.416592
u64,sip,1024,get-miss,micro,1,4.474919
u64,sip,1024,get-miss,quick_cache,2,4.567338
u64,sip,1024,get-miss,lru,2,4.903971
u64,sip,1024,get-miss,hashlink,2,4.467538
u64,sip,1024,get-miss,micro,2,4.432279
u64,sip,1024,get-miss,baseline,2,4.489557
u64,sip,1024,get-miss,lru,3,4.885999
u64,sip,1024,get-miss,hashlink,3,4.521751
u64,sip,1024,get-miss,micro,3,4.489620
u64,sip,1024,get-miss,baseline,3,4.535628
u64,sip,1024,get-miss,quick_cache,3,4.512073
u64,sip,1024,get-miss,hashlink,4,4.443187
u64,sip,1024,get-miss,micro,4,4.455506
u64,sip,1024,get-miss,baseline,4,4.471072
u64,sip,1024,get-miss,quick_cache,4,4.501405
u64,sip,1024,get-miss,lru,4,4.834025
u64,sip,1024,update,micro,0,4.983369
u64,sip,1024,update,baseline,0,4.990586
u64,sip,1024,update,quick_cache,0,8.834839
u64,sip,1024,update,lru,0,5.357678
u64,sip,1024,update,hashlink,0,14.734497
u64,sip,1024,update,baseline,1,5.107808
u64,sip,1024,update,quick_cache,1,8.847799
u64,sip,1024,update,lru,1,5.234563
u64,sip,1024,update,hashlink,1,14.978638
u64,sip,1024,update,micro,1,4.974571
u64,sip,1024,update,quick_cache,2,8.830723
u64,sip,1024,update,lru,2,5.321116
u64,sip,1024,update,hashlink,2,15.019326
u64,sip,1024,update,micro,2,5.042089
u64,sip,1024,update,baseline,2,4.968042
u64,sip,1024,update,lru,3,5.233765
u64,sip,1024,update,hashlink,3,15.045576
u64,sip,1024,update,micro,3,4.971958
u64,sip,1024,update,baseline,3,4.968592
u64,sip,1024,update,quick_cache,3,8.751401
u64,sip,1024,update,hashlink,4,15.225015
u64,sip,1024,update,micro,4,4.969280
u64,sip,1024,update,baseline,4,4.978971
u64,sip,1024,update,quick_cache,4,8.793300
u64,sip,1024,update,lru,4,5.250042
u64,sip,1024,insert-cycle,micro,0,12.240938
u64,sip,1024,insert-cycle,baseline,0,13.056839
u64,sip,1024,insert-cycle,quick_cache,0,16.156427
u64,sip,1024,insert-cycle,lru,0,24.505615
u64,sip,1024,insert-cycle,hashlink,0,34.615927
u64,sip,1024,insert-cycle,baseline,1,12.936061
u64,sip,1024,insert-cycle,quick_cache,1,16.487491
u64,sip,1024,insert-cycle,lru,1,24.055192
u64,sip,1024,insert-cycle,hashlink,1,32.556597
u64,sip,1024,insert-cycle,micro,1,12.432377
u64,sip,1024,insert-cycle,quick_cache,2,16.032126
u64,sip,1024,insert-cycle,lru,2,23.747598
u64,sip,1024,insert-cycle,hashlink,2,32.870822
u64,sip,1024,insert-cycle,micro,2,11.822939
u64,sip,1024,insert-cycle,baseline,2,12.345342
u64,sip,1024,insert-cycle,lru,3,23.524368
u64,sip,1024,insert-cycle,hashlink,3,32.056726
u64,sip,1024,insert-cycle,micro,3,11.949330
u64,sip,1024,insert-cycle,baseline,3,12.033763
u64,sip,1024,insert-cycle,quick_cache,3,16.352224
u64,sip,1024,insert-cycle,hashlink,4,32.786730
u64,sip,1024,insert-cycle,micro,4,11.738930
u64,sip,1024,insert-cycle,baseline,4,11.893161
u64,sip,1024,insert-cycle,quick_cache,4,16.077679
u64,sip,1024,insert-cycle,lru,4,23.820446
u64,sip,1024,mixed-95,micro,0,13.155004
u64,sip,1024,mixed-95,baseline,0,14.689326
u64,sip,1024,mixed-95,quick_cache,0,13.152361
u64,sip,1024,mixed-95,lru,0,13.836225
u64,sip,1024,mixed-95,hashlink,0,10.800421
u64,sip,1024,mixed-95,baseline,1,16.793907
u64,sip,1024,mixed-95,quick_cache,1,13.117313
u64,sip,1024,mixed-95,lru,1,13.747592
u64,sip,1024,mixed-95,hashlink,1,10.891259
u64,sip,1024,mixed-95,micro,1,16.381979
u64,sip,1024,mixed-95,quick_cache,2,13.235132
u64,sip,1024,mixed-95,lru,2,14.115492
u64,sip,1024,mixed-95,hashlink,2,10.718962
u64,sip,1024,mixed-95,micro,2,16.554733
u64,sip,1024,mixed-95,baseline,2,15.973965
u64,sip,1024,mixed-95,lru,3,14.138421
u64,sip,1024,mixed-95,hashlink,3,10.902941
u64,sip,1024,mixed-95,micro,3,15.234808
u64,sip,1024,mixed-95,baseline,3,16.621371
u64,sip,1024,mixed-95,quick_cache,3,13.015727
u64,sip,1024,mixed-95,hashlink,4,10.424216
u64,sip,1024,mixed-95,micro,4,16.731977
u64,sip,1024,mixed-95,baseline,4,16.095817
u64,sip,1024,mixed-95,quick_cache,4,12.918989
u64,sip,1024,mixed-95,lru,4,13.131281
u64,sip,1024,load-hit,micro,0,16.825356
u64,sip,1024,load-hit,baseline,0,16.284005
u64,sip,1024,load-hit,quick_cache,0,8.628432
u64,sip,1024,load-hit,lru,0,5.162699
u64,sip,1024,load-hit,hashlink,0,5.157047
u64,sip,1024,load-hit,baseline,1,13.153621
u64,sip,1024,load-hit,quick_cache,1,8.851432
u64,sip,1024,load-hit,lru,1,5.212203
u64,sip,1024,load-hit,hashlink,1,5.121655
u64,sip,1024,load-hit,micro,1,16.466887
u64,sip,1024,load-hit,quick_cache,2,8.600396
u64,sip,1024,load-hit,lru,2,5.205253
u64,sip,1024,load-hit,hashlink,2,5.182830
u64,sip,1024,load-hit,micro,2,15.051470
u64,sip,1024,load-hit,baseline,2,16.337302
u64,sip,1024,load-hit,lru,3,5.177315
u64,sip,1024,load-hit,hashlink,3,5.089935
u64,sip,1024,load-hit,micro,3,16.281128
u64,sip,1024,load-hit,baseline,3,16.227390
u64,sip,1024,load-hit,quick_cache,3,8.583363
u64,sip,1024,load-hit,hashlink,4,5.104558
u64,sip,1024,load-hit,micro,4,16.381969
u64,sip,1024,load-hit,baseline,4,16.283564
u64,sip,1024,load-hit,quick_cache,4,8.639552
u64,sip,1024,load-hit,lru,4,5.160982
u64,sip,1024,load-cycle,micro,0,18.891426
u64,sip,1024,load-cycle,baseline,0,21.326922
u64,sip,1024,load-cycle,quick_cache,0,17.139052
u64,sip,1024,load-cycle,lru,0,25.140964
u64,sip,1024,load-cycle,hashlink,0,34.779626
u64,sip,1024,load-cycle,baseline,1,19.638398
u64,sip,1024,load-cycle,quick_cache,1,16.791143
u64,sip,1024,load-cycle,lru,1,24.982339
u64,sip,1024,load-cycle,hashlink,1,34.222270
u64,sip,1024,load-cycle,micro,1,18.798828
u64,sip,1024,load-cycle,quick_cache,2,16.899723
u64,sip,1024,load-cycle,lru,2,24.296331
u64,sip,1024,load-cycle,hashlink,2,33.837058
u64,sip,1024,load-cycle,micro,2,18.322498
u64,sip,1024,load-cycle,baseline,2,19.945299
u64,sip,1024,load-cycle,lru,3,24.404393
u64,sip,1024,load-cycle,hashlink,3,34.295615
u64,sip,1024,load-cycle,micro,3,18.021496
u64,sip,1024,load-cycle,baseline,3,18.853603
u64,sip,1024,load-cycle,quick_cache,3,16.862310
u64,sip,1024,load-cycle,hashlink,4,33.745961
u64,sip,1024,load-cycle,micro,4,18.179434
u64,sip,1024,load-cycle,baseline,4,19.334229
u64,sip,1024,load-cycle,quick_cache,4,16.887566
u64,sip,1024,load-cycle,lru,4,24.207271
u64,sip,1024,clear-refill,micro,0,13182.929825
u64,sip,1024,clear-refill,baseline,0,9647.774920
u64,sip,1024,clear-refill,quick_cache,0,9655.279743
u64,sip,1024,clear-refill,lru,0,43913.043478
u64,sip,1024,clear-refill,hashlink,0,24644.467213
u64,sip,1024,clear-refill,baseline,1,9633.413462
u64,sip,1024,clear-refill,quick_cache,1,9753.516234
u64,sip,1024,clear-refill,lru,1,44442.411765
u64,sip,1024,clear-refill,hashlink,1,24993.107438
u64,sip,1024,clear-refill,micro,1,12735.521186
u64,sip,1024,clear-refill,quick_cache,2,14047.313084
u64,sip,1024,clear-refill,lru,2,45226.985075
u64,sip,1024,clear-refill,hashlink,2,24459.349593
u64,sip,1024,clear-refill,micro,2,13091.304348
u64,sip,1024,clear-refill,baseline,2,10167.229730
u64,sip,1024,clear-refill,lru,3,45602.909091
u64,sip,1024,clear-refill,hashlink,3,26175.721739
u64,sip,1024,clear-refill,micro,3,12659.487395
u64,sip,1024,clear-refill,baseline,3,10608.274648
u64,sip,1024,clear-refill,quick_cache,3,14074.962617
u64,sip,1024,clear-refill,hashlink,4,25206.600000
u64,sip,1024,clear-refill,micro,4,11197.138060
u64,sip,1024,clear-refill,baseline,4,11369.966038
u64,sip,1024,clear-refill,quick_cache,4,14163.325472
u64,sip,1024,clear-refill,lru,4,44608.455882
u64,sip,1024,clear-empty,micro,0,61.994572
u64,sip,1024,clear-empty,baseline,0,62.249401
u64,sip,1024,clear-empty,quick_cache,0,1.826590
u64,sip,1024,clear-empty,lru,0,0.584201
u64,sip,1024,clear-empty,hashlink,0,0.603050
u64,sip,1024,clear-empty,baseline,1,63.065293
u64,sip,1024,clear-empty,quick_cache,1,1.792904
u64,sip,1024,clear-empty,lru,1,0.582248
u64,sip,1024,clear-empty,hashlink,1,0.604433
u64,sip,1024,clear-empty,micro,1,61.851542
u64,sip,1024,clear-empty,quick_cache,2,1.847321
u64,sip,1024,clear-empty,lru,2,0.584442
u64,sip,1024,clear-empty,hashlink,2,0.602067
u64,sip,1024,clear-empty,micro,2,61.236064
u64,sip,1024,clear-empty,baseline,2,61.301331
u64,sip,1024,clear-empty,lru,3,0.578647
u64,sip,1024,clear-empty,hashlink,3,0.608988
u64,sip,1024,clear-empty,micro,3,61.623998
u64,sip,1024,clear-empty,baseline,3,61.539635
u64,sip,1024,clear-empty,quick_cache,3,1.790414
u64,sip,1024,clear-empty,hashlink,4,0.602104
u64,sip,1024,clear-empty,micro,4,62.263186
u64,sip,1024,clear-empty,baseline,4,64.506782
u64,sip,1024,clear-empty,quick_cache,4,1.806116
u64,sip,1024,clear-empty,lru,4,0.582385
u64,sip,1024,iter-dense,micro,0,274.244609
u64,sip,1024,iter-dense,baseline,0,272.022192
u64,sip,1024,iter-dense,quick_cache,0,250.821691
u64,sip,1024,iter-dense,lru,0,1275.179476
u64,sip,1024,iter-dense,hashlink,0,1298.944349
u64,sip,1024,iter-dense,baseline,1,276.932799
u64,sip,1024,iter-dense,quick_cache,1,249.681433
u64,sip,1024,iter-dense,lru,1,1239.583470
u64,sip,1024,iter-dense,hashlink,1,1222.943588
u64,sip,1024,iter-dense,micro,1,271.025199
u64,sip,1024,iter-dense,quick_cache,2,246.957237
u64,sip,1024,iter-dense,lru,2,1277.238176
u64,sip,1024,iter-dense,hashlink,2,1352.511161
u64,sip,1024,iter-dense,micro,2,273.798105
u64,sip,1024,iter-dense,baseline,2,276.602507
u64,sip,1024,iter-dense,lru,3,1284.906678
u64,sip,1024,iter-dense,hashlink,3,1320.221788
u64,sip,1024,iter-dense,micro,3,279.223214
u64,sip,1024,iter-dense,baseline,3,281.304547
u64,sip,1024,iter-dense,quick_cache,3,248.010801
u64,sip,1024,iter-dense,hashlink,4,1320.550616
u64,sip,1024,iter-dense,micro,4,273.824708
u64,sip,1024,iter-dense,baseline,4,279.254278
u64,sip,1024,iter-dense,quick_cache,4,249.549784
u64,sip,1024,iter-dense,lru,4,1243.917763
u64,sip,1024,iter-dense-for,micro,0,274.404605
u64,sip,1024,iter-dense-for,baseline,0,277.055678
u64,sip,1024,iter-dense-for,quick_cache,0,265.073270
u64,sip,1024,iter-dense-for,lru,0,781.314566
u64,sip,1024,iter-dense-for,hashlink,0,840.843471
u64,sip,1024,iter-dense-for,baseline,1,275.266496
u64,sip,1024,iter-dense-for,quick_cache,1,264.981285
u64,sip,1024,iter-dense-for,lru,1,781.803385
u64,sip,1024,iter-dense-for,hashlink,1,755.739500
u64,sip,1024,iter-dense-for,micro,1,275.423112
u64,sip,1024,iter-dense-for,quick_cache,2,264.385299
u64,sip,1024,iter-dense-for,lru,2,782.356771
u64,sip,1024,iter-dense-for,hashlink,2,824.161458
u64,sip,1024,iter-dense-for,micro,2,279.463542
u64,sip,1024,iter-dense-for,baseline,2,280.770490
u64,sip,1024,iter-dense-for,lru,3,781.325781
u64,sip,1024,iter-dense-for,hashlink,3,824.904057
u64,sip,1024,iter-dense-for,micro,3,277.971616
u64,sip,1024,iter-dense-for,baseline,3,280.122761
u64,sip,1024,iter-dense-for,quick_cache,3,268.590089
u64,sip,1024,iter-dense-for,hashlink,4,961.920599
u64,sip,1024,iter-dense-for,micro,4,278.247867
u64,sip,1024,iter-dense-for,baseline,4,276.168015
u64,sip,1024,iter-dense-for,quick_cache,4,267.413105
u64,sip,1024,iter-dense-for,lru,4,806.579327
u64,sip,1024,iter-density-1pct,micro,0,314.675965
u64,sip,1024,iter-density-1pct,baseline,0,314.002404
u64,sip,1024,iter-density-1pct,quick_cache,0,174.208604
u64,sip,1024,iter-density-1pct,lru,0,4.277815
u64,sip,1024,iter-density-1pct,hashlink,0,4.299275
u64,sip,1024,iter-density-1pct,baseline,1,319.200893
u64,sip,1024,iter-density-1pct,quick_cache,1,168.237119
u64,sip,1024,iter-density-1pct,lru,1,4.317152
u64,sip,1024,iter-density-1pct,hashlink,1,4.201210
u64,sip,1024,iter-density-1pct,micro,1,313.181458
u64,sip,1024,iter-density-1pct,quick_cache,2,174.537291
u64,sip,1024,iter-density-1pct,lru,2,4.301900
u64,sip,1024,iter-density-1pct,hashlink,2,4.209321
u64,sip,1024,iter-density-1pct,micro,2,314.268081
u64,sip,1024,iter-density-1pct,baseline,2,313.229167
u64,sip,1024,iter-density-1pct,lru,3,4.410727
u64,sip,1024,iter-density-1pct,hashlink,3,4.317093
u64,sip,1024,iter-density-1pct,micro,3,319.820897
u64,sip,1024,iter-density-1pct,baseline,3,304.505682
u64,sip,1024,iter-density-1pct,quick_cache,3,175.903377
u64,sip,1024,iter-density-1pct,hashlink,4,4.368652
u64,sip,1024,iter-density-1pct,micro,4,314.424854
u64,sip,1024,iter-density-1pct,baseline,4,307.573463
u64,sip,1024,iter-density-1pct,quick_cache,4,166.629663
u64,sip,1024,iter-density-1pct,lru,4,4.339594
u64,sip,1024,iter-density-6pct,micro,0,307.671619
u64,sip,1024,iter-density-6pct,baseline,0,304.438109
u64,sip,1024,iter-density-6pct,quick_cache,0,164.888565
u64,sip,1024,iter-density-6pct,lru,0,52.092014
u64,sip,1024,iter-density-6pct,hashlink,0,51.681594
u64,sip,1024,iter-density-6pct,baseline,1,283.995846
u64,sip,1024,iter-density-6pct,quick_cache,1,164.456983
u64,sip,1024,iter-density-6pct,lru,1,52.078272
u64,sip,1024,iter-density-6pct,hashlink,1,51.580549
u64,sip,1024,iter-density-6pct,micro,1,298.193552
u64,sip,1024,iter-density-6pct,quick_cache,2,164.123962
u64,sip,1024,iter-density-6pct,lru,2,52.831567
u64,sip,1024,iter-density-6pct,hashlink,2,51.974345
u64,sip,1024,iter-density-6pct,micro,2,302.826714
u64,sip,1024,iter-density-6pct,baseline,2,302.902419
u64,sip,1024,iter-density-6pct,lru,3,51.035010
u64,sip,1024,iter-density-6pct,hashlink,3,51.526717
u64,sip,1024,iter-density-6pct,micro,3,308.286373
u64,sip,1024,iter-density-6pct,baseline,3,306.487439
u64,sip,1024,iter-density-6pct,quick_cache,3,163.391061
u64,sip,1024,iter-density-6pct,hashlink,4,51.735004
u64,sip,1024,iter-density-6pct,micro,4,298.865446
u64,sip,1024,iter-density-6pct,baseline,4,299.143213
u64,sip,1024,iter-density-6pct,quick_cache,4,166.318041
u64,sip,1024,iter-density-6pct,lru,4,52.623299
u64,sip,1024,iter-density-quarter,micro,0,261.962465
u64,sip,1024,iter-density-quarter,baseline,0,262.758228
u64,sip,1024,iter-density-quarter,quick_cache,0,199.204883
u64,sip,1024,iter-density-quarter,lru,0,299.018909
u64,sip,1024,iter-density-quarter,hashlink,0,298.774283
u64,sip,1024,iter-density-quarter,baseline,1,259.727753
u64,sip,1024,iter-density-quarter,quick_cache,1,197.516447
u64,sip,1024,iter-density-quarter,lru,1,298.906847
u64,sip,1024,iter-density-quarter,hashlink,1,304.865057
u64,sip,1024,iter-density-quarter,micro,1,259.611015
u64,sip,1024,iter-density-quarter,quick_cache,2,196.791994
u64,sip,1024,iter-density-quarter,lru,2,297.328323
u64,sip,1024,iter-density-quarter,hashlink,2,305.148235
u64,sip,1024,iter-density-quarter,micro,2,258.946023
u64,sip,1024,iter-density-quarter,baseline,2,261.613510
u64,sip,1024,iter-density-quarter,lru,3,294.528017
u64,sip,1024,iter-density-quarter,hashlink,3,303.752023
u64,sip,1024,iter-density-quarter,micro,3,259.868421
u64,sip,1024,iter-density-quarter,baseline,3,265.360169
u64,sip,1024,iter-density-quarter,quick_cache,3,202.126010
u64,sip,1024,iter-density-quarter,hashlink,4,317.915784
u64,sip,1024,iter-density-quarter,micro,4,262.750963
u64,sip,1024,iter-density-quarter,baseline,4,260.828993
u64,sip,1024,iter-density-quarter,quick_cache,4,197.238248
u64,sip,1024,iter-density-quarter,lru,4,300.373502
u64,sip,1024,iter-density-half,micro,0,264.458627
u64,sip,1024,iter-density-half,baseline,0,264.333891
u64,sip,1024,iter-density-half,quick_cache,0,230.654330
u64,sip,1024,iter-density-half,lru,0,655.776661
u64,sip,1024,iter-density-half,hashlink,0,658.772072
u64,sip,1024,iter-density-half,baseline,1,265.032751
u64,sip,1024,iter-density-half,quick_cache,1,227.814017
u64,sip,1024,iter-density-half,lru,1,644.558005
u64,sip,1024,iter-density-half,hashlink,1,657.488418
u64,sip,1024,iter-density-half,micro,1,267.860804
u64,sip,1024,iter-density-half,quick_cache,2,227.608541
u64,sip,1024,iter-density-half,lru,2,636.393370
u64,sip,1024,iter-density-half,hashlink,2,620.596834
u64,sip,1024,iter-density-half,micro,2,262.569832
u64,sip,1024,iter-density-half,baseline,2,263.283438
u64,sip,1024,iter-density-half,lru,3,625.772500
u64,sip,1024,iter-density-half,hashlink,3,623.111548
u64,sip,1024,iter-density-half,micro,3,262.551676
u64,sip,1024,iter-density-half,baseline,3,263.170431
u64,sip,1024,iter-density-half,quick_cache,3,228.171913
u64,sip,1024,iter-density-half,hashlink,4,661.284111
u64,sip,1024,iter-density-half,micro,4,270.099946
u64,sip,1024,iter-density-half,baseline,4,268.381696
u64,sip,1024,iter-density-half,quick_cache,4,228.702973
u64,sip,1024,iter-density-half,lru,4,602.680889
u64,sip,1024,iter-front,micro,0,247.498846
u64,sip,1024,iter-front,baseline,0,256.784409
u64,sip,1024,iter-front,quick_cache,0,166.694383
u64,sip,1024,iter-front,lru,0,1.214158
u64,sip,1024,iter-front,hashlink,0,1.155382
u64,sip,1024,iter-front,baseline,1,267.516916
u64,sip,1024,iter-front,quick_cache,1,166.833463
u64,sip,1024,iter-front,lru,1,1.192126
u64,sip,1024,iter-front,hashlink,1,1.171158
u64,sip,1024,iter-front,micro,1,264.484331
u64,sip,1024,iter-front,quick_cache,2,164.902351
u64,sip,1024,iter-front,lru,2,1.187130
u64,sip,1024,iter-front,hashlink,2,1.171597
u64,sip,1024,iter-front,micro,2,265.407927
u64,sip,1024,iter-front,baseline,2,264.209155
u64,sip,1024,iter-front,lru,3,1.200492
u64,sip,1024,iter-front,hashlink,3,1.144200
u64,sip,1024,iter-front,micro,3,265.113789
u64,sip,1024,iter-front,baseline,3,266.449929
u64,sip,1024,iter-front,quick_cache,3,167.706027
u64,sip,1024,iter-front,hashlink,4,1.150335
u64,sip,1024,iter-front,micro,4,270.002694
u64,sip,1024,iter-front,baseline,4,264.374208
u64,sip,1024,iter-front,quick_cache,4,168.590552
u64,sip,1024,iter-front,lru,4,1.203559
u64,sip,1024,iter-back,micro,0,268.232857
u64,sip,1024,iter-back,baseline,0,266.975231
u64,sip,1024,iter-back,quick_cache,0,166.763821
u64,sip,1024,iter-back,lru,0,1.203760
u64,sip,1024,iter-back,hashlink,0,1.156651
u64,sip,1024,iter-back,baseline,1,268.139911
u64,sip,1024,iter-back,quick_cache,1,168.319401
u64,sip,1024,iter-back,lru,1,1.192627
u64,sip,1024,iter-back,hashlink,1,1.153335
u64,sip,1024,iter-back,micro,1,264.300968
u64,sip,1024,iter-back,quick_cache,2,168.811826
u64,sip,1024,iter-back,lru,2,1.192066
u64,sip,1024,iter-back,hashlink,2,1.152768
u64,sip,1024,iter-back,micro,2,267.691328
u64,sip,1024,iter-back,baseline,2,268.717944
u64,sip,1024,iter-back,lru,3,1.178667
u64,sip,1024,iter-back,hashlink,3,1.152598
u64,sip,1024,iter-back,micro,3,265.018097
u64,sip,1024,iter-back,baseline,3,264.807130
u64,sip,1024,iter-back,quick_cache,3,165.833922
u64,sip,1024,iter-back,hashlink,4,1.183144
u64,sip,1024,iter-back,micro,4,265.599150
u64,sip,1024,iter-back,baseline,4,264.491637
u64,sip,1024,iter-back,quick_cache,4,167.295622
u64,sip,1024,iter-back,lru,4,1.194389
u64,sip,1024,iter-empty,micro,0,271.077944
u64,sip,1024,iter-empty,baseline,0,268.035714
u64,sip,1024,iter-empty,quick_cache,0,167.721825
u64,sip,1024,iter-empty,lru,0,0.993451
u64,sip,1024,iter-empty,hashlink,0,1.001239
u64,sip,1024,iter-empty,baseline,1,264.278873
u64,sip,1024,iter-empty,quick_cache,1,164.778779
u64,sip,1024,iter-empty,lru,1,1.003790
u64,sip,1024,iter-empty,hashlink,1,1.012168
u64,sip,1024,iter-empty,micro,1,269.064918
u64,sip,1024,iter-empty,quick_cache,2,166.828848
u64,sip,1024,iter-empty,lru,2,0.993104
u64,sip,1024,iter-empty,hashlink,2,1.001742
u64,sip,1024,iter-empty,micro,2,266.679244
u64,sip,1024,iter-empty,baseline,2,265.183616
u64,sip,1024,iter-empty,lru,3,0.997807
u64,sip,1024,iter-empty,hashlink,3,1.002567
u64,sip,1024,iter-empty,micro,3,265.452154
u64,sip,1024,iter-empty,baseline,3,265.220427
u64,sip,1024,iter-empty,quick_cache,3,165.440366
u64,sip,1024,iter-empty,hashlink,4,1.008574
u64,sip,1024,iter-empty,micro,4,265.728311
u64,sip,1024,iter-empty,baseline,4,263.638957
u64,sip,1024,iter-empty,quick_cache,4,165.151408
u64,sip,1024,iter-empty,lru,4,0.994031
u64,sip,1024,iter-count,micro,0,265.758767
u64,sip,1024,iter-count,baseline,0,262.409635
u64,sip,1024,iter-count,quick_cache,0,513.310971
u64,sip,1024,iter-count,lru,0,0.399467
u64,sip,1024,iter-count,hashlink,0,0.402679
u64,sip,1024,iter-count,baseline,1,260.912153
u64,sip,1024,iter-count,quick_cache,1,494.723796
u64,sip,1024,iter-count,lru,1,0.398719
u64,sip,1024,iter-count,hashlink,1,0.400696
u64,sip,1024,iter-count,micro,1,265.013802
u64,sip,1024,iter-count,quick_cache,2,503.370605
u64,sip,1024,iter-count,lru,2,0.404597
u64,sip,1024,iter-count,hashlink,2,0.399426
u64,sip,1024,iter-count,micro,2,256.411345
u64,sip,1024,iter-count,baseline,2,240.702726
u64,sip,1024,iter-count,lru,3,0.390539
u64,sip,1024,iter-count,hashlink,3,0.392317
u64,sip,1024,iter-count,micro,3,255.017238
u64,sip,1024,iter-count,baseline,3,248.135010
u64,sip,1024,iter-count,quick_cache,3,470.442656
u64,sip,1024,iter-count,hashlink,4,0.394117
u64,sip,1024,iter-count,micro,4,253.920130
u64,sip,1024,iter-count,baseline,4,250.692570
u64,sip,1024,iter-count,quick_cache,4,471.237031
u64,sip,1024,iter-count,lru,4,0.393128
u64,sip,16384,get-hit,micro,0,7.242240
u64,sip,16384,get-hit,baseline,0,7.264182
u64,sip,16384,get-hit,quick_cache,0,7.742564
u64,sip,16384,get-hit,lru,0,8.458571
u64,sip,16384,get-hit,hashlink,0,8.092906
u64,sip,16384,get-hit,baseline,1,7.424214
u64,sip,16384,get-hit,quick_cache,1,7.713743
u64,sip,16384,get-hit,lru,1,8.287782
u64,sip,16384,get-hit,hashlink,1,8.149211
u64,sip,16384,get-hit,micro,1,7.345581
u64,sip,16384,get-hit,quick_cache,2,7.730909
u64,sip,16384,get-hit,lru,2,8.360196
u64,sip,16384,get-hit,hashlink,2,8.115131
u64,sip,16384,get-hit,micro,2,7.261788
u64,sip,16384,get-hit,baseline,2,7.307864
u64,sip,16384,get-hit,lru,3,8.256700
u64,sip,16384,get-hit,hashlink,3,8.112700
u64,sip,16384,get-hit,micro,3,7.269268
u64,sip,16384,get-hit,baseline,3,7.283629
u64,sip,16384,get-hit,quick_cache,3,7.647728
u64,sip,16384,get-hit,hashlink,4,8.030435
u64,sip,16384,get-hit,micro,4,7.242637
u64,sip,16384,get-hit,baseline,4,7.321327
u64,sip,16384,get-hit,quick_cache,4,7.502965
u64,sip,16384,get-hit,lru,4,8.369676
u64,sip,16384,get-miss,micro,0,5.182973
u64,sip,16384,get-miss,baseline,0,5.288914
u64,sip,16384,get-miss,quick_cache,0,5.119466
u64,sip,16384,get-miss,lru,0,5.344040
u64,sip,16384,get-miss,hashlink,0,5.048360
u64,sip,16384,get-miss,baseline,1,5.110918
u64,sip,16384,get-miss,quick_cache,1,5.117345
u64,sip,16384,get-miss,lru,1,5.401687
u64,sip,16384,get-miss,hashlink,1,5.136208
u64,sip,16384,get-miss,micro,1,5.169650
u64,sip,16384,get-miss,quick_cache,2,5.095869
u64,sip,16384,get-miss,lru,2,5.333869
u64,sip,16384,get-miss,hashlink,2,5.151749
u64,sip,16384,get-miss,micro,2,5.249749
u64,sip,16384,get-miss,baseline,2,5.253746
u64,sip,16384,get-miss,lru,3,5.319789
u64,sip,16384,get-miss,hashlink,3,5.064107
u64,sip,16384,get-miss,micro,3,5.137054
u64,sip,16384,get-miss,baseline,3,5.217646
u64,sip,16384,get-miss,quick_cache,3,5.179679
u64,sip,16384,get-miss,hashlink,4,5.045852
u64,sip,16384,get-miss,micro,4,5.126458
u64,sip,16384,get-miss,baseline,4,5.218863
u64,sip,16384,get-miss,quick_cache,4,5.266244
u64,sip,16384,get-miss,lru,4,5.491267
u64,sip,16384,update,micro,0,7.217407
u64,sip,16384,update,baseline,0,7.123019
u64,sip,16384,update,quick_cache,0,12.581718
u64,sip,16384,update,lru,0,7.636070
u64,sip,16384,update,hashlink,0,21.219042
u64,sip,16384,update,baseline,1,7.325439
u64,sip,16384,update,quick_cache,1,13.482954
u64,sip,16384,update,lru,1,7.971831
u64,sip,16384,update,hashlink,1,21.280077
u64,sip,16384,update,micro,1,7.414958
u64,sip,16384,update,quick_cache,2,12.702329
u64,sip,16384,update,lru,2,7.710988
u64,sip,16384,update,hashlink,2,22.145888
u64,sip,16384,update,micro,2,7.221196
u64,sip,16384,update,baseline,2,7.259694
u64,sip,16384,update,lru,3,7.941822
u64,sip,16384,update,hashlink,3,22.188074
u64,sip,16384,update,micro,3,7.224490
u64,sip,16384,update,baseline,3,7.303275
u64,sip,16384,update,quick_cache,3,12.506950
u64,sip,16384,update,hashlink,4,17.560552
u64,sip,16384,update,micro,4,7.316839
u64,sip,16384,update,baseline,4,7.422688
u64,sip,16384,update,quick_cache,4,13.259705
u64,sip,16384,update,lru,4,7.739703
u64,sip,16384,insert-cycle,micro,0,31.408518
u64,sip,16384,insert-cycle,baseline,0,31.352570
u64,sip,16384,insert-cycle,quick_cache,0,20.279181
u64,sip,16384,insert-cycle,lru,0,41.502635
u64,sip,16384,insert-cycle,hashlink,0,51.512405
u64,sip,16384,insert-cycle,baseline,1,31.568319
u64,sip,16384,insert-cycle,quick_cache,1,20.530188
u64,sip,16384,insert-cycle,lru,1,40.879995
u64,sip,16384,insert-cycle,hashlink,1,48.770279
u64,sip,16384,insert-cycle,micro,1,31.510244
u64,sip,16384,insert-cycle,quick_cache,2,20.122021
u64,sip,16384,insert-cycle,lru,2,39.995412
u64,sip,16384,insert-cycle,hashlink,2,50.832748
u64,sip,16384,insert-cycle,micro,2,31.945974
u64,sip,16384,insert-cycle,baseline,2,32.107035
u64,sip,16384,insert-cycle,lru,3,41.111410
u64,sip,16384,insert-cycle,hashlink,3,48.736572
u64,sip,16384,insert-cycle,micro,3,31.828135
u64,sip,16384,insert-cycle,baseline,3,31.304677
u64,sip,16384,insert-cycle,quick_cache,3,20.282233
u64,sip,16384,insert-cycle,hashlink,4,50.189972
u64,sip,16384,insert-cycle,micro,4,31.762441
u64,sip,16384,insert-cycle,baseline,4,31.219055
u64,sip,16384,insert-cycle,quick_cache,4,20.398456
u64,sip,16384,insert-cycle,lru,4,40.315847
u64,sip,16384,mixed-95,micro,0,23.089528
u64,sip,16384,mixed-95,baseline,0,24.518867
u64,sip,16384,mixed-95,quick_cache,0,12.559772
u64,sip,16384,mixed-95,lru,0,24.602830
u64,sip,16384,mixed-95,hashlink,0,17.547905
u64,sip,16384,mixed-95,baseline,1,24.855137
u64,sip,16384,mixed-95,quick_cache,1,12.826085
u64,sip,16384,mixed-95,lru,1,24.366796
u64,sip,16384,mixed-95,hashlink,1,17.892043
u64,sip,16384,mixed-95,micro,1,24.548491
u64,sip,16384,mixed-95,quick_cache,2,12.371242
u64,sip,16384,mixed-95,lru,2,22.321761
u64,sip,16384,mixed-95,hashlink,2,16.282400
u64,sip,16384,mixed-95,micro,2,23.387869
u64,sip,16384,mixed-95,baseline,2,24.257143
u64,sip,16384,mixed-95,lru,3,24.457296
u64,sip,16384,mixed-95,hashlink,3,17.584602
u64,sip,16384,mixed-95,micro,3,24.600744
u64,sip,16384,mixed-95,baseline,3,23.126245
u64,sip,16384,mixed-95,quick_cache,3,11.727194
u64,sip,16384,mixed-95,hashlink,4,15.899936
u64,sip,16384,mixed-95,micro,4,23.017725
u64,sip,16384,mixed-95,baseline,4,23.403247
u64,sip,16384,mixed-95,quick_cache,4,11.736512
u64,sip,16384,mixed-95,lru,4,22.338788
u64,sip,16384,load-hit,micro,0,22.731108
u64,sip,16384,load-hit,baseline,0,20.821750
u64,sip,16384,load-hit,quick_cache,0,12.370809
u64,sip,16384,load-hit,lru,0,8.185381
u64,sip,16384,load-hit,hashlink,0,7.856869
u64,sip,16384,load-hit,baseline,1,20.736410
u64,sip,16384,load-hit,quick_cache,1,12.242464
u64,sip,16384,load-hit,lru,1,8.123203
u64,sip,16384,load-hit,hashlink,1,8.026012
u64,sip,16384,load-hit,micro,1,27.198792
u64,sip,16384,load-hit,quick_cache,2,19.972736
u64,sip,16384,load-hit,lru,2,10.890435
u64,sip,16384,load-hit,hashlink,2,8.249013
u64,sip,16384,load-hit,micro,2,23.640633
u64,sip,16384,load-hit,baseline,2,24.306931
u64,sip,16384,load-hit,lru,3,8.297390
u64,sip,16384,load-hit,hashlink,3,7.822671
u64,sip,16384,load-hit,micro,3,21.496243
u64,sip,16384,load-hit,baseline,3,21.998384
u64,sip,16384,load-hit,quick_cache,3,12.864035
u64,sip,16384,load-hit,hashlink,4,8.906651
u64,sip,16384,load-hit,micro,4,18.600464
u64,sip,16384,load-hit,baseline,4,19.538214
u64,sip,16384,load-hit,quick_cache,4,13.368513
u64,sip,16384,load-hit,lru,4,7.746801
u64,sip,16384,load-cycle,micro,0,38.110952
u64,sip,16384,load-cycle,baseline,0,38.520386
u64,sip,16384,load-cycle,quick_cache,0,21.355688
u64,sip,16384,load-cycle,lru,0,40.858368
u64,sip,16384,load-cycle,hashlink,0,53.060532
u64,sip,16384,load-cycle,baseline,1,38.898041
u64,sip,16384,load-cycle,quick_cache,1,21.035260
u64,sip,16384,load-cycle,lru,1,40.416718
u64,sip,16384,load-cycle,hashlink,1,52.660629
u64,sip,16384,load-cycle,micro,1,37.785848
u64,sip,16384,load-cycle,quick_cache,2,21.031696
u64,sip,16384,load-cycle,lru,2,40.850749
u64,sip,16384,load-cycle,hashlink,2,50.231293
u64,sip,16384,load-cycle,micro,2,37.788808
u64,sip,16384,load-cycle,baseline,2,38.241069
u64,sip,16384,load-cycle,lru,3,39.827983
u64,sip,16384,load-cycle,hashlink,3,52.387863
u64,sip,16384,load-cycle,micro,3,37.817210
u64,sip,16384,load-cycle,baseline,3,38.737396
u64,sip,16384,load-cycle,quick_cache,3,21.361542
u64,sip,16384,load-cycle,hashlink,4,53.417206
u64,sip,16384,load-cycle,micro,4,38.300415
u64,sip,16384,load-cycle,baseline,4,38.684418
u64,sip,16384,load-cycle,quick_cache,4,21.499890
u64,sip,16384,load-cycle,lru,4,40.897797
u64,sip,16384,clear-refill,micro,0,163364.052632
u64,sip,16384,clear-refill,baseline,0,231955.076923
u64,sip,16384,clear-refill,quick_cache,0,237592.923077
u64,sip,16384,clear-refill,lru,0,816375.000000
u64,sip,16384,clear-refill,hashlink,0,436505.857143
u64,sip,16384,clear-refill,baseline,1,205097.200000
u64,sip,16384,clear-refill,quick_cache,1,237996.846154
u64,sip,16384,clear-refill,lru,1,808062.500000
u64,sip,16384,clear-refill,hashlink,1,421823.000000
u64,sip,16384,clear-refill,micro,1,163826.736842
u64,sip,16384,clear-refill,quick_cache,2,229455.357143
u64,sip,16384,clear-refill,lru,2,818041.750000
u64,sip,16384,clear-refill,hashlink,2,428964.285714
u64,sip,16384,clear-refill,micro,2,199752.562500
u64,sip,16384,clear-refill,baseline,2,235323.692308
u64,sip,16384,clear-refill,lru,3,796260.500000
u64,sip,16384,clear-refill,hashlink,3,415578.125000
u64,sip,16384,clear-refill,micro,3,222389.857143
u64,sip,16384,clear-refill,baseline,3,229818.500000
u64,sip,16384,clear-refill,quick_cache,3,239512.846154
u64,sip,16384,clear-refill,hashlink,4,424765.625000
u64,sip,16384,clear-refill,micro,4,163660.052632
u64,sip,16384,clear-refill,baseline,4,188252.470588
u64,sip,16384,clear-refill,quick_cache,4,239336.538462
u64,sip,16384,clear-refill,lru,4,834989.500000
u64,sip,16384,clear-empty,micro,0,358.497159
u64,sip,16384,clear-empty,baseline,0,329.024740
u64,sip,16384,clear-empty,quick_cache,0,1.771299
u64,sip,16384,clear-empty,lru,0,0.586578
u64,sip,16384,clear-empty,hashlink,0,0.604059
u64,sip,16384,clear-empty,baseline,1,317.616026
u64,sip,16384,clear-empty,quick_cache,1,1.779541
u64,sip,16384,clear-empty,lru,1,0.578569
u64,sip,16384,clear-empty,hashlink,1,0.608735
u64,sip,16384,clear-empty,micro,1,367.833496
u64,sip,16384,clear-empty,quick_cache,2,1.801876
u64,sip,16384,clear-empty,lru,2,0.591843
u64,sip,16384,clear-empty,hashlink,2,0.610034
u64,sip,16384,clear-empty,micro,2,327.650282
u64,sip,16384,clear-empty,baseline,2,340.299554
u64,sip,16384,clear-empty,lru,3,0.587465
u64,sip,16384,clear-empty,hashlink,3,0.598003
u64,sip,16384,clear-empty,micro,3,321.526605
u64,sip,16384,clear-empty,baseline,3,322.393264
u64,sip,16384,clear-empty,quick_cache,3,1.801649
u64,sip,16384,clear-empty,hashlink,4,0.608933
u64,sip,16384,clear-empty,micro,4,321.350718
u64,sip,16384,clear-empty,baseline,4,331.099935
u64,sip,16384,clear-empty,quick_cache,4,1.820989
u64,sip,16384,clear-empty,lru,4,0.586834
u64,sip,16384,iter-dense,micro,0,4593.191964
u64,sip,16384,iter-dense,baseline,0,4602.925595
u64,sip,16384,iter-dense,quick_cache,0,5213.904514
u64,sip,16384,iter-dense,lru,0,23275.518750
u64,sip,16384,iter-dense,hashlink,0,23738.025000
u64,sip,16384,iter-dense,baseline,1,4593.998512
u64,sip,16384,iter-dense,quick_cache,1,5383.463542
u64,sip,16384,iter-dense,lru,1,23380.212500
u64,sip,16384,iter-dense,hashlink,1,23443.359375
u64,sip,16384,iter-dense,micro,1,4684.958333
u64,sip,16384,iter-dense,quick_cache,2,5396.050347
u64,sip,16384,iter-dense,lru,2,24718.429688
u64,sip,16384,iter-dense,hashlink,2,24971.351562
u64,sip,16384,iter-dense,micro,2,4620.660714
u64,sip,16384,iter-dense,baseline,2,4654.824405
u64,sip,16384,iter-dense,lru,3,23940.429688
u64,sip,16384,iter-dense,hashlink,3,22944.793750
u64,sip,16384,iter-dense,micro,3,4720.507812
u64,sip,16384,iter-dense,baseline,3,4788.151563
u64,sip,16384,iter-dense,quick_cache,3,5308.232639
u64,sip,16384,iter-dense,hashlink,4,24090.171875
u64,sip,16384,iter-dense,micro,4,4732.942187
u64,sip,16384,iter-dense,baseline,4,4744.075000
u64,sip,16384,iter-dense,quick_cache,4,5194.148026
u64,sip,16384,iter-dense,lru,4,21673.962500
u64,sip,16384,iter-dense-for,micro,0,4551.215774
u64,sip,16384,iter-dense-for,baseline,0,4644.717262
u64,sip,16384,iter-dense-for,quick_cache,0,5402.994792
u64,sip,16384,iter-dense-for,lru,0,16692.927083
u64,sip,16384,iter-dense-for,hashlink,0,17797.088542
u64,sip,16384,iter-dense-for,baseline,1,4590.773810
u64,sip,16384,iter-dense-for,quick_cache,1,5413.338542
u64,sip,16384,iter-dense-for,lru,1,16682.072917
u64,sip,16384,iter-dense-for,hashlink,1,17446.828125
u64,sip,16384,iter-dense-for,micro,1,4586.806548
u64,sip,16384,iter-dense-for,quick_cache,2,5332.755208
u64,sip,16384,iter-dense-for,lru,2,16112.848958
u64,sip,16384,iter-dense-for,hashlink,2,20074.218750
u64,sip,16384,iter-dense-for,micro,2,4766.731250
u64,sip,16384,iter-dense-for,baseline,2,4763.737500
u64,sip,16384,iter-dense-for,lru,3,15664.932292
u64,sip,16384,iter-dense-for,hashlink,3,18065.104167
u64,sip,16384,iter-dense-for,micro,3,4690.300000
u64,sip,16384,iter-dense-for,baseline,3,4735.156250
u64,sip,16384,iter-dense-for,quick_cache,3,5333.043403
u64,sip,16384,iter-dense-for,hashlink,4,17206.593750
u64,sip,16384,iter-dense-for,micro,4,4604.352679
u64,sip,16384,iter-dense-for,baseline,4,4659.846726
u64,sip,16384,iter-dense-for,quick_cache,4,5396.701389
u64,sip,16384,iter-dense-for,lru,4,17656.682292
u64,sip,16384,iter-density-1pct,micro,0,5086.281250
u64,sip,16384,iter-density-1pct,baseline,0,5100.123355
u64,sip,16384,iter-density-1pct,quick_cache,0,4967.036184
u64,sip,16384,iter-density-1pct,lru,0,184.476302
u64,sip,16384,iter-density-1pct,hashlink,0,181.095198
u64,sip,16384,iter-density-1pct,baseline,1,4993.763158
u64,sip,16384,iter-density-1pct,quick_cache,1,4880.729688
u64,sip,16384,iter-density-1pct,lru,1,176.965389
u64,sip,16384,iter-density-1pct,hashlink,1,180.376082
u64,sip,16384,iter-density-1pct,micro,1,5242.187500
u64,sip,16384,iter-density-1pct,quick_cache,2,4951.480263
u64,sip,16384,iter-density-1pct,lru,2,182.441148
u64,sip,16384,iter-density-1pct,hashlink,2,179.086176
u64,sip,16384,iter-density-1pct,micro,2,5160.842105
u64,sip,16384,iter-density-1pct,baseline,2,5175.712171
u64,sip,16384,iter-density-1pct,lru,3,182.555143
u64,sip,16384,iter-density-1pct,hashlink,3,180.331010
u64,sip,16384,iter-density-1pct,micro,3,5144.942434
u64,sip,16384,iter-density-1pct,baseline,3,5214.480903
u64,sip,16384,iter-density-1pct,quick_cache,3,5005.139803
u64,sip,16384,iter-density-1pct,hashlink,4,188.883300
u64,sip,16384,iter-density-1pct,micro,4,5139.391447
u64,sip,16384,iter-density-1pct,baseline,4,5165.434211
u64,sip,16384,iter-density-1pct,quick_cache,4,4932.160937
u64,sip,16384,iter-density-1pct,lru,4,182.380158
u64,sip,16384,iter-density-6pct,micro,0,4801.237500
u64,sip,16384,iter-density-6pct,baseline,0,4784.960938
u64,sip,16384,iter-density-6pct,quick_cache,0,4688.542188
u64,sip,16384,iter-density-6pct,lru,0,5634.113971
u64,sip,16384,iter-density-6pct,hashlink,0,4501.674107
u64,sip,16384,iter-density-6pct,baseline,1,4823.764063
u64,sip,16384,iter-density-6pct,quick_cache,1,4844.467188
u64,sip,16384,iter-density-6pct,lru,1,5657.321691
u64,sip,16384,iter-density-6pct,hashlink,1,4614.148810
u64,sip,16384,iter-density-6pct,micro,1,4771.809375
u64,sip,16384,iter-density-6pct,quick_cache,2,4863.020312
u64,sip,16384,iter-density-6pct,lru,2,5756.816176
u64,sip,16384,iter-density-6pct,hashlink,2,4879.817187
u64,sip,16384,iter-density-6pct,micro,2,4793.750000
u64,sip,16384,iter-density-6pct,baseline,2,4784.179688
u64,sip,16384,iter-density-6pct,lru,3,5811.503676
u64,sip,16384,iter-density-6pct,hashlink,3,4835.351562
u64,sip,16384,iter-density-6pct,micro,3,4801.171875
u64,sip,16384,iter-density-6pct,baseline,3,4799.218750
u64,sip,16384,iter-density-6pct,quick_cache,3,4774.087500
u64,sip,16384,iter-density-6pct,hashlink,4,5240.234375
u64,sip,16384,iter-density-6pct,micro,4,4796.159375
u64,sip,16384,iter-density-6pct,baseline,4,4800.651563
u64,sip,16384,iter-density-6pct,quick_cache,4,4819.790625
u64,sip,16384,iter-density-6pct,lru,4,5084.703947
u64,sip,16384,iter-density-quarter,micro,0,4202.615489
u64,sip,16384,iter-density-quarter,baseline,0,4266.039773
u64,sip,16384,iter-density-quarter,quick_cache,0,5115.200658
u64,sip,16384,iter-density-quarter,lru,0,8301.106771
u64,sip,16384,iter-density-quarter,hashlink,0,7204.520089
u64,sip,16384,iter-density-quarter,baseline,1,4203.408967
u64,sip,16384,iter-density-quarter,quick_cache,1,4882.356250
u64,sip,16384,iter-density-quarter,lru,1,7911.242188
u64,sip,16384,iter-density-quarter,hashlink,1,6854.444196
u64,sip,16384,iter-density-quarter,micro,1,4197.293478
u64,sip,16384,iter-density-quarter,quick_cache,2,5093.888158
u64,sip,16384,iter-density-quarter,lru,2,7958.768229
u64,sip,16384,iter-density-quarter,hashlink,2,7234.576923
u64,sip,16384,iter-density-quarter,micro,2,4272.194602
u64,sip,16384,iter-density-quarter,baseline,2,4200.237772
u64,sip,16384,iter-density-quarter,lru,3,8037.869792
u64,sip,16384,iter-density-quarter,hashlink,3,7079.799107
u64,sip,16384,iter-density-quarter,micro,3,4267.578125
u64,sip,16384,iter-density-quarter,baseline,3,4175.668478
u64,sip,16384,iter-density-quarter,quick_cache,3,4995.682566
u64,sip,16384,iter-density-quarter,hashlink,4,8000.760417
u64,sip,16384,iter-density-quarter,micro,4,4226.449728
u64,sip,16384,iter-density-quarter,baseline,4,4256.736413
u64,sip,16384,iter-density-quarter,quick_cache,4,5129.317434
u64,sip,16384,iter-density-quarter,lru,4,7702.223558
u64,sip,16384,iter-density-half,micro,0,4384.410511
u64,sip,16384,iter-density-half,baseline,0,4423.058239
u64,sip,16384,iter-density-half,quick_cache,0,5049.958882
u64,sip,16384,iter-density-half,lru,0,16964.192708
u64,sip,16384,iter-density-half,hashlink,0,14607.142857
u64,sip,16384,iter-density-half,baseline,1,4315.636364
u64,sip,16384,iter-density-half,quick_cache,1,5001.166118
u64,sip,16384,iter-density-half,lru,1,17052.953125
u64,sip,16384,iter-density-half,hashlink,1,17191.838542
u64,sip,16384,iter-density-half,micro,1,4367.305398
u64,sip,16384,iter-density-half,quick_cache,2,5068.942434
u64,sip,16384,iter-density-half,lru,2,16554.036458
u64,sip,16384,iter-density-half,hashlink,2,14489.209821
u64,sip,16384,iter-density-half,micro,2,4326.113636
u64,sip,16384,iter-density-half,baseline,2,4306.463068
u64,sip,16384,iter-density-half,lru,3,16781.250000
u64,sip,16384,iter-density-half,hashlink,3,15083.330357
u64,sip,16384,iter-density-half,micro,3,4321.674716
u64,sip,16384,iter-density-half,baseline,3,4386.068182
u64,sip,16384,iter-density-half,quick_cache,3,5186.541118
u64,sip,16384,iter-density-half,hashlink,4,16352.213542
u64,sip,16384,iter-density-half,micro,4,4308.889205
u64,sip,16384,iter-density-half,baseline,4,4371.745739
u64,sip,16384,iter-density-half,quick_cache,4,4887.826563
u64,sip,16384,iter-density-half,lru,4,15997.828125
u64,sip,16384,iter-front,micro,0,4115.998641
u64,sip,16384,iter-front,baseline,0,4138.869565
u64,sip,16384,iter-front,quick_cache,0,4937.638158
u64,sip,16384,iter-front,lru,0,1.199570
u64,sip,16384,iter-front,hashlink,0,1.174635
u64,sip,16384,iter-front,baseline,1,4229.789402
u64,sip,16384,iter-front,quick_cache,1,5026.863487
u64,sip,16384,iter-front,lru,1,1.194176
u64,sip,16384,iter-front,hashlink,1,1.150010
u64,sip,16384,iter-front,micro,1,4193.048913
u64,sip,16384,iter-front,quick_cache,2,5105.330592
u64,sip,16384,iter-front,lru,2,1.199340
u64,sip,16384,iter-front,hashlink,2,1.171128
u64,sip,16384,iter-front,micro,2,4197.067935
u64,sip,16384,iter-front,baseline,2,4230.524457
u64,sip,16384,iter-front,lru,3,1.201292
u64,sip,16384,iter-front,hashlink,3,1.189374
u64,sip,16384,iter-front,micro,3,4142.945652
u64,sip,16384,iter-front,baseline,3,4146.115489
u64,sip,16384,iter-front,quick_cache,3,5142.200658
u64,sip,16384,iter-front,hashlink,4,1.175829
u64,sip,16384,iter-front,micro,4,4137.228261
u64,sip,16384,iter-front,baseline,4,4141.531250
u64,sip,16384,iter-front,quick_cache,4,5069.009868
u64,sip,16384,iter-front,lru,4,1.183608
u64,sip,16384,iter-back,micro,0,4182.800272
u64,sip,16384,iter-back,baseline,0,4191.179348
u64,sip,16384,iter-back,quick_cache,0,5151.657895
u64,sip,16384,iter-back,lru,0,1.194283
u64,sip,16384,iter-back,hashlink,0,1.178949
u64,sip,16384,iter-back,baseline,1,4191.349185
u64,sip,16384,iter-back,quick_cache,1,5125.616776
u64,sip,16384,iter-back,lru,1,1.201322
u64,sip,16384,iter-back,hashlink,1,1.150914
u64,sip,16384,iter-back,micro,1,4194.350543
u64,sip,16384,iter-back,quick_cache,2,5126.644737
u64,sip,16384,iter-back,lru,2,1.198864
u64,sip,16384,iter-back,hashlink,2,1.163339
u64,sip,16384,iter-back,micro,2,4189.934783
u64,sip,16384,iter-back,baseline,2,4133.322011
u64,sip,16384,iter-back,lru,3,1.194633
u64,sip,16384,iter-back,hashlink,3,1.181728
u64,sip,16384,iter-back,micro,3,4197.293478
u64,sip,16384,iter-back,baseline,3,4196.841033
u64,sip,16384,iter-back,quick_cache,3,5139.116776
u64,sip,16384,iter-back,hashlink,4,1.150674
u64,sip,16384,iter-back,micro,4,4191.066576
u64,sip,16384,iter-back,baseline,4,4183.990489
u64,sip,16384,iter-back,quick_cache,4,5088.610197
u64,sip,16384,iter-back,lru,4,1.200768
u64,sip,16384,iter-empty,micro,0,4157.381793
u64,sip,16384,iter-empty,baseline,0,4124.490489
u64,sip,16384,iter-empty,quick_cache,0,5099.712171
u64,sip,16384,iter-empty,lru,0,0.995424
u64,sip,16384,iter-empty,hashlink,0,1.012649
u64,sip,16384,iter-empty,baseline,1,4211.447011
u64,sip,16384,iter-empty,quick_cache,1,4808.464063
u64,sip,16384,iter-empty,lru,1,0.980054
u64,sip,16384,iter-empty,hashlink,1,1.017971
u64,sip,16384,iter-empty,micro,1,4274.147727
u64,sip,16384,iter-empty,quick_cache,2,5153.782895
u64,sip,16384,iter-empty,lru,2,0.997977
u64,sip,16384,iter-empty,hashlink,2,0.995952
u64,sip,16384,iter-empty,micro,2,4153.986413
u64,sip,16384,iter-empty,baseline,2,4129.528533
u64,sip,16384,iter-empty,lru,3,1.001143
u64,sip,16384,iter-empty,hashlink,3,1.009030
u64,sip,16384,iter-empty,micro,3,4064.345052
u64,sip,16384,iter-empty,baseline,3,4073.296875
u64,sip,16384,iter-empty,quick_cache,3,5086.485197
u64,sip,16384,iter-empty,hashlink,4,1.012299
u64,sip,16384,iter-empty,micro,4,4061.794271
u64,sip,16384,iter-empty,baseline,4,4052.408854
u64,sip,16384,iter-empty,quick_cache,4,5024.396382
u64,sip,16384,iter-empty,lru,4,0.985204
u64,sip,16384,iter-count,micro,0,4131.781250
u64,sip,16384,iter-count,baseline,0,4133.897135
u64,sip,16384,iter-count,quick_cache,0,7987.628906
u64,sip,16384,iter-count,lru,0,0.396238
u64,sip,16384,iter-count,hashlink,0,0.401754
u64,sip,16384,iter-count,baseline,1,4178.927083
u64,sip,16384,iter-count,quick_cache,1,7947.429687
u64,sip,16384,iter-count,lru,1,0.398115
u64,sip,16384,iter-count,hashlink,1,0.399330
u64,sip,16384,iter-count,micro,1,4103.027344
u64,sip,16384,iter-count,quick_cache,2,7967.285156
u64,sip,16384,iter-count,lru,2,0.395674
u64,sip,16384,iter-count,hashlink,2,0.400269
u64,sip,16384,iter-count,micro,2,4169.108073
u64,sip,16384,iter-count,baseline,2,4119.846354
u64,sip,16384,iter-count,lru,3,0.395936
u64,sip,16384,iter-count,hashlink,3,0.397426
u64,sip,16384,iter-count,micro,3,4184.190104
u64,sip,16384,iter-count,baseline,3,4187.391927
u64,sip,16384,iter-count,quick_cache,3,8028.890625
u64,sip,16384,iter-count,hashlink,4,0.395236
u64,sip,16384,iter-count,micro,4,4161.566406
u64,sip,16384,iter-count,baseline,4,4212.674479
u64,sip,16384,iter-count,quick_cache,4,8000.488281
u64,sip,16384,iter-count,lru,4,0.398955
u64,ahash,128,get-hit,micro,0,2.143428
u64,ahash,128,get-hit,baseline,0,2.143815
u64,ahash,128,get-hit,quick_cache,0,2.265334
u64,ahash,128,get-hit,lru,0,3.718675
u64,ahash,128,get-hit,hashlink,0,3.574951
u64,ahash,128,get-hit,baseline,1,2.136704
u64,ahash,128,get-hit,quick_cache,1,2.258176
u64,ahash,128,get-hit,lru,1,3.759683
u64,ahash,128,get-hit,hashlink,1,3.533535
u64,ahash,128,get-hit,micro,1,2.121971
u64,ahash,128,get-hit,quick_cache,2,2.253527
u64,ahash,128,get-hit,lru,2,3.760616
u64,ahash,128,get-hit,hashlink,2,3.542288
u64,ahash,128,get-hit,micro,2,2.117796
u64,ahash,128,get-hit,baseline,2,2.123118
u64,ahash,128,get-hit,lru,3,3.707372
u64,ahash,128,get-hit,hashlink,3,3.530649
u64,ahash,128,get-hit,micro,3,2.111939
u64,ahash,128,get-hit,baseline,3,2.111472
u64,ahash,128,get-hit,quick_cache,3,2.238762
u64,ahash,128,get-hit,hashlink,4,3.574754
u64,ahash,128,get-hit,micro,4,2.146849
u64,ahash,128,get-hit,baseline,4,2.165073
u64,ahash,128,get-hit,quick_cache,4,2.288028
u64,ahash,128,get-hit,lru,4,3.767156
u64,ahash,128,get-miss,micro,0,1.739430
u64,ahash,128,get-miss,baseline,0,1.759725
u64,ahash,128,get-miss,quick_cache,0,1.755661
u64,ahash,128,get-miss,lru,0,2.050815
u64,ahash,128,get-miss,hashlink,0,1.564253
u64,ahash,128,get-miss,baseline,1,1.768797
u64,ahash,128,get-miss,quick_cache,1,1.769823
u64,ahash,128,get-miss,lru,1,2.080310
u64,ahash,128,get-miss,hashlink,1,1.577091
u64,ahash,128,get-miss,micro,1,1.731825
u64,ahash,128,get-miss,quick_cache,2,1.756391
u64,ahash,128,get-miss,lru,2,2.080482
u64,ahash,128,get-miss,hashlink,2,1.571025
u64,ahash,128,get-miss,micro,2,1.751903
u64,ahash,128,get-miss,baseline,2,1.757438
u64,ahash,128,get-miss,lru,3,2.054510
u64,ahash,128,get-miss,hashlink,3,1.562414
u64,ahash,128,get-miss,micro,3,1.762806
u64,ahash,128,get-miss,baseline,3,1.782142
u64,ahash,128,get-miss,quick_cache,3,1.766963
u64,ahash,128,get-miss,hashlink,4,1.549207
u64,ahash,128,get-miss,micro,4,1.738779
u64,ahash,128,get-miss,baseline,4,1.749021
u64,ahash,128,get-miss,quick_cache,4,1.763564
u64,ahash,128,get-miss,lru,4,2.076459
u64,ahash,128,update,micro,0,2.201925
u64,ahash,128,update,baseline,0,2.077235
u64,ahash,128,update,quick_cache,0,3.467392
u64,ahash,128,update,lru,0,3.414813
u64,ahash,128,update,hashlink,0,4.036369
u64,ahash,128,update,baseline,1,2.099842
u64,ahash,128,update,quick_cache,1,3.516739
u64,ahash,128,update,lru,1,3.481499
u64,ahash,128,update,hashlink,1,4.042405
u64,ahash,128,update,micro,1,2.120795
u64,ahash,128,update,quick_cache,2,3.480012
u64,ahash,128,update,lru,2,3.467103
u64,ahash,128,update,hashlink,2,4.039667
u64,ahash,128,update,micro,2,2.108577
u64,ahash,128,update,baseline,2,2.057123
u64,ahash,128,update,lru,3,3.412976
u64,ahash,128,update,hashlink,3,3.993159
u64,ahash,128,update,micro,3,2.132534
u64,ahash,128,update,baseline,3,2.084761
u64,ahash,128,update,quick_cache,3,3.506373
u64,ahash,128,update,hashlink,4,4.057329
u64,ahash,128,update,micro,4,2.123324
u64,ahash,128,update,baseline,4,2.064394
u64,ahash,128,update,quick_cache,4,3.466432
u64,ahash,128,update,lru,4,3.417169
u64,ahash,128,insert-cycle,micro,0,10.771510
u64,ahash,128,insert-cycle,baseline,0,10.605939
u64,ahash,128,insert-cycle,quick_cache,0,8.290651
u64,ahash,128,insert-cycle,lru,0,16.486188
u64,ahash,128,insert-cycle,hashlink,0,16.900582
u64,ahash,128,insert-cycle,baseline,1,10.391993
u64,ahash,128,insert-cycle,quick_cache,1,8.032267
u64,ahash,128,insert-cycle,lru,1,16.457064
u64,ahash,128,insert-cycle,hashlink,1,16.621619
u64,ahash,128,insert-cycle,micro,1,10.567392
u64,ahash,128,insert-cycle,quick_cache,2,8.037776
u64,ahash,128,insert-cycle,lru,2,16.568001
u64,ahash,128,insert-cycle,hashlink,2,16.902226
u64,ahash,128,insert-cycle,micro,2,10.722531
u64,ahash,128,insert-cycle,baseline,2,10.546787
u64,ahash,128,insert-cycle,lru,3,16.889556
u64,ahash,128,insert-cycle,hashlink,3,16.614244
u64,ahash,128,insert-cycle,micro,3,10.499283
u64,ahash,128,insert-cycle,baseline,3,10.296920
u64,ahash,128,insert-cycle,quick_cache,3,8.027544
u64,ahash,128,insert-cycle,hashlink,4,16.627189
u64,ahash,128,insert-cycle,micro,4,10.548956
u64,ahash,128,insert-cycle,baseline,4,10.330483
u64,ahash,128,insert-cycle,quick_cache,4,8.024836
u64,ahash,128,insert-cycle,lru,4,16.616319
u64,ahash,128,mixed-95,micro,0,2.690772
u64,ahash,128,mixed-95,baseline,0,2.912323
u64,ahash,128,mixed-95,quick_cache,0,3.861944
u64,ahash,128,mixed-95,lru,0,3.205141
u64,ahash,128,mixed-95,hashlink,0,3.165324
u64,ahash,128,mixed-95,baseline,1,2.700448
u64,ahash,128,mixed-95,quick_cache,1,3.660738
u64,ahash,128,mixed-95,lru,1,3.179511
u64,ahash,128,mixed-95,hashlink,1,3.220558
u64,ahash,128,mixed-95,micro,1,2.674003
u64,ahash,128,mixed-95,quick_cache,2,3.750980
u64,ahash,128,mixed-95,lru,2,3.250698
u64,ahash,128,mixed-95,hashlink,2,3.109356
u64,ahash,128,mixed-95,micro,2,2.709945
u64,ahash,128,mixed-95,baseline,2,2.704561
u64,ahash,128,mixed-95,lru,3,3.206234
u64,ahash,128,mixed-95,hashlink,3,3.038883
u64,ahash,128,mixed-95,micro,3,2.688766
u64,ahash,128,mixed-95,baseline,3,2.653162
u64,ahash,128,mixed-95,quick_cache,3,3.731251
u64,ahash,128,mixed-95,hashlink,4,3.047446
u64,ahash,128,mixed-95,micro,4,2.854844
u64,ahash,128,mixed-95,baseline,4,2.716323
u64,ahash,128,mixed-95,quick_cache,4,3.662864
u64,ahash,128,mixed-95,lru,4,3.170391
u64,ahash,128,load-hit,micro,0,2.461035
u64,ahash,128,load-hit,baseline,0,2.540782
u64,ahash,128,load-hit,quick_cache,0,3.407938
u64,ahash,128,load-hit,lru,0,3.647254
u64,ahash,128,load-hit,hashlink,0,3.583297
u64,ahash,128,load-hit,baseline,1,2.729138
u64,ahash,128,load-hit,quick_cache,1,3.417827
u64,ahash,128,load-hit,lru,1,3.483850
u64,ahash,128,load-hit,hashlink,1,3.538913
u64,ahash,128,load-hit,micro,1,2.468920
u64,ahash,128,load-hit,quick_cache,2,3.427048
u64,ahash,128,load-hit,lru,2,3.502691
u64,ahash,128,load-hit,hashlink,2,3.546445
u64,ahash,128,load-hit,micro,2,2.457310
u64,ahash,128,load-hit,baseline,2,2.514913
u64,ahash,128,load-hit,lru,3,3.516739
u64,ahash,128,load-hit,hashlink,3,3.499978
u64,ahash,128,load-hit,micro,3,2.525873
u64,ahash,128,load-hit,baseline,3,2.566393
u64,ahash,128,load-hit,quick_cache,3,3.394185
u64,ahash,128,load-hit,hashlink,4,3.561470
u64,ahash,128,load-hit,micro,4,2.505867
u64,ahash,128,load-hit,baseline,4,2.526364
u64,ahash,128,load-hit,quick_cache,4,3.366453
u64,ahash,128,load-hit,lru,4,3.486826
u64,ahash,128,load-cycle,micro,0,10.688330
u64,ahash,128,load-cycle,baseline,0,11.474770
u64,ahash,128,load-cycle,quick_cache,0,8.692420
u64,ahash,128,load-cycle,lru,0,16.431734
u64,ahash,128,load-cycle,hashlink,0,19.230008
u64,ahash,128,load-cycle,baseline,1,11.342228
u64,ahash,128,load-cycle,quick_cache,1,8.351323
u64,ahash,128,load-cycle,lru,1,16.041360
u64,ahash,128,load-cycle,hashlink,1,18.936736
u64,ahash,128,load-cycle,micro,1,10.578400
u64,ahash,128,load-cycle,quick_cache,2,8.420747
u64,ahash,128,load-cycle,lru,2,16.010337
u64,ahash,128,load-cycle,hashlink,2,18.870265
u64,ahash,128,load-cycle,micro,2,10.733098
u64,ahash,128,load-cycle,baseline,2,11.407952
u64,ahash,128,load-cycle,lru,3,16.286442
u64,ahash,128,load-cycle,hashlink,3,19.210522
u64,ahash,128,load-cycle,micro,3,10.752939
u64,ahash,128,load-cycle,baseline,3,11.484413
u64,ahash,128,load-cycle,quick_cache,3,8.642133
u64,ahash,128,load-cycle,hashlink,4,19.143333
u64,ahash,128,load-cycle,micro,4,10.531317
u64,ahash,128,load-cycle,baseline,4,11.225949
u64,ahash,128,load-cycle,quick_cache,4,8.456031
u64,ahash,128,load-cycle,lru,4,15.879944
u64,ahash,128,clear-refill,micro,0,733.896037
u64,ahash,128,clear-refill,baseline,0,728.868108
u64,ahash,128,clear-refill,quick_cache,0,777.044030
u64,ahash,128,clear-refill,lru,0,3071.988741
u64,ahash,128,clear-refill,hashlink,0,1807.169175
u64,ahash,128,clear-refill,baseline,1,739.211136
u64,ahash,128,clear-refill,quick_cache,1,791.490636
u64,ahash,128,clear-refill,lru,1,3107.703934
u64,ahash,128,clear-refill,hashlink,1,1796.080192
u64,ahash,128,clear-refill,micro,1,721.243990
u64,ahash,128,clear-refill,quick_cache,2,783.914816
u64,ahash,128,clear-refill,lru,2,3070.509202
u64,ahash,128,clear-refill,hashlink,2,1803.034856
u64,ahash,128,clear-refill,micro,2,737.777723
u64,ahash,128,clear-refill,baseline,2,740.660824
u64,ahash,128,clear-refill,lru,3,3115.350987
u64,ahash,128,clear-refill,hashlink,3,1785.764286
u64,ahash,128,clear-refill,micro,3,725.574365
u64,ahash,128,clear-refill,baseline,3,730.511079
u64,ahash,128,clear-refill,quick_cache,3,790.382508
u64,ahash,128,clear-refill,hashlink,4,1828.585009
u64,ahash,128,clear-refill,micro,4,745.301540
u64,ahash,128,clear-refill,baseline,4,746.764559
u64,ahash,128,clear-refill,quick_cache,4,782.344720
u64,ahash,128,clear-refill,lru,4,3097.566563
u64,ahash,128,clear-empty,micro,0,49.475046
u64,ahash,128,clear-empty,baseline,0,49.418297
u64,ahash,128,clear-empty,quick_cache,0,1.811191
u64,ahash,128,clear-empty,lru,0,0.564487
u64,ahash,128,clear-empty,hashlink,0,0.604308
u64,ahash,128,clear-empty,baseline,1,48.817995
u64,ahash,128,clear-empty,quick_cache,1,1.805788
u64,ahash,128,clear-empty,lru,1,0.581807
u64,ahash,128,clear-empty,hashlink,1,0.610718
u64,ahash,128,clear-empty,micro,1,42.345329
u64,ahash,128,clear-empty,quick_cache,2,1.790141
u64,ahash,128,clear-empty,lru,2,0.561916
u64,ahash,128,clear-empty,hashlink,2,0.577762
u64,ahash,128,clear-empty,micro,2,49.028190
u64,ahash,128,clear-empty,baseline,2,48.907471
u64,ahash,128,clear-empty,lru,3,0.563293
u64,ahash,128,clear-empty,hashlink,3,0.595845
u64,ahash,128,clear-empty,micro,3,48.825434
u64,ahash,128,clear-empty,baseline,3,48.975960
u64,ahash,128,clear-empty,quick_cache,3,1.787659
u64,ahash,128,clear-empty,hashlink,4,0.608467
u64,ahash,128,clear-empty,micro,4,49.902344
u64,ahash,128,clear-empty,baseline,4,50.049186
u64,ahash,128,clear-empty,quick_cache,4,1.843432
u64,ahash,128,clear-empty,lru,4,0.696550
u64,ahash,128,iter-dense,micro,0,46.174268
u64,ahash,128,iter-dense,baseline,0,40.068550
u64,ahash,128,iter-dense,quick_cache,0,29.735649
u64,ahash,128,iter-dense,lru,0,146.895002
u64,ahash,128,iter-dense,hashlink,0,142.199337
u64,ahash,128,iter-dense,baseline,1,40.336022
u64,ahash,128,iter-dense,quick_cache,1,30.457078
u64,ahash,128,iter-dense,lru,1,143.358610
u64,ahash,128,iter-dense,hashlink,1,139.761457
u64,ahash,128,iter-dense,micro,1,39.619204
u64,ahash,128,iter-dense,quick_cache,2,29.179554
u64,ahash,128,iter-dense,lru,2,135.967708
u64,ahash,128,iter-dense,hashlink,2,133.544097
u64,ahash,128,iter-dense,micro,2,38.980777
u64,ahash,128,iter-dense,baseline,2,39.091809
u64,ahash,128,iter-dense,lru,3,134.228228
u64,ahash,128,iter-dense,hashlink,3,132.225660
u64,ahash,128,iter-dense,micro,3,38.840268
u64,ahash,128,iter-dense,baseline,3,39.156563
u64,ahash,128,iter-dense,quick_cache,3,29.167477
u64,ahash,128,iter-dense,hashlink,4,138.358822
u64,ahash,128,iter-dense,micro,4,39.297700
u64,ahash,128,iter-dense,baseline,4,39.578052
u64,ahash,128,iter-dense,quick_cache,4,28.719209
u64,ahash,128,iter-dense,lru,4,137.160408
u64,ahash,128,iter-dense-for,micro,0,39.562447
u64,ahash,128,iter-dense-for,baseline,0,40.377476
u64,ahash,128,iter-dense-for,quick_cache,0,69.363859
u64,ahash,128,iter-dense-for,lru,0,82.556228
u64,ahash,128,iter-dense-for,hashlink,0,72.226015
u64,ahash,128,iter-dense-for,baseline,1,39.243996
u64,ahash,128,iter-dense-for,quick_cache,1,68.431615
u64,ahash,128,iter-dense-for,lru,1,83.979129
u64,ahash,128,iter-dense-for,hashlink,1,71.955343
u64,ahash,128,iter-dense-for,micro,1,39.176766
u64,ahash,128,iter-dense-for,quick_cache,2,69.355191
u64,ahash,128,iter-dense-for,lru,2,83.177499
u64,ahash,128,iter-dense-for,hashlink,2,74.583383
u64,ahash,128,iter-dense-for,micro,2,39.135864
u64,ahash,128,iter-dense-for,baseline,2,39.252171
u64,ahash,128,iter-dense-for,lru,3,81.969788
u64,ahash,128,iter-dense-for,hashlink,3,71.929112
u64,ahash,128,iter-dense-for,micro,3,39.085296
u64,ahash,128,iter-dense-for,baseline,3,39.324004
u64,ahash,128,iter-dense-for,quick_cache,3,68.487308
u64,ahash,128,iter-dense-for,hashlink,4,72.386188
u64,ahash,128,iter-dense-for,micro,4,39.352641
u64,ahash,128,iter-dense-for,baseline,4,39.676338
u64,ahash,128,iter-dense-for,quick_cache,4,70.187757
u64,ahash,128,iter-dense-for,lru,4,84.680054
u64,ahash,128,iter-density-1pct,micro,0,33.657405
u64,ahash,128,iter-density-1pct,baseline,0,33.147203
u64,ahash,128,iter-density-1pct,quick_cache,0,23.014973
u64,ahash,128,iter-density-1pct,lru,0,1.317046
u64,ahash,128,iter-density-1pct,hashlink,0,1.286008
u64,ahash,128,iter-density-1pct,baseline,1,35.080259
u64,ahash,128,iter-density-1pct,quick_cache,1,23.490353
u64,ahash,128,iter-density-1pct,lru,1,1.297452
u64,ahash,128,iter-density-1pct,hashlink,1,1.284475
u64,ahash,128,iter-density-1pct,micro,1,35.978175
u64,ahash,128,iter-density-1pct,quick_cache,2,23.244484
u64,ahash,128,iter-density-1pct,lru,2,1.293603
u64,ahash,128,iter-density-1pct,hashlink,2,1.284757
u64,ahash,128,iter-density-1pct,micro,2,35.521236
u64,ahash,128,iter-density-1pct,baseline,2,34.595537
u64,ahash,128,iter-density-1pct,lru,3,1.282051
u64,ahash,128,iter-density-1pct,hashlink,3,1.268040
u64,ahash,128,iter-density-1pct,micro,3,35.512843
u64,ahash,128,iter-density-1pct,baseline,3,35.238949
u64,ahash,128,iter-density-1pct,quick_cache,3,23.381001
u64,ahash,128,iter-density-1pct,hashlink,4,1.261454
u64,ahash,128,iter-density-1pct,micro,4,35.142089
u64,ahash,128,iter-density-1pct,baseline,4,34.996349
u64,ahash,128,iter-density-1pct,quick_cache,4,23.423190
u64,ahash,128,iter-density-1pct,lru,4,1.298458
u64,ahash,128,iter-density-6pct,micro,0,37.282555
u64,ahash,128,iter-density-6pct,baseline,0,36.995081
u64,ahash,128,iter-density-6pct,quick_cache,0,23.787299
u64,ahash,128,iter-density-6pct,lru,0,3.471322
u64,ahash,128,iter-density-6pct,hashlink,0,3.256203
u64,ahash,128,iter-density-6pct,baseline,1,38.475841
u64,ahash,128,iter-density-6pct,quick_cache,1,24.291953
u64,ahash,128,iter-density-6pct,lru,1,3.491717
u64,ahash,128,iter-density-6pct,hashlink,1,3.180275
u64,ahash,128,iter-density-6pct,micro,1,37.548708
u64,ahash,128,iter-density-6pct,quick_cache,2,23.717485
u64,ahash,128,iter-density-6pct,lru,2,3.441425
u64,ahash,128,iter-density-6pct,hashlink,2,3.189688
u64,ahash,128,iter-density-6pct,micro,2,37.611562
u64,ahash,128,iter-density-6pct,baseline,2,36.975367
u64,ahash,128,iter-density-6pct,lru,3,3.461502
u64,ahash,128,iter-density-6pct,hashlink,3,3.214514
u64,ahash,128,iter-density-6pct,micro,3,37.884053
u64,ahash,128,iter-density-6pct,baseline,3,37.776680
u64,ahash,128,iter-density-6pct,quick_cache,3,23.950351
u64,ahash,128,iter-density-6pct,hashlink,4,3.202436
u64,ahash,128,iter-density-6pct,micro,4,37.370155
u64,ahash,128,iter-density-6pct,baseline,4,36.316119
u64,ahash,128,iter-density-6pct,quick_cache,4,23.969054
u64,ahash,128,iter-density-6pct,lru,4,3.494531
u64,ahash,128,iter-density-quarter,micro,0,39.138577
u64,ahash,128,iter-density-quarter,baseline,0,39.005629
u64,ahash,128,iter-density-quarter,quick_cache,0,29.608314
u64,ahash,128,iter-density-quarter,lru,0,19.610235
u64,ahash,128,iter-density-quarter,hashlink,0,19.507406
u64,ahash,128,iter-density-quarter,baseline,1,37.735262
u64,ahash,128,iter-density-quarter,quick_cache,1,29.871177
u64,ahash,128,iter-density-quarter,lru,1,19.664790
u64,ahash,128,iter-density-quarter,hashlink,1,19.991564
u64,ahash,128,iter-density-quarter,micro,1,38.065444
u64,ahash,128,iter-density-quarter,quick_cache,2,30.097141
u64,ahash,128,iter-density-quarter,lru,2,19.870086
u64,ahash,128,iter-density-quarter,hashlink,2,19.817210
u64,ahash,128,iter-density-quarter,micro,2,37.878206
u64,ahash,128,iter-density-quarter,baseline,2,37.923107
u64,ahash,128,iter-density-quarter,lru,3,19.618984
u64,ahash,128,iter-density-quarter,hashlink,3,19.393877
u64,ahash,128,iter-density-quarter,micro,3,38.173949
u64,ahash,128,iter-density-quarter,baseline,3,38.010590
u64,ahash,128,iter-density-quarter,quick_cache,3,29.959145
u64,ahash,128,iter-density-quarter,hashlink,4,19.559495
u64,ahash,128,iter-density-quarter,micro,4,38.318604
u64,ahash,128,iter-density-quarter,baseline,4,38.409591
u64,ahash,128,iter-density-quarter,quick_cache,4,29.935864
u64,ahash,128,iter-density-quarter,lru,4,19.527722
u64,ahash,128,iter-density-half,micro,0,38.347814
u64,ahash,128,iter-density-half,baseline,0,38.689163
u64,ahash,128,iter-density-half,quick_cache,0,30.501535
u64,ahash,128,iter-density-half,lru,0,52.197812
u64,ahash,128,iter-density-half,hashlink,0,52.052251
u64,ahash,128,iter-density-half,baseline,1,38.891305
u64,ahash,128,iter-density-half,quick_cache,1,30.014185
u64,ahash,128,iter-density-half,lru,1,53.187482
u64,ahash,128,iter-density-half,hashlink,1,51.502008
u64,ahash,128,iter-density-half,micro,1,39.088005
u64,ahash,128,iter-density-half,quick_cache,2,30.397842
u64,ahash,128,iter-density-half,lru,2,52.663093
u64,ahash,128,iter-density-half,hashlink,2,52.113014
u64,ahash,128,iter-density-half,micro,2,38.701919
u64,ahash,128,iter-density-half,baseline,2,38.590959
u64,ahash,128,iter-density-half,lru,3,52.168069
u64,ahash,128,iter-density-half,hashlink,3,51.261789
u64,ahash,128,iter-density-half,micro,3,38.292096
u64,ahash,128,iter-density-half,baseline,3,38.607387
u64,ahash,128,iter-density-half,quick_cache,3,29.546171
u64,ahash,128,iter-density-half,hashlink,4,51.849416
u64,ahash,128,iter-density-half,micro,4,38.847828
u64,ahash,128,iter-density-half,baseline,4,39.008332
u64,ahash,128,iter-density-half,quick_cache,4,30.919428
u64,ahash,128,iter-density-half,lru,4,53.295153
u64,ahash,128,iter-front,micro,0,38.243653
u64,ahash,128,iter-front,baseline,0,51.916886
u64,ahash,128,iter-front,quick_cache,0,23.474337
u64,ahash,128,iter-front,lru,0,1.203080
u64,ahash,128,iter-front,hashlink,0,1.204873
u64,ahash,128,iter-front,baseline,1,38.675743
u64,ahash,128,iter-front,quick_cache,1,22.714231
u64,ahash,128,iter-front,lru,1,1.225266
u64,ahash,128,iter-front,hashlink,1,1.189917
u64,ahash,128,iter-front,micro,1,36.698875
u64,ahash,128,iter-front,quick_cache,2,21.846298
u64,ahash,128,iter-front,lru,2,1.204610
u64,ahash,128,iter-front,hashlink,2,1.201969
u64,ahash,128,iter-front,micro,2,37.059449
u64,ahash,128,iter-front,baseline,2,36.445686
u64,ahash,128,iter-front,lru,3,1.234787
u64,ahash,128,iter-front,hashlink,3,1.164220
u64,ahash,128,iter-front,micro,3,37.253961
u64,ahash,128,iter-front,baseline,3,37.587215
u64,ahash,128,iter-front,quick_cache,3,21.552026
u64,ahash,128,iter-front,hashlink,4,1.154542
u64,ahash,128,iter-front,micro,4,37.971370
u64,ahash,128,iter-front,baseline,4,36.557834
u64,ahash,128,iter-front,quick_cache,4,22.089716
u64,ahash,128,iter-front,lru,4,1.216885
u64,ahash,128,iter-back,micro,0,38.584529
u64,ahash,128,iter-back,baseline,0,39.159812
u64,ahash,128,iter-back,quick_cache,0,21.608161
u64,ahash,128,iter-back,lru,0,1.229395
u64,ahash,128,iter-back,hashlink,0,1.159125
u64,ahash,128,iter-back,baseline,1,38.351010
u64,ahash,128,iter-back,quick_cache,1,21.734889
u64,ahash,128,iter-back,lru,1,1.193447
u64,ahash,128,iter-back,hashlink,1,1.188650
u64,ahash,128,iter-back,micro,1,38.773328
u64,ahash,128,iter-back,quick_cache,2,21.828311
u64,ahash,128,iter-back,lru,2,1.248036
u64,ahash,128,iter-back,hashlink,2,1.166436
u64,ahash,128,iter-back,micro,2,40.255555
u64,ahash,128,iter-back,baseline,2,40.144411
u64,ahash,128,iter-back,lru,3,1.242298
u64,ahash,128,iter-back,hashlink,3,1.168021
u64,ahash,128,iter-back,micro,3,38.514926
u64,ahash,128,iter-back,baseline,3,38.484933
u64,ahash,128,iter-back,quick_cache,3,21.729555
u64,ahash,128,iter-back,hashlink,4,1.146635
u64,ahash,128,iter-back,micro,4,38.531815
u64,ahash,128,iter-back,baseline,4,37.862397
u64,ahash,128,iter-back,quick_cache,4,21.829526
u64,ahash,128,iter-back,lru,4,1.223108
u64,ahash,128,iter-empty,micro,0,39.183844
u64,ahash,128,iter-empty,baseline,0,37.486568
u64,ahash,128,iter-empty,quick_cache,0,23.263027
u64,ahash,128,iter-empty,lru,0,0.998094
u64,ahash,128,iter-empty,hashlink,0,1.011458
u64,ahash,128,iter-empty,baseline,1,37.592823
u64,ahash,128,iter-empty,quick_cache,1,23.078890
u64,ahash,128,iter-empty,lru,1,0.997118
u64,ahash,128,iter-empty,hashlink,1,1.011622
u64,ahash,128,iter-empty,micro,1,37.928449
u64,ahash,128,iter-empty,quick_cache,2,23.136473
u64,ahash,128,iter-empty,lru,2,1.008878
u64,ahash,128,iter-empty,hashlink,2,1.020797
u64,ahash,128,iter-empty,micro,2,37.705971
u64,ahash,128,iter-empty,baseline,2,37.358902
u64,ahash,128,iter-empty,lru,3,1.005297
u64,ahash,128,iter-empty,hashlink,3,1.020230
u64,ahash,128,iter-empty,micro,3,38.747198
u64,ahash,128,iter-empty,baseline,3,37.613129
u64,ahash,128,iter-empty,quick_cache,3,23.037277
u64,ahash,128,iter-empty,hashlink,4,1.010117
u64,ahash,128,iter-empty,micro,4,37.879848
u64,ahash,128,iter-empty,baseline,4,37.064600
u64,ahash,128,iter-empty,quick_cache,4,22.804670
u64,ahash,128,iter-empty,lru,4,0.995244
u64,ahash,128,iter-count,micro,0,36.833341
u64,ahash,128,iter-count,baseline,0,36.758339
u64,ahash,128,iter-count,quick_cache,0,54.601199
u64,ahash,128,iter-count,lru,0,0.390857
u64,ahash,128,iter-count,hashlink,0,0.395864
u64,ahash,128,iter-count,baseline,1,36.763445
u64,ahash,128,iter-count,quick_cache,1,54.204475
u64,ahash,128,iter-count,lru,1,0.390194
u64,ahash,128,iter-count,hashlink,1,0.394941
u64,ahash,128,iter-count,micro,1,37.237004
u64,ahash,128,iter-count,quick_cache,2,55.724230
u64,ahash,128,iter-count,lru,2,0.388012
u64,ahash,128,iter-count,hashlink,2,0.389675
u64,ahash,128,iter-count,micro,2,36.563291
u64,ahash,128,iter-count,baseline,2,36.550611
u64,ahash,128,iter-count,lru,3,0.388319
u64,ahash,128,iter-count,hashlink,3,0.389087
u64,ahash,128,iter-count,micro,3,36.938434
u64,ahash,128,iter-count,baseline,3,36.931260
u64,ahash,128,iter-count,quick_cache,3,55.610078
u64,ahash,128,iter-count,hashlink,4,0.390696
u64,ahash,128,iter-count,micro,4,36.455806
u64,ahash,128,iter-count,baseline,4,36.348987
u64,ahash,128,iter-count,quick_cache,4,54.774953
u64,ahash,128,iter-count,lru,4,0.388385
u64,ahash,1024,get-hit,micro,0,2.023630
u64,ahash,1024,get-hit,baseline,0,2.037670
u64,ahash,1024,get-hit,quick_cache,0,2.132475
u64,ahash,1024,get-hit,lru,0,3.506664
u64,ahash,1024,get-hit,hashlink,0,3.353280
u64,ahash,1024,get-hit,baseline,1,2.011881
u64,ahash,1024,get-hit,quick_cache,1,2.133628
u64,ahash,1024,get-hit,lru,1,3.518579
u64,ahash,1024,get-hit,hashlink,1,3.388384
u64,ahash,1024,get-hit,micro,1,2.046183
u64,ahash,1024,get-hit,quick_cache,2,2.111092
u64,ahash,1024,get-hit,lru,2,3.504775
u64,ahash,1024,get-hit,hashlink,2,3.383531
u64,ahash,1024,get-hit,micro,2,2.106502
u64,ahash,1024,get-hit,baseline,2,2.124441
u64,ahash,1024,get-hit,lru,3,3.538034
u64,ahash,1024,get-hit,hashlink,3,3.575247
u64,ahash,1024,get-hit,micro,3,2.039140
u64,ahash,1024,get-hit,baseline,3,2.043237
u64,ahash,1024,get-hit,quick_cache,3,2.287334
u64,ahash,1024,get-hit,hashlink,4,3.596537
u64,ahash,1024,get-hit,micro,4,2.069621
u64,ahash,1024,get-hit,baseline,4,2.025597
u64,ahash,1024,get-hit,quick_cache,4,2.107350
u64,ahash,1024,get-hit,lru,4,3.466097
u64,ahash,1024,get-miss,micro,0,1.745921
u64,ahash,1024,get-miss,baseline,0,1.740273
u64,ahash,1024,get-miss,quick_cache,0,2.640613
u64,ahash,1024,get-miss,lru,0,1.995280
u64,ahash,1024,get-miss,hashlink,0,1.529842
u64,ahash,1024,get-miss,baseline,1,1.712003
u64,ahash,1024,get-miss,quick_cache,1,1.727650
u64,ahash,1024,get-miss,lru,1,2.005794
u64,ahash,1024,get-miss,hashlink,1,1.548284
u64,ahash,1024,get-miss,micro,1,1.727109
u64,ahash,1024,get-miss,quick_cache,2,1.688264
u64,ahash,1024,get-miss,lru,2,1.969095
u64,ahash,1024,get-miss,hashlink,2,1.508150
u64,ahash,1024,get-miss,micro,2,1.711884
u64,ahash,1024,get-miss,baseline,2,1.688710
u64,ahash,1024,get-miss,lru,3,1.971009
u64,ahash,1024,get-miss,hashlink,3,1.514130
u64,ahash,1024,get-miss,micro,3,1.726058
u64,ahash,1024,get-miss,baseline,3,1.710853
u64,ahash,1024,get-miss,quick_cache,3,1.693280
u64,ahash,1024,get-miss,hashlink,4,1.538009
u64,ahash,1024,get-miss,micro,4,1.719157
u64,ahash,1024,get-miss,baseline,4,1.714142
u64,ahash,1024,get-miss,quick_cache,4,1.706287
u64,ahash,1024,get-miss,lru,4,1.981251
u64,ahash,1024,update,micro,0,1.985952
u64,ahash,1024,update,baseline,0,1.956534
u64,ahash,1024,update,quick_cache,0,3.411752
u64,ahash,1024,update,lru,0,3.262320
u64,ahash,1024,update,hashlink,0,3.730953
u64,ahash,1024,update,baseline,1,1.961829
u64,ahash,1024,update,quick_cache,1,3.333999
u64,ahash,1024,update,lru,1,3.272692
u64,ahash,1024,update,hashlink,1,3.817558
u64,ahash,1024,update,micro,1,1.992460
u64,ahash,1024,update,quick_cache,2,3.379332
u64,ahash,1024,update,lru,2,3.233168
u64,ahash,1024,update,hashlink,2,3.740427
u64,ahash,1024,update,micro,2,1.994921
u64,ahash,1024,update,baseline,2,2.013294
u64,ahash,1024,update,lru,3,3.272828
u64,ahash,1024,update,hashlink,3,3.718058
u64,ahash,1024,update,micro,3,1.988564
u64,ahash,1024,update,baseline,3,1.928470
u64,ahash,1024,update,quick_cache,3,3.420747
u64,ahash,1024,update,hashlink,4,3.712818
u64,ahash,1024,update,micro,4,1.969560
u64,ahash,1024,update,baseline,4,1.982570
u64,ahash,1024,update,quick_cache,4,3.421548
u64,ahash,1024,update,lru,4,3.314228
u64,ahash,1024,insert-cycle,micro,0,11.569128
u64,ahash,1024,insert-cycle,baseline,0,10.865014
u64,ahash,1024,insert-cycle,quick_cache,0,8.161079
u64,ahash,1024,insert-cycle,lru,0,15.723477
u64,ahash,1024,insert-cycle,hashlink,0,17.688429
u64,ahash,1024,insert-cycle,baseline,1,10.487730
u64,ahash,1024,insert-cycle,quick_cache,1,8.394484
u64,ahash,1024,insert-cycle,lru,1,15.830855
u64,ahash,1024,insert-cycle,hashlink,1,17.370605
u64,ahash,1024,insert-cycle,micro,1,11.557433
u64,ahash,1024,insert-cycle,quick_cache,2,8.221333
u64,ahash,1024,insert-cycle,lru,2,15.608549
u64,ahash,1024,insert-cycle,hashlink,2,17.136685
u64,ahash,1024,insert-cycle,micro,2,11.173595
u64,ahash,1024,insert-cycle,baseline,2,10.591136
u64,ahash,1024,insert-cycle,lru,3,15.563754
u64,ahash,1024,insert-cycle,hashlink,3,17.135027
u64,ahash,1024,insert-cycle,micro,3,10.923181
u64,ahash,1024,insert-cycle,baseline,3,10.338152
u64,ahash,1024,insert-cycle,quick_cache,3,8.249690
u64,ahash,1024,insert-cycle,hashlink,4,17.118471
u64,ahash,1024,insert-cycle,micro,4,11.060822
u64,ahash,1024,insert-cycle,baseline,4,10.360788
u64,ahash,1024,insert-cycle,quick_cache,4,8.146951
u64,ahash,1024,insert-cycle,lru,4,15.429903
u64,ahash,1024,mixed-95,micro,0,2.759595
u64,ahash,1024,mixed-95,baseline,0,2.691865
u64,ahash,1024,mixed-95,quick_cache,0,5.382558
u64,ahash,1024,mixed-95,lru,0,3.379961
u64,ahash,1024,mixed-95,hashlink,0,3.168027
u64,ahash,1024,mixed-95,baseline,1,2.697130
u64,ahash,1024,mixed-95,quick_cache,1,5.553901
u64,ahash,1024,mixed-95,lru,1,3.351828
u64,ahash,1024,mixed-95,hashlink,1,3.353675
u64,ahash,1024,mixed-95,micro,1,2.753596
u64,ahash,1024,mixed-95,quick_cache,2,5.517900
u64,ahash,1024,mixed-95,lru,2,3.384034
u64,ahash,1024,mixed-95,hashlink,2,3.320952
u64,ahash,1024,mixed-95,micro,2,2.729694
u64,ahash,1024,mixed-95,baseline,2,2.821624
u64,ahash,1024,mixed-95,lru,3,3.251791
u64,ahash,1024,mixed-95,hashlink,3,3.096104
u64,ahash,1024,mixed-95,micro,3,2.884090
u64,ahash,1024,mixed-95,baseline,3,2.789339
u64,ahash,1024,mixed-95,quick_cache,3,5.311409
u64,ahash,1024,mixed-95,hashlink,4,3.355484
u64,ahash,1024,mixed-95,micro,4,2.694309
u64,ahash,1024,mixed-95,baseline,4,2.779603
u64,ahash,1024,mixed-95,quick_cache,4,5.357404
u64,ahash,1024,mixed-95,lru,4,3.254334
u64,ahash,1024,load-hit,micro,0,2.387868
u64,ahash,1024,load-hit,baseline,0,2.409584
u64,ahash,1024,load-hit,quick_cache,0,3.215366
u64,ahash,1024,load-hit,lru,0,3.352911
u64,ahash,1024,load-hit,hashlink,0,3.533681
u64,ahash,1024,load-hit,baseline,1,2.356472
u64,ahash,1024,load-hit,quick_cache,1,3.367433
u64,ahash,1024,load-hit,lru,1,3.315785
u64,ahash,1024,load-hit,hashlink,1,3.477469
u64,ahash,1024,load-hit,micro,1,2.303981
u64,ahash,1024,load-hit,quick_cache,2,3.332844
u64,ahash,1024,load-hit,lru,2,3.292901
u64,ahash,1024,load-hit,hashlink,2,3.485145
u64,ahash,1024,load-hit,micro,2,2.297974
u64,ahash,1024,load-hit,baseline,2,2.307948
u64,ahash,1024,load-hit,lru,3,3.323346
u64,ahash,1024,load-hit,hashlink,3,3.288950
u64,ahash,1024,load-hit,micro,3,2.524632
u64,ahash,1024,load-hit,baseline,3,2.291139
u64,ahash,1024,load-hit,quick_cache,3,3.174047
u64,ahash,1024,load-hit,hashlink,4,3.508019
u64,ahash,1024,load-hit,micro,4,2.253652
u64,ahash,1024,load-hit,baseline,4,2.245864
u64,ahash,1024,load-hit,quick_cache,4,3.187936
u64,ahash,1024,load-hit,lru,4,3.328982
u64,ahash,1024,load-cycle,micro,0,12.016754
u64,ahash,1024,load-cycle,baseline,0,12.434446
u64,ahash,1024,load-cycle,quick_cache,0,8.475772
u64,ahash,1024,load-cycle,lru,0,16.174762
u64,ahash,1024,load-cycle,hashlink,0,19.517328
u64,ahash,1024,load-cycle,baseline,1,12.078957
u64,ahash,1024,load-cycle,quick_cache,1,8.898062
u64,ahash,1024,load-cycle,lru,1,15.329575
u64,ahash,1024,load-cycle,hashlink,1,18.782396
u64,ahash,1024,load-cycle,micro,1,11.188536
u64,ahash,1024,load-cycle,quick_cache,2,8.499763
u64,ahash,1024,load-cycle,lru,2,14.952577
u64,ahash,1024,load-cycle,hashlink,2,18.789958
u64,ahash,1024,load-cycle,micro,2,10.602114
u64,ahash,1024,load-cycle,baseline,2,11.915253
u64,ahash,1024,load-cycle,lru,3,14.968770
u64,ahash,1024,load-cycle,hashlink,3,18.768697
u64,ahash,1024,load-cycle,micro,3,10.808009
u64,ahash,1024,load-cycle,baseline,3,11.758953
u64,ahash,1024,load-cycle,quick_cache,3,8.719915
u64,ahash,1024,load-cycle,hashlink,4,18.854123
u64,ahash,1024,load-cycle,micro,4,10.668326
u64,ahash,1024,load-cycle,baseline,4,11.626554
u64,ahash,1024,load-cycle,quick_cache,4,8.503759
u64,ahash,1024,load-cycle,lru,4,15.391454
u64,ahash,1024,clear-refill,micro,0,5134.757265
u64,ahash,1024,clear-refill,baseline,0,5026.939698
u64,ahash,1024,clear-refill,quick_cache,0,5868.408203
u64,ahash,1024,clear-refill,lru,0,23758.527559
u64,ahash,1024,clear-refill,hashlink,0,14789.000000
u64,ahash,1024,clear-refill,baseline,1,4990.171096
u64,ahash,1024,clear-refill,quick_cache,1,5933.960474
u64,ahash,1024,clear-refill,lru,1,22882.257576
u64,ahash,1024,clear-refill,hashlink,1,14929.455446
u64,ahash,1024,clear-refill,micro,1,5125.496587
u64,ahash,1024,clear-refill,quick_cache,2,5908.629921
u64,ahash,1024,clear-refill,lru,2,24328.290323
u64,ahash,1024,clear-refill,hashlink,2,14993.363184
u64,ahash,1024,clear-refill,micro,2,5050.996633
u64,ahash,1024,clear-refill,baseline,2,4994.730449
u64,ahash,1024,clear-refill,lru,3,22710.218045
u64,ahash,1024,clear-refill,hashlink,3,14523.748792
u64,ahash,1024,clear-refill,micro,3,5025.125628
u64,ahash,1024,clear-refill,baseline,3,4980.167496
u64,ahash,1024,clear-refill,quick_cache,3,5858.674464
u64,ahash,1024,clear-refill,hashlink,4,15462.820513
u64,ahash,1024,clear-refill,micro,4,5069.187500
u64,ahash,1024,clear-refill,baseline,4,5022.645485
u64,ahash,1024,clear-refill,quick_cache,4,5762.395393
u64,ahash,1024,clear-refill,lru,4,23783.133858
u64,ahash,1024,clear-empty,micro,0,55.258308
u64,ahash,1024,clear-empty,baseline,0,55.175781
u64,ahash,1024,clear-empty,quick_cache,0,1.813152
u64,ahash,1024,clear-empty,lru,0,0.569073
u64,ahash,1024,clear-empty,hashlink,0,0.604481
u64,ahash,1024,clear-empty,baseline,1,63.129158
u64,ahash,1024,clear-empty,quick_cache,1,1.786049
u64,ahash,1024,clear-empty,lru,1,0.567824
u64,ahash,1024,clear-empty,hashlink,1,0.598890
u64,ahash,1024,clear-empty,micro,1,62.889058
u64,ahash,1024,clear-empty,quick_cache,2,1.823672
u64,ahash,1024,clear-empty,lru,2,0.580826
u64,ahash,1024,clear-empty,hashlink,2,0.614562
u64,ahash,1024,clear-empty,micro,2,64.206754
u64,ahash,1024,clear-empty,baseline,2,64.044890
u64,ahash,1024,clear-empty,lru,3,0.565210
u64,ahash,1024,clear-empty,hashlink,3,0.600192
u64,ahash,1024,clear-empty,micro,3,62.035818
u64,ahash,1024,clear-empty,baseline,3,61.992866
u64,ahash,1024,clear-empty,quick_cache,3,1.788626
u64,ahash,1024,clear-empty,hashlink,4,0.605794
u64,ahash,1024,clear-empty,micro,4,63.100281
u64,ahash,1024,clear-empty,baseline,4,62.978714
u64,ahash,1024,clear-empty,quick_cache,4,1.799260
u64,ahash,1024,clear-empty,lru,4,0.567694
u64,ahash,1024,iter-dense,micro,0,276.447610
u64,ahash,1024,iter-dense,baseline,0,276.156526
u64,ahash,1024,iter-dense,quick_cache,0,247.286184
u64,ahash,1024,iter-dense,lru,0,1297.071490
u64,ahash,1024,iter-dense,hashlink,0,1276.111909
u64,ahash,1024,iter-dense,baseline,1,274.014577
u64,ahash,1024,iter-dense,quick_cache,1,247.777127
u64,ahash,1024,iter-dense,lru,1,1281.179476
u64,ahash,1024,iter-dense,hashlink,1,1291.952055
u64,ahash,1024,iter-dense,micro,1,276.852139
u64,ahash,1024,iter-dense,quick_cache,2,250.656250
u64,ahash,1024,iter-dense,lru,2,1378.604167
u64,ahash,1024,iter-dense,hashlink,2,1381.146599
u64,ahash,1024,iter-dense,micro,2,279.665086
u64,ahash,1024,iter-dense,baseline,2,273.593112
u64,ahash,1024,iter-dense,lru,3,1267.789274
u64,ahash,1024,iter-dense,hashlink,3,1264.531250
u64,ahash,1024,iter-dense,micro,3,274.275037
u64,ahash,1024,iter-dense,baseline,3,273.429938
u64,ahash,1024,iter-dense,quick_cache,3,248.381035
u64,ahash,1024,iter-dense,hashlink,4,1284.246575
u64,ahash,1024,iter-dense,micro,4,273.805758
u64,ahash,1024,iter-dense,baseline,4,275.751466
u64,ahash,1024,iter-dense,quick_cache,4,251.487098
u64,ahash,1024,iter-dense,lru,4,1332.471391
u64,ahash,1024,iter-dense-for,micro,0,275.465084
u64,ahash,1024,iter-dense-for,baseline,0,274.286550
u64,ahash,1024,iter-dense-for,quick_cache,0,505.817372
u64,ahash,1024,iter-dense-for,lru,0,766.196646
u64,ahash,1024,iter-dense-for,hashlink,0,938.932500
u64,ahash,1024,iter-dense-for,baseline,1,274.202760
u64,ahash,1024,iter-dense-for,quick_cache,1,503.662433
u64,ahash,1024,iter-dense-for,lru,1,745.422123
u64,ahash,1024,iter-dense-for,hashlink,1,885.121757
u64,ahash,1024,iter-dense-for,micro,1,273.763940
u64,ahash,1024,iter-dense-for,quick_cache,2,506.806081
u64,ahash,1024,iter-dense-for,lru,2,782.183333
u64,ahash,1024,iter-dense-for,hashlink,2,958.732143
u64,ahash,1024,iter-dense-for,micro,2,272.559411
u64,ahash,1024,iter-dense-for,baseline,2,276.022518
u64,ahash,1024,iter-dense-for,lru,3,804.275641
u64,ahash,1024,iter-dense-for,hashlink,3,888.192807
u64,ahash,1024,iter-dense-for,micro,3,271.754167
u64,ahash,1024,iter-dense-for,baseline,3,274.488304
u64,ahash,1024,iter-dense-for,quick_cache,3,508.769764
u64,ahash,1024,iter-dense-for,hashlink,4,891.742630
u64,ahash,1024,iter-dense-for,micro,4,271.141889
u64,ahash,1024,iter-dense-for,baseline,4,274.770011
u64,ahash,1024,iter-dense-for,quick_cache,4,508.699324
u64,ahash,1024,iter-dense-for,lru,4,779.506715
u64,ahash,1024,iter-density-1pct,micro,0,310.598613
u64,ahash,1024,iter-density-1pct,baseline,0,304.531047
u64,ahash,1024,iter-density-1pct,quick_cache,0,191.485969
u64,ahash,1024,iter-density-1pct,lru,0,4.327975
u64,ahash,1024,iter-density-1pct,hashlink,0,4.310068
u64,ahash,1024,iter-density-1pct,baseline,1,312.569375
u64,ahash,1024,iter-density-1pct,quick_cache,1,192.825975
u64,ahash,1024,iter-density-1pct,lru,1,4.277697
u64,ahash,1024,iter-density-1pct,hashlink,1,4.297108
u64,ahash,1024,iter-density-1pct,micro,1,309.573535
u64,ahash,1024,iter-density-1pct,quick_cache,2,176.585511
u64,ahash,1024,iter-density-1pct,lru,2,4.355401
u64,ahash,1024,iter-density-1pct,hashlink,2,4.303617
u64,ahash,1024,iter-density-1pct,micro,2,306.593750
u64,ahash,1024,iter-density-1pct,baseline,2,284.666951
u64,ahash,1024,iter-density-1pct,lru,3,4.237097
u64,ahash,1024,iter-density-1pct,hashlink,3,4.313975
u64,ahash,1024,iter-density-1pct,micro,3,312.517396
u64,ahash,1024,iter-density-1pct,baseline,3,305.397727
u64,ahash,1024,iter-density-1pct,quick_cache,3,192.900860
u64,ahash,1024,iter-density-1pct,hashlink,4,4.289559
u64,ahash,1024,iter-density-1pct,micro,4,314.968750
u64,ahash,1024,iter-density-1pct,baseline,4,307.893648
u64,ahash,1024,iter-density-1pct,quick_cache,4,193.618492
u64,ahash,1024,iter-density-1pct,lru,4,4.316220
u64,ahash,1024,iter-density-6pct,micro,0,304.835532
u64,ahash,1024,iter-density-6pct,baseline,0,302.755343
u64,ahash,1024,iter-density-6pct,quick_cache,0,181.416928
u64,ahash,1024,iter-density-6pct,lru,0,53.658038
u64,ahash,1024,iter-density-6pct,hashlink,0,52.780898
u64,ahash,1024,iter-density-6pct,baseline,1,306.231372
u64,ahash,1024,iter-density-6pct,quick_cache,1,184.289538
u64,ahash,1024,iter-density-6pct,lru,1,52.644090
u64,ahash,1024,iter-density-6pct,hashlink,1,52.312814
u64,ahash,1024,iter-density-6pct,micro,1,302.229904
u64,ahash,1024,iter-density-6pct,quick_cache,2,179.426087
u64,ahash,1024,iter-density-6pct,lru,2,52.927642
u64,ahash,1024,iter-density-6pct,hashlink,2,52.014732
u64,ahash,1024,iter-density-6pct,micro,2,303.431735
u64,ahash,1024,iter-density-6pct,baseline,2,300.526643
u64,ahash,1024,iter-density-6pct,lru,3,52.531950
u64,ahash,1024,iter-density-6pct,hashlink,3,52.024126
u64,ahash,1024,iter-density-6pct,micro,3,309.917285
u64,ahash,1024,iter-density-6pct,baseline,3,313.255208
u64,ahash,1024,iter-density-6pct,quick_cache,3,184.478880
u64,ahash,1024,iter-density-6pct,hashlink,4,53.296644
u64,ahash,1024,iter-density-6pct,micro,4,301.035857
u64,ahash,1024,iter-density-6pct,baseline,4,303.196472
u64,ahash,1024,iter-density-6pct,quick_cache,4,180.436178
u64,ahash,1024,iter-density-6pct,lru,4,53.323977
u64,ahash,1024,iter-density-quarter,micro,0,262.326205
u64,ahash,1024,iter-density-quarter,baseline,0,262.754552
u64,ahash,1024,iter-density-quarter,quick_cache,0,227.533520
u64,ahash,1024,iter-density-quarter,lru,0,305.637520
u64,ahash,1024,iter-density-quarter,hashlink,0,296.837915
u64,ahash,1024,iter-density-quarter,baseline,1,263.946190
u64,ahash,1024,iter-density-quarter,quick_cache,1,231.241687
u64,ahash,1024,iter-density-quarter,lru,1,310.581436
u64,ahash,1024,iter-density-quarter,hashlink,1,300.672676
u64,ahash,1024,iter-density-quarter,micro,1,260.959201
u64,ahash,1024,iter-density-quarter,quick_cache,2,228.845960
u64,ahash,1024,iter-density-quarter,lru,2,301.311298
u64,ahash,1024,iter-density-quarter,hashlink,2,301.463625
u64,ahash,1024,iter-density-quarter,micro,2,262.289804
u64,ahash,1024,iter-density-quarter,baseline,2,265.003355
u64,ahash,1024,iter-density-quarter,lru,3,313.545151
u64,ahash,1024,iter-density-quarter,hashlink,3,304.391538
u64,ahash,1024,iter-density-quarter,micro,3,262.787465
u64,ahash,1024,iter-density-quarter,baseline,3,264.216549
u64,ahash,1024,iter-density-quarter,quick_cache,3,233.208955
u64,ahash,1024,iter-density-quarter,hashlink,4,331.308856
u64,ahash,1024,iter-density-quarter,micro,4,266.705167
u64,ahash,1024,iter-density-quarter,baseline,4,260.883247
u64,ahash,1024,iter-density-quarter,quick_cache,4,226.810990
u64,ahash,1024,iter-density-quarter,lru,4,306.644914
u64,ahash,1024,iter-density-half,micro,0,262.526187
u64,ahash,1024,iter-density-half,baseline,0,265.868449
u64,ahash,1024,iter-density-half,quick_cache,0,228.476049
u64,ahash,1024,iter-density-half,lru,0,647.916810
u64,ahash,1024,iter-density-half,hashlink,0,633.551520
u64,ahash,1024,iter-density-half,baseline,1,262.936975
u64,ahash,1024,iter-density-half,quick_cache,1,231.296182
u64,ahash,1024,iter-density-half,lru,1,669.763839
u64,ahash,1024,iter-density-half,hashlink,1,675.603417
u64,ahash,1024,iter-density-half,micro,1,266.838246
u64,ahash,1024,iter-density-half,quick_cache,2,231.491127
u64,ahash,1024,iter-density-half,lru,2,643.095462
u64,ahash,1024,iter-density-half,hashlink,2,643.906892
u64,ahash,1024,iter-density-half,micro,2,265.949540
u64,ahash,1024,iter-density-half,baseline,2,266.427734
u64,ahash,1024,iter-density-half,lru,3,650.377155
u64,ahash,1024,iter-density-half,hashlink,3,635.487120
u64,ahash,1024,iter-density-half,micro,3,262.064246
u64,ahash,1024,iter-density-half,baseline,3,265.562500
u64,ahash,1024,iter-density-half,quick_cache,3,230.235754
u64,ahash,1024,iter-density-half,hashlink,4,665.530807
u64,ahash,1024,iter-density-half,micro,4,269.561153
u64,ahash,1024,iter-density-half,baseline,4,269.359599
u64,ahash,1024,iter-density-half,quick_cache,4,231.469366
u64,ahash,1024,iter-density-half,lru,4,655.776442
u64,ahash,1024,iter-front,micro,0,264.012026
u64,ahash,1024,iter-front,baseline,0,263.693820
u64,ahash,1024,iter-front,quick_cache,0,165.741829
u64,ahash,1024,iter-front,lru,0,1.213954
u64,ahash,1024,iter-front,hashlink,0,1.209537
u64,ahash,1024,iter-front,baseline,1,267.405627
u64,ahash,1024,iter-front,quick_cache,1,168.304772
u64,ahash,1024,iter-front,lru,1,1.194861
u64,ahash,1024,iter-front,hashlink,1,1.197303
u64,ahash,1024,iter-front,micro,1,268.110179
u64,ahash,1024,iter-front,quick_cache,2,167.344363
u64,ahash,1024,iter-front,lru,2,1.210802
u64,ahash,1024,iter-front,hashlink,2,1.160000
u64,ahash,1024,iter-front,micro,2,263.627985
u64,ahash,1024,iter-front,baseline,2,263.108368
u64,ahash,1024,iter-front,lru,3,1.213796
u64,ahash,1024,iter-front,hashlink,3,1.208414
u64,ahash,1024,iter-front,micro,3,267.168269
u64,ahash,1024,iter-front,baseline,3,267.502048
u64,ahash,1024,iter-front,quick_cache,3,165.208737
u64,ahash,1024,iter-front,hashlink,4,1.170836
u64,ahash,1024,iter-front,micro,4,263.499912
u64,ahash,1024,iter-front,baseline,4,265.533104
u64,ahash,1024,iter-front,quick_cache,4,167.177306
u64,ahash,1024,iter-front,lru,4,1.224866
u64,ahash,1024,iter-back,micro,0,267.038086
u64,ahash,1024,iter-back,baseline,0,266.919656
u64,ahash,1024,iter-back,quick_cache,0,165.921268
u64,ahash,1024,iter-back,lru,0,1.208383
u64,ahash,1024,iter-back,hashlink,0,1.192232
u64,ahash,1024,iter-back,baseline,1,266.697798
u64,ahash,1024,iter-back,quick_cache,1,167.971098
u64,ahash,1024,iter-back,lru,1,1.224274
u64,ahash,1024,iter-back,hashlink,1,1.185074
u64,ahash,1024,iter-back,micro,1,265.043785
u64,ahash,1024,iter-back,quick_cache,2,166.350399
u64,ahash,1024,iter-back,lru,2,1.200738
u64,ahash,1024,iter-back,hashlink,2,1.213043
u64,ahash,1024,iter-back,micro,2,267.935268
u64,ahash,1024,iter-back,baseline,2,266.793945
u64,ahash,1024,iter-back,lru,3,1.212807
u64,ahash,1024,iter-back,hashlink,3,1.196783
u64,ahash,1024,iter-back,micro,3,268.385446
u64,ahash,1024,iter-back,baseline,3,267.875714
u64,ahash,1024,iter-back,quick_cache,3,168.380162
u64,ahash,1024,iter-back,hashlink,4,1.203543
u64,ahash,1024,iter-back,micro,4,264.030284
u64,ahash,1024,iter-back,baseline,4,263.990081
u64,ahash,1024,iter-back,quick_cache,4,166.581095
u64,ahash,1024,iter-back,lru,4,1.213482
u64,ahash,1024,iter-empty,micro,0,267.134882
u64,ahash,1024,iter-empty,baseline,0,271.488078
u64,ahash,1024,iter-empty,quick_cache,0,167.710197
u64,ahash,1024,iter-empty,lru,0,1.004952
u64,ahash,1024,iter-empty,hashlink,0,1.016966
u64,ahash,1024,iter-empty,baseline,1,266.734730
u64,ahash,1024,iter-empty,quick_cache,1,168.727518
u64,ahash,1024,iter-empty,lru,1,1.001324
u64,ahash,1024,iter-empty,hashlink,1,0.998839
u64,ahash,1024,iter-empty,micro,1,264.286268
u64,ahash,1024,iter-empty,quick_cache,2,165.176607
u64,ahash,1024,iter-empty,lru,2,0.990837
u64,ahash,1024,iter-empty,hashlink,2,1.008368
u64,ahash,1024,iter-empty,micro,2,267.134793
u64,ahash,1024,iter-empty,baseline,2,267.383369
u64,ahash,1024,iter-empty,lru,3,1.000811
u64,ahash,1024,iter-empty,hashlink,3,0.997712
u64,ahash,1024,iter-empty,micro,3,262.315293
u64,ahash,1024,iter-empty,baseline,3,266.568271
u64,ahash,1024,iter-empty,quick_cache,3,168.015457
u64,ahash,1024,iter-empty,hashlink,4,1.017219
u64,ahash,1024,iter-empty,micro,4,262.184270
u64,ahash,1024,iter-empty,baseline,4,263.807233
u64,ahash,1024,iter-empty,quick_cache,4,165.617229
u64,ahash,1024,iter-empty,lru,4,0.998785
u64,ahash,1024,iter-count,micro,0,261.049653
u64,ahash,1024,iter-count,baseline,0,262.619358
u64,ahash,1024,iter-count,quick_cache,0,511.541950
u64,ahash,1024,iter-count,lru,0,0.399205
u64,ahash,1024,iter-count,hashlink,0,0.394390
u64,ahash,1024,iter-count,baseline,1,260.296365
u64,ahash,1024,iter-count,quick_cache,1,490.397135
u64,ahash,1024,iter-count,lru,1,0.390768
u64,ahash,1024,iter-count,hashlink,1,0.390077
u64,ahash,1024,iter-count,micro,1,259.956692
u64,ahash,1024,iter-count,quick_cache,2,487.155000
u64,ahash,1024,iter-count,lru,2,0.391505
u64,ahash,1024,iter-count,hashlink,2,0.393873
u64,ahash,1024,iter-count,micro,2,263.487413
u64,ahash,1024,iter-count,baseline,2,260.487432
u64,ahash,1024,iter-count,lru,3,0.393802
u64,ahash,1024,iter-count,hashlink,3,0.392699
u64,ahash,1024,iter-count,micro,3,259.609969
u64,ahash,1024,iter-count,baseline,3,258.923488
u64,ahash,1024,iter-count,quick_cache,3,495.754720
u64,ahash,1024,iter-count,hashlink,4,0.395583
u64,ahash,1024,iter-count,micro,4,258.254840
u64,ahash,1024,iter-count,baseline,4,256.853601
u64,ahash,1024,iter-count,quick_cache,4,481.380156
u64,ahash,1024,iter-count,lru,4,0.394130
u64,ahash,16384,get-hit,micro,0,3.455237
u64,ahash,16384,get-hit,baseline,0,3.413918
u64,ahash,16384,get-hit,quick_cache,0,3.913663
u64,ahash,16384,get-hit,lru,0,6.959638
u64,ahash,16384,get-hit,hashlink,0,7.131331
u64,ahash,16384,get-hit,baseline,1,3.429472
u64,ahash,16384,get-hit,quick_cache,1,3.925242
u64,ahash,16384,get-hit,lru,1,6.959544
u64,ahash,16384,get-hit,hashlink,1,6.913095
u64,ahash,16384,get-hit,micro,1,3.446347
u64,ahash,16384,get-hit,quick_cache,2,3.916801
u64,ahash,16384,get-hit,lru,2,6.964917
u64,ahash,16384,get-hit,hashlink,2,6.918756
u64,ahash,16384,get-hit,micro,2,3.382692
u64,ahash,16384,get-hit,baseline,2,3.544635
u64,ahash,16384,get-hit,lru,3,6.853079
u64,ahash,16384,get-hit,hashlink,3,6.973649
u64,ahash,16384,get-hit,micro,3,3.441973
u64,ahash,16384,get-hit,baseline,3,3.429283
u64,ahash,16384,get-hit,quick_cache,3,3.933196
u64,ahash,16384,get-hit,hashlink,4,6.911849
u64,ahash,16384,get-hit,micro,4,3.412694
u64,ahash,16384,get-hit,baseline,4,3.539501
u64,ahash,16384,get-hit,quick_cache,4,3.820685
u64,ahash,16384,get-hit,lru,4,6.868245
u64,ahash,16384,get-miss,micro,0,2.162111
u64,ahash,16384,get-miss,baseline,0,2.147563
u64,ahash,16384,get-miss,quick_cache,0,2.186518
u64,ahash,16384,get-miss,lru,0,2.425373
u64,ahash,16384,get-miss,hashlink,0,1.968275
u64,ahash,16384,get-miss,baseline,1,2.119590
u64,ahash,16384,get-miss,quick_cache,1,2.177583
u64,ahash,16384,get-miss,lru,1,2.433019
u64,ahash,16384,get-miss,hashlink,1,1.950852
u64,ahash,16384,get-miss,micro,1,2.209399
u64,ahash,16384,get-miss,quick_cache,2,2.154631
u64,ahash,16384,get-miss,lru,2,2.398023
u64,ahash,16384,get-miss,hashlink,2,1.933984
u64,ahash,16384,get-miss,micro,2,2.161004
u64,ahash,16384,get-miss,baseline,2,2.135343
u64,ahash,16384,get-miss,lru,3,2.402112
u64,ahash,16384,get-miss,hashlink,3,1.967051
u64,ahash,16384,get-miss,micro,3,2.205641
u64,ahash,16384,get-miss,baseline,3,2.177823
u64,ahash,16384,get-miss,quick_cache,3,2.163876
u64,ahash,16384,get-miss,hashlink,4,1.924764
u64,ahash,16384,get-miss,micro,4,2.188304
u64,ahash,16384,get-miss,baseline,4,2.169426
u64,ahash,16384,get-miss,quick_cache,4,2.164384
u64,ahash,16384,get-miss,lru,4,2.384896
u64,ahash,16384,update,micro,0,3.242830
u64,ahash,16384,update,baseline,0,3.144267
u64,ahash,16384,update,quick_cache,0,6.630033
u64,ahash,16384,update,lru,0,6.625403
u64,ahash,16384,update,hashlink,0,7.853297
u64,ahash,16384,update,baseline,1,3.215365
u64,ahash,16384,update,quick_cache,1,6.600335
u64,ahash,16384,update,lru,1,6.477580
u64,ahash,16384,update,hashlink,1,7.631091
u64,ahash,16384,update,micro,1,3.271103
u64,ahash,16384,update,quick_cache,2,6.486592
u64,ahash,16384,update,lru,2,6.435016
u64,ahash,16384,update,hashlink,2,7.622750
u64,ahash,16384,update,micro,2,3.306576
u64,ahash,16384,update,baseline,2,3.293855
u64,ahash,16384,update,lru,3,6.539148
u64,ahash,16384,update,hashlink,3,7.705688
u64,ahash,16384,update,micro,3,3.268846
u64,ahash,16384,update,baseline,3,3.229599
u64,ahash,16384,update,quick_cache,3,6.623315
u64,ahash,16384,update,hashlink,4,7.727091
u64,ahash,16384,update,micro,4,3.345467
u64,ahash,16384,update,baseline,4,3.241164
u64,ahash,16384,update,quick_cache,4,6.561552
u64,ahash,16384,update,lru,4,6.419918
u64,ahash,16384,insert-cycle,micro,0,27.309738
u64,ahash,16384,insert-cycle,baseline,0,27.397789
u64,ahash,16384,insert-cycle,quick_cache,0,11.596519
u64,ahash,16384,insert-cycle,lru,0,28.100334
u64,ahash,16384,insert-cycle,hashlink,0,27.683578
u64,ahash,16384,insert-cycle,baseline,1,27.261101
u64,ahash,16384,insert-cycle,quick_cache,1,11.020942
u64,ahash,16384,insert-cycle,lru,1,27.287804
u64,ahash,16384,insert-cycle,hashlink,1,27.429581
u64,ahash,16384,insert-cycle,micro,1,27.354240
u64,ahash,16384,insert-cycle,quick_cache,2,11.052311
u64,ahash,16384,insert-cycle,lru,2,27.630493
u64,ahash,16384,insert-cycle,hashlink,2,27.849197
u64,ahash,16384,insert-cycle,micro,2,26.328087
u64,ahash,16384,insert-cycle,baseline,2,26.833534
u64,ahash,16384,insert-cycle,lru,3,27.410828
u64,ahash,16384,insert-cycle,hashlink,3,27.810410
u64,ahash,16384,insert-cycle,micro,3,27.319275
u64,ahash,16384,insert-cycle,baseline,3,27.373001
u64,ahash,16384,insert-cycle,quick_cache,3,11.218743
u64,ahash,16384,insert-cycle,hashlink,4,27.000427
u64,ahash,16384,insert-cycle,micro,4,27.675308
u64,ahash,16384,insert-cycle,baseline,4,27.545929
u64,ahash,16384,insert-cycle,quick_cache,4,10.685106
u64,ahash,16384,insert-cycle,lru,4,26.784897
u64,ahash,16384,mixed-95,micro,0,4.078825
u64,ahash,16384,mixed-95,baseline,0,4.063904
u64,ahash,16384,mixed-95,quick_cache,0,4.724622
u64,ahash,16384,mixed-95,lru,0,6.325146
u64,ahash,16384,mixed-95,hashlink,0,6.711741
u64,ahash,16384,mixed-95,baseline,1,4.138211
u64,ahash,16384,mixed-95,quick_cache,1,4.825771
u64,ahash,16384,mixed-95,lru,1,6.342451
u64,ahash,16384,mixed-95,hashlink,1,6.703496
u64,ahash,16384,mixed-95,micro,1,4.201671
u64,ahash,16384,mixed-95,quick_cache,2,5.812983
u64,ahash,16384,mixed-95,lru,2,6.447236
u64,ahash,16384,mixed-95,hashlink,2,6.722013
u64,ahash,16384,mixed-95,micro,2,4.161656
u64,ahash,16384,mixed-95,baseline,2,4.171650
u64,ahash,16384,mixed-95,lru,3,6.342312
u64,ahash,16384,mixed-95,hashlink,3,6.721655
u64,ahash,16384,mixed-95,micro,3,4.211724
u64,ahash,16384,mixed-95,baseline,3,4.184027
u64,ahash,16384,mixed-95,quick_cache,3,4.728218
u64,ahash,16384,mixed-95,hashlink,4,6.956160
u64,ahash,16384,mixed-95,micro,4,4.239361
u64,ahash,16384,mixed-95,baseline,4,4.181763
u64,ahash,16384,mixed-95,quick_cache,4,4.971802
u64,ahash,16384,mixed-95,lru,4,6.291628
u64,ahash,16384,load-hit,micro,0,3.811970
u64,ahash,16384,load-hit,baseline,0,3.843307
u64,ahash,16384,load-hit,quick_cache,0,6.033559
u64,ahash,16384,load-hit,lru,0,6.123437
u64,ahash,16384,load-hit,hashlink,0,6.411760
u64,ahash,16384,load-hit,baseline,1,3.977895
u64,ahash,16384,load-hit,quick_cache,1,5.932060
u64,ahash,16384,load-hit,lru,1,6.059408
u64,ahash,16384,load-hit,hashlink,1,6.308604
u64,ahash,16384,load-hit,micro,1,3.802480
u64,ahash,16384,load-hit,quick_cache,2,5.881658
u64,ahash,16384,load-hit,lru,2,6.061658
u64,ahash,16384,load-hit,hashlink,2,6.421669
u64,ahash,16384,load-hit,micro,2,3.985639
u64,ahash,16384,load-hit,baseline,2,4.427806
u64,ahash,16384,load-hit,lru,3,6.636664
u64,ahash,16384,load-hit,hashlink,3,6.697128
u64,ahash,16384,load-hit,micro,3,4.057664
u64,ahash,16384,load-hit,baseline,3,4.064149
u64,ahash,16384,load-hit,quick_cache,3,6.338360
u64,ahash,16384,load-hit,hashlink,4,6.709060
u64,ahash,16384,load-hit,micro,4,4.138505
u64,ahash,16384,load-hit,baseline,4,4.230133
u64,ahash,16384,load-hit,quick_cache,4,6.458126
u64,ahash,16384,load-hit,lru,4,6.542206
u64,ahash,16384,load-cycle,micro,0,27.862869
u64,ahash,16384,load-cycle,baseline,0,27.829170
u64,ahash,16384,load-cycle,quick_cache,0,11.591911
u64,ahash,16384,load-cycle,lru,0,28.201736
u64,ahash,16384,load-cycle,hashlink,0,30.055367
u64,ahash,16384,load-cycle,baseline,1,28.271355
u64,ahash,16384,load-cycle,quick_cache,1,11.803310
u64,ahash,16384,load-cycle,lru,1,28.049469
u64,ahash,16384,load-cycle,hashlink,1,30.595144
u64,ahash,16384,load-cycle,micro,1,28.193474
u64,ahash,16384,load-cycle,quick_cache,2,11.546295
u64,ahash,16384,load-cycle,lru,2,27.239799
u64,ahash,16384,load-cycle,hashlink,2,29.989563
u64,ahash,16384,load-cycle,micro,2,28.168999
u64,ahash,16384,load-cycle,baseline,2,28.073944
u64,ahash,16384,load-cycle,lru,3,27.661644
u64,ahash,16384,load-cycle,hashlink,3,29.820122
u64,ahash,16384,load-cycle,micro,3,27.785622
u64,ahash,16384,load-cycle,baseline,3,27.724266
u64,ahash,16384,load-cycle,quick_cache,3,11.550266
u64,ahash,16384,load-cycle,hashlink,4,29.246651
u64,ahash,16384,load-cycle,micro,4,27.987480
u64,ahash,16384,load-cycle,baseline,4,28.317772
u64,ahash,16384,load-cycle,quick_cache,4,11.596840
u64,ahash,16384,load-cycle,lru,4,27.998611
u64,ahash,16384,clear-refill,micro,0,88735.294118
u64,ahash,16384,clear-refill,baseline,0,87814.285714
u64,ahash,16384,clear-refill,quick_cache,0,99521.483871
u64,ahash,16384,clear-refill,lru,0,442851.142857
u64,ahash,16384,clear-refill,hashlink,0,270947.916667
u64,ahash,16384,clear-refill,baseline,1,89509.794118
u64,ahash,16384,clear-refill,quick_cache,1,99901.903226
u64,ahash,16384,clear-refill,lru,1,461297.571429
u64,ahash,16384,clear-refill,hashlink,1,279075.818182
u64,ahash,16384,clear-refill,micro,1,89319.852941
u64,ahash,16384,clear-refill,quick_cache,2,98947.580645
u64,ahash,16384,clear-refill,lru,2,447553.571429
u64,ahash,16384,clear-refill,hashlink,2,279996.272727
u64,ahash,16384,clear-refill,micro,2,88485.294118
u64,ahash,16384,clear-refill,baseline,2,87648.800000
u64,ahash,16384,clear-refill,lru,3,455934.571429
u64,ahash,16384,clear-refill,hashlink,3,283174.181818
u64,ahash,16384,clear-refill,micro,3,89838.235294
u64,ahash,16384,clear-refill,baseline,3,89022.058824
u64,ahash,16384,clear-refill,quick_cache,3,100547.233333
u64,ahash,16384,clear-refill,hashlink,4,267906.250000
u64,ahash,16384,clear-refill,micro,4,88957.088235
u64,ahash,16384,clear-refill,baseline,4,89237.735294
u64,ahash,16384,clear-refill,quick_cache,4,100580.566667
u64,ahash,16384,clear-refill,lru,4,460178.571429
u64,ahash,16384,clear-empty,micro,0,322.789062
u64,ahash,16384,clear-empty,baseline,0,321.676204
u64,ahash,16384,clear-empty,quick_cache,0,1.814916
u64,ahash,16384,clear-empty,lru,0,0.576455
u64,ahash,16384,clear-empty,hashlink,0,0.616850
u64,ahash,16384,clear-empty,baseline,1,332.370334
u64,ahash,16384,clear-empty,quick_cache,1,1.790340
u64,ahash,16384,clear-empty,lru,1,0.576507
u64,ahash,16384,clear-empty,hashlink,1,0.616517
u64,ahash,16384,clear-empty,micro,1,514.422045
u64,ahash,16384,clear-empty,quick_cache,2,1.831131
u64,ahash,16384,clear-empty,lru,2,0.567793
u64,ahash,16384,clear-empty,hashlink,2,0.602639
u64,ahash,16384,clear-empty,micro,2,447.494647
u64,ahash,16384,clear-empty,baseline,2,339.880915
u64,ahash,16384,clear-empty,lru,3,0.571563
u64,ahash,16384,clear-empty,hashlink,3,0.602383
u64,ahash,16384,clear-empty,micro,3,316.982580
u64,ahash,16384,clear-empty,baseline,3,317.070524
u64,ahash,16384,clear-empty,quick_cache,3,1.777258
u64,ahash,16384,clear-empty,hashlink,4,0.609987
u64,ahash,16384,clear-empty,micro,4,316.534745
u64,ahash,16384,clear-empty,baseline,4,315.596731
u64,ahash,16384,clear-empty,quick_cache,4,1.751420
u64,ahash,16384,clear-empty,lru,4,0.570144
u64,ahash,16384,iter-dense,micro,0,4580.047619
u64,ahash,16384,iter-dense,baseline,0,4601.190476
u64,ahash,16384,iter-dense,quick_cache,0,5279.440972
u64,ahash,16384,iter-dense,lru,0,23460.937500
u64,ahash,16384,iter-dense,hashlink,0,22648.956250
u64,ahash,16384,iter-dense,baseline,1,4579.799107
u64,ahash,16384,iter-dense,quick_cache,1,5303.022569
u64,ahash,16384,iter-dense,lru,1,21966.925000
u64,ahash,16384,iter-dense,hashlink,1,22029.168750
u64,ahash,16384,iter-dense,micro,1,4577.627976
u64,ahash,16384,iter-dense,quick_cache,2,5283.276042
u64,ahash,16384,iter-dense,lru,2,22281.250000
u64,ahash,16384,iter-dense,hashlink,2,22105.206250
u64,ahash,16384,iter-dense,micro,2,4581.721726
u64,ahash,16384,iter-dense,baseline,2,4594.866071
u64,ahash,16384,iter-dense,lru,3,22346.350000
u64,ahash,16384,iter-dense,hashlink,3,23531.768750
u64,ahash,16384,iter-dense,micro,3,4620.163690
u64,ahash,16384,iter-dense,baseline,3,4590.462798
u64,ahash,16384,iter-dense,quick_cache,3,5272.715278
u64,ahash,16384,iter-dense,hashlink,4,24240.554688
u64,ahash,16384,iter-dense,micro,4,4691.471875
u64,ahash,16384,iter-dense,baseline,4,4725.454687
u64,ahash,16384,iter-dense,quick_cache,4,5315.828125
u64,ahash,16384,iter-dense,lru,4,25100.585938
u64,ahash,16384,iter-dense-for,micro,0,4665.488095
u64,ahash,16384,iter-dense-for,baseline,0,4659.040179
u64,ahash,16384,iter-dense-for,quick_cache,0,5371.454861
u64,ahash,16384,iter-dense-for,lru,0,16329.645833
u64,ahash,16384,iter-dense-for,hashlink,0,18240.885417
u64,ahash,16384,iter-dense-for,baseline,1,4717.251562
u64,ahash,16384,iter-dense-for,quick_cache,1,5542.738971
u64,ahash,16384,iter-dense-for,lru,1,16307.291667
u64,ahash,16384,iter-dense-for,hashlink,1,18148.005208
u64,ahash,16384,iter-dense-for,micro,1,4661.520833
u64,ahash,16384,iter-dense-for,quick_cache,2,5417.607639
u64,ahash,16384,iter-dense-for,lru,2,16225.041667
u64,ahash,16384,iter-dense-for,hashlink,2,18113.494792
u64,ahash,16384,iter-dense-for,micro,2,4659.535714
u64,ahash,16384,iter-dense-for,baseline,2,4655.444940
u64,ahash,16384,iter-dense-for,lru,3,16289.713542
u64,ahash,16384,iter-dense-for,hashlink,3,17856.552083
u64,ahash,16384,iter-dense-for,micro,3,4581.287202
u64,ahash,16384,iter-dense-for,baseline,3,4603.857143
u64,ahash,16384,iter-dense-for,quick_cache,3,5396.772569
u64,ahash,16384,iter-dense-for,hashlink,4,20022.393750
u64,ahash,16384,iter-dense-for,micro,4,4680.369048
u64,ahash,16384,iter-dense-for,baseline,4,4671.936012
u64,ahash,16384,iter-dense-for,quick_cache,4,5420.138889
u64,ahash,16384,iter-dense-for,lru,4,18118.276042
u64,ahash,16384,iter-density-1pct,micro,0,5113.213816
u64,ahash,16384,iter-density-1pct,baseline,0,5174.753289
u64,ahash,16384,iter-density-1pct,quick_cache,0,5239.222222
u64,ahash,16384,iter-density-1pct,lru,0,188.809922
u64,ahash,16384,iter-density-1pct,hashlink,0,179.577976
u64,ahash,16384,iter-density-1pct,baseline,1,5099.300987
u64,ahash,16384,iter-density-1pct,quick_cache,1,5088.062500
u64,ahash,16384,iter-density-1pct,lru,1,181.178149
u64,ahash,16384,iter-density-1pct,hashlink,1,181.908067
u64,ahash,16384,iter-density-1pct,micro,1,5148.368421
u64,ahash,16384,iter-density-1pct,quick_cache,2,5123.697368
u64,ahash,16384,iter-density-1pct,lru,2,180.726156
u64,ahash,16384,iter-density-1pct,hashlink,2,180.992052
u64,ahash,16384,iter-density-1pct,micro,2,5095.258224
u64,ahash,16384,iter-density-1pct,baseline,2,5074.149671
u64,ahash,16384,iter-density-1pct,lru,3,180.766257
u64,ahash,16384,iter-density-1pct,hashlink,3,179.311604
u64,ahash,16384,iter-density-1pct,micro,3,5185.171053
u64,ahash,16384,iter-density-1pct,baseline,3,5265.480903
u64,ahash,16384,iter-density-1pct,quick_cache,3,4991.501645
u64,ahash,16384,iter-density-1pct,hashlink,4,182.347269
u64,ahash,16384,iter-density-1pct,micro,4,5104.167763
u64,ahash,16384,iter-density-1pct,baseline,4,5088.884868
u64,ahash,16384,iter-density-1pct,quick_cache,4,4985.197368
u64,ahash,16384,iter-density-1pct,lru,4,182.794225
u64,ahash,16384,iter-density-6pct,micro,0,4789.907812
u64,ahash,16384,iter-density-6pct,baseline,0,4809.375000
u64,ahash,16384,iter-density-6pct,quick_cache,0,4776.301562
u64,ahash,16384,iter-density-6pct,lru,0,4371.151989
u64,ahash,16384,iter-density-6pct,hashlink,0,4370.323864
u64,ahash,16384,iter-density-6pct,baseline,1,4793.554688
u64,ahash,16384,iter-density-6pct,quick_cache,1,4748.178125
u64,ahash,16384,iter-density-6pct,lru,1,4275.982955
u64,ahash,16384,iter-density-6pct,hashlink,1,4578.683036
u64,ahash,16384,iter-density-6pct,micro,1,4740.168750
u64,ahash,16384,iter-density-6pct,quick_cache,2,4704.426562
u64,ahash,16384,iter-density-6pct,lru,2,4032.605469
u64,ahash,16384,iter-density-6pct,hashlink,2,4469.805060
u64,ahash,16384,iter-density-6pct,micro,2,4742.317187
u64,ahash,16384,iter-density-6pct,baseline,2,4790.364062
u64,ahash,16384,iter-density-6pct,lru,3,4246.773098
u64,ahash,16384,iter-density-6pct,hashlink,3,4843.879687
u64,ahash,16384,iter-density-6pct,micro,3,4741.276563
u64,ahash,16384,iter-density-6pct,baseline,3,4758.984375
u64,ahash,16384,iter-density-6pct,quick_cache,3,4772.526563
u64,ahash,16384,iter-density-6pct,hashlink,4,3912.343750
u64,ahash,16384,iter-density-6pct,micro,4,4446.910511
u64,ahash,16384,iter-density-6pct,baseline,4,4719.595312
u64,ahash,16384,iter-density-6pct,quick_cache,4,4687.933036
u64,ahash,16384,iter-density-6pct,lru,4,5245.371528
u64,ahash,16384,iter-density-quarter,micro,0,4209.578804
u64,ahash,16384,iter-density-quarter,baseline,0,4169.611413
u64,ahash,16384,iter-density-quarter,quick_cache,0,4912.500000
u64,ahash,16384,iter-density-quarter,lru,0,7791.165865
u64,ahash,16384,iter-density-quarter,hashlink,0,7069.475446
u64,ahash,16384,iter-density-quarter,baseline,1,4258.717391
u64,ahash,16384,iter-density-quarter,quick_cache,1,4905.273438
u64,ahash,16384,iter-density-quarter,lru,1,7848.523438
u64,ahash,16384,iter-density-quarter,hashlink,1,6905.042411
u64,ahash,16384,iter-density-quarter,micro,1,4177.536685
u64,ahash,16384,iter-density-quarter,quick_cache,2,4863.281250
u64,ahash,16384,iter-density-quarter,lru,2,7905.705729
u64,ahash,16384,iter-density-quarter,hashlink,2,7027.901786
u64,ahash,16384,iter-density-quarter,micro,2,4295.394886
u64,ahash,16384,iter-density-quarter,baseline,2,4267.223011
u64,ahash,16384,iter-density-quarter,lru,3,7898.872396
u64,ahash,16384,iter-density-quarter,hashlink,3,6871.187500
u64,ahash,16384,iter-density-quarter,micro,3,4179.517663
u64,ahash,16384,iter-density-quarter,baseline,3,4167.798913
u64,ahash,16384,iter-density-quarter,quick_cache,3,4962.032895
u64,ahash,16384,iter-density-quarter,hashlink,4,7761.019231
u64,ahash,16384,iter-density-quarter,micro,4,4176.290761
u64,ahash,16384,iter-density-quarter,baseline,4,4193.331522
u64,ahash,16384,iter-density-quarter,quick_cache,4,5123.355263
u64,ahash,16384,iter-density-quarter,lru,4,7252.204327
u64,ahash,16384,iter-density-half,micro,0,4364.286932
u64,ahash,16384,iter-density-half,baseline,0,4659.412202
u64,ahash,16384,iter-density-half,quick_cache,0,4892.512500
u64,ahash,16384,iter-density-half,lru,0,17325.088542
u64,ahash,16384,iter-density-half,hashlink,0,15337.794643
u64,ahash,16384,iter-density-half,baseline,1,4292.671875
u64,ahash,16384,iter-density-half,quick_cache,1,4974.643092
u64,ahash,16384,iter-density-half,lru,1,17434.244792
u64,ahash,16384,iter-density-half,hashlink,1,16712.239583
u64,ahash,16384,iter-density-half,micro,1,4398.792614
u64,ahash,16384,iter-density-half,quick_cache,2,5101.220395
u64,ahash,16384,iter-density-half,lru,2,16004.338542
u64,ahash,16384,iter-density-half,hashlink,2,17083.333333
u64,ahash,16384,iter-density-half,micro,2,4367.660511
u64,ahash,16384,iter-density-half,baseline,2,4320.075284
u64,ahash,16384,iter-density-half,lru,3,15503.160714
u64,ahash,16384,iter-density-half,hashlink,3,16216.796875
u64,ahash,16384,iter-density-half,micro,3,4373.461648
u64,ahash,16384,iter-density-half,baseline,3,4383.463068
u64,ahash,16384,iter-density-half,quick_cache,3,5020.697368
u64,ahash,16384,iter-density-half,hashlink,4,17252.604167
u64,ahash,16384,iter-density-half,micro,4,4337.122159
u64,ahash,16384,iter-density-half,baseline,4,4391.867898
u64,ahash,16384,iter-density-half,quick_cache,4,5179.960526
u64,ahash,16384,iter-density-half,lru,4,17244.354167
u64,ahash,16384,iter-front,micro,0,4117.187500
u64,ahash,16384,iter-front,baseline,0,4128.906250
u64,ahash,16384,iter-front,quick_cache,0,5043.585526
u64,ahash,16384,iter-front,lru,0,1.203003
u64,ahash,16384,iter-front,hashlink,0,1.178682
u64,ahash,16384,iter-front,baseline,1,4227.016304
u64,ahash,16384,iter-front,quick_cache,1,5187.157895
u64,ahash,16384,iter-front,lru,1,1.220576
u64,ahash,16384,iter-front,hashlink,1,1.170924
u64,ahash,16384,iter-front,micro,1,4258.322011
u64,ahash,16384,iter-front,quick_cache,2,5105.949013
u64,ahash,16384,iter-front,lru,2,1.225154
u64,ahash,16384,iter-front,hashlink,2,1.183324
u64,ahash,16384,iter-front,micro,2,4229.619565
u64,ahash,16384,iter-front,baseline,2,4129.528533
u64,ahash,16384,iter-front,lru,3,1.207823
u64,ahash,16384,iter-front,hashlink,3,1.176389
u64,ahash,16384,iter-front,micro,3,4210.427989
u64,ahash,16384,iter-front,baseline,3,4151.891304
u64,ahash,16384,iter-front,quick_cache,3,5051.603618
u64,ahash,16384,iter-front,hashlink,4,1.190567
u64,ahash,16384,iter-front,micro,4,4206.407609
u64,ahash,16384,iter-front,baseline,4,4195.482337
u64,ahash,16384,iter-front,quick_cache,4,5059.758224
u64,ahash,16384,iter-front,lru,4,1.208274
u64,ahash,16384,iter-back,micro,0,4194.520380
u64,ahash,16384,iter-back,baseline,0,4183.876359
u64,ahash,16384,iter-back,quick_cache,0,5075.726974
u64,ahash,16384,iter-back,lru,0,1.206533
u64,ahash,16384,iter-back,hashlink,0,1.181415
u64,ahash,16384,iter-back,baseline,1,4185.009511
u64,ahash,16384,iter-back,quick_cache,1,5154.810855
u64,ahash,16384,iter-back,lru,1,1.236106
u64,ahash,16384,iter-back,hashlink,1,1.182264
u64,ahash,16384,iter-back,micro,1,4169.722826
u64,ahash,16384,iter-back,quick_cache,2,5078.330592
u64,ahash,16384,iter-back,lru,2,1.213718
u64,ahash,16384,iter-back,hashlink,2,1.183832
u64,ahash,16384,iter-back,micro,2,4129.415761
u64,ahash,16384,iter-back,baseline,2,4124.433424
u64,ahash,16384,iter-back,lru,3,1.216458
u64,ahash,16384,iter-back,hashlink,3,1.169098
u64,ahash,16384,iter-back,micro,3,4168.478261
u64,ahash,16384,iter-back,baseline,3,4173.063859
u64,ahash,16384,iter-back,quick_cache,3,5119.722039
u64,ahash,16384,iter-back,hashlink,4,1.196905
u64,ahash,16384,iter-back,micro,4,4113.168478
u64,ahash,16384,iter-back,baseline,4,4158.910326
u64,ahash,16384,iter-back,quick_cache,4,5138.157895
u64,ahash,16384,iter-back,lru,4,1.211397
u64,ahash,16384,iter-empty,micro,0,4120.187500
u64,ahash,16384,iter-empty,baseline,0,4128.566576
u64,ahash,16384,iter-empty,quick_cache,0,5096.902961
u64,ahash,16384,iter-empty,lru,0,1.021854
u64,ahash,16384,iter-empty,hashlink,0,1.036851
u64,ahash,16384,iter-empty,baseline,1,4088.711957
u64,ahash,16384,iter-empty,quick_cache,1,5108.483553
u64,ahash,16384,iter-empty,lru,1,0.998371
u64,ahash,16384,iter-empty,hashlink,1,1.009291
u64,ahash,16384,iter-empty,micro,1,4071.289062
u64,ahash,16384,iter-empty,quick_cache,2,5065.036184
u64,ahash,16384,iter-empty,lru,2,1.001164
u64,ahash,16384,iter-empty,hashlink,2,1.005912
u64,ahash,16384,iter-empty,micro,2,4068.902344
u64,ahash,16384,iter-empty,baseline,2,4068.088542
u64,ahash,16384,iter-empty,lru,3,1.005481
u64,ahash,16384,iter-empty,hashlink,3,1.024344
u64,ahash,16384,iter-empty,micro,3,4182.858696
u64,ahash,16384,iter-empty,baseline,3,4103.714674
u64,ahash,16384,iter-empty,quick_cache,3,5074.972039
u64,ahash,16384,iter-empty,hashlink,4,1.009258
u64,ahash,16384,iter-empty,micro,4,4073.947917
u64,ahash,16384,iter-empty,baseline,4,4099.976902
u64,ahash,16384,iter-empty,quick_cache,4,5082.031250
u64,ahash,16384,iter-empty,lru,4,0.977194
u64,ahash,16384,iter-count,micro,0,4124.837240
u64,ahash,16384,iter-count,baseline,0,4149.957031
u64,ahash,16384,iter-count,quick_cache,0,7931.478516
u64,ahash,16384,iter-count,lru,0,0.394643
u64,ahash,16384,iter-count,hashlink,0,0.389690
u64,ahash,16384,iter-count,baseline,1,4114.311198
u64,ahash,16384,iter-count,quick_cache,1,7999.347656
u64,ahash,16384,iter-count,lru,1,0.391061
u64,ahash,16384,iter-count,hashlink,1,0.389514
u64,ahash,16384,iter-count,micro,1,4113.824219
u64,ahash,16384,iter-count,quick_cache,2,8057.453125
u64,ahash,16384,iter-count,lru,2,0.395963
u64,ahash,16384,iter-count,hashlink,2,0.395589
u64,ahash,16384,iter-count,micro,2,4124.023438
u64,ahash,16384,iter-count,baseline,2,4133.626302
u64,ahash,16384,iter-count,lru,3,0.389936
u64,ahash,16384,iter-count,hashlink,3,0.389444
u64,ahash,16384,iter-count,micro,3,4119.574219
u64,ahash,16384,iter-count,baseline,3,4120.877604
u64,ahash,16384,iter-count,quick_cache,3,8102.945312
u64,ahash,16384,iter-count,hashlink,4,0.399717
u64,ahash,16384,iter-count,micro,4,4126.139323
u64,ahash,16384,iter-count,baseline,4,4174.045573
u64,ahash,16384,iter-count,quick_cache,4,8020.427734
u64,ahash,16384,iter-count,lru,4,0.390949
string24,sip,128,get-hit,micro,0,9.306079
string24,sip,128,get-hit,baseline,0,9.310913
string24,sip,128,get-hit,quick_cache,0,9.305826
string24,sip,128,get-hit,lru,0,9.907903
string24,sip,128,get-hit,hashlink,0,9.403589
string24,sip,128,get-hit,baseline,1,9.425500
string24,sip,128,get-hit,quick_cache,1,9.420150
string24,sip,128,get-hit,lru,1,9.920549
string24,sip,128,get-hit,hashlink,1,9.270352
string24,sip,128,get-hit,micro,1,9.323502
string24,sip,128,get-hit,quick_cache,2,9.272638
string24,sip,128,get-hit,lru,2,9.923713
string24,sip,128,get-hit,hashlink,2,9.226990
string24,sip,128,get-hit,micro,2,9.274292
string24,sip,128,get-hit,baseline,2,9.276453
string24,sip,128,get-hit,lru,3,9.900480
string24,sip,128,get-hit,hashlink,3,9.203339
string24,sip,128,get-hit,micro,3,9.369531
string24,sip,128,get-hit,baseline,3,9.413239
string24,sip,128,get-hit,quick_cache,3,9.525397
string24,sip,128,get-hit,hashlink,4,9.223557
string24,sip,128,get-hit,micro,4,13.326189
string24,sip,128,get-hit,baseline,4,27.535575
string24,sip,128,get-hit,quick_cache,4,16.322260
string24,sip,128,get-hit,lru,4,20.336753
string24,sip,128,get-miss,micro,0,7.822024
string24,sip,128,get-miss,baseline,0,7.607285
string24,sip,128,get-miss,quick_cache,0,7.721161
string24,sip,128,get-miss,lru,0,8.242909
string24,sip,128,get-miss,hashlink,0,7.405701
string24,sip,128,get-miss,baseline,1,7.374268
string24,sip,128,get-miss,quick_cache,1,7.500162
string24,sip,128,get-miss,lru,1,7.934355
string24,sip,128,get-miss,hashlink,1,7.490718
string24,sip,128,get-miss,micro,1,7.550298
string24,sip,128,get-miss,quick_cache,2,7.480337
string24,sip,128,get-miss,lru,2,7.574899
string24,sip,128,get-miss,hashlink,2,7.376812
string24,sip,128,get-miss,micro,2,7.657262
string24,sip,128,get-miss,baseline,2,7.468162
string24,sip,128,get-miss,lru,3,7.506908
string24,sip,128,get-miss,hashlink,3,7.391152
string24,sip,128,get-miss,micro,3,7.407837
string24,sip,128,get-miss,baseline,3,7.632362
string24,sip,128,get-miss,quick_cache,3,7.629395
string24,sip,128,get-miss,hashlink,4,7.525799
string24,sip,128,get-miss,micro,4,7.565973
string24,sip,128,get-miss,baseline,4,7.519158
string24,sip,128,get-miss,quick_cache,4,7.532237
string24,sip,128,get-miss,lru,4,7.634270
string24,sip,128,update,micro,0,21.974753
string24,sip,128,update,baseline,0,22.038474
string24,sip,128,update,quick_cache,0,41.931152
string24,sip,128,update,lru,0,22.823264
string24,sip,128,update,hashlink,0,22.050444
string24,sip,128,update,baseline,1,21.877212
string24,sip,128,update,quick_cache,1,41.910807
string24,sip,128,update,lru,1,23.077644
string24,sip,128,update,hashlink,1,22.495943
string24,sip,128,update,micro,1,22.245821
string24,sip,128,update,quick_cache,2,40.939887
string24,sip,128,update,lru,2,22.142298
string24,sip,128,update,hashlink,2,22.180592
string24,sip,128,update,micro,2,22.108492
string24,sip,128,update,baseline,2,22.507913
string24,sip,128,update,lru,3,22.389433
string24,sip,128,update,hashlink,3,22.240134
string24,sip,128,update,micro,3,21.981036
string24,sip,128,update,baseline,3,22.227862
string24,sip,128,update,quick_cache,3,42.471422
string24,sip,128,update,hashlink,4,22.161147
string24,sip,128,update,micro,4,22.629380
string24,sip,128,update,baseline,4,22.352632
string24,sip,128,update,quick_cache,4,41.072700
string24,sip,128,update,lru,4,22.679652
string24,sip,128,insert-cycle,micro,0,42.904596
string24,sip,128,insert-cycle,baseline,0,43.255232
string24,sip,128,insert-cycle,quick_cache,0,40.045728
string24,sip,128,insert-cycle,lru,0,62.844669
string24,sip,128,insert-cycle,hashlink,0,65.496072
string24,sip,128,insert-cycle,baseline,1,42.840443
string24,sip,128,insert-cycle,quick_cache,1,40.075725
string24,sip,128,insert-cycle,lru,1,63.589189
string24,sip,128,insert-cycle,hashlink,1,65.451389
string24,sip,128,insert-cycle,micro,1,43.842671
string24,sip,128,insert-cycle,quick_cache,2,40.309211
string24,sip,128,insert-cycle,lru,2,62.532040
string24,sip,128,insert-cycle,hashlink,2,65.051105
string24,sip,128,insert-cycle,micro,2,42.836878
string24,sip,128,insert-cycle,baseline,2,43.738821
string24,sip,128,insert-cycle,lru,3,62.620325
string24,sip,128,insert-cycle,hashlink,3,65.321181
string24,sip,128,insert-cycle,micro,3,42.981857
string24,sip,128,insert-cycle,baseline,3,43.677872
string24,sip,128,insert-cycle,quick_cache,3,40.587600
string24,sip,128,insert-cycle,hashlink,4,65.347396
string24,sip,128,insert-cycle,micro,4,45.092142
string24,sip,128,insert-cycle,baseline,4,43.628863
string24,sip,128,insert-cycle,quick_cache,4,40.187326
string24,sip,128,insert-cycle,lru,4,64.301934
string24,sip,128,mixed-95,micro,0,16.604165
string24,sip,128,mixed-95,baseline,0,16.621689
string24,sip,128,mixed-95,quick_cache,0,19.936482
string24,sip,128,mixed-95,lru,0,21.199504
string24,sip,128,mixed-95,hashlink,0,18.908083
string24,sip,128,mixed-95,baseline,1,16.516626
string24,sip,128,mixed-95,quick_cache,1,19.378603
string24,sip,128,mixed-95,lru,1,18.372556
string24,sip,128,mixed-95,hashlink,1,19.095878
string24,sip,128,mixed-95,micro,1,16.428570
string24,sip,128,mixed-95,quick_cache,2,19.297381
string24,sip,128,mixed-95,lru,2,18.401504
string24,sip,128,mixed-95,hashlink,2,19.045293
string24,sip,128,mixed-95,micro,2,16.586185
string24,sip,128,mixed-95,baseline,2,16.716599
string24,sip,128,mixed-95,lru,3,18.629651
string24,sip,128,mixed-95,hashlink,3,18.637776
string24,sip,128,mixed-95,micro,3,16.592085
string24,sip,128,mixed-95,baseline,3,16.503513
string24,sip,128,mixed-95,quick_cache,3,19.453088
string24,sip,128,mixed-95,hashlink,4,18.789411
string24,sip,128,mixed-95,micro,4,16.694089
string24,sip,128,mixed-95,baseline,4,16.531149
string24,sip,128,mixed-95,quick_cache,4,19.105434
string24,sip,128,mixed-95,lru,4,18.480221
string24,sip,128,load-hit,micro,0,12.655501
string24,sip,128,load-hit,baseline,0,21.753949
string24,sip,128,load-hit,quick_cache,0,12.985928
string24,sip,128,load-hit,lru,0,12.579517
string24,sip,128,load-hit,hashlink,0,9.260431
string24,sip,128,load-hit,baseline,1,21.569946
string24,sip,128,load-hit,quick_cache,1,13.014169
string24,sip,128,load-hit,lru,1,12.512716
string24,sip,128,load-hit,hashlink,1,9.278107
string24,sip,128,load-hit,micro,1,12.603080
string24,sip,128,load-hit,quick_cache,2,13.058194
string24,sip,128,load-hit,lru,2,12.534587
string24,sip,128,load-hit,hashlink,2,9.259924
string24,sip,128,load-hit,micro,2,12.767923
string24,sip,128,load-hit,baseline,2,21.686330
string24,sip,128,load-hit,lru,3,12.504069
string24,sip,128,load-hit,hashlink,3,9.269205
string24,sip,128,load-hit,micro,3,12.853162
string24,sip,128,load-hit,baseline,3,21.897260
string24,sip,128,load-hit,quick_cache,3,13.215384
string24,sip,128,load-hit,hashlink,4,9.431888
string24,sip,128,load-hit,micro,4,12.990491
string24,sip,128,load-hit,baseline,4,22.173713
string24,sip,128,load-hit,quick_cache,4,13.236455
string24,sip,128,load-hit,lru,4,12.641993
string24,sip,128,load-cycle,micro,0,44.188836
string24,sip,128,load-cycle,baseline,0,43.751574
string24,sip,128,load-cycle,quick_cache,0,26.604131
string24,sip,128,load-cycle,lru,0,59.929050
string24,sip,128,load-cycle,hashlink,0,67.834402
string24,sip,128,load-cycle,baseline,1,44.884602
string24,sip,128,load-cycle,quick_cache,1,26.618525
string24,sip,128,load-cycle,lru,1,59.656250
string24,sip,128,load-cycle,hashlink,1,67.589529
string24,sip,128,load-cycle,micro,1,43.839028
string24,sip,128,load-cycle,quick_cache,2,26.676065
string24,sip,128,load-cycle,lru,2,60.339042
string24,sip,128,load-cycle,hashlink,2,66.922275
string24,sip,128,load-cycle,micro,2,44.078096
string24,sip,128,load-cycle,baseline,2,43.862101
string24,sip,128,load-cycle,lru,3,59.762809
string24,sip,128,load-cycle,hashlink,3,67.269353
string24,sip,128,load-cycle,micro,3,43.987974
string24,sip,128,load-cycle,baseline,3,48.960368
string24,sip,128,load-cycle,quick_cache,3,28.624400
string24,sip,128,load-cycle,hashlink,4,68.984852
string24,sip,128,load-cycle,micro,4,46.515904
string24,sip,128,load-cycle,baseline,4,44.605632
string24,sip,128,load-cycle,quick_cache,4,26.872604
string24,sip,128,load-cycle,lru,4,63.399155
string24,sip,128,clear-refill,micro,0,3073.226203
string24,sip,128,clear-refill,baseline,0,3069.529652
string24,sip,128,clear-refill,quick_cache,0,3217.979636
string24,sip,128,clear-refill,lru,0,8104.897574
string24,sip,128,clear-refill,hashlink,0,5059.935919
string24,sip,128,clear-refill,baseline,1,3031.439394
string24,sip,128,clear-refill,quick_cache,1,3229.996771
string24,sip,128,clear-refill,lru,1,7968.501326
string24,sip,128,clear-refill,hashlink,1,5219.203478
string24,sip,128,clear-refill,micro,1,3059.548420
string24,sip,128,clear-refill,quick_cache,2,3169.262936
string24,sip,128,clear-refill,lru,2,7911.184211
string24,sip,128,clear-refill,hashlink,2,5175.286207
string24,sip,128,clear-refill,micro,2,3120.235967
string24,sip,128,clear-refill,baseline,2,3144.873166
string24,sip,128,clear-refill,lru,3,8058.198391
string24,sip,128,clear-refill,hashlink,3,5043.976471
string24,sip,128,clear-refill,micro,3,3035.642063
string24,sip,128,clear-refill,baseline,3,3055.923625
string24,sip,128,clear-refill,quick_cache,3,3232.777180
string24,sip,128,clear-refill,hashlink,4,5011.130217
string24,sip,128,clear-refill,micro,4,3020.414487
string24,sip,128,clear-refill,baseline,4,3073.397134
string24,sip,128,clear-refill,quick_cache,4,3218.470525
string24,sip,128,clear-refill,lru,4,8212.204918
string24,sip,128,clear-empty,micro,0,48.858643
string24,sip,128,clear-empty,baseline,0,48.090356
string24,sip,128,clear-empty,quick_cache,0,4.033389
string24,sip,128,clear-empty,lru,0,2.224249
string24,sip,128,clear-empty,hashlink,0,0.643269
string24,sip,128,clear-empty,baseline,1,47.619607
string24,sip,128,clear-empty,quick_cache,1,3.979123
string24,sip,128,clear-empty,lru,1,2.223559
string24,sip,128,clear-empty,hashlink,1,0.637773
string24,sip,128,clear-empty,micro,1,47.717908
string24,sip,128,clear-empty,quick_cache,2,3.975815
string24,sip,128,clear-empty,lru,2,2.214009
string24,sip,128,clear-empty,hashlink,2,0.618519
string24,sip,128,clear-empty,micro,2,47.485846
string24,sip,128,clear-empty,baseline,2,47.514834
string24,sip,128,clear-empty,lru,3,2.234613
string24,sip,128,clear-empty,hashlink,3,0.638972
string24,sip,128,clear-empty,micro,3,47.361312
string24,sip,128,clear-empty,baseline,3,47.171106
string24,sip,128,clear-empty,quick_cache,3,3.955853
string24,sip,128,clear-empty,hashlink,4,0.616720
string24,sip,128,clear-empty,micro,4,41.298732
string24,sip,128,clear-empty,baseline,4,40.870440
string24,sip,128,clear-empty,quick_cache,4,3.953804
string24,sip,128,clear-empty,lru,4,2.246387
string24,sip,128,iter-dense,micro,0,39.212803
string24,sip,128,iter-dense,baseline,0,39.346635
string24,sip,128,iter-dense,quick_cache,0,29.645758
string24,sip,128,iter-dense,lru,0,140.344731
string24,sip,128,iter-dense,hashlink,0,140.554723
string24,sip,128,iter-dense,baseline,1,38.397599
string24,sip,128,iter-dense,quick_cache,1,29.284676
string24,sip,128,iter-dense,lru,1,138.147367
string24,sip,128,iter-dense,hashlink,1,134.049464
string24,sip,128,iter-dense,micro,1,38.081971
string24,sip,128,iter-dense,quick_cache,2,29.001866
string24,sip,128,iter-dense,lru,2,136.174483
string24,sip,128,iter-dense,hashlink,2,133.100621
string24,sip,128,iter-dense,micro,2,38.885356
string24,sip,128,iter-dense,baseline,2,37.159693
string24,sip,128,iter-dense,lru,3,128.943810
string24,sip,128,iter-dense,hashlink,3,128.128928
string24,sip,128,iter-dense,micro,3,38.462200
string24,sip,128,iter-dense,baseline,3,38.014808
string24,sip,128,iter-dense,quick_cache,3,29.135430
string24,sip,128,iter-dense,hashlink,4,132.464910
string24,sip,128,iter-dense,micro,4,38.547125
string24,sip,128,iter-dense,baseline,4,38.052126
string24,sip,128,iter-dense,quick_cache,4,29.174928
string24,sip,128,iter-dense,lru,4,132.459393
string24,sip,128,iter-dense-for,micro,0,38.083558
string24,sip,128,iter-dense-for,baseline,0,38.468071
string24,sip,128,iter-dense-for,quick_cache,0,70.666729
string24,sip,128,iter-dense-for,lru,0,83.638799
string24,sip,128,iter-dense-for,hashlink,0,72.531975
string24,sip,128,iter-dense-for,baseline,1,38.271684
string24,sip,128,iter-dense-for,quick_cache,1,71.776970
string24,sip,128,iter-dense-for,lru,1,81.432210
string24,sip,128,iter-dense-for,hashlink,1,71.422196
string24,sip,128,iter-dense-for,micro,1,38.327110
string24,sip,128,iter-dense-for,quick_cache,2,69.650817
string24,sip,128,iter-dense-for,lru,2,80.876212
string24,sip,128,iter-dense-for,hashlink,2,71.248480
string24,sip,128,iter-dense-for,micro,2,38.054231
string24,sip,128,iter-dense-for,baseline,2,37.919961
string24,sip,128,iter-dense-for,lru,3,81.573832
string24,sip,128,iter-dense-for,hashlink,3,71.145320
string24,sip,128,iter-dense-for,micro,3,38.023900
string24,sip,128,iter-dense-for,baseline,3,37.934238
string24,sip,128,iter-dense-for,quick_cache,3,69.635857
string24,sip,128,iter-dense-for,hashlink,4,71.488543
string24,sip,128,iter-dense-for,micro,4,38.224878
string24,sip,128,iter-dense-for,baseline,4,38.095337
string24,sip,128,iter-dense-for,quick_cache,4,69.473380
string24,sip,128,iter-dense-for,lru,4,80.795327
string24,sip,128,iter-density-1pct,micro,0,37.505738
string24,sip,128,iter-density-1pct,baseline,0,37.267215
string24,sip,128,iter-density-1pct,quick_cache,0,26.507722
string24,sip,128,iter-density-1pct,lru,0,1.308188
string24,sip,128,iter-density-1pct,hashlink,0,1.283737
string24,sip,128,iter-density-1pct,baseline,1,38.524869
string24,sip,128,iter-density-1pct,quick_cache,1,27.614138
string24,sip,128,iter-density-1pct,lru,1,1.318436
string24,sip,128,iter-density-1pct,hashlink,1,1.288961
string24,sip,128,iter-density-1pct,micro,1,39.000754
string24,sip,128,iter-density-1pct,quick_cache,2,26.655690
string24,sip,128,iter-density-1pct,lru,2,1.298962
string24,sip,128,iter-density-1pct,hashlink,2,1.280126
string24,sip,128,iter-density-1pct,micro,2,38.387203
string24,sip,128,iter-density-1pct,baseline,2,37.657405
string24,sip,128,iter-density-1pct,lru,3,1.302807
string24,sip,128,iter-density-1pct,hashlink,3,1.263886
string24,sip,128,iter-density-1pct,micro,3,38.196920
string24,sip,128,iter-density-1pct,baseline,3,37.772487
string24,sip,128,iter-density-1pct,quick_cache,3,26.621726
string24,sip,128,iter-density-1pct,hashlink,4,1.268126
string24,sip,128,iter-density-1pct,micro,4,38.156288
string24,sip,128,iter-density-1pct,baseline,4,37.686621
string24,sip,128,iter-density-1pct,quick_cache,4,26.725004
string24,sip,128,iter-density-1pct,lru,4,1.297326
string24,sip,128,iter-density-6pct,micro,0,36.341243
string24,sip,128,iter-density-6pct,baseline,0,36.049332
string24,sip,128,iter-density-6pct,quick_cache,0,27.007353
string24,sip,128,iter-density-6pct,lru,0,3.557433
string24,sip,128,iter-density-6pct,hashlink,0,3.167016
string24,sip,128,iter-density-6pct,baseline,1,36.489750
string24,sip,128,iter-density-6pct,quick_cache,1,28.216371
string24,sip,128,iter-density-6pct,lru,1,3.651088
string24,sip,128,iter-density-6pct,hashlink,1,3.226062
string24,sip,128,iter-density-6pct,micro,1,36.923807
string24,sip,128,iter-density-6pct,quick_cache,2,27.149229
string24,sip,128,iter-density-6pct,lru,2,3.583766
string24,sip,128,iter-density-6pct,hashlink,2,3.216455
string24,sip,128,iter-density-6pct,micro,2,37.710683
string24,sip,128,iter-density-6pct,baseline,2,36.742016
string24,sip,128,iter-density-6pct,lru,3,3.566909
string24,sip,128,iter-density-6pct,hashlink,3,3.162955
string24,sip,128,iter-density-6pct,micro,3,36.411311
string24,sip,128,iter-density-6pct,baseline,3,36.101355
string24,sip,128,iter-density-6pct,quick_cache,3,27.179955
string24,sip,128,iter-density-6pct,hashlink,4,3.165134
string24,sip,128,iter-density-6pct,micro,4,35.567230
string24,sip,128,iter-density-6pct,baseline,4,34.617917
string24,sip,128,iter-density-6pct,quick_cache,4,23.629788
string24,sip,128,iter-density-6pct,lru,4,3.050012
string24,sip,128,iter-density-quarter,micro,0,37.224382
string24,sip,128,iter-density-quarter,baseline,0,36.900568
string24,sip,128,iter-density-quarter,quick_cache,0,22.660910
string24,sip,128,iter-density-quarter,lru,0,18.941503
string24,sip,128,iter-density-quarter,hashlink,0,18.785639
string24,sip,128,iter-density-quarter,baseline,1,36.783212
string24,sip,128,iter-density-quarter,quick_cache,1,22.347675
string24,sip,128,iter-density-quarter,lru,1,19.212935
string24,sip,128,iter-density-quarter,hashlink,1,18.952459
string24,sip,128,iter-density-quarter,micro,1,36.983272
string24,sip,128,iter-density-quarter,quick_cache,2,22.293925
string24,sip,128,iter-density-quarter,lru,2,19.490380
string24,sip,128,iter-density-quarter,hashlink,2,19.571201
string24,sip,128,iter-density-quarter,micro,2,37.337278
string24,sip,128,iter-density-quarter,baseline,2,36.661430
string24,sip,128,iter-density-quarter,lru,3,19.017812
string24,sip,128,iter-density-quarter,hashlink,3,18.899497
string24,sip,128,iter-density-quarter,micro,3,37.485518
string24,sip,128,iter-density-quarter,baseline,3,36.846648
string24,sip,128,iter-density-quarter,quick_cache,3,21.835213
string24,sip,128,iter-density-quarter,hashlink,4,19.028599
string24,sip,128,iter-density-quarter,micro,4,37.021220
string24,sip,128,iter-density-quarter,baseline,4,36.816181
string24,sip,128,iter-density-quarter,quick_cache,4,21.808306
string24,sip,128,iter-density-quarter,lru,4,18.993371
string24,sip,128,iter-density-half,micro,0,37.667299
string24,sip,128,iter-density-half,baseline,0,38.022848
string24,sip,128,iter-density-half,quick_cache,0,24.970872
string24,sip,128,iter-density-half,lru,0,52.171014
string24,sip,128,iter-density-half,hashlink,0,50.849037
string24,sip,128,iter-density-half,baseline,1,37.544611
string24,sip,128,iter-density-half,quick_cache,1,24.773984
string24,sip,128,iter-density-half,lru,1,52.185500
string24,sip,128,iter-density-half,hashlink,1,50.937551
string24,sip,128,iter-density-half,micro,1,37.738405
string24,sip,128,iter-density-half,quick_cache,2,24.912892
string24,sip,128,iter-density-half,lru,2,52.830106
string24,sip,128,iter-density-half,hashlink,2,52.312082
string24,sip,128,iter-density-half,micro,2,38.223820
string24,sip,128,iter-density-half,baseline,2,38.184548
string24,sip,128,iter-density-half,lru,3,53.901760
string24,sip,128,iter-density-half,hashlink,3,51.184958
string24,sip,128,iter-density-half,micro,3,37.509375
string24,sip,128,iter-density-half,baseline,3,37.663680
string24,sip,128,iter-density-half,quick_cache,3,24.985570
string24,sip,128,iter-density-half,hashlink,4,51.903189
string24,sip,128,iter-density-half,micro,4,37.674631
string24,sip,128,iter-density-half,baseline,4,37.802936
string24,sip,128,iter-density-half,quick_cache,4,24.756090
string24,sip,128,iter-density-half,lru,4,52.178248
string24,sip,128,iter-front,micro,0,37.114014
string24,sip,128,iter-front,baseline,0,36.912020
string24,sip,128,iter-front,quick_cache,0,29.281426
string24,sip,128,iter-front,lru,0,1.195135
string24,sip,128,iter-front,hashlink,0,1.152527
string24,sip,128,iter-front,baseline,1,37.813974
string24,sip,128,iter-front,quick_cache,1,29.424959
string24,sip,128,iter-front,lru,1,1.193128
string24,sip,128,iter-front,hashlink,1,1.142972
string24,sip,128,iter-front,micro,1,37.913112
string24,sip,128,iter-front,quick_cache,2,29.490406
string24,sip,128,iter-front,lru,2,1.180626
string24,sip,128,iter-front,hashlink,2,1.178134
string24,sip,128,iter-front,micro,2,38.437077
string24,sip,128,iter-front,baseline,2,37.971889
string24,sip,128,iter-front,lru,3,1.213765
string24,sip,128,iter-front,hashlink,3,1.206937
string24,sip,128,iter-front,micro,3,39.254356
string24,sip,128,iter-front,baseline,3,37.613643
string24,sip,128,iter-front,quick_cache,3,29.789499
string24,sip,128,iter-front,hashlink,4,1.192718
string24,sip,128,iter-front,micro,4,38.392800
string24,sip,128,iter-front,baseline,4,37.664241
string24,sip,128,iter-front,quick_cache,4,29.752876
string24,sip,128,iter-front,lru,4,1.196615
string24,sip,128,iter-back,micro,0,38.564377
string24,sip,128,iter-back,baseline,0,38.195863
string24,sip,128,iter-back,quick_cache,0,26.465037
string24,sip,128,iter-back,lru,0,1.199463
string24,sip,128,iter-back,hashlink,0,1.143167
string24,sip,128,iter-back,baseline,1,38.542848
string24,sip,128,iter-back,quick_cache,1,26.747504
string24,sip,128,iter-back,lru,1,1.206937
string24,sip,128,iter-back,hashlink,1,1.147294
string24,sip,128,iter-back,micro,1,38.739261
string24,sip,128,iter-back,quick_cache,2,26.720718
string24,sip,128,iter-back,lru,2,1.179735
string24,sip,128,iter-back,hashlink,2,1.173900
string24,sip,128,iter-back,micro,2,38.847828
string24,sip,128,iter-back,baseline,2,38.461123
string24,sip,128,iter-back,lru,3,1.199371
string24,sip,128,iter-back,hashlink,3,1.176936
string24,sip,128,iter-back,micro,3,39.104853
string24,sip,128,iter-back,baseline,3,38.732807
string24,sip,128,iter-back,quick_cache,3,27.308105
string24,sip,128,iter-back,hashlink,4,1.190385
string24,sip,128,iter-back,micro,4,38.649771
string24,sip,128,iter-back,baseline,4,38.357937
string24,sip,128,iter-back,quick_cache,4,26.728709
string24,sip,128,iter-back,lru,4,1.224898
string24,sip,128,iter-empty,micro,0,37.819774
string24,sip,128,iter-empty,baseline,0,37.489179
string24,sip,128,iter-empty,quick_cache,0,25.927155
string24,sip,128,iter-empty,lru,0,1.011862
string24,sip,128,iter-empty,hashlink,0,0.995265
string24,sip,128,iter-empty,baseline,1,37.785078
string24,sip,128,iter-empty,quick_cache,1,22.275555
string24,sip,128,iter-empty,lru,1,0.971684
string24,sip,128,iter-empty,hashlink,1,0.994706
string24,sip,128,iter-empty,micro,1,37.021726
string24,sip,128,iter-empty,quick_cache,2,21.066776
string24,sip,128,iter-empty,lru,2,0.989321
string24,sip,128,iter-empty,hashlink,2,0.992263
string24,sip,128,iter-empty,micro,2,37.599614
string24,sip,128,iter-empty,baseline,2,37.343501
string24,sip,128,iter-empty,lru,3,0.987414
string24,sip,128,iter-empty,hashlink,3,1.001014
string24,sip,128,iter-empty,micro,3,38.487890
string24,sip,128,iter-empty,baseline,3,38.032987
string24,sip,128,iter-empty,quick_cache,3,21.308892
string24,sip,128,iter-empty,hashlink,4,1.006928
string24,sip,128,iter-empty,micro,4,39.084749
string24,sip,128,iter-empty,baseline,4,38.629545
string24,sip,128,iter-empty,quick_cache,4,21.089884
string24,sip,128,iter-empty,lru,4,0.989906
string24,sip,128,iter-count,micro,0,37.492612
string24,sip,128,iter-count,baseline,0,37.050843
string24,sip,128,iter-count,quick_cache,0,55.092503
string24,sip,128,iter-count,lru,0,0.397845
string24,sip,128,iter-count,hashlink,0,0.394696
string24,sip,128,iter-count,baseline,1,37.189206
string24,sip,128,iter-count,quick_cache,1,55.123826
string24,sip,128,iter-count,lru,1,0.394332
string24,sip,128,iter-count,hashlink,1,0.395669
string24,sip,128,iter-count,micro,1,37.032359
string24,sip,128,iter-count,quick_cache,2,55.469819
string24,sip,128,iter-count,lru,2,0.396700
string24,sip,128,iter-count,hashlink,2,0.394611
string24,sip,128,iter-count,micro,2,37.256634
string24,sip,128,iter-count,baseline,2,36.930744
string24,sip,128,iter-count,lru,3,0.395476
string24,sip,128,iter-count,hashlink,3,0.394927
string24,sip,128,iter-count,micro,3,37.189725
string24,sip,128,iter-count,baseline,3,36.931260
string24,sip,128,iter-count,quick_cache,3,55.637070
string24,sip,128,iter-count,hashlink,4,0.400236
string24,sip,128,iter-count,micro,4,38.294826
string24,sip,128,iter-count,baseline,4,37.353516
string24,sip,128,iter-count,quick_cache,4,56.589769
string24,sip,128,iter-count,lru,4,0.394184
string24,sip,1024,get-hit,micro,0,11.607803
string24,sip,1024,get-hit,baseline,0,11.599220
string24,sip,1024,get-hit,quick_cache,0,11.555672
string24,sip,1024,get-hit,lru,0,12.485417
string24,sip,1024,get-hit,hashlink,0,11.712234
string24,sip,1024,get-hit,baseline,1,11.552811
string24,sip,1024,get-hit,quick_cache,1,11.498928
string24,sip,1024,get-hit,lru,1,12.492879
string24,sip,1024,get-hit,hashlink,1,11.744499
string24,sip,1024,get-hit,micro,1,11.499565
string24,sip,1024,get-hit,quick_cache,2,11.671066
string24,sip,1024,get-hit,lru,2,12.533740
string24,sip,1024,get-hit,hashlink,2,11.816371
string24,sip,1024,get-hit,micro,2,11.491142
string24,sip,1024,get-hit,baseline,2,11.569660
string24,sip,1024,get-hit,lru,3,12.565446
string24,sip,1024,get-hit,hashlink,3,11.663597
string24,sip,1024,get-hit,micro,3,11.577446
string24,sip,1024,get-hit,baseline,3,11.501945
string24,sip,1024,get-hit,quick_cache,3,11.641979
string24,sip,1024,get-hit,hashlink,4,11.898079
string24,sip,1024,get-hit,micro,4,11.780739
string24,sip,1024,get-hit,baseline,4,11.740685
string24,sip,1024,get-hit,quick_cache,4,11.802040
string24,sip,1024,get-hit,lru,4,12.855267
string24,sip,1024,get-miss,micro,0,7.965199
string24,sip,1024,get-miss,baseline,0,8.023249
string24,sip,1024,get-miss,quick_cache,0,7.870722
string24,sip,1024,get-miss,lru,0,8.077650
string24,sip,1024,get-miss,hashlink,0,7.896801
string24,sip,1024,get-miss,baseline,1,9.001447
string24,sip,1024,get-miss,quick_cache,1,7.974928
string24,sip,1024,get-miss,lru,1,7.891931
string24,sip,1024,get-miss,hashlink,1,7.861523
string24,sip,1024,get-miss,micro,1,7.984879
string24,sip,1024,get-miss,quick_cache,2,7.911954
string24,sip,1024,get-miss,lru,2,8.191821
string24,sip,1024,get-miss,hashlink,2,8.651259
string24,sip,1024,get-miss,micro,2,8.173400
string24,sip,1024,get-miss,baseline,2,8.021702
string24,sip,1024,get-miss,lru,3,7.912709
string24,sip,1024,get-miss,hashlink,3,7.807196
string24,sip,1024,get-miss,micro,3,8.088597
string24,sip,1024,get-miss,baseline,3,8.075548
string24,sip,1024,get-miss,quick_cache,3,7.963541
string24,sip,1024,get-miss,hashlink,4,7.781242
string24,sip,1024,get-miss,micro,4,7.926997
string24,sip,1024,get-miss,baseline,4,8.059074
string24,sip,1024,get-miss,quick_cache,4,8.083289
string24,sip,1024,get-miss,lru,4,8.238501
string24,sip,1024,update,micro,0,25.179720
string24,sip,1024,update,baseline,0,24.767725
string24,sip,1024,update,quick_cache,0,41.071574
string24,sip,1024,update,lru,0,27.281991
string24,sip,1024,update,hashlink,0,25.575431
string24,sip,1024,update,baseline,1,24.699227
string24,sip,1024,update,quick_cache,1,40.573633
string24,sip,1024,update,lru,1,27.335031
string24,sip,1024,update,hashlink,1,25.674097
string24,sip,1024,update,micro,1,24.881999
string24,sip,1024,update,quick_cache,2,40.512585
string24,sip,1024,update,lru,2,26.888890
string24,sip,1024,update,hashlink,2,25.623576
string24,sip,1024,update,micro,2,24.839616
string24,sip,1024,update,baseline,2,24.825033
string24,sip,1024,update,lru,3,26.812596
string24,sip,1024,update,hashlink,3,25.572038
string24,sip,1024,update,micro,3,24.902344
string24,sip,1024,update,baseline,3,24.784684
string24,sip,1024,update,quick_cache,3,41.122437
string24,sip,1024,update,hashlink,4,26.012842
string24,sip,1024,update,micro,4,25.383846
string24,sip,1024,update,baseline,4,25.179370
string24,sip,1024,update,quick_cache,4,41.504476
string24,sip,1024,update,lru,4,27.377537
string24,sip,1024,insert-cycle,micro,0,52.205398
string24,sip,1024,insert-cycle,baseline,0,52.490234
string24,sip,1024,insert-cycle,quick_cache,0,33.515692
string24,sip,1024,insert-cycle,lru,0,71.600051
string24,sip,1024,insert-cycle,hashlink,0,68.661776
string24,sip,1024,insert-cycle,baseline,1,51.992137
string24,sip,1024,insert-cycle,quick_cache,1,32.869021
string24,sip,1024,insert-cycle,lru,1,71.247396
string24,sip,1024,insert-cycle,hashlink,1,67.945091
string24,sip,1024,insert-cycle,micro,1,51.442113
string24,sip,1024,insert-cycle,quick_cache,2,32.965766
string24,sip,1024,insert-cycle,lru,2,70.712635
string24,sip,1024,insert-cycle,hashlink,2,67.920099
string24,sip,1024,insert-cycle,micro,2,51.227438
string24,sip,1024,insert-cycle,baseline,2,51.292683
string24,sip,1024,insert-cycle,lru,3,70.563430
string24,sip,1024,insert-cycle,hashlink,3,66.903786
string24,sip,1024,insert-cycle,micro,3,51.254091
string24,sip,1024,insert-cycle,baseline,3,51.357220
string24,sip,1024,insert-cycle,quick_cache,3,33.148872
string24,sip,1024,insert-cycle,hashlink,4,70.739746
string24,sip,1024,insert-cycle,micro,4,51.963362
string24,sip,1024,insert-cycle,baseline,4,52.937831
string24,sip,1024,insert-cycle,quick_cache,4,33.291287
string24,sip,1024,insert-cycle,lru,4,72.620210
string24,sip,1024,mixed-95,micro,0,18.092275
string24,sip,1024,mixed-95,baseline,0,18.227637
string24,sip,1024,mixed-95,quick_cache,0,21.200677
string24,sip,1024,mixed-95,lru,0,20.233730
string24,sip,1024,mixed-95,hashlink,0,19.555748
string24,sip,1024,mixed-95,baseline,1,18.258433
string24,sip,1024,mixed-95,quick_cache,1,21.438360
string24,sip,1024,mixed-95,lru,1,19.970337
string24,sip,1024,mixed-95,hashlink,1,18.883665
string24,sip,1024,mixed-95,micro,1,17.652174
string24,sip,1024,mixed-95,quick_cache,2,21.228214
string24,sip,1024,mixed-95,lru,2,20.045320
string24,sip,1024,mixed-95,hashlink,2,19.354979
string24,sip,1024,mixed-95,micro,2,18.138627
string24,sip,1024,mixed-95,baseline,2,17.629226
string24,sip,1024,mixed-95,lru,3,19.180735
string24,sip,1024,mixed-95,hashlink,3,19.180994
string24,sip,1024,mixed-95,micro,3,17.344475
string24,sip,1024,mixed-95,baseline,3,17.858982
string24,sip,1024,mixed-95,quick_cache,3,20.778298
string24,sip,1024,mixed-95,hashlink,4,18.848757
string24,sip,1024,mixed-95,micro,4,17.843405
string24,sip,1024,mixed-95,baseline,4,17.558415
string24,sip,1024,mixed-95,quick_cache,4,20.822883
string24,sip,1024,mixed-95,lru,4,19.270698
string24,sip,1024,load-hit,micro,0,14.610488
string24,sip,1024,load-hit,baseline,0,24.257339
string24,sip,1024,load-hit,quick_cache,0,14.886069
string24,sip,1024,load-hit,lru,0,15.687515
string24,sip,1024,load-hit,hashlink,0,11.146621
string24,sip,1024,load-hit,baseline,1,23.977913
string24,sip,1024,load-hit,quick_cache,1,15.088906
string24,sip,1024,load-hit,lru,1,15.994305
string24,sip,1024,load-hit,hashlink,1,11.203957
string24,sip,1024,load-hit,micro,1,14.497803
string24,sip,1024,load-hit,quick_cache,2,15.197344
string24,sip,1024,load-hit,lru,2,17.632138
string24,sip,1024,load-hit,hashlink,2,11.179299
string24,sip,1024,load-hit,micro,2,14.566275
string24,sip,1024,load-hit,baseline,2,24.496118
string24,sip,1024,load-hit,lru,3,15.789454
string24,sip,1024,load-hit,hashlink,3,11.242180
string24,sip,1024,load-hit,micro,3,14.513846
string24,sip,1024,load-hit,baseline,3,24.518840
string24,sip,1024,load-hit,quick_cache,3,14.859214
string24,sip,1024,load-hit,hashlink,4,11.153868
string24,sip,1024,load-hit,micro,4,14.720459
string24,sip,1024,load-hit,baseline,4,25.010514
string24,sip,1024,load-hit,quick_cache,4,15.043130
string24,sip,1024,load-hit,lru,4,15.995855
string24,sip,1024,load-cycle,micro,0,54.884910
string24,sip,1024,load-cycle,baseline,0,53.899118
string24,sip,1024,load-cycle,quick_cache,0,26.967924
string24,sip,1024,load-cycle,lru,0,72.564988
string24,sip,1024,load-cycle,hashlink,0,77.270508
string24,sip,1024,load-cycle,baseline,1,53.971802
string24,sip,1024,load-cycle,quick_cache,1,26.855842
string24,sip,1024,load-cycle,lru,1,72.711286
string24,sip,1024,load-cycle,hashlink,1,77.192331
string24,sip,1024,load-cycle,micro,1,53.322928
string24,sip,1024,load-cycle,quick_cache,2,26.954972
string24,sip,1024,load-cycle,lru,2,71.883905
string24,sip,1024,load-cycle,hashlink,2,77.544639
string24,sip,1024,load-cycle,micro,2,53.525652
string24,sip,1024,load-cycle,baseline,2,53.525652
string24,sip,1024,load-cycle,lru,3,71.737630
string24,sip,1024,load-cycle,hashlink,3,76.805615
string24,sip,1024,load-cycle,micro,3,53.037371
string24,sip,1024,load-cycle,baseline,3,53.454450
string24,sip,1024,load-cycle,quick_cache,3,26.572091
string24,sip,1024,load-cycle,hashlink,4,75.618481
string24,sip,1024,load-cycle,micro,4,53.285871
string24,sip,1024,load-cycle,baseline,4,54.608380
string24,sip,1024,load-cycle,quick_cache,4,26.755966
string24,sip,1024,load-cycle,lru,4,82.598660
string24,sip,1024,clear-refill,micro,0,26266.304348
string24,sip,1024,clear-refill,baseline,0,26915.553571
string24,sip,1024,clear-refill,quick_cache,0,27681.577982
string24,sip,1024,clear-refill,lru,0,69048.295455
string24,sip,1024,clear-refill,hashlink,0,44294.720588
string24,sip,1024,clear-refill,baseline,1,26244.200000
string24,sip,1024,clear-refill,quick_cache,1,27537.467890
string24,sip,1024,clear-refill,lru,1,67570.377778
string24,sip,1024,clear-refill,hashlink,1,44976.373134
string24,sip,1024,clear-refill,micro,1,26233.695652
string24,sip,1024,clear-refill,quick_cache,2,27490.527273
string24,sip,1024,clear-refill,lru,2,67687.022222
string24,sip,1024,clear-refill,hashlink,2,45499.363636
string24,sip,1024,clear-refill,micro,2,26353.807018
string24,sip,1024,clear-refill,baseline,2,26976.562500
string24,sip,1024,clear-refill,lru,3,67691.666667
string24,sip,1024,clear-refill,hashlink,3,45861.121212
string24,sip,1024,clear-refill,micro,3,26132.608696
string24,sip,1024,clear-refill,baseline,3,26251.086957
string24,sip,1024,clear-refill,quick_cache,3,27205.702703
string24,sip,1024,clear-refill,hashlink,4,45677.393939
string24,sip,1024,clear-refill,micro,4,26376.824561
string24,sip,1024,clear-refill,baseline,4,26234.417391
string24,sip,1024,clear-refill,quick_cache,4,27356.436364
string24,sip,1024,clear-refill,lru,4,68410.045455
string24,sip,1024,clear-empty,micro,0,48.678196
string24,sip,1024,clear-empty,baseline,0,48.676170
string24,sip,1024,clear-empty,quick_cache,0,4.024032
string24,sip,1024,clear-empty,lru,0,2.273405
string24,sip,1024,clear-empty,hashlink,0,0.606515
string24,sip,1024,clear-empty,baseline,1,48.329797
string24,sip,1024,clear-empty,quick_cache,1,3.953568
string24,sip,1024,clear-empty,lru,1,2.212043
string24,sip,1024,clear-empty,hashlink,1,0.637469
string24,sip,1024,clear-empty,micro,1,47.707984
string24,sip,1024,clear-empty,quick_cache,2,3.953968
string24,sip,1024,clear-empty,lru,2,2.215929
string24,sip,1024,clear-empty,hashlink,2,0.636310
string24,sip,1024,clear-empty,micro,2,48.235356
string24,sip,1024,clear-empty,baseline,2,47.780758
string24,sip,1024,clear-empty,lru,3,2.219769
string24,sip,1024,clear-empty,hashlink,3,0.641455
string24,sip,1024,clear-empty,micro,3,47.549105
string24,sip,1024,clear-empty,baseline,3,47.421702
string24,sip,1024,clear-empty,quick_cache,3,3.966451
string24,sip,1024,clear-empty,hashlink,4,0.635809
string24,sip,1024,clear-empty,micro,4,47.246282
string24,sip,1024,clear-empty,baseline,4,47.347530
string24,sip,1024,clear-empty,quick_cache,4,3.959532
string24,sip,1024,clear-empty,lru,4,2.227569
string24,sip,1024,iter-dense,micro,0,280.181063
string24,sip,1024,iter-dense,baseline,0,280.286101
string24,sip,1024,iter-dense,quick_cache,0,257.530651
string24,sip,1024,iter-dense,lru,0,1368.055707
string24,sip,1024,iter-dense,hashlink,0,1368.263134
string24,sip,1024,iter-dense,baseline,1,279.420852
string24,sip,1024,iter-dense,quick_cache,1,252.163138
string24,sip,1024,iter-dense,lru,1,1351.469643
string24,sip,1024,iter-dense,hashlink,1,1306.369358
string24,sip,1024,iter-dense,micro,1,275.568182
string24,sip,1024,iter-dense,quick_cache,2,254.096799
string24,sip,1024,iter-dense,lru,2,1322.403169
string24,sip,1024,iter-dense,hashlink,2,1287.778253
string24,sip,1024,iter-dense,micro,2,276.099173
string24,sip,1024,iter-dense,baseline,2,276.663901
string24,sip,1024,iter-dense,lru,3,1294.770120
string24,sip,1024,iter-dense,hashlink,3,1283.009713
string24,sip,1024,iter-dense,micro,3,275.529967
string24,sip,1024,iter-dense,baseline,3,276.813698
string24,sip,1024,iter-dense,quick_cache,3,255.105724
string24,sip,1024,iter-dense,hashlink,4,1322.843310
string24,sip,1024,iter-dense,micro,4,275.465084
string24,sip,1024,iter-dense,baseline,4,275.976562
string24,sip,1024,iter-dense,quick_cache,4,254.259146
string24,sip,1024,iter-dense,lru,4,1315.574219
string24,sip,1024,iter-dense-for,micro,0,274.355080
string24,sip,1024,iter-dense-for,baseline,0,276.516544
string24,sip,1024,iter-dense-for,quick_cache,0,522.916667
string24,sip,1024,iter-dense-for,lru,0,790.638130
string24,sip,1024,iter-dense-for,hashlink,0,904.860276
string24,sip,1024,iter-dense-for,baseline,1,270.581952
string24,sip,1024,iter-dense-for,quick_cache,1,514.821038
string24,sip,1024,iter-dense-for,lru,1,740.372785
string24,sip,1024,iter-dense-for,hashlink,1,889.273880
string24,sip,1024,iter-dense-for,micro,1,277.748243
string24,sip,1024,iter-dense-for,quick_cache,2,506.734375
string24,sip,1024,iter-dense-for,lru,2,756.573337
string24,sip,1024,iter-dense-for,hashlink,2,903.307993
string24,sip,1024,iter-dense-for,micro,2,272.259964
string24,sip,1024,iter-dense-for,baseline,2,274.037263
string24,sip,1024,iter-dense-for,lru,3,761.750252
string24,sip,1024,iter-dense-for,hashlink,3,897.656250
string24,sip,1024,iter-dense-for,micro,3,273.953808
string24,sip,1024,iter-dense-for,baseline,3,273.710824
string24,sip,1024,iter-dense-for,quick_cache,3,509.142736
string24,sip,1024,iter-dense-for,hashlink,4,906.775841
string24,sip,1024,iter-dense-for,micro,4,273.376731
string24,sip,1024,iter-dense-for,baseline,4,274.530154
string24,sip,1024,iter-dense-for,quick_cache,4,508.516385
string24,sip,1024,iter-dense-for,lru,4,759.408770
string24,sip,1024,iter-density-1pct,micro,0,339.401850
string24,sip,1024,iter-density-1pct,baseline,0,342.756729
string24,sip,1024,iter-density-1pct,quick_cache,0,204.429943
string24,sip,1024,iter-density-1pct,lru,0,4.313974
string24,sip,1024,iter-density-1pct,hashlink,0,4.260589
string24,sip,1024,iter-density-1pct,baseline,1,353.334586
string24,sip,1024,iter-density-1pct,quick_cache,1,176.666490
string24,sip,1024,iter-density-1pct,lru,1,4.393632
string24,sip,1024,iter-density-1pct,hashlink,1,4.269903
string24,sip,1024,iter-density-1pct,micro,1,348.167477
string24,sip,1024,iter-density-1pct,quick_cache,2,174.406540
string24,sip,1024,iter-density-1pct,lru,2,4.364322
string24,sip,1024,iter-density-1pct,hashlink,2,4.204413
string24,sip,1024,iter-density-1pct,micro,2,345.974516
string24,sip,1024,iter-density-1pct,baseline,2,341.983864
string24,sip,1024,iter-density-1pct,lru,3,4.296893
string24,sip,1024,iter-density-1pct,hashlink,3,4.216895
string24,sip,1024,iter-density-1pct,micro,3,347.878009
string24,sip,1024,iter-density-1pct,baseline,3,347.318634
string24,sip,1024,iter-density-1pct,quick_cache,3,174.396898
string24,sip,1024,iter-density-1pct,hashlink,4,4.234477
string24,sip,1024,iter-density-1pct,micro,4,349.800534
string24,sip,1024,iter-density-1pct,baseline,4,343.379334
string24,sip,1024,iter-density-1pct,quick_cache,4,174.755587
string24,sip,1024,iter-density-1pct,lru,4,4.321790
string24,sip,1024,iter-density-6pct,micro,0,314.298599
string24,sip,1024,iter-density-6pct,baseline,0,285.548062
string24,sip,1024,iter-density-6pct,quick_cache,0,180.284789
string24,sip,1024,iter-density-6pct,lru,0,51.389127
string24,sip,1024,iter-density-6pct,hashlink,0,51.254423
string24,sip,1024,iter-density-6pct,baseline,1,299.608127
string24,sip,1024,iter-density-6pct,quick_cache,1,180.668473
string24,sip,1024,iter-density-6pct,lru,1,52.458386
string24,sip,1024,iter-density-6pct,hashlink,1,51.958535
string24,sip,1024,iter-density-6pct,micro,1,307.782582
string24,sip,1024,iter-density-6pct,quick_cache,2,180.027411
string24,sip,1024,iter-density-6pct,lru,2,51.562929
string24,sip,1024,iter-density-6pct,hashlink,2,51.411578
string24,sip,1024,iter-density-6pct,micro,2,303.267742
string24,sip,1024,iter-density-6pct,baseline,2,314.538043
string24,sip,1024,iter-density-6pct,lru,3,54.337467
string24,sip,1024,iter-density-6pct,hashlink,3,51.391986
string24,sip,1024,iter-density-6pct,micro,3,299.014729
string24,sip,1024,iter-density-6pct,baseline,3,300.835537
string24,sip,1024,iter-density-6pct,quick_cache,3,180.781370
string24,sip,1024,iter-density-6pct,hashlink,4,51.729264
string24,sip,1024,iter-density-6pct,micro,4,300.061502
string24,sip,1024,iter-density-6pct,baseline,4,298.745123
string24,sip,1024,iter-density-6pct,quick_cache,4,180.373618
string24,sip,1024,iter-density-6pct,lru,4,51.999567
string24,sip,1024,iter-density-quarter,micro,0,258.202352
string24,sip,1024,iter-density-quarter,baseline,0,258.669766
string24,sip,1024,iter-density-quarter,quick_cache,0,166.127378
string24,sip,1024,iter-density-quarter,lru,0,302.520161
string24,sip,1024,iter-density-quarter,hashlink,0,298.102679
string24,sip,1024,iter-density-quarter,baseline,1,258.465306
string24,sip,1024,iter-density-quarter,quick_cache,1,168.031754
string24,sip,1024,iter-density-quarter,lru,1,308.269262
string24,sip,1024,iter-density-quarter,hashlink,1,306.755515
string24,sip,1024,iter-density-quarter,micro,1,259.161343
string24,sip,1024,iter-density-quarter,quick_cache,2,168.347453
string24,sip,1024,iter-density-quarter,lru,2,315.418729
string24,sip,1024,iter-density-quarter,hashlink,2,296.784415
string24,sip,1024,iter-density-quarter,micro,2,259.312414
string24,sip,1024,iter-density-quarter,baseline,2,257.726648
string24,sip,1024,iter-density-quarter,lru,3,300.494209
string24,sip,1024,iter-density-quarter,hashlink,3,297.497231
string24,sip,1024,iter-density-quarter,micro,3,258.763085
string24,sip,1024,iter-density-quarter,baseline,3,258.005666
string24,sip,1024,iter-density-quarter,quick_cache,3,165.691254
string24,sip,1024,iter-density-quarter,hashlink,4,298.255655
string24,sip,1024,iter-density-quarter,micro,4,259.875693
string24,sip,1024,iter-density-quarter,baseline,4,257.697974
string24,sip,1024,iter-density-quarter,quick_cache,4,165.605710
string24,sip,1024,iter-density-quarter,lru,4,299.143213
string24,sip,1024,iter-density-half,micro,0,260.988108
string24,sip,1024,iter-density-half,baseline,0,263.350070
string24,sip,1024,iter-density-half,quick_cache,0,201.000401
string24,sip,1024,iter-density-half,lru,0,651.141059
string24,sip,1024,iter-density-half,hashlink,0,671.089982
string24,sip,1024,iter-density-half,baseline,1,286.776854
string24,sip,1024,iter-density-half,quick_cache,1,198.967691
string24,sip,1024,iter-density-half,lru,1,660.623900
string24,sip,1024,iter-density-half,hashlink,1,609.307224
string24,sip,1024,iter-density-half,micro,1,257.569949
string24,sip,1024,iter-density-half,quick_cache,2,199.545612
string24,sip,1024,iter-density-half,lru,2,633.683488
string24,sip,1024,iter-density-half,hashlink,2,687.452327
string24,sip,1024,iter-density-half,micro,2,266.383345
string24,sip,1024,iter-density-half,baseline,2,252.674143
string24,sip,1024,iter-density-half,lru,3,613.119485
string24,sip,1024,iter-density-half,hashlink,3,603.707532
string24,sip,1024,iter-density-half,micro,3,260.138937
string24,sip,1024,iter-density-half,baseline,3,258.504821
string24,sip,1024,iter-density-half,quick_cache,3,194.518283
string24,sip,1024,iter-density-half,hashlink,4,616.819079
string24,sip,1024,iter-density-half,micro,4,260.157029
string24,sip,1024,iter-density-half,baseline,4,264.275176
string24,sip,1024,iter-density-half,quick_cache,4,197.990836
string24,sip,1024,iter-density-half,lru,4,633.118289
string24,sip,1024,iter-front,micro,0,261.229109
string24,sip,1024,iter-front,baseline,0,262.337029
string24,sip,1024,iter-front,quick_cache,0,196.162395
string24,sip,1024,iter-front,lru,0,1.206937
string24,sip,1024,iter-front,hashlink,0,1.138807
string24,sip,1024,iter-front,baseline,1,263.895014
string24,sip,1024,iter-front,quick_cache,1,165.912102
string24,sip,1024,iter-front,lru,1,1.204254
string24,sip,1024,iter-front,hashlink,1,1.154002
string24,sip,1024,iter-front,micro,1,268.102679
string24,sip,1024,iter-front,quick_cache,2,167.945438
string24,sip,1024,iter-front,lru,2,1.219893
string24,sip,1024,iter-front,hashlink,2,1.174768
string24,sip,1024,iter-front,micro,2,267.609687
string24,sip,1024,iter-front,baseline,2,272.029710
string24,sip,1024,iter-front,lru,3,1.235210
string24,sip,1024,iter-front,hashlink,3,1.133410
string24,sip,1024,iter-front,micro,3,254.400237
string24,sip,1024,iter-front,baseline,3,250.811163
string24,sip,1024,iter-front,quick_cache,3,193.153099
string24,sip,1024,iter-front,hashlink,4,1.137342
string24,sip,1024,iter-front,micro,4,260.763889
string24,sip,1024,iter-front,baseline,4,255.914424
string24,sip,1024,iter-front,quick_cache,4,165.564374
string24,sip,1024,iter-front,lru,4,1.199862
string24,sip,1024,iter-back,micro,0,308.645148
string24,sip,1024,iter-back,baseline,0,303.773159
string24,sip,1024,iter-back,quick_cache,0,165.431217
string24,sip,1024,iter-back,lru,0,1.206533
string24,sip,1024,iter-back,hashlink,0,1.140830
string24,sip,1024,iter-back,baseline,1,309.998969
string24,sip,1024,iter-back,quick_cache,1,165.744203
string24,sip,1024,iter-back,lru,1,1.204843
string24,sip,1024,iter-back,hashlink,1,1.142192
string24,sip,1024,iter-back,micro,1,285.866902
string24,sip,1024,iter-back,quick_cache,2,166.831183
string24,sip,1024,iter-back,lru,2,1.228558
string24,sip,1024,iter-back,hashlink,2,1.158681
string24,sip,1024,iter-back,micro,2,312.695312
string24,sip,1024,iter-back,baseline,2,308.520868
string24,sip,1024,iter-back,lru,3,1.230412
string24,sip,1024,iter-back,hashlink,3,1.167948
string24,sip,1024,iter-back,micro,3,313.020833
string24,sip,1024,iter-back,baseline,3,282.493317
string24,sip,1024,iter-back,quick_cache,3,165.970686
string24,sip,1024,iter-back,hashlink,4,1.142847
string24,sip,1024,iter-back,micro,4,309.487521
string24,sip,1024,iter-back,baseline,4,306.065961
string24,sip,1024,iter-back,quick_cache,4,165.815481
string24,sip,1024,iter-back,lru,4,1.207278
string24,sip,1024,iter-empty,micro,0,263.390186
string24,sip,1024,iter-empty,baseline,0,261.221884
string24,sip,1024,iter-empty,quick_cache,0,165.852308
string24,sip,1024,iter-empty,lru,0,0.991350
string24,sip,1024,iter-empty,hashlink,0,1.000107
string24,sip,1024,iter-empty,baseline,1,265.032839
string24,sip,1024,iter-empty,quick_cache,1,169.853487
string24,sip,1024,iter-empty,lru,1,1.002374
string24,sip,1024,iter-empty,hashlink,1,1.006344
string24,sip,1024,iter-empty,micro,1,262.725403
string24,sip,1024,iter-empty,quick_cache,2,165.263754
string24,sip,1024,iter-empty,lru,2,0.991560
string24,sip,1024,iter-empty,hashlink,2,1.007696
string24,sip,1024,iter-empty,micro,2,266.908558
string24,sip,1024,iter-empty,baseline,2,274.136024
string24,sip,1024,iter-empty,lru,3,2.121857
string24,sip,1024,iter-empty,hashlink,3,2.152778
string24,sip,1024,iter-empty,micro,3,397.179228
string24,sip,1024,iter-empty,baseline,3,750.871324
string24,sip,1024,iter-empty,quick_cache,3,255.736972
string24,sip,1024,iter-empty,hashlink,4,1.458259
string24,sip,1024,iter-empty,micro,4,265.220427
string24,sip,1024,iter-empty,baseline,4,252.021196
string24,sip,1024,iter-empty,quick_cache,4,166.905305
string24,sip,1024,iter-empty,lru,4,0.991801
string24,sip,1024,iter-count,micro,0,250.651014
string24,sip,1024,iter-count,baseline,0,258.077870
string24,sip,1024,iter-count,quick_cache,0,479.615781
string24,sip,1024,iter-count,lru,0,0.397502
string24,sip,1024,iter-count,hashlink,0,0.414688
string24,sip,1024,iter-count,baseline,1,249.425199
string24,sip,1024,iter-count,quick_cache,1,462.815505
string24,sip,1024,iter-count,lru,1,0.394265
string24,sip,1024,iter-count,hashlink,1,0.386095
string24,sip,1024,iter-count,micro,1,265.147569
string24,sip,1024,iter-count,quick_cache,2,471.530000
string24,sip,1024,iter-count,lru,2,0.394345
string24,sip,1024,iter-count,hashlink,2,0.395650
string24,sip,1024,iter-count,micro,2,258.689963
string24,sip,1024,iter-count,baseline,2,258.275985
string24,sip,1024,iter-count,lru,3,0.394696
string24,sip,1024,iter-count,hashlink,3,0.407322
string24,sip,1024,iter-count,micro,3,262.923177
string24,sip,1024,iter-count,baseline,3,268.969016
string24,sip,1024,iter-count,quick_cache,3,493.998210
string24,sip,1024,iter-count,hashlink,4,0.409761
string24,sip,1024,iter-count,micro,4,256.878397
string24,sip,1024,iter-count,baseline,4,249.172607
string24,sip,1024,iter-count,quick_cache,4,481.842500
string24,sip,1024,iter-count,lru,4,0.394064
string24,sip,16384,get-hit,micro,0,15.555064
string24,sip,16384,get-hit,baseline,0,15.555908
string24,sip,16384,get-hit,quick_cache,0,16.185377
string24,sip,16384,get-hit,lru,0,16.344376
string24,sip,16384,get-hit,hashlink,0,15.575409
string24,sip,16384,get-hit,baseline,1,15.567144
string24,sip,16384,get-hit,quick_cache,1,16.289089
string24,sip,16384,get-hit,lru,1,16.373126
string24,sip,16384,get-hit,hashlink,1,15.594055
string24,sip,16384,get-hit,micro,1,15.639409
string24,sip,16384,get-hit,quick_cache,2,16.330667
string24,sip,16384,get-hit,lru,2,16.634734
string24,sip,16384,get-hit,hashlink,2,15.911738
string24,sip,16384,get-hit,micro,2,15.918945
string24,sip,16384,get-hit,baseline,2,16.262329
string24,sip,16384,get-hit,lru,3,16.447207
string24,sip,16384,get-hit,hashlink,3,15.638565
string24,sip,16384,get-hit,micro,3,15.714854
string24,sip,16384,get-hit,baseline,3,15.649368
string24,sip,16384,get-hit,quick_cache,3,16.318280
string24,sip,16384,get-hit,hashlink,4,15.683065
string24,sip,16384,get-hit,micro,4,15.707225
string24,sip,16384,get-hit,baseline,4,15.907715
string24,sip,16384,get-hit,quick_cache,4,16.839694
string24,sip,16384,get-hit,lru,4,15.818700
string24,sip,16384,get-miss,micro,0,10.918712
string24,sip,16384,get-miss,baseline,0,11.097764
string24,sip,16384,get-miss,quick_cache,0,10.985879
string24,sip,16384,get-miss,lru,0,11.012060
string24,sip,16384,get-miss,hashlink,0,11.002484
string24,sip,16384,get-miss,baseline,1,11.271003
string24,sip,16384,get-miss,quick_cache,1,11.197484
string24,sip,16384,get-miss,lru,1,10.966283
string24,sip,16384,get-miss,hashlink,1,11.287035
string24,sip,16384,get-miss,micro,1,11.362249
string24,sip,16384,get-miss,quick_cache,2,10.977352
string24,sip,16384,get-miss,lru,2,10.992762
string24,sip,16384,get-miss,hashlink,2,11.137222
string24,sip,16384,get-miss,micro,2,11.098999
string24,sip,16384,get-miss,baseline,2,11.084760
string24,sip,16384,get-miss,lru,3,10.774349
string24,sip,16384,get-miss,hashlink,3,10.908092
string24,sip,16384,get-miss,micro,3,11.125044
string24,sip,16384,get-miss,baseline,3,11.110710
string24,sip,16384,get-miss,quick_cache,3,11.037792
string24,sip,16384,get-miss,hashlink,4,10.973615
string24,sip,16384,get-miss,micro,4,11.069505
string24,sip,16384,get-miss,baseline,4,11.113329
string24,sip,16384,get-miss,quick_cache,4,10.985431
string24,sip,16384,get-miss,lru,4,10.880267
string24,sip,16384,update,micro,0,33.830589
string24,sip,16384,update,baseline,0,34.348000
string24,sip,16384,update,quick_cache,0,61.966797
string24,sip,16384,update,lru,0,35.169201
string24,sip,16384,update,hashlink,0,34.270308
string24,sip,16384,update,baseline,1,33.561479
string24,sip,16384,update,quick_cache,1,66.580892
string24,sip,16384,update,lru,1,34.518155
string24,sip,16384,update,hashlink,1,33.419522
string24,sip,16384,update,micro,1,32.917877
string24,sip,16384,update,quick_cache,2,60.620989
string24,sip,16384,update,lru,2,33.423684
string24,sip,16384,update,hashlink,2,33.659047
string24,sip,16384,update,micro,2,33.972534
string24,sip,16384,update,baseline,2,33.953580
string24,sip,16384,update,lru,3,34.943093
string24,sip,16384,update,hashlink,3,35.446167
string24,sip,16384,update,micro,3,65.827863
string24,sip,16384,update,baseline,3,36.697388
string24,sip,16384,update,quick_cache,3,69.705546
string24,sip,16384,update,hashlink,4,36.556363
string24,sip,16384,update,micro,4,36.128196
string24,sip,16384,update,baseline,4,37.198389
string24,sip,16384,update,quick_cache,4,66.196025
string24,sip,16384,update,lru,4,37.023425
string24,sip,16384,insert-cycle,micro,0,54.949448
string24,sip,16384,insert-cycle,baseline,0,55.063873
string24,sip,16384,insert-cycle,quick_cache,0,46.307251
string24,sip,16384,insert-cycle,lru,0,77.293396
string24,sip,16384,insert-cycle,hashlink,0,72.959900
string24,sip,16384,insert-cycle,baseline,1,55.458069
string24,sip,16384,insert-cycle,quick_cache,1,46.612427
string24,sip,16384,insert-cycle,lru,1,77.124908
string24,sip,16384,insert-cycle,hashlink,1,73.262527
string24,sip,16384,insert-cycle,micro,1,55.145905
string24,sip,16384,insert-cycle,quick_cache,2,48.136398
string24,sip,16384,insert-cycle,lru,2,78.271866
string24,sip,16384,insert-cycle,hashlink,2,73.347733
string24,sip,16384,insert-cycle,micro,2,55.059433
string24,sip,16384,insert-cycle,baseline,2,55.662155
string24,sip,16384,insert-cycle,lru,3,77.119827
string24,sip,16384,insert-cycle,hashlink,3,72.882339
string24,sip,16384,insert-cycle,micro,3,55.196762
string24,sip,16384,insert-cycle,baseline,3,55.572510
string24,sip,16384,insert-cycle,quick_cache,3,46.258286
string24,sip,16384,insert-cycle,hashlink,4,73.105484
string24,sip,16384,insert-cycle,micro,4,55.441544
string24,sip,16384,insert-cycle,baseline,4,55.285767
string24,sip,16384,insert-cycle,quick_cache,4,47.433853
string24,sip,16384,insert-cycle,lru,4,79.067856
string24,sip,16384,mixed-95,micro,0,23.524721
string24,sip,16384,mixed-95,baseline,0,21.568875
string24,sip,16384,mixed-95,quick_cache,0,22.416850
string24,sip,16384,mixed-95,lru,0,21.776120
string24,sip,16384,mixed-95,hashlink,0,21.455844
string24,sip,16384,mixed-95,baseline,1,21.819810
string24,sip,16384,mixed-95,quick_cache,1,22.211889
string24,sip,16384,mixed-95,lru,1,21.653931
string24,sip,16384,mixed-95,hashlink,1,21.484157
string24,sip,16384,mixed-95,micro,1,23.241778
string24,sip,16384,mixed-95,quick_cache,2,23.981472
string24,sip,16384,mixed-95,lru,2,23.482700
string24,sip,16384,mixed-95,hashlink,2,23.301224
string24,sip,16384,mixed-95,micro,2,22.946914
string24,sip,16384,mixed-95,baseline,2,23.241957
string24,sip,16384,mixed-95,lru,3,23.557147
string24,sip,16384,mixed-95,hashlink,3,23.363371
string24,sip,16384,mixed-95,micro,3,23.624480
string24,sip,16384,mixed-95,baseline,3,23.377657
string24,sip,16384,mixed-95,quick_cache,3,23.842037
string24,sip,16384,mixed-95,hashlink,4,23.529112
string24,sip,16384,mixed-95,micro,4,23.587247
string24,sip,16384,mixed-95,baseline,4,22.997817
string24,sip,16384,mixed-95,quick_cache,4,22.505522
string24,sip,16384,mixed-95,lru,4,21.649499
string24,sip,16384,load-hit,micro,0,19.786101
string24,sip,16384,load-hit,baseline,0,33.252289
string24,sip,16384,load-hit,quick_cache,0,21.096686
string24,sip,16384,load-hit,lru,0,20.300614
string24,sip,16384,load-hit,hashlink,0,15.737320
string24,sip,16384,load-hit,baseline,1,32.460948
string24,sip,16384,load-hit,quick_cache,1,21.205756
string24,sip,16384,load-hit,lru,1,20.374159
string24,sip,16384,load-hit,hashlink,1,15.572444
string24,sip,16384,load-hit,micro,1,19.914596
string24,sip,16384,load-hit,quick_cache,2,21.050910
string24,sip,16384,load-hit,lru,2,20.449320
string24,sip,16384,load-hit,hashlink,2,15.755549
string24,sip,16384,load-hit,micro,2,19.927175
string24,sip,16384,load-hit,baseline,2,33.684004
string24,sip,16384,load-hit,lru,3,20.720025
string24,sip,16384,load-hit,hashlink,3,16.240882
string24,sip,16384,load-hit,micro,3,19.548385
string24,sip,16384,load-hit,baseline,3,33.676147
string24,sip,16384,load-hit,quick_cache,3,21.415148
string24,sip,16384,load-hit,hashlink,4,15.569901
string24,sip,16384,load-hit,micro,4,19.901476
string24,sip,16384,load-hit,baseline,4,32.499105
string24,sip,16384,load-hit,quick_cache,4,21.239109
string24,sip,16384,load-hit,lru,4,20.355509
string24,sip,16384,load-cycle,micro,0,55.010483
string24,sip,16384,load-cycle,baseline,0,55.434555
string24,sip,16384,load-cycle,quick_cache,0,33.877899
string24,sip,16384,load-cycle,lru,0,78.191132
string24,sip,16384,load-cycle,hashlink,0,80.465317
string24,sip,16384,load-cycle,baseline,1,56.269333
string24,sip,16384,load-cycle,quick_cache,1,34.675598
string24,sip,16384,load-cycle,lru,1,79.946518
string24,sip,16384,load-cycle,hashlink,1,80.215454
string24,sip,16384,load-cycle,micro,1,58.657974
string24,sip,16384,load-cycle,quick_cache,2,33.755839
string24,sip,16384,load-cycle,lru,2,78.020737
string24,sip,16384,load-cycle,hashlink,2,79.040527
string24,sip,16384,load-cycle,micro,2,55.042267
string24,sip,16384,load-cycle,baseline,2,55.870682
string24,sip,16384,load-cycle,lru,3,78.222275
string24,sip,16384,load-cycle,hashlink,3,78.870773
string24,sip,16384,load-cycle,micro,3,55.498749
string24,sip,16384,load-cycle,baseline,3,56.603119
string24,sip,16384,load-cycle,quick_cache,3,35.408020
string24,sip,16384,load-cycle,hashlink,4,80.504105
string24,sip,16384,load-cycle,micro,4,55.838257
string24,sip,16384,load-cycle,baseline,4,56.033447
string24,sip,16384,load-cycle,quick_cache,4,33.757528
string24,sip,16384,load-cycle,lru,4,78.055054
string24,sip,16384,clear-refill,micro,0,471297.571429
string24,sip,16384,clear-refill,baseline,0,465577.285714
string24,sip,16384,clear-refill,quick_cache,0,490869.000000
string24,sip,16384,clear-refill,lru,0,1204111.000000
string24,sip,16384,clear-refill,hashlink,0,755771.000000
string24,sip,16384,clear-refill,baseline,1,464291.714286
string24,sip,16384,clear-refill,quick_cache,1,490744.000000
string24,sip,16384,clear-refill,lru,1,1241958.333333
string24,sip,16384,clear-refill,hashlink,1,773979.250000
string24,sip,16384,clear-refill,micro,1,475291.714286
string24,sip,16384,clear-refill,quick_cache,2,501000.000000
string24,sip,16384,clear-refill,lru,2,1208875.000000
string24,sip,16384,clear-refill,hashlink,2,750916.750000
string24,sip,16384,clear-refill,micro,2,461940.428571
string24,sip,16384,clear-refill,baseline,2,469208.285714
string24,sip,16384,clear-refill,lru,3,1200458.333333
string24,sip,16384,clear-refill,hashlink,3,758302.000000
string24,sip,16384,clear-refill,micro,3,466690.428571
string24,sip,16384,clear-refill,baseline,3,464863.000000
string24,sip,16384,clear-refill,quick_cache,3,497023.857143
string24,sip,16384,clear-refill,hashlink,4,753354.250000
string24,sip,16384,clear-refill,micro,4,469488.142857
string24,sip,16384,clear-refill,baseline,4,480101.142857
string24,sip,16384,clear-refill,quick_cache,4,489333.285714
string24,sip,16384,clear-refill,lru,4,1215736.000000
string24,sip,16384,clear-empty,micro,0,545.942827
string24,sip,16384,clear-empty,baseline,0,318.086571
string24,sip,16384,clear-empty,quick_cache,0,3.973174
string24,sip,16384,clear-empty,lru,0,2.279216
string24,sip,16384,clear-empty,hashlink,0,0.637512
string24,sip,16384,clear-empty,baseline,1,323.022171
string24,sip,16384,clear-empty,quick_cache,1,3.987770
string24,sip,16384,clear-empty,lru,1,2.244884
string24,sip,16384,clear-empty,hashlink,1,0.638772
string24,sip,16384,clear-empty,micro,1,311.831826
string24,sip,16384,clear-empty,quick_cache,2,3.968401
string24,sip,16384,clear-empty,lru,2,2.217935
string24,sip,16384,clear-empty,hashlink,2,0.636370
string24,sip,16384,clear-empty,micro,2,320.523649
string24,sip,16384,clear-empty,baseline,2,319.516258
string24,sip,16384,clear-empty,lru,3,2.220969
string24,sip,16384,clear-empty,hashlink,3,0.638241
string24,sip,16384,clear-empty,micro,3,319.643792
string24,sip,16384,clear-empty,baseline,3,319.661529
string24,sip,16384,clear-empty,quick_cache,3,3.966287
string24,sip,16384,clear-empty,hashlink,4,0.647337
string24,sip,16384,clear-empty,micro,4,4831.054688
string24,sip,16384,clear-empty,baseline,4,4644.856771
string24,sip,16384,clear-empty,quick_cache,4,4.025247
string24,sip,16384,clear-empty,lru,4,2.220722
string24,sip,16384,iter-dense,micro,0,6174.398438
string24,sip,16384,iter-dense,baseline,0,6071.207031
string24,sip,16384,iter-dense,quick_cache,0,6966.053571
string24,sip,16384,iter-dense,lru,0,23495.117188
string24,sip,16384,iter-dense,hashlink,0,25509.117188
string24,sip,16384,iter-dense,baseline,1,6088.052734
string24,sip,16384,iter-dense,quick_cache,1,7040.457589
string24,sip,16384,iter-dense,lru,1,24135.742188
string24,sip,16384,iter-dense,hashlink,1,25534.179688
string24,sip,16384,iter-dense,micro,1,6120.849609
string24,sip,16384,iter-dense,quick_cache,2,7002.604911
string24,sip,16384,iter-dense,lru,2,24229.171875
string24,sip,16384,iter-dense,hashlink,2,28142.906250
string24,sip,16384,iter-dense,micro,2,6158.935547
string24,sip,16384,iter-dense,baseline,2,6102.621094
string24,sip,16384,iter-dense,lru,3,24791.992188
string24,sip,16384,iter-dense,hashlink,3,30417.320312
string24,sip,16384,iter-dense,micro,3,6094.318359
string24,sip,16384,iter-dense,baseline,3,6096.271484
string24,sip,16384,iter-dense,quick_cache,3,6962.517857
string24,sip,16384,iter-dense,hashlink,4,25871.414062
string24,sip,16384,iter-dense,micro,4,6083.171875
string24,sip,16384,iter-dense,baseline,4,6074.054688
string24,sip,16384,iter-dense,quick_cache,4,7013.580357
string24,sip,16384,iter-dense,lru,4,27747.070312
string24,sip,16384,iter-dense-for,micro,0,6081.380859
string24,sip,16384,iter-dense-for,baseline,0,6097.167969
string24,sip,16384,iter-dense-for,quick_cache,0,8155.924479
string24,sip,16384,iter-dense-for,lru,0,22436.200000
string24,sip,16384,iter-dense-for,hashlink,0,27409.507812
string24,sip,16384,iter-dense-for,baseline,1,6140.218750
string24,sip,16384,iter-dense-for,quick_cache,1,8277.885417
string24,sip,16384,iter-dense-for,lru,1,23874.671875
string24,sip,16384,iter-dense-for,hashlink,1,28159.828125
string24,sip,16384,iter-dense-for,micro,1,6099.365234
string24,sip,16384,iter-dense-for,quick_cache,2,8201.822917
string24,sip,16384,iter-dense-for,lru,2,22613.281250
string24,sip,16384,iter-dense-for,hashlink,2,27567.382812
string24,sip,16384,iter-dense-for,micro,2,6074.542969
string24,sip,16384,iter-dense-for,baseline,2,6089.517578
string24,sip,16384,iter-dense-for,lru,3,23957.359375
string24,sip,16384,iter-dense-for,hashlink,3,26430.664062
string24,sip,16384,iter-dense-for,micro,3,6052.164062
string24,sip,16384,iter-dense-for,baseline,3,6023.437500
string24,sip,16384,iter-dense-for,quick_cache,3,7748.098558
string24,sip,16384,iter-dense-for,hashlink,4,26733.398438
string24,sip,16384,iter-dense-for,micro,4,6015.707031
string24,sip,16384,iter-dense-for,baseline,4,6060.302734
string24,sip,16384,iter-dense-for,quick_cache,4,8230.684896
string24,sip,16384,iter-dense-for,lru,4,23509.437500
string24,sip,16384,iter-density-1pct,micro,0,6713.727679
string24,sip,16384,iter-density-1pct,baseline,0,6718.564732
string24,sip,16384,iter-density-1pct,quick_cache,0,6837.611607
string24,sip,16384,iter-density-1pct,lru,0,188.791562
string24,sip,16384,iter-density-1pct,hashlink,0,185.564909
string24,sip,16384,iter-density-1pct,baseline,1,6603.820833
string24,sip,16384,iter-density-1pct,quick_cache,1,6867.930804
string24,sip,16384,iter-density-1pct,lru,1,185.646101
string24,sip,16384,iter-density-1pct,hashlink,1,183.611607
string24,sip,16384,iter-density-1pct,micro,1,6660.850000
string24,sip,16384,iter-density-1pct,quick_cache,2,6898.158482
string24,sip,16384,iter-density-1pct,lru,2,185.813738
string24,sip,16384,iter-density-1pct,hashlink,2,184.202603
string24,sip,16384,iter-density-1pct,micro,2,6585.331250
string24,sip,16384,iter-density-1pct,baseline,2,6613.541667
string24,sip,16384,iter-density-1pct,lru,3,185.474864
string24,sip,16384,iter-density-1pct,hashlink,3,185.019107
string24,sip,16384,iter-density-1pct,micro,3,6672.047917
string24,sip,16384,iter-density-1pct,baseline,3,6826.729911
string24,sip,16384,iter-density-1pct,quick_cache,3,7066.779018
string24,sip,16384,iter-density-1pct,hashlink,4,184.788201
string24,sip,16384,iter-density-1pct,micro,4,6625.868750
string24,sip,16384,iter-density-1pct,baseline,4,6719.122768
string24,sip,16384,iter-density-1pct,quick_cache,4,6812.035714
string24,sip,16384,iter-density-1pct,lru,4,186.529262
string24,sip,16384,iter-density-6pct,micro,0,5691.406250
string24,sip,16384,iter-density-6pct,baseline,0,5750.766544
string24,sip,16384,iter-density-6pct,quick_cache,0,6594.616667
string24,sip,16384,iter-density-6pct,lru,0,1332.911532
string24,sip,16384,iter-density-6pct,hashlink,0,1315.736979
string24,sip,16384,iter-density-6pct,baseline,1,5676.470588
string24,sip,16384,iter-density-6pct,quick_cache,1,6598.872917
string24,sip,16384,iter-density-6pct,lru,1,1328.950264
string24,sip,16384,iter-density-6pct,hashlink,1,1309.642795
string24,sip,16384,iter-density-6pct,micro,1,5640.472426
string24,sip,16384,iter-density-6pct,quick_cache,2,6698.350000
string24,sip,16384,iter-density-6pct,lru,2,1372.131793
string24,sip,16384,iter-density-6pct,hashlink,2,1383.655331
string24,sip,16384,iter-density-6pct,micro,2,5717.830882
string24,sip,16384,iter-density-6pct,baseline,2,5697.687500
string24,sip,16384,iter-density-6pct,lru,3,1331.994718
string24,sip,16384,iter-density-6pct,hashlink,3,1333.021567
string24,sip,16384,iter-density-6pct,micro,3,5715.992647
string24,sip,16384,iter-density-6pct,baseline,3,5729.933824
string24,sip,16384,iter-density-6pct,quick_cache,3,6664.235417
string24,sip,16384,iter-density-6pct,hashlink,4,1377.226902
string24,sip,16384,iter-density-6pct,micro,4,5701.669118
string24,sip,16384,iter-density-6pct,baseline,4,5677.389706
string24,sip,16384,iter-density-6pct,quick_cache,4,6710.589583
string24,sip,16384,iter-density-6pct,lru,4,1355.208036
string24,sip,16384,iter-density-quarter,micro,0,5866.373047
string24,sip,16384,iter-density-quarter,baseline,0,5802.849265
string24,sip,16384,iter-density-quarter,quick_cache,0,6779.205357
string24,sip,16384,iter-density-quarter,lru,0,9604.168750
string24,sip,16384,iter-density-quarter,hashlink,0,9329.428977
string24,sip,16384,iter-density-quarter,baseline,1,6109.945312
string24,sip,16384,iter-density-quarter,quick_cache,1,7063.895089
string24,sip,16384,iter-density-quarter,lru,1,11089.843750
string24,sip,16384,iter-density-quarter,hashlink,1,8995.619318
string24,sip,16384,iter-density-quarter,micro,1,5906.332031
string24,sip,16384,iter-density-quarter,quick_cache,2,6895.926339
string24,sip,16384,iter-density-quarter,lru,2,11059.461806
string24,sip,16384,iter-density-quarter,hashlink,2,9077.534091
string24,sip,16384,iter-density-quarter,micro,2,5938.964844
string24,sip,16384,iter-density-quarter,baseline,2,5856.465074
string24,sip,16384,iter-density-quarter,lru,3,11031.829861
string24,sip,16384,iter-density-quarter,hashlink,3,9002.602273
string24,sip,16384,iter-density-quarter,micro,3,5895.669922
string24,sip,16384,iter-density-quarter,baseline,3,5920.166016
string24,sip,16384,iter-density-quarter,quick_cache,3,6886.254464
string24,sip,16384,iter-density-quarter,hashlink,4,8939.394886
string24,sip,16384,iter-density-quarter,micro,4,5897.625000
string24,sip,16384,iter-density-quarter,baseline,4,5997.232422
string24,sip,16384,iter-density-quarter,quick_cache,4,7034.877232
string24,sip,16384,iter-density-quarter,lru,4,10435.763889
string24,sip,16384,iter-density-half,micro,0,6082.601562
string24,sip,16384,iter-density-half,baseline,0,5955.566406
string24,sip,16384,iter-density-half,quick_cache,0,6871.093750
string24,sip,16384,iter-density-half,lru,0,17437.718750
string24,sip,16384,iter-density-half,hashlink,0,14533.669643
string24,sip,16384,iter-density-half,baseline,1,5945.068359
string24,sip,16384,iter-density-half,quick_cache,1,6892.486607
string24,sip,16384,iter-density-half,lru,1,17626.302083
string24,sip,16384,iter-density-half,hashlink,1,14617.933036
string24,sip,16384,iter-density-half,micro,1,5963.623047
string24,sip,16384,iter-density-half,quick_cache,2,6851.935268
string24,sip,16384,iter-density-half,lru,2,17472.442708
string24,sip,16384,iter-density-half,hashlink,2,14471.357143
string24,sip,16384,iter-density-half,micro,2,5961.425781
string24,sip,16384,iter-density-half,baseline,2,5968.261719
string24,sip,16384,iter-density-half,lru,3,17651.692708
string24,sip,16384,iter-density-half,hashlink,3,15631.296875
string24,sip,16384,iter-density-half,micro,3,6121.582031
string24,sip,16384,iter-density-half,baseline,3,6041.666016
string24,sip,16384,iter-density-half,quick_cache,3,6899.741071
string24,sip,16384,iter-density-half,hashlink,4,16692.921875
string24,sip,16384,iter-density-half,micro,4,5972.248047
string24,sip,16384,iter-density-half,baseline,4,5989.419922
string24,sip,16384,iter-density-half,quick_cache,4,6908.390625
string24,sip,16384,iter-density-half,lru,4,16328.776042
string24,sip,16384,iter-front,micro,0,5385.416667
string24,sip,16384,iter-front,baseline,0,5632.507353
string24,sip,16384,iter-front,quick_cache,0,6864.491071
string24,sip,16384,iter-front,lru,0,1.201646
string24,sip,16384,iter-front,hashlink,0,1.168224
string24,sip,16384,iter-front,baseline,1,5805.683824
string24,sip,16384,iter-front,quick_cache,1,6892.948661
string24,sip,16384,iter-front,lru,1,1.202910
string24,sip,16384,iter-front,hashlink,1,1.137577
string24,sip,16384,iter-front,micro,1,5757.889706
string24,sip,16384,iter-front,quick_cache,2,7063.151786
string24,sip,16384,iter-front,lru,2,1.245020
string24,sip,16384,iter-front,hashlink,2,1.151692
string24,sip,16384,iter-front,micro,2,5408.998264
string24,sip,16384,iter-front,baseline,2,5798.406250
string24,sip,16384,iter-front,lru,3,1.210177
string24,sip,16384,iter-front,hashlink,3,1.145542
string24,sip,16384,iter-front,micro,3,5285.878472
string24,sip,16384,iter-front,baseline,3,5460.576389
string24,sip,16384,iter-front,quick_cache,3,6768.973214
string24,sip,16384,iter-front,hashlink,4,1.152910
string24,sip,16384,iter-front,micro,4,5624.693015
string24,sip,16384,iter-front,baseline,4,5675.476103
string24,sip,16384,iter-front,quick_cache,4,6806.546875
string24,sip,16384,iter-front,lru,4,1.203219
string24,sip,16384,iter-back,micro,0,5609.759191
string24,sip,16384,iter-back,baseline,0,5515.046875
string24,sip,16384,iter-back,quick_cache,0,6880.395089
string24,sip,16384,iter-back,lru,0,1.200415
string24,sip,16384,iter-back,hashlink,0,1.173621
string24,sip,16384,iter-back,baseline,1,5578.507353
string24,sip,16384,iter-back,quick_cache,1,6985.770089
string24,sip,16384,iter-back,lru,1,1.195455
string24,sip,16384,iter-back,hashlink,1,1.140414
string24,sip,16384,iter-back,micro,1,5519.531250
string24,sip,16384,iter-back,quick_cache,2,6906.714286
string24,sip,16384,iter-back,lru,2,1.225186
string24,sip,16384,iter-back,hashlink,2,1.142512
string24,sip,16384,iter-back,micro,2,5559.895221
string24,sip,16384,iter-back,baseline,2,5482.204861
string24,sip,16384,iter-back,lru,3,1.178282
string24,sip,16384,iter-back,hashlink,3,1.145962
string24,sip,16384,iter-back,micro,3,5422.236111
string24,sip,16384,iter-back,baseline,3,5592.066176
string24,sip,16384,iter-back,quick_cache,3,6906.250000
string24,sip,16384,iter-back,hashlink,4,1.189811
string24,sip,16384,iter-back,micro,4,5697.457721
string24,sip,16384,iter-back,baseline,4,5483.145833
string24,sip,16384,iter-back,quick_cache,4,7018.136161
string24,sip,16384,iter-back,lru,4,1.211679
string24,sip,16384,iter-empty,micro,0,5668.887868
string24,sip,16384,iter-empty,baseline,0,5711.704044
string24,sip,16384,iter-empty,quick_cache,0,6950.801339
string24,sip,16384,iter-empty,lru,0,0.994473
string24,sip,16384,iter-empty,hashlink,0,0.997988
string24,sip,16384,iter-empty,baseline,1,5719.823529
string24,sip,16384,iter-empty,quick_cache,1,6883.555804
string24,sip,16384,iter-empty,lru,1,0.995921
string24,sip,16384,iter-empty,hashlink,1,1.000918
string24,sip,16384,iter-empty,micro,1,5442.998264
string24,sip,16384,iter-empty,quick_cache,2,6889.044643
string24,sip,16384,iter-empty,lru,2,0.990062
string24,sip,16384,iter-empty,hashlink,2,0.994410
string24,sip,16384,iter-empty,micro,2,5487.703125
string24,sip,16384,iter-empty,baseline,2,5428.531250
string24,sip,16384,iter-empty,lru,3,0.996344
string24,sip,16384,iter-empty,hashlink,3,1.015798
string24,sip,16384,iter-empty,micro,3,5631.204044
string24,sip,16384,iter-empty,baseline,3,5578.507353
string24,sip,16384,iter-empty,quick_cache,3,6918.339286
string24,sip,16384,iter-empty,hashlink,4,0.997107
string24,sip,16384,iter-empty,micro,4,5576.746324
string24,sip,16384,iter-empty,baseline,4,5605.775735
string24,sip,16384,iter-empty,quick_cache,4,7059.988839
string24,sip,16384,iter-empty,lru,4,0.990585
string24,sip,16384,iter-count,micro,0,5633.789062
string24,sip,16384,iter-count,baseline,0,5506.402344
string24,sip,16384,iter-count,quick_cache,0,8037.109375
string24,sip,16384,iter-count,lru,0,0.397098
string24,sip,16384,iter-count,hashlink,0,0.397610
string24,sip,16384,iter-count,baseline,1,5604.600260
string24,sip,16384,iter-count,quick_cache,1,8092.773437
string24,sip,16384,iter-count,lru,1,0.407303
string24,sip,16384,iter-count,hashlink,1,0.408245
string24,sip,16384,iter-count,micro,1,5669.161458
string24,sip,16384,iter-count,quick_cache,2,8156.332031
string24,sip,16384,iter-count,lru,2,0.410838
string24,sip,16384,iter-count,hashlink,2,0.402676
string24,sip,16384,iter-count,micro,2,5634.549479
string24,sip,16384,iter-count,baseline,2,5634.332031
string24,sip,16384,iter-count,lru,3,0.396198
string24,sip,16384,iter-count,hashlink,3,0.396794
string24,sip,16384,iter-count,micro,3,5546.223958
string24,sip,16384,iter-count,baseline,3,5455.458333
string24,sip,16384,iter-count,quick_cache,3,8056.396484
string24,sip,16384,iter-count,hashlink,4,0.397853
string24,sip,16384,iter-count,micro,4,5736.761719
string24,sip,16384,iter-count,baseline,4,5539.009115
string24,sip,16384,iter-count,quick_cache,4,8111.978516
string24,sip,16384,iter-count,lru,4,0.400354
string24,ahash,128,get-hit,micro,0,5.321779
string24,ahash,128,get-hit,baseline,0,5.329445
string24,ahash,128,get-hit,quick_cache,0,5.286808
string24,ahash,128,get-hit,lru,0,5.822884
string24,ahash,128,get-hit,hashlink,0,5.783239
string24,ahash,128,get-hit,baseline,1,5.241249
string24,ahash,128,get-hit,quick_cache,1,5.286298
string24,ahash,128,get-hit,lru,1,5.831279
string24,ahash,128,get-hit,hashlink,1,5.682138
string24,ahash,128,get-hit,micro,1,5.340428
string24,ahash,128,get-hit,quick_cache,2,5.300612
string24,ahash,128,get-hit,lru,2,5.858164
string24,ahash,128,get-hit,hashlink,2,5.726734
string24,ahash,128,get-hit,micro,2,5.335048
string24,ahash,128,get-hit,baseline,2,5.334459
string24,ahash,128,get-hit,lru,3,5.791822
string24,ahash,128,get-hit,hashlink,3,5.721655
string24,ahash,128,get-hit,micro,3,5.340946
string24,ahash,128,get-hit,baseline,3,5.396526
string24,ahash,128,get-hit,quick_cache,3,5.404004
string24,ahash,128,get-hit,hashlink,4,5.836608
string24,ahash,128,get-hit,micro,4,5.483371
string24,ahash,128,get-hit,baseline,4,5.357162
string24,ahash,128,get-hit,quick_cache,4,5.280122
string24,ahash,128,get-hit,lru,4,5.828615
string24,ahash,128,get-miss,micro,0,3.368320
string24,ahash,128,get-miss,baseline,0,3.742815
string24,ahash,128,get-miss,quick_cache,0,3.334692
string24,ahash,128,get-miss,lru,0,3.299243
string24,ahash,128,get-miss,hashlink,0,3.217284
string24,ahash,128,get-miss,baseline,1,3.383019
string24,ahash,128,get-miss,quick_cache,1,3.310607
string24,ahash,128,get-miss,lru,1,3.301306
string24,ahash,128,get-miss,hashlink,1,3.213046
string24,ahash,128,get-miss,micro,1,3.293582
string24,ahash,128,get-miss,quick_cache,2,3.302222
string24,ahash,128,get-miss,lru,2,3.310516
string24,ahash,128,get-miss,hashlink,2,3.214518
string24,ahash,128,get-miss,micro,2,3.293628
string24,ahash,128,get-miss,baseline,2,3.378352
string24,ahash,128,get-miss,lru,3,3.315281
string24,ahash,128,get-miss,hashlink,3,3.210892
string24,ahash,128,get-miss,micro,3,3.309370
string24,ahash,128,get-miss,baseline,3,3.375365
string24,ahash,128,get-miss,quick_cache,3,3.316840
string24,ahash,128,get-miss,hashlink,4,3.275463
string24,ahash,128,get-miss,micro,4,3.370467
string24,ahash,128,get-miss,baseline,4,3.471999
string24,ahash,128,get-miss,quick_cache,4,3.381152
string24,ahash,128,get-miss,lru,4,3.318123
string24,ahash,128,update,micro,0,16.019292
string24,ahash,128,update,baseline,0,16.367373
string24,ahash,128,update,quick_cache,0,32.423655
string24,ahash,128,update,lru,0,22.950493
string24,ahash,128,update,hashlink,0,16.284445
string24,ahash,128,update,baseline,1,16.356758
string24,ahash,128,update,quick_cache,1,32.432556
string24,ahash,128,update,lru,1,22.689819
string24,ahash,128,update,hashlink,1,16.393910
string24,ahash,128,update,micro,1,16.022832
string24,ahash,128,update,quick_cache,2,31.893412
string24,ahash,128,update,lru,2,22.667682
string24,ahash,128,update,hashlink,2,16.338846
string24,ahash,128,update,micro,2,16.270073
string24,ahash,128,update,baseline,2,16.437033
string24,ahash,128,update,lru,3,22.850184
string24,ahash,128,update,hashlink,3,16.418234
string24,ahash,128,update,micro,3,16.134734
string24,ahash,128,update,baseline,3,16.419561
string24,ahash,128,update,quick_cache,3,32.333801
string24,ahash,128,update,hashlink,4,16.565074
string24,ahash,128,update,micro,4,16.701904
string24,ahash,128,update,baseline,4,16.833446
string24,ahash,128,update,quick_cache,4,32.521566
string24,ahash,128,update,lru,4,22.462431
string24,ahash,128,insert-cycle,micro,0,36.682629
string24,ahash,128,insert-cycle,baseline,0,37.072407
string24,ahash,128,insert-cycle,quick_cache,0,30.673752
string24,ahash,128,insert-cycle,lru,0,42.228122
string24,ahash,128,insert-cycle,hashlink,0,37.893259
string24,ahash,128,insert-cycle,baseline,1,37.015921
string24,ahash,128,insert-cycle,quick_cache,1,30.666102
string24,ahash,128,insert-cycle,lru,1,41.714163
string24,ahash,128,insert-cycle,hashlink,1,37.135643
string24,ahash,128,insert-cycle,micro,1,36.953776
string24,ahash,128,insert-cycle,quick_cache,2,30.757884
string24,ahash,128,insert-cycle,lru,2,41.555668
string24,ahash,128,insert-cycle,hashlink,2,37.183544
string24,ahash,128,insert-cycle,micro,2,37.154705
string24,ahash,128,insert-cycle,baseline,2,37.561148
string24,ahash,128,insert-cycle,lru,3,42.578351
string24,ahash,128,insert-cycle,hashlink,3,37.019014
string24,ahash,128,insert-cycle,micro,3,36.754776
string24,ahash,128,insert-cycle,baseline,3,36.894924
string24,ahash,128,insert-cycle,quick_cache,3,30.749795
string24,ahash,128,insert-cycle,hashlink,4,37.138214
string24,ahash,128,insert-cycle,micro,4,36.902589
string24,ahash,128,insert-cycle,baseline,4,37.478048
string24,ahash,128,insert-cycle,quick_cache,4,31.410584
string24,ahash,128,insert-cycle,lru,4,42.999742
string24,ahash,128,mixed-95,micro,0,9.047667
string24,ahash,128,mixed-95,baseline,0,8.909007
string24,ahash,128,mixed-95,quick_cache,0,10.104100
string24,ahash,128,mixed-95,lru,0,9.046396
string24,ahash,128,mixed-95,hashlink,0,8.176267
string24,ahash,128,mixed-95,baseline,1,8.897245
string24,ahash,128,mixed-95,quick_cache,1,10.525683
string24,ahash,128,mixed-95,lru,1,9.278973
string24,ahash,128,mixed-95,hashlink,1,8.237660
string24,ahash,128,mixed-95,micro,1,8.966704
string24,ahash,128,mixed-95,quick_cache,2,10.431866
string24,ahash,128,mixed-95,lru,2,9.566586
string24,ahash,128,mixed-95,hashlink,2,8.278112
string24,ahash,128,mixed-95,micro,2,8.987943
string24,ahash,128,mixed-95,baseline,2,8.853734
string24,ahash,128,mixed-95,lru,3,8.985559
string24,ahash,128,mixed-95,hashlink,3,8.096457
string24,ahash,128,mixed-95,micro,3,8.943041
string24,ahash,128,mixed-95,baseline,3,8.863091
string24,ahash,128,mixed-95,quick_cache,3,10.386765
string24,ahash,128,mixed-95,hashlink,4,8.461217
string24,ahash,128,mixed-95,micro,4,8.939346
string24,ahash,128,mixed-95,baseline,4,8.992215
string24,ahash,128,mixed-95,quick_cache,4,11.860987
string24,ahash,128,mixed-95,lru,4,9.181281
string24,ahash,128,load-hit,micro,0,6.340290
string24,ahash,128,load-hit,baseline,0,16.720398
string24,ahash,128,load-hit,quick_cache,0,6.739298
string24,ahash,128,load-hit,lru,0,6.690101
string24,ahash,128,load-hit,hashlink,0,5.601054
string24,ahash,128,load-hit,baseline,1,16.737504
string24,ahash,128,load-hit,quick_cache,1,6.729772
string24,ahash,128,load-hit,lru,1,6.589979
string24,ahash,128,load-hit,hashlink,1,5.524518
string24,ahash,128,load-hit,micro,1,6.349498
string24,ahash,128,load-hit,quick_cache,2,8.358462
string24,ahash,128,load-hit,lru,2,6.805515
string24,ahash,128,load-hit,hashlink,2,5.582945
string24,ahash,128,load-hit,micro,2,6.280240
string24,ahash,128,load-hit,baseline,2,16.646235
string24,ahash,128,load-hit,lru,3,6.861464
string24,ahash,128,load-hit,hashlink,3,5.780298
string24,ahash,128,load-hit,micro,3,6.369844
string24,ahash,128,load-hit,baseline,3,16.302135
string24,ahash,128,load-hit,quick_cache,3,6.749285
string24,ahash,128,load-hit,hashlink,4,5.563832
string24,ahash,128,load-hit,micro,4,6.253172
string24,ahash,128,load-hit,baseline,4,16.516644
string24,ahash,128,load-hit,quick_cache,4,6.744478
string24,ahash,128,load-hit,lru,4,6.587620
string24,ahash,128,load-cycle,micro,0,36.783344
string24,ahash,128,load-cycle,baseline,0,37.721162
string24,ahash,128,load-cycle,quick_cache,0,18.382231
string24,ahash,128,load-cycle,lru,0,38.725157
string24,ahash,128,load-cycle,hashlink,0,39.193144
string24,ahash,128,load-cycle,baseline,1,37.148524
string24,ahash,128,load-cycle,quick_cache,1,18.130053
string24,ahash,128,load-cycle,lru,1,38.337533
string24,ahash,128,load-cycle,hashlink,1,38.961924
string24,ahash,128,load-cycle,micro,1,36.749167
string24,ahash,128,load-cycle,quick_cache,2,18.300007
string24,ahash,128,load-cycle,lru,2,38.308262
string24,ahash,128,load-cycle,hashlink,2,38.886809
string24,ahash,128,load-cycle,micro,2,36.832325
string24,ahash,128,load-cycle,baseline,2,36.926137
string24,ahash,128,load-cycle,lru,3,38.301188
string24,ahash,128,load-cycle,hashlink,3,39.654706
string24,ahash,128,load-cycle,micro,3,37.677471
string24,ahash,128,load-cycle,baseline,3,38.055816
string24,ahash,128,load-cycle,quick_cache,3,18.457548
string24,ahash,128,load-cycle,hashlink,4,39.033846
string24,ahash,128,load-cycle,micro,4,36.767021
string24,ahash,128,load-cycle,baseline,4,37.595052
string24,ahash,128,load-cycle,quick_cache,4,18.348885
string24,ahash,128,load-cycle,lru,4,38.874948
string24,ahash,128,clear-refill,micro,0,2537.686391
string24,ahash,128,clear-refill,baseline,0,2523.724138
string24,ahash,128,clear-refill,quick_cache,0,2578.536942
string24,ahash,128,clear-refill,lru,0,5200.679376
string24,ahash,128,clear-refill,hashlink,0,3606.019231
string24,ahash,128,clear-refill,baseline,1,2539.587140
string24,ahash,128,clear-refill,quick_cache,1,2596.308824
string24,ahash,128,clear-refill,lru,1,5197.302768
string24,ahash,128,clear-refill,hashlink,1,3606.570913
string24,ahash,128,clear-refill,micro,1,2544.600509
string24,ahash,128,clear-refill,quick_cache,2,2591.788428
string24,ahash,128,clear-refill,lru,2,5191.105536
string24,ahash,128,clear-refill,hashlink,2,3603.241297
string24,ahash,128,clear-refill,micro,2,2535.996619
string24,ahash,128,clear-refill,baseline,2,2531.927426
string24,ahash,128,clear-refill,lru,3,5182.858377
string24,ahash,128,clear-refill,hashlink,3,3602.841537
string24,ahash,128,clear-refill,micro,3,2528.502949
string24,ahash,128,clear-refill,baseline,3,2564.779487
string24,ahash,128,clear-refill,quick_cache,3,2647.522928
string24,ahash,128,clear-refill,hashlink,4,3693.726937
string24,ahash,128,clear-refill,micro,4,2608.347524
string24,ahash,128,clear-refill,baseline,4,2550.694138
string24,ahash,128,clear-refill,quick_cache,4,2605.902778
string24,ahash,128,clear-refill,lru,4,5204.000000
string24,ahash,128,clear-empty,micro,0,49.266495
string24,ahash,128,clear-empty,baseline,0,49.493588
string24,ahash,128,clear-empty,quick_cache,0,3.970539
string24,ahash,128,clear-empty,lru,0,2.173479
string24,ahash,128,clear-empty,hashlink,0,0.611962
string24,ahash,128,clear-empty,baseline,1,49.323234
string24,ahash,128,clear-empty,quick_cache,1,3.960815
string24,ahash,128,clear-empty,lru,1,2.142184
string24,ahash,128,clear-empty,hashlink,1,0.607198
string24,ahash,128,clear-empty,micro,1,49.029541
string24,ahash,128,clear-empty,quick_cache,2,3.896943
string24,ahash,128,clear-empty,lru,2,2.113156
string24,ahash,128,clear-empty,hashlink,2,0.606443
string24,ahash,128,clear-empty,micro,2,48.849154
string24,ahash,128,clear-empty,baseline,2,49.846067
string24,ahash,128,clear-empty,lru,3,2.136747
string24,ahash,128,clear-empty,hashlink,3,0.606686
string24,ahash,128,clear-empty,micro,3,48.989535
string24,ahash,128,clear-empty,baseline,3,49.041269
string24,ahash,128,clear-empty,quick_cache,3,3.967574
string24,ahash,128,clear-empty,hashlink,4,0.610559
string24,ahash,128,clear-empty,micro,4,43.326093
string24,ahash,128,clear-empty,baseline,4,43.271448
string24,ahash,128,clear-empty,quick_cache,4,4.044017
string24,ahash,128,clear-empty,lru,4,2.166128
string24,ahash,128,iter-dense,micro,0,38.413330
string24,ahash,128,iter-dense,baseline,0,38.519515
string24,ahash,128,iter-dense,quick_cache,0,29.015267
string24,ahash,128,iter-dense,lru,0,139.899264
string24,ahash,128,iter-dense,hashlink,0,137.305911
string24,ahash,128,iter-dense,baseline,1,38.482253
string24,ahash,128,iter-dense,quick_cache,1,29.045578
string24,ahash,128,iter-dense,lru,1,138.991111
string24,ahash,128,iter-dense,hashlink,1,135.761487
string24,ahash,128,iter-dense,micro,1,38.360845
string24,ahash,128,iter-dense,quick_cache,2,29.101276
string24,ahash,128,iter-dense,lru,2,138.549760
string24,ahash,128,iter-dense,hashlink,2,134.027143
string24,ahash,128,iter-dense,micro,2,38.798523
string24,ahash,128,iter-dense,baseline,2,38.493239
string24,ahash,128,iter-dense,lru,3,136.344023
string24,ahash,128,iter-dense,hashlink,3,132.965563
string24,ahash,128,iter-dense,micro,3,38.447494
string24,ahash,128,iter-dense,baseline,3,38.521659
string24,ahash,128,iter-dense,quick_cache,3,29.028793
string24,ahash,128,iter-dense,hashlink,4,136.722531
string24,ahash,128,iter-dense,micro,4,39.012128
string24,ahash,128,iter-dense,baseline,4,39.466935
string24,ahash,128,iter-dense,quick_cache,4,29.687332
string24,ahash,128,iter-dense,lru,4,140.352124
string24,ahash,128,iter-dense-for,micro,0,38.957013
string24,ahash,128,iter-dense-for,baseline,0,38.748283
string24,ahash,128,iter-dense-for,quick_cache,0,72.186947
string24,ahash,128,iter-dense-for,lru,0,85.942283
string24,ahash,128,iter-dense-for,hashlink,0,73.869119
string24,ahash,128,iter-dense-for,baseline,1,38.368300
string24,ahash,128,iter-dense-for,quick_cache,1,71.152243
string24,ahash,128,iter-dense-for,lru,1,83.450345
string24,ahash,128,iter-dense-for,hashlink,1,73.473820
string24,ahash,128,iter-dense-for,micro,1,38.433876
string24,ahash,128,iter-dense-for,quick_cache,2,71.220103
string24,ahash,128,iter-dense-for,lru,2,82.300795
string24,ahash,128,iter-dense-for,hashlink,2,72.945009
string24,ahash,128,iter-dense-for,micro,2,38.576165
string24,ahash,128,iter-dense-for,baseline,2,38.527013
string24,ahash,128,iter-dense-for,lru,3,82.335354
string24,ahash,128,iter-dense-for,hashlink,3,72.953101
string24,ahash,128,iter-dense-for,micro,3,38.551415
string24,ahash,128,iter-dense-for,baseline,3,38.636511
string24,ahash,128,iter-dense-for,quick_cache,3,71.201310
string24,ahash,128,iter-dense-for,hashlink,4,72.926784
string24,ahash,128,iter-dense-for,micro,4,38.513334
string24,ahash,128,iter-dense-for,baseline,4,38.618462
string24,ahash,128,iter-dense-for,quick_cache,4,70.905967
string24,ahash,128,iter-dense-for,lru,4,82.743138
string24,ahash,128,iter-density-1pct,micro,0,39.869101
string24,ahash,128,iter-density-1pct,baseline,0,43.461712
string24,ahash,128,iter-density-1pct,quick_cache,0,28.432241
string24,ahash,128,iter-density-1pct,lru,0,1.260064
string24,ahash,128,iter-density-1pct,hashlink,0,1.263903
string24,ahash,128,iter-density-1pct,baseline,1,38.414930
string24,ahash,128,iter-density-1pct,quick_cache,1,27.539537
string24,ahash,128,iter-density-1pct,lru,1,1.281981
string24,ahash,128,iter-density-1pct,hashlink,1,1.269620
string24,ahash,128,iter-density-1pct,micro,1,38.180311
string24,ahash,128,iter-density-1pct,quick_cache,2,27.747595
string24,ahash,128,iter-density-1pct,lru,2,1.280475
string24,ahash,128,iter-density-1pct,hashlink,2,1.264483
string24,ahash,128,iter-density-1pct,micro,2,38.329479
string24,ahash,128,iter-density-1pct,baseline,2,37.685051
string24,ahash,128,iter-density-1pct,lru,3,1.278345
string24,ahash,128,iter-density-1pct,hashlink,3,1.260758
string24,ahash,128,iter-density-1pct,micro,3,38.524343
string24,ahash,128,iter-density-1pct,baseline,3,37.803465
string24,ahash,128,iter-density-1pct,quick_cache,3,27.610222
string24,ahash,128,iter-density-1pct,hashlink,4,1.255844
string24,ahash,128,iter-density-1pct,micro,4,38.403998
string24,ahash,128,iter-density-1pct,baseline,4,37.692901
string24,ahash,128,iter-density-1pct,quick_cache,4,27.658702
string24,ahash,128,iter-density-1pct,lru,4,1.280878
string24,ahash,128,iter-density-6pct,micro,0,36.857557
string24,ahash,128,iter-density-6pct,baseline,0,36.754888
string24,ahash,128,iter-density-6pct,quick_cache,0,28.136255
string24,ahash,128,iter-density-6pct,lru,0,3.393958
string24,ahash,128,iter-density-6pct,hashlink,0,3.261254
string24,ahash,128,iter-density-6pct,baseline,1,34.826372
string24,ahash,128,iter-density-6pct,quick_cache,1,23.212800
string24,ahash,128,iter-density-6pct,lru,1,3.319054
string24,ahash,128,iter-density-6pct,hashlink,1,3.213897
string24,ahash,128,iter-density-6pct,micro,1,36.113757
string24,ahash,128,iter-density-6pct,quick_cache,2,23.621874
string24,ahash,128,iter-density-6pct,lru,2,3.294676
string24,ahash,128,iter-density-6pct,hashlink,2,3.201079
string24,ahash,128,iter-density-6pct,micro,2,36.543075
string24,ahash,128,iter-density-6pct,baseline,2,36.151130
string24,ahash,128,iter-density-6pct,lru,3,3.288666
string24,ahash,128,iter-density-6pct,hashlink,3,3.206533
string24,ahash,128,iter-density-6pct,micro,3,36.418386
string24,ahash,128,iter-density-6pct,baseline,3,36.456819
string24,ahash,128,iter-density-6pct,quick_cache,3,23.507027
string24,ahash,128,iter-density-6pct,hashlink,4,3.203421
string24,ahash,128,iter-density-6pct,micro,4,36.509553
string24,ahash,128,iter-density-6pct,baseline,4,36.110368
string24,ahash,128,iter-density-6pct,quick_cache,4,23.562178
string24,ahash,128,iter-density-6pct,lru,4,3.294258
string24,ahash,128,iter-density-quarter,micro,0,51.133400
string24,ahash,128,iter-density-quarter,baseline,0,50.813008
string24,ahash,128,iter-density-quarter,quick_cache,0,25.685642
string24,ahash,128,iter-density-quarter,lru,0,19.188005
string24,ahash,128,iter-density-quarter,hashlink,0,19.382927
string24,ahash,128,iter-density-quarter,baseline,1,52.514925
string24,ahash,128,iter-density-quarter,quick_cache,1,26.320580
string24,ahash,128,iter-density-quarter,lru,1,19.360791
string24,ahash,128,iter-density-quarter,hashlink,1,19.016227
string24,ahash,128,iter-density-quarter,micro,1,50.156668
string24,ahash,128,iter-density-quarter,quick_cache,2,25.881012
string24,ahash,128,iter-density-quarter,lru,2,19.206127
string24,ahash,128,iter-density-quarter,hashlink,2,19.125905
string24,ahash,128,iter-density-quarter,micro,2,50.351185
string24,ahash,128,iter-density-quarter,baseline,2,50.211071
string24,ahash,128,iter-density-quarter,lru,3,19.249230
string24,ahash,128,iter-density-quarter,hashlink,3,19.012371
string24,ahash,128,iter-density-quarter,micro,3,50.368673
string24,ahash,128,iter-density-quarter,baseline,3,50.465891
string24,ahash,128,iter-density-quarter,quick_cache,3,25.802680
string24,ahash,128,iter-density-quarter,hashlink,4,19.125108
string24,ahash,128,iter-density-quarter,micro,4,50.490963
string24,ahash,128,iter-density-quarter,baseline,4,50.175144
string24,ahash,128,iter-density-quarter,quick_cache,4,25.578867
string24,ahash,128,iter-density-quarter,lru,4,19.217937
string24,ahash,128,iter-density-half,micro,0,64.590328
string24,ahash,128,iter-density-half,baseline,0,64.157447
string24,ahash,128,iter-density-half,quick_cache,0,24.911514
string24,ahash,128,iter-density-half,lru,0,52.669277
string24,ahash,128,iter-density-half,hashlink,0,51.784235
string24,ahash,128,iter-density-half,baseline,1,63.987700
string24,ahash,128,iter-density-half,quick_cache,1,25.247939
string24,ahash,128,iter-density-half,lru,1,54.591258
string24,ahash,128,iter-density-half,hashlink,1,54.383882
string24,ahash,128,iter-density-half,micro,1,66.953671
string24,ahash,128,iter-density-half,quick_cache,2,24.829234
string24,ahash,128,iter-density-half,lru,2,52.378666
string24,ahash,128,iter-density-half,hashlink,2,52.391027
string24,ahash,128,iter-density-half,micro,2,64.492521
string24,ahash,128,iter-density-half,baseline,2,63.968174
string24,ahash,128,iter-density-half,lru,3,52.120240
string24,ahash,128,iter-density-half,hashlink,3,51.543602
string24,ahash,128,iter-density-half,micro,3,64.027837
string24,ahash,128,iter-density-half,baseline,3,64.203136
string24,ahash,128,iter-density-half,quick_cache,3,25.088013
string24,ahash,128,iter-density-half,hashlink,4,51.885895
string24,ahash,128,iter-density-half,micro,4,60.761625
string24,ahash,128,iter-density-half,baseline,4,62.074309
string24,ahash,128,iter-density-half,quick_cache,4,24.701849
string24,ahash,128,iter-density-half,lru,4,51.462301
string24,ahash,128,iter-front,micro,0,36.989448
string24,ahash,128,iter-front,baseline,0,36.831169
string24,ahash,128,iter-front,quick_cache,0,26.096020
string24,ahash,128,iter-front,lru,0,1.191021
string24,ahash,128,iter-front,hashlink,0,1.156594
string24,ahash,128,iter-front,baseline,1,37.527511
string24,ahash,128,iter-front,quick_cache,1,26.070623
string24,ahash,128,iter-front,lru,1,1.185044
string24,ahash,128,iter-front,hashlink,1,1.174385
string24,ahash,128,iter-front,micro,1,38.845666
string24,ahash,128,iter-front,quick_cache,2,27.075666
string24,ahash,128,iter-front,lru,2,1.208570
string24,ahash,128,iter-front,hashlink,2,1.177867
string24,ahash,128,iter-front,micro,2,37.822396
string24,ahash,128,iter-front,baseline,2,37.182692
string24,ahash,128,iter-front,lru,3,1.195715
string24,ahash,128,iter-front,hashlink,3,1.177645
string24,ahash,128,iter-front,micro,3,37.931078
string24,ahash,128,iter-front,baseline,3,37.158145
string24,ahash,128,iter-front,quick_cache,3,26.046727
string24,ahash,128,iter-front,hashlink,4,1.145780
string24,ahash,128,iter-front,micro,4,37.826064
string24,ahash,128,iter-front,baseline,4,37.089794
string24,ahash,128,iter-front,quick_cache,4,26.078616
string24,ahash,128,iter-front,lru,4,1.187957
string24,ahash,128,iter-back,micro,0,38.521659
string24,ahash,128,iter-back,baseline,0,38.155589
string24,ahash,128,iter-back,quick_cache,0,25.574255
string24,ahash,128,iter-back,lru,0,1.185029
string24,ahash,128,iter-back,hashlink,0,1.172887
string24,ahash,128,iter-back,baseline,1,38.844579
string24,ahash,128,iter-back,quick_cache,1,25.844629
string24,ahash,128,iter-back,lru,1,1.198527
string24,ahash,128,iter-back,hashlink,1,1.180835
string24,ahash,128,iter-back,micro,1,38.516845
string24,ahash,128,iter-back,quick_cache,2,26.000503
string24,ahash,128,iter-back,lru,2,1.209381
string24,ahash,128,iter-back,hashlink,2,1.210255
string24,ahash,128,iter-back,micro,2,40.097384
string24,ahash,128,iter-back,baseline,2,36.504963
string24,ahash,128,iter-back,lru,3,1.181207
string24,ahash,128,iter-back,hashlink,3,1.172183
string24,ahash,128,iter-back,micro,3,37.373269
string24,ahash,128,iter-back,baseline,3,38.354205
string24,ahash,128,iter-back,quick_cache,3,21.931652
string24,ahash,128,iter-back,hashlink,4,1.138807
string24,ahash,128,iter-back,micro,4,38.253952
string24,ahash,128,iter-back,baseline,4,37.745207
string24,ahash,128,iter-back,quick_cache,4,22.133572
string24,ahash,128,iter-back,lru,4,1.188032
string24,ahash,128,iter-empty,micro,0,37.700731
string24,ahash,128,iter-empty,baseline,0,37.255513
string24,ahash,128,iter-empty,quick_cache,0,22.154493
string24,ahash,128,iter-empty,lru,0,0.989258
string24,ahash,128,iter-empty,hashlink,0,1.003812
string24,ahash,128,iter-empty,baseline,1,37.802949
string24,ahash,128,iter-empty,quick_cache,1,22.163121
string24,ahash,128,iter-empty,lru,1,0.991392
string24,ahash,128,iter-empty,hashlink,1,0.994168
string24,ahash,128,iter-empty,micro,1,37.768815
string24,ahash,128,iter-empty,quick_cache,2,22.166201
string24,ahash,128,iter-empty,lru,2,0.992515
string24,ahash,128,iter-empty,hashlink,2,1.001453
string24,ahash,128,iter-empty,micro,2,39.019156
string24,ahash,128,iter-empty,baseline,2,39.444849
string24,ahash,128,iter-empty,lru,3,1.025341
string24,ahash,128,iter-empty,hashlink,3,1.012211
string24,ahash,128,iter-empty,micro,3,37.856618
string24,ahash,128,iter-empty,baseline,3,37.728986
string24,ahash,128,iter-empty,quick_cache,3,22.149259
string24,ahash,128,iter-empty,hashlink,4,0.997362
string24,ahash,128,iter-empty,micro,4,38.219030
string24,ahash,128,iter-empty,baseline,4,37.198979
string24,ahash,128,iter-empty,quick_cache,4,22.156339
string24,ahash,128,iter-empty,lru,4,0.994125
string24,ahash,128,iter-count,micro,0,36.884164
string24,ahash,128,iter-count,baseline,0,36.603339
string24,ahash,128,iter-count,quick_cache,0,54.061204
string24,ahash,128,iter-count,lru,0,0.397750
string24,ahash,128,iter-count,hashlink,0,0.400551
string24,ahash,128,iter-count,baseline,1,36.987690
string24,ahash,128,iter-count,quick_cache,1,56.398062
string24,ahash,128,iter-count,lru,1,0.401916
string24,ahash,128,iter-count,hashlink,1,0.396458
string24,ahash,128,iter-count,micro,1,36.825186
string24,ahash,128,iter-count,quick_cache,2,54.761682
string24,ahash,128,iter-count,lru,2,0.400573
string24,ahash,128,iter-count,hashlink,2,0.401451
string24,ahash,128,iter-count,micro,2,36.853970
string24,ahash,128,iter-count,baseline,2,36.825700
string24,ahash,128,iter-count,lru,3,0.406935
string24,ahash,128,iter-count,hashlink,3,0.407303
string24,ahash,128,iter-count,micro,3,38.461616
string24,ahash,128,iter-count,baseline,3,37.719064
string24,ahash,128,iter-count,quick_cache,3,54.215726
string24,ahash,128,iter-count,hashlink,4,0.395548
string24,ahash,128,iter-count,micro,4,37.034934
string24,ahash,128,iter-count,baseline,4,36.729431
string24,ahash,128,iter-count,quick_cache,4,54.363480
string24,ahash,128,iter-count,lru,4,0.398950
string24,ahash,1024,get-hit,micro,0,6.681778
string24,ahash,1024,get-hit,baseline,0,6.662726
string24,ahash,1024,get-hit,quick_cache,0,6.850724
string24,ahash,1024,get-hit,lru,0,7.709399
string24,ahash,1024,get-hit,hashlink,0,7.153827
string24,ahash,1024,get-hit,baseline,1,6.349235
string24,ahash,1024,get-hit,quick_cache,1,6.342043
string24,ahash,1024,get-hit,lru,1,7.322323
string24,ahash,1024,get-hit,hashlink,1,7.028062
string24,ahash,1024,get-hit,micro,1,6.537990
string24,ahash,1024,get-hit,quick_cache,2,6.427073
string24,ahash,1024,get-hit,lru,2,7.383931
string24,ahash,1024,get-hit,hashlink,2,6.996971
string24,ahash,1024,get-hit,micro,2,6.544931
string24,ahash,1024,get-hit,baseline,2,6.539843
string24,ahash,1024,get-hit,lru,3,7.362061
string24,ahash,1024,get-hit,hashlink,3,7.010311
string24,ahash,1024,get-hit,micro,3,6.695188
string24,ahash,1024,get-hit,baseline,3,6.726722
string24,ahash,1024,get-hit,quick_cache,3,6.701196
string24,ahash,1024,get-hit,hashlink,4,7.030656
string24,ahash,1024,get-hit,micro,4,6.545384
string24,ahash,1024,get-hit,baseline,4,6.529513
string24,ahash,1024,get-hit,quick_cache,4,6.462143
string24,ahash,1024,get-hit,lru,4,7.529952
string24,ahash,1024,get-miss,micro,0,3.778254
string24,ahash,1024,get-miss,baseline,0,3.852155
string24,ahash,1024,get-miss,quick_cache,0,3.732135
string24,ahash,1024,get-miss,lru,0,3.996752
string24,ahash,1024,get-miss,hashlink,0,3.665110
string24,ahash,1024,get-miss,baseline,1,3.816869
string24,ahash,1024,get-miss,quick_cache,1,3.716517
string24,ahash,1024,get-miss,lru,1,3.960558
string24,ahash,1024,get-miss,hashlink,1,3.618577
string24,ahash,1024,get-miss,micro,1,3.718778
string24,ahash,1024,get-miss,quick_cache,2,3.715026
string24,ahash,1024,get-miss,lru,2,3.961379
string24,ahash,1024,get-miss,hashlink,2,3.611596
string24,ahash,1024,get-miss,micro,2,3.734037
string24,ahash,1024,get-miss,baseline,2,3.820312
string24,ahash,1024,get-miss,lru,3,3.944425
string24,ahash,1024,get-miss,hashlink,3,3.626102
string24,ahash,1024,get-miss,micro,3,3.739338
string24,ahash,1024,get-miss,baseline,3,3.918425
string24,ahash,1024,get-miss,quick_cache,3,3.818671
string24,ahash,1024,get-miss,hashlink,4,3.732752
string24,ahash,1024,get-miss,micro,4,3.731416
string24,ahash,1024,get-miss,baseline,4,3.860205
string24,ahash,1024,get-miss,quick_cache,4,3.714462
string24,ahash,1024,get-miss,lru,4,3.950660
string24,ahash,1024,update,micro,0,17.821539
string24,ahash,1024,update,baseline,0,17.769950
string24,ahash,1024,update,quick_cache,0,34.691551
string24,ahash,1024,update,lru,0,22.233556
string24,ahash,1024,update,hashlink,0,20.299541
string24,ahash,1024,update,baseline,1,17.774309
string24,ahash,1024,update,quick_cache,1,34.678611
string24,ahash,1024,update,lru,1,21.630378
string24,ahash,1024,update,hashlink,1,20.094219
string24,ahash,1024,update,micro,1,17.802409
string24,ahash,1024,update,quick_cache,2,33.623435
string24,ahash,1024,update,lru,2,20.404483
string24,ahash,1024,update,hashlink,2,20.100374
string24,ahash,1024,update,micro,2,17.779396
string24,ahash,1024,update,baseline,2,17.741856
string24,ahash,1024,update,lru,3,22.892632
string24,ahash,1024,update,hashlink,3,20.137053
string24,ahash,1024,update,micro,3,17.853748
string24,ahash,1024,update,baseline,3,18.107096
string24,ahash,1024,update,quick_cache,3,34.558849
string24,ahash,1024,update,hashlink,4,20.446499
string24,ahash,1024,update,micro,4,17.758086
string24,ahash,1024,update,baseline,4,17.962745
string24,ahash,1024,update,quick_cache,4,33.623901
string24,ahash,1024,update,lru,4,23.652397
string24,ahash,1024,insert-cycle,micro,0,44.324693
string24,ahash,1024,insert-cycle,baseline,0,43.376838
string24,ahash,1024,insert-cycle,quick_cache,0,27.727622
string24,ahash,1024,insert-cycle,lru,0,50.179036
string24,ahash,1024,insert-cycle,hashlink,0,41.424221
string24,ahash,1024,insert-cycle,baseline,1,43.298455
string24,ahash,1024,insert-cycle,quick_cache,1,27.741819
string24,ahash,1024,insert-cycle,lru,1,50.630422
string24,ahash,1024,insert-cycle,hashlink,1,40.556495
string24,ahash,1024,insert-cycle,micro,1,43.637738
string24,ahash,1024,insert-cycle,quick_cache,2,27.457908
string24,ahash,1024,insert-cycle,lru,2,49.677197
string24,ahash,1024,insert-cycle,hashlink,2,41.145047
string24,ahash,1024,insert-cycle,micro,2,43.613798
string24,ahash,1024,insert-cycle,baseline,2,43.416935
string24,ahash,1024,insert-cycle,lru,3,49.900977
string24,ahash,1024,insert-cycle,hashlink,3,40.223263
string24,ahash,1024,insert-cycle,micro,3,43.209300
string24,ahash,1024,insert-cycle,baseline,3,43.688003
string24,ahash,1024,insert-cycle,quick_cache,3,28.326970
string24,ahash,1024,insert-cycle,hashlink,4,41.197605
string24,ahash,1024,insert-cycle,micro,4,44.228946
string24,ahash,1024,insert-cycle,baseline,4,43.255974
string24,ahash,1024,insert-cycle,quick_cache,4,27.797483
string24,ahash,1024,insert-cycle,lru,4,51.408439
string24,ahash,1024,mixed-95,micro,0,10.139763
string24,ahash,1024,mixed-95,baseline,0,10.119915
string24,ahash,1024,mixed-95,quick_cache,0,13.143837
string24,ahash,1024,mixed-95,lru,0,11.773089
string24,ahash,1024,mixed-95,hashlink,0,10.495802
string24,ahash,1024,mixed-95,baseline,1,10.480920
string24,ahash,1024,mixed-95,quick_cache,1,13.149321
string24,ahash,1024,mixed-95,lru,1,11.641820
string24,ahash,1024,mixed-95,hashlink,1,10.446250
string24,ahash,1024,mixed-95,micro,1,10.054330
string24,ahash,1024,mixed-95,quick_cache,2,13.291677
string24,ahash,1024,mixed-95,lru,2,11.957943
string24,ahash,1024,mixed-95,hashlink,2,10.684371
string24,ahash,1024,mixed-95,micro,2,10.554870
string24,ahash,1024,mixed-95,baseline,2,10.411242
string24,ahash,1024,mixed-95,lru,3,11.950910
string24,ahash,1024,mixed-95,hashlink,3,10.863404
string24,ahash,1024,mixed-95,micro,3,10.404766
string24,ahash,1024,mixed-95,baseline,3,10.368884
string24,ahash,1024,mixed-95,quick_cache,3,13.224522
string24,ahash,1024,mixed-95,hashlink,4,10.419150
string24,ahash,1024,mixed-95,micro,4,10.186195
string24,ahash,1024,mixed-95,baseline,4,10.103623
string24,ahash,1024,mixed-95,quick_cache,4,12.858649
string24,ahash,1024,mixed-95,lru,4,11.929870
string24,ahash,1024,load-hit,micro,0,7.933056
string24,ahash,1024,load-hit,baseline,0,18.299648
string24,ahash,1024,load-hit,quick_cache,0,8.340199
string24,ahash,1024,load-hit,lru,0,8.757818
string24,ahash,1024,load-hit,hashlink,0,6.997835
string24,ahash,1024,load-hit,baseline,1,18.261626
string24,ahash,1024,load-hit,quick_cache,1,8.212280
string24,ahash,1024,load-hit,lru,1,8.726696
string24,ahash,1024,load-hit,hashlink,1,7.009542
string24,ahash,1024,load-hit,micro,1,7.617250
string24,ahash,1024,load-hit,quick_cache,2,8.299650
string24,ahash,1024,load-hit,lru,2,8.763146
string24,ahash,1024,load-hit,hashlink,2,7.126735
string24,ahash,1024,load-hit,micro,2,7.589744
string24,ahash,1024,load-hit,baseline,2,18.316907
string24,ahash,1024,load-hit,lru,3,8.728510
string24,ahash,1024,load-hit,hashlink,3,7.131038
string24,ahash,1024,load-hit,micro,3,8.365797
string24,ahash,1024,load-hit,baseline,3,27.600246
string24,ahash,1024,load-hit,quick_cache,3,25.878573
string24,ahash,1024,load-hit,hashlink,4,28.090707
string24,ahash,1024,load-hit,micro,4,27.295070
string24,ahash,1024,load-hit,baseline,4,28.228394
string24,ahash,1024,load-hit,quick_cache,4,23.029961
string24,ahash,1024,load-hit,lru,4,9.266025
string24,ahash,1024,load-cycle,micro,0,45.540853
string24,ahash,1024,load-cycle,baseline,0,46.632767
string24,ahash,1024,load-cycle,quick_cache,0,19.735781
string24,ahash,1024,load-cycle,lru,0,51.453344
string24,ahash,1024,load-cycle,hashlink,0,48.074045
string24,ahash,1024,load-cycle,baseline,1,45.707934
string24,ahash,1024,load-cycle,quick_cache,1,19.933482
string24,ahash,1024,load-cycle,lru,1,47.843025
string24,ahash,1024,load-cycle,hashlink,1,46.470001
string24,ahash,1024,load-cycle,micro,1,47.889633
string24,ahash,1024,load-cycle,quick_cache,2,19.862265
string24,ahash,1024,load-cycle,lru,2,47.333102
string24,ahash,1024,load-cycle,hashlink,2,46.229675
string24,ahash,1024,load-cycle,micro,2,45.507576
string24,ahash,1024,load-cycle,baseline,2,48.942057
string24,ahash,1024,load-cycle,lru,3,47.580519
string24,ahash,1024,load-cycle,hashlink,3,48.036637
string24,ahash,1024,load-cycle,micro,3,44.878107
string24,ahash,1024,load-cycle,baseline,3,46.921417
string24,ahash,1024,load-cycle,quick_cache,3,20.946394
string24,ahash,1024,load-cycle,hashlink,4,47.604791
string24,ahash,1024,load-cycle,micro,4,46.983078
string24,ahash,1024,load-cycle,baseline,4,46.473831
string24,ahash,1024,load-cycle,quick_cache,4,19.940351
string24,ahash,1024,load-cycle,lru,4,47.983477
string24,ahash,1024,clear-refill,micro,0,21638.187050
string24,ahash,1024,clear-refill,baseline,0,21327.716312
string24,ahash,1024,clear-refill,quick_cache,0,23054.389313
string24,ahash,1024,clear-refill,lru,0,53273.385965
string24,ahash,1024,clear-refill,hashlink,0,32794.836957
string24,ahash,1024,clear-refill,baseline,1,21304.673759
string24,ahash,1024,clear-refill,quick_cache,1,23432.170543
string24,ahash,1024,clear-refill,lru,1,53417.403509
string24,ahash,1024,clear-refill,hashlink,1,32299.731183
string24,ahash,1024,clear-refill,micro,1,21065.846154
string24,ahash,1024,clear-refill,quick_cache,2,22937.022901
string24,ahash,1024,clear-refill,lru,2,52282.327586
string24,ahash,1024,clear-refill,hashlink,2,32357.978495
string24,ahash,1024,clear-refill,micro,2,21247.063380
string24,ahash,1024,clear-refill,baseline,2,20985.433566
string24,ahash,1024,clear-refill,lru,3,51809.620690
string24,ahash,1024,clear-refill,hashlink,3,32552.419355
string24,ahash,1024,clear-refill,micro,3,20954.861111
string24,ahash,1024,clear-refill,baseline,3,20852.715278
string24,ahash,1024,clear-refill,quick_cache,3,23547.851562
string24,ahash,1024,clear-refill,hashlink,4,32071.361702
string24,ahash,1024,clear-refill,micro,4,22129.595588
string24,ahash,1024,clear-refill,baseline,4,22268.214815
string24,ahash,1024,clear-refill,quick_cache,4,22975.190840
string24,ahash,1024,clear-refill,lru,4,52492.810345
string24,ahash,1024,clear-empty,micro,0,48.588698
string24,ahash,1024,clear-empty,baseline,0,48.262137
string24,ahash,1024,clear-empty,quick_cache,0,4.035998
string24,ahash,1024,clear-empty,lru,0,2.162740
string24,ahash,1024,clear-empty,hashlink,0,0.610218
string24,ahash,1024,clear-empty,baseline,1,48.363281
string24,ahash,1024,clear-empty,quick_cache,1,3.980197
string24,ahash,1024,clear-empty,lru,1,2.161514
string24,ahash,1024,clear-empty,hashlink,1,0.624318
string24,ahash,1024,clear-empty,micro,1,48.725477
string24,ahash,1024,clear-empty,quick_cache,2,3.967629
string24,ahash,1024,clear-empty,lru,2,2.140891
string24,ahash,1024,clear-empty,hashlink,2,0.612346
string24,ahash,1024,clear-empty,micro,2,48.378022
string24,ahash,1024,clear-empty,baseline,2,48.339844
string24,ahash,1024,clear-empty,lru,3,2.142818
string24,ahash,1024,clear-empty,hashlink,3,0.612433
string24,ahash,1024,clear-empty,micro,3,49.600722
string24,ahash,1024,clear-empty,baseline,3,49.932812
string24,ahash,1024,clear-empty,quick_cache,3,3.926207
string24,ahash,1024,clear-empty,hashlink,4,0.602461
string24,ahash,1024,clear-empty,micro,4,47.755621
string24,ahash,1024,clear-empty,baseline,4,47.628179
string24,ahash,1024,clear-empty,quick_cache,4,4.061341
string24,ahash,1024,clear-empty,lru,4,2.194994
string24,ahash,1024,iter-dense,micro,0,282.803087
string24,ahash,1024,iter-dense,baseline,0,268.117589
string24,ahash,1024,iter-dense,quick_cache,0,255.318020
string24,ahash,1024,iter-dense,lru,0,1266.354167
string24,ahash,1024,iter-dense,hashlink,0,1269.812922
string24,ahash,1024,iter-dense,baseline,1,274.861477
string24,ahash,1024,iter-dense,quick_cache,1,253.547297
string24,ahash,1024,iter-dense,lru,1,1300.727740
string24,ahash,1024,iter-dense,hashlink,1,1259.947917
string24,ahash,1024,iter-dense,micro,1,273.505831
string24,ahash,1024,iter-dense,quick_cache,2,252.846361
string24,ahash,1024,iter-dense,lru,2,1304.180990
string24,ahash,1024,iter-dense,hashlink,2,1263.020833
string24,ahash,1024,iter-dense,micro,2,272.547965
string24,ahash,1024,iter-dense,baseline,2,274.385508
string24,ahash,1024,iter-dense,lru,3,1282.394003
string24,ahash,1024,iter-dense,hashlink,3,1265.138750
string24,ahash,1024,iter-dense,micro,3,272.312772
string24,ahash,1024,iter-dense,baseline,3,274.003098
string24,ahash,1024,iter-dense,quick_cache,3,248.918932
string24,ahash,1024,iter-dense,hashlink,4,1289.080051
string24,ahash,1024,iter-dense,micro,4,272.915153
string24,ahash,1024,iter-dense,baseline,4,274.457785
string24,ahash,1024,iter-dense,quick_cache,4,253.723226
string24,ahash,1024,iter-dense,lru,4,1359.979167
string24,ahash,1024,iter-dense-for,micro,0,283.268032
string24,ahash,1024,iter-dense-for,baseline,0,288.000096
string24,ahash,1024,iter-dense-for,quick_cache,0,513.198770
string24,ahash,1024,iter-dense-for,lru,0,763.518293
string24,ahash,1024,iter-dense-for,hashlink,0,902.068209
string24,ahash,1024,iter-dense-for,baseline,1,274.366502
string24,ahash,1024,iter-dense-for,quick_cache,1,520.322514
string24,ahash,1024,iter-dense-for,lru,1,760.133317
string24,ahash,1024,iter-dense-for,hashlink,1,908.603666
string24,ahash,1024,iter-dense-for,micro,1,273.494442
string24,ahash,1024,iter-dense-for,quick_cache,2,508.467061
string24,ahash,1024,iter-dense-for,lru,2,760.679183
string24,ahash,1024,iter-dense-for,hashlink,2,903.232873
string24,ahash,1024,iter-dense-for,micro,2,272.241033
string24,ahash,1024,iter-dense-for,baseline,2,274.636787
string24,ahash,1024,iter-dense-for,lru,3,757.980343
string24,ahash,1024,iter-dense-for,hashlink,3,900.669643
string24,ahash,1024,iter-dense-for,micro,3,273.240734
string24,ahash,1024,iter-dense-for,baseline,3,273.615980
string24,ahash,1024,iter-dense-for,quick_cache,3,269.796965
string24,ahash,1024,iter-dense-for,hashlink,4,913.683252
string24,ahash,1024,iter-dense-for,micro,4,272.041123
string24,ahash,1024,iter-dense-for,baseline,4,274.976265
string24,ahash,1024,iter-dense-for,quick_cache,4,265.404308
string24,ahash,1024,iter-dense-for,lru,4,759.513609
string24,ahash,1024,iter-density-1pct,micro,0,347.386111
string24,ahash,1024,iter-density-1pct,baseline,0,357.825333
string24,ahash,1024,iter-density-1pct,quick_cache,0,211.784001
string24,ahash,1024,iter-density-1pct,lru,0,4.391018
string24,ahash,1024,iter-density-1pct,hashlink,0,4.280490
string24,ahash,1024,iter-density-1pct,baseline,1,350.945429
string24,ahash,1024,iter-density-1pct,quick_cache,1,204.938796
string24,ahash,1024,iter-density-1pct,lru,1,4.398990
string24,ahash,1024,iter-density-1pct,hashlink,1,4.267377
string24,ahash,1024,iter-density-1pct,micro,1,354.780896
string24,ahash,1024,iter-density-1pct,quick_cache,2,204.441313
string24,ahash,1024,iter-density-1pct,lru,2,4.313240
string24,ahash,1024,iter-density-1pct,hashlink,2,4.247003
string24,ahash,1024,iter-density-1pct,micro,2,352.585526
string24,ahash,1024,iter-density-1pct,baseline,2,351.933052
string24,ahash,1024,iter-density-1pct,lru,3,4.294609
string24,ahash,1024,iter-density-1pct,hashlink,3,4.268931
string24,ahash,1024,iter-density-1pct,micro,3,356.129735
string24,ahash,1024,iter-density-1pct,baseline,3,348.172222
string24,ahash,1024,iter-density-1pct,quick_cache,3,203.802874
string24,ahash,1024,iter-density-1pct,hashlink,4,4.234800
string24,ahash,1024,iter-density-1pct,micro,4,350.780201
string24,ahash,1024,iter-density-1pct,baseline,4,346.882726
string24,ahash,1024,iter-density-1pct,quick_cache,4,203.704040
string24,ahash,1024,iter-density-1pct,lru,4,4.301230
string24,ahash,1024,iter-density-6pct,micro,0,286.876433
string24,ahash,1024,iter-density-6pct,baseline,0,282.885448
string24,ahash,1024,iter-density-6pct,quick_cache,0,209.661551
string24,ahash,1024,iter-density-6pct,lru,0,54.121736
string24,ahash,1024,iter-density-6pct,hashlink,0,54.323128
string24,ahash,1024,iter-density-6pct,baseline,1,314.085180
string24,ahash,1024,iter-density-6pct,quick_cache,1,209.888842
string24,ahash,1024,iter-density-6pct,lru,1,51.159148
string24,ahash,1024,iter-density-6pct,hashlink,1,51.361702
string24,ahash,1024,iter-density-6pct,micro,1,299.172273
string24,ahash,1024,iter-density-6pct,quick_cache,2,209.801454
string24,ahash,1024,iter-density-6pct,lru,2,51.545750
string24,ahash,1024,iter-density-6pct,hashlink,2,51.122035
string24,ahash,1024,iter-density-6pct,micro,2,297.554885
string24,ahash,1024,iter-density-6pct,baseline,2,297.324169
string24,ahash,1024,iter-density-6pct,lru,3,50.936855
string24,ahash,1024,iter-density-6pct,hashlink,3,50.900007
string24,ahash,1024,iter-density-6pct,micro,3,296.965684
string24,ahash,1024,iter-density-6pct,baseline,3,296.398561
string24,ahash,1024,iter-density-6pct,quick_cache,3,208.634236
string24,ahash,1024,iter-density-6pct,hashlink,4,51.037833
string24,ahash,1024,iter-density-6pct,micro,4,299.056230
string24,ahash,1024,iter-density-6pct,baseline,4,298.524306
string24,ahash,1024,iter-density-6pct,quick_cache,4,209.379674
string24,ahash,1024,iter-density-6pct,lru,4,51.299798
string24,ahash,1024,iter-density-quarter,micro,0,375.005250
string24,ahash,1024,iter-density-quarter,baseline,0,377.091742
string24,ahash,1024,iter-density-quarter,quick_cache,0,196.383041
string24,ahash,1024,iter-density-quarter,lru,0,297.250000
string24,ahash,1024,iter-density-quarter,hashlink,0,301.453125
string24,ahash,1024,iter-density-quarter,baseline,1,394.853992
string24,ahash,1024,iter-density-quarter,quick_cache,1,201.247318
string24,ahash,1024,iter-density-quarter,lru,1,319.076849
string24,ahash,1024,iter-density-quarter,hashlink,1,295.151238
string24,ahash,1024,iter-density-quarter,micro,1,375.078125
string24,ahash,1024,iter-density-quarter,quick_cache,2,195.591862
string24,ahash,1024,iter-density-quarter,lru,2,300.007488
string24,ahash,1024,iter-density-quarter,hashlink,2,295.085594
string24,ahash,1024,iter-density-quarter,micro,2,376.505250
string24,ahash,1024,iter-density-quarter,baseline,2,373.723855
string24,ahash,1024,iter-density-quarter,lru,3,284.469697
string24,ahash,1024,iter-density-quarter,hashlink,3,283.625944
string24,ahash,1024,iter-density-quarter,micro,3,357.419439
string24,ahash,1024,iter-density-quarter,baseline,3,364.982074
string24,ahash,1024,iter-density-quarter,quick_cache,3,193.003086
string24,ahash,1024,iter-density-quarter,hashlink,4,286.220084
string24,ahash,1024,iter-density-quarter,micro,4,365.976654
string24,ahash,1024,iter-density-quarter,baseline,4,368.310907
string24,ahash,1024,iter-density-quarter,quick_cache,4,163.978256
string24,ahash,1024,iter-density-quarter,lru,4,297.949702
string24,ahash,1024,iter-density-half,micro,0,487.572863
string24,ahash,1024,iter-density-half,baseline,0,482.118109
string24,ahash,1024,iter-density-half,quick_cache,0,196.119846
string24,ahash,1024,iter-density-half,lru,0,624.663700
string24,ahash,1024,iter-density-half,hashlink,0,603.849559
string24,ahash,1024,iter-density-half,baseline,1,484.120006
string24,ahash,1024,iter-density-half,quick_cache,1,198.130934
string24,ahash,1024,iter-density-half,lru,1,681.517889
string24,ahash,1024,iter-density-half,hashlink,1,679.413949
string24,ahash,1024,iter-density-half,micro,1,513.924522
string24,ahash,1024,iter-density-half,quick_cache,2,197.456118
string24,ahash,1024,iter-density-half,lru,2,618.069901
string24,ahash,1024,iter-density-half,hashlink,2,606.048387
string24,ahash,1024,iter-density-half,micro,2,486.783517
string24,ahash,1024,iter-density-half,baseline,2,489.712240
string24,ahash,1024,iter-density-half,lru,3,618.832237
string24,ahash,1024,iter-density-half,hashlink,3,596.848695
string24,ahash,1024,iter-density-half,micro,3,487.687500
string24,ahash,1024,iter-density-half,baseline,3,488.058614
string24,ahash,1024,iter-density-half,quick_cache,3,195.122986
string24,ahash,1024,iter-density-half,hashlink,4,616.532271
string24,ahash,1024,iter-density-half,micro,4,488.099093
string24,ahash,1024,iter-density-half,baseline,4,486.028012
string24,ahash,1024,iter-density-half,quick_cache,4,196.363951
string24,ahash,1024,iter-density-half,lru,4,616.827714
string24,ahash,1024,iter-front,micro,0,260.608333
string24,ahash,1024,iter-front,baseline,0,254.132114
string24,ahash,1024,iter-front,quick_cache,0,164.155868
string24,ahash,1024,iter-front,lru,0,1.187837
string24,ahash,1024,iter-front,hashlink,0,1.166974
string24,ahash,1024,iter-front,baseline,1,260.229051
string24,ahash,1024,iter-front,quick_cache,1,165.160596
string24,ahash,1024,iter-front,lru,1,1.191429
string24,ahash,1024,iter-front,hashlink,1,1.167352
string24,ahash,1024,iter-front,micro,1,271.074151
string24,ahash,1024,iter-front,quick_cache,2,169.437726
string24,ahash,1024,iter-front,lru,2,1.190869
string24,ahash,1024,iter-front,hashlink,2,1.156322
string24,ahash,1024,iter-front,micro,2,262.606145
string24,ahash,1024,iter-front,baseline,2,259.603764
string24,ahash,1024,iter-front,lru,3,1.219465
string24,ahash,1024,iter-front,hashlink,3,1.181519
string24,ahash,1024,iter-front,micro,3,262.027933
string24,ahash,1024,iter-front,baseline,3,257.038442
string24,ahash,1024,iter-front,quick_cache,3,164.345282
string24,ahash,1024,iter-front,hashlink,4,1.175961
string24,ahash,1024,iter-front,micro,4,260.792882
string24,ahash,1024,iter-front,baseline,4,262.446142
string24,ahash,1024,iter-front,quick_cache,4,164.194493
string24,ahash,1024,iter-front,lru,4,1.194937
string24,ahash,1024,iter-back,micro,0,266.383256
string24,ahash,1024,iter-back,baseline,0,262.555255
string24,ahash,1024,iter-back,quick_cache,0,165.493166
string24,ahash,1024,iter-back,lru,0,1.199079
string24,ahash,1024,iter-back,hashlink,0,1.163613
string24,ahash,1024,iter-back,baseline,1,266.457298
string24,ahash,1024,iter-back,quick_cache,1,166.421930
string24,ahash,1024,iter-back,lru,1,1.205090
string24,ahash,1024,iter-back,hashlink,1,1.148616
string24,ahash,1024,iter-back,micro,1,271.446712
string24,ahash,1024,iter-back,quick_cache,2,173.054543
string24,ahash,1024,iter-back,lru,2,1.246775
string24,ahash,1024,iter-back,hashlink,2,1.170529
string24,ahash,1024,iter-back,micro,2,264.900424
string24,ahash,1024,iter-back,baseline,2,264.366901
string24,ahash,1024,iter-back,lru,3,1.221785
string24,ahash,1024,iter-back,hashlink,3,1.181370
string24,ahash,1024,iter-back,micro,3,272.403351
string24,ahash,1024,iter-back,baseline,3,262.057001
string24,ahash,1024,iter-back,quick_cache,3,165.467923
string24,ahash,1024,iter-back,hashlink,4,1.181817
string24,ahash,1024,iter-back,micro,4,267.487179
string24,ahash,1024,iter-back,baseline,4,261.715181
string24,ahash,1024,iter-back,quick_cache,4,165.506944
string24,ahash,1024,iter-back,lru,4,1.197165
string24,ahash,1024,iter-empty,micro,0,263.726738
string24,ahash,1024,iter-empty,baseline,0,259.215297
string24,ahash,1024,iter-empty,quick_cache,0,165.277454
string24,ahash,1024,iter-empty,lru,0,0.991120
string24,ahash,1024,iter-empty,hashlink,0,0.994220
string24,ahash,1024,iter-empty,baseline,1,262.293383
string24,ahash,1024,iter-empty,quick_cache,1,185.911696
string24,ahash,1024,iter-empty,lru,1,0.967223
string24,ahash,1024,iter-empty,hashlink,1,0.990000
string24,ahash,1024,iter-empty,micro,1,259.405905
string24,ahash,1024,iter-empty,quick_cache,2,166.232657
string24,ahash,1024,iter-empty,lru,2,0.999563
string24,ahash,1024,iter-empty,hashlink,2,1.015160
string24,ahash,1024,iter-empty,micro,2,273.312591
string24,ahash,1024,iter-empty,baseline,2,263.781601
string24,ahash,1024,iter-empty,lru,3,0.975851
string24,ahash,1024,iter-empty,hashlink,3,0.997563
string24,ahash,1024,iter-empty,micro,3,264.113908
string24,ahash,1024,iter-empty,baseline,3,259.994633
string24,ahash,1024,iter-empty,quick_cache,3,170.220792
string24,ahash,1024,iter-empty,hashlink,4,0.993009
string24,ahash,1024,iter-empty,micro,4,262.151536
string24,ahash,1024,iter-empty,baseline,4,260.380540
string24,ahash,1024,iter-empty,quick_cache,4,166.712922
string24,ahash,1024,iter-empty,lru,4,0.978162
string24,ahash,1024,iter-count,micro,0,261.584983
string24,ahash,1024,iter-count,baseline,0,258.743037
string24,ahash,1024,iter-count,quick_cache,0,480.013125
string24,ahash,1024,iter-count,lru,0,0.396856
string24,ahash,1024,iter-count,hashlink,0,0.397238
string24,ahash,1024,iter-count,baseline,1,259.882388
string24,ahash,1024,iter-count,quick_cache,1,481.171875
string24,ahash,1024,iter-count,lru,1,0.397426
string24,ahash,1024,iter-count,hashlink,1,0.398047
string24,ahash,1024,iter-count,micro,1,261.935764
string24,ahash,1024,iter-count,quick_cache,2,478.489531
string24,ahash,1024,iter-count,lru,2,0.396950
string24,ahash,1024,iter-count,hashlink,2,0.400970
string24,ahash,1024,iter-count,micro,2,270.156428
string24,ahash,1024,iter-count,baseline,2,278.339299
string24,ahash,1024,iter-count,lru,3,0.404365
string24,ahash,1024,iter-count,hashlink,3,0.394186
string24,ahash,1024,iter-count,micro,3,260.197351
string24,ahash,1024,iter-count,baseline,3,260.648177
string24,ahash,1024,iter-count,quick_cache,3,484.192656
string24,ahash,1024,iter-count,hashlink,4,0.395530
string24,ahash,1024,iter-count,micro,4,259.185377
string24,ahash,1024,iter-count,baseline,4,258.467052
string24,ahash,1024,iter-count,quick_cache,4,480.670625
string24,ahash,1024,iter-count,lru,4,0.394975
string24,ahash,16384,get-hit,micro,0,9.572870
string24,ahash,16384,get-hit,baseline,0,9.547698
string24,ahash,16384,get-hit,quick_cache,0,9.876584
string24,ahash,16384,get-hit,lru,0,10.657174
string24,ahash,16384,get-hit,hashlink,0,10.376682
string24,ahash,16384,get-hit,baseline,1,10.069425
string24,ahash,16384,get-hit,quick_cache,1,10.725767
string24,ahash,16384,get-hit,lru,1,11.006373
string24,ahash,16384,get-hit,hashlink,1,10.228333
string24,ahash,16384,get-hit,micro,1,9.647034
string24,ahash,16384,get-hit,quick_cache,2,10.049356
string24,ahash,16384,get-hit,lru,2,11.180683
string24,ahash,16384,get-hit,hashlink,2,10.973015
string24,ahash,16384,get-hit,micro,2,9.686787
string24,ahash,16384,get-hit,baseline,2,9.533090
string24,ahash,16384,get-hit,lru,3,10.765730
string24,ahash,16384,get-hit,hashlink,3,10.453966
string24,ahash,16384,get-hit,micro,3,9.641547
string24,ahash,16384,get-hit,baseline,3,9.533090
string24,ahash,16384,get-hit,quick_cache,3,10.312822
string24,ahash,16384,get-hit,hashlink,4,11.237098
string24,ahash,16384,get-hit,micro,4,10.555594
string24,ahash,16384,get-hit,baseline,4,10.555012
string24,ahash,16384,get-hit,quick_cache,4,10.956708
string24,ahash,16384,get-hit,lru,4,11.595886
string24,ahash,16384,get-miss,micro,0,5.786976
string24,ahash,16384,get-miss,baseline,0,6.053155
string24,ahash,16384,get-miss,quick_cache,0,5.762339
string24,ahash,16384,get-miss,lru,0,5.696693
string24,ahash,16384,get-miss,hashlink,0,5.636048
string24,ahash,16384,get-miss,baseline,1,6.081003
string24,ahash,16384,get-miss,quick_cache,1,5.910320
string24,ahash,16384,get-miss,lru,1,5.934931
string24,ahash,16384,get-miss,hashlink,1,5.970782
string24,ahash,16384,get-miss,micro,1,5.971109
string24,ahash,16384,get-miss,quick_cache,2,5.974391
string24,ahash,16384,get-miss,lru,2,5.882222
string24,ahash,16384,get-miss,hashlink,2,5.797941
string24,ahash,16384,get-miss,micro,2,6.025303
string24,ahash,16384,get-miss,baseline,2,6.069162
string24,ahash,16384,get-miss,lru,3,5.859617
string24,ahash,16384,get-miss,hashlink,3,5.772749
string24,ahash,16384,get-miss,micro,3,6.010630
string24,ahash,16384,get-miss,baseline,3,6.009796
string24,ahash,16384,get-miss,quick_cache,3,5.970616
string24,ahash,16384,get-miss,hashlink,4,5.817958
string24,ahash,16384,get-miss,micro,4,5.967909
string24,ahash,16384,get-miss,baseline,4,6.134796
string24,ahash,16384,get-miss,quick_cache,4,6.110976
string24,ahash,16384,get-miss,lru,4,5.940591
string24,ahash,16384,update,micro,0,26.589164
string24,ahash,16384,update,baseline,0,26.698521
string24,ahash,16384,update,quick_cache,0,58.717268
string24,ahash,16384,update,lru,0,34.057617
string24,ahash,16384,update,hashlink,0,30.895233
string24,ahash,16384,update,baseline,1,27.415684
string24,ahash,16384,update,quick_cache,1,62.836548
string24,ahash,16384,update,lru,1,32.200287
string24,ahash,16384,update,hashlink,1,30.262874
string24,ahash,16384,update,micro,1,26.981899
string24,ahash,16384,update,quick_cache,2,61.442057
string24,ahash,16384,update,lru,2,32.593201
string24,ahash,16384,update,hashlink,2,29.305486
string24,ahash,16384,update,micro,2,26.431492
string24,ahash,16384,update,baseline,2,26.032853
string24,ahash,16384,update,lru,3,33.133606
string24,ahash,16384,update,hashlink,3,29.705341
string24,ahash,16384,update,micro,3,26.574995
string24,ahash,16384,update,baseline,3,26.381356
string24,ahash,16384,update,quick_cache,3,61.205183
string24,ahash,16384,update,hashlink,4,26.065405
string24,ahash,16384,update,micro,4,24.106026
string24,ahash,16384,update,baseline,4,26.657828
string24,ahash,16384,update,quick_cache,4,59.161970
string24,ahash,16384,update,lru,4,34.375732
string24,ahash,16384,insert-cycle,micro,0,49.215942
string24,ahash,16384,insert-cycle,baseline,0,47.655731
string24,ahash,16384,insert-cycle,quick_cache,0,34.723490
string24,ahash,16384,insert-cycle,lru,0,55.934906
string24,ahash,16384,insert-cycle,hashlink,0,50.497696
string24,ahash,16384,insert-cycle,baseline,1,47.142670
string24,ahash,16384,insert-cycle,quick_cache,1,36.013713
string24,ahash,16384,insert-cycle,lru,1,55.440903
string24,ahash,16384,insert-cycle,hashlink,1,50.743103
string24,ahash,16384,insert-cycle,micro,1,47.652557
string24,ahash,16384,insert-cycle,quick_cache,2,36.209106
string24,ahash,16384,insert-cycle,lru,2,55.418655
string24,ahash,16384,insert-cycle,hashlink,2,50.643921
string24,ahash,16384,insert-cycle,micro,2,47.369644
string24,ahash,16384,insert-cycle,baseline,2,47.621414
string24,ahash,16384,insert-cycle,lru,3,56.179047
string24,ahash,16384,insert-cycle,hashlink,3,52.158997
string24,ahash,16384,insert-cycle,micro,3,47.063828
string24,ahash,16384,insert-cycle,baseline,3,47.548294
string24,ahash,16384,insert-cycle,quick_cache,3,35.818736
string24,ahash,16384,insert-cycle,hashlink,4,50.085709
string24,ahash,16384,insert-cycle,micro,4,47.742844
string24,ahash,16384,insert-cycle,baseline,4,47.075912
string24,ahash,16384,insert-cycle,quick_cache,4,35.529673
string24,ahash,16384,insert-cycle,lru,4,54.697037
string24,ahash,16384,mixed-95,micro,0,13.924281
string24,ahash,16384,mixed-95,baseline,0,13.775269
string24,ahash,16384,mixed-95,quick_cache,0,13.377587
string24,ahash,16384,mixed-95,lru,0,13.797760
string24,ahash,16384,mixed-95,hashlink,0,12.919188
string24,ahash,16384,mixed-95,baseline,1,13.426622
string24,ahash,16384,mixed-95,quick_cache,1,14.620543
string24,ahash,16384,mixed-95,lru,1,15.011172
string24,ahash,16384,mixed-95,hashlink,1,14.102221
string24,ahash,16384,mixed-95,micro,1,12.623727
string24,ahash,16384,mixed-95,quick_cache,2,13.557037
string24,ahash,16384,mixed-95,lru,2,13.714452
string24,ahash,16384,mixed-95,hashlink,2,13.127963
string24,ahash,16384,mixed-95,micro,2,12.580971
string24,ahash,16384,mixed-95,baseline,2,12.933572
string24,ahash,16384,mixed-95,lru,3,13.770461
string24,ahash,16384,mixed-95,hashlink,3,13.380627
string24,ahash,16384,mixed-95,micro,3,12.629132
string24,ahash,16384,mixed-95,baseline,3,12.586316
string24,ahash,16384,mixed-95,quick_cache,3,13.472458
string24,ahash,16384,mixed-95,hashlink,4,14.231662
string24,ahash,16384,mixed-95,micro,4,14.111797
string24,ahash,16384,mixed-95,baseline,4,13.886651
string24,ahash,16384,mixed-95,quick_cache,4,13.580044
string24,ahash,16384,mixed-95,lru,4,13.593435
string24,ahash,16384,load-hit,micro,0,11.706989
string24,ahash,16384,load-hit,baseline,0,24.859953
string24,ahash,16384,load-hit,quick_cache,0,12.441508
string24,ahash,16384,load-hit,lru,0,11.854441
string24,ahash,16384,load-hit,hashlink,0,10.476106
string24,ahash,16384,load-hit,baseline,1,24.010017
string24,ahash,16384,load-hit,quick_cache,1,12.658304
string24,ahash,16384,load-hit,lru,1,12.317574
string24,ahash,16384,load-hit,hashlink,1,10.685076
string24,ahash,16384,load-hit,micro,1,11.625130
string24,ahash,16384,load-hit,quick_cache,2,12.531873
string24,ahash,16384,load-hit,lru,2,11.914488
string24,ahash,16384,load-hit,hashlink,2,10.462301
string24,ahash,16384,load-hit,micro,2,11.549950
string24,ahash,16384,load-hit,baseline,2,24.539526
string24,ahash,16384,load-hit,lru,3,11.882332
string24,ahash,16384,load-hit,hashlink,3,10.493394
string24,ahash,16384,load-hit,micro,3,11.509895
string24,ahash,16384,load-hit,baseline,3,24.149574
string24,ahash,16384,load-hit,quick_cache,3,12.460498
string24,ahash,16384,load-hit,hashlink,4,10.872336
string24,ahash,16384,load-hit,micro,4,12.645150
string24,ahash,16384,load-hit,baseline,4,26.568821
string24,ahash,16384,load-hit,quick_cache,4,13.658126
string24,ahash,16384,load-hit,lru,4,13.051880
string24,ahash,16384,load-cycle,micro,0,48.197433
string24,ahash,16384,load-cycle,baseline,0,49.381897
string24,ahash,16384,load-cycle,quick_cache,0,23.876190
string24,ahash,16384,load-cycle,lru,0,58.793381
string24,ahash,16384,load-cycle,hashlink,0,57.341888
string24,ahash,16384,load-cycle,baseline,1,49.727753
string24,ahash,16384,load-cycle,quick_cache,1,23.715973
string24,ahash,16384,load-cycle,lru,1,56.434631
string24,ahash,16384,load-cycle,hashlink,1,55.047363
string24,ahash,16384,load-cycle,micro,1,48.830032
string24,ahash,16384,load-cycle,quick_cache,2,23.588493
string24,ahash,16384,load-cycle,lru,2,55.339813
string24,ahash,16384,load-cycle,hashlink,2,55.390045
string24,ahash,16384,load-cycle,micro,2,48.391342
string24,ahash,16384,load-cycle,baseline,2,49.338654
string24,ahash,16384,load-cycle,lru,3,55.817932
string24,ahash,16384,load-cycle,hashlink,3,55.701569
string24,ahash,16384,load-cycle,micro,3,49.064636
string24,ahash,16384,load-cycle,baseline,3,50.006226
string24,ahash,16384,load-cycle,quick_cache,3,24.165154
string24,ahash,16384,load-cycle,hashlink,4,58.532715
string24,ahash,16384,load-cycle,micro,4,49.776703
string24,ahash,16384,load-cycle,baseline,4,50.179153
string24,ahash,16384,load-cycle,quick_cache,4,23.509026
string24,ahash,16384,load-cycle,lru,4,57.144165
string24,ahash,16384,clear-refill,micro,0,390786.500000
string24,ahash,16384,clear-refill,baseline,0,392703.125000
string24,ahash,16384,clear-refill,quick_cache,0,499946.428571
string24,ahash,16384,clear-refill,lru,0,921531.250000
string24,ahash,16384,clear-refill,hashlink,0,598805.666667
string24,ahash,16384,clear-refill,baseline,1,389526.125000
string24,ahash,16384,clear-refill,quick_cache,1,500375.000000
string24,ahash,16384,clear-refill,lru,1,920781.250000
string24,ahash,16384,clear-refill,hashlink,1,601791.600000
string24,ahash,16384,clear-refill,micro,1,392807.250000
string24,ahash,16384,clear-refill,quick_cache,2,489077.285714
string24,ahash,16384,clear-refill,lru,2,931354.250000
string24,ahash,16384,clear-refill,hashlink,2,616016.600000
string24,ahash,16384,clear-refill,micro,2,406177.125000
string24,ahash,16384,clear-refill,baseline,2,391182.375000
string24,ahash,16384,clear-refill,lru,3,939906.250000
string24,ahash,16384,clear-refill,hashlink,3,582562.500000
string24,ahash,16384,clear-refill,micro,3,389250.000000
string24,ahash,16384,clear-refill,baseline,3,390541.625000
string24,ahash,16384,clear-refill,quick_cache,3,497375.000000
string24,ahash,16384,clear-refill,hashlink,4,584701.333333
string24,ahash,16384,clear-refill,micro,4,382447.875000
string24,ahash,16384,clear-refill,baseline,4,379244.875000
string24,ahash,16384,clear-refill,quick_cache,4,486696.428571
string24,ahash,16384,clear-refill,lru,4,887177.000000
string24,ahash,16384,clear-empty,micro,0,324.196685
string24,ahash,16384,clear-empty,baseline,0,324.187922
string24,ahash,16384,clear-empty,quick_cache,0,3.959752
string24,ahash,16384,clear-empty,lru,0,2.140589
string24,ahash,16384,clear-empty,hashlink,0,0.605965
string24,ahash,16384,clear-empty,baseline,1,325.252534
string24,ahash,16384,clear-empty,quick_cache,1,4.059652
string24,ahash,16384,clear-empty,lru,1,2.223672
string24,ahash,16384,clear-empty,hashlink,1,0.605628
string24,ahash,16384,clear-empty,micro,1,324.992927
string24,ahash,16384,clear-empty,quick_cache,2,4.028726
string24,ahash,16384,clear-empty,lru,2,2.160596
string24,ahash,16384,clear-empty,hashlink,2,0.617337
string24,ahash,16384,clear-empty,micro,2,322.344806
string24,ahash,16384,clear-empty,baseline,2,323.075063
string24,ahash,16384,clear-empty,lru,3,2.156590
string24,ahash,16384,clear-empty,hashlink,3,0.609241
string24,ahash,16384,clear-empty,micro,3,321.627745
string24,ahash,16384,clear-empty,baseline,3,321.711360
string24,ahash,16384,clear-empty,quick_cache,3,3.971498
string24,ahash,16384,clear-empty,hashlink,4,0.604589
string24,ahash,16384,clear-empty,micro,4,323.066195
string24,ahash,16384,clear-empty,baseline,4,344.980354
string24,ahash,16384,clear-empty,quick_cache,4,3.956347
string24,ahash,16384,clear-empty,lru,4,2.141312
string24,ahash,16384,iter-dense,micro,0,6062.826172
string24,ahash,16384,iter-dense,baseline,0,6075.847656
string24,ahash,16384,iter-dense,quick_cache,0,6888.859375
string24,ahash,16384,iter-dense,lru,0,29738.929688
string24,ahash,16384,iter-dense,hashlink,0,24905.921875
string24,ahash,16384,iter-dense,baseline,1,6059.814453
string24,ahash,16384,iter-dense,quick_cache,1,6930.709821
string24,ahash,16384,iter-dense,lru,1,27293.617188
string24,ahash,16384,iter-dense,hashlink,1,23947.593750
string24,ahash,16384,iter-dense,micro,1,6081.542969
string24,ahash,16384,iter-dense,quick_cache,2,6900.575893
string24,ahash,16384,iter-dense,lru,2,26861.976562
string24,ahash,16384,iter-dense,hashlink,2,23956.382812
string24,ahash,16384,iter-dense,micro,2,6115.152344
string24,ahash,16384,iter-dense,baseline,2,6159.261719
string24,ahash,16384,iter-dense,lru,3,28364.257812
string24,ahash,16384,iter-dense,hashlink,3,22761.462500
string24,ahash,16384,iter-dense,micro,3,6053.955078
string24,ahash,16384,iter-dense,baseline,3,6133.951172
string24,ahash,16384,iter-dense,quick_cache,3,6976.283482
string24,ahash,16384,iter-dense,hashlink,4,23726.234375
string24,ahash,16384,iter-dense,micro,4,6152.994141
string24,ahash,16384,iter-dense,baseline,4,6195.392578
string24,ahash,16384,iter-dense,quick_cache,4,7011.069196
string24,ahash,16384,iter-dense,lru,4,24383.789062
string24,ahash,16384,iter-dense-for,micro,0,6160.806641
string24,ahash,16384,iter-dense-for,baseline,0,6119.302734
string24,ahash,16384,iter-dense-for,quick_cache,0,8141.166667
string24,ahash,16384,iter-dense-for,lru,0,22251.300000
string24,ahash,16384,iter-dense-for,hashlink,0,18026.692708
string24,ahash,16384,iter-dense-for,baseline,1,6108.886719
string24,ahash,16384,iter-dense-for,quick_cache,1,7092.725446
string24,ahash,16384,iter-dense-for,lru,1,22100.262500
string24,ahash,16384,iter-dense-for,hashlink,1,17917.531250
string24,ahash,16384,iter-dense-for,micro,1,6069.335938
string24,ahash,16384,iter-dense-for,quick_cache,2,7065.196429
string24,ahash,16384,iter-dense-for,lru,2,22148.956250
string24,ahash,16384,iter-dense-for,hashlink,2,17901.473958
string24,ahash,16384,iter-dense-for,micro,2,6069.904297
string24,ahash,16384,iter-dense-for,baseline,2,6084.148438
string24,ahash,16384,iter-dense-for,lru,3,24558.921875
string24,ahash,16384,iter-dense-for,hashlink,3,19282.812500
string24,ahash,16384,iter-dense-for,micro,3,6119.546875
string24,ahash,16384,iter-dense-for,baseline,3,6093.017578
string24,ahash,16384,iter-dense-for,quick_cache,3,7071.613839
string24,ahash,16384,iter-dense-for,hashlink,4,25569.335938
string24,ahash,16384,iter-dense-for,micro,4,6093.341797
string24,ahash,16384,iter-dense-for,baseline,4,6080.730469
string24,ahash,16384,iter-dense-for,quick_cache,4,7080.636161
string24,ahash,16384,iter-dense-for,lru,4,19185.156250
string24,ahash,16384,iter-density-1pct,micro,0,6442.360417
string24,ahash,16384,iter-density-1pct,baseline,0,6420.658333
string24,ahash,16384,iter-density-1pct,quick_cache,0,6885.973214
string24,ahash,16384,iter-density-1pct,lru,0,195.567448
string24,ahash,16384,iter-density-1pct,hashlink,0,176.023100
string24,ahash,16384,iter-density-1pct,baseline,1,6237.142578
string24,ahash,16384,iter-density-1pct,quick_cache,1,6678.212500
string24,ahash,16384,iter-density-1pct,lru,1,176.903950
string24,ahash,16384,iter-density-1pct,hashlink,1,178.533923
string24,ahash,16384,iter-density-1pct,micro,1,6635.331250
string24,ahash,16384,iter-density-1pct,quick_cache,2,7113.187500
string24,ahash,16384,iter-density-1pct,lru,2,192.930684
string24,ahash,16384,iter-density-1pct,hashlink,2,179.550550
string24,ahash,16384,iter-density-1pct,micro,2,6605.556250
string24,ahash,16384,iter-density-1pct,baseline,2,6602.779167
string24,ahash,16384,iter-density-1pct,lru,3,186.658673
string24,ahash,16384,iter-density-1pct,hashlink,3,182.761269
string24,ahash,16384,iter-density-1pct,micro,3,6552.604167
string24,ahash,16384,iter-density-1pct,baseline,3,6605.816667
string24,ahash,16384,iter-density-1pct,quick_cache,3,7002.511161
string24,ahash,16384,iter-density-1pct,hashlink,4,184.338163
string24,ahash,16384,iter-density-1pct,micro,4,6568.489583
string24,ahash,16384,iter-density-1pct,baseline,4,6591.145833
string24,ahash,16384,iter-density-1pct,quick_cache,4,7027.343750
string24,ahash,16384,iter-density-1pct,lru,4,187.051295
string24,ahash,16384,iter-density-6pct,micro,0,5573.147059
string24,ahash,16384,iter-density-6pct,baseline,0,5653.875000
string24,ahash,16384,iter-density-6pct,quick_cache,0,6632.116667
string24,ahash,16384,iter-density-6pct,lru,0,1334.617077
string24,ahash,16384,iter-density-6pct,hashlink,0,1353.292411
string24,ahash,16384,iter-density-6pct,baseline,1,5720.051471
string24,ahash,16384,iter-density-6pct,quick_cache,1,6856.026786
string24,ahash,16384,iter-density-6pct,lru,1,1346.967857
string24,ahash,16384,iter-density-6pct,hashlink,1,1311.541667
string24,ahash,16384,iter-density-6pct,micro,1,5609.145221
string24,ahash,16384,iter-density-6pct,quick_cache,2,6683.681250
string24,ahash,16384,iter-density-6pct,lru,2,1339.918304
string24,ahash,16384,iter-density-6pct,hashlink,2,1307.237413
string24,ahash,16384,iter-density-6pct,micro,2,5610.218750
string24,ahash,16384,iter-density-6pct,baseline,2,5560.891544
string24,ahash,16384,iter-density-6pct,lru,3,1338.009683
string24,ahash,16384,iter-density-6pct,hashlink,3,1300.495719
string24,ahash,16384,iter-density-6pct,micro,3,5609.604779
string24,ahash,16384,iter-density-6pct,baseline,3,5564.797794
string24,ahash,16384,iter-density-6pct,quick_cache,3,6640.712500
string24,ahash,16384,iter-density-6pct,hashlink,4,1320.496039
string24,ahash,16384,iter-density-6pct,micro,4,5568.398897
string24,ahash,16384,iter-density-6pct,baseline,4,5654.106618
string24,ahash,16384,iter-density-6pct,quick_cache,4,6611.891667
string24,ahash,16384,iter-density-6pct,lru,4,1373.603714
string24,ahash,16384,iter-density-quarter,micro,0,6258.420833
string24,ahash,16384,iter-density-quarter,baseline,0,6260.677083
string24,ahash,16384,iter-density-quarter,quick_cache,0,6890.810268
string24,ahash,16384,iter-density-quarter,lru,0,11921.546875
string24,ahash,16384,iter-density-quarter,hashlink,0,9195.548295
string24,ahash,16384,iter-density-quarter,baseline,1,6035.480469
string24,ahash,16384,iter-density-quarter,quick_cache,1,6895.459821
string24,ahash,16384,iter-density-quarter,lru,1,9727.996875
string24,ahash,16384,iter-density-quarter,hashlink,1,8767.400568
string24,ahash,16384,iter-density-quarter,micro,1,6073.324219
string24,ahash,16384,iter-density-quarter,quick_cache,2,6820.406250
string24,ahash,16384,iter-density-quarter,lru,2,10431.569444
string24,ahash,16384,iter-density-quarter,hashlink,2,8885.414773
string24,ahash,16384,iter-density-quarter,micro,2,6033.527344
string24,ahash,16384,iter-density-quarter,baseline,2,6063.314453
string24,ahash,16384,iter-density-quarter,lru,3,10604.600694
string24,ahash,16384,iter-density-quarter,hashlink,3,8794.744318
string24,ahash,16384,iter-density-quarter,micro,3,6037.679688
string24,ahash,16384,iter-density-quarter,baseline,3,6060.955078
string24,ahash,16384,iter-density-quarter,quick_cache,3,7033.482143
string24,ahash,16384,iter-density-quarter,hashlink,4,9384.506250
string24,ahash,16384,iter-density-quarter,micro,4,6101.074219
string24,ahash,16384,iter-density-quarter,baseline,4,6159.505859
string24,ahash,16384,iter-density-quarter,quick_cache,4,6952.658482
string24,ahash,16384,iter-density-quarter,lru,4,9118.252841
string24,ahash,16384,iter-density-half,micro,0,8060.437500
string24,ahash,16384,iter-density-half,baseline,0,8044.921875
string24,ahash,16384,iter-density-half,quick_cache,0,6867.654018
string24,ahash,16384,iter-density-half,lru,0,17316.406250
string24,ahash,16384,iter-density-half,hashlink,0,14178.013393
string24,ahash,16384,iter-density-half,baseline,1,8037.434896
string24,ahash,16384,iter-density-half,quick_cache,1,6872.859375
string24,ahash,16384,iter-density-half,lru,1,17109.588542
string24,ahash,16384,iter-density-half,hashlink,1,14003.906250
string24,ahash,16384,iter-density-half,micro,1,8054.794271
string24,ahash,16384,iter-density-half,quick_cache,2,6852.957589
string24,ahash,16384,iter-density-half,lru,2,17066.838542
string24,ahash,16384,iter-density-half,hashlink,2,14090.218750
string24,ahash,16384,iter-density-half,micro,2,8148.763021
string24,ahash,16384,iter-density-half,baseline,2,8340.604167
string24,ahash,16384,iter-density-half,lru,3,18239.151042
string24,ahash,16384,iter-density-half,hashlink,3,13866.071429
string24,ahash,16384,iter-density-half,micro,3,8072.481771
string24,ahash,16384,iter-density-half,baseline,3,8012.802083
string24,ahash,16384,iter-density-half,quick_cache,3,6904.296875
string24,ahash,16384,iter-density-half,hashlink,4,16460.937500
string24,ahash,16384,iter-density-half,micro,4,8026.260417
string24,ahash,16384,iter-density-half,baseline,4,8036.351562
string24,ahash,16384,iter-density-half,quick_cache,4,6852.863839
string24,ahash,16384,iter-density-half,lru,4,14425.223214
string24,ahash,16384,iter-front,micro,0,5451.243056
string24,ahash,16384,iter-front,baseline,0,5384.331597
string24,ahash,16384,iter-front,quick_cache,0,6912.854911
string24,ahash,16384,iter-front,lru,0,1.200215
string24,ahash,16384,iter-front,hashlink,0,1.154230
string24,ahash,16384,iter-front,baseline,1,5632.582721
string24,ahash,16384,iter-front,quick_cache,1,6897.415179
string24,ahash,16384,iter-front,lru,1,1.192020
string24,ahash,16384,iter-front,hashlink,1,1.195013
string24,ahash,16384,iter-front,micro,1,5605.851103
string24,ahash,16384,iter-front,quick_cache,2,6891.274554
string24,ahash,16384,iter-front,lru,2,1.194481
string24,ahash,16384,iter-front,hashlink,2,1.151211
string24,ahash,16384,iter-front,micro,2,5443.649306
string24,ahash,16384,iter-front,baseline,2,5702.360294
string24,ahash,16384,iter-front,lru,3,1.193097
string24,ahash,16384,iter-front,hashlink,3,1.183339
string24,ahash,16384,iter-front,micro,3,5613.816176
string24,ahash,16384,iter-front,baseline,3,5633.886029
string24,ahash,16384,iter-front,quick_cache,3,6964.377232
string24,ahash,16384,iter-front,hashlink,4,1.199371
string24,ahash,16384,iter-front,micro,4,5706.724265
string24,ahash,16384,iter-front,baseline,4,5377.098958
string24,ahash,16384,iter-front,quick_cache,4,6922.618304
string24,ahash,16384,iter-front,lru,4,1.186183
string24,ahash,16384,iter-back,micro,0,5669.500000
string24,ahash,16384,iter-back,baseline,0,5428.456597
string24,ahash,16384,iter-back,quick_cache,0,6984.468750
string24,ahash,16384,iter-back,lru,0,1.215370
string24,ahash,16384,iter-back,hashlink,0,1.202293
string24,ahash,16384,iter-back,baseline,1,5563.264706
string24,ahash,16384,iter-back,quick_cache,1,6989.488839
string24,ahash,16384,iter-back,lru,1,1.192870
string24,ahash,16384,iter-back,hashlink,1,1.206207
string24,ahash,16384,iter-back,micro,1,5754.748162
string24,ahash,16384,iter-back,quick_cache,2,7070.033482
string24,ahash,16384,iter-back,lru,2,1.184385
string24,ahash,16384,iter-back,hashlink,2,1.142833
string24,ahash,16384,iter-back,micro,2,5458.043403
string24,ahash,16384,iter-back,baseline,2,5594.746324
string24,ahash,16384,iter-back,lru,3,1.185074
string24,ahash,16384,iter-back,hashlink,3,1.149235
string24,ahash,16384,iter-back,micro,3,5493.852431
string24,ahash,16384,iter-back,baseline,3,5547.411765
string24,ahash,16384,iter-back,quick_cache,3,6984.933036
string24,ahash,16384,iter-back,hashlink,4,1.175843
string24,ahash,16384,iter-back,micro,4,5433.449653
string24,ahash,16384,iter-back,baseline,4,5648.207721
string24,ahash,16384,iter-back,quick_cache,4,7180.524554
string24,ahash,16384,iter-back,lru,4,1.217738
string24,ahash,16384,iter-empty,micro,0,5709.251838
string24,ahash,16384,iter-empty,baseline,0,5432.003472
string24,ahash,16384,iter-empty,quick_cache,0,7098.678571
string24,ahash,16384,iter-empty,lru,0,0.993325
string24,ahash,16384,iter-empty,hashlink,0,0.996312
string24,ahash,16384,iter-empty,baseline,1,5418.041667
string24,ahash,16384,iter-empty,quick_cache,1,7023.716518
string24,ahash,16384,iter-empty,lru,1,0.994115
string24,ahash,16384,iter-empty,hashlink,1,0.991581
string24,ahash,16384,iter-empty,micro,1,5385.850694
string24,ahash,16384,iter-empty,quick_cache,2,6984.654018
string24,ahash,16384,iter-empty,lru,2,0.991581
string24,ahash,16384,iter-empty,hashlink,2,0.996048
string24,ahash,16384,iter-empty,micro,2,5436.197917
string24,ahash,16384,iter-empty,baseline,2,5352.430556
string24,ahash,16384,iter-empty,lru,3,0.995064
string24,ahash,16384,iter-empty,hashlink,3,0.990157
string24,ahash,16384,iter-empty,micro,3,5516.926471
string24,ahash,16384,iter-empty,baseline,3,5725.106618
string24,ahash,16384,iter-empty,quick_cache,3,7290.064904
string24,ahash,16384,iter-empty,hashlink,4,1.019853
string24,ahash,16384,iter-empty,micro,4,5356.336806
string24,ahash,16384,iter-empty,baseline,4,5346.500000
string24,ahash,16384,iter-empty,quick_cache,4,6934.151786
string24,ahash,16384,iter-empty,lru,4,0.989916
string24,ahash,16384,iter-count,micro,0,5502.604167
string24,ahash,16384,iter-count,baseline,0,5505.425781
string24,ahash,16384,iter-count,quick_cache,0,8095.541016
string24,ahash,16384,iter-count,lru,0,0.400304
string24,ahash,16384,iter-count,hashlink,0,0.400641
string24,ahash,16384,iter-count,baseline,1,5583.658854
string24,ahash,16384,iter-count,quick_cache,1,8102.539063
string24,ahash,16384,iter-count,lru,1,0.399949
string24,ahash,16384,iter-count,hashlink,1,0.400660
string24,ahash,16384,iter-count,micro,1,5622.558594
string24,ahash,16384,iter-count,quick_cache,2,8388.835938
string24,ahash,16384,iter-count,lru,2,0.402443
string24,ahash,16384,iter-count,hashlink,2,0.399208
string24,ahash,16384,iter-count,micro,2,5414.984375
string24,ahash,16384,iter-count,baseline,2,5468.261719
string24,ahash,16384,iter-count,lru,3,0.399018
string24,ahash,16384,iter-count,hashlink,3,0.401168
string24,ahash,16384,iter-count,micro,3,5450.032552
string24,ahash,16384,iter-count,baseline,3,5537.542969
string24,ahash,16384,iter-count,quick_cache,3,8118.896484
string24,ahash,16384,iter-count,hashlink,4,0.396593
string24,ahash,16384,iter-count,micro,4,5472.981771
string24,ahash,16384,iter-count,baseline,4,5670.084635
string24,ahash,16384,iter-count,quick_cache,4,8197.427734
string24,ahash,16384,iter-count,lru,4,0.405185
string128,sip,128,get-hit,micro,0,29.188495
string128,sip,128,get-hit,baseline,0,29.206881
string128,sip,128,get-hit,quick_cache,0,29.375901
string128,sip,128,get-hit,lru,0,28.541757
string128,sip,128,get-hit,hashlink,0,28.472506
string128,sip,128,get-hit,baseline,1,28.864155
string128,sip,128,get-hit,quick_cache,1,28.994826
string128,sip,128,get-hit,lru,1,28.821505
string128,sip,128,get-hit,hashlink,1,27.947562
string128,sip,128,get-hit,micro,1,28.627836
string128,sip,128,get-hit,quick_cache,2,28.630578
string128,sip,128,get-hit,lru,2,28.573458
string128,sip,128,get-hit,hashlink,2,28.110325
string128,sip,128,get-hit,micro,2,28.567195
string128,sip,128,get-hit,baseline,2,28.485812
string128,sip,128,get-hit,lru,3,28.580491
string128,sip,128,get-hit,hashlink,3,28.198242
string128,sip,128,get-hit,micro,3,28.473285
string128,sip,128,get-hit,baseline,3,28.485032
string128,sip,128,get-hit,quick_cache,3,28.710393
string128,sip,128,get-hit,hashlink,4,27.949742
string128,sip,128,get-hit,micro,4,28.590276
string128,sip,128,get-hit,baseline,4,28.482290
string128,sip,128,get-hit,quick_cache,4,29.409161
string128,sip,128,get-hit,lru,4,29.233107
string128,sip,128,get-miss,micro,0,24.295807
string128,sip,128,get-miss,baseline,0,24.091080
string128,sip,128,get-miss,quick_cache,0,23.750618
string128,sip,128,get-miss,lru,0,24.537834
string128,sip,128,get-miss,hashlink,0,23.929283
string128,sip,128,get-miss,baseline,1,23.725189
string128,sip,128,get-miss,quick_cache,1,23.768105
string128,sip,128,get-miss,lru,1,24.511377
string128,sip,128,get-miss,hashlink,1,23.716293
string128,sip,128,get-miss,micro,1,23.688637
string128,sip,128,get-miss,quick_cache,2,23.775101
string128,sip,128,get-miss,lru,2,24.571737
string128,sip,128,get-miss,hashlink,2,23.710884
string128,sip,128,get-miss,micro,2,23.744263
string128,sip,128,get-miss,baseline,2,23.630455
string128,sip,128,get-miss,lru,3,24.502905
string128,sip,128,get-miss,hashlink,3,23.789093
string128,sip,128,get-miss,micro,3,23.721054
string128,sip,128,get-miss,baseline,3,23.668610
string128,sip,128,get-miss,quick_cache,3,23.771927
string128,sip,128,get-miss,hashlink,4,23.730278
string128,sip,128,get-miss,micro,4,23.752213
string128,sip,128,get-miss,baseline,4,23.847900
string128,sip,128,get-miss,quick_cache,4,24.399445
string128,sip,128,get-miss,lru,4,25.172933
string128,sip,128,update,micro,0,39.155066
string128,sip,128,update,baseline,0,38.947546
string128,sip,128,update,quick_cache,0,60.359410
string128,sip,128,update,lru,0,38.199365
string128,sip,128,update,hashlink,0,38.790381
string128,sip,128,update,baseline,1,39.353442
string128,sip,128,update,quick_cache,1,58.498570
string128,sip,128,update,lru,1,38.208521
string128,sip,128,update,hashlink,1,38.309229
string128,sip,128,update,micro,1,40.710962
string128,sip,128,update,quick_cache,2,59.891479
string128,sip,128,update,lru,2,38.898218
string128,sip,128,update,hashlink,2,38.964844
string128,sip,128,update,micro,2,38.733923
string128,sip,128,update,baseline,2,38.615930
string128,sip,128,update,lru,3,38.817334
string128,sip,128,update,hashlink,3,38.764954
string128,sip,128,update,micro,3,39.906311
string128,sip,128,update,baseline,3,39.405310
string128,sip,128,update,quick_cache,3,60.429164
string128,sip,128,update,hashlink,4,39.387012
string128,sip,128,update,micro,4,39.682007
string128,sip,128,update,baseline,4,39.671326
string128,sip,128,update,quick_cache,4,60.344151
string128,sip,128,update,lru,4,39.093018
string128,sip,128,insert-cycle,micro,0,72.301572
string128,sip,128,insert-cycle,baseline,0,71.874619
string128,sip,128,insert-cycle,quick_cache,0,64.175632
string128,sip,128,insert-cycle,lru,0,126.928637
string128,sip,128,insert-cycle,hashlink,0,127.457328
string128,sip,128,insert-cycle,baseline,1,71.931101
string128,sip,128,insert-cycle,quick_cache,1,63.142305
string128,sip,128,insert-cycle,lru,1,125.432846
string128,sip,128,insert-cycle,hashlink,1,126.811366
string128,sip,128,insert-cycle,micro,1,72.174751
string128,sip,128,insert-cycle,quick_cache,2,63.333921
string128,sip,128,insert-cycle,lru,2,125.254530
string128,sip,128,insert-cycle,hashlink,2,127.080855
string128,sip,128,insert-cycle,micro,2,72.217696
string128,sip,128,insert-cycle,baseline,2,71.149976
string128,sip,128,insert-cycle,lru,3,125.950590
string128,sip,128,insert-cycle,hashlink,3,126.594338
string128,sip,128,insert-cycle,micro,3,71.808117
string128,sip,128,insert-cycle,baseline,3,71.858732
string128,sip,128,insert-cycle,quick_cache,3,64.259243
string128,sip,128,insert-cycle,hashlink,4,122.785767
string128,sip,128,insert-cycle,micro,4,72.438440
string128,sip,128,insert-cycle,baseline,4,75.207833
string128,sip,128,insert-cycle,quick_cache,4,65.322982
string128,sip,128,insert-cycle,lru,4,126.279360
string128,sip,128,mixed-95,micro,0,35.376270
string128,sip,128,mixed-95,baseline,0,35.140097
string128,sip,128,mixed-95,quick_cache,0,40.033320
string128,sip,128,mixed-95,lru,0,38.869083
string128,sip,128,mixed-95,hashlink,0,39.039055
string128,sip,128,mixed-95,baseline,1,35.200795
string128,sip,128,mixed-95,quick_cache,1,39.410968
string128,sip,128,mixed-95,lru,1,38.950244
string128,sip,128,mixed-95,hashlink,1,39.750099
string128,sip,128,mixed-95,micro,1,35.265386
string128,sip,128,mixed-95,quick_cache,2,39.500535
string128,sip,128,mixed-95,lru,2,38.824677
string128,sip,128,mixed-95,hashlink,2,38.954874
string128,sip,128,mixed-95,micro,2,35.341462
string128,sip,128,mixed-95,baseline,2,36.572933
string128,sip,128,mixed-95,lru,3,38.878183
string128,sip,128,mixed-95,hashlink,3,39.145509
string128,sip,128,mixed-95,micro,3,35.275439
string128,sip,128,mixed-95,baseline,3,35.195251
string128,sip,128,mixed-95,quick_cache,3,39.554556
string128,sip,128,mixed-95,hashlink,4,39.059401
string128,sip,128,mixed-95,micro,4,35.285473
string128,sip,128,mixed-95,baseline,4,35.272280
string128,sip,128,mixed-95,quick_cache,4,39.206724
string128,sip,128,mixed-95,lru,4,38.944980
string128,sip,128,load-hit,micro,0,31.670471
string128,sip,128,load-hit,baseline,0,39.427185
string128,sip,128,load-hit,quick_cache,0,32.260895
string128,sip,128,load-hit,lru,0,31.237712
string128,sip,128,load-hit,hashlink,0,28.182589
string128,sip,128,load-hit,baseline,1,39.184058
string128,sip,128,load-hit,quick_cache,1,32.193919
string128,sip,128,load-hit,lru,1,30.797323
string128,sip,128,load-hit,hashlink,1,28.472121
string128,sip,128,load-hit,micro,1,31.723022
string128,sip,128,load-hit,quick_cache,2,32.252421
string128,sip,128,load-hit,lru,2,30.784180
string128,sip,128,load-hit,hashlink,2,28.411865
string128,sip,128,load-hit,micro,2,31.887472
string128,sip,128,load-hit,baseline,2,39.192200
string128,sip,128,load-hit,lru,3,30.808350
string128,sip,128,load-hit,hashlink,3,28.387996
string128,sip,128,load-hit,micro,3,31.667074
string128,sip,128,load-hit,baseline,3,39.466858
string128,sip,128,load-hit,quick_cache,3,32.687724
string128,sip,128,load-hit,hashlink,4,29.062124
string128,sip,128,load-hit,micro,4,32.346934
string128,sip,128,load-hit,baseline,4,39.969885
string128,sip,128,load-hit,quick_cache,4,32.556325
string128,sip,128,load-hit,lru,4,30.982971
string128,sip,128,load-cycle,micro,0,75.067800
string128,sip,128,load-cycle,baseline,0,74.748507
string128,sip,128,load-cycle,quick_cache,0,52.058836
string128,sip,128,load-cycle,lru,0,128.446247
string128,sip,128,load-cycle,hashlink,0,149.350178
string128,sip,128,load-cycle,baseline,1,74.362960
string128,sip,128,load-cycle,quick_cache,1,52.393590
string128,sip,128,load-cycle,lru,1,128.681556
string128,sip,128,load-cycle,hashlink,1,149.284266
string128,sip,128,load-cycle,micro,1,74.923691
string128,sip,128,load-cycle,quick_cache,2,51.994746
string128,sip,128,load-cycle,lru,2,127.173639
string128,sip,128,load-cycle,hashlink,2,147.692871
string128,sip,128,load-cycle,micro,2,71.620522
string128,sip,128,load-cycle,baseline,2,72.848942
string128,sip,128,load-cycle,lru,3,126.639869
string128,sip,128,load-cycle,hashlink,3,147.269678
string128,sip,128,load-cycle,micro,3,70.587341
string128,sip,128,load-cycle,baseline,3,72.401259
string128,sip,128,load-cycle,quick_cache,3,52.183889
string128,sip,128,load-cycle,hashlink,4,150.743239
string128,sip,128,load-cycle,micro,4,72.632330
string128,sip,128,load-cycle,baseline,4,75.958720
string128,sip,128,load-cycle,quick_cache,4,53.489737
string128,sip,128,load-cycle,lru,4,126.741347
string128,sip,128,clear-refill,micro,0,5064.713322
string128,sip,128,clear-refill,baseline,0,5454.326679
string128,sip,128,clear-refill,quick_cache,0,5142.267123
string128,sip,128,clear-refill,lru,0,14419.655502
string128,sip,128,clear-refill,hashlink,0,9092.045455
string128,sip,128,clear-refill,baseline,1,5741.237094
string128,sip,128,clear-refill,quick_cache,1,5402.354317
string128,sip,128,clear-refill,lru,1,14403.311005
string128,sip,128,clear-refill,hashlink,1,9112.751515
string128,sip,128,clear-refill,micro,1,4993.482529
string128,sip,128,clear-refill,quick_cache,2,5137.342466
string128,sip,128,clear-refill,lru,2,14613.470874
string128,sip,128,clear-refill,hashlink,2,9343.037267
string128,sip,128,clear-refill,micro,2,6016.364729
string128,sip,128,clear-refill,baseline,2,4997.226290
string128,sip,128,clear-refill,lru,3,14423.444976
string128,sip,128,clear-refill,hashlink,3,9106.566667
string128,sip,128,clear-refill,micro,3,5021.461538
string128,sip,128,clear-refill,baseline,3,5258.975482
string128,sip,128,clear-refill,quick_cache,3,5204.289428
string128,sip,128,clear-refill,hashlink,4,9212.168712
string128,sip,128,clear-refill,micro,4,4987.749169
string128,sip,128,clear-refill,baseline,4,5995.259481
string128,sip,128,clear-refill,quick_cache,4,5154.996564
string128,sip,128,clear-refill,lru,4,14655.082927
string128,sip,128,clear-empty,micro,0,51.140031
string128,sip,128,clear-empty,baseline,0,51.036702
string128,sip,128,clear-empty,quick_cache,0,4.014274
string128,sip,128,clear-empty,lru,0,2.220251
string128,sip,128,clear-empty,hashlink,0,0.635766
string128,sip,128,clear-empty,baseline,1,48.918994
string128,sip,128,clear-empty,quick_cache,1,3.959697
string128,sip,128,clear-empty,lru,1,2.211208
string128,sip,128,clear-empty,hashlink,1,0.638624
string128,sip,128,clear-empty,micro,1,49.890575
string128,sip,128,clear-empty,quick_cache,2,3.959423
string128,sip,128,clear-empty,lru,2,2.213591
string128,sip,128,clear-empty,hashlink,2,0.607544
string128,sip,128,clear-empty,micro,2,41.291868
string128,sip,128,clear-empty,baseline,2,41.898019
string128,sip,128,clear-empty,lru,3,2.209817
string128,sip,128,clear-empty,hashlink,3,0.610638
string128,sip,128,clear-empty,micro,3,49.041955
string128,sip,128,clear-empty,baseline,3,49.157737
string128,sip,128,clear-empty,quick_cache,3,3.953748
string128,sip,128,clear-empty,hashlink,4,0.636120
string128,sip,128,clear-empty,micro,4,49.088945
string128,sip,128,clear-empty,baseline,4,49.164536
string128,sip,128,clear-empty,quick_cache,4,3.983868
string128,sip,128,clear-empty,lru,4,2.244516
string128,sip,128,iter-dense,micro,0,39.320742
string128,sip,128,iter-dense,baseline,0,39.105400
string128,sip,128,iter-dense,quick_cache,0,29.852157
string128,sip,128,iter-dense,lru,0,136.998175
string128,sip,128,iter-dense,hashlink,0,131.326243
string128,sip,128,iter-dense,baseline,1,38.457919
string128,sip,128,iter-dense,quick_cache,1,29.183610
string128,sip,128,iter-dense,lru,1,133.821104
string128,sip,128,iter-dense,hashlink,1,131.101213
string128,sip,128,iter-dense,micro,1,38.046184
string128,sip,128,iter-dense,quick_cache,2,29.072597
string128,sip,128,iter-dense,lru,2,134.405578
string128,sip,128,iter-dense,hashlink,2,131.073979
string128,sip,128,iter-dense,micro,2,37.955466
string128,sip,128,iter-dense,baseline,2,37.977167
string128,sip,128,iter-dense,lru,3,131.966421
string128,sip,128,iter-dense,hashlink,3,130.811280
string128,sip,128,iter-dense,micro,3,37.985609
string128,sip,128,iter-dense,baseline,3,37.945379
string128,sip,128,iter-dense,quick_cache,3,29.052555
string128,sip,128,iter-dense,hashlink,4,134.847971
string128,sip,128,iter-dense,micro,4,38.307738
string128,sip,128,iter-dense,baseline,4,38.625965
string128,sip,128,iter-dense,quick_cache,4,29.647408
string128,sip,128,iter-dense,lru,4,133.761680
string128,sip,128,iter-dense-for,micro,0,38.399199
string128,sip,128,iter-dense-for,baseline,0,38.550653
string128,sip,128,iter-dense-for,quick_cache,0,71.328422
string128,sip,128,iter-dense-for,lru,0,83.446842
string128,sip,128,iter-dense-for,hashlink,0,75.325251
string128,sip,128,iter-dense-for,baseline,1,38.805968
string128,sip,128,iter-dense-for,quick_cache,1,69.947427
string128,sip,128,iter-dense-for,lru,1,81.187987
string128,sip,128,iter-dense-for,hashlink,1,73.271704
string128,sip,128,iter-dense-for,micro,1,38.584529
string128,sip,128,iter-dense-for,quick_cache,2,70.307627
string128,sip,128,iter-dense-for,lru,2,81.183469
string128,sip,128,iter-dense-for,hashlink,2,71.589742
string128,sip,128,iter-dense-for,micro,2,38.830124
string128,sip,128,iter-dense-for,baseline,2,38.718427
string128,sip,128,iter-dense-for,lru,3,81.163927
string128,sip,128,iter-dense-for,hashlink,3,72.119399
string128,sip,128,iter-dense-for,micro,3,38.127910
string128,sip,128,iter-dense-for,baseline,3,37.541496
string128,sip,128,iter-dense-for,quick_cache,3,66.701658
string128,sip,128,iter-dense-for,hashlink,4,70.213089
string128,sip,128,iter-dense-for,micro,4,37.636542
string128,sip,128,iter-dense-for,baseline,4,37.795055
string128,sip,128,iter-dense-for,quick_cache,4,69.103491
string128,sip,128,iter-dense-for,lru,4,80.028130
string128,sip,128,iter-density-1pct,micro,0,37.409827
string128,sip,128,iter-density-1pct,baseline,0,37.037890
string128,sip,128,iter-density-1pct,quick_cache,0,26.704767
string128,sip,128,iter-density-1pct,lru,0,1.319178
string128,sip,128,iter-density-1pct,hashlink,0,1.294264
string128,sip,128,iter-density-1pct,baseline,1,39.443219
string128,sip,128,iter-density-1pct,quick_cache,1,23.393315
string128,sip,128,iter-density-1pct,lru,1,1.317657
string128,sip,128,iter-density-1pct,hashlink,1,1.265285
string128,sip,128,iter-density-1pct,micro,1,38.469968
string128,sip,128,iter-density-1pct,quick_cache,2,22.882917
string128,sip,128,iter-density-1pct,lru,2,1.313228
string128,sip,128,iter-density-1pct,hashlink,2,1.265114
string128,sip,128,iter-density-1pct,micro,2,38.403460
string128,sip,128,iter-density-1pct,baseline,2,38.604171
string128,sip,128,iter-density-1pct,lru,3,2.399114
string128,sip,128,iter-density-1pct,hashlink,3,3.933952
string128,sip,128,iter-density-1pct,micro,3,74.625845
string128,sip,128,iter-density-1pct,baseline,3,106.976902
string128,sip,128,iter-density-1pct,quick_cache,3,43.988670
string128,sip,128,iter-density-1pct,hashlink,4,2.136422
string128,sip,128,iter-density-1pct,micro,4,69.215462
string128,sip,128,iter-density-1pct,baseline,4,37.356300
string128,sip,128,iter-density-1pct,quick_cache,4,22.741769
string128,sip,128,iter-density-1pct,lru,4,1.300566
string128,sip,128,iter-density-6pct,micro,0,37.252409
string128,sip,128,iter-density-6pct,baseline,0,36.090466
string128,sip,128,iter-density-6pct,quick_cache,0,23.738465
string128,sip,128,iter-density-6pct,lru,0,3.549035
string128,sip,128,iter-density-6pct,hashlink,0,3.101311
string128,sip,128,iter-density-6pct,baseline,1,35.007524
string128,sip,128,iter-density-6pct,quick_cache,1,21.241009
string128,sip,128,iter-density-6pct,lru,1,3.674123
string128,sip,128,iter-density-6pct,hashlink,1,3.222425
string128,sip,128,iter-density-6pct,micro,1,39.117908
string128,sip,128,iter-density-6pct,quick_cache,2,25.888157
string128,sip,128,iter-density-6pct,lru,2,3.432857
string128,sip,128,iter-density-6pct,hashlink,2,3.115239
string128,sip,128,iter-density-6pct,micro,2,36.181532
string128,sip,128,iter-density-6pct,baseline,2,36.381524
string128,sip,128,iter-density-6pct,lru,3,3.591541
string128,sip,128,iter-density-6pct,hashlink,3,3.183450
string128,sip,128,iter-density-6pct,micro,3,36.611870
string128,sip,128,iter-density-6pct,baseline,3,36.501411
string128,sip,128,iter-density-6pct,quick_cache,3,20.561780
string128,sip,128,iter-density-6pct,hashlink,4,3.209717
string128,sip,128,iter-density-6pct,micro,4,36.509525
string128,sip,128,iter-density-6pct,baseline,4,35.128442
string128,sip,128,iter-density-6pct,quick_cache,4,24.266466
string128,sip,128,iter-density-6pct,lru,4,3.456317
string128,sip,128,iter-density-quarter,micro,0,38.747740
string128,sip,128,iter-density-quarter,baseline,0,35.812763
string128,sip,128,iter-density-quarter,quick_cache,0,21.334905
string128,sip,128,iter-density-quarter,lru,0,18.617777
string128,sip,128,iter-density-quarter,hashlink,0,18.585852
string128,sip,128,iter-density-quarter,baseline,1,35.444731
string128,sip,128,iter-density-quarter,quick_cache,1,22.088788
string128,sip,128,iter-density-quarter,lru,1,18.966215
string128,sip,128,iter-density-quarter,hashlink,1,19.261902
string128,sip,128,iter-density-quarter,micro,1,37.483039
string128,sip,128,iter-density-quarter,quick_cache,2,22.290203
string128,sip,128,iter-density-quarter,lru,2,19.174176
string128,sip,128,iter-density-quarter,hashlink,2,18.771378
string128,sip,128,iter-density-quarter,micro,2,36.982766
string128,sip,128,iter-density-quarter,baseline,2,37.265662
string128,sip,128,iter-density-quarter,lru,3,19.065537
string128,sip,128,iter-density-quarter,hashlink,3,18.972955
string128,sip,128,iter-density-quarter,micro,3,36.860628
string128,sip,128,iter-density-quarter,baseline,3,37.041720
string128,sip,128,iter-density-quarter,quick_cache,3,21.937083
string128,sip,128,iter-density-quarter,hashlink,4,18.869862
string128,sip,128,iter-density-quarter,micro,4,37.390239
string128,sip,128,iter-density-quarter,baseline,4,36.870515
string128,sip,128,iter-density-quarter,quick_cache,4,21.717975
string128,sip,128,iter-density-quarter,lru,4,18.994435
string128,sip,128,iter-density-half,micro,0,37.562174
string128,sip,128,iter-density-half,baseline,0,37.831850
string128,sip,128,iter-density-half,quick_cache,0,24.994027
string128,sip,128,iter-density-half,lru,0,51.847257
string128,sip,128,iter-density-half,hashlink,0,50.708018
string128,sip,128,iter-density-half,baseline,1,37.868753
string128,sip,128,iter-density-half,quick_cache,1,25.098911
string128,sip,128,iter-density-half,lru,1,51.690704
string128,sip,128,iter-density-half,hashlink,1,51.531731
string128,sip,128,iter-density-half,micro,1,37.968649
string128,sip,128,iter-density-half,quick_cache,2,25.093683
string128,sip,128,iter-density-half,lru,2,54.199783
string128,sip,128,iter-density-half,hashlink,2,53.283310
string128,sip,128,iter-density-half,micro,2,38.181901
string128,sip,128,iter-density-half,baseline,2,37.676715
string128,sip,128,iter-density-half,lru,3,51.179278
string128,sip,128,iter-density-half,hashlink,3,51.145663
string128,sip,128,iter-density-half,micro,3,37.487617
string128,sip,128,iter-density-half,baseline,3,37.797675
string128,sip,128,iter-density-half,quick_cache,3,24.790190
string128,sip,128,iter-density-half,hashlink,4,51.497014
string128,sip,128,iter-density-half,micro,4,37.499063
string128,sip,128,iter-density-half,baseline,4,37.564265
string128,sip,128,iter-density-half,quick_cache,4,24.953017
string128,sip,128,iter-density-half,lru,4,51.577695
string128,sip,128,iter-front,micro,0,36.808009
string128,sip,128,iter-front,baseline,0,36.783726
string128,sip,128,iter-front,quick_cache,0,29.271474
string128,sip,128,iter-front,lru,0,1.201954
string128,sip,128,iter-front,hashlink,0,1.156508
string128,sip,128,iter-front,baseline,1,37.693956
string128,sip,128,iter-front,quick_cache,1,29.347203
string128,sip,128,iter-front,lru,1,1.206921
string128,sip,128,iter-front,hashlink,1,1.132465
string128,sip,128,iter-front,micro,1,37.613643
string128,sip,128,iter-front,quick_cache,2,29.644938
string128,sip,128,iter-front,lru,2,1.226998
string128,sip,128,iter-front,hashlink,2,1.189193
string128,sip,128,iter-front,micro,2,38.861764
string128,sip,128,iter-front,baseline,2,38.924126
string128,sip,128,iter-front,lru,3,1.234251
string128,sip,128,iter-front,hashlink,3,1.148517
string128,sip,128,iter-front,micro,3,37.660542
string128,sip,128,iter-front,baseline,3,37.441656
string128,sip,128,iter-front,quick_cache,3,29.421694
string128,sip,128,iter-front,hashlink,4,1.179631
string128,sip,128,iter-front,micro,4,37.467027
string128,sip,128,iter-front,baseline,4,37.161762
string128,sip,128,iter-front,quick_cache,4,29.423733
string128,sip,128,iter-front,lru,4,1.216948
string128,sip,128,iter-back,micro,0,38.367776
string128,sip,128,iter-back,baseline,0,37.998886
string128,sip,128,iter-back,quick_cache,0,25.917142
string128,sip,128,iter-back,lru,0,1.181311
string128,sip,128,iter-back,hashlink,0,1.133588
string128,sip,128,iter-back,baseline,1,38.425858
string128,sip,128,iter-back,quick_cache,1,25.737150
string128,sip,128,iter-back,lru,1,1.187130
string128,sip,128,iter-back,hashlink,1,1.174518
string128,sip,128,iter-back,micro,1,38.412267
string128,sip,128,iter-back,quick_cache,2,25.767939
string128,sip,128,iter-back,lru,2,1.225106
string128,sip,128,iter-back,hashlink,2,1.175917
string128,sip,128,iter-back,micro,2,39.080958
string128,sip,128,iter-back,baseline,2,38.523803
string128,sip,128,iter-back,lru,3,1.207558
string128,sip,128,iter-back,hashlink,3,1.157607
string128,sip,128,iter-back,micro,3,39.525256
string128,sip,128,iter-back,baseline,3,38.608995
string128,sip,128,iter-back,quick_cache,3,25.700795
string128,sip,128,iter-back,hashlink,4,1.165045
string128,sip,128,iter-back,micro,4,38.535887
string128,sip,128,iter-back,baseline,4,38.023900
string128,sip,128,iter-back,quick_cache,4,25.713470
string128,sip,128,iter-back,lru,4,1.188785
string128,sip,128,iter-empty,micro,0,37.778253
string128,sip,128,iter-empty,baseline,0,37.508338
string128,sip,128,iter-empty,quick_cache,0,25.828598
string128,sip,128,iter-empty,lru,0,0.988830
string128,sip,128,iter-empty,hashlink,0,1.004199
string128,sip,128,iter-empty,baseline,1,37.713810
string128,sip,128,iter-empty,quick_cache,1,25.881736
string128,sip,128,iter-empty,lru,1,0.992074
string128,sip,128,iter-empty,hashlink,1,0.998668
string128,sip,128,iter-empty,micro,1,38.032872
string128,sip,128,iter-empty,quick_cache,2,26.293247
string128,sip,128,iter-empty,lru,2,1.014084
string128,sip,128,iter-empty,hashlink,2,1.042953
string128,sip,128,iter-empty,micro,2,36.274480
string128,sip,128,iter-empty,baseline,2,36.661943
string128,sip,128,iter-empty,lru,3,0.965022
string128,sip,128,iter-empty,hashlink,3,0.969874
string128,sip,128,iter-empty,micro,3,37.895147
string128,sip,128,iter-empty,baseline,3,36.478599
string128,sip,128,iter-empty,quick_cache,3,27.180335
string128,sip,128,iter-empty,hashlink,4,0.997531
string128,sip,128,iter-empty,micro,4,36.915084
string128,sip,128,iter-empty,baseline,4,36.508530
string128,sip,128,iter-empty,quick_cache,4,26.207606
string128,sip,128,iter-empty,lru,4,0.973975
string128,sip,128,iter-count,micro,0,36.598277
string128,sip,128,iter-count,baseline,0,36.242320
string128,sip,128,iter-count,quick_cache,0,53.042209
string128,sip,128,iter-count,lru,0,0.390357
string128,sip,128,iter-count,hashlink,0,0.392178
string128,sip,128,iter-count,baseline,1,36.429518
string128,sip,128,iter-count,quick_cache,1,53.387642
string128,sip,128,iter-count,lru,1,0.391382
string128,sip,128,iter-count,hashlink,1,0.391413
string128,sip,128,iter-count,micro,1,36.525774
string128,sip,128,iter-count,quick_cache,2,53.548177
string128,sip,128,iter-count,lru,2,0.390409
string128,sip,128,iter-count,hashlink,2,0.392720
string128,sip,128,iter-count,micro,2,36.608414
string128,sip,128,iter-count,baseline,2,36.154856
string128,sip,128,iter-count,lru,3,0.389224
string128,sip,128,iter-count,hashlink,3,0.394218
string128,sip,128,iter-count,micro,3,36.894924
string128,sip,128,iter-count,baseline,3,36.894924
string128,sip,128,iter-count,quick_cache,3,56.028348
string128,sip,128,iter-count,hashlink,4,0.392891
string128,sip,128,iter-count,micro,4,38.117124
string128,sip,128,iter-count,baseline,4,36.980506
string128,sip,128,iter-count,quick_cache,4,53.889371
string128,sip,128,iter-count,lru,4,0.391683
string128,sip,1024,get-hit,micro,0,33.102671
string128,sip,1024,get-hit,baseline,0,32.761047
string128,sip,1024,get-hit,quick_cache,0,33.237457
string128,sip,1024,get-hit,lru,0,34.108476
string128,sip,1024,get-hit,hashlink,0,33.100972
string128,sip,1024,get-hit,baseline,1,32.896250
string128,sip,1024,get-hit,quick_cache,1,33.307628
string128,sip,1024,get-hit,lru,1,32.772064
string128,sip,1024,get-hit,hashlink,1,32.921265
string128,sip,1024,get-hit,micro,1,33.641002
string128,sip,1024,get-hit,quick_cache,2,31.940887
string128,sip,1024,get-hit,lru,2,33.310858
string128,sip,1024,get-hit,hashlink,2,32.808095
string128,sip,1024,get-hit,micro,2,32.933136
string128,sip,1024,get-hit,baseline,2,32.839030
string128,sip,1024,get-hit,lru,3,33.594305
string128,sip,1024,get-hit,hashlink,3,33.214569
string128,sip,1024,get-hit,micro,3,33.323808
string128,sip,1024,get-hit,baseline,3,34.185702
string128,sip,1024,get-hit,quick_cache,3,34.279097
string128,sip,1024,get-hit,hashlink,4,33.157766
string128,sip,1024,get-hit,micro,4,33.319181
string128,sip,1024,get-hit,baseline,4,33.379295
string128,sip,1024,get-hit,quick_cache,4,33.358487
string128,sip,1024,get-hit,lru,4,33.901789
string128,sip,1024,get-miss,micro,0,24.168655
string128,sip,1024,get-miss,baseline,0,24.066284
string128,sip,1024,get-miss,quick_cache,0,24.114609
string128,sip,1024,get-miss,lru,0,24.316147
string128,sip,1024,get-miss,hashlink,0,23.975372
string128,sip,1024,get-miss,baseline,1,23.859665
string128,sip,1024,get-miss,quick_cache,1,24.151161
string128,sip,1024,get-miss,lru,1,24.430339
string128,sip,1024,get-miss,hashlink,1,23.898766
string128,sip,1024,get-miss,micro,1,23.983643
string128,sip,1024,get-miss,quick_cache,2,23.948669
string128,sip,1024,get-miss,lru,2,24.689404
string128,sip,1024,get-miss,hashlink,2,23.885727
string128,sip,1024,get-miss,micro,2,24.585303
string128,sip,1024,get-miss,baseline,2,23.876190
string128,sip,1024,get-miss,lru,3,24.497819
string128,sip,1024,get-miss,hashlink,3,24.428304
string128,sip,1024,get-miss,micro,3,24.388313
string128,sip,1024,get-miss,baseline,3,24.337448
string128,sip,1024,get-miss,quick_cache,3,24.244629
string128,sip,1024,get-miss,hashlink,4,24.183273
string128,sip,1024,get-miss,micro,4,24.356842
string128,sip,1024,get-miss,baseline,4,24.114296
string128,sip,1024,get-miss,quick_cache,4,24.127640
string128,sip,1024,get-miss,lru,4,24.645662
string128,sip,1024,update,micro,0,44.739909
string128,sip,1024,update,baseline,0,45.166572
string128,sip,1024,update,quick_cache,0,59.571760
string128,sip,1024,update,lru,0,45.078979
string128,sip,1024,update,hashlink,0,44.305311
string128,sip,1024,update,baseline,1,43.460422
string128,sip,1024,update,quick_cache,1,59.844971
string128,sip,1024,update,lru,1,45.380764
string128,sip,1024,update,hashlink,1,44.084337
string128,sip,1024,update,micro,1,44.913398
string128,sip,1024,update,quick_cache,2,59.669870
string128,sip,1024,update,lru,2,44.749512
string128,sip,1024,update,hashlink,2,44.507636
string128,sip,1024,update,micro,2,45.546346
string128,sip,1024,update,baseline,2,45.137193
string128,sip,1024,update,lru,3,46.546936
string128,sip,1024,update,hashlink,3,44.544922
string128,sip,1024,update,micro,3,44.691867
string128,sip,1024,update,baseline,3,45.024170
string128,sip,1024,update,quick_cache,3,59.872576
string128,sip,1024,update,hashlink,4,44.032335
string128,sip,1024,update,micro,4,44.731418
string128,sip,1024,update,baseline,4,43.992784
string128,sip,1024,update,quick_cache,4,60.150879
string128,sip,1024,update,lru,4,45.073893
string128,sip,1024,insert-cycle,micro,0,78.203176
string128,sip,1024,insert-cycle,baseline,0,79.470986
string128,sip,1024,insert-cycle,quick_cache,0,63.397725
string128,sip,1024,insert-cycle,lru,0,133.633700
string128,sip,1024,insert-cycle,hashlink,0,130.971273
string128,sip,1024,insert-cycle,baseline,1,77.924779
string128,sip,1024,insert-cycle,quick_cache,1,62.317749
string128,sip,1024,insert-cycle,lru,1,133.743286
string128,sip,1024,insert-cycle,hashlink,1,125.523885
string128,sip,1024,insert-cycle,micro,1,79.087634
string128,sip,1024,insert-cycle,quick_cache,2,62.903503
string128,sip,1024,insert-cycle,lru,2,137.312456
string128,sip,1024,insert-cycle,hashlink,2,133.417303
string128,sip,1024,insert-cycle,micro,2,80.531070
string128,sip,1024,insert-cycle,baseline,2,82.181586
string128,sip,1024,insert-cycle,lru,3,136.278587
string128,sip,1024,insert-cycle,hashlink,3,131.605387
string128,sip,1024,insert-cycle,micro,3,81.137156
string128,sip,1024,insert-cycle,baseline,3,79.951763
string128,sip,1024,insert-cycle,quick_cache,3,62.244832
string128,sip,1024,insert-cycle,hashlink,4,132.603963
string128,sip,1024,insert-cycle,micro,4,79.830772
string128,sip,1024,insert-cycle,baseline,4,80.163780
string128,sip,1024,insert-cycle,quick_cache,4,64.028533
string128,sip,1024,insert-cycle,lru,4,134.114569
string128,sip,1024,mixed-95,micro,0,39.196491
string128,sip,1024,mixed-95,baseline,0,39.840082
string128,sip,1024,mixed-95,quick_cache,0,43.497483
string128,sip,1024,mixed-95,lru,0,44.313729
string128,sip,1024,mixed-95,hashlink,0,43.450256
string128,sip,1024,mixed-95,baseline,1,40.380041
string128,sip,1024,mixed-95,quick_cache,1,44.395268
string128,sip,1024,mixed-95,lru,1,41.995267
string128,sip,1024,mixed-95,hashlink,1,41.714966
string128,sip,1024,mixed-95,micro,1,39.509416
string128,sip,1024,mixed-95,quick_cache,2,44.448713
string128,sip,1024,mixed-95,lru,2,44.383486
string128,sip,1024,mixed-95,hashlink,2,42.420249
string128,sip,1024,mixed-95,micro,2,40.513555
string128,sip,1024,mixed-95,baseline,2,40.606797
string128,sip,1024,mixed-95,lru,3,44.142147
string128,sip,1024,mixed-95,hashlink,3,43.289781
string128,sip,1024,mixed-95,micro,3,40.445030
string128,sip,1024,mixed-95,baseline,3,40.505131
string128,sip,1024,mixed-95,quick_cache,3,43.223818
string128,sip,1024,mixed-95,hashlink,4,41.641474
string128,sip,1024,mixed-95,micro,4,39.371371
string128,sip,1024,mixed-95,baseline,4,39.482474
string128,sip,1024,mixed-95,quick_cache,4,42.857170
string128,sip,1024,mixed-95,lru,4,41.910946
string128,sip,1024,load-hit,micro,0,36.110618
string128,sip,1024,load-hit,baseline,0,44.718424
string128,sip,1024,load-hit,quick_cache,0,38.368225
string128,sip,1024,load-hit,lru,0,37.237549
string128,sip,1024,load-hit,hashlink,0,33.111145
string128,sip,1024,load-hit,baseline,1,43.689304
string128,sip,1024,load-hit,quick_cache,1,37.623096
string128,sip,1024,load-hit,lru,1,37.024939
string128,sip,1024,load-hit,hashlink,1,33.267131
string128,sip,1024,load-hit,micro,1,35.669500
string128,sip,1024,load-hit,quick_cache,2,36.973059
string128,sip,1024,load-hit,lru,2,37.041736
string128,sip,1024,load-hit,hashlink,2,33.621593
string128,sip,1024,load-hit,micro,2,37.034094
string128,sip,1024,load-hit,baseline,2,43.685343
string128,sip,1024,load-hit,lru,3,37.203979
string128,sip,1024,load-hit,hashlink,3,33.634066
string128,sip,1024,load-hit,micro,3,35.966353
string128,sip,1024,load-hit,baseline,3,43.790460
string128,sip,1024,load-hit,quick_cache,3,37.620032
string128,sip,1024,load-hit,hashlink,4,33.428311
string128,sip,1024,load-hit,micro,4,36.015825
string128,sip,1024,load-hit,baseline,4,44.030640
string128,sip,1024,load-hit,quick_cache,4,37.504077
string128,sip,1024,load-hit,lru,4,38.599646
string128,sip,1024,load-cycle,micro,0,83.184136
string128,sip,1024,load-cycle,baseline,0,83.374023
string128,sip,1024,load-cycle,quick_cache,0,52.656616
string128,sip,1024,load-cycle,lru,0,136.117631
string128,sip,1024,load-cycle,hashlink,0,154.622363
string128,sip,1024,load-cycle,baseline,1,80.382221
string128,sip,1024,load-cycle,quick_cache,1,52.487322
string128,sip,1024,load-cycle,lru,1,135.509144
string128,sip,1024,load-cycle,hashlink,1,155.556250
string128,sip,1024,load-cycle,micro,1,82.226780
string128,sip,1024,load-cycle,quick_cache,2,52.636283
string128,sip,1024,load-cycle,lru,2,137.619496
string128,sip,1024,load-cycle,hashlink,2,155.503369
string128,sip,1024,load-cycle,micro,2,81.535048
string128,sip,1024,load-cycle,baseline,2,81.043971
string128,sip,1024,load-cycle,lru,3,137.750799
string128,sip,1024,load-cycle,hashlink,3,154.136182
string128,sip,1024,load-cycle,micro,3,79.491339
string128,sip,1024,load-cycle,baseline,3,80.090975
string128,sip,1024,load-cycle,quick_cache,3,52.597046
string128,sip,1024,load-cycle,hashlink,4,153.015137
string128,sip,1024,load-cycle,micro,4,79.509534
string128,sip,1024,load-cycle,baseline,4,80.942254
string128,sip,1024,load-cycle,quick_cache,4,53.865705
string128,sip,1024,load-cycle,lru,4,138.825373
string128,sip,1024,clear-refill,micro,0,47986.777778
string128,sip,1024,clear-refill,baseline,0,47891.523810
string128,sip,1024,clear-refill,quick_cache,0,48764.790323
string128,sip,1024,clear-refill,lru,0,130480.043478
string128,sip,1024,clear-refill,hashlink,0,82852.486486
string128,sip,1024,clear-refill,baseline,1,46882.171875
string128,sip,1024,clear-refill,quick_cache,1,48518.806452
string128,sip,1024,clear-refill,lru,1,129572.916667
string128,sip,1024,clear-refill,hashlink,1,83706.000000
string128,sip,1024,clear-refill,micro,1,47775.126984
string128,sip,1024,clear-refill,quick_cache,2,49592.213115
string128,sip,1024,clear-refill,lru,2,130159.708333
string128,sip,1024,clear-refill,hashlink,2,83581.027778
string128,sip,1024,clear-refill,micro,2,48389.555556
string128,sip,1024,clear-refill,baseline,2,47892.206349
string128,sip,1024,clear-refill,lru,3,130322.916667
string128,sip,1024,clear-refill,hashlink,3,84023.166667
string128,sip,1024,clear-refill,micro,3,48797.048387
string128,sip,1024,clear-refill,baseline,3,48326.063492
string128,sip,1024,clear-refill,quick_cache,3,52589.810345
string128,sip,1024,clear-refill,hashlink,4,85746.428571
string128,sip,1024,clear-refill,micro,4,47947.761905
string128,sip,1024,clear-refill,baseline,4,46601.923077
string128,sip,1024,clear-refill,quick_cache,4,48852.822581
string128,sip,1024,clear-refill,lru,4,133563.391304
string128,sip,1024,clear-empty,micro,0,52.235955
string128,sip,1024,clear-empty,baseline,0,53.051064
string128,sip,1024,clear-empty,quick_cache,0,3.968753
string128,sip,1024,clear-empty,lru,0,2.214316
string128,sip,1024,clear-empty,hashlink,0,0.635086
string128,sip,1024,clear-empty,baseline,1,51.516516
string128,sip,1024,clear-empty,quick_cache,1,3.971090
string128,sip,1024,clear-empty,lru,1,2.211085
string128,sip,1024,clear-empty,hashlink,1,0.634802
string128,sip,1024,clear-empty,micro,1,51.554362
string128,sip,1024,clear-empty,quick_cache,2,3.955029
string128,sip,1024,clear-empty,lru,2,2.147531
string128,sip,1024,clear-empty,hashlink,2,0.634724
string128,sip,1024,clear-empty,micro,2,48.307694
string128,sip,1024,clear-empty,baseline,2,47.883450
string128,sip,1024,clear-empty,lru,3,2.221359
string128,sip,1024,clear-empty,hashlink,3,0.635913
string128,sip,1024,clear-empty,micro,3,48.361947
string128,sip,1024,clear-empty,baseline,3,48.273534
string128,sip,1024,clear-empty,quick_cache,3,3.943052
string128,sip,1024,clear-empty,hashlink,4,0.615110
string128,sip,1024,clear-empty,micro,4,48.374678
string128,sip,1024,clear-empty,baseline,4,48.353234
string128,sip,1024,clear-empty,quick_cache,4,3.972324
string128,sip,1024,clear-empty,lru,4,2.251535
string128,sip,1024,iter-dense,micro,0,282.008540
string128,sip,1024,iter-dense,baseline,0,283.144296
string128,sip,1024,iter-dense,quick_cache,0,255.793767
string128,sip,1024,iter-dense,lru,0,1290.685360
string128,sip,1024,iter-dense,hashlink,0,1262.309167
string128,sip,1024,iter-dense,baseline,1,272.532885
string128,sip,1024,iter-dense,quick_cache,1,260.923003
string128,sip,1024,iter-dense,lru,1,1279.331926
string128,sip,1024,iter-dense,hashlink,1,1267.173564
string128,sip,1024,iter-dense,micro,1,271.890127
string128,sip,1024,iter-dense,quick_cache,2,253.540203
string128,sip,1024,iter-dense,lru,2,1276.481419
string128,sip,1024,iter-dense,hashlink,2,1261.302083
string128,sip,1024,iter-dense,micro,2,272.331703
string128,sip,1024,iter-dense,baseline,2,273.138445
string128,sip,1024,iter-dense,lru,3,1265.850833
string128,sip,1024,iter-dense,hashlink,3,1250.972500
string128,sip,1024,iter-dense,micro,3,271.859964
string128,sip,1024,iter-dense,baseline,3,272.494022
string128,sip,1024,iter-dense,quick_cache,3,254.132114
string128,sip,1024,iter-dense,hashlink,4,1271.044764
string128,sip,1024,iter-dense,micro,4,273.395681
string128,sip,1024,iter-dense,baseline,4,272.358062
string128,sip,1024,iter-dense,quick_cache,4,253.358743
string128,sip,1024,iter-dense,lru,4,1278.575591
string128,sip,1024,iter-dense-for,micro,0,275.896140
string128,sip,1024,iter-dense-for,baseline,0,277.767474
string128,sip,1024,iter-dense-for,quick_cache,0,524.965084
string128,sip,1024,iter-dense-for,lru,0,804.643162
string128,sip,1024,iter-dense-for,hashlink,0,922.589767
string128,sip,1024,iter-dense-for,baseline,1,274.834795
string128,sip,1024,iter-dense-for,quick_cache,1,505.936324
string128,sip,1024,iter-dense-for,lru,1,775.059682
string128,sip,1024,iter-dense-for,hashlink,1,910.295510
string128,sip,1024,iter-dense-for,micro,1,280.666978
string128,sip,1024,iter-dense-for,quick_cache,2,514.799693
string128,sip,1024,iter-dense-for,lru,2,751.250000
string128,sip,1024,iter-dense-for,hashlink,2,898.735119
string128,sip,1024,iter-dense-for,micro,2,272.771348
string128,sip,1024,iter-dense-for,baseline,2,273.293695
string128,sip,1024,iter-dense-for,lru,3,763.539634
string128,sip,1024,iter-dense-for,hashlink,3,897.197321
string128,sip,1024,iter-dense-for,micro,3,272.067482
string128,sip,1024,iter-dense-for,baseline,3,272.949219
string128,sip,1024,iter-dense-for,quick_cache,3,507.439527
string128,sip,1024,iter-dense-for,hashlink,4,900.247917
string128,sip,1024,iter-dense-for,micro,4,273.407070
string128,sip,1024,iter-dense-for,baseline,4,272.425996
string128,sip,1024,iter-dense-for,quick_cache,4,508.143243
string128,sip,1024,iter-dense-for,lru,4,756.114750
string128,sip,1024,iter-density-1pct,micro,0,342.158075
string128,sip,1024,iter-density-1pct,baseline,0,344.460737
string128,sip,1024,iter-density-1pct,quick_cache,0,204.316449
string128,sip,1024,iter-density-1pct,lru,0,4.401530
string128,sip,1024,iter-density-1pct,hashlink,0,4.341806
string128,sip,1024,iter-density-1pct,baseline,1,352.913534
string128,sip,1024,iter-density-1pct,quick_cache,1,205.732045
string128,sip,1024,iter-density-1pct,lru,1,4.312647
string128,sip,1024,iter-density-1pct,hashlink,1,4.230214
string128,sip,1024,iter-density-1pct,micro,1,350.114622
string128,sip,1024,iter-density-1pct,quick_cache,2,204.056250
string128,sip,1024,iter-density-1pct,lru,2,4.322130
string128,sip,1024,iter-density-1pct,hashlink,2,4.201079
string128,sip,1024,iter-density-1pct,micro,2,348.977695
string128,sip,1024,iter-density-1pct,baseline,2,343.454327
string128,sip,1024,iter-density-1pct,lru,3,4.451207
string128,sip,1024,iter-density-1pct,hashlink,3,6.213959
string128,sip,1024,iter-density-1pct,micro,3,366.831421
string128,sip,1024,iter-density-1pct,baseline,3,326.049805
string128,sip,1024,iter-density-1pct,quick_cache,3,197.593158
string128,sip,1024,iter-density-1pct,hashlink,4,4.164261
string128,sip,1024,iter-density-1pct,micro,4,337.478530
string128,sip,1024,iter-density-1pct,baseline,4,348.590381
string128,sip,1024,iter-density-1pct,quick_cache,4,199.475849
string128,sip,1024,iter-density-1pct,lru,4,4.260901
string128,sip,1024,iter-density-6pct,micro,0,320.001387
string128,sip,1024,iter-density-6pct,baseline,0,327.086019
string128,sip,1024,iter-density-6pct,quick_cache,0,182.809454
string128,sip,1024,iter-density-6pct,lru,0,51.779921
string128,sip,1024,iter-density-6pct,hashlink,0,53.989619
string128,sip,1024,iter-density-6pct,baseline,1,309.326172
string128,sip,1024,iter-density-6pct,quick_cache,1,184.261419
string128,sip,1024,iter-density-6pct,lru,1,51.673709
string128,sip,1024,iter-density-6pct,hashlink,1,52.477529
string128,sip,1024,iter-density-6pct,micro,1,314.658557
string128,sip,1024,iter-density-6pct,quick_cache,2,181.357290
string128,sip,1024,iter-density-6pct,lru,2,51.394110
string128,sip,1024,iter-density-6pct,hashlink,2,51.136229
string128,sip,1024,iter-density-6pct,micro,2,307.377049
string128,sip,1024,iter-density-6pct,baseline,2,300.198782
string128,sip,1024,iter-density-6pct,lru,3,51.067062
string128,sip,1024,iter-density-6pct,hashlink,3,50.599265
string128,sip,1024,iter-density-6pct,micro,3,288.589712
string128,sip,1024,iter-density-6pct,baseline,3,298.317659
string128,sip,1024,iter-density-6pct,quick_cache,3,179.503286
string128,sip,1024,iter-density-6pct,hashlink,4,51.427643
string128,sip,1024,iter-density-6pct,micro,4,298.363095
string128,sip,1024,iter-density-6pct,baseline,4,280.778256
string128,sip,1024,iter-density-6pct,quick_cache,4,203.917595
string128,sip,1024,iter-density-6pct,lru,4,49.606614
string128,sip,1024,iter-density-quarter,micro,0,252.874410
string128,sip,1024,iter-density-quarter,baseline,0,254.372036
string128,sip,1024,iter-density-quarter,quick_cache,0,165.341659
string128,sip,1024,iter-density-quarter,lru,0,295.011891
string128,sip,1024,iter-density-quarter,hashlink,0,297.583663
string128,sip,1024,iter-density-quarter,baseline,1,268.169643
string128,sip,1024,iter-density-quarter,quick_cache,1,170.719716
string128,sip,1024,iter-density-quarter,lru,1,308.443873
string128,sip,1024,iter-density-quarter,hashlink,1,286.999904
string128,sip,1024,iter-density-quarter,micro,1,259.337621
string128,sip,1024,iter-density-quarter,quick_cache,2,167.828992
string128,sip,1024,iter-density-quarter,lru,2,296.575118
string128,sip,1024,iter-density-quarter,hashlink,2,297.530162
string128,sip,1024,iter-density-quarter,micro,2,258.992317
string128,sip,1024,iter-density-quarter,baseline,2,257.601477
string128,sip,1024,iter-density-quarter,lru,3,296.990407
string128,sip,1024,iter-density-quarter,hashlink,3,295.314957
string128,sip,1024,iter-density-quarter,micro,3,256.963527
string128,sip,1024,iter-density-quarter,baseline,3,258.447400
string128,sip,1024,iter-density-quarter,quick_cache,3,165.959126
string128,sip,1024,iter-density-quarter,hashlink,4,296.234227
string128,sip,1024,iter-density-quarter,micro,4,257.063356
string128,sip,1024,iter-density-quarter,baseline,4,257.755237
string128,sip,1024,iter-density-quarter,quick_cache,4,167.048932
string128,sip,1024,iter-density-quarter,lru,4,296.542291
string128,sip,1024,iter-density-half,micro,0,261.189241
string128,sip,1024,iter-density-half,baseline,0,259.610929
string128,sip,1024,iter-density-half,quick_cache,0,198.664261
string128,sip,1024,iter-density-half,lru,0,624.258485
string128,sip,1024,iter-density-half,hashlink,0,614.983456
string128,sip,1024,iter-density-half,baseline,1,263.507286
string128,sip,1024,iter-density-half,quick_cache,1,202.204607
string128,sip,1024,iter-density-half,lru,1,679.772418
string128,sip,1024,iter-density-half,hashlink,1,648.778664
string128,sip,1024,iter-density-half,micro,1,257.106164
string128,sip,1024,iter-density-half,quick_cache,2,200.295975
string128,sip,1024,iter-density-half,lru,2,632.777475
string128,sip,1024,iter-density-half,hashlink,2,617.427426
string128,sip,1024,iter-density-half,micro,2,259.539019
string128,sip,1024,iter-density-half,baseline,2,259.254834
string128,sip,1024,iter-density-half,lru,3,619.260485
string128,sip,1024,iter-density-half,hashlink,3,620.271382
string128,sip,1024,iter-density-half,micro,3,258.920885
string128,sip,1024,iter-density-half,baseline,3,259.233253
string128,sip,1024,iter-density-half,quick_cache,3,196.863011
string128,sip,1024,iter-density-half,hashlink,4,624.232616
string128,sip,1024,iter-density-half,micro,4,258.806129
string128,sip,1024,iter-density-half,baseline,4,261.613597
string128,sip,1024,iter-density-half,quick_cache,4,197.733026
string128,sip,1024,iter-density-half,lru,4,619.474712
string128,sip,1024,iter-front,micro,0,255.967643
string128,sip,1024,iter-front,baseline,0,256.949229
string128,sip,1024,iter-front,quick_cache,0,194.058884
string128,sip,1024,iter-front,lru,0,1.207916
string128,sip,1024,iter-front,hashlink,0,1.144395
string128,sip,1024,iter-front,baseline,1,261.377873
string128,sip,1024,iter-front,quick_cache,1,195.266437
string128,sip,1024,iter-front,lru,1,1.231851
string128,sip,1024,iter-front,hashlink,1,1.211929
string128,sip,1024,iter-front,micro,1,265.850035
string128,sip,1024,iter-front,quick_cache,2,199.789428
string128,sip,1024,iter-front,lru,2,1.278450
string128,sip,1024,iter-front,hashlink,2,1.145010
string128,sip,1024,iter-front,micro,2,263.818118
string128,sip,1024,iter-front,baseline,2,258.806129
string128,sip,1024,iter-front,lru,3,1.201677
string128,sip,1024,iter-front,hashlink,3,1.188228
string128,sip,1024,iter-front,micro,3,261.160254
string128,sip,1024,iter-front,baseline,3,260.041551
string128,sip,1024,iter-front,quick_cache,3,193.956612
string128,sip,1024,iter-front,hashlink,4,1.138074
string128,sip,1024,iter-front,micro,4,260.525174
string128,sip,1024,iter-front,baseline,4,257.837483
string128,sip,1024,iter-front,quick_cache,4,194.653332
string128,sip,1024,iter-front,lru,4,1.208461
string128,sip,1024,iter-back,micro,0,263.829178
string128,sip,1024,iter-back,baseline,0,261.515581
string128,sip,1024,iter-back,quick_cache,0,193.588918
string128,sip,1024,iter-back,lru,0,1.208368
string128,sip,1024,iter-back,hashlink,0,1.182145
string128,sip,1024,iter-back,baseline,1,264.187148
string128,sip,1024,iter-back,quick_cache,1,194.550700
string128,sip,1024,iter-back,lru,1,1.223331
string128,sip,1024,iter-back,hashlink,1,1.181534
string128,sip,1024,iter-back,micro,1,274.172332
string128,sip,1024,iter-back,quick_cache,2,200.877677
string128,sip,1024,iter-back,lru,2,1.225378
string128,sip,1024,iter-back,hashlink,2,1.150476
string128,sip,1024,iter-back,micro,2,265.010681
string128,sip,1024,iter-back,baseline,2,265.349135
string128,sip,1024,iter-back,lru,3,1.223731
string128,sip,1024,iter-back,hashlink,3,1.191596
string128,sip,1024,iter-back,micro,3,266.386985
string128,sip,1024,iter-back,baseline,3,263.265231
string128,sip,1024,iter-back,quick_cache,3,194.515625
string128,sip,1024,iter-back,hashlink,4,1.147589
string128,sip,1024,iter-back,micro,4,264.366901
string128,sip,1024,iter-back,baseline,4,260.601128
string128,sip,1024,iter-back,quick_cache,4,193.500322
string128,sip,1024,iter-back,lru,4,1.202740
string128,sip,1024,iter-empty,micro,0,263.748683
string128,sip,1024,iter-empty,baseline,0,259.542559
string128,sip,1024,iter-empty,quick_cache,0,193.618428
string128,sip,1024,iter-empty,lru,0,0.989415
string128,sip,1024,iter-empty,hashlink,0,0.997054
string128,sip,1024,iter-empty,baseline,1,263.393873
string128,sip,1024,iter-empty,quick_cache,1,193.824768
string128,sip,1024,iter-empty,lru,1,0.992557
string128,sip,1024,iter-empty,hashlink,1,1.009704
string128,sip,1024,iter-empty,micro,1,269.632274
string128,sip,1024,iter-empty,quick_cache,2,200.986416
string128,sip,1024,iter-empty,lru,2,1.001592
string128,sip,1024,iter-empty,hashlink,2,1.000480
string128,sip,1024,iter-empty,micro,2,244.975277
string128,sip,1024,iter-empty,baseline,2,251.058406
string128,sip,1024,iter-empty,lru,3,0.986603
string128,sip,1024,iter-empty,hashlink,3,1.006906
string128,sip,1024,iter-empty,micro,3,261.584523
string128,sip,1024,iter-empty,baseline,3,259.521064
string128,sip,1024,iter-empty,quick_cache,3,193.655992
string128,sip,1024,iter-empty,hashlink,4,0.990345
string128,sip,1024,iter-empty,micro,4,263.916871
string128,sip,1024,iter-empty,baseline,4,262.588076
string128,sip,1024,iter-empty,quick_cache,4,193.875904
string128,sip,1024,iter-empty,lru,4,0.984417
string128,sip,1024,iter-count,micro,0,261.870660
string128,sip,1024,iter-count,baseline,0,262.279340
string128,sip,1024,iter-count,quick_cache,0,488.131562
string128,sip,1024,iter-count,lru,0,0.398765
string128,sip,1024,iter-count,hashlink,0,0.404329
string128,sip,1024,iter-count,baseline,1,266.734730
string128,sip,1024,iter-count,quick_cache,1,485.963437
string128,sip,1024,iter-count,lru,1,0.398575
string128,sip,1024,iter-count,hashlink,1,0.394956
string128,sip,1024,iter-count,micro,1,263.375347
string128,sip,1024,iter-count,quick_cache,2,509.080566
string128,sip,1024,iter-count,lru,2,0.404737
string128,sip,1024,iter-count,hashlink,2,0.404818
string128,sip,1024,iter-count,micro,2,262.876128
string128,sip,1024,iter-count,baseline,2,260.038043
string128,sip,1024,iter-count,lru,3,0.395228
string128,sip,1024,iter-count,hashlink,3,0.394226
string128,sip,1024,iter-count,micro,3,267.929599
string128,sip,1024,iter-count,baseline,3,258.353855
string128,sip,1024,iter-count,quick_cache,3,492.133138
string128,sip,1024,iter-count,hashlink,4,0.394882
string128,sip,1024,iter-count,micro,4,260.514323
string128,sip,1024,iter-count,baseline,4,265.093316
string128,sip,1024,iter-count,quick_cache,4,486.595000
string128,sip,1024,iter-count,lru,4,0.393905
string128,sip,16384,get-hit,micro,0,45.117418
string128,sip,16384,get-hit,baseline,0,44.952393
string128,sip,16384,get-hit,quick_cache,0,46.446487
string128,sip,16384,get-hit,lru,0,45.454793
string128,sip,16384,get-hit,hashlink,0,44.684516
string128,sip,16384,get-hit,baseline,1,47.274902
string128,sip,16384,get-hit,quick_cache,1,45.834869
string128,sip,16384,get-hit,lru,1,45.149618
string128,sip,16384,get-hit,hashlink,1,44.180420
string128,sip,16384,get-hit,micro,1,45.584785
string128,sip,16384,get-hit,quick_cache,2,44.609918
string128,sip,16384,get-hit,lru,2,38.943982
string128,sip,16384,get-hit,hashlink,2,38.334155
string128,sip,16384,get-hit,micro,2,39.087427
string128,sip,16384,get-hit,baseline,2,42.444865
string128,sip,16384,get-hit,lru,3,41.274468
string128,sip,16384,get-hit,hashlink,3,40.350854
string128,sip,16384,get-hit,micro,3,40.909939
string128,sip,16384,get-hit,baseline,3,40.813870
string128,sip,16384,get-hit,quick_cache,3,42.542630
string128,sip,16384,get-hit,hashlink,4,41.350179
string128,sip,16384,get-hit,micro,4,43.640706
string128,sip,16384,get-hit,baseline,4,41.577935
string128,sip,16384,get-hit,quick_cache,4,41.939060
string128,sip,16384,get-hit,lru,4,41.334934
string128,sip,16384,get-miss,micro,0,27.031669
string128,sip,16384,get-miss,baseline,0,26.942662
string128,sip,16384,get-miss,quick_cache,0,27.429853
string128,sip,16384,get-miss,lru,0,28.111782
string128,sip,16384,get-miss,hashlink,0,27.296526
string128,sip,16384,get-miss,baseline,1,27.042568
string128,sip,16384,get-miss,quick_cache,1,27.312875
string128,sip,16384,get-miss,lru,1,27.984985
string128,sip,16384,get-miss,hashlink,1,27.412057
string128,sip,16384,get-miss,micro,1,27.054923
string128,sip,16384,get-miss,quick_cache,2,27.617318
string128,sip,16384,get-miss,lru,2,28.799598
string128,sip,16384,get-miss,hashlink,2,28.495202
string128,sip,16384,get-miss,micro,2,27.546108
string128,sip,16384,get-miss,baseline,2,27.036394
string128,sip,16384,get-miss,lru,3,27.943202
string128,sip,16384,get-miss,hashlink,3,27.397156
string128,sip,16384,get-miss,micro,3,26.895438
string128,sip,16384,get-miss,baseline,3,26.912144
string128,sip,16384,get-miss,quick_cache,3,27.227853
string128,sip,16384,get-miss,hashlink,4,27.519950
string128,sip,16384,get-miss,micro,4,26.951015
string128,sip,16384,get-miss,baseline,4,26.858381
string128,sip,16384,get-miss,quick_cache,4,27.339024
string128,sip,16384,get-miss,lru,4,28.075082
string128,sip,16384,update,micro,0,52.223831
string128,sip,16384,update,baseline,0,52.303955
string128,sip,16384,update,quick_cache,0,201.515198
string128,sip,16384,update,lru,0,55.098772
string128,sip,16384,update,hashlink,0,52.148193
string128,sip,16384,update,baseline,1,51.894501
string128,sip,16384,update,quick_cache,1,201.095581
string128,sip,16384,update,lru,1,53.750907
string128,sip,16384,update,hashlink,1,54.532017
string128,sip,16384,update,micro,1,56.048444
string128,sip,16384,update,quick_cache,2,208.117188
string128,sip,16384,update,lru,2,55.143799
string128,sip,16384,update,hashlink,2,50.563171
string128,sip,16384,update,micro,2,51.247284
string128,sip,16384,update,baseline,2,53.763968
string128,sip,16384,update,lru,3,54.930908
string128,sip,16384,update,hashlink,3,57.633161
string128,sip,16384,update,micro,3,60.238055
string128,sip,16384,update,baseline,3,57.471854
string128,sip,16384,update,quick_cache,3,214.101196
string128,sip,16384,update,hashlink,4,56.292568
string128,sip,16384,update,micro,4,55.456247
string128,sip,16384,update,baseline,4,55.858800
string128,sip,16384,update,quick_cache,4,207.850098
string128,sip,16384,update,lru,4,56.007028
string128,sip,16384,insert-cycle,micro,0,80.700546
string128,sip,16384,insert-cycle,baseline,0,82.138062
string128,sip,16384,insert-cycle,quick_cache,0,93.447357
string128,sip,16384,insert-cycle,lru,0,137.788116
string128,sip,16384,insert-cycle,hashlink,0,139.760315
string128,sip,16384,insert-cycle,baseline,1,80.960587
string128,sip,16384,insert-cycle,quick_cache,1,78.639984
string128,sip,16384,insert-cycle,lru,1,133.739471
string128,sip,16384,insert-cycle,hashlink,1,131.966919
string128,sip,16384,insert-cycle,micro,1,78.994751
string128,sip,16384,insert-cycle,quick_cache,2,93.451202
string128,sip,16384,insert-cycle,lru,2,137.546539
string128,sip,16384,insert-cycle,hashlink,2,131.958008
string128,sip,16384,insert-cycle,micro,2,82.879395
string128,sip,16384,insert-cycle,baseline,2,82.379028
string128,sip,16384,insert-cycle,lru,3,134.515106
string128,sip,16384,insert-cycle,hashlink,3,131.791443
string128,sip,16384,insert-cycle,micro,3,81.800461
string128,sip,16384,insert-cycle,baseline,3,79.768509
string128,sip,16384,insert-cycle,quick_cache,3,96.127808
string128,sip,16384,insert-cycle,hashlink,4,133.609772
string128,sip,16384,insert-cycle,micro,4,79.235703
string128,sip,16384,insert-cycle,baseline,4,81.487030
string128,sip,16384,insert-cycle,quick_cache,4,109.185547
string128,sip,16384,insert-cycle,lru,4,137.865692
string128,sip,16384,mixed-95,micro,0,49.220423
string128,sip,16384,mixed-95,baseline,0,49.367447
string128,sip,16384,mixed-95,quick_cache,0,51.611662
string128,sip,16384,mixed-95,lru,0,53.162932
string128,sip,16384,mixed-95,hashlink,0,45.724253
string128,sip,16384,mixed-95,baseline,1,46.906352
string128,sip,16384,mixed-95,quick_cache,1,48.473021
string128,sip,16384,mixed-95,lru,1,45.982778
string128,sip,16384,mixed-95,hashlink,1,46.519279
string128,sip,16384,mixed-95,micro,1,45.588851
string128,sip,16384,mixed-95,quick_cache,2,48.220396
string128,sip,16384,mixed-95,lru,2,48.072040
string128,sip,16384,mixed-95,hashlink,2,49.050391
string128,sip,16384,mixed-95,micro,2,49.027145
string128,sip,16384,mixed-95,baseline,2,49.415986
string128,sip,16384,mixed-95,lru,3,49.148917
string128,sip,16384,mixed-95,hashlink,3,48.587143
string128,sip,16384,mixed-95,micro,3,49.262743
string128,sip,16384,mixed-95,baseline,3,48.239986
string128,sip,16384,mixed-95,quick_cache,3,50.025403
string128,sip,16384,mixed-95,hashlink,4,45.276165
string128,sip,16384,mixed-95,micro,4,45.625091
string128,sip,16384,mixed-95,baseline,4,48.401833
string128,sip,16384,mixed-95,quick_cache,4,48.138022
string128,sip,16384,mixed-95,lru,4,46.337923
string128,sip,16384,load-hit,micro,0,44.791328
string128,sip,16384,load-hit,baseline,0,52.816476
string128,sip,16384,load-hit,quick_cache,0,47.687531
string128,sip,16384,load-hit,lru,0,45.218018
string128,sip,16384,load-hit,hashlink,0,41.234904
string128,sip,16384,load-hit,baseline,1,52.352905
string128,sip,16384,load-hit,quick_cache,1,47.496796
string128,sip,16384,load-hit,lru,1,44.805447
string128,sip,16384,load-hit,hashlink,1,41.115655
string128,sip,16384,load-hit,micro,1,44.942220
string128,sip,16384,load-hit,quick_cache,2,47.704697
string128,sip,16384,load-hit,lru,2,44.908881
string128,sip,16384,load-hit,hashlink,2,40.812174
string128,sip,16384,load-hit,micro,2,44.718994
string128,sip,16384,load-hit,baseline,2,57.070783
string128,sip,16384,load-hit,lru,3,47.099442
string128,sip,16384,load-hit,hashlink,3,41.150703
string128,sip,16384,load-hit,micro,3,44.547743
string128,sip,16384,load-hit,baseline,3,52.599958
string128,sip,16384,load-hit,quick_cache,3,47.768280
string128,sip,16384,load-hit,hashlink,4,41.081746
string128,sip,16384,load-hit,micro,4,44.734809
string128,sip,16384,load-hit,baseline,4,52.904402
string128,sip,16384,load-hit,quick_cache,4,47.991440
string128,sip,16384,load-hit,lru,4,46.604156
string128,sip,16384,load-cycle,micro,0,87.169006
string128,sip,16384,load-cycle,baseline,0,79.355240
string128,sip,16384,load-cycle,quick_cache,0,73.624924
string128,sip,16384,load-cycle,lru,0,147.399902
string128,sip,16384,load-cycle,hashlink,0,160.715729
string128,sip,16384,load-cycle,baseline,1,84.614441
string128,sip,16384,load-cycle,quick_cache,1,69.019318
string128,sip,16384,load-cycle,lru,1,139.146179
string128,sip,16384,load-cycle,hashlink,1,156.508118
string128,sip,16384,load-cycle,micro,1,83.892822
string128,sip,16384,load-cycle,quick_cache,2,68.960190
string128,sip,16384,load-cycle,lru,2,139.975250
string128,sip,16384,load-cycle,hashlink,2,164.011627
string128,sip,16384,load-cycle,micro,2,83.724976
string128,sip,16384,load-cycle,baseline,2,80.988556
string128,sip,16384,load-cycle,lru,3,139.123260
string128,sip,16384,load-cycle,hashlink,3,155.640930
string128,sip,16384,load-cycle,micro,3,82.639053
string128,sip,16384,load-cycle,baseline,3,80.130905
string128,sip,16384,load-cycle,quick_cache,3,73.338821
string128,sip,16384,load-cycle,hashlink,4,156.982422
string128,sip,16384,load-cycle,micro,4,84.349945
string128,sip,16384,load-cycle,baseline,4,84.353760
string128,sip,16384,load-cycle,quick_cache,4,69.687531
string128,sip,16384,load-cycle,lru,4,137.710571
string128,sip,16384,clear-refill,micro,0,811125.000000
string128,sip,16384,clear-refill,baseline,0,813093.750000
string128,sip,16384,clear-refill,quick_cache,0,850833.500000
string128,sip,16384,clear-refill,lru,0,2264458.500000
string128,sip,16384,clear-refill,hashlink,0,1392944.333333
string128,sip,16384,clear-refill,baseline,1,817062.500000
string128,sip,16384,clear-refill,quick_cache,1,851489.750000
string128,sip,16384,clear-refill,lru,1,2268937.500000
string128,sip,16384,clear-refill,hashlink,1,1426500.000000
string128,sip,16384,clear-refill,micro,1,840302.000000
string128,sip,16384,clear-refill,quick_cache,2,863156.250000
string128,sip,16384,clear-refill,lru,2,2262604.000000
string128,sip,16384,clear-refill,hashlink,2,1397902.666667
string128,sip,16384,clear-refill,micro,2,832770.750000
string128,sip,16384,clear-refill,baseline,2,811864.500000
string128,sip,16384,clear-refill,lru,3,2273770.500000
string128,sip,16384,clear-refill,hashlink,3,1386166.666667
string128,sip,16384,clear-refill,micro,3,839437.500000
string128,sip,16384,clear-refill,baseline,3,823427.250000
string128,sip,16384,clear-refill,quick_cache,3,849395.750000
string128,sip,16384,clear-refill,hashlink,4,1467180.333333
string128,sip,16384,clear-refill,micro,4,857583.500000
string128,sip,16384,clear-refill,baseline,4,844625.000000
string128,sip,16384,clear-refill,quick_cache,4,864166.750000
string128,sip,16384,clear-refill,lru,4,2340792.000000
string128,sip,16384,clear-empty,micro,0,325.028188
string128,sip,16384,clear-empty,baseline,0,322.476774
string128,sip,16384,clear-empty,quick_cache,0,3.939896
string128,sip,16384,clear-empty,lru,0,2.211810
string128,sip,16384,clear-empty,hashlink,0,0.638772
string128,sip,16384,clear-empty,baseline,1,321.953231
string128,sip,16384,clear-empty,quick_cache,1,3.963714
string128,sip,16384,clear-empty,lru,1,2.229419
string128,sip,16384,clear-empty,hashlink,1,0.638546
string128,sip,16384,clear-empty,micro,1,322.811022
string128,sip,16384,clear-empty,quick_cache,2,4.046867
string128,sip,16384,clear-empty,lru,2,2.264276
string128,sip,16384,clear-empty,hashlink,2,0.616566
string128,sip,16384,clear-empty,micro,2,385.988911
string128,sip,16384,clear-empty,baseline,2,430.303711
string128,sip,16384,clear-empty,lru,3,2.211502
string128,sip,16384,clear-empty,hashlink,3,0.608697
string128,sip,16384,clear-empty,micro,3,310.649671
string128,sip,16384,clear-empty,baseline,3,311.116571
string128,sip,16384,clear-empty,quick_cache,3,3.971773
string128,sip,16384,clear-empty,hashlink,4,0.641930
string128,sip,16384,clear-empty,micro,4,323.550148
string128,sip,16384,clear-empty,baseline,4,324.544236
string128,sip,16384,clear-empty,quick_cache,4,3.961714
string128,sip,16384,clear-empty,lru,4,2.215154
string128,sip,16384,iter-dense,micro,0,6073.974609
string128,sip,16384,iter-dense,baseline,0,6592.793750
string128,sip,16384,iter-dense,quick_cache,0,7105.839286
string128,sip,16384,iter-dense,lru,0,32809.031250
string128,sip,16384,iter-dense,hashlink,0,23714.195312
string128,sip,16384,iter-dense,baseline,1,5950.765625
string128,sip,16384,iter-dense,quick_cache,1,7429.487981
string128,sip,16384,iter-dense,lru,1,22725.518750
string128,sip,16384,iter-dense,hashlink,1,25263.023438
string128,sip,16384,iter-dense,micro,1,6139.486328
string128,sip,16384,iter-dense,quick_cache,2,6844.122768
string128,sip,16384,iter-dense,lru,2,24268.882812
string128,sip,16384,iter-dense,hashlink,2,24609.054688
string128,sip,16384,iter-dense,micro,2,6026.531250
string128,sip,16384,iter-dense,baseline,2,5973.468750
string128,sip,16384,iter-dense,lru,3,24933.593750
string128,sip,16384,iter-dense,hashlink,3,23307.550000
string128,sip,16384,iter-dense,micro,3,6169.433594
string128,sip,16384,iter-dense,baseline,3,6236.978516
string128,sip,16384,iter-dense,quick_cache,3,6986.886161
string128,sip,16384,iter-dense,hashlink,4,26547.851562
string128,sip,16384,iter-dense,micro,4,6114.746094
string128,sip,16384,iter-dense,baseline,4,6079.833984
string128,sip,16384,iter-dense,quick_cache,4,6949.870536
string128,sip,16384,iter-dense,lru,4,24810.867188
string128,sip,16384,iter-dense-for,micro,0,6082.601562
string128,sip,16384,iter-dense-for,baseline,0,6057.535156
string128,sip,16384,iter-dense-for,quick_cache,0,8126.192708
string128,sip,16384,iter-dense-for,lru,0,24208.335938
string128,sip,16384,iter-dense-for,hashlink,0,19420.050000
string128,sip,16384,iter-dense-for,baseline,1,6091.064453
string128,sip,16384,iter-dense-for,quick_cache,1,8173.721354
string128,sip,16384,iter-dense-for,lru,1,24443.039062
string128,sip,16384,iter-dense-for,hashlink,1,21430.725000
string128,sip,16384,iter-dense-for,micro,1,6210.611328
string128,sip,16384,iter-dense-for,quick_cache,2,8160.265625
string128,sip,16384,iter-dense-for,lru,2,23917.648438
string128,sip,16384,iter-dense-for,hashlink,2,20382.031250
string128,sip,16384,iter-dense-for,micro,2,6056.234375
string128,sip,16384,iter-dense-for,baseline,2,6057.292969
string128,sip,16384,iter-dense-for,lru,3,24181.640625
string128,sip,16384,iter-dense-for,hashlink,3,19358.075000
string128,sip,16384,iter-dense-for,micro,3,6075.195312
string128,sip,16384,iter-dense-for,baseline,3,6060.302734
string128,sip,16384,iter-dense-for,quick_cache,3,8115.994792
string128,sip,16384,iter-dense-for,hashlink,4,26661.460938
string128,sip,16384,iter-dense-for,micro,4,6060.791016
string128,sip,16384,iter-dense-for,baseline,4,6090.250000
string128,sip,16384,iter-dense-for,quick_cache,4,8181.533854
string128,sip,16384,iter-dense-for,lru,4,23177.343750
string128,sip,16384,iter-density-1pct,micro,0,6725.261161
string128,sip,16384,iter-density-1pct,baseline,0,6583.508333
string128,sip,16384,iter-density-1pct,quick_cache,0,6670.660417
string128,sip,16384,iter-density-1pct,lru,0,173.100208
string128,sip,16384,iter-density-1pct,hashlink,0,171.601234
string128,sip,16384,iter-density-1pct,baseline,1,6263.193750
string128,sip,16384,iter-density-1pct,quick_cache,1,6717.167411
string128,sip,16384,iter-density-1pct,lru,1,175.720272
string128,sip,16384,iter-density-1pct,hashlink,1,173.487581
string128,sip,16384,iter-density-1pct,micro,1,6393.922917
string128,sip,16384,iter-density-1pct,quick_cache,2,6676.389583
string128,sip,16384,iter-density-1pct,lru,2,176.079268
string128,sip,16384,iter-density-1pct,hashlink,2,175.671524
string128,sip,16384,iter-density-1pct,micro,2,6384.375000
string128,sip,16384,iter-density-1pct,baseline,2,6583.941667
string128,sip,16384,iter-density-1pct,lru,3,187.312874
string128,sip,16384,iter-density-1pct,hashlink,3,176.319725
string128,sip,16384,iter-density-1pct,micro,3,6352.952083
string128,sip,16384,iter-density-1pct,baseline,3,6393.575000
string128,sip,16384,iter-density-1pct,quick_cache,3,6721.261161
string128,sip,16384,iter-density-1pct,hashlink,4,178.091437
string128,sip,16384,iter-density-1pct,micro,4,6377.689583
string128,sip,16384,iter-density-1pct,baseline,4,6390.104167
string128,sip,16384,iter-density-1pct,quick_cache,4,6715.774554
string128,sip,16384,iter-density-1pct,lru,4,177.393490
string128,sip,16384,iter-density-6pct,micro,0,5646.215074
string128,sip,16384,iter-density-6pct,baseline,0,5603.246324
string128,sip,16384,iter-density-6pct,quick_cache,0,6442.881250
string128,sip,16384,iter-density-6pct,lru,0,1272.012247
string128,sip,16384,iter-density-6pct,hashlink,0,1327.739877
string128,sip,16384,iter-density-6pct,baseline,1,5608.148897
string128,sip,16384,iter-density-6pct,quick_cache,1,6616.754167
string128,sip,16384,iter-density-6pct,lru,1,1264.409583
string128,sip,16384,iter-density-6pct,hashlink,1,1263.350833
string128,sip,16384,iter-density-6pct,micro,1,5625.841912
string128,sip,16384,iter-density-6pct,quick_cache,2,6418.575000
string128,sip,16384,iter-density-6pct,lru,2,1268.668919
string128,sip,16384,iter-density-6pct,hashlink,2,1254.652500
string128,sip,16384,iter-density-6pct,micro,2,5581.496324
string128,sip,16384,iter-density-6pct,baseline,2,5607.384191
string128,sip,16384,iter-density-6pct,lru,3,1262.951250
string128,sip,16384,iter-density-6pct,hashlink,3,1251.649167
string128,sip,16384,iter-density-6pct,micro,3,5731.080882
string128,sip,16384,iter-density-6pct,baseline,3,5644.071691
string128,sip,16384,iter-density-6pct,quick_cache,3,6682.379167
string128,sip,16384,iter-density-6pct,hashlink,4,1306.749132
string128,sip,16384,iter-density-6pct,micro,4,5655.483456
string128,sip,16384,iter-density-6pct,baseline,4,5770.068015
string128,sip,16384,iter-density-6pct,quick_cache,4,6539.583333
string128,sip,16384,iter-density-6pct,lru,4,1273.226351
string128,sip,16384,iter-density-quarter,micro,0,5939.777344
string128,sip,16384,iter-density-quarter,baseline,0,5899.982422
string128,sip,16384,iter-density-quarter,quick_cache,0,6817.430804
string128,sip,16384,iter-density-quarter,lru,0,10531.975694
string128,sip,16384,iter-density-quarter,hashlink,0,8313.692708
string128,sip,16384,iter-density-quarter,baseline,1,5843.979779
string128,sip,16384,iter-density-quarter,quick_cache,1,6867.187500
string128,sip,16384,iter-density-quarter,lru,1,10479.309028
string128,sip,16384,iter-density-quarter,hashlink,1,8314.127604
string128,sip,16384,iter-density-quarter,micro,1,5825.750000
string128,sip,16384,iter-density-quarter,quick_cache,2,7095.051339
string128,sip,16384,iter-density-quarter,lru,2,9401.040625
string128,sip,16384,iter-density-quarter,hashlink,2,9465.103125
string128,sip,16384,iter-density-quarter,micro,2,5882.000000
string128,sip,16384,iter-density-quarter,baseline,2,5899.740234
string128,sip,16384,iter-density-quarter,lru,3,10511.864583
string128,sip,16384,iter-density-quarter,hashlink,3,9267.636364
string128,sip,16384,iter-density-quarter,micro,3,5875.324219
string128,sip,16384,iter-density-quarter,baseline,3,5905.029297
string128,sip,16384,iter-density-quarter,quick_cache,3,6809.709821
string128,sip,16384,iter-density-quarter,hashlink,4,8563.801136
string128,sip,16384,iter-density-quarter,micro,4,5859.068015
string128,sip,16384,iter-density-quarter,baseline,4,5910.400391
string128,sip,16384,iter-density-quarter,quick_cache,4,6847.935268
string128,sip,16384,iter-density-quarter,lru,4,9355.588068
string128,sip,16384,iter-density-half,micro,0,6134.765625
string128,sip,16384,iter-density-half,baseline,0,6127.523438
string128,sip,16384,iter-density-half,quick_cache,0,6959.915179
string128,sip,16384,iter-density-half,lru,0,16934.026042
string128,sip,16384,iter-density-half,hashlink,0,15226.375000
string128,sip,16384,iter-density-half,baseline,1,5990.886719
string128,sip,16384,iter-density-half,quick_cache,1,6867.745536
string128,sip,16384,iter-density-half,lru,1,16767.578125
string128,sip,16384,iter-density-half,hashlink,1,15143.040179
string128,sip,16384,iter-density-half,micro,1,5948.486328
string128,sip,16384,iter-density-half,quick_cache,2,6909.968750
string128,sip,16384,iter-density-half,lru,2,16688.583333
string128,sip,16384,iter-density-half,hashlink,2,15139.321429
string128,sip,16384,iter-density-half,micro,2,5958.496094
string128,sip,16384,iter-density-half,baseline,2,6039.876953
string128,sip,16384,iter-density-half,lru,3,18796.093750
string128,sip,16384,iter-density-half,hashlink,3,14960.008929
string128,sip,16384,iter-density-half,micro,3,5977.621094
string128,sip,16384,iter-density-half,baseline,3,6041.015625
string128,sip,16384,iter-density-half,quick_cache,3,6942.243304
string128,sip,16384,iter-density-half,hashlink,4,16316.625000
string128,sip,16384,iter-density-half,micro,4,5971.191406
string128,sip,16384,iter-density-half,baseline,4,5996.255859
string128,sip,16384,iter-density-half,quick_cache,4,6935.825893
string128,sip,16384,iter-density-half,lru,4,14291.294643
string128,sip,16384,iter-front,micro,0,5615.196691
string128,sip,16384,iter-front,baseline,0,5589.001838
string128,sip,16384,iter-front,quick_cache,0,6876.767857
string128,sip,16384,iter-front,lru,0,1.208929
string128,sip,16384,iter-front,hashlink,0,1.188529
string128,sip,16384,iter-front,baseline,1,5680.452206
string128,sip,16384,iter-front,quick_cache,1,6869.511161
string128,sip,16384,iter-front,lru,1,1.216095
string128,sip,16384,iter-front,hashlink,1,1.141747
string128,sip,16384,iter-front,micro,1,5534.389706
string128,sip,16384,iter-front,quick_cache,2,6820.964286
string128,sip,16384,iter-front,lru,2,1.208975
string128,sip,16384,iter-front,hashlink,2,1.151536
string128,sip,16384,iter-front,micro,2,5524.593750
string128,sip,16384,iter-front,baseline,2,5772.443015
string128,sip,16384,iter-front,lru,3,1.215543
string128,sip,16384,iter-front,hashlink,3,1.152173
string128,sip,16384,iter-front,micro,3,5702.972426
string128,sip,16384,iter-front,baseline,3,5584.558824
string128,sip,16384,iter-front,quick_cache,3,6642.881250
string128,sip,16384,iter-front,hashlink,4,1.165291
string128,sip,16384,iter-front,micro,4,5428.963542
string128,sip,16384,iter-front,baseline,4,5340.857639
string128,sip,16384,iter-front,quick_cache,4,6818.080357
string128,sip,16384,iter-front,lru,4,1.220099
string128,sip,16384,iter-back,micro,0,5472.222222
string128,sip,16384,iter-back,baseline,0,5485.460069
string128,sip,16384,iter-back,quick_cache,0,6833.611607
string128,sip,16384,iter-back,lru,0,1.182980
string128,sip,16384,iter-back,hashlink,0,1.161465
string128,sip,16384,iter-back,baseline,1,5464.192708
string128,sip,16384,iter-back,quick_cache,1,6828.868304
string128,sip,16384,iter-back,lru,1,1.197808
string128,sip,16384,iter-back,hashlink,1,1.176832
string128,sip,16384,iter-back,micro,1,5731.082721
string128,sip,16384,iter-back,quick_cache,2,7064.267857
string128,sip,16384,iter-back,lru,2,1.212901
string128,sip,16384,iter-back,hashlink,2,1.140497
string128,sip,16384,iter-back,micro,2,5743.871324
string128,sip,16384,iter-back,baseline,2,5485.531250
string128,sip,16384,iter-back,lru,3,1.184699
string128,sip,16384,iter-back,hashlink,3,1.152881
string128,sip,16384,iter-back,micro,3,5694.852941
string128,sip,16384,iter-back,baseline,3,5477.142361
string128,sip,16384,iter-back,quick_cache,3,6834.821429
string128,sip,16384,iter-back,hashlink,4,1.175652
string128,sip,16384,iter-back,micro,4,5525.275735
string128,sip,16384,iter-back,baseline,4,5444.517361
string128,sip,16384,iter-back,quick_cache,4,6856.491071
string128,sip,16384,iter-back,lru,4,1.162070
string128,sip,16384,iter-empty,micro,0,5696.077206
string128,sip,16384,iter-empty,baseline,0,5715.378676
string128,sip,16384,iter-empty,quick_cache,0,6791.758929
string128,sip,16384,iter-empty,lru,0,0.992158
string128,sip,16384,iter-empty,hashlink,0,1.000694
string128,sip,16384,iter-empty,baseline,1,5484.303819
string128,sip,16384,iter-empty,quick_cache,1,6804.593750
string128,sip,16384,iter-empty,lru,1,0.993241
string128,sip,16384,iter-empty,hashlink,1,1.051162
string128,sip,16384,iter-empty,micro,1,5523.132353
string128,sip,16384,iter-empty,quick_cache,2,6818.359375
string128,sip,16384,iter-empty,lru,2,0.938185
string128,sip,16384,iter-empty,hashlink,2,0.985742
string128,sip,16384,iter-empty,micro,2,5284.939236
string128,sip,16384,iter-empty,baseline,2,5374.060764
string128,sip,16384,iter-empty,lru,3,0.995889
string128,sip,16384,iter-empty,hashlink,3,1.020797
string128,sip,16384,iter-empty,micro,3,5464.046875
string128,sip,16384,iter-empty,baseline,3,5627.220588
string128,sip,16384,iter-empty,quick_cache,3,6941.685268
string128,sip,16384,iter-empty,hashlink,4,1.215071
string128,sip,16384,iter-empty,micro,4,5433.664931
string128,sip,16384,iter-empty,baseline,4,6067.708984
string128,sip,16384,iter-empty,quick_cache,4,8094.726562
string128,sip,16384,iter-empty,lru,4,1.141330
string128,sip,16384,iter-count,micro,0,6826.333984
string128,sip,16384,iter-count,baseline,0,5628.635417
string128,sip,16384,iter-count,quick_cache,0,8557.537109
string128,sip,16384,iter-count,lru,0,0.411233
string128,sip,16384,iter-count,hashlink,0,0.464624
string128,sip,16384,iter-count,baseline,1,5903.240234
string128,sip,16384,iter-count,quick_cache,1,8262.126953
string128,sip,16384,iter-count,lru,1,0.399200
string128,sip,16384,iter-count,hashlink,1,0.403928
string128,sip,16384,iter-count,micro,1,5555.283854
string128,sip,16384,iter-count,quick_cache,2,8213.460938
string128,sip,16384,iter-count,lru,2,0.402062
string128,sip,16384,iter-count,hashlink,2,0.407204
string128,sip,16384,iter-count,micro,2,5571.398438
string128,sip,16384,iter-count,baseline,2,5605.957031
string128,sip,16384,iter-count,lru,3,0.412414
string128,sip,16384,iter-count,hashlink,3,0.420687
string128,sip,16384,iter-count,micro,3,5599.609375
string128,sip,16384,iter-count,baseline,3,5701.171875
string128,sip,16384,iter-count,quick_cache,3,8548.259766
string128,sip,16384,iter-count,hashlink,4,0.406779
string128,sip,16384,iter-count,micro,4,5659.016927
string128,sip,16384,iter-count,baseline,4,5543.565104
string128,sip,16384,iter-count,quick_cache,4,8292.074219
string128,sip,16384,iter-count,lru,4,0.408168
string128,ahash,128,get-hit,micro,0,11.506397
string128,ahash,128,get-hit,baseline,0,11.429909
string128,ahash,128,get-hit,quick_cache,0,11.646748
string128,ahash,128,get-hit,lru,0,12.240601
string128,ahash,128,get-hit,hashlink,0,11.516888
string128,ahash,128,get-hit,baseline,1,11.596840
string128,ahash,128,get-hit,quick_cache,1,11.827530
string128,ahash,128,get-hit,lru,1,12.133364
string128,ahash,128,get-hit,hashlink,1,11.617344
string128,ahash,128,get-hit,micro,1,11.459988
string128,ahash,128,get-hit,quick_cache,2,11.545181
string128,ahash,128,get-hit,lru,2,12.094148
string128,ahash,128,get-hit,hashlink,2,11.591911
string128,ahash,128,get-hit,micro,2,11.490185
string128,ahash,128,get-hit,baseline,2,11.525631
string128,ahash,128,get-hit,lru,3,12.126307
string128,ahash,128,get-hit,hashlink,3,11.415886
string128,ahash,128,get-hit,micro,3,11.448860
string128,ahash,128,get-hit,baseline,3,11.414344
string128,ahash,128,get-hit,quick_cache,3,11.674404
string128,ahash,128,get-hit,hashlink,4,11.519276
string128,ahash,128,get-hit,micro,4,11.431607
string128,ahash,128,get-hit,baseline,4,11.481922
string128,ahash,128,get-hit,quick_cache,4,11.492573
string128,ahash,128,get-hit,lru,4,12.220979
string128,ahash,128,get-miss,micro,0,7.042172
string128,ahash,128,get-miss,baseline,0,7.187488
string128,ahash,128,get-miss,quick_cache,0,7.060124
string128,ahash,128,get-miss,lru,0,7.305769
string128,ahash,128,get-miss,hashlink,0,6.972691
string128,ahash,128,get-miss,baseline,1,7.343955
string128,ahash,128,get-miss,quick_cache,1,7.191078
string128,ahash,128,get-miss,lru,1,7.810443
string128,ahash,128,get-miss,hashlink,1,6.993996
string128,ahash,128,get-miss,micro,1,7.135146
string128,ahash,128,get-miss,quick_cache,2,7.271063
string128,ahash,128,get-miss,lru,2,7.469685
string128,ahash,128,get-miss,hashlink,2,7.104823
string128,ahash,128,get-miss,micro,2,7.115192
string128,ahash,128,get-miss,baseline,2,7.294101
string128,ahash,128,get-miss,lru,3,7.369587
string128,ahash,128,get-miss,hashlink,3,7.299187
string128,ahash,128,get-miss,micro,3,7.188883
string128,ahash,128,get-miss,baseline,3,7.190779
string128,ahash,128,get-miss,quick_cache,3,7.101793
string128,ahash,128,get-miss,hashlink,4,6.972403
string128,ahash,128,get-miss,micro,4,7.099837
string128,ahash,128,get-miss,baseline,4,7.131723
string128,ahash,128,get-miss,quick_cache,4,7.064819
string128,ahash,128,get-miss,lru,4,7.314046
string128,ahash,128,update,micro,0,22.793041
string128,ahash,128,update,baseline,0,23.112617
string128,ahash,128,update,quick_cache,0,41.800605
string128,ahash,128,update,lru,0,23.638092
string128,ahash,128,update,hashlink,0,23.605034
string128,ahash,128,update,baseline,1,22.968613
string128,ahash,128,update,quick_cache,1,43.542928
string128,ahash,128,update,lru,1,25.579492
string128,ahash,128,update,hashlink,1,23.735359
string128,ahash,128,update,micro,1,23.368523
string128,ahash,128,update,quick_cache,2,50.146037
string128,ahash,128,update,lru,2,30.554871
string128,ahash,128,update,hashlink,2,23.425415
string128,ahash,128,update,micro,2,22.936508
string128,ahash,128,update,baseline,2,23.042366
string128,ahash,128,update,lru,3,27.521094
string128,ahash,128,update,hashlink,3,23.947716
string128,ahash,128,update,micro,3,22.761625
string128,ahash,128,update,baseline,3,22.567749
string128,ahash,128,update,quick_cache,3,40.331519
string128,ahash,128,update,hashlink,4,23.399986
string128,ahash,128,update,micro,4,22.479485
string128,ahash,128,update,baseline,4,22.529153
string128,ahash,128,update,quick_cache,4,40.207935
string128,ahash,128,update,lru,4,23.251213
string128,ahash,128,insert-cycle,micro,0,54.578488
string128,ahash,128,insert-cycle,baseline,0,54.937719
string128,ahash,128,insert-cycle,quick_cache,0,39.074427
string128,ahash,128,insert-cycle,lru,0,70.192623
string128,ahash,128,insert-cycle,hashlink,0,64.976476
string128,ahash,128,insert-cycle,baseline,1,53.272958
string128,ahash,128,insert-cycle,quick_cache,1,39.808991
string128,ahash,128,insert-cycle,lru,1,69.292854
string128,ahash,128,insert-cycle,hashlink,1,59.446200
string128,ahash,128,insert-cycle,micro,1,51.303647
string128,ahash,128,insert-cycle,quick_cache,2,38.346035
string128,ahash,128,insert-cycle,lru,2,70.353434
string128,ahash,128,insert-cycle,hashlink,2,59.253827
string128,ahash,128,insert-cycle,micro,2,51.452988
string128,ahash,128,insert-cycle,baseline,2,52.275747
string128,ahash,128,insert-cycle,lru,3,70.190658
string128,ahash,128,insert-cycle,hashlink,3,58.789883
string128,ahash,128,insert-cycle,micro,3,50.797450
string128,ahash,128,insert-cycle,baseline,3,50.151075
string128,ahash,128,insert-cycle,quick_cache,3,37.160886
string128,ahash,128,insert-cycle,hashlink,4,57.953125
string128,ahash,128,insert-cycle,micro,4,49.234686
string128,ahash,128,insert-cycle,baseline,4,48.664695
string128,ahash,128,insert-cycle,quick_cache,4,37.813974
string128,ahash,128,insert-cycle,lru,4,65.585174
string128,ahash,128,mixed-95,micro,0,16.073625
string128,ahash,128,mixed-95,baseline,0,16.071141
string128,ahash,128,mixed-95,quick_cache,0,18.971026
string128,ahash,128,mixed-95,lru,0,17.230530
string128,ahash,128,mixed-95,hashlink,0,17.300923
string128,ahash,128,mixed-95,baseline,1,16.522864
string128,ahash,128,mixed-95,quick_cache,1,19.158761
string128,ahash,128,mixed-95,lru,1,24.188062
string128,ahash,128,mixed-95,hashlink,1,17.130951
string128,ahash,128,mixed-95,micro,1,15.983383
string128,ahash,128,mixed-95,quick_cache,2,19.667149
string128,ahash,128,mixed-95,lru,2,17.816643
string128,ahash,128,mixed-95,hashlink,2,17.347296
string128,ahash,128,mixed-95,micro,2,15.881459
string128,ahash,128,mixed-95,baseline,2,16.353250
string128,ahash,128,mixed-95,lru,3,17.198960
string128,ahash,128,mixed-95,hashlink,3,17.233014
string128,ahash,128,mixed-95,micro,3,15.971839
string128,ahash,128,mixed-95,baseline,3,16.000310
string128,ahash,128,mixed-95,quick_cache,3,18.679639
string128,ahash,128,mixed-95,hashlink,4,16.904235
string128,ahash,128,mixed-95,micro,4,15.994290
string128,ahash,128,mixed-95,baseline,4,15.903731
string128,ahash,128,mixed-95,quick_cache,4,18.801013
string128,ahash,128,mixed-95,lru,4,17.189483
string128,ahash,128,load-hit,micro,0,12.525431
string128,ahash,128,load-hit,baseline,0,22.461239
string128,ahash,128,load-hit,quick_cache,0,13.171783
string128,ahash,128,load-hit,lru,0,12.738631
string128,ahash,128,load-hit,hashlink,0,11.315393
string128,ahash,128,load-hit,baseline,1,22.519582
string128,ahash,128,load-hit,quick_cache,1,13.421740
string128,ahash,128,load-hit,lru,1,13.064857
string128,ahash,128,load-hit,hashlink,1,11.574745
string128,ahash,128,load-hit,micro,1,12.600366
string128,ahash,128,load-hit,quick_cache,2,13.127646
string128,ahash,128,load-hit,lru,2,12.941735
string128,ahash,128,load-hit,hashlink,2,11.491615
string128,ahash,128,load-hit,micro,2,12.879121
string128,ahash,128,load-hit,baseline,2,22.530654
string128,ahash,128,load-hit,lru,3,12.769851
string128,ahash,128,load-hit,hashlink,3,11.435306
string128,ahash,128,load-hit,micro,3,12.549845
string128,ahash,128,load-hit,baseline,3,22.533340
string128,ahash,128,load-hit,quick_cache,3,13.110753
string128,ahash,128,load-hit,hashlink,4,11.313854
string128,ahash,128,load-hit,micro,4,12.546452
string128,ahash,128,load-hit,baseline,4,22.455552
string128,ahash,128,load-hit,quick_cache,4,13.140180
string128,ahash,128,load-hit,lru,4,12.709692
string128,ahash,128,load-cycle,micro,0,49.815728
string128,ahash,128,load-cycle,baseline,0,54.664789
string128,ahash,128,load-cycle,quick_cache,0,24.384291
string128,ahash,128,load-cycle,lru,0,64.726777
string128,ahash,128,load-cycle,hashlink,0,64.821823
string128,ahash,128,load-cycle,baseline,1,54.013213
string128,ahash,128,load-cycle,quick_cache,1,24.457129
string128,ahash,128,load-cycle,lru,1,66.497285
string128,ahash,128,load-cycle,hashlink,1,66.372241
string128,ahash,128,load-cycle,micro,1,52.058853
string128,ahash,128,load-cycle,quick_cache,2,24.483714
string128,ahash,128,load-cycle,lru,2,64.194309
string128,ahash,128,load-cycle,hashlink,2,64.646291
string128,ahash,128,load-cycle,micro,2,50.060954
string128,ahash,128,load-cycle,baseline,2,53.482333
string128,ahash,128,load-cycle,lru,3,64.894639
string128,ahash,128,load-cycle,hashlink,3,65.850312
string128,ahash,128,load-cycle,micro,3,48.671437
string128,ahash,128,load-cycle,baseline,3,56.137541
string128,ahash,128,load-cycle,quick_cache,3,24.382593
string128,ahash,128,load-cycle,hashlink,4,64.947708
string128,ahash,128,load-cycle,micro,4,49.525877
string128,ahash,128,load-cycle,baseline,4,54.088962
string128,ahash,128,load-cycle,quick_cache,4,24.372783
string128,ahash,128,load-cycle,lru,4,64.038657
string128,ahash,128,clear-refill,micro,0,2995.883234
string128,ahash,128,clear-refill,baseline,0,2975.677899
string128,ahash,128,clear-refill,quick_cache,0,2988.836653
string128,ahash,128,clear-refill,lru,0,6711.409396
string128,ahash,128,clear-refill,hashlink,0,4066.903794
string128,ahash,128,clear-refill,baseline,1,2967.400593
string128,ahash,128,clear-refill,quick_cache,1,3186.703822
string128,ahash,128,clear-refill,lru,1,6732.248879
string128,ahash,128,clear-refill,hashlink,1,4037.411290
string128,ahash,128,clear-refill,micro,1,3041.624113
string128,ahash,128,clear-refill,quick_cache,2,3064.649642
string128,ahash,128,clear-refill,lru,2,6857.591324
string128,ahash,128,clear-refill,hashlink,2,4201.339860
string128,ahash,128,clear-refill,micro,2,2973.818632
string128,ahash,128,clear-refill,baseline,2,2977.348214
string128,ahash,128,clear-refill,lru,3,6798.832579
string128,ahash,128,clear-refill,hashlink,3,4157.894737
string128,ahash,128,clear-refill,micro,3,2982.977137
string128,ahash,128,clear-refill,baseline,3,2961.830207
string128,ahash,128,clear-refill,quick_cache,3,2991.650050
string128,ahash,128,clear-refill,hashlink,4,4080.672554
string128,ahash,128,clear-refill,micro,4,2995.468064
string128,ahash,128,clear-refill,baseline,4,2986.940299
string128,ahash,128,clear-refill,quick_cache,4,2985.006958
string128,ahash,128,clear-refill,lru,4,7240.361446
string128,ahash,128,clear-empty,micro,0,48.802467
string128,ahash,128,clear-empty,baseline,0,48.697776
string128,ahash,128,clear-empty,quick_cache,0,3.953569
string128,ahash,128,clear-empty,lru,0,2.154907
string128,ahash,128,clear-empty,hashlink,0,0.616387
string128,ahash,128,clear-empty,baseline,1,45.017900
string128,ahash,128,clear-empty,quick_cache,1,4.386188
string128,ahash,128,clear-empty,lru,1,2.274823
string128,ahash,128,clear-empty,hashlink,1,0.607418
string128,ahash,128,clear-empty,micro,1,42.422876
string128,ahash,128,clear-empty,quick_cache,2,3.884294
string128,ahash,128,clear-empty,lru,2,2.163328
string128,ahash,128,clear-empty,hashlink,2,0.658051
string128,ahash,128,clear-empty,micro,2,51.248209
string128,ahash,128,clear-empty,baseline,2,49.063742
string128,ahash,128,clear-empty,lru,3,2.165477
string128,ahash,128,clear-empty,hashlink,3,0.611643
string128,ahash,128,clear-empty,micro,3,43.407002
string128,ahash,128,clear-empty,baseline,3,41.490103
string128,ahash,128,clear-empty,quick_cache,3,3.899048
string128,ahash,128,clear-empty,hashlink,4,0.607340
string128,ahash,128,clear-empty,micro,4,45.966100
string128,ahash,128,clear-empty,baseline,4,45.830399
string128,ahash,128,clear-empty,quick_cache,4,3.959643
string128,ahash,128,clear-empty,lru,4,2.136687
string128,ahash,128,iter-dense,micro,0,38.448570
string128,ahash,128,iter-dense,baseline,0,38.576692
string128,ahash,128,iter-dense,quick_cache,0,28.986747
string128,ahash,128,iter-dense,lru,0,137.907858
string128,ahash,128,iter-dense,hashlink,0,132.733292
string128,ahash,128,iter-dense,baseline,1,38.532676
string128,ahash,128,iter-dense,quick_cache,1,29.129621
string128,ahash,128,iter-dense,lru,1,135.916757
string128,ahash,128,iter-dense,hashlink,1,131.532346
string128,ahash,128,iter-dense,micro,1,38.192146
string128,ahash,128,iter-dense,quick_cache,2,29.051751
string128,ahash,128,iter-dense,lru,2,135.729468
string128,ahash,128,iter-dense,hashlink,2,131.782918
string128,ahash,128,iter-dense,micro,2,38.789913
string128,ahash,128,iter-dense,baseline,2,39.484105
string128,ahash,128,iter-dense,lru,3,143.783499
string128,ahash,128,iter-dense,hashlink,3,138.191504
string128,ahash,128,iter-dense,micro,3,37.788228
string128,ahash,128,iter-dense,baseline,3,38.248432
string128,ahash,128,iter-dense,quick_cache,3,29.043148
string128,ahash,128,iter-dense,hashlink,4,136.248186
string128,ahash,128,iter-dense,micro,4,38.233897
string128,ahash,128,iter-dense,baseline,4,38.253417
string128,ahash,128,iter-dense,quick_cache,4,28.995313
string128,ahash,128,iter-dense,lru,4,136.349700
string128,ahash,128,iter-dense-for,micro,0,42.426117
string128,ahash,128,iter-dense-for,baseline,0,40.191009
string128,ahash,128,iter-dense-for,quick_cache,0,37.623520
string128,ahash,128,iter-dense-for,lru,0,77.457293
string128,ahash,128,iter-dense-for,hashlink,0,68.894655
string128,ahash,128,iter-dense-for,baseline,1,37.274468
string128,ahash,128,iter-dense-for,quick_cache,1,38.568657
string128,ahash,128,iter-dense-for,lru,1,79.487765
string128,ahash,128,iter-dense-for,hashlink,1,70.452409
string128,ahash,128,iter-dense-for,micro,1,37.853982
string128,ahash,128,iter-dense-for,quick_cache,2,38.362444
string128,ahash,128,iter-dense-for,lru,2,79.943254
string128,ahash,128,iter-dense-for,hashlink,2,71.064157
string128,ahash,128,iter-dense-for,micro,2,38.339598
string128,ahash,128,iter-dense-for,baseline,2,38.443227
string128,ahash,128,iter-dense-for,lru,3,81.522880
string128,ahash,128,iter-dense-for,hashlink,3,77.455151
string128,ahash,128,iter-dense-for,micro,3,40.218294
string128,ahash,128,iter-dense-for,baseline,3,40.153239
string128,ahash,128,iter-dense-for,quick_cache,3,38.411192
string128,ahash,128,iter-dense-for,hashlink,4,71.334363
string128,ahash,128,iter-dense-for,micro,4,38.488968
string128,ahash,128,iter-dense-for,baseline,4,38.479047
string128,ahash,128,iter-dense-for,quick_cache,4,39.368624
string128,ahash,128,iter-dense-for,lru,4,80.397788
string128,ahash,128,iter-density-1pct,micro,0,37.690288
string128,ahash,128,iter-density-1pct,baseline,0,37.473146
string128,ahash,128,iter-density-1pct,quick_cache,0,21.552158
string128,ahash,128,iter-density-1pct,lru,0,1.283385
string128,ahash,128,iter-density-1pct,hashlink,0,1.266447
string128,ahash,128,iter-density-1pct,baseline,1,38.209301
string128,ahash,128,iter-density-1pct,quick_cache,1,21.840904
string128,ahash,128,iter-density-1pct,lru,1,1.282051
string128,ahash,128,iter-density-1pct,hashlink,1,1.254751
string128,ahash,128,iter-density-1pct,micro,1,38.432275
string128,ahash,128,iter-density-1pct,quick_cache,2,21.509915
string128,ahash,128,iter-density-1pct,lru,2,1.274002
string128,ahash,128,iter-density-1pct,hashlink,2,1.265643
string128,ahash,128,iter-density-1pct,micro,2,38.234095
string128,ahash,128,iter-density-1pct,baseline,2,37.710670
string128,ahash,128,iter-density-1pct,lru,3,1.281823
string128,ahash,128,iter-density-1pct,hashlink,3,1.265917
string128,ahash,128,iter-density-1pct,micro,3,38.368837
string128,ahash,128,iter-density-1pct,baseline,3,39.698653
string128,ahash,128,iter-density-1pct,quick_cache,3,22.316115
string128,ahash,128,iter-density-1pct,hashlink,4,1.395172
string128,ahash,128,iter-density-1pct,micro,4,42.790464
string128,ahash,128,iter-density-1pct,baseline,4,39.896383
string128,ahash,128,iter-density-1pct,quick_cache,4,28.049123
string128,ahash,128,iter-density-1pct,lru,4,1.322061
string128,ahash,128,iter-density-6pct,micro,0,36.564462
string128,ahash,128,iter-density-6pct,baseline,0,35.091926
string128,ahash,128,iter-density-6pct,quick_cache,0,27.664955
string128,ahash,128,iter-density-6pct,lru,0,3.278889
string128,ahash,128,iter-density-6pct,hashlink,0,3.216985
string128,ahash,128,iter-density-6pct,baseline,1,36.425954
string128,ahash,128,iter-density-6pct,quick_cache,1,27.746430
string128,ahash,128,iter-density-6pct,lru,1,3.287098
string128,ahash,128,iter-density-6pct,hashlink,1,3.213368
string128,ahash,128,iter-density-6pct,micro,1,36.795599
string128,ahash,128,iter-density-6pct,quick_cache,2,27.471552
string128,ahash,128,iter-density-6pct,lru,2,3.289589
string128,ahash,128,iter-density-6pct,hashlink,2,3.223844
string128,ahash,128,iter-density-6pct,micro,2,36.695817
string128,ahash,128,iter-density-6pct,baseline,2,36.487208
string128,ahash,128,iter-density-6pct,lru,3,3.287951
string128,ahash,128,iter-density-6pct,hashlink,3,3.206444
string128,ahash,128,iter-density-6pct,micro,3,36.984813
string128,ahash,128,iter-density-6pct,baseline,3,36.350836
string128,ahash,128,iter-density-6pct,quick_cache,3,27.563060
string128,ahash,128,iter-density-6pct,hashlink,4,3.285209
string128,ahash,128,iter-density-6pct,micro,4,37.953283
string128,ahash,128,iter-density-6pct,baseline,4,37.981913
string128,ahash,128,iter-density-6pct,quick_cache,4,27.820540
string128,ahash,128,iter-density-6pct,lru,4,3.286981
string128,ahash,128,iter-density-quarter,micro,0,51.965738
string128,ahash,128,iter-density-quarter,baseline,0,51.263207
string128,ahash,128,iter-density-quarter,quick_cache,0,25.611675
string128,ahash,128,iter-density-quarter,lru,0,19.247363
string128,ahash,128,iter-density-quarter,hashlink,0,19.025270
string128,ahash,128,iter-density-quarter,baseline,1,50.674315
string128,ahash,128,iter-density-quarter,quick_cache,1,26.288434
string128,ahash,128,iter-density-quarter,lru,1,19.174712
string128,ahash,128,iter-density-quarter,hashlink,1,19.152196
string128,ahash,128,iter-density-quarter,micro,1,51.319325
string128,ahash,128,iter-density-quarter,quick_cache,2,24.079184
string128,ahash,128,iter-density-quarter,lru,2,18.124958
string128,ahash,128,iter-density-quarter,hashlink,2,18.150273
string128,ahash,128,iter-density-quarter,micro,2,48.661569
string128,ahash,128,iter-density-quarter,baseline,2,49.999717
string128,ahash,128,iter-density-quarter,lru,3,19.411012
string128,ahash,128,iter-density-quarter,hashlink,3,18.498421
string128,ahash,128,iter-density-quarter,micro,3,48.078926
string128,ahash,128,iter-density-quarter,baseline,3,48.815591
string128,ahash,128,iter-density-quarter,quick_cache,3,26.644421
string128,ahash,128,iter-density-quarter,hashlink,4,19.016760
string128,ahash,128,iter-density-quarter,micro,4,49.335333
string128,ahash,128,iter-density-quarter,baseline,4,49.734748
string128,ahash,128,iter-density-quarter,quick_cache,4,26.643684
string128,ahash,128,iter-density-quarter,lru,4,19.450207
string128,ahash,128,iter-density-half,micro,0,64.719548
string128,ahash,128,iter-density-half,baseline,0,63.168140
string128,ahash,128,iter-density-half,quick_cache,0,25.141484
string128,ahash,128,iter-density-half,lru,0,53.043693
string128,ahash,128,iter-density-half,hashlink,0,50.288355
string128,ahash,128,iter-density-half,baseline,1,62.844713
string128,ahash,128,iter-density-half,quick_cache,1,24.774331
string128,ahash,128,iter-density-half,lru,1,51.148510
string128,ahash,128,iter-density-half,hashlink,1,50.391523
string128,ahash,128,iter-density-half,micro,1,62.947420
string128,ahash,128,iter-density-half,quick_cache,2,24.871867
string128,ahash,128,iter-density-half,lru,2,51.144766
string128,ahash,128,iter-density-half,hashlink,2,50.349775
string128,ahash,128,iter-density-half,micro,2,62.972213
string128,ahash,128,iter-density-half,baseline,2,62.886004
string128,ahash,128,iter-density-half,lru,3,50.460980
string128,ahash,128,iter-density-half,hashlink,3,50.318116
string128,ahash,128,iter-density-half,micro,3,62.808732
string128,ahash,128,iter-density-half,baseline,3,62.736915
string128,ahash,128,iter-density-half,quick_cache,3,24.703557
string128,ahash,128,iter-density-half,hashlink,4,50.861036
string128,ahash,128,iter-density-half,micro,4,62.773678
string128,ahash,128,iter-density-half,baseline,4,62.592999
string128,ahash,128,iter-density-half,quick_cache,4,24.831651
string128,ahash,128,iter-density-half,lru,4,52.763312
string128,ahash,128,iter-front,micro,0,39.531843
string128,ahash,128,iter-front,baseline,0,40.752771
string128,ahash,128,iter-front,quick_cache,0,22.065854
string128,ahash,128,iter-front,lru,0,1.201292
string128,ahash,128,iter-front,hashlink,0,1.163859
string128,ahash,128,iter-front,baseline,1,37.700731
string128,ahash,128,iter-front,quick_cache,1,22.336098
string128,ahash,128,iter-front,lru,1,1.195074
string128,ahash,128,iter-front,hashlink,1,1.143460
string128,ahash,128,iter-front,micro,1,37.878218
string128,ahash,128,iter-front,quick_cache,2,22.452519
string128,ahash,128,iter-front,lru,2,1.193872
string128,ahash,128,iter-front,hashlink,2,1.189434
string128,ahash,128,iter-front,micro,2,37.952752
string128,ahash,128,iter-front,baseline,2,37.674104
string128,ahash,128,iter-front,lru,3,1.180567
string128,ahash,128,iter-front,hashlink,3,1.220957
string128,ahash,128,iter-front,micro,3,37.952752
string128,ahash,128,iter-front,baseline,3,37.398409
string128,ahash,128,iter-front,quick_cache,3,22.402367
string128,ahash,128,iter-front,hashlink,4,1.191990
string128,ahash,128,iter-front,micro,4,37.807145
string128,ahash,128,iter-front,baseline,4,37.351121
string128,ahash,128,iter-front,quick_cache,4,22.478812
string128,ahash,128,iter-front,lru,4,1.190098
string128,ahash,128,iter-back,micro,0,50.126386
string128,ahash,128,iter-back,baseline,0,50.697483
string128,ahash,128,iter-back,quick_cache,0,22.297674
string128,ahash,128,iter-back,lru,0,1.218783
string128,ahash,128,iter-back,hashlink,0,1.155710
string128,ahash,128,iter-back,baseline,1,49.980993
string128,ahash,128,iter-back,quick_cache,1,22.236076
string128,ahash,128,iter-back,lru,1,1.188936
string128,ahash,128,iter-back,hashlink,1,1.142262
string128,ahash,128,iter-back,micro,1,49.799323
string128,ahash,128,iter-back,quick_cache,2,22.090311
string128,ahash,128,iter-back,lru,2,1.193401
string128,ahash,128,iter-back,hashlink,2,1.152045
string128,ahash,128,iter-back,micro,2,50.002083
string128,ahash,128,iter-back,baseline,2,49.055586
string128,ahash,128,iter-back,lru,3,1.190204
string128,ahash,128,iter-back,hashlink,3,1.187325
string128,ahash,128,iter-back,micro,3,50.094735
string128,ahash,128,iter-back,baseline,3,48.879041
string128,ahash,128,iter-back,quick_cache,3,22.071048
string128,ahash,128,iter-back,hashlink,4,1.183159
string128,ahash,128,iter-back,micro,4,49.671577
string128,ahash,128,iter-back,baseline,4,48.789510
string128,ahash,128,iter-back,quick_cache,4,21.973686
string128,ahash,128,iter-back,lru,4,1.190234
string128,ahash,128,iter-empty,micro,0,38.251288
string128,ahash,128,iter-empty,baseline,0,37.678284
string128,ahash,128,iter-empty,quick_cache,0,23.151690
string128,ahash,128,iter-empty,lru,0,1.000523
string128,ahash,128,iter-empty,hashlink,0,1.023572
string128,ahash,128,iter-empty,baseline,1,39.134234
string128,ahash,128,iter-empty,quick_cache,1,23.489362
string128,ahash,128,iter-empty,lru,1,0.989237
string128,ahash,128,iter-empty,hashlink,1,0.992673
string128,ahash,128,iter-empty,micro,1,38.443753
string128,ahash,128,iter-empty,quick_cache,2,23.138011
string128,ahash,128,iter-empty,lru,2,0.997118
string128,ahash,128,iter-empty,hashlink,2,0.996789
string128,ahash,128,iter-empty,micro,2,38.239932
string128,ahash,128,iter-empty,baseline,2,37.976648
string128,ahash,128,iter-empty,lru,3,0.993535
string128,ahash,128,iter-empty,hashlink,3,0.993778
string128,ahash,128,iter-empty,micro,3,38.108556
string128,ahash,128,iter-empty,baseline,3,37.646465
string128,ahash,128,iter-empty,quick_cache,3,23.109810
string128,ahash,128,iter-empty,hashlink,4,0.992662
string128,ahash,128,iter-empty,micro,4,37.908309
string128,ahash,128,iter-empty,baseline,4,37.594915
string128,ahash,128,iter-empty,quick_cache,4,23.284238
string128,ahash,128,iter-empty,lru,4,0.981871
string128,ahash,128,iter-count,micro,0,37.301587
string128,ahash,128,iter-count,baseline,0,36.914370
string128,ahash,128,iter-count,quick_cache,0,55.014530
string128,ahash,128,iter-count,lru,0,0.397475
string128,ahash,128,iter-count,hashlink,0,0.394956
string128,ahash,128,iter-count,baseline,1,38.128741
string128,ahash,128,iter-count,quick_cache,1,56.970893
string128,ahash,128,iter-count,lru,1,0.408957
string128,ahash,128,iter-count,hashlink,1,0.398196
string128,ahash,128,iter-count,micro,1,36.297589
string128,ahash,128,iter-count,quick_cache,2,52.672330
string128,ahash,128,iter-count,lru,2,0.397400
string128,ahash,128,iter-count,hashlink,2,0.393693
string128,ahash,128,iter-count,micro,2,36.409804
string128,ahash,128,iter-count,baseline,2,36.009993
string128,ahash,128,iter-count,lru,3,0.400441
string128,ahash,128,iter-count,hashlink,3,0.404463
string128,ahash,128,iter-count,micro,3,37.228733
string128,ahash,128,iter-count,baseline,3,35.994512
string128,ahash,128,iter-count,quick_cache,3,53.629923
string128,ahash,128,iter-count,hashlink,4,0.393126
string128,ahash,128,iter-count,micro,4,36.530337
string128,ahash,128,iter-count,baseline,4,36.229757
string128,ahash,128,iter-count,quick_cache,4,53.709439
string128,ahash,128,iter-count,lru,4,0.396692
string128,ahash,1024,get-hit,micro,0,15.438507
string128,ahash,1024,get-hit,baseline,0,15.684550
string128,ahash,1024,get-hit,quick_cache,0,15.799418
string128,ahash,1024,get-hit,lru,0,17.183477
string128,ahash,1024,get-hit,hashlink,0,16.229598
string128,ahash,1024,get-hit,baseline,1,15.566294
string128,ahash,1024,get-hit,quick_cache,1,15.822942
string128,ahash,1024,get-hit,lru,1,17.939976
string128,ahash,1024,get-hit,hashlink,1,16.490325
string128,ahash,1024,get-hit,micro,1,15.295029
string128,ahash,1024,get-hit,quick_cache,2,15.688787
string128,ahash,1024,get-hit,lru,2,17.269021
string128,ahash,1024,get-hit,hashlink,2,16.267642
string128,ahash,1024,get-hit,micro,2,15.811284
string128,ahash,1024,get-hit,baseline,2,15.522639
string128,ahash,1024,get-hit,lru,3,17.422996
string128,ahash,1024,get-hit,hashlink,3,16.150215
string128,ahash,1024,get-hit,micro,3,15.693451
string128,ahash,1024,get-hit,baseline,3,15.762751
string128,ahash,1024,get-hit,quick_cache,3,15.427272
string128,ahash,1024,get-hit,hashlink,4,16.261448
string128,ahash,1024,get-hit,micro,4,15.780975
string128,ahash,1024,get-hit,baseline,4,15.636022
string128,ahash,1024,get-hit,quick_cache,4,15.451645
string128,ahash,1024,get-hit,lru,4,17.186252
string128,ahash,1024,get-miss,micro,0,8.653153
string128,ahash,1024,get-miss,baseline,0,8.701887
string128,ahash,1024,get-miss,quick_cache,0,8.613054
string128,ahash,1024,get-miss,lru,0,8.722095
string128,ahash,1024,get-miss,hashlink,0,8.381814
string128,ahash,1024,get-miss,baseline,1,8.735052
string128,ahash,1024,get-miss,quick_cache,1,8.698574
string128,ahash,1024,get-miss,lru,1,8.952940
string128,ahash,1024,get-miss,hashlink,1,8.674680
string128,ahash,1024,get-miss,micro,1,8.724272
string128,ahash,1024,get-miss,quick_cache,2,8.578514
string128,ahash,1024,get-miss,lru,2,8.660724
string128,ahash,1024,get-miss,hashlink,2,8.438457
string128,ahash,1024,get-miss,micro,2,8.647240
string128,ahash,1024,get-miss,baseline,2,8.774289
string128,ahash,1024,get-miss,lru,3,8.711349
string128,ahash,1024,get-miss,hashlink,3,8.468628
string128,ahash,1024,get-miss,micro,3,8.609506
string128,ahash,1024,get-miss,baseline,3,8.736869
string128,ahash,1024,get-miss,quick_cache,3,8.612109
string128,ahash,1024,get-miss,hashlink,4,8.374417
string128,ahash,1024,get-miss,micro,4,8.602763
string128,ahash,1024,get-miss,baseline,4,8.741470
string128,ahash,1024,get-miss,quick_cache,4,8.576388
string128,ahash,1024,get-miss,lru,4,8.713714
string128,ahash,1024,update,micro,0,29.307439
string128,ahash,1024,update,baseline,0,28.993267
string128,ahash,1024,update,quick_cache,0,43.486423
string128,ahash,1024,update,lru,0,30.540466
string128,ahash,1024,update,hashlink,0,29.478412
string128,ahash,1024,update,baseline,1,29.030039
string128,ahash,1024,update,quick_cache,1,43.045044
string128,ahash,1024,update,lru,1,30.957113
string128,ahash,1024,update,hashlink,1,30.266395
string128,ahash,1024,update,micro,1,29.748770
string128,ahash,1024,update,quick_cache,2,43.874105
string128,ahash,1024,update,lru,2,29.807843
string128,ahash,1024,update,hashlink,2,29.379817
string128,ahash,1024,update,micro,2,29.278874
string128,ahash,1024,update,baseline,2,28.932223
string128,ahash,1024,update,lru,3,29.947923
string128,ahash,1024,update,hashlink,3,30.433068
string128,ahash,1024,update,micro,3,29.376296
string128,ahash,1024,update,baseline,3,28.960008
string128,ahash,1024,update,quick_cache,3,44.006348
string128,ahash,1024,update,hashlink,4,30.001521
string128,ahash,1024,update,micro,4,28.928317
string128,ahash,1024,update,baseline,4,28.902100
string128,ahash,1024,update,quick_cache,4,43.828328
string128,ahash,1024,update,lru,4,30.025776
string128,ahash,1024,insert-cycle,micro,0,56.638277
string128,ahash,1024,insert-cycle,baseline,0,56.563157
string128,ahash,1024,insert-cycle,quick_cache,0,35.145601
string128,ahash,1024,insert-cycle,lru,0,74.388623
string128,ahash,1024,insert-cycle,hashlink,0,64.718495
string128,ahash,1024,insert-cycle,baseline,1,55.503563
string128,ahash,1024,insert-cycle,quick_cache,1,35.883706
string128,ahash,1024,insert-cycle,lru,1,75.825000
string128,ahash,1024,insert-cycle,hashlink,1,66.968506
string128,ahash,1024,insert-cycle,micro,1,56.633582
string128,ahash,1024,insert-cycle,quick_cache,2,35.596087
string128,ahash,1024,insert-cycle,lru,2,75.423193
string128,ahash,1024,insert-cycle,hashlink,2,65.469493
string128,ahash,1024,insert-cycle,micro,2,56.398062
string128,ahash,1024,insert-cycle,baseline,2,55.906702
string128,ahash,1024,insert-cycle,lru,3,74.361182
string128,ahash,1024,insert-cycle,hashlink,3,65.839228
string128,ahash,1024,insert-cycle,micro,3,57.840971
string128,ahash,1024,insert-cycle,baseline,3,58.990078
string128,ahash,1024,insert-cycle,quick_cache,3,37.171936
string128,ahash,1024,insert-cycle,hashlink,4,64.380605
string128,ahash,1024,insert-cycle,micro,4,58.186843
string128,ahash,1024,insert-cycle,baseline,4,58.334754
string128,ahash,1024,insert-cycle,quick_cache,4,36.852014
string128,ahash,1024,insert-cycle,lru,4,74.482227
string128,ahash,1024,mixed-95,micro,0,20.534654
string128,ahash,1024,mixed-95,baseline,0,20.702580
string128,ahash,1024,mixed-95,quick_cache,0,23.558915
string128,ahash,1024,mixed-95,lru,0,22.382041
string128,ahash,1024,mixed-95,hashlink,0,21.681289
string128,ahash,1024,mixed-95,baseline,1,20.296872
string128,ahash,1024,mixed-95,quick_cache,1,23.543239
string128,ahash,1024,mixed-95,lru,1,22.470097
string128,ahash,1024,mixed-95,hashlink,1,21.187584
string128,ahash,1024,mixed-95,micro,1,19.412518
string128,ahash,1024,mixed-95,quick_cache,2,22.728721
string128,ahash,1024,mixed-95,lru,2,21.529317
string128,ahash,1024,mixed-95,hashlink,2,20.436386
string128,ahash,1024,mixed-95,micro,2,20.211478
string128,ahash,1024,mixed-95,baseline,2,20.868738
string128,ahash,1024,mixed-95,lru,3,22.225956
string128,ahash,1024,mixed-95,hashlink,3,20.968100
string128,ahash,1024,mixed-95,micro,3,19.591987
string128,ahash,1024,mixed-95,baseline,3,19.253890
string128,ahash,1024,mixed-95,quick_cache,3,23.051659
string128,ahash,1024,mixed-95,hashlink,4,21.560410
string128,ahash,1024,mixed-95,micro,4,20.753225
string128,ahash,1024,mixed-95,baseline,4,21.054109
string128,ahash,1024,mixed-95,quick_cache,4,23.746312
string128,ahash,1024,mixed-95,lru,4,20.934065
string128,ahash,1024,load-hit,micro,0,17.838007
string128,ahash,1024,load-hit,baseline,0,31.026632
string128,ahash,1024,load-hit,quick_cache,0,20.302220
string128,ahash,1024,load-hit,lru,0,20.528727
string128,ahash,1024,load-hit,hashlink,0,17.756383
string128,ahash,1024,load-hit,baseline,1,29.396259
string128,ahash,1024,load-hit,quick_cache,1,18.147786
string128,ahash,1024,load-hit,lru,1,18.831635
string128,ahash,1024,load-hit,hashlink,1,16.287985
string128,ahash,1024,load-hit,micro,1,17.830985
string128,ahash,1024,load-hit,quick_cache,2,18.297712
string128,ahash,1024,load-hit,lru,2,18.830359
string128,ahash,1024,load-hit,hashlink,2,16.407179
string128,ahash,1024,load-hit,micro,2,17.941674
string128,ahash,1024,load-hit,baseline,2,30.776550
string128,ahash,1024,load-hit,lru,3,18.783569
string128,ahash,1024,load-hit,hashlink,3,16.329558
string128,ahash,1024,load-hit,micro,3,17.915516
string128,ahash,1024,load-hit,baseline,3,30.912181
string128,ahash,1024,load-hit,quick_cache,3,18.423462
string128,ahash,1024,load-hit,hashlink,4,16.186699
string128,ahash,1024,load-hit,micro,4,17.936587
string128,ahash,1024,load-hit,baseline,4,31.272471
string128,ahash,1024,load-hit,quick_cache,4,18.386841
string128,ahash,1024,load-hit,lru,4,18.882751
string128,ahash,1024,load-cycle,micro,0,57.268968
string128,ahash,1024,load-cycle,baseline,0,61.735352
string128,ahash,1024,load-cycle,quick_cache,0,26.145534
string128,ahash,1024,load-cycle,lru,0,75.983691
string128,ahash,1024,load-cycle,hashlink,0,73.453784
string128,ahash,1024,load-cycle,baseline,1,60.812988
string128,ahash,1024,load-cycle,quick_cache,1,25.343270
string128,ahash,1024,load-cycle,lru,1,73.725391
string128,ahash,1024,load-cycle,hashlink,1,73.317456
string128,ahash,1024,load-cycle,micro,1,57.398869
string128,ahash,1024,load-cycle,quick_cache,2,25.270314
string128,ahash,1024,load-cycle,lru,2,73.103655
string128,ahash,1024,load-cycle,hashlink,2,71.856771
string128,ahash,1024,load-cycle,micro,2,56.747033
string128,ahash,1024,load-cycle,baseline,2,60.043125
string128,ahash,1024,load-cycle,lru,3,72.184245
string128,ahash,1024,load-cycle,hashlink,3,71.333636
string128,ahash,1024,load-cycle,micro,3,55.990343
string128,ahash,1024,load-cycle,baseline,3,60.349941
string128,ahash,1024,load-cycle,quick_cache,3,25.283287
string128,ahash,1024,load-cycle,hashlink,4,71.172805
string128,ahash,1024,load-cycle,micro,4,56.445012
string128,ahash,1024,load-cycle,baseline,4,60.159512
string128,ahash,1024,load-cycle,quick_cache,4,25.422902
string128,ahash,1024,load-cycle,lru,4,73.133673
string128,ahash,1024,clear-refill,micro,0,33280.219780
string128,ahash,1024,clear-refill,baseline,0,32875.000000
string128,ahash,1024,clear-refill,quick_cache,0,33841.292135
string128,ahash,1024,clear-refill,lru,0,77455.128205
string128,ahash,1024,clear-refill,hashlink,0,44250.617647
string128,ahash,1024,clear-refill,baseline,1,31915.347368
string128,ahash,1024,clear-refill,quick_cache,1,34571.839080
string128,ahash,1024,clear-refill,lru,1,73554.878049
string128,ahash,1024,clear-refill,hashlink,1,44230.397059
string128,ahash,1024,clear-refill,micro,1,33483.333333
string128,ahash,1024,clear-refill,quick_cache,2,32903.532609
string128,ahash,1024,clear-refill,lru,2,73017.857143
string128,ahash,1024,clear-refill,hashlink,2,43179.171429
string128,ahash,1024,clear-refill,micro,2,33097.065934
string128,ahash,1024,clear-refill,baseline,2,31760.526316
string128,ahash,1024,clear-refill,lru,3,73468.487805
string128,ahash,1024,clear-refill,hashlink,3,43880.957143
string128,ahash,1024,clear-refill,micro,3,31560.760417
string128,ahash,1024,clear-refill,baseline,3,31595.610526
string128,ahash,1024,clear-refill,quick_cache,3,33643.977778
string128,ahash,1024,clear-refill,hashlink,4,42011.000000
string128,ahash,1024,clear-refill,micro,4,32100.180851
string128,ahash,1024,clear-refill,baseline,4,31549.906250
string128,ahash,1024,clear-refill,quick_cache,4,33992.977528
string128,ahash,1024,clear-refill,lru,4,74719.512195
string128,ahash,1024,clear-empty,micro,0,50.555361
string128,ahash,1024,clear-empty,baseline,0,49.823308
string128,ahash,1024,clear-empty,quick_cache,0,3.948640
string128,ahash,1024,clear-empty,lru,0,2.160198
string128,ahash,1024,clear-empty,hashlink,0,0.625994
string128,ahash,1024,clear-empty,baseline,1,50.572181
string128,ahash,1024,clear-empty,quick_cache,1,4.021439
string128,ahash,1024,clear-empty,lru,1,2.161634
string128,ahash,1024,clear-empty,hashlink,1,0.604606
string128,ahash,1024,clear-empty,micro,1,49.206083
string128,ahash,1024,clear-empty,quick_cache,2,3.948913
string128,ahash,1024,clear-empty,lru,2,2.149769
string128,ahash,1024,clear-empty,hashlink,2,0.606184
string128,ahash,1024,clear-empty,micro,2,49.188383
string128,ahash,1024,clear-empty,baseline,2,49.493588
string128,ahash,1024,clear-empty,lru,3,2.140708
string128,ahash,1024,clear-empty,hashlink,3,0.611205
string128,ahash,1024,clear-empty,micro,3,49.173395
string128,ahash,1024,clear-empty,baseline,3,49.215612
string128,ahash,1024,clear-empty,quick_cache,3,3.975129
string128,ahash,1024,clear-empty,hashlink,4,0.609083
string128,ahash,1024,clear-empty,micro,4,48.804493
string128,ahash,1024,clear-empty,baseline,4,49.229913
string128,ahash,1024,clear-empty,quick_cache,4,3.966397
string128,ahash,1024,clear-empty,lru,4,2.149046
string128,ahash,1024,iter-dense,micro,0,276.848267
string128,ahash,1024,iter-dense,baseline,0,274.461623
string128,ahash,1024,iter-dense,quick_cache,0,257.844694
string128,ahash,1024,iter-dense,lru,0,1287.492723
string128,ahash,1024,iter-dense,hashlink,0,1236.087993
string128,ahash,1024,iter-dense,baseline,1,277.594212
string128,ahash,1024,iter-dense,quick_cache,1,256.407275
string128,ahash,1024,iter-dense,lru,1,1394.090993
string128,ahash,1024,iter-dense,hashlink,1,1334.782130
string128,ahash,1024,iter-dense,micro,1,269.188037
string128,ahash,1024,iter-dense,quick_cache,2,253.431166
string128,ahash,1024,iter-dense,lru,2,1262.951250
string128,ahash,1024,iter-dense,hashlink,2,1225.294237
string128,ahash,1024,iter-dense,micro,2,274.301718
string128,ahash,1024,iter-dense,baseline,2,272.297645
string128,ahash,1024,iter-dense,lru,3,1268.141047
string128,ahash,1024,iter-dense,hashlink,3,1233.140422
string128,ahash,1024,iter-dense,micro,3,273.305051
string128,ahash,1024,iter-dense,baseline,3,271.859873
string128,ahash,1024,iter-dense,quick_cache,3,249.951546
string128,ahash,1024,iter-dense,hashlink,4,1252.743333
string128,ahash,1024,iter-dense,micro,4,271.044075
string128,ahash,1024,iter-dense,baseline,4,271.653721
string128,ahash,1024,iter-dense,quick_cache,4,244.394938
string128,ahash,1024,iter-dense,lru,4,1245.151727
string128,ahash,1024,iter-dense-for,micro,0,272.623728
string128,ahash,1024,iter-dense-for,baseline,0,270.578170
string128,ahash,1024,iter-dense-for,quick_cache,0,502.388369
string128,ahash,1024,iter-dense-for,lru,0,741.613189
string128,ahash,1024,iter-dense-for,hashlink,0,875.783565
string128,ahash,1024,iter-dense-for,baseline,1,271.266077
string128,ahash,1024,iter-dense-for,quick_cache,1,506.510417
string128,ahash,1024,iter-dense-for,lru,1,804.865385
string128,ahash,1024,iter-dense-for,hashlink,1,985.745117
string128,ahash,1024,iter-dense-for,micro,1,283.124623
string128,ahash,1024,iter-dense-for,quick_cache,2,512.008832
string128,ahash,1024,iter-dense-for,lru,2,748.656498
string128,ahash,1024,iter-dense-for,hashlink,2,896.565179
string128,ahash,1024,iter-dense-for,micro,2,272.169384
string128,ahash,1024,iter-dense-for,baseline,2,272.737282
string128,ahash,1024,iter-dense-for,lru,3,760.196069
string128,ahash,1024,iter-dense-for,hashlink,3,893.340774
string128,ahash,1024,iter-dense-for,micro,3,272.290217
string128,ahash,1024,iter-dense-for,baseline,3,272.305254
string128,ahash,1024,iter-dense-for,quick_cache,3,505.957325
string128,ahash,1024,iter-dense-for,hashlink,4,901.736012
string128,ahash,1024,iter-dense-for,micro,4,272.642624
string128,ahash,1024,iter-dense-for,baseline,4,272.290127
string128,ahash,1024,iter-dense-for,quick_cache,4,506.587534
string128,ahash,1024,iter-dense-for,lru,4,753.229250
string128,ahash,1024,iter-density-1pct,micro,0,339.524030
string128,ahash,1024,iter-density-1pct,baseline,0,342.286382
string128,ahash,1024,iter-density-1pct,quick_cache,0,202.975649
string128,ahash,1024,iter-density-1pct,lru,0,4.264003
string128,ahash,1024,iter-density-1pct,hashlink,0,4.226648
string128,ahash,1024,iter-density-1pct,baseline,1,345.482881
string128,ahash,1024,iter-density-1pct,quick_cache,1,204.668233
string128,ahash,1024,iter-density-1pct,lru,1,4.339273
string128,ahash,1024,iter-density-1pct,hashlink,1,5.141776
string128,ahash,1024,iter-density-1pct,micro,1,379.844509
string128,ahash,1024,iter-density-1pct,quick_cache,2,179.764847
string128,ahash,1024,iter-density-1pct,lru,2,4.520657
string128,ahash,1024,iter-density-1pct,hashlink,2,4.273017
string128,ahash,1024,iter-density-1pct,micro,2,333.144060
string128,ahash,1024,iter-density-1pct,baseline,2,327.548780
string128,ahash,1024,iter-density-1pct,lru,3,4.265883
string128,ahash,1024,iter-density-1pct,hashlink,3,4.242333
string128,ahash,1024,iter-density-1pct,micro,3,345.339269
string128,ahash,1024,iter-density-1pct,baseline,3,339.119810
string128,ahash,1024,iter-density-1pct,quick_cache,3,202.142848
string128,ahash,1024,iter-density-1pct,hashlink,4,4.238246
string128,ahash,1024,iter-density-1pct,micro,4,344.436813
string128,ahash,1024,iter-density-1pct,baseline,4,344.970703
string128,ahash,1024,iter-density-1pct,quick_cache,4,203.923234
string128,ahash,1024,iter-density-1pct,lru,4,4.302156
string128,ahash,1024,iter-density-6pct,micro,0,283.905306
string128,ahash,1024,iter-density-6pct,baseline,0,296.410883
string128,ahash,1024,iter-density-6pct,quick_cache,0,208.697917
string128,ahash,1024,iter-density-6pct,lru,0,51.547176
string128,ahash,1024,iter-density-6pct,hashlink,0,50.490963
string128,ahash,1024,iter-density-6pct,baseline,1,296.406743
string128,ahash,1024,iter-density-6pct,quick_cache,1,208.913349
string128,ahash,1024,iter-density-6pct,lru,1,50.943220
string128,ahash,1024,iter-density-6pct,hashlink,1,50.738975
string128,ahash,1024,iter-density-6pct,micro,1,296.230087
string128,ahash,1024,iter-density-6pct,quick_cache,2,214.436501
string128,ahash,1024,iter-density-6pct,lru,2,54.398999
string128,ahash,1024,iter-density-6pct,hashlink,2,54.460656
string128,ahash,1024,iter-density-6pct,micro,2,298.309325
string128,ahash,1024,iter-density-6pct,baseline,2,296.673699
string128,ahash,1024,iter-density-6pct,lru,3,50.919093
string128,ahash,1024,iter-density-6pct,hashlink,3,50.604172
string128,ahash,1024,iter-density-6pct,micro,3,297.196400
string128,ahash,1024,iter-density-6pct,baseline,3,297.320016
string128,ahash,1024,iter-density-6pct,quick_cache,3,209.615095
string128,ahash,1024,iter-density-6pct,hashlink,4,51.110507
string128,ahash,1024,iter-density-6pct,micro,4,297.488924
string128,ahash,1024,iter-density-6pct,baseline,4,295.901518
string128,ahash,1024,iter-density-6pct,quick_cache,4,208.090840
string128,ahash,1024,iter-density-6pct,lru,4,51.285558
string128,ahash,1024,iter-density-quarter,micro,0,375.020875
string128,ahash,1024,iter-density-quarter,baseline,0,372.922867
string128,ahash,1024,iter-density-quarter,quick_cache,0,194.452510
string128,ahash,1024,iter-density-quarter,lru,0,296.488959
string128,ahash,1024,iter-density-quarter,hashlink,0,295.265822
string128,ahash,1024,iter-density-quarter,baseline,1,375.343750
string128,ahash,1024,iter-density-quarter,quick_cache,1,193.830127
string128,ahash,1024,iter-density-quarter,lru,1,295.823541
string128,ahash,1024,iter-density-quarter,hashlink,1,293.196680
string128,ahash,1024,iter-density-quarter,micro,1,372.111607
string128,ahash,1024,iter-density-quarter,quick_cache,2,194.188341
string128,ahash,1024,iter-density-quarter,lru,2,313.255208
string128,ahash,1024,iter-density-quarter,hashlink,2,320.432487
string128,ahash,1024,iter-density-quarter,micro,2,394.591518
string128,ahash,1024,iter-density-quarter,baseline,2,371.701087
string128,ahash,1024,iter-density-quarter,lru,3,293.713379
string128,ahash,1024,iter-density-quarter,hashlink,3,297.685218
string128,ahash,1024,iter-density-quarter,micro,3,373.155382
string128,ahash,1024,iter-density-quarter,baseline,3,373.124380
string128,ahash,1024,iter-density-quarter,quick_cache,3,196.353033
string128,ahash,1024,iter-density-quarter,hashlink,4,296.037066
string128,ahash,1024,iter-density-quarter,micro,4,373.516989
string128,ahash,1024,iter-density-quarter,baseline,4,372.122024
string128,ahash,1024,iter-density-quarter,quick_cache,4,195.597331
string128,ahash,1024,iter-density-quarter,lru,4,297.546677
string128,ahash,1024,iter-density-half,micro,0,494.263980
string128,ahash,1024,iter-density-half,baseline,0,492.180628
string128,ahash,1024,iter-density-half,quick_cache,0,196.920335
string128,ahash,1024,iter-density-half,lru,0,627.144167
string128,ahash,1024,iter-density-half,hashlink,0,618.935033
string128,ahash,1024,iter-density-half,baseline,1,489.101888
string128,ahash,1024,iter-density-half,quick_cache,1,195.907816
string128,ahash,1024,iter-density-half,lru,1,631.300755
string128,ahash,1024,iter-density-half,hashlink,1,615.476920
string128,ahash,1024,iter-density-half,micro,1,488.423665
string128,ahash,1024,iter-density-half,quick_cache,2,195.858886
string128,ahash,1024,iter-density-half,lru,2,622.973717
string128,ahash,1024,iter-density-half,hashlink,2,619.577508
string128,ahash,1024,iter-density-half,micro,2,522.952778
string128,ahash,1024,iter-density-half,baseline,2,523.227778
string128,ahash,1024,iter-density-half,lru,3,643.443279
string128,ahash,1024,iter-density-half,hashlink,3,595.307555
string128,ahash,1024,iter-density-half,micro,3,484.368235
string128,ahash,1024,iter-density-half,baseline,3,476.126269
string128,ahash,1024,iter-density-half,quick_cache,3,193.840974
string128,ahash,1024,iter-density-half,hashlink,4,606.880040
string128,ahash,1024,iter-density-half,micro,4,488.437174
string128,ahash,1024,iter-density-half,baseline,4,487.033193
string128,ahash,1024,iter-density-half,quick_cache,4,196.030141
string128,ahash,1024,iter-density-half,lru,4,619.620271
string128,ahash,1024,iter-front,micro,0,255.126953
string128,ahash,1024,iter-front,baseline,0,255.247283
string128,ahash,1024,iter-front,quick_cache,0,163.558907
string128,ahash,1024,iter-front,lru,0,1.193386
string128,ahash,1024,iter-front,hashlink,0,1.183622
string128,ahash,1024,iter-front,baseline,1,261.918820
string128,ahash,1024,iter-front,quick_cache,1,165.458719
string128,ahash,1024,iter-front,lru,1,1.192323
string128,ahash,1024,iter-front,hashlink,1,1.181609
string128,ahash,1024,iter-front,micro,1,261.646240
string128,ahash,1024,iter-front,quick_cache,2,166.152765
string128,ahash,1024,iter-front,lru,2,1.190416
string128,ahash,1024,iter-front,hashlink,2,1.147589
string128,ahash,1024,iter-front,micro,2,263.042717
string128,ahash,1024,iter-front,baseline,2,267.067649
string128,ahash,1024,iter-front,lru,3,1.218070
string128,ahash,1024,iter-front,hashlink,3,1.169084
string128,ahash,1024,iter-front,micro,3,257.719437
string128,ahash,1024,iter-front,baseline,3,252.478159
string128,ahash,1024,iter-front,quick_cache,3,164.466123
string128,ahash,1024,iter-front,hashlink,4,1.174179
string128,ahash,1024,iter-front,micro,4,262.630515
string128,ahash,1024,iter-front,baseline,4,259.980177
string128,ahash,1024,iter-front,quick_cache,4,164.592434
string128,ahash,1024,iter-front,lru,4,1.198267
string128,ahash,1024,iter-back,micro,0,272.358062
string128,ahash,1024,iter-back,baseline,0,271.047868
string128,ahash,1024,iter-back,quick_cache,0,166.583426
string128,ahash,1024,iter-back,lru,0,1.198359
string128,ahash,1024,iter-back,hashlink,0,1.150688
string128,ahash,1024,iter-back,baseline,1,269.527478
string128,ahash,1024,iter-back,quick_cache,1,169.055011
string128,ahash,1024,iter-back,lru,1,1.215811
string128,ahash,1024,iter-back,hashlink,1,1.170149
string128,ahash,1024,iter-back,micro,1,270.863383
string128,ahash,1024,iter-back,quick_cache,2,167.198139
string128,ahash,1024,iter-back,lru,2,1.204920
string128,ahash,1024,iter-back,hashlink,2,1.153789
string128,ahash,1024,iter-back,micro,2,268.206875
string128,ahash,1024,iter-back,baseline,2,268.285000
string128,ahash,1024,iter-back,lru,3,1.214190
string128,ahash,1024,iter-back,hashlink,3,1.192915
string128,ahash,1024,iter-back,micro,3,274.294134
string128,ahash,1024,iter-back,baseline,3,272.433605
string128,ahash,1024,iter-back,quick_cache,3,167.055883
string128,ahash,1024,iter-back,hashlink,4,1.155681
string128,ahash,1024,iter-back,micro,4,268.348214
string128,ahash,1024,iter-back,baseline,4,268.900698
string128,ahash,1024,iter-back,quick_cache,4,168.455004
string128,ahash,1024,iter-back,lru,4,1.187731
string128,ahash,1024,iter-empty,micro,0,267.635684
string128,ahash,1024,iter-empty,baseline,0,265.018097
string128,ahash,1024,iter-empty,quick_cache,0,166.761490
string128,ahash,1024,iter-empty,lru,0,0.990617
string128,ahash,1024,iter-empty,hashlink,0,0.996355
string128,ahash,1024,iter-empty,baseline,1,266.292670
string128,ahash,1024,iter-empty,quick_cache,1,167.395443
string128,ahash,1024,iter-empty,lru,1,0.990261
string128,ahash,1024,iter-empty,hashlink,1,2.129182
string128,ahash,1024,iter-empty,micro,1,484.247423
string128,ahash,1024,iter-empty,quick_cache,2,400.589248
string128,ahash,1024,iter-empty,lru,2,2.503640
string128,ahash,1024,iter-empty,hashlink,2,1.444951
string128,ahash,1024,iter-empty,micro,2,442.769752
string128,ahash,1024,iter-empty,baseline,2,314.180916
string128,ahash,1024,iter-empty,lru,3,2.158974
string128,ahash,1024,iter-empty,hashlink,3,1.393348
string128,ahash,1024,iter-empty,micro,3,271.480582
string128,ahash,1024,iter-empty,baseline,3,274.157072
string128,ahash,1024,iter-empty,quick_cache,3,169.931329
string128,ahash,1024,iter-empty,hashlink,4,0.996778
string128,ahash,1024,iter-empty,micro,4,263.558462
string128,ahash,1024,iter-empty,baseline,4,263.097426
string128,ahash,1024,iter-empty,quick_cache,4,167.309548
string128,ahash,1024,iter-empty,lru,4,0.992820
string128,ahash,1024,iter-count,micro,0,268.140359
string128,ahash,1024,iter-count,baseline,0,264.261372
string128,ahash,1024,iter-count,quick_cache,0,495.469727
string128,ahash,1024,iter-count,lru,0,0.396517
string128,ahash,1024,iter-count,hashlink,0,0.396861
string128,ahash,1024,iter-count,baseline,1,265.549045
string128,ahash,1024,iter-count,quick_cache,1,491.353353
string128,ahash,1024,iter-count,lru,1,0.395090
string128,ahash,1024,iter-count,hashlink,1,0.399018
string128,ahash,1024,iter-count,micro,1,263.664670
string128,ahash,1024,iter-count,quick_cache,2,491.482259
string128,ahash,1024,iter-count,lru,2,0.396507
string128,ahash,1024,iter-count,hashlink,2,0.398928
string128,ahash,1024,iter-count,micro,2,263.722483
string128,ahash,1024,iter-count,baseline,2,260.260954
string128,ahash,1024,iter-count,lru,3,0.398678
string128,ahash,1024,iter-count,hashlink,3,0.397499
string128,ahash,1024,iter-count,micro,3,265.932465
string128,ahash,1024,iter-count,baseline,3,270.363548
string128,ahash,1024,iter-count,quick_cache,3,513.579823
string128,ahash,1024,iter-count,hashlink,4,0.408296
string128,ahash,1024,iter-count,micro,4,259.188859
string128,ahash,1024,iter-count,baseline,4,254.127909
string128,ahash,1024,iter-count,quick_cache,4,464.743540
string128,ahash,1024,iter-count,lru,4,0.385022
string128,ahash,16384,get-hit,micro,0,21.170152
string128,ahash,16384,get-hit,baseline,0,20.976596
string128,ahash,16384,get-hit,quick_cache,0,22.177304
string128,ahash,16384,get-hit,lru,0,22.693410
string128,ahash,16384,get-hit,hashlink,0,21.810195
string128,ahash,16384,get-hit,baseline,1,21.504435
string128,ahash,16384,get-hit,quick_cache,1,22.074980
string128,ahash,16384,get-hit,lru,1,22.784962
string128,ahash,16384,get-hit,hashlink,1,21.733004
string128,ahash,16384,get-hit,micro,1,21.477024
string128,ahash,16384,get-hit,quick_cache,2,22.040872
string128,ahash,16384,get-hit,lru,2,22.920288
string128,ahash,16384,get-hit,hashlink,2,22.602158
string128,ahash,16384,get-hit,micro,2,23.901939
string128,ahash,16384,get-hit,baseline,2,21.403843
string128,ahash,16384,get-hit,lru,3,22.728710
string128,ahash,16384,get-hit,hashlink,3,21.853279
string128,ahash,16384,get-hit,micro,3,21.628583
string128,ahash,16384,get-hit,baseline,3,21.654613
string128,ahash,16384,get-hit,quick_cache,3,22.112972
string128,ahash,16384,get-hit,hashlink,4,21.859856
string128,ahash,16384,get-hit,micro,4,21.535238
string128,ahash,16384,get-hit,baseline,4,21.362027
string128,ahash,16384,get-hit,quick_cache,4,22.247616
string128,ahash,16384,get-hit,lru,4,23.657799
string128,ahash,16384,get-miss,micro,0,12.051821
string128,ahash,16384,get-miss,baseline,0,11.992916
string128,ahash,16384,get-miss,quick_cache,0,11.859690
string128,ahash,16384,get-miss,lru,0,11.886924
string128,ahash,16384,get-miss,hashlink,0,11.711441
string128,ahash,16384,get-miss,baseline,1,11.903005
string128,ahash,16384,get-miss,quick_cache,1,11.994066
string128,ahash,16384,get-miss,lru,1,12.347070
string128,ahash,16384,get-miss,hashlink,1,12.172903
string128,ahash,16384,get-miss,micro,1,11.961741
string128,ahash,16384,get-miss,quick_cache,2,11.942217
string128,ahash,16384,get-miss,lru,2,12.225513
string128,ahash,16384,get-miss,hashlink,2,11.902675
string128,ahash,16384,get-miss,micro,2,11.908254
string128,ahash,16384,get-miss,baseline,2,11.913177
string128,ahash,16384,get-miss,lru,3,11.966171
string128,ahash,16384,get-miss,hashlink,3,11.730194
string128,ahash,16384,get-miss,micro,3,11.900048
string128,ahash,16384,get-miss,baseline,3,11.928108
string128,ahash,16384,get-miss,quick_cache,3,11.874949
string128,ahash,16384,get-miss,hashlink,4,11.738461
string128,ahash,16384,get-miss,micro,4,11.986517
string128,ahash,16384,get-miss,baseline,4,11.911865
string128,ahash,16384,get-miss,quick_cache,4,11.900871
string128,ahash,16384,get-miss,lru,4,11.898410
string128,ahash,16384,update,micro,0,35.776312
string128,ahash,16384,update,baseline,0,36.739924
string128,ahash,16384,update,quick_cache,0,207.178711
string128,ahash,16384,update,lru,0,38.555396
string128,ahash,16384,update,hashlink,0,36.528620
string128,ahash,16384,update,baseline,1,35.403620
string128,ahash,16384,update,quick_cache,1,168.331543
string128,ahash,16384,update,lru,1,36.523526
string128,ahash,16384,update,hashlink,1,36.355680
string128,ahash,16384,update,micro,1,35.634821
string128,ahash,16384,update,quick_cache,2,167.315999
string128,ahash,16384,update,lru,2,36.511042
string128,ahash,16384,update,hashlink,2,36.238703
string128,ahash,16384,update,micro,2,35.513217
string128,ahash,16384,update,baseline,2,35.396695
string128,ahash,16384,update,lru,3,36.556818
string128,ahash,16384,update,hashlink,3,36.330256
string128,ahash,16384,update,micro,3,35.688454
string128,ahash,16384,update,baseline,3,36.506880
string128,ahash,16384,update,quick_cache,3,196.197510
string128,ahash,16384,update,hashlink,4,36.569303
string128,ahash,16384,update,micro,4,36.059759
string128,ahash,16384,update,baseline,4,35.628340
string128,ahash,16384,update,quick_cache,4,167.739868
string128,ahash,16384,update,lru,4,36.796570
string128,ahash,16384,insert-cycle,micro,0,51.703140
string128,ahash,16384,insert-cycle,baseline,0,53.245544
string128,ahash,16384,insert-cycle,quick_cache,0,46.281174
string128,ahash,16384,insert-cycle,lru,0,71.560547
string128,ahash,16384,insert-cycle,hashlink,0,61.597198
string128,ahash,16384,insert-cycle,baseline,1,53.360626
string128,ahash,16384,insert-cycle,quick_cache,1,80.706924
string128,ahash,16384,insert-cycle,lru,1,164.834320
string128,ahash,16384,insert-cycle,hashlink,1,63.631058
string128,ahash,16384,insert-cycle,micro,1,51.766068
string128,ahash,16384,insert-cycle,quick_cache,2,48.253372
string128,ahash,16384,insert-cycle,lru,2,73.962524
string128,ahash,16384,insert-cycle,hashlink,2,64.095169
string128,ahash,16384,insert-cycle,micro,2,52.603409
string128,ahash,16384,insert-cycle,baseline,2,51.853821
string128,ahash,16384,insert-cycle,lru,3,74.127838
string128,ahash,16384,insert-cycle,hashlink,3,61.480194
string128,ahash,16384,insert-cycle,micro,3,54.605484
string128,ahash,16384,insert-cycle,baseline,3,53.663879
string128,ahash,16384,insert-cycle,quick_cache,3,54.081604
string128,ahash,16384,insert-cycle,hashlink,4,63.353851
string128,ahash,16384,insert-cycle,micro,4,52.871704
string128,ahash,16384,insert-cycle,baseline,4,51.910400
string128,ahash,16384,insert-cycle,quick_cache,4,48.339844
string128,ahash,16384,insert-cycle,lru,4,72.799042
string128,ahash,16384,mixed-95,micro,0,24.668872
string128,ahash,16384,mixed-95,baseline,0,24.882913
string128,ahash,16384,mixed-95,quick_cache,0,28.219720
string128,ahash,16384,mixed-95,lru,0,27.125537
string128,ahash,16384,mixed-95,hashlink,0,26.776850
string128,ahash,16384,mixed-95,baseline,1,27.037402
string128,ahash,16384,mixed-95,quick_cache,1,28.398792
string128,ahash,16384,mixed-95,lru,1,27.020196
string128,ahash,16384,mixed-95,hashlink,1,26.651919
string128,ahash,16384,mixed-95,micro,1,26.919186
string128,ahash,16384,mixed-95,quick_cache,2,28.344770
string128,ahash,16384,mixed-95,lru,2,24.997930
string128,ahash,16384,mixed-95,hashlink,2,24.355412
string128,ahash,16384,mixed-95,micro,2,25.420646
string128,ahash,16384,mixed-95,baseline,2,24.824381
string128,ahash,16384,mixed-95,lru,3,26.761194
string128,ahash,16384,mixed-95,hashlink,3,26.634455
string128,ahash,16384,mixed-95,micro,3,26.772122
string128,ahash,16384,mixed-95,baseline,3,25.595446
string128,ahash,16384,mixed-95,quick_cache,3,26.225249
string128,ahash,16384,mixed-95,hashlink,4,24.684290
string128,ahash,16384,mixed-95,micro,4,24.824381
string128,ahash,16384,mixed-95,baseline,4,24.848044
string128,ahash,16384,mixed-95,quick_cache,4,25.964300
string128,ahash,16384,mixed-95,lru,4,24.768393
string128,ahash,16384,load-hit,micro,0,23.706116
string128,ahash,16384,load-hit,baseline,0,37.990320
string128,ahash,16384,load-hit,quick_cache,0,24.747388
string128,ahash,16384,load-hit,lru,0,23.749985
string128,ahash,16384,load-hit,hashlink,0,22.719145
string128,ahash,16384,load-hit,baseline,1,46.301514
string128,ahash,16384,load-hit,quick_cache,1,24.887085
string128,ahash,16384,load-hit,lru,1,23.743309
string128,ahash,16384,load-hit,hashlink,1,21.841309
string128,ahash,16384,load-hit,micro,1,24.071693
string128,ahash,16384,load-hit,quick_cache,2,24.853174
string128,ahash,16384,load-hit,lru,2,23.668922
string128,ahash,16384,load-hit,hashlink,2,22.011554
string128,ahash,16384,load-hit,micro,2,23.914337
string128,ahash,16384,load-hit,baseline,2,37.512720
string128,ahash,16384,load-hit,lru,3,23.744583
string128,ahash,16384,load-hit,hashlink,3,21.809599
string128,ahash,16384,load-hit,micro,3,23.902252
string128,ahash,16384,load-hit,baseline,3,37.667847
string128,ahash,16384,load-hit,quick_cache,3,24.884375
string128,ahash,16384,load-hit,hashlink,4,21.860754
string128,ahash,16384,load-hit,micro,4,23.759842
string128,ahash,16384,load-hit,baseline,4,37.127686
string128,ahash,16384,load-hit,quick_cache,4,25.653076
string128,ahash,16384,load-hit,lru,4,24.946769
string128,ahash,16384,load-cycle,micro,0,52.160904
string128,ahash,16384,load-cycle,baseline,0,56.818634
string128,ahash,16384,load-cycle,quick_cache,0,33.740570
string128,ahash,16384,load-cycle,lru,0,71.859985
string128,ahash,16384,load-cycle,hashlink,0,69.235489
string128,ahash,16384,load-cycle,baseline,1,56.390121
string128,ahash,16384,load-cycle,quick_cache,1,33.505341
string128,ahash,16384,load-cycle,lru,1,71.571991
string128,ahash,16384,load-cycle,hashlink,1,68.854019
string128,ahash,16384,load-cycle,micro,1,53.426743
string128,ahash,16384,load-cycle,quick_cache,2,33.429464
string128,ahash,16384,load-cycle,lru,2,71.050003
string128,ahash,16384,load-cycle,hashlink,2,70.647568
string128,ahash,16384,load-cycle,micro,2,56.313202
string128,ahash,16384,load-cycle,baseline,2,55.594757
string128,ahash,16384,load-cycle,lru,3,75.700760
string128,ahash,16384,load-cycle,hashlink,3,69.908768
string128,ahash,16384,load-cycle,micro,3,54.179504
string128,ahash,16384,load-cycle,baseline,3,55.443451
string128,ahash,16384,load-cycle,quick_cache,3,37.186513
string128,ahash,16384,load-cycle,hashlink,4,71.491241
string128,ahash,16384,load-cycle,micro,4,52.569702
string128,ahash,16384,load-cycle,baseline,4,56.252167
string128,ahash,16384,load-cycle,quick_cache,4,35.341044
string128,ahash,16384,load-cycle,lru,4,79.544693
string128,ahash,16384,clear-refill,micro,0,581909.666667
string128,ahash,16384,clear-refill,baseline,0,644316.600000
string128,ahash,16384,clear-refill,quick_cache,0,666866.600000
string128,ahash,16384,clear-refill,lru,0,1323805.333333
string128,ahash,16384,clear-refill,hashlink,0,761812.500000
string128,ahash,16384,clear-refill,baseline,1,559514.000000
string128,ahash,16384,clear-refill,quick_cache,1,589812.500000
string128,ahash,16384,clear-refill,lru,1,1369833.333333
string128,ahash,16384,clear-refill,hashlink,1,796677.000000
string128,ahash,16384,clear-refill,micro,1,586465.333333
string128,ahash,16384,clear-refill,quick_cache,2,623850.000000
string128,ahash,16384,clear-refill,lru,2,1371055.666667
string128,ahash,16384,clear-refill,hashlink,2,795531.250000
string128,ahash,16384,clear-refill,micro,2,580548.666667
string128,ahash,16384,clear-refill,baseline,2,573652.666667
string128,ahash,16384,clear-refill,lru,3,1370194.333333
string128,ahash,16384,clear-refill,hashlink,3,817156.250000
string128,ahash,16384,clear-refill,micro,3,631975.000000
string128,ahash,16384,clear-refill,baseline,3,583118.000000
string128,ahash,16384,clear-refill,quick_cache,3,583736.166667
string128,ahash,16384,clear-refill,hashlink,4,785687.500000
string128,ahash,16384,clear-refill,micro,4,567576.500000
string128,ahash,16384,clear-refill,baseline,4,584861.166667
string128,ahash,16384,clear-refill,quick_cache,4,597562.500000
string128,ahash,16384,clear-refill,lru,4,1376264.000000
string128,ahash,16384,clear-empty,micro,0,323.822846
string128,ahash,16384,clear-empty,baseline,0,323.897698
string128,ahash,16384,clear-empty,quick_cache,0,3.958635
string128,ahash,16384,clear-empty,lru,0,2.152138
string128,ahash,16384,clear-empty,hashlink,0,0.610614
string128,ahash,16384,clear-empty,baseline,1,324.790541
string128,ahash,16384,clear-empty,quick_cache,1,3.978183
string128,ahash,16384,clear-empty,lru,1,2.147042
string128,ahash,16384,clear-empty,hashlink,1,0.608712
string128,ahash,16384,clear-empty,micro,1,435.320173
string128,ahash,16384,clear-empty,quick_cache,2,4.067880
string128,ahash,16384,clear-empty,lru,2,2.145928
string128,ahash,16384,clear-empty,hashlink,2,0.615651
string128,ahash,16384,clear-empty,micro,2,326.203451
string128,ahash,16384,clear-empty,baseline,2,323.919658
string128,ahash,16384,clear-empty,lru,3,2.138216
string128,ahash,16384,clear-empty,hashlink,3,0.607764
string128,ahash,16384,clear-empty,micro,3,325.990994
string128,ahash,16384,clear-empty,baseline,3,324.803737
string128,ahash,16384,clear-empty,quick_cache,3,4.069236
string128,ahash,16384,clear-empty,hashlink,4,0.630049
string128,ahash,16384,clear-empty,micro,4,324.016470
string128,ahash,16384,clear-empty,baseline,4,325.010557
string128,ahash,16384,clear-empty,quick_cache,4,3.960650
string128,ahash,16384,clear-empty,lru,4,2.150229
string128,ahash,16384,iter-dense,micro,0,6097.250000
string128,ahash,16384,iter-dense,baseline,0,6084.392578
string128,ahash,16384,iter-dense,quick_cache,0,6942.892857
string128,ahash,16384,iter-dense,lru,0,26349.929688
string128,ahash,16384,iter-dense,hashlink,0,29957.031250
string128,ahash,16384,iter-dense,baseline,1,6139.730469
string128,ahash,16384,iter-dense,quick_cache,1,6985.770089
string128,ahash,16384,iter-dense,lru,1,26169.273438
string128,ahash,16384,iter-dense,hashlink,1,27755.859375
string128,ahash,16384,iter-dense,micro,1,6117.839844
string128,ahash,16384,iter-dense,quick_cache,2,6999.162946
string128,ahash,16384,iter-dense,lru,2,26026.039062
string128,ahash,16384,iter-dense,hashlink,2,26895.835938
string128,ahash,16384,iter-dense,micro,2,6093.505859
string128,ahash,16384,iter-dense,baseline,2,6088.867188
string128,ahash,16384,iter-dense,lru,3,25465.820312
string128,ahash,16384,iter-dense,hashlink,3,26882.812500
string128,ahash,16384,iter-dense,micro,3,6057.373047
string128,ahash,16384,iter-dense,baseline,3,6061.685547
string128,ahash,16384,iter-dense,quick_cache,3,6910.620536
string128,ahash,16384,iter-dense,hashlink,4,25761.718750
string128,ahash,16384,iter-dense,micro,4,6237.222656
string128,ahash,16384,iter-dense,baseline,4,6201.253906
string128,ahash,16384,iter-dense,quick_cache,4,6893.323661
string128,ahash,16384,iter-dense,lru,4,27762.367188
string128,ahash,16384,iter-dense-for,micro,0,6070.718750
string128,ahash,16384,iter-dense-for,baseline,0,6024.982422
string128,ahash,16384,iter-dense-for,quick_cache,0,7061.941964
string128,ahash,16384,iter-dense-for,lru,0,24507.812500
string128,ahash,16384,iter-dense-for,hashlink,0,22723.175000
string128,ahash,16384,iter-dense-for,baseline,1,6069.009766
string128,ahash,16384,iter-dense-for,quick_cache,1,7091.890625
string128,ahash,16384,iter-dense-for,lru,1,24852.539062
string128,ahash,16384,iter-dense-for,hashlink,1,21052.868750
string128,ahash,16384,iter-dense-for,micro,1,6059.978516
string128,ahash,16384,iter-dense-for,quick_cache,2,7087.611607
string128,ahash,16384,iter-dense-for,lru,2,25180.015625
string128,ahash,16384,iter-dense-for,hashlink,2,20802.081250
string128,ahash,16384,iter-dense-for,micro,2,6204.101562
string128,ahash,16384,iter-dense-for,baseline,2,6242.025391
string128,ahash,16384,iter-dense-for,lru,3,25820.960938
string128,ahash,16384,iter-dense-for,hashlink,3,21254.168750
string128,ahash,16384,iter-dense-for,micro,3,6145.996094
string128,ahash,16384,iter-dense-for,baseline,3,6086.914062
string128,ahash,16384,iter-dense-for,quick_cache,3,7048.270089
string128,ahash,16384,iter-dense-for,hashlink,4,28154.625000
string128,ahash,16384,iter-dense-for,micro,4,6057.210938
string128,ahash,16384,iter-dense-for,baseline,4,6059.732422
string128,ahash,16384,iter-dense-for,quick_cache,4,7042.783482
string128,ahash,16384,iter-dense-for,lru,4,22910.156250
string128,ahash,16384,iter-density-1pct,micro,0,6638.020833
string128,ahash,16384,iter-density-1pct,baseline,0,6612.675000
string128,ahash,16384,iter-density-1pct,quick_cache,0,6871.930804
string128,ahash,16384,iter-density-1pct,lru,0,187.357036
string128,ahash,16384,iter-density-1pct,hashlink,0,183.189392
string128,ahash,16384,iter-density-1pct,baseline,1,6580.295833
string128,ahash,16384,iter-density-1pct,quick_cache,1,7277.543269
string128,ahash,16384,iter-density-1pct,lru,1,194.209951
string128,ahash,16384,iter-density-1pct,hashlink,1,182.064138
string128,ahash,16384,iter-density-1pct,micro,1,6572.570833
string128,ahash,16384,iter-density-1pct,quick_cache,2,7121.466518
string128,ahash,16384,iter-density-1pct,lru,2,186.810072
string128,ahash,16384,iter-density-1pct,hashlink,2,184.816375
string128,ahash,16384,iter-density-1pct,micro,2,6566.754167
string128,ahash,16384,iter-density-1pct,baseline,2,6605.641667
string128,ahash,16384,iter-density-1pct,lru,3,186.197917
string128,ahash,16384,iter-density-1pct,hashlink,3,182.061590
string128,ahash,16384,iter-density-1pct,micro,3,6562.760417
string128,ahash,16384,iter-density-1pct,baseline,3,6601.127083
string128,ahash,16384,iter-density-1pct,quick_cache,3,7000.837054
string128,ahash,16384,iter-density-1pct,hashlink,4,173.326305
string128,ahash,16384,iter-density-1pct,micro,4,6503.039583
string128,ahash,16384,iter-density-1pct,baseline,4,6411.370833
string128,ahash,16384,iter-density-1pct,quick_cache,4,6860.118304
string128,ahash,16384,iter-density-1pct,lru,4,190.908727
string128,ahash,16384,iter-density-6pct,micro,0,5582.873162
string128,ahash,16384,iter-density-6pct,baseline,0,5471.642361
string128,ahash,16384,iter-density-6pct,quick_cache,0,6670.660417
string128,ahash,16384,iter-density-6pct,lru,0,1343.768304
string128,ahash,16384,iter-density-6pct,hashlink,0,1332.526408
string128,ahash,16384,iter-density-6pct,baseline,1,5397.786458
string128,ahash,16384,iter-density-6pct,quick_cache,1,6638.454167
string128,ahash,16384,iter-density-6pct,lru,1,1363.469656
string128,ahash,16384,iter-density-6pct,hashlink,1,1254.305417
string128,ahash,16384,iter-density-6pct,micro,1,5620.174632
string128,ahash,16384,iter-density-6pct,quick_cache,2,6500.347917
string128,ahash,16384,iter-density-6pct,lru,2,1304.162760
string128,ahash,16384,iter-density-6pct,hashlink,2,1270.006334
string128,ahash,16384,iter-density-6pct,micro,2,5659.082721
string128,ahash,16384,iter-density-6pct,baseline,2,5552.849265
string128,ahash,16384,iter-density-6pct,lru,3,1328.693662
string128,ahash,16384,iter-density-6pct,hashlink,3,1365.980072
string128,ahash,16384,iter-density-6pct,micro,3,5610.906250
string128,ahash,16384,iter-density-6pct,baseline,3,5576.134191
string128,ahash,16384,iter-density-6pct,quick_cache,3,6611.022917
string128,ahash,16384,iter-density-6pct,hashlink,4,1369.168931
string128,ahash,16384,iter-density-6pct,micro,4,5645.297794
string128,ahash,16384,iter-density-6pct,baseline,4,5711.856618
string128,ahash,16384,iter-density-6pct,quick_cache,4,6514.668750
string128,ahash,16384,iter-density-6pct,lru,4,1306.640625
string128,ahash,16384,iter-density-quarter,micro,0,6059.244141
string128,ahash,16384,iter-density-quarter,baseline,0,6089.031250
string128,ahash,16384,iter-density-quarter,quick_cache,0,6849.515625
string128,ahash,16384,iter-density-quarter,lru,0,12225.261719
string128,ahash,16384,iter-density-quarter,hashlink,0,10331.640625
string128,ahash,16384,iter-density-quarter,baseline,1,6078.695312
string128,ahash,16384,iter-density-quarter,quick_cache,1,6881.232143
string128,ahash,16384,iter-density-quarter,lru,1,12193.359375
string128,ahash,16384,iter-density-quarter,hashlink,1,10499.131944
string128,ahash,16384,iter-density-quarter,micro,1,6089.599609
string128,ahash,16384,iter-density-quarter,quick_cache,2,7059.895089
string128,ahash,16384,iter-density-quarter,lru,2,13562.312500
string128,ahash,16384,iter-density-quarter,hashlink,2,10322.787500
string128,ahash,16384,iter-density-quarter,micro,2,6082.763672
string128,ahash,16384,iter-density-quarter,baseline,2,6073.892578
string128,ahash,16384,iter-density-quarter,lru,3,12761.554688
string128,ahash,16384,iter-density-quarter,hashlink,3,10364.193750
string128,ahash,16384,iter-density-quarter,micro,3,6055.908203
string128,ahash,16384,iter-density-quarter,baseline,3,6073.486328
string128,ahash,16384,iter-density-quarter,quick_cache,3,6929.966518
string128,ahash,16384,iter-density-quarter,hashlink,4,10071.484375
string128,ahash,16384,iter-density-quarter,micro,4,6105.468750
string128,ahash,16384,iter-density-quarter,baseline,4,5916.259766
string128,ahash,16384,iter-density-quarter,quick_cache,4,6701.544643
string128,ahash,16384,iter-density-quarter,lru,4,10503.906250
string128,ahash,16384,iter-density-half,micro,0,7942.164062
string128,ahash,16384,iter-density-half,baseline,0,7958.442708
string128,ahash,16384,iter-density-half,quick_cache,0,6934.245536
string128,ahash,16384,iter-density-half,lru,0,16556.640625
string128,ahash,16384,iter-density-half,hashlink,0,16721.135417
string128,ahash,16384,iter-density-half,baseline,1,7960.393229
string128,ahash,16384,iter-density-half,quick_cache,1,6822.078125
string128,ahash,16384,iter-density-half,lru,1,14917.410714
string128,ahash,16384,iter-density-half,hashlink,1,16005.208333
string128,ahash,16384,iter-density-half,micro,1,8003.361979
string128,ahash,16384,iter-density-half,quick_cache,2,6928.571429
string128,ahash,16384,iter-density-half,lru,2,14980.468750
string128,ahash,16384,iter-density-half,hashlink,2,15520.459821
string128,ahash,16384,iter-density-half,micro,2,8004.666667
string128,ahash,16384,iter-density-half,baseline,2,8001.843750
string128,ahash,16384,iter-density-half,lru,3,14747.955357
string128,ahash,16384,iter-density-half,hashlink,3,15401.227679
string128,ahash,16384,iter-density-half,micro,3,7992.406250
string128,ahash,16384,iter-density-half,baseline,3,7999.890625
string128,ahash,16384,iter-density-half,quick_cache,3,6933.593750
string128,ahash,16384,iter-density-half,hashlink,4,15676.213542
string128,ahash,16384,iter-density-half,micro,4,8357.638021
string128,ahash,16384,iter-density-half,baseline,4,8202.690104
string128,ahash,16384,iter-density-half,quick_cache,4,6931.267857
string128,ahash,16384,iter-density-half,lru,4,17254.125000
string128,ahash,16384,iter-front,micro,0,5719.132353
string128,ahash,16384,iter-front,baseline,0,5578.584559
string128,ahash,16384,iter-front,quick_cache,0,6824.685268
string128,ahash,16384,iter-front,lru,0,1.189615
string128,ahash,16384,iter-front,hashlink,0,1.132137
string128,ahash,16384,iter-front,baseline,1,5521.829044
string128,ahash,16384,iter-front,quick_cache,1,6981.584821
string128,ahash,16384,iter-front,lru,1,1.218609
string128,ahash,16384,iter-front,hashlink,1,1.145934
string128,ahash,16384,iter-front,micro,1,5618.259191
string128,ahash,16384,iter-front,quick_cache,2,7047.805804
string128,ahash,16384,iter-front,lru,2,1.186228
string128,ahash,16384,iter-front,hashlink,2,1.152385
string128,ahash,16384,iter-front,micro,2,5594.209559
string128,ahash,16384,iter-front,baseline,2,5640.318015
string128,ahash,16384,iter-front,lru,3,1.184161
string128,ahash,16384,iter-front,hashlink,3,1.184699
string128,ahash,16384,iter-front,micro,3,5514.705882
string128,ahash,16384,iter-front,baseline,3,5493.996528
string128,ahash,16384,iter-front,quick_cache,3,6974.330357
string128,ahash,16384,iter-front,hashlink,4,1.161336
string128,ahash,16384,iter-front,micro,4,5649.816176
string128,ahash,16384,iter-front,baseline,4,5444.010417
string128,ahash,16384,iter-front,quick_cache,4,6997.582589
string128,ahash,16384,iter-front,lru,4,1.197440
string128,ahash,16384,iter-back,micro,0,5594.898897
string128,ahash,16384,iter-back,baseline,0,5727.022059
string128,ahash,16384,iter-back,quick_cache,0,7017.392857
string128,ahash,16384,iter-back,lru,0,1.194237
string128,ahash,16384,iter-back,hashlink,0,1.147070
string128,ahash,16384,iter-back,baseline,1,5537.759191
string128,ahash,16384,iter-back,quick_cache,1,7233.673077
string128,ahash,16384,iter-back,lru,1,1.213137
string128,ahash,16384,iter-back,hashlink,1,1.142680
string128,ahash,16384,iter-back,micro,1,5532.933824
string128,ahash,16384,iter-back,quick_cache,2,7068.450893
string128,ahash,16384,iter-back,lru,2,1.181683
string128,ahash,16384,iter-back,hashlink,2,1.142151
string128,ahash,16384,iter-back,micro,2,5563.571691
string128,ahash,16384,iter-back,baseline,2,5464.626736
string128,ahash,16384,iter-back,lru,3,1.202848
string128,ahash,16384,iter-back,hashlink,3,1.128417
string128,ahash,16384,iter-back,micro,3,5554.840074
string128,ahash,16384,iter-back,baseline,3,5406.032986
string128,ahash,16384,iter-back,quick_cache,3,6800.131696
string128,ahash,16384,iter-back,hashlink,4,1.142067
string128,ahash,16384,iter-back,micro,4,5484.230903
string128,ahash,16384,iter-back,baseline,4,5504.847222
string128,ahash,16384,iter-back,quick_cache,4,6919.084821
string128,ahash,16384,iter-back,lru,4,1.200353
string128,ahash,16384,iter-empty,micro,0,5579.656250
string128,ahash,16384,iter-empty,baseline,0,5804.612132
string128,ahash,16384,iter-empty,quick_cache,0,6940.196429
string128,ahash,16384,iter-empty,lru,0,1.004737
string128,ahash,16384,iter-empty,hashlink,0,0.994463
string128,ahash,16384,iter-empty,baseline,1,5694.316176
string128,ahash,16384,iter-empty,quick_cache,1,6942.337054
string128,ahash,16384,iter-empty,lru,1,0.986977
string128,ahash,16384,iter-empty,hashlink,1,1.001410
string128,ahash,16384,iter-empty,micro,1,5589.689338
string128,ahash,16384,iter-empty,quick_cache,2,7041.667411
string128,ahash,16384,iter-empty,lru,2,0.992967
string128,ahash,16384,iter-empty,hashlink,2,1.003769
string128,ahash,16384,iter-empty,micro,2,5523.291667
string128,ahash,16384,iter-empty,baseline,2,5474.392361
string128,ahash,16384,iter-empty,lru,3,0.984624
string128,ahash,16384,iter-empty,hashlink,3,0.998700
string128,ahash,16384,iter-empty,micro,3,5760.569853
string128,ahash,16384,iter-empty,baseline,3,5572.992647
string128,ahash,16384,iter-empty,quick_cache,3,7214.043269
string128,ahash,16384,iter-empty,hashlink,4,0.998041
string128,ahash,16384,iter-empty,micro,4,5563.112132
string128,ahash,16384,iter-empty,baseline,4,5445.241319
string128,ahash,16384,iter-empty,quick_cache,4,7079.334821
string128,ahash,16384,iter-empty,lru,4,0.985877
string128,ahash,16384,iter-count,micro,0,5455.729167
string128,ahash,16384,iter-count,baseline,0,5703.776042
string128,ahash,16384,iter-count,quick_cache,0,7525.066406
string128,ahash,16384,iter-count,lru,0,0.392115
string128,ahash,16384,iter-count,hashlink,0,0.398394
string128,ahash,16384,iter-count,baseline,1,5412.000000
string128,ahash,16384,iter-count,quick_cache,1,7905.761719
string128,ahash,16384,iter-count,lru,1,0.396276
string128,ahash,16384,iter-count,hashlink,1,0.410608
string128,ahash,16384,iter-count,micro,1,5544.976562
string128,ahash,16384,iter-count,quick_cache,2,7949.056641
string128,ahash,16384,iter-count,lru,2,0.405774
string128,ahash,16384,iter-count,hashlink,2,0.400701
string128,ahash,16384,iter-count,micro,2,5389.593750
string128,ahash,16384,iter-count,baseline,2,5409.234375
string128,ahash,16384,iter-count,lru,3,0.397683
string128,ahash,16384,iter-count,hashlink,3,0.400422
string128,ahash,16384,iter-count,micro,3,5560.709635
string128,ahash,16384,iter-count,baseline,3,5410.752604
string128,ahash,16384,iter-count,quick_cache,3,7933.023438
string128,ahash,16384,iter-count,hashlink,4,0.399412
string128,ahash,16384,iter-count,micro,4,5422.092448
string128,ahash,16384,iter-count,baseline,4,5625.270833
string128,ahash,16384,iter-count,quick_cache,4,7954.183594
string128,ahash,16384,iter-count,lru,4,0.398121
