key,hasher,capacity,operation,library,sample,ns_per_op
u64,sip,128,get-hit,micro,0,5.222159
u64,sip,128,get-hit,baseline,0,5.275909
u64,sip,128,get-hit,quick_cache,0,5.199664
u64,sip,128,get-hit,lru,0,5.953964
u64,sip,128,get-hit,hashlink,0,5.694738
u64,sip,128,get-hit,baseline,1,5.295745
u64,sip,128,get-hit,quick_cache,1,5.296980
u64,sip,128,get-hit,lru,1,5.970370
u64,sip,128,get-hit,hashlink,1,5.617855
u64,sip,128,get-hit,micro,1,5.188705
u64,sip,128,get-hit,quick_cache,2,5.193146
u64,sip,128,get-hit,lru,2,6.012129
u64,sip,128,get-hit,hashlink,2,5.678305
u64,sip,128,get-hit,micro,2,5.236162
u64,sip,128,get-hit,baseline,2,5.248225
u64,sip,128,get-hit,lru,3,5.972422
u64,sip,128,get-hit,hashlink,3,5.617622
u64,sip,128,get-hit,micro,3,5.184765
u64,sip,128,get-hit,baseline,3,5.201026
u64,sip,128,get-hit,quick_cache,3,5.115085
u64,sip,128,get-hit,hashlink,4,5.539928
u64,sip,128,get-hit,micro,4,5.240958
u64,sip,128,get-hit,baseline,4,5.234855
u64,sip,128,get-hit,quick_cache,4,5.212201
u64,sip,128,get-hit,lru,4,5.948630
u64,sip,128,get-miss,micro,0,4.581261
u64,sip,128,get-miss,baseline,0,4.502087
u64,sip,128,get-miss,quick_cache,0,4.569851
u64,sip,128,get-miss,lru,0,4.948933
u64,sip,128,get-miss,hashlink,0,4.515299
u64,sip,128,get-miss,baseline,1,4.482362
u64,sip,128,get-miss,quick_cache,1,4.683096
u64,sip,128,get-miss,lru,1,4.942830
u64,sip,128,get-miss,hashlink,1,4.490860
u64,sip,128,get-miss,micro,1,4.570855
u64,sip,128,get-miss,quick_cache,2,4.612224
u64,sip,128,get-miss,lru,2,4.926283
u64,sip,128,get-miss,hashlink,2,4.598489
u64,sip,128,get-miss,micro,2,4.547056
u64,sip,128,get-miss,baseline,2,4.492844
u64,sip,128,get-miss,lru,3,4.859255
u64,sip,128,get-miss,hashlink,3,4.459733
u64,sip,128,get-miss,micro,3,4.474298
u64,sip,128,get-miss,baseline,3,4.458264
u64,sip,128,get-miss,quick_cache,3,4.576005
u64,sip,128,get-miss,hashlink,4,4.433260
u64,sip,128,get-miss,micro,4,4.456547
u64,sip,128,get-miss,baseline,4,4.444843
u64,sip,128,get-miss,quick_cache,4,4.556601
u64,sip,128,get-miss,lru,4,4.843594
u64,sip,128,update,micro,0,5.079575
u64,sip,128,update,baseline,0,5.048360
u64,sip,128,update,quick_cache,0,8.914403
u64,sip,128,update,lru,0,5.570923
u64,sip,128,update,hashlink,0,16.650574
u64,sip,128,update,baseline,1,5.307700
u64,sip,128,update,quick_cache,1,9.251022
u64,sip,128,update,lru,1,5.679633
u64,sip,128,update,hashlink,1,16.473962
u64,sip,128,update,micro,1,5.165710
u64,sip,128,update,quick_cache,2,9.391066
u64,sip,128,update,lru,2,5.574004
u64,sip,128,update,hashlink,2,16.392583
u64,sip,128,update,micro,2,5.212775
u64,sip,128,update,baseline,2,5.154504
u64,sip,128,update,lru,3,5.589957
u64,sip,128,update,hashlink,3,16.023719
u64,sip,128,update,micro,3,5.191141
u64,sip,128,update,baseline,3,5.156906
u64,sip,128,update,quick_cache,3,9.055283
u64,sip,128,update,hashlink,4,16.489444
u64,sip,128,update,micro,4,5.161052
u64,sip,128,update,baseline,4,5.113178
u64,sip,128,update,quick_cache,4,8.976634
u64,sip,128,update,lru,4,5.524820
u64,sip,128,insert-cycle,micro,0,11.531504
u64,sip,128,insert-cycle,baseline,0,11.587837
u64,sip,128,insert-cycle,quick_cache,0,16.485276
u64,sip,128,insert-cycle,lru,0,24.828364
u64,sip,128,insert-cycle,hashlink,0,30.292787
u64,sip,128,insert-cycle,baseline,1,11.987522
u64,sip,128,insert-cycle,quick_cache,1,16.639655
u64,sip,128,insert-cycle,lru,1,25.112855
u64,sip,128,insert-cycle,hashlink,1,31.091129
u64,sip,128,insert-cycle,micro,1,11.646017
u64,sip,128,insert-cycle,quick_cache,2,16.611710
u64,sip,128,insert-cycle,lru,2,25.105879
u64,sip,128,insert-cycle,hashlink,2,30.871371
u64,sip,128,insert-cycle,micro,2,11.570929
u64,sip,128,insert-cycle,baseline,2,11.482818
u64,sip,128,insert-cycle,lru,3,24.878203
u64,sip,128,insert-cycle,hashlink,3,30.843956
u64,sip,128,insert-cycle,micro,3,11.452198
u64,sip,128,insert-cycle,baseline,3,11.742051
u64,sip,128,insert-cycle,quick_cache,3,16.535217
u64,sip,128,insert-cycle,hashlink,4,31.320312
u64,sip,128,insert-cycle,micro,4,11.783527
u64,sip,128,insert-cycle,baseline,4,11.822935
u64,sip,128,insert-cycle,quick_cache,4,16.582457
u64,sip,128,insert-cycle,lru,4,25.776245
u64,sip,128,mixed-95,micro,0,16.329785
u64,sip,128,mixed-95,baseline,0,15.176137
u64,sip,128,mixed-95,quick_cache,0,12.125333
u64,sip,128,mixed-95,lru,0,13.143937
u64,sip,128,mixed-95,hashlink,0,10.224859
u64,sip,128,mixed-95,baseline,1,14.896850
u64,sip,128,mixed-95,quick_cache,1,11.973242
u64,sip,128,mixed-95,lru,1,13.704161
u64,sip,128,mixed-95,hashlink,1,9.725133
u64,sip,128,mixed-95,micro,1,14.171124
u64,sip,128,mixed-95,quick_cache,2,11.913618
u64,sip,128,mixed-95,lru,2,13.427436
u64,sip,128,mixed-95,hashlink,2,9.885987
u64,sip,128,mixed-95,micro,2,15.691737
u64,sip,128,mixed-95,baseline,2,14.805794
u64,sip,128,mixed-95,lru,3,13.151507
u64,sip,128,mixed-95,hashlink,3,9.427369
u64,sip,128,mixed-95,micro,3,15.964787
u64,sip,128,mixed-95,baseline,3,14.819980
u64,sip,128,mixed-95,quick_cache,3,11.240622
u64,sip,128,mixed-95,hashlink,4,10.027071
u64,sip,128,mixed-95,micro,4,16.009569
u64,sip,128,mixed-95,baseline,4,16.583581
u64,sip,128,mixed-95,quick_cache,4,11.287252
u64,sip,128,mixed-95,lru,4,14.084478
u64,sip,128,load-hit,micro,0,7.463989
u64,sip,128,load-hit,baseline,0,7.294998
u64,sip,128,load-hit,quick_cache,0,8.748736
u64,sip,128,load-hit,lru,0,5.382666
u64,sip,128,load-hit,hashlink,0,5.381192
u64,sip,128,load-hit,baseline,1,7.539503
u64,sip,128,load-hit,quick_cache,1,8.909435
u64,sip,128,load-hit,lru,1,5.462422
u64,sip,128,load-hit,hashlink,1,5.470845
u64,sip,128,load-hit,micro,1,7.439678
u64,sip,128,load-hit,quick_cache,2,8.715253
u64,sip,128,load-hit,lru,2,5.455092
u64,sip,128,load-hit,hashlink,2,5.453222
u64,sip,128,load-hit,micro,2,7.450867
u64,sip,128,load-hit,baseline,2,7.455444
u64,sip,128,load-hit,lru,3,5.488458
u64,sip,128,load-hit,hashlink,3,5.491266
u64,sip,128,load-hit,micro,3,7.428994
u64,sip,128,load-hit,baseline,3,7.418518
u64,sip,128,load-hit,quick_cache,3,8.743286
u64,sip,128,load-hit,hashlink,4,5.455615
u64,sip,128,load-hit,micro,4,7.579363
u64,sip,128,load-hit,baseline,4,7.419636
u64,sip,128,load-hit,quick_cache,4,8.536170
u64,sip,128,load-hit,lru,4,5.437590
u64,sip,128,load-cycle,micro,0,15.455379
u64,sip,128,load-cycle,baseline,0,14.967099
u64,sip,128,load-cycle,quick_cache,0,16.821304
u64,sip,128,load-cycle,lru,0,25.207569
u64,sip,128,load-cycle,hashlink,0,33.694673
u64,sip,128,load-cycle,baseline,1,14.683682
u64,sip,128,load-cycle,quick_cache,1,16.934129
u64,sip,128,load-cycle,lru,1,25.438644
u64,sip,128,load-cycle,hashlink,1,32.222989
u64,sip,128,load-cycle,micro,1,15.539632
u64,sip,128,load-cycle,quick_cache,2,16.907849
u64,sip,128,load-cycle,lru,2,24.701891
u64,sip,128,load-cycle,hashlink,2,32.766225
u64,sip,128,load-cycle,micro,2,15.146182
u64,sip,128,load-cycle,baseline,2,14.461997
u64,sip,128,load-cycle,lru,3,24.464583
u64,sip,128,load-cycle,hashlink,3,31.568076
u64,sip,128,load-cycle,micro,3,15.386411
u64,sip,128,load-cycle,baseline,3,14.685557
u64,sip,128,load-cycle,quick_cache,3,16.761071
u64,sip,128,load-cycle,hashlink,4,31.984865
u64,sip,128,load-cycle,micro,4,15.098802
u64,sip,128,load-cycle,baseline,4,14.501975
u64,sip,128,load-cycle,quick_cache,4,16.808862
u64,sip,128,load-cycle,lru,4,25.082148
u64,sip,128,clear-refill,micro,0,916.501222
u64,sip,128,clear-refill,baseline,0,1332.444938
u64,sip,128,clear-refill,quick_cache,0,1324.286408
u64,sip,128,clear-refill,lru,0,4852.113086
u64,sip,128,clear-refill,hashlink,0,3090.198764
u64,sip,128,clear-refill,baseline,1,1841.589571
u64,sip,128,clear-refill,quick_cache,1,1828.280317
u64,sip,128,clear-refill,lru,1,4945.085667
u64,sip,128,clear-refill,hashlink,1,3076.417008
u64,sip,128,clear-refill,micro,1,943.915697
u64,sip,128,clear-refill,quick_cache,2,1307.334641
u64,sip,128,clear-refill,lru,2,4775.039746
u64,sip,128,clear-refill,hashlink,2,3057.110998
u64,sip,128,clear-refill,micro,2,923.089846
u64,sip,128,clear-refill,baseline,2,1312.426947
u64,sip,128,clear-refill,lru,3,4773.715421
u64,sip,128,clear-refill,hashlink,3,3052.814852
u64,sip,128,clear-refill,micro,3,913.470320
u64,sip,128,clear-refill,baseline,3,1314.279457
u64,sip,128,clear-refill,quick_cache,3,1305.386255
u64,sip,128,clear-refill,hashlink,4,3099.346074
u64,sip,128,clear-refill,micro,4,926.456314
u64,sip,128,clear-refill,baseline,4,1342.393736
u64,sip,128,clear-refill,quick_cache,4,1288.785223
u64,sip,128,clear-refill,lru,4,4735.804416
u64,sip,128,clear-empty,micro,0,0.366984
u64,sip,128,clear-empty,baseline,0,49.923122
u64,sip,128,clear-empty,quick_cache,0,1.796953
u64,sip,128,clear-empty,lru,0,0.598048
u64,sip,128,clear-empty,hashlink,0,0.604340
u64,sip,128,clear-empty,baseline,1,50.089860
u64,sip,128,clear-empty,quick_cache,1,1.797880
u64,sip,128,clear-empty,lru,1,0.597408
u64,sip,128,clear-empty,hashlink,1,0.596369
u64,sip,128,clear-empty,micro,1,0.366519
u64,sip,128,clear-empty,quick_cache,2,1.791883
u64,sip,128,clear-empty,lru,2,0.602732
u64,sip,128,clear-empty,hashlink,2,0.604388
u64,sip,128,clear-empty,micro,2,0.371433
u64,sip,128,clear-empty,baseline,2,49.341025
u64,sip,128,clear-empty,lru,3,0.614207
u64,sip,128,clear-empty,hashlink,3,0.611460
u64,sip,128,clear-empty,micro,3,0.373737
u64,sip,128,clear-empty,baseline,3,49.789526
u64,sip,128,clear-empty,quick_cache,3,1.813969
u64,sip,128,clear-empty,hashlink,4,0.607418
u64,sip,128,clear-empty,micro,4,0.379284
u64,sip,128,clear-empty,baseline,4,49.210856
u64,sip,128,clear-empty,quick_cache,4,1.830063
u64,sip,128,clear-empty,lru,4,0.606686
u64,sip,128,iter-dense,micro,0,33.342039
u64,sip,128,iter-dense,baseline,0,40.480395
u64,sip,128,iter-dense,quick_cache,0,29.663279
u64,sip,128,iter-dense,lru,0,140.953453
u64,sip,128,iter-dense,hashlink,0,140.096409
u64,sip,128,iter-dense,baseline,1,39.722641
u64,sip,128,iter-dense,quick_cache,1,29.690637
u64,sip,128,iter-dense,lru,1,140.313574
u64,sip,128,iter-dense,hashlink,1,128.105789
u64,sip,128,iter-dense,micro,1,32.713822
u64,sip,128,iter-dense,quick_cache,2,28.751246
u64,sip,128,iter-dense,lru,2,138.303143
u64,sip,128,iter-dense,hashlink,2,136.069611
u64,sip,128,iter-dense,micro,2,33.269662
u64,sip,128,iter-dense,baseline,2,39.932589
u64,sip,128,iter-dense,lru,3,140.527554
u64,sip,128,iter-dense,hashlink,3,142.619681
u64,sip,128,iter-dense,micro,3,32.741675
u64,sip,128,iter-dense,baseline,3,39.302075
u64,sip,128,iter-dense,quick_cache,3,28.782113
u64,sip,128,iter-dense,hashlink,4,139.868200
u64,sip,128,iter-dense,micro,4,32.635921
u64,sip,128,iter-dense,baseline,4,39.422630
u64,sip,128,iter-dense,quick_cache,4,28.777317
u64,sip,128,iter-dense,lru,4,140.885041
u64,sip,128,iter-dense-for,micro,0,40.102278
u64,sip,128,iter-dense-for,baseline,0,39.544667
u64,sip,128,iter-dense-for,quick_cache,0,72.437066
u64,sip,128,iter-dense-for,lru,0,83.186613
u64,sip,128,iter-dense-for,hashlink,0,74.474211
u64,sip,128,iter-dense-for,baseline,1,39.019156
u64,sip,128,iter-dense-for,quick_cache,1,71.384703
u64,sip,128,iter-dense-for,lru,1,86.351145
u64,sip,128,iter-dense-for,hashlink,1,77.439023
u64,sip,128,iter-dense-for,micro,1,40.216070
u64,sip,128,iter-dense-for,quick_cache,2,70.776321
u64,sip,128,iter-dense-for,lru,2,82.944187
u64,sip,128,iter-dense-for,hashlink,2,75.066303
u64,sip,128,iter-dense-for,micro,2,39.791711
u64,sip,128,iter-dense-for,baseline,2,38.445354
u64,sip,128,iter-dense-for,lru,3,83.368056
u64,sip,128,iter-dense-for,hashlink,3,73.540662
u64,sip,128,iter-dense-for,micro,3,39.786739
u64,sip,128,iter-dense-for,baseline,3,38.510652
u64,sip,128,iter-dense-for,quick_cache,3,70.615470
u64,sip,128,iter-dense-for,hashlink,4,74.176498
u64,sip,128,iter-dense-for,micro,4,40.086803
u64,sip,128,iter-dense-for,baseline,4,38.992659
u64,sip,128,iter-dense-for,quick_cache,4,71.299715
u64,sip,128,iter-dense-for,lru,4,86.147928
u64,sip,128,iter-density-1pct,micro,0,1.509224
u64,sip,128,iter-density-1pct,baseline,0,34.409874
u64,sip,128,iter-density-1pct,quick_cache,0,24.958270
u64,sip,128,iter-density-1pct,lru,0,1.329164
u64,sip,128,iter-density-1pct,hashlink,0,1.292515
u64,sip,128,iter-density-1pct,baseline,1,35.938806
u64,sip,128,iter-density-1pct,quick_cache,1,24.969491
u64,sip,128,iter-density-1pct,lru,1,1.267406
u64,sip,128,iter-density-1pct,hashlink,1,1.278659
u64,sip,128,iter-density-1pct,micro,1,1.512484
u64,sip,128,iter-density-1pct,quick_cache,2,25.613092
u64,sip,128,iter-density-1pct,lru,2,1.317102
u64,sip,128,iter-density-1pct,hashlink,2,1.264721
u64,sip,128,iter-density-1pct,micro,2,1.492312
u64,sip,128,iter-density-1pct,baseline,2,34.961083
u64,sip,128,iter-density-1pct,lru,3,1.271911
u64,sip,128,iter-density-1pct,hashlink,3,1.262099
u64,sip,128,iter-density-1pct,micro,3,1.489632
u64,sip,128,iter-density-1pct,baseline,3,34.958660
u64,sip,128,iter-density-1pct,quick_cache,3,25.339949
u64,sip,128,iter-density-1pct,hashlink,4,1.277248
u64,sip,128,iter-density-1pct,micro,4,1.494024
u64,sip,128,iter-density-1pct,baseline,4,34.228779
u64,sip,128,iter-density-1pct,quick_cache,4,25.901390
u64,sip,128,iter-density-1pct,lru,4,1.268297
u64,sip,128,iter-density-6pct,micro,0,32.475862
u64,sip,128,iter-density-6pct,baseline,0,37.109641
u64,sip,128,iter-density-6pct,quick_cache,0,20.909707
u64,sip,128,iter-density-6pct,lru,0,4.410374
u64,sip,128,iter-density-6pct,hashlink,0,3.040222
u64,sip,128,iter-density-6pct,baseline,1,37.599614
u64,sip,128,iter-density-6pct,quick_cache,1,21.253684
u64,sip,128,iter-density-6pct,lru,1,4.387667
u64,sip,128,iter-density-6pct,hashlink,1,3.007452
u64,sip,128,iter-density-6pct,micro,1,32.551631
u64,sip,128,iter-density-6pct,quick_cache,2,20.858245
u64,sip,128,iter-density-6pct,lru,2,4.360668
u64,sip,128,iter-density-6pct,hashlink,2,3.116689
u64,sip,128,iter-density-6pct,micro,2,32.727509
u64,sip,128,iter-density-6pct,baseline,2,36.999926
u64,sip,128,iter-density-6pct,lru,3,4.323924
u64,sip,128,iter-density-6pct,hashlink,3,3.006253
u64,sip,128,iter-density-6pct,micro,3,32.874869
u64,sip,128,iter-density-6pct,baseline,3,37.774061
u64,sip,128,iter-density-6pct,quick_cache,3,21.001344
u64,sip,128,iter-density-6pct,hashlink,4,3.025853
u64,sip,128,iter-density-6pct,micro,4,32.559321
u64,sip,128,iter-density-6pct,baseline,4,35.182634
u64,sip,128,iter-density-6pct,quick_cache,4,23.420583
u64,sip,128,iter-density-6pct,lru,4,4.265301
u64,sip,128,iter-density-quarter,micro,0,32.289783
u64,sip,128,iter-density-quarter,baseline,0,37.084652
u64,sip,128,iter-density-quarter,quick_cache,0,24.678229
u64,sip,128,iter-density-quarter,lru,0,19.468523
u64,sip,128,iter-density-quarter,hashlink,0,19.174444
u64,sip,128,iter-density-quarter,baseline,1,37.231106
u64,sip,128,iter-density-quarter,quick_cache,1,25.091492
u64,sip,128,iter-density-quarter,lru,1,19.721603
u64,sip,128,iter-density-quarter,hashlink,1,19.560857
u64,sip,128,iter-density-quarter,micro,1,32.632755
u64,sip,128,iter-density-quarter,quick_cache,2,24.754711
u64,sip,128,iter-density-quarter,lru,2,19.529623
u64,sip,128,iter-density-quarter,hashlink,2,19.242933
u64,sip,128,iter-density-quarter,micro,2,32.896557
u64,sip,128,iter-density-quarter,baseline,2,37.977698
u64,sip,128,iter-density-quarter,lru,3,19.605036
u64,sip,128,iter-density-quarter,hashlink,3,19.287229
u64,sip,128,iter-density-quarter,micro,3,32.461492
u64,sip,128,iter-density-quarter,baseline,3,37.377416
u64,sip,128,iter-density-quarter,quick_cache,3,24.702541
u64,sip,128,iter-density-quarter,hashlink,4,19.525829
u64,sip,128,iter-density-quarter,micro,4,32.512797
u64,sip,128,iter-density-quarter,baseline,4,38.486286
u64,sip,128,iter-density-quarter,quick_cache,4,24.766409
u64,sip,128,iter-density-quarter,lru,4,19.541834
u64,sip,128,iter-density-half,micro,0,32.467765
u64,sip,128,iter-density-half,baseline,0,38.531289
u64,sip,128,iter-density-half,quick_cache,0,29.574961
u64,sip,128,iter-density-half,lru,0,52.485555
u64,sip,128,iter-density-half,hashlink,0,52.041430
u64,sip,128,iter-density-half,baseline,1,38.261386
u64,sip,128,iter-density-half,quick_cache,1,29.928383
u64,sip,128,iter-density-half,lru,1,52.634996
u64,sip,128,iter-density-half,hashlink,1,52.361059
u64,sip,128,iter-density-half,micro,1,33.266174
u64,sip,128,iter-density-half,quick_cache,2,30.017105
u64,sip,128,iter-density-half,lru,2,52.522461
u64,sip,128,iter-density-half,hashlink,2,51.910299
u64,sip,128,iter-density-half,micro,2,32.421065
u64,sip,128,iter-density-half,baseline,2,38.469430
u64,sip,128,iter-density-half,lru,3,52.878684
u64,sip,128,iter-density-half,hashlink,3,52.621124
u64,sip,128,iter-density-half,micro,3,32.635029
u64,sip,128,iter-density-half,baseline,3,38.494317
u64,sip,128,iter-density-half,quick_cache,3,29.532894
u64,sip,128,iter-density-half,hashlink,4,53.147747
u64,sip,128,iter-density-half,micro,4,32.970091
u64,sip,128,iter-density-half,baseline,4,38.970503
u64,sip,128,iter-density-half,quick_cache,4,30.033832
u64,sip,128,iter-density-half,lru,4,53.758708
u64,sip,128,iter-front,micro,0,1.164423
u64,sip,128,iter-front,baseline,0,37.657392
u64,sip,128,iter-front,quick_cache,0,20.789738
u64,sip,128,iter-front,lru,0,1.208056
u64,sip,128,iter-front,hashlink,0,1.147786
u64,sip,128,iter-front,baseline,1,37.829215
u64,sip,128,iter-front,quick_cache,1,20.831308
u64,sip,128,iter-front,lru,1,1.211632
u64,sip,128,iter-front,hashlink,1,1.154500
u64,sip,128,iter-front,micro,1,1.171216
u64,sip,128,iter-front,quick_cache,2,21.176794
u64,sip,128,iter-front,lru,2,1.230186
u64,sip,128,iter-front,hashlink,2,1.147772
u64,sip,128,iter-front,micro,2,1.164018
u64,sip,128,iter-front,baseline,2,38.412792
u64,sip,128,iter-front,lru,3,1.225154
u64,sip,128,iter-front,hashlink,3,1.172432
u64,sip,128,iter-front,micro,3,1.173812
u64,sip,128,iter-front,baseline,3,38.726895
u64,sip,128,iter-front,quick_cache,3,21.190855
u64,sip,128,iter-front,hashlink,4,1.175652
u64,sip,128,iter-front,micro,4,1.166814
u64,sip,128,iter-front,baseline,4,38.599346
u64,sip,128,iter-front,quick_cache,4,20.872461
u64,sip,128,iter-front,lru,4,1.198803
u64,sip,128,iter-back,micro,0,1.157193
u64,sip,128,iter-back,baseline,0,39.096708
u64,sip,128,iter-back,quick_cache,0,21.149680
u64,sip,128,iter-back,lru,0,1.190023
u64,sip,128,iter-back,hashlink,0,1.191172
u64,sip,128,iter-back,baseline,1,39.282337
u64,sip,128,iter-back,quick_cache,1,21.076541
u64,sip,128,iter-back,lru,1,1.195151
u64,sip,128,iter-back,hashlink,1,1.181221
u64,sip,128,iter-back,micro,1,1.142331
u64,sip,128,iter-back,quick_cache,2,20.854183
u64,sip,128,iter-back,lru,2,1.192809
u64,sip,128,iter-back,hashlink,2,1.168836
u64,sip,128,iter-back,micro,2,1.156965
u64,sip,128,iter-back,baseline,2,39.678547
u64,sip,128,iter-back,lru,3,1.177941
u64,sip,128,iter-back,hashlink,3,1.132794
u64,sip,128,iter-back,micro,3,1.289672
u64,sip,128,iter-back,baseline,3,46.604482
u64,sip,128,iter-back,quick_cache,3,105.815569
u64,sip,128,iter-back,hashlink,4,3.161506
u64,sip,128,iter-back,micro,4,3.066097
u64,sip,128,iter-back,baseline,4,75.165428
u64,sip,128,iter-back,quick_cache,4,27.139870
u64,sip,128,iter-back,lru,4,2.475901
u64,sip,128,iter-empty,micro,0,0.902901
u64,sip,128,iter-empty,baseline,0,37.246722
u64,sip,128,iter-empty,quick_cache,0,21.114508
u64,sip,128,iter-empty,lru,0,1.040026
u64,sip,128,iter-empty,hashlink,0,0.984872
u64,sip,128,iter-empty,baseline,1,38.267972
u64,sip,128,iter-empty,quick_cache,1,21.330947
u64,sip,128,iter-empty,lru,1,1.011578
u64,sip,128,iter-empty,hashlink,1,1.060005
u64,sip,128,iter-empty,micro,1,0.800297
u64,sip,128,iter-empty,quick_cache,2,22.411770
u64,sip,128,iter-empty,lru,2,0.996524
u64,sip,128,iter-empty,hashlink,2,1.027961
u64,sip,128,iter-empty,micro,2,0.810390
u64,sip,128,iter-empty,baseline,2,41.686930
u64,sip,128,iter-empty,lru,3,0.985090
u64,sip,128,iter-empty,hashlink,3,0.984149
u64,sip,128,iter-empty,micro,3,0.782665
u64,sip,128,iter-empty,baseline,3,38.072320
u64,sip,128,iter-empty,quick_cache,3,23.730812
u64,sip,128,iter-empty,hashlink,4,1.015380
u64,sip,128,iter-empty,micro,4,0.832091
u64,sip,128,iter-empty,baseline,4,39.131521
u64,sip,128,iter-empty,quick_cache,4,22.358999
u64,sip,128,iter-empty,lru,4,0.981275
u64,sip,128,iter-count,micro,0,0.401264
u64,sip,128,iter-count,baseline,0,39.768724
u64,sip,128,iter-count,quick_cache,0,56.459078
u64,sip,128,iter-count,lru,0,0.406856
u64,sip,128,iter-count,hashlink,0,0.403175
u64,sip,128,iter-count,baseline,1,38.544326
u64,sip,128,iter-count,quick_cache,1,56.265270
u64,sip,128,iter-count,lru,1,0.404220
u64,sip,128,iter-count,hashlink,1,0.404346
u64,sip,128,iter-count,micro,1,0.404639
u64,sip,128,iter-count,quick_cache,2,56.346417
u64,sip,128,iter-count,lru,2,0.411291
u64,sip,128,iter-count,hashlink,2,0.416175
u64,sip,128,iter-count,micro,2,0.403391
u64,sip,128,iter-count,baseline,2,38.458952
u64,sip,128,iter-count,lru,3,0.404891
u64,sip,128,iter-count,hashlink,3,0.405061
u64,sip,128,iter-count,micro,3,0.409724
u64,sip,128,iter-count,baseline,3,38.088043
u64,sip,128,iter-count,quick_cache,3,56.225553
u64,sip,128,iter-count,hashlink,4,0.404597
u64,sip,128,iter-count,micro,4,0.404653
u64,sip,128,iter-count,baseline,4,38.768680
u64,sip,128,iter-count,quick_cache,4,57.075167
u64,sip,128,iter-count,lru,4,0.407487
u64,sip,1024,get-hit,micro,0,5.163193
u64,sip,1024,get-hit,baseline,0,5.208405
u64,sip,1024,get-hit,quick_cache,0,5.160550
u64,sip,1024,get-hit,lru,0,5.793810
u64,sip,1024,get-hit,hashlink,0,5.418665
u64,sip,1024,get-hit,baseline,1,5.198304
u64,sip,1024,get-hit,quick_cache,1,5.203390
u64,sip,1024,get-hit,lru,1,5.722046
u64,sip,1024,get-hit,hashlink,1,5.433475
u64,sip,1024,get-hit,micro,1,5.152668
u64,sip,1024,get-hit,quick_cache,2,5.101664
u64,sip,1024,get-hit,lru,2,5.732140
u64,sip,1024,get-hit,hashlink,2,5.769491
u64,sip,1024,get-hit,micro,2,5.232966
u64,sip,1024,get-hit,baseline,2,5.359225
u64,sip,1024,get-hit,lru,3,6.186676
u64,sip,1024,get-hit,hashlink,3,5.538334
u64,sip,1024,get-hit,micro,3,5.176098
u64,sip,1024,get-hit,baseline,3,5.639414
u64,sip,1024,get-hit,quick_cache,3,5.309100
u64,sip,1024,get-hit,hashlink,4,5.549500
u64,sip,1024,get-hit,micro,4,5.293347
u64,sip,1024,get-hit,baseline,4,5.204894
u64,sip,1024,get-hit,quick_cache,4,5.218506
u64,sip,1024,get-hit,lru,4,5.848394
u64,sip,1024,get-miss,micro,0,4.426336
u64,sip,1024,get-miss,baseline,0,4.446496
u64,sip,1024,get-miss,quick_cache,0,4.511082
u64,sip,1024,get-miss,lru,0,4.876320
u64,sip,1024,get-miss,hashlink,0,4.423210
u64,sip,1024,get-miss,baseline,1,4.375458
u64,sip,1024,get-miss,quick_cache,1,4.484658
u64,sip,1024,get-miss,lru,1,4.836299
u64,sip,1024,get-miss,hashlink,1,4.462736
u64,sip,1024,get-miss,micro,1,4.521499
u64,sip,1024,get-miss,quick_cache,2,4.538830
u64,sip,1024,get-miss,lru,2,4.915431
u64,sip,1024,get-miss,hashlink,2,4.490985
u64,sip,1024,get-miss,micro,2,4.430502
u64,sip,1024,get-miss,baseline,2,4.436387
u64,sip,1024,get-miss,lru,3,4.819837
u64,sip,1024,get-miss,hashlink,3,4.450603
u64,sip,1024,get-miss,micro,3,4.524764
u64,sip,1024,get-miss,baseline,3,4.523635
u64,sip,1024,get-miss,quick_cache,3,4.534874
u64,sip,1024,get-miss,hashlink,4,4.453115
u64,sip,1024,get-miss,micro,4,4.525455
u64,sip,1024,get-miss,baseline,4,4.471258
u64,sip,1024,get-miss,quick_cache,4,4.536067
u64,sip,1024,get-miss,lru,4,4.972165
u64,sip,1024,update,micro,0,5.188991
u64,sip,1024,update,baseline,0,5.179751
u64,sip,1024,update,quick_cache,0,9.194440
u64,sip,1024,update,lru,0,5.593811
u64,sip,1024,update,hashlink,0,15.612498
u64,sip,1024,update,baseline,1,5.151043
u64,sip,1024,update,quick_cache,1,9.104909
u64,sip,1024,update,lru,1,5.495214
u64,sip,1024,update,hashlink,1,15.161133
u64,sip,1024,update,micro,1,5.739132
u64,sip,1024,update,quick_cache,2,9.049951
u64,sip,1024,update,lru,2,5.491191
u64,sip,1024,update,hashlink,2,14.928999
u64,sip,1024,update,micro,2,5.205396
u64,sip,1024,update,baseline,2,5.244664
u64,sip,1024,update,lru,3,5.357162
u64,sip,1024,update,hashlink,3,15.400569
u64,sip,1024,update,micro,3,5.213418
u64,sip,1024,update,baseline,3,5.196585
u64,sip,1024,update,quick_cache,3,8.981100
u64,sip,1024,update,hashlink,4,14.139423
u64,sip,1024,update,micro,4,5.271622
u64,sip,1024,update,baseline,4,5.253528
u64,sip,1024,update,quick_cache,4,9.172696
u64,sip,1024,update,lru,4,5.403931
u64,sip,1024,insert-cycle,micro,0,12.752989
u64,sip,1024,insert-cycle,baseline,0,12.982305
u64,sip,1024,insert-cycle,quick_cache,0,16.817039
u64,sip,1024,insert-cycle,lru,0,26.213152
u64,sip,1024,insert-cycle,hashlink,0,34.333462
u64,sip,1024,insert-cycle,baseline,1,13.004446
u64,sip,1024,insert-cycle,quick_cache,1,16.778659
u64,sip,1024,insert-cycle,lru,1,24.133229
u64,sip,1024,insert-cycle,hashlink,1,36.067812
u64,sip,1024,insert-cycle,micro,1,12.915896
u64,sip,1024,insert-cycle,quick_cache,2,16.727561
u64,sip,1024,insert-cycle,lru,2,23.813232
u64,sip,1024,insert-cycle,hashlink,2,32.219047
u64,sip,1024,insert-cycle,micro,2,12.133051
u64,sip,1024,insert-cycle,baseline,2,13.057924
u64,sip,1024,insert-cycle,lru,3,24.610734
u64,sip,1024,insert-cycle,hashlink,3,35.775534
u64,sip,1024,insert-cycle,micro,3,12.804293
u64,sip,1024,insert-cycle,baseline,3,12.900905
u64,sip,1024,insert-cycle,quick_cache,3,16.833912
u64,sip,1024,insert-cycle,hashlink,4,33.176899
u64,sip,1024,insert-cycle,micro,4,12.687597
u64,sip,1024,insert-cycle,baseline,4,12.196608
u64,sip,1024,insert-cycle,quick_cache,4,16.882650
u64,sip,1024,insert-cycle,lru,4,24.975445
u64,sip,1024,mixed-95,micro,0,16.550303
u64,sip,1024,mixed-95,baseline,0,16.203661
u64,sip,1024,mixed-95,quick_cache,0,13.308088
u64,sip,1024,mixed-95,lru,0,13.814032
u64,sip,1024,mixed-95,hashlink,0,10.823925
u64,sip,1024,mixed-95,baseline,1,15.778343
u64,sip,1024,mixed-95,quick_cache,1,13.366183
u64,sip,1024,mixed-95,lru,1,13.758699
u64,sip,1024,mixed-95,hashlink,1,10.334691
u64,sip,1024,mixed-95,micro,1,16.774654
u64,sip,1024,mixed-95,quick_cache,2,13.364037
u64,sip,1024,mixed-95,lru,2,13.678610
u64,sip,1024,mixed-95,hashlink,2,11.468192
u64,sip,1024,mixed-95,micro,2,16.001046
u64,sip,1024,mixed-95,baseline,2,15.680750
u64,sip,1024,mixed-95,lru,3,13.518274
u64,sip,1024,mixed-95,hashlink,3,10.778526
u64,sip,1024,mixed-95,micro,3,15.844504
u64,sip,1024,mixed-95,baseline,3,15.877426
u64,sip,1024,mixed-95,quick_cache,3,13.323069
u64,sip,1024,mixed-95,hashlink,4,10.672252
u64,sip,1024,mixed-95,micro,4,15.844504
u64,sip,1024,mixed-95,baseline,4,14.961760
u64,sip,1024,mixed-95,quick_cache,4,13.274173
u64,sip,1024,mixed-95,lru,4,14.066140
u64,sip,1024,load-hit,micro,0,16.629426
u64,sip,1024,load-hit,baseline,0,16.788596
u64,sip,1024,load-hit,quick_cache,0,8.972540
u64,sip,1024,load-hit,lru,0,5.402584
u64,sip,1024,load-hit,hashlink,0,5.299233
u64,sip,1024,load-hit,baseline,1,14.282227
u64,sip,1024,load-hit,quick_cache,1,8.890061
u64,sip,1024,load-hit,lru,1,5.449258
u64,sip,1024,load-hit,hashlink,1,5.259558
u64,sip,1024,load-hit,micro,1,12.328940
u64,sip,1024,load-hit,quick_cache,2,8.830723
u64,sip,1024,load-hit,lru,2,5.363058
u64,sip,1024,load-hit,hashlink,2,5.286009
u64,sip,1024,load-hit,micro,2,15.556758
u64,sip,1024,load-hit,baseline,2,16.556009
u64,sip,1024,load-hit,lru,3,5.434297
u64,sip,1024,load-hit,hashlink,3,5.261302
u64,sip,1024,load-hit,micro,3,16.687144
u64,sip,1024,load-hit,baseline,3,16.698436
u64,sip,1024,load-hit,quick_cache,3,8.960012
u64,sip,1024,load-hit,hashlink,4,5.846217
u64,sip,1024,load-hit,micro,4,12.092675
u64,sip,1024,load-hit,baseline,4,15.892665
u64,sip,1024,load-hit,quick_cache,4,8.770656
u64,sip,1024,load-hit,lru,4,5.379865
u64,sip,1024,load-cycle,micro,0,20.478427
u64,sip,1024,load-cycle,baseline,0,18.940204
u64,sip,1024,load-cycle,quick_cache,0,17.157034
u64,sip,1024,load-cycle,lru,0,25.342218
u64,sip,1024,load-cycle,hashlink,0,36.074755
u64,sip,1024,load-cycle,baseline,1,17.658521
u64,sip,1024,load-cycle,quick_cache,1,17.200559
u64,sip,1024,load-cycle,lru,1,24.059858
u64,sip,1024,load-cycle,hashlink,1,33.808394
u64,sip,1024,load-cycle,micro,1,17.912580
u64,sip,1024,load-cycle,quick_cache,2,17.177848
u64,sip,1024,load-cycle,lru,2,23.940879
u64,sip,1024,load-cycle,hashlink,2,33.524026
u64,sip,1024,load-cycle,micro,2,16.809864
u64,sip,1024,load-cycle,baseline,2,17.989984
u64,sip,1024,load-cycle,lru,3,24.178255
u64,sip,1024,load-cycle,hashlink,3,33.863881
u64,sip,1024,load-cycle,micro,3,17.400764
u64,sip,1024,load-cycle,baseline,3,17.912830
u64,sip,1024,load-cycle,quick_cache,3,17.081327
u64,sip,1024,load-cycle,hashlink,4,33.100488
u64,sip,1024,load-cycle,micro,4,17.382094
u64,sip,1024,load-cycle,baseline,4,17.789174
u64,sip,1024,load-cycle,quick_cache,4,16.867687
u64,sip,1024,load-cycle,lru,4,23.851618
u64,sip,1024,clear-refill,micro,0,7198.342926
u64,sip,1024,clear-refill,baseline,0,10005.136667
u64,sip,1024,clear-refill,quick_cache,0,9889.256579
u64,sip,1024,clear-refill,lru,0,35381.870588
u64,sip,1024,clear-refill,hashlink,0,24413.959350
u64,sip,1024,clear-refill,baseline,1,14357.655502
u64,sip,1024,clear-refill,quick_cache,1,9946.327815
u64,sip,1024,clear-refill,lru,1,36566.771084
u64,sip,1024,clear-refill,hashlink,1,24709.016393
u64,sip,1024,clear-refill,micro,1,7177.732057
u64,sip,1024,clear-refill,quick_cache,2,9895.832237
u64,sip,1024,clear-refill,lru,2,35200.093023
u64,sip,1024,clear-refill,hashlink,2,24760.590164
u64,sip,1024,clear-refill,micro,2,7156.447619
u64,sip,1024,clear-refill,baseline,2,9773.478827
u64,sip,1024,clear-refill,lru,3,35646.082353
u64,sip,1024,clear-refill,hashlink,3,25164.583333
u64,sip,1024,clear-refill,micro,3,7289.342233
u64,sip,1024,clear-refill,baseline,3,9839.891803
u64,sip,1024,clear-refill,quick_cache,3,10038.043478
u64,sip,1024,clear-refill,hashlink,4,25490.813559
u64,sip,1024,clear-refill,micro,4,7456.369727
u64,sip,1024,clear-refill,baseline,4,12973.060345
u64,sip,1024,clear-refill,quick_cache,4,9964.678808
u64,sip,1024,clear-refill,lru,4,35923.107143
u64,sip,1024,clear-empty,micro,0,0.367353
u64,sip,1024,clear-empty,baseline,0,54.589081
u64,sip,1024,clear-empty,quick_cache,0,1.787782
u64,sip,1024,clear-empty,lru,0,0.601340
u64,sip,1024,clear-empty,hashlink,0,0.601944
u64,sip,1024,clear-empty,baseline,1,62.788958
u64,sip,1024,clear-empty,quick_cache,1,1.787064
u64,sip,1024,clear-empty,lru,1,0.599012
u64,sip,1024,clear-empty,hashlink,1,0.598837
u64,sip,1024,clear-empty,micro,1,0.363316
u64,sip,1024,clear-empty,quick_cache,2,1.777087
u64,sip,1024,clear-empty,lru,2,0.597629
u64,sip,1024,clear-empty,hashlink,2,0.594304
u64,sip,1024,clear-empty,micro,2,0.364950
u64,sip,1024,clear-empty,baseline,2,62.157263
u64,sip,1024,clear-empty,lru,3,0.594433
u64,sip,1024,clear-empty,hashlink,3,0.597629
u64,sip,1024,clear-empty,micro,3,0.364332
u64,sip,1024,clear-empty,baseline,3,61.973170
u64,sip,1024,clear-empty,quick_cache,3,1.772469
u64,sip,1024,clear-empty,hashlink,4,0.601517
u64,sip,1024,clear-empty,micro,4,0.367895
u64,sip,1024,clear-empty,baseline,4,63.187794
u64,sip,1024,clear-empty,quick_cache,4,1.824265
u64,sip,1024,clear-empty,lru,4,0.612337
u64,sip,1024,iter-dense,micro,0,266.546076
u64,sip,1024,iter-dense,baseline,0,276.053125
u64,sip,1024,iter-dense,quick_cache,0,252.075605
u64,sip,1024,iter-dense,lru,0,1316.858507
u64,sip,1024,iter-dense,hashlink,0,1275.566723
u64,sip,1024,iter-dense,baseline,1,274.476882
u64,sip,1024,iter-dense,quick_cache,1,248.332755
u64,sip,1024,iter-dense,lru,1,1311.414931
u64,sip,1024,iter-dense,hashlink,1,1267.824324
u64,sip,1024,iter-dense,micro,1,260.796441
u64,sip,1024,iter-dense,quick_cache,2,249.081316
u64,sip,1024,iter-dense,lru,2,1303.475694
u64,sip,1024,iter-dense,hashlink,2,1276.534628
u64,sip,1024,iter-dense,micro,2,266.122964
u64,sip,1024,iter-dense,baseline,2,274.968750
u64,sip,1024,iter-dense,lru,3,1290.471318
u64,sip,1024,iter-dense,hashlink,3,1268.070946
u64,sip,1024,iter-dense,micro,3,263.393961
u64,sip,1024,iter-dense,baseline,3,277.182430
u64,sip,1024,iter-dense,quick_cache,3,249.411237
u64,sip,1024,iter-dense,hashlink,4,1285.066781
u64,sip,1024,iter-dense,micro,4,264.352289
u64,sip,1024,iter-dense,baseline,4,280.064552
u64,sip,1024,iter-dense,quick_cache,4,252.411626
u64,sip,1024,iter-dense,lru,4,1378.453351
u64,sip,1024,iter-dense-for,micro,0,284.153977
u64,sip,1024,iter-dense-for,baseline,0,277.960059
u64,sip,1024,iter-dense-for,quick_cache,0,507.559122
u64,sip,1024,iter-dense-for,lru,0,759.009577
u64,sip,1024,iter-dense-for,hashlink,0,920.202512
u64,sip,1024,iter-dense-for,baseline,1,275.972702
u64,sip,1024,iter-dense-for,quick_cache,1,265.802054
u64,sip,1024,iter-dense-for,lru,1,761.130796
u64,sip,1024,iter-dense-for,hashlink,1,910.472087
u64,sip,1024,iter-dense-for,micro,1,272.551781
u64,sip,1024,iter-dense-for,quick_cache,2,267.372240
u64,sip,1024,iter-dense-for,lru,2,756.625756
u64,sip,1024,iter-dense-for,hashlink,2,904.434796
u64,sip,1024,iter-dense-for,micro,2,272.237319
u64,sip,1024,iter-dense-for,baseline,2,274.674890
u64,sip,1024,iter-dense-for,lru,3,762.819614
u64,sip,1024,iter-dense-for,hashlink,3,903.032452
u64,sip,1024,iter-dense-for,micro,3,271.732749
u64,sip,1024,iter-dense-for,baseline,3,273.851312
u64,sip,1024,iter-dense-for,quick_cache,3,265.448446
u64,sip,1024,iter-dense-for,hashlink,4,798.232256
u64,sip,1024,iter-dense-for,micro,4,275.850184
u64,sip,1024,iter-dense-for,baseline,4,274.758589
u64,sip,1024,iter-dense-for,quick_cache,4,266.461026
u64,sip,1024,iter-dense-for,lru,4,777.817149
u64,sip,1024,iter-density-1pct,micro,0,6.325661
u64,sip,1024,iter-density-1pct,baseline,0,325.110835
u64,sip,1024,iter-density-1pct,quick_cache,0,179.777299
u64,sip,1024,iter-density-1pct,lru,0,5.786759
u64,sip,1024,iter-density-1pct,hashlink,0,4.205851
u64,sip,1024,iter-density-1pct,baseline,1,310.969371
u64,sip,1024,iter-density-1pct,quick_cache,1,165.523038
u64,sip,1024,iter-density-1pct,lru,1,5.935798
u64,sip,1024,iter-density-1pct,hashlink,1,4.258847
u64,sip,1024,iter-density-1pct,micro,1,6.360765
u64,sip,1024,iter-density-1pct,quick_cache,2,168.181116
u64,sip,1024,iter-density-1pct,lru,2,5.977978
u64,sip,1024,iter-density-1pct,hashlink,2,4.299927
u64,sip,1024,iter-density-1pct,micro,2,6.259771
u64,sip,1024,iter-density-1pct,baseline,2,311.167736
u64,sip,1024,iter-density-1pct,lru,3,5.785966
u64,sip,1024,iter-density-1pct,hashlink,3,4.307099
u64,sip,1024,iter-density-1pct,micro,3,6.339007
u64,sip,1024,iter-density-1pct,baseline,3,314.623532
u64,sip,1024,iter-density-1pct,quick_cache,3,168.835263
u64,sip,1024,iter-density-1pct,hashlink,4,4.366558
u64,sip,1024,iter-density-1pct,micro,4,6.375905
u64,sip,1024,iter-density-1pct,baseline,4,311.613268
u64,sip,1024,iter-density-1pct,quick_cache,4,167.531585
u64,sip,1024,iter-density-1pct,lru,4,5.876514
u64,sip,1024,iter-density-6pct,micro,0,271.544617
u64,sip,1024,iter-density-6pct,baseline,0,310.102104
u64,sip,1024,iter-density-6pct,quick_cache,0,167.002613
u64,sip,1024,iter-density-6pct,lru,0,54.046578
u64,sip,1024,iter-density-6pct,hashlink,0,53.552738
u64,sip,1024,iter-density-6pct,baseline,1,301.953477
u64,sip,1024,iter-density-6pct,quick_cache,1,169.209797
u64,sip,1024,iter-density-6pct,lru,1,53.534800
u64,sip,1024,iter-density-6pct,hashlink,1,52.411578
u64,sip,1024,iter-density-6pct,micro,1,262.962535
u64,sip,1024,iter-density-6pct,quick_cache,2,164.395414
u64,sip,1024,iter-density-6pct,lru,2,53.643164
u64,sip,1024,iter-density-6pct,hashlink,2,52.851078
u64,sip,1024,iter-density-6pct,micro,2,264.814349
u64,sip,1024,iter-density-6pct,baseline,2,306.857639
u64,sip,1024,iter-density-6pct,lru,3,53.979868
u64,sip,1024,iter-density-6pct,hashlink,3,54.550411
u64,sip,1024,iter-density-6pct,micro,3,258.981440
u64,sip,1024,iter-density-6pct,baseline,3,302.956956
u64,sip,1024,iter-density-6pct,quick_cache,3,165.061950
u64,sip,1024,iter-density-6pct,hashlink,4,53.089008
u64,sip,1024,iter-density-6pct,micro,4,258.859848
u64,sip,1024,iter-density-6pct,baseline,4,303.945793
u64,sip,1024,iter-density-6pct,quick_cache,4,164.734101
u64,sip,1024,iter-density-6pct,lru,4,53.602058
u64,sip,1024,iter-density-quarter,micro,0,270.247929
u64,sip,1024,iter-density-quarter,baseline,0,266.871626
u64,sip,1024,iter-density-quarter,quick_cache,0,198.849113
u64,sip,1024,iter-density-quarter,lru,0,320.285836
u64,sip,1024,iter-density-quarter,hashlink,0,307.253370
u64,sip,1024,iter-density-quarter,baseline,1,263.382988
u64,sip,1024,iter-density-quarter,quick_cache,1,201.549088
u64,sip,1024,iter-density-quarter,lru,1,309.908725
u64,sip,1024,iter-density-quarter,hashlink,1,320.228029
u64,sip,1024,iter-density-quarter,micro,1,273.089299
u64,sip,1024,iter-density-quarter,quick_cache,2,197.024947
u64,sip,1024,iter-density-quarter,lru,2,304.274575
u64,sip,1024,iter-density-quarter,hashlink,2,317.074958
u64,sip,1024,iter-density-quarter,micro,2,269.999012
u64,sip,1024,iter-density-quarter,baseline,2,268.751522
u64,sip,1024,iter-density-quarter,lru,3,309.180613
u64,sip,1024,iter-density-quarter,hashlink,3,293.985110
u64,sip,1024,iter-density-quarter,micro,3,271.322616
u64,sip,1024,iter-density-quarter,baseline,3,261.573642
u64,sip,1024,iter-density-quarter,quick_cache,3,197.738487
u64,sip,1024,iter-density-quarter,hashlink,4,308.790810
u64,sip,1024,iter-density-quarter,micro,4,268.236607
u64,sip,1024,iter-density-quarter,baseline,4,263.386587
u64,sip,1024,iter-density-quarter,quick_cache,4,199.803258
u64,sip,1024,iter-density-quarter,lru,4,310.564156
u64,sip,1024,iter-density-half,micro,0,268.232857
u64,sip,1024,iter-density-half,baseline,0,268.878403
u64,sip,1024,iter-density-half,quick_cache,0,226.217319
u64,sip,1024,iter-density-half,lru,0,619.783100
u64,sip,1024,iter-density-half,hashlink,0,608.795363
u64,sip,1024,iter-density-half,baseline,1,263.916959
u64,sip,1024,iter-density-half,quick_cache,1,232.357441
u64,sip,1024,iter-density-half,lru,1,675.172437
u64,sip,1024,iter-density-half,hashlink,1,670.172991
u64,sip,1024,iter-density-half,micro,1,267.872054
u64,sip,1024,iter-density-half,quick_cache,2,226.154669
u64,sip,1024,iter-density-half,lru,2,647.036638
u64,sip,1024,iter-density-half,hashlink,2,640.775510
u64,sip,1024,iter-density-half,micro,2,268.177143
u64,sip,1024,iter-density-half,baseline,2,267.424234
u64,sip,1024,iter-density-half,lru,3,661.485915
u64,sip,1024,iter-density-half,hashlink,3,664.603653
u64,sip,1024,iter-density-half,micro,3,273.376731
u64,sip,1024,iter-density-half,baseline,3,267.379630
u64,sip,1024,iter-density-half,quick_cache,3,229.761996
u64,sip,1024,iter-density-half,hashlink,4,655.427300
u64,sip,1024,iter-density-half,micro,4,268.956662
u64,sip,1024,iter-density-half,baseline,4,262.340695
u64,sip,1024,iter-density-half,quick_cache,4,229.274908
u64,sip,1024,iter-density-half,lru,4,659.282124
u64,sip,1024,iter-front,micro,0,1.153733
u64,sip,1024,iter-front,baseline,0,263.166754
u64,sip,1024,iter-front,quick_cache,0,165.146787
u64,sip,1024,iter-front,lru,0,1.197379
u64,sip,1024,iter-front,hashlink,0,1.180463
u64,sip,1024,iter-front,baseline,1,263.448824
u64,sip,1024,iter-front,quick_cache,1,165.550595
u64,sip,1024,iter-front,lru,1,1.222183
u64,sip,1024,iter-front,hashlink,1,1.195760
u64,sip,1024,iter-front,micro,1,1.181430
u64,sip,1024,iter-front,quick_cache,2,166.858626
u64,sip,1024,iter-front,lru,2,1.206238
u64,sip,1024,iter-front,hashlink,2,1.174650
u64,sip,1024,iter-front,micro,2,1.166190
u64,sip,1024,iter-front,baseline,2,267.212785
u64,sip,1024,iter-front,lru,3,1.232288
u64,sip,1024,iter-front,hashlink,3,1.172300
u64,sip,1024,iter-front,micro,3,1.167221
u64,sip,1024,iter-front,baseline,3,267.398148
u64,sip,1024,iter-front,quick_cache,3,167.004893
u64,sip,1024,iter-front,hashlink,4,1.194755
u64,sip,1024,iter-front,micro,4,1.187611
u64,sip,1024,iter-front,baseline,4,266.296388
u64,sip,1024,iter-front,quick_cache,4,164.183184
u64,sip,1024,iter-front,lru,4,1.226869
u64,sip,1024,iter-back,micro,0,1.173195
u64,sip,1024,iter-back,baseline,0,267.041726
u64,sip,1024,iter-back,quick_cache,0,165.339404
u64,sip,1024,iter-back,lru,0,1.209912
u64,sip,1024,iter-back,hashlink,0,1.167250
u64,sip,1024,iter-back,baseline,1,267.979911
u64,sip,1024,iter-back,quick_cache,1,165.270632
u64,sip,1024,iter-back,lru,1,1.203389
u64,sip,1024,iter-back,hashlink,1,1.167134
u64,sip,1024,iter-back,micro,1,1.190506
u64,sip,1024,iter-back,quick_cache,2,169.270871
u64,sip,1024,iter-back,lru,2,1.219052
u64,sip,1024,iter-back,hashlink,2,1.167119
u64,sip,1024,iter-back,micro,2,1.175298
u64,sip,1024,iter-back,baseline,2,266.975142
u64,sip,1024,iter-back,lru,3,1.198941
u64,sip,1024,iter-back,hashlink,3,1.165494
u64,sip,1024,iter-back,micro,3,1.172872
u64,sip,1024,iter-back,baseline,3,270.337986
u64,sip,1024,iter-back,quick_cache,3,167.675781
u64,sip,1024,iter-back,hashlink,4,1.191460
u64,sip,1024,iter-back,micro,4,1.175136
u64,sip,1024,iter-back,baseline,4,267.784010
u64,sip,1024,iter-back,quick_cache,4,165.863792
u64,sip,1024,iter-back,lru,4,1.196982
u64,sip,1024,iter-empty,micro,0,0.807660
u64,sip,1024,iter-empty,baseline,0,265.861013
u64,sip,1024,iter-empty,quick_cache,0,166.239528
u64,sip,1024,iter-empty,lru,0,0.989989
u64,sip,1024,iter-empty,hashlink,0,0.997701
u64,sip,1024,iter-empty,baseline,1,265.466808
u64,sip,1024,iter-empty,quick_cache,1,166.507369
u64,sip,1024,iter-empty,lru,1,1.146480
u64,sip,1024,iter-empty,hashlink,1,1.024198
u64,sip,1024,iter-empty,micro,1,0.819264
u64,sip,1024,iter-empty,quick_cache,2,171.190693
u64,sip,1024,iter-empty,lru,2,1.016227
u64,sip,1024,iter-empty,hashlink,2,1.076708
u64,sip,1024,iter-empty,micro,2,0.832556
u64,sip,1024,iter-empty,baseline,2,278.425631
u64,sip,1024,iter-empty,lru,3,1.013130
u64,sip,1024,iter-empty,hashlink,3,1.106652
u64,sip,1024,iter-empty,micro,3,0.839384
u64,sip,1024,iter-empty,baseline,3,279.154401
u64,sip,1024,iter-empty,quick_cache,3,227.303420
u64,sip,1024,iter-empty,hashlink,4,1.018247
u64,sip,1024,iter-empty,micro,4,0.873515
u64,sip,1024,iter-empty,baseline,4,266.379616
u64,sip,1024,iter-empty,quick_cache,4,171.758127
u64,sip,1024,iter-empty,lru,4,1.015193
u64,sip,1024,iter-count,micro,0,0.407354
u64,sip,1024,iter-count,baseline,0,272.276012
u64,sip,1024,iter-count,quick_cache,0,488.342285
u64,sip,1024,iter-count,lru,0,0.394337
u64,sip,1024,iter-count,hashlink,0,0.404723
u64,sip,1024,iter-count,baseline,1,266.786488
u64,sip,1024,iter-count,quick_cache,1,510.515795
u64,sip,1024,iter-count,lru,1,0.409432
u64,sip,1024,iter-count,hashlink,1,0.401751
u64,sip,1024,iter-count,micro,1,0.407648
u64,sip,1024,iter-count,quick_cache,2,505.391439
u64,sip,1024,iter-count,lru,2,0.404443
u64,sip,1024,iter-count,hashlink,2,0.414339
u64,sip,1024,iter-count,micro,2,0.411170
u64,sip,1024,iter-count,baseline,2,269.412908
u64,sip,1024,iter-count,lru,3,0.411083
u64,sip,1024,iter-count,hashlink,3,0.409830
u64,sip,1024,iter-count,micro,3,0.413476
u64,sip,1024,iter-count,baseline,3,270.348722
u64,sip,1024,iter-count,quick_cache,3,514.032779
u64,sip,1024,iter-count,hashlink,4,0.404413
u64,sip,1024,iter-count,micro,4,0.404178
u64,sip,1024,iter-count,baseline,4,264.149306
u64,sip,1024,iter-count,quick_cache,4,507.127604
u64,sip,1024,iter-count,lru,4,0.400995
u64,sip,16384,get-hit,micro,0,7.992840
u64,sip,16384,get-hit,baseline,0,7.994499
u64,sip,16384,get-hit,quick_cache,0,8.548825
u64,sip,16384,get-hit,lru,0,9.067689
u64,sip,16384,get-hit,hashlink,0,8.835685
u64,sip,16384,get-hit,baseline,1,8.052880
u64,sip,16384,get-hit,quick_cache,1,8.596021
u64,sip,16384,get-hit,lru,1,9.017697
u64,sip,16384,get-hit,hashlink,1,8.810739
u64,sip,16384,get-hit,micro,1,8.163791
u64,sip,16384,get-hit,quick_cache,2,8.550009
u64,sip,16384,get-hit,lru,2,9.167862
u64,sip,16384,get-hit,hashlink,2,9.132696
u64,sip,16384,get-hit,micro,2,8.190468
u64,sip,16384,get-hit,baseline,2,8.233982
u64,sip,16384,get-hit,lru,3,9.330621
u64,sip,16384,get-hit,hashlink,3,9.008021
u64,sip,16384,get-hit,micro,3,8.135697
u64,sip,16384,get-hit,baseline,3,8.132271
u64,sip,16384,get-hit,quick_cache,3,8.479839
u64,sip,16384,get-hit,hashlink,4,8.924816
u64,sip,16384,get-hit,micro,4,8.117896
u64,sip,16384,get-hit,baseline,4,7.969620
u64,sip,16384,get-hit,quick_cache,4,8.617196
u64,sip,16384,get-hit,lru,4,9.082701
u64,sip,16384,get-miss,micro,0,5.338881
u64,sip,16384,get-miss,baseline,0,5.311090
u64,sip,16384,get-miss,quick_cache,0,5.443648
u64,sip,16384,get-miss,lru,0,5.620861
u64,sip,16384,get-miss,hashlink,0,5.351854
u64,sip,16384,get-miss,baseline,1,5.356498
u64,sip,16384,get-miss,quick_cache,1,5.396675
u64,sip,16384,get-miss,lru,1,5.515558
u64,sip,16384,get-miss,hashlink,1,5.256290
u64,sip,16384,get-miss,micro,1,5.393982
u64,sip,16384,get-miss,quick_cache,2,5.439234
u64,sip,16384,get-miss,lru,2,5.590343
u64,sip,16384,get-miss,hashlink,2,5.313892
u64,sip,16384,get-miss,micro,2,5.523756
u64,sip,16384,get-miss,baseline,2,5.291530
u64,sip,16384,get-miss,lru,3,5.526036
u64,sip,16384,get-miss,hashlink,3,5.228822
u64,sip,16384,get-miss,micro,3,5.362544
u64,sip,16384,get-miss,baseline,3,5.277215
u64,sip,16384,get-miss,quick_cache,3,5.307225
u64,sip,16384,get-miss,hashlink,4,5.244081
u64,sip,16384,get-miss,micro,4,5.330478
u64,sip,16384,get-miss,baseline,4,5.266171
u64,sip,16384,get-miss,quick_cache,4,5.312491
u64,sip,16384,get-miss,lru,4,5.464666
u64,sip,16384,update,micro,0,7.770749
u64,sip,16384,update,baseline,0,7.889661
u64,sip,16384,update,quick_cache,0,13.683178
u64,sip,16384,update,lru,0,8.406322
u64,sip,16384,update,hashlink,0,23.481369
u64,sip,16384,update,baseline,1,7.857411
u64,sip,16384,update,quick_cache,1,13.535998
u64,sip,16384,update,lru,1,8.498915
u64,sip,16384,update,hashlink,1,23.386635
u64,sip,16384,update,micro,1,7.941497
u64,sip,16384,update,quick_cache,2,15.480891
u64,sip,16384,update,lru,2,8.551783
u64,sip,16384,update,hashlink,2,23.772873
u64,sip,16384,update,micro,2,7.942037
u64,sip,16384,update,baseline,2,7.944959
u64,sip,16384,update,lru,3,8.432908
u64,sip,16384,update,hashlink,3,23.167610
u64,sip,16384,update,micro,3,7.933381
u64,sip,16384,update,baseline,3,7.879163
u64,sip,16384,update,quick_cache,3,13.547804
u64,sip,16384,update,hashlink,4,23.677826
u64,sip,16384,update,micro,4,7.890851
u64,sip,16384,update,baseline,4,7.900806
u64,sip,16384,update,quick_cache,4,13.592755
u64,sip,16384,update,lru,4,8.411985
u64,sip,16384,insert-cycle,micro,0,31.186005
u64,sip,16384,insert-cycle,baseline,0,30.967285
u64,sip,16384,insert-cycle,quick_cache,0,20.937604
u64,sip,16384,insert-cycle,lru,0,40.462911
u64,sip,16384,insert-cycle,hashlink,0,51.831558
u64,sip,16384,insert-cycle,baseline,1,31.760325
u64,sip,16384,insert-cycle,quick_cache,1,20.732367
u64,sip,16384,insert-cycle,lru,1,40.544718
u64,sip,16384,insert-cycle,hashlink,1,50.160721
u64,sip,16384,insert-cycle,micro,1,31.905701
u64,sip,16384,insert-cycle,quick_cache,2,20.546973
u64,sip,16384,insert-cycle,lru,2,39.527466
u64,sip,16384,insert-cycle,hashlink,2,49.675629
u64,sip,16384,insert-cycle,micro,2,31.358927
u64,sip,16384,insert-cycle,baseline,2,31.451335
u64,sip,16384,insert-cycle,lru,3,40.532847
u64,sip,16384,insert-cycle,hashlink,3,51.982239
u64,sip,16384,insert-cycle,micro,3,31.851023
u64,sip,16384,insert-cycle,baseline,3,30.870219
u64,sip,16384,insert-cycle,quick_cache,3,20.616406
u64,sip,16384,insert-cycle,hashlink,4,49.001694
u64,sip,16384,insert-cycle,micro,4,31.208466
u64,sip,16384,insert-cycle,baseline,4,31.608582
u64,sip,16384,insert-cycle,quick_cache,4,20.951843
u64,sip,16384,insert-cycle,lru,4,41.537811
u64,sip,16384,mixed-95,micro,0,23.545226
u64,sip,16384,mixed-95,baseline,0,22.345722
u64,sip,16384,mixed-95,quick_cache,0,11.658907
u64,sip,16384,mixed-95,lru,0,22.546947
u64,sip,16384,mixed-95,hashlink,0,16.673207
u64,sip,16384,mixed-95,baseline,1,23.118973
u64,sip,16384,mixed-95,quick_cache,1,12.515823
u64,sip,16384,mixed-95,lru,1,21.978299
u64,sip,16384,mixed-95,hashlink,1,16.143104
u64,sip,16384,mixed-95,micro,1,23.292820
u64,sip,16384,mixed-95,quick_cache,2,11.970063
u64,sip,16384,mixed-95,lru,2,22.214353
u64,sip,16384,mixed-95,hashlink,2,16.618152
u64,sip,16384,mixed-95,micro,2,24.944107
u64,sip,16384,mixed-95,baseline,2,26.019414
u64,sip,16384,mixed-95,lru,3,27.495365
u64,sip,16384,mixed-95,hashlink,3,16.906301
u64,sip,16384,mixed-95,micro,3,23.174286
u64,sip,16384,mixed-95,baseline,3,23.851514
u64,sip,16384,mixed-95,quick_cache,3,12.690187
u64,sip,16384,mixed-95,hashlink,4,17.194251
u64,sip,16384,mixed-95,micro,4,24.672409
u64,sip,16384,mixed-95,baseline,4,23.915112
u64,sip,16384,mixed-95,quick_cache,4,12.818535
u64,sip,16384,mixed-95,lru,4,24.147034
u64,sip,16384,load-hit,micro,0,24.241768
u64,sip,16384,load-hit,baseline,0,24.732129
u64,sip,16384,load-hit,quick_cache,0,13.762297
u64,sip,16384,load-hit,lru,0,8.803231
u64,sip,16384,load-hit,hashlink,0,8.842346
u64,sip,16384,load-hit,baseline,1,23.656525
u64,sip,16384,load-hit,quick_cache,1,13.600853
u64,sip,16384,load-hit,lru,1,8.818368
u64,sip,16384,load-hit,hashlink,1,8.768959
u64,sip,16384,load-hit,micro,1,26.132536
u64,sip,16384,load-hit,quick_cache,2,13.241538
u64,sip,16384,load-hit,lru,2,8.680122
u64,sip,16384,load-hit,hashlink,2,8.518188
u64,sip,16384,load-hit,micro,2,23.278877
u64,sip,16384,load-hit,baseline,2,25.493709
u64,sip,16384,load-hit,lru,3,8.752610
u64,sip,16384,load-hit,hashlink,3,8.600515
u64,sip,16384,load-hit,micro,3,22.601261
u64,sip,16384,load-hit,baseline,3,25.221427
u64,sip,16384,load-hit,quick_cache,3,13.305119
u64,sip,16384,load-hit,hashlink,4,8.655401
u64,sip,16384,load-hit,micro,4,23.568794
u64,sip,16384,load-hit,baseline,4,26.166286
u64,sip,16384,load-hit,quick_cache,4,13.596897
u64,sip,16384,load-hit,lru,4,8.700584
u64,sip,16384,load-cycle,micro,0,38.641195
u64,sip,16384,load-cycle,baseline,0,38.824300
u64,sip,16384,load-cycle,quick_cache,0,21.798450
u64,sip,16384,load-cycle,lru,0,40.666372
u64,sip,16384,load-cycle,hashlink,0,54.005936
u64,sip,16384,load-cycle,baseline,1,37.639191
u64,sip,16384,load-cycle,quick_cache,1,21.739709
u64,sip,16384,load-cycle,lru,1,40.560832
u64,sip,16384,load-cycle,hashlink,1,54.517120
u64,sip,16384,load-cycle,micro,1,38.270315
u64,sip,16384,load-cycle,quick_cache,2,22.138727
u64,sip,16384,load-cycle,lru,2,40.483266
u64,sip,16384,load-cycle,hashlink,2,49.761444
u64,sip,16384,load-cycle,micro,2,37.708282
u64,sip,16384,load-cycle,baseline,2,38.273712
u64,sip,16384,load-cycle,lru,3,40.376444
u64,sip,16384,load-cycle,hashlink,3,51.727295
u64,sip,16384,load-cycle,micro,3,37.758301
u64,sip,16384,load-cycle,baseline,3,38.514038
u64,sip,16384,load-cycle,quick_cache,3,21.483356
u64,sip,16384,load-cycle,hashlink,4,52.145645
u64,sip,16384,load-cycle,micro,4,38.010488
u64,sip,16384,load-cycle,baseline,4,38.060079
u64,sip,16384,load-cycle,quick_cache,4,21.061450
u64,sip,16384,load-cycle,lru,4,40.917297
u64,sip,16384,clear-refill,micro,0,117982.384615
u64,sip,16384,clear-refill,baseline,0,168335.666667
u64,sip,16384,clear-refill,quick_cache,0,241794.846154
u64,sip,16384,clear-refill,lru,0,681616.800000
u64,sip,16384,clear-refill,hashlink,0,421489.500000
u64,sip,16384,clear-refill,baseline,1,166070.210526
u64,sip,16384,clear-refill,quick_cache,1,235589.769231
u64,sip,16384,clear-refill,lru,1,663341.800000
u64,sip,16384,clear-refill,hashlink,1,439422.571429
u64,sip,16384,clear-refill,micro,1,120598.320000
u64,sip,16384,clear-refill,quick_cache,2,241772.461538
u64,sip,16384,clear-refill,lru,2,675425.000000
u64,sip,16384,clear-refill,hashlink,2,432732.142857
u64,sip,16384,clear-refill,micro,2,121061.680000
u64,sip,16384,clear-refill,baseline,2,230538.714286
u64,sip,16384,clear-refill,lru,3,659458.400000
u64,sip,16384,clear-refill,hashlink,3,429833.428571
u64,sip,16384,clear-refill,micro,3,118724.346154
u64,sip,16384,clear-refill,baseline,3,166449.578947
u64,sip,16384,clear-refill,quick_cache,3,236586.538462
u64,sip,16384,clear-refill,hashlink,4,434232.142857
u64,sip,16384,clear-refill,micro,4,119314.076923
u64,sip,16384,clear-refill,baseline,4,169034.722222
u64,sip,16384,clear-refill,quick_cache,4,241615.384615
u64,sip,16384,clear-refill,lru,4,667675.000000
u64,sip,16384,clear-empty,micro,0,0.369141
u64,sip,16384,clear-empty,baseline,0,326.578776
u64,sip,16384,clear-empty,quick_cache,0,1.842486
u64,sip,16384,clear-empty,lru,0,0.605808
u64,sip,16384,clear-empty,hashlink,0,0.620000
u64,sip,16384,clear-empty,baseline,1,551.994496
u64,sip,16384,clear-empty,quick_cache,1,1.827002
u64,sip,16384,clear-empty,lru,1,0.610360
u64,sip,16384,clear-empty,hashlink,1,0.610742
u64,sip,16384,clear-empty,micro,1,0.368022
u64,sip,16384,clear-empty,quick_cache,2,1.824726
u64,sip,16384,clear-empty,lru,2,0.603220
u64,sip,16384,clear-empty,hashlink,2,0.610328
u64,sip,16384,clear-empty,micro,2,0.377037
u64,sip,16384,clear-empty,baseline,2,329.133138
u64,sip,16384,clear-empty,lru,3,0.609947
u64,sip,16384,clear-empty,hashlink,3,0.609828
u64,sip,16384,clear-empty,micro,3,0.369805
u64,sip,16384,clear-empty,baseline,3,324.843433
u64,sip,16384,clear-empty,quick_cache,3,1.827806
u64,sip,16384,clear-empty,hashlink,4,0.614360
u64,sip,16384,clear-empty,micro,4,0.375878
u64,sip,16384,clear-empty,baseline,4,326.940538
u64,sip,16384,clear-empty,quick_cache,4,1.816398
u64,sip,16384,clear-empty,lru,4,0.607481
u64,sip,16384,iter-dense,micro,0,4960.046053
u64,sip,16384,iter-dense,baseline,0,4671.502976
u64,sip,16384,iter-dense,quick_cache,0,5330.583333
u64,sip,16384,iter-dense,lru,0,24686.523438
u64,sip,16384,iter-dense,hashlink,0,22836.462500
u64,sip,16384,iter-dense,baseline,1,4701.562500
u64,sip,16384,iter-dense,quick_cache,1,5289.279514
u64,sip,16384,iter-dense,lru,1,23041.150000
u64,sip,16384,iter-dense,hashlink,1,22509.375000
u64,sip,16384,iter-dense,micro,1,4846.875000
u64,sip,16384,iter-dense,quick_cache,2,5254.847222
u64,sip,16384,iter-dense,lru,2,24726.562500
u64,sip,16384,iter-dense,hashlink,2,22634.112500
u64,sip,16384,iter-dense,micro,2,4863.671875
u64,sip,16384,iter-dense,baseline,2,4638.641369
u64,sip,16384,iter-dense,lru,3,21495.312500
u64,sip,16384,iter-dense,hashlink,3,21776.818750
u64,sip,16384,iter-dense,micro,3,4884.635938
u64,sip,16384,iter-dense,baseline,3,4650.172619
u64,sip,16384,iter-dense,quick_cache,3,5182.222039
u64,sip,16384,iter-dense,hashlink,4,23199.737500
u64,sip,16384,iter-dense,micro,4,4996.916118
u64,sip,16384,iter-dense,baseline,4,4733.398438
u64,sip,16384,iter-dense,quick_cache,4,5358.723958
u64,sip,16384,iter-dense,lru,4,24418.945312
u64,sip,16384,iter-dense-for,micro,0,4619.605655
u64,sip,16384,iter-dense-for,baseline,0,4687.956250
u64,sip,16384,iter-dense-for,quick_cache,0,5519.531250
u64,sip,16384,iter-dense-for,lru,0,17184.463542
u64,sip,16384,iter-dense-for,hashlink,0,19136.718750
u64,sip,16384,iter-dense-for,baseline,1,4698.632812
u64,sip,16384,iter-dense-for,quick_cache,1,5378.689236
u64,sip,16384,iter-dense-for,lru,1,17847.869792
u64,sip,16384,iter-dense-for,hashlink,1,18770.050000
u64,sip,16384,iter-dense-for,micro,1,4574.467262
u64,sip,16384,iter-dense-for,quick_cache,2,5326.605903
u64,sip,16384,iter-dense-for,lru,2,16525.390625
u64,sip,16384,iter-dense-for,hashlink,2,18837.756250
u64,sip,16384,iter-dense-for,micro,2,4592.757440
u64,sip,16384,iter-dense-for,baseline,2,4678.322917
u64,sip,16384,iter-dense-for,lru,3,17768.661458
u64,sip,16384,iter-dense-for,hashlink,3,19011.718750
u64,sip,16384,iter-dense-for,micro,3,4612.909226
u64,sip,16384,iter-dense-for,baseline,3,4685.144345
u64,sip,16384,iter-dense-for,quick_cache,3,5358.434028
u64,sip,16384,iter-dense-for,hashlink,4,18496.312500
u64,sip,16384,iter-dense-for,micro,4,4645.523810
u64,sip,16384,iter-dense-for,baseline,4,4681.050595
u64,sip,16384,iter-dense-for,quick_cache,4,5342.159722
u64,sip,16384,iter-dense-for,lru,4,18005.640625
u64,sip,16384,iter-density-1pct,micro,0,262.166114
u64,sip,16384,iter-density-1pct,baseline,0,5133.978618
u64,sip,16384,iter-density-1pct,quick_cache,0,5127.809211
u64,sip,16384,iter-density-1pct,lru,0,189.138105
u64,sip,16384,iter-density-1pct,hashlink,0,189.143334
u64,sip,16384,iter-density-1pct,baseline,1,5248.336806
u64,sip,16384,iter-density-1pct,quick_cache,1,5109.444079
u64,sip,16384,iter-density-1pct,lru,1,187.770813
u64,sip,16384,iter-density-1pct,hashlink,1,189.535985
u64,sip,16384,iter-density-1pct,micro,1,255.119905
u64,sip,16384,iter-density-1pct,quick_cache,2,5086.074013
u64,sip,16384,iter-density-1pct,lru,2,187.710938
u64,sip,16384,iter-density-1pct,hashlink,2,183.851654
u64,sip,16384,iter-density-1pct,micro,2,258.651860
u64,sip,16384,iter-density-1pct,baseline,2,5173.588816
u64,sip,16384,iter-density-1pct,lru,3,186.438618
u64,sip,16384,iter-density-1pct,hashlink,3,185.726052
u64,sip,16384,iter-density-1pct,micro,3,261.027951
u64,sip,16384,iter-density-1pct,baseline,3,5238.571181
u64,sip,16384,iter-density-1pct,quick_cache,3,5131.853618
u64,sip,16384,iter-density-1pct,hashlink,4,187.917460
u64,sip,16384,iter-density-1pct,micro,4,261.562848
u64,sip,16384,iter-density-1pct,baseline,4,5227.501736
u64,sip,16384,iter-density-1pct,quick_cache,4,5173.588816
u64,sip,16384,iter-density-1pct,lru,4,190.471285
u64,sip,16384,iter-density-6pct,micro,0,4875.456250
u64,sip,16384,iter-density-6pct,baseline,0,4896.157812
u64,sip,16384,iter-density-6pct,quick_cache,0,4863.867188
u64,sip,16384,iter-density-6pct,lru,0,4941.406250
u64,sip,16384,iter-density-6pct,hashlink,0,4535.093750
u64,sip,16384,iter-density-6pct,baseline,1,4820.117188
u64,sip,16384,iter-density-6pct,quick_cache,1,4851.562500
u64,sip,16384,iter-density-6pct,lru,1,4892.448438
u64,sip,16384,iter-density-6pct,hashlink,1,4545.447917
u64,sip,16384,iter-density-6pct,micro,1,4912.370313
u64,sip,16384,iter-density-6pct,quick_cache,2,4841.667188
u64,sip,16384,iter-density-6pct,lru,2,5564.108456
u64,sip,16384,iter-density-6pct,hashlink,2,5629.443015
u64,sip,16384,iter-density-6pct,micro,2,5008.018092
u64,sip,16384,iter-density-6pct,baseline,2,4956.003289
u64,sip,16384,iter-density-6pct,lru,3,5979.085938
u64,sip,16384,iter-density-6pct,hashlink,3,5621.018382
u64,sip,16384,iter-density-6pct,micro,3,5019.531250
u64,sip,16384,iter-density-6pct,baseline,3,4844.660937
u64,sip,16384,iter-density-6pct,quick_cache,3,4899.739062
u64,sip,16384,iter-density-6pct,hashlink,4,4656.497024
u64,sip,16384,iter-density-6pct,micro,4,4872.787500
u64,sip,16384,iter-density-6pct,baseline,4,4742.837500
u64,sip,16384,iter-density-6pct,quick_cache,4,4836.001562
u64,sip,16384,iter-density-6pct,lru,4,4682.849702
u64,sip,16384,iter-density-quarter,micro,0,4891.732813
u64,sip,16384,iter-density-quarter,baseline,0,4220.788043
u64,sip,16384,iter-density-quarter,quick_cache,0,4947.299342
u64,sip,16384,iter-density-quarter,lru,0,7324.120192
u64,sip,16384,iter-density-quarter,hashlink,0,7337.338942
u64,sip,16384,iter-density-quarter,baseline,1,4220.845109
u64,sip,16384,iter-density-quarter,quick_cache,1,4963.199013
u64,sip,16384,iter-density-quarter,lru,1,7184.151786
u64,sip,16384,iter-density-quarter,hashlink,1,7779.346154
u64,sip,16384,iter-density-quarter,micro,1,5047.011513
u64,sip,16384,iter-density-quarter,quick_cache,2,5040.365132
u64,sip,16384,iter-density-quarter,lru,2,7368.689904
u64,sip,16384,iter-density-quarter,hashlink,2,7714.742788
u64,sip,16384,iter-density-quarter,micro,2,4937.226974
u64,sip,16384,iter-density-quarter,baseline,2,4177.876359
u64,sip,16384,iter-density-quarter,lru,3,7313.500000
u64,sip,16384,iter-density-quarter,hashlink,3,7711.038462
u64,sip,16384,iter-density-quarter,micro,3,4941.337171
u64,sip,16384,iter-density-quarter,baseline,3,4222.769022
u64,sip,16384,iter-density-quarter,quick_cache,3,4871.029688
u64,sip,16384,iter-density-quarter,hashlink,4,7164.433036
u64,sip,16384,iter-density-quarter,micro,4,4954.837171
u64,sip,16384,iter-density-quarter,baseline,4,4176.290761
u64,sip,16384,iter-density-quarter,quick_cache,4,4878.906250
u64,sip,16384,iter-density-quarter,lru,4,7906.468750
u64,sip,16384,iter-density-half,micro,0,5022.134868
u64,sip,16384,iter-density-half,baseline,0,4413.470170
u64,sip,16384,iter-density-half,quick_cache,0,5316.984375
u64,sip,16384,iter-density-half,lru,0,16412.546875
u64,sip,16384,iter-density-half,hashlink,0,16697.916667
u64,sip,16384,iter-density-half,baseline,1,4406.250000
u64,sip,16384,iter-density-half,quick_cache,1,5040.090461
u64,sip,16384,iter-density-half,lru,1,16605.036458
u64,sip,16384,iter-density-half,hashlink,1,16728.296875
u64,sip,16384,iter-density-half,micro,1,5027.000000
u64,sip,16384,iter-density-half,quick_cache,2,4977.796053
u64,sip,16384,iter-density-half,lru,2,16243.927083
u64,sip,16384,iter-density-half,hashlink,2,16585.937500
u64,sip,16384,iter-density-half,micro,2,4947.230263
u64,sip,16384,iter-density-half,baseline,2,4361.920455
u64,sip,16384,iter-density-half,lru,3,14771.017857
u64,sip,16384,iter-density-half,hashlink,3,16529.078125
u64,sip,16384,iter-density-half,micro,3,4990.542763
u64,sip,16384,iter-density-half,baseline,3,4382.515625
u64,sip,16384,iter-density-half,quick_cache,3,5033.305921
u64,sip,16384,iter-density-half,hashlink,4,15266.741071
u64,sip,16384,iter-density-half,micro,4,4992.187500
u64,sip,16384,iter-density-half,baseline,4,4393.525568
u64,sip,16384,iter-density-half,quick_cache,4,4989.514803
u64,sip,16384,iter-density-half,lru,4,17414.062500
u64,sip,16384,iter-front,micro,0,1.167366
u64,sip,16384,iter-front,baseline,0,4267.518466
u64,sip,16384,iter-front,quick_cache,0,5131.715461
u64,sip,16384,iter-front,lru,0,1.215165
u64,sip,16384,iter-front,hashlink,0,1.147983
u64,sip,16384,iter-front,baseline,1,4177.593750
u64,sip,16384,iter-front,quick_cache,1,5138.774671
u64,sip,16384,iter-front,lru,1,1.222135
u64,sip,16384,iter-front,hashlink,1,1.200323
u64,sip,16384,iter-front,micro,1,1.149940
u64,sip,16384,iter-front,quick_cache,2,4937.569079
u64,sip,16384,iter-front,lru,2,1.202463
u64,sip,16384,iter-front,hashlink,2,1.177217
u64,sip,16384,iter-front,micro,2,1.156251
u64,sip,16384,iter-front,baseline,2,4184.555707
u64,sip,16384,iter-front,lru,3,1.230008
u64,sip,16384,iter-front,hashlink,3,1.200092
u64,sip,16384,iter-front,micro,3,1.177291
u64,sip,16384,iter-front,baseline,3,4192.595109
u64,sip,16384,iter-front,quick_cache,3,4964.500000
u64,sip,16384,iter-front,hashlink,4,1.163065
u64,sip,16384,iter-front,micro,4,1.177468
u64,sip,16384,iter-front,baseline,4,4201.144022
u64,sip,16384,iter-front,quick_cache,4,5022.136513
u64,sip,16384,iter-front,lru,4,1.228622
u64,sip,16384,iter-back,micro,0,1.190945
u64,sip,16384,iter-back,baseline,0,4287.701705
u64,sip,16384,iter-back,quick_cache,0,5028.304276
u64,sip,16384,iter-back,lru,0,1.218229
u64,sip,16384,iter-back,hashlink,0,1.198497
u64,sip,16384,iter-back,baseline,1,4154.381793
u64,sip,16384,iter-back,quick_cache,1,4906.901563
u64,sip,16384,iter-back,lru,1,1.184580
u64,sip,16384,iter-back,hashlink,1,1.200676
u64,sip,16384,iter-back,micro,1,1.167003
u64,sip,16384,iter-back,quick_cache,2,4920.181250
u64,sip,16384,iter-back,lru,2,1.180968
u64,sip,16384,iter-back,hashlink,2,1.161465
u64,sip,16384,iter-back,micro,2,1.162618
u64,sip,16384,iter-back,baseline,2,4154.551630
u64,sip,16384,iter-back,lru,3,1.193629
u64,sip,16384,iter-back,hashlink,3,1.175696
u64,sip,16384,iter-back,micro,3,1.167584
u64,sip,16384,iter-back,baseline,3,4193.218750
u64,sip,16384,iter-back,quick_cache,3,5102.179276
u64,sip,16384,iter-back,hashlink,4,1.220195
u64,sip,16384,iter-back,micro,4,1.162027
u64,sip,16384,iter-back,baseline,4,4111.355978
u64,sip,16384,iter-back,quick_cache,4,5092.449013
u64,sip,16384,iter-back,lru,4,1.183309
u64,sip,16384,iter-empty,micro,0,0.819694
u64,sip,16384,iter-empty,baseline,0,4256.623641
u64,sip,16384,iter-empty,quick_cache,0,8591.264205
u64,sip,16384,iter-empty,lru,0,3.198939
u64,sip,16384,iter-empty,hashlink,0,2.332264
u64,sip,16384,iter-empty,baseline,1,6996.187500
u64,sip,16384,iter-empty,quick_cache,1,8747.869318
u64,sip,16384,iter-empty,lru,1,1.011054
u64,sip,16384,iter-empty,hashlink,1,1.004694
u64,sip,16384,iter-empty,micro,1,0.815090
u64,sip,16384,iter-empty,quick_cache,2,5157.758224
u64,sip,16384,iter-empty,lru,2,1.001785
u64,sip,16384,iter-empty,hashlink,2,0.987123
u64,sip,16384,iter-empty,micro,2,0.818320
u64,sip,16384,iter-empty,baseline,2,4268.465909
u64,sip,16384,iter-empty,lru,3,1.098148
u64,sip,16384,iter-empty,hashlink,3,1.008086
u64,sip,16384,iter-empty,micro,3,0.781791
u64,sip,16384,iter-empty,baseline,3,4129.585598
u64,sip,16384,iter-empty,quick_cache,3,5022.067434
u64,sip,16384,iter-empty,hashlink,4,0.998807
u64,sip,16384,iter-empty,micro,4,0.816865
u64,sip,16384,iter-empty,baseline,4,4139.605978
u64,sip,16384,iter-empty,quick_cache,4,4994.449013
u64,sip,16384,iter-empty,lru,4,0.992221
u64,sip,16384,iter-count,micro,0,0.391210
u64,sip,16384,iter-count,baseline,0,4153.104167
u64,sip,16384,iter-count,quick_cache,0,7751.220703
u64,sip,16384,iter-count,lru,0,0.405968
u64,sip,16384,iter-count,hashlink,0,0.399222
u64,sip,16384,iter-count,baseline,1,4223.848958
u64,sip,16384,iter-count,quick_cache,1,8059.732422
u64,sip,16384,iter-count,lru,1,0.397777
u64,sip,16384,iter-count,hashlink,1,0.403266
u64,sip,16384,iter-count,micro,1,0.403622
u64,sip,16384,iter-count,quick_cache,2,8230.224609
u64,sip,16384,iter-count,lru,2,0.402845
u64,sip,16384,iter-count,hashlink,2,0.404137
u64,sip,16384,iter-count,micro,2,0.405653
u64,sip,16384,iter-count,baseline,2,4207.845052
u64,sip,16384,iter-count,lru,3,0.397615
u64,sip,16384,iter-count,hashlink,3,0.407260
u64,sip,16384,iter-count,micro,3,0.403025
u64,sip,16384,iter-count,baseline,3,4980.033854
u64,sip,16384,iter-count,quick_cache,3,9250.080078
u64,sip,16384,iter-count,hashlink,4,2.930595
u64,sip,16384,iter-count,micro,4,1.014491
u64,sip,16384,iter-count,baseline,4,22794.841797
u64,sip,16384,iter-count,quick_cache,4,8960.123047
u64,sip,16384,iter-count,lru,4,1.032274
u64,ahash,128,get-hit,micro,0,7.415161
u64,ahash,128,get-hit,baseline,0,3.431992
u64,ahash,128,get-hit,quick_cache,0,2.286639
u64,ahash,128,get-hit,lru,0,3.758177
u64,ahash,128,get-hit,hashlink,0,3.750859
u64,ahash,128,get-hit,baseline,1,2.221680
u64,ahash,128,get-hit,quick_cache,1,2.412883
u64,ahash,128,get-hit,lru,1,3.841082
u64,ahash,128,get-hit,hashlink,1,3.730800
u64,ahash,128,get-hit,micro,1,2.205398
u64,ahash,128,get-hit,quick_cache,2,2.284332
u64,ahash,128,get-hit,lru,2,3.708914
u64,ahash,128,get-hit,hashlink,2,3.797130
u64,ahash,128,get-hit,micro,2,2.121030
u64,ahash,128,get-hit,baseline,2,2.135521
u64,ahash,128,get-hit,lru,3,3.805731
u64,ahash,128,get-hit,hashlink,3,3.560731
u64,ahash,128,get-hit,micro,3,2.142953
u64,ahash,128,get-hit,baseline,3,2.125382
u64,ahash,128,get-hit,quick_cache,3,2.269321
u64,ahash,128,get-hit,hashlink,4,3.616980
u64,ahash,128,get-hit,micro,4,2.297751
u64,ahash,128,get-hit,baseline,4,2.159747
u64,ahash,128,get-hit,quick_cache,4,2.327287
u64,ahash,128,get-hit,lru,4,3.730029
u64,ahash,128,get-miss,micro,0,1.693703
u64,ahash,128,get-miss,baseline,0,1.583516
u64,ahash,128,get-miss,quick_cache,0,1.656037
u64,ahash,128,get-miss,lru,0,2.047718
u64,ahash,128,get-miss,hashlink,0,1.569373
u64,ahash,128,get-miss,baseline,1,1.568286
u64,ahash,128,get-miss,quick_cache,1,1.665381
u64,ahash,128,get-miss,lru,1,2.033550
u64,ahash,128,get-miss,hashlink,1,1.568264
u64,ahash,128,get-miss,micro,1,1.695939
u64,ahash,128,get-miss,quick_cache,2,1.673636
u64,ahash,128,get-miss,lru,2,2.021538
u64,ahash,128,get-miss,hashlink,2,1.586782
u64,ahash,128,get-miss,micro,2,1.700154
u64,ahash,128,get-miss,baseline,2,1.651455
u64,ahash,128,get-miss,lru,3,2.033381
u64,ahash,128,get-miss,hashlink,3,1.581806
u64,ahash,128,get-miss,micro,3,1.732928
u64,ahash,128,get-miss,baseline,3,1.610427
u64,ahash,128,get-miss,quick_cache,3,1.688874
u64,ahash,128,get-miss,hashlink,4,1.611854
u64,ahash,128,get-miss,micro,4,1.714903
u64,ahash,128,get-miss,baseline,4,1.600396
u64,ahash,128,get-miss,quick_cache,4,1.707920
u64,ahash,128,get-miss,lru,4,2.016899
u64,ahash,128,update,micro,0,2.121118
u64,ahash,128,update,baseline,0,2.123353
u64,ahash,128,update,quick_cache,0,3.474445
u64,ahash,128,update,lru,0,3.511895
u64,ahash,128,update,hashlink,0,4.031787
u64,ahash,128,update,baseline,1,2.240145
u64,ahash,128,update,quick_cache,1,3.701824
u64,ahash,128,update,lru,1,4.089921
u64,ahash,128,update,hashlink,1,4.010905
u64,ahash,128,update,micro,1,2.064937
u64,ahash,128,update,quick_cache,2,3.467296
u64,ahash,128,update,lru,2,3.496297
u64,ahash,128,update,hashlink,2,3.973247
u64,ahash,128,update,micro,2,2.070426
u64,ahash,128,update,baseline,2,2.077351
u64,ahash,128,update,lru,3,3.464848
u64,ahash,128,update,hashlink,3,3.993988
u64,ahash,128,update,micro,3,2.059079
u64,ahash,128,update,baseline,3,2.077235
u64,ahash,128,update,quick_cache,3,3.497654
u64,ahash,128,update,hashlink,4,3.971168
u64,ahash,128,update,micro,4,2.109308
u64,ahash,128,update,baseline,4,2.055191
u64,ahash,128,update,quick_cache,4,3.487305
u64,ahash,128,update,lru,4,3.483995
u64,ahash,128,insert-cycle,micro,0,10.649793
u64,ahash,128,insert-cycle,baseline,0,10.966609
u64,ahash,128,insert-cycle,quick_cache,0,8.185419
u64,ahash,128,insert-cycle,lru,0,18.161644
u64,ahash,128,insert-cycle,hashlink,0,16.688383
u64,ahash,128,insert-cycle,baseline,1,10.699119
u64,ahash,128,insert-cycle,quick_cache,1,8.153303
u64,ahash,128,insert-cycle,lru,1,17.848649
u64,ahash,128,insert-cycle,hashlink,1,16.675881
u64,ahash,128,insert-cycle,micro,1,10.477756
u64,ahash,128,insert-cycle,quick_cache,2,8.080701
u64,ahash,128,insert-cycle,lru,2,17.605492
u64,ahash,128,insert-cycle,hashlink,2,16.606177
u64,ahash,128,insert-cycle,micro,2,10.511260
u64,ahash,128,insert-cycle,baseline,2,10.649204
u64,ahash,128,insert-cycle,lru,3,17.267943
u64,ahash,128,insert-cycle,hashlink,3,16.641041
u64,ahash,128,insert-cycle,micro,3,10.450900
u64,ahash,128,insert-cycle,baseline,3,10.830789
u64,ahash,128,insert-cycle,quick_cache,3,8.252754
u64,ahash,128,insert-cycle,hashlink,4,17.063074
u64,ahash,128,insert-cycle,micro,4,10.752792
u64,ahash,128,insert-cycle,baseline,4,10.913131
u64,ahash,128,insert-cycle,quick_cache,4,8.226883
u64,ahash,128,insert-cycle,lru,4,18.191315
u64,ahash,128,mixed-95,micro,0,2.749045
u64,ahash,128,mixed-95,baseline,0,2.858977
u64,ahash,128,mixed-95,quick_cache,0,3.855169
u64,ahash,128,mixed-95,lru,0,3.258546
u64,ahash,128,mixed-95,hashlink,0,3.173430
u64,ahash,128,mixed-95,baseline,1,2.789934
u64,ahash,128,mixed-95,quick_cache,1,3.747046
u64,ahash,128,mixed-95,lru,1,3.255328
u64,ahash,128,mixed-95,hashlink,1,3.130019
u64,ahash,128,mixed-95,micro,1,2.852937
u64,ahash,128,mixed-95,quick_cache,2,3.684342
u64,ahash,128,mixed-95,lru,2,3.317615
u64,ahash,128,mixed-95,hashlink,2,3.175239
u64,ahash,128,mixed-95,micro,2,2.729396
u64,ahash,128,mixed-95,baseline,2,2.737820
u64,ahash,128,mixed-95,lru,3,3.189603
u64,ahash,128,mixed-95,hashlink,3,3.051480
u64,ahash,128,mixed-95,micro,3,2.733390
u64,ahash,128,mixed-95,baseline,3,2.687911
u64,ahash,128,mixed-95,quick_cache,3,3.924052
u64,ahash,128,mixed-95,hashlink,4,3.070493
u64,ahash,128,mixed-95,micro,4,2.686878
u64,ahash,128,mixed-95,baseline,4,2.718687
u64,ahash,128,mixed-95,quick_cache,4,3.642261
u64,ahash,128,mixed-95,lru,4,3.202657
u64,ahash,128,load-hit,micro,0,2.458065
u64,ahash,128,load-hit,baseline,0,2.453681
u64,ahash,128,load-hit,quick_cache,0,3.343802
u64,ahash,128,load-hit,lru,0,3.513639
u64,ahash,128,load-hit,hashlink,0,3.534855
u64,ahash,128,load-hit,baseline,1,2.461649
u64,ahash,128,load-hit,quick_cache,1,3.384091
u64,ahash,128,load-hit,lru,1,3.576729
u64,ahash,128,load-hit,hashlink,1,3.523704
u64,ahash,128,load-hit,micro,1,2.472333
u64,ahash,128,load-hit,quick_cache,2,3.341028
u64,ahash,128,load-hit,lru,2,3.531089
u64,ahash,128,load-hit,hashlink,2,3.562112
u64,ahash,128,load-hit,micro,2,2.493480
u64,ahash,128,load-hit,baseline,2,2.514077
u64,ahash,128,load-hit,lru,3,3.525123
u64,ahash,128,load-hit,hashlink,3,3.518435
u64,ahash,128,load-hit,micro,3,2.462264
u64,ahash,128,load-hit,baseline,3,2.454257
u64,ahash,128,load-hit,quick_cache,3,3.369673
u64,ahash,128,load-hit,hashlink,4,3.536518
u64,ahash,128,load-hit,micro,4,2.460966
u64,ahash,128,load-hit,baseline,4,2.462229
u64,ahash,128,load-hit,quick_cache,4,3.393763
u64,ahash,128,load-hit,lru,4,3.522726
u64,ahash,128,load-cycle,micro,0,10.706960
u64,ahash,128,load-cycle,baseline,0,10.652014
u64,ahash,128,load-cycle,quick_cache,0,8.664677
u64,ahash,128,load-cycle,lru,0,17.473821
u64,ahash,128,load-cycle,hashlink,0,19.187353
u64,ahash,128,load-cycle,baseline,1,10.803690
u64,ahash,128,load-cycle,quick_cache,1,8.639615
u64,ahash,128,load-cycle,lru,1,18.010153
u64,ahash,128,load-cycle,hashlink,1,19.350492
u64,ahash,128,load-cycle,micro,1,10.759210
u64,ahash,128,load-cycle,quick_cache,2,8.427385
u64,ahash,128,load-cycle,lru,2,17.497476
u64,ahash,128,load-cycle,hashlink,2,19.049843
u64,ahash,128,load-cycle,micro,2,10.751444
u64,ahash,128,load-cycle,baseline,2,10.825900
u64,ahash,128,load-cycle,lru,3,17.760618
u64,ahash,128,load-cycle,hashlink,3,19.200401
u64,ahash,128,load-cycle,micro,3,10.693926
u64,ahash,128,load-cycle,baseline,3,10.615843
u64,ahash,128,load-cycle,quick_cache,3,8.452393
u64,ahash,128,load-cycle,hashlink,4,19.191879
u64,ahash,128,load-cycle,micro,4,10.560952
u64,ahash,128,load-cycle,baseline,4,10.587367
u64,ahash,128,load-cycle,quick_cache,4,8.375884
u64,ahash,128,load-cycle,lru,4,17.412950
u64,ahash,128,clear-refill,micro,0,712.041291
u64,ahash,128,clear-refill,baseline,0,742.718564
u64,ahash,128,clear-refill,quick_cache,0,792.690621
u64,ahash,128,clear-refill,lru,0,3034.757331
u64,ahash,128,clear-refill,hashlink,0,1788.786055
u64,ahash,128,clear-refill,baseline,1,732.472900
u64,ahash,128,clear-refill,quick_cache,1,778.040716
u64,ahash,128,clear-refill,lru,1,3026.209677
u64,ahash,128,clear-refill,hashlink,1,1789.156828
u64,ahash,128,clear-refill,micro,1,710.355350
u64,ahash,128,clear-refill,quick_cache,2,786.533421
u64,ahash,128,clear-refill,lru,2,3052.899288
u64,ahash,128,clear-refill,hashlink,2,1788.264601
u64,ahash,128,clear-refill,micro,2,706.655205
u64,ahash,128,clear-refill,baseline,2,737.042496
u64,ahash,128,clear-refill,lru,3,3068.379346
u64,ahash,128,clear-refill,hashlink,3,1816.888620
u64,ahash,128,clear-refill,micro,3,724.728261
u64,ahash,128,clear-refill,baseline,3,744.252791
u64,ahash,128,clear-refill,quick_cache,3,787.423360
u64,ahash,128,clear-refill,hashlink,4,1786.582143
u64,ahash,128,clear-refill,micro,4,714.555132
u64,ahash,128,clear-refill,baseline,4,733.239736
u64,ahash,128,clear-refill,quick_cache,4,785.482199
u64,ahash,128,clear-refill,lru,4,3027.917255
u64,ahash,128,clear-empty,micro,0,0.365742
u64,ahash,128,clear-empty,baseline,0,48.558432
u64,ahash,128,clear-empty,quick_cache,0,1.768506
u64,ahash,128,clear-empty,lru,0,0.577729
u64,ahash,128,clear-empty,hashlink,0,0.617956
u64,ahash,128,clear-empty,baseline,1,42.631392
u64,ahash,128,clear-empty,quick_cache,1,1.804246
u64,ahash,128,clear-empty,lru,1,0.570355
u64,ahash,128,clear-empty,hashlink,1,0.599885
u64,ahash,128,clear-empty,micro,1,0.369048
u64,ahash,128,clear-empty,quick_cache,2,1.782197
u64,ahash,128,clear-empty,lru,2,0.578585
u64,ahash,128,clear-empty,hashlink,2,0.605418
u64,ahash,128,clear-empty,micro,2,0.371988
u64,ahash,128,clear-empty,baseline,2,42.375296
u64,ahash,128,clear-empty,lru,3,0.580251
u64,ahash,128,clear-empty,hashlink,3,0.606969
u64,ahash,128,clear-empty,micro,3,0.372213
u64,ahash,128,clear-empty,baseline,3,49.590421
u64,ahash,128,clear-empty,quick_cache,3,1.797228
u64,ahash,128,clear-empty,hashlink,4,0.602957
u64,ahash,128,clear-empty,micro,4,0.371428
u64,ahash,128,clear-empty,baseline,4,49.481919
u64,ahash,128,clear-empty,quick_cache,4,1.834884
u64,ahash,128,clear-empty,lru,4,0.574163
u64,ahash,128,iter-dense,micro,0,32.585107
u64,ahash,128,iter-dense,baseline,0,39.663970
u64,ahash,128,iter-dense,quick_cache,0,28.956677
u64,ahash,128,iter-dense,lru,0,139.755635
u64,ahash,128,iter-dense,hashlink,0,136.174483
u64,ahash,128,iter-dense,baseline,1,39.326854
u64,ahash,128,iter-dense,quick_cache,1,29.022632
u64,ahash,128,iter-dense,lru,1,138.640140
u64,ahash,128,iter-dense,hashlink,1,137.261285
u64,ahash,128,iter-dense,micro,1,33.070613
u64,ahash,128,iter-dense,quick_cache,2,29.258483
u64,ahash,128,iter-dense,lru,2,142.586056
u64,ahash,128,iter-dense,hashlink,2,136.347793
u64,ahash,128,iter-dense,micro,2,33.129969
u64,ahash,128,iter-dense,baseline,2,40.303032
u64,ahash,128,iter-dense,lru,3,139.413865
u64,ahash,128,iter-dense,hashlink,3,140.547015
u64,ahash,128,iter-dense,micro,3,33.508410
u64,ahash,128,iter-dense,baseline,3,40.193796
u64,ahash,128,iter-dense,quick_cache,3,29.302568
u64,ahash,128,iter-dense,hashlink,4,142.649364
u64,ahash,128,iter-dense,micro,4,33.523641
u64,ahash,128,iter-dense,baseline,4,40.377476
u64,ahash,128,iter-dense,quick_cache,4,29.564806
u64,ahash,128,iter-dense,lru,4,141.746129
u64,ahash,128,iter-dense-for,micro,0,40.470800
u64,ahash,128,iter-dense-for,baseline,0,39.705282
u64,ahash,128,iter-dense-for,quick_cache,0,69.787412
u64,ahash,128,iter-dense-for,lru,0,85.035585
u64,ahash,128,iter-dense-for,hashlink,0,74.967101
u64,ahash,128,iter-dense-for,baseline,1,39.474789
u64,ahash,128,iter-dense-for,quick_cache,1,69.987943
u64,ahash,128,iter-dense-for,lru,1,85.007281
u64,ahash,128,iter-dense-for,hashlink,1,74.850584
u64,ahash,128,iter-dense-for,micro,1,39.514091
u64,ahash,128,iter-dense-for,quick_cache,2,70.707249
u64,ahash,128,iter-dense-for,lru,2,86.360727
u64,ahash,128,iter-dense-for,hashlink,2,74.604092
u64,ahash,128,iter-dense-for,micro,2,40.211594
u64,ahash,128,iter-dense-for,baseline,2,39.809475
u64,ahash,128,iter-dense-for,lru,3,87.347474
u64,ahash,128,iter-dense-for,hashlink,3,77.383715
u64,ahash,128,iter-dense-for,micro,3,40.211594
u64,ahash,128,iter-dense-for,baseline,3,39.466935
u64,ahash,128,iter-dense-for,quick_cache,3,69.710339
u64,ahash,128,iter-dense-for,hashlink,4,75.566982
u64,ahash,128,iter-dense-for,micro,4,39.886617
u64,ahash,128,iter-dense-for,baseline,4,39.662860
u64,ahash,128,iter-dense-for,quick_cache,4,70.673582
u64,ahash,128,iter-dense-for,lru,4,85.817189
u64,ahash,128,iter-density-1pct,micro,0,1.540573
u64,ahash,128,iter-density-1pct,baseline,0,35.377842
u64,ahash,128,iter-density-1pct,quick_cache,0,23.573697
u64,ahash,128,iter-density-1pct,lru,0,1.347835
u64,ahash,128,iter-density-1pct,hashlink,0,1.275493
u64,ahash,128,iter-density-1pct,baseline,1,35.533216
u64,ahash,128,iter-density-1pct,quick_cache,1,25.198342
u64,ahash,128,iter-density-1pct,lru,1,1.344452
u64,ahash,128,iter-density-1pct,hashlink,1,1.287881
u64,ahash,128,iter-density-1pct,micro,1,1.517580
u64,ahash,128,iter-density-1pct,quick_cache,2,23.386186
u64,ahash,128,iter-density-1pct,lru,2,1.348223
u64,ahash,128,iter-density-1pct,hashlink,2,1.291162
u64,ahash,128,iter-density-1pct,micro,2,1.547362
u64,ahash,128,iter-density-1pct,baseline,2,35.562630
u64,ahash,128,iter-density-1pct,lru,3,1.340511
u64,ahash,128,iter-density-1pct,hashlink,3,1.286573
u64,ahash,128,iter-density-1pct,micro,3,1.564168
u64,ahash,128,iter-density-1pct,baseline,3,35.786916
u64,ahash,128,iter-density-1pct,quick_cache,3,23.331239
u64,ahash,128,iter-density-1pct,hashlink,4,1.267080
u64,ahash,128,iter-density-1pct,micro,4,1.524709
u64,ahash,128,iter-density-1pct,baseline,4,35.102139
u64,ahash,128,iter-density-1pct,quick_cache,4,23.337046
u64,ahash,128,iter-density-1pct,lru,4,1.342239
u64,ahash,128,iter-density-6pct,micro,0,33.161687
u64,ahash,128,iter-density-6pct,baseline,0,37.499588
u64,ahash,128,iter-density-6pct,quick_cache,0,24.231407
u64,ahash,128,iter-density-6pct,lru,0,3.627636
u64,ahash,128,iter-density-6pct,hashlink,0,3.198066
u64,ahash,128,iter-density-6pct,baseline,1,48.985959
u64,ahash,128,iter-density-6pct,quick_cache,1,23.587524
u64,ahash,128,iter-density-6pct,lru,1,3.638193
u64,ahash,128,iter-density-6pct,hashlink,1,3.204580
u64,ahash,128,iter-density-6pct,micro,1,33.027232
u64,ahash,128,iter-density-6pct,quick_cache,2,23.789037
u64,ahash,128,iter-density-6pct,lru,2,3.662447
u64,ahash,128,iter-density-6pct,hashlink,2,3.113256
u64,ahash,128,iter-density-6pct,micro,2,32.412558
u64,ahash,128,iter-density-6pct,baseline,2,36.389103
u64,ahash,128,iter-density-6pct,lru,3,3.583628
u64,ahash,128,iter-density-6pct,hashlink,3,3.190991
u64,ahash,128,iter-density-6pct,micro,3,32.544396
u64,ahash,128,iter-density-6pct,baseline,3,37.081838
u64,ahash,128,iter-density-6pct,quick_cache,3,21.142489
u64,ahash,128,iter-density-6pct,hashlink,4,3.219990
u64,ahash,128,iter-density-6pct,micro,4,32.701495
u64,ahash,128,iter-density-6pct,baseline,4,37.005069
u64,ahash,128,iter-density-6pct,quick_cache,4,20.865494
u64,ahash,128,iter-density-6pct,lru,4,3.589891
u64,ahash,128,iter-density-quarter,micro,0,32.878977
u64,ahash,128,iter-density-quarter,baseline,0,37.741546
u64,ahash,128,iter-density-quarter,quick_cache,0,25.117340
u64,ahash,128,iter-density-quarter,lru,0,19.898219
u64,ahash,128,iter-density-quarter,hashlink,0,19.854425
u64,ahash,128,iter-density-quarter,baseline,1,37.580361
u64,ahash,128,iter-density-quarter,quick_cache,1,24.712820
u64,ahash,128,iter-density-quarter,lru,1,19.638707
u64,ahash,128,iter-density-quarter,hashlink,1,19.544820
u64,ahash,128,iter-density-quarter,micro,1,32.581491
u64,ahash,128,iter-density-quarter,quick_cache,2,24.716246
u64,ahash,128,iter-density-quarter,lru,2,19.784580
u64,ahash,128,iter-density-quarter,hashlink,2,19.468795
u64,ahash,128,iter-density-quarter,micro,2,32.752194
u64,ahash,128,iter-density-quarter,baseline,2,37.420603
u64,ahash,128,iter-density-quarter,lru,3,19.663420
u64,ahash,128,iter-density-quarter,hashlink,3,19.371720
u64,ahash,128,iter-density-quarter,micro,3,32.563846
u64,ahash,128,iter-density-quarter,baseline,3,37.330713
u64,ahash,128,iter-density-quarter,quick_cache,3,24.800532
u64,ahash,128,iter-density-quarter,hashlink,4,19.542381
u64,ahash,128,iter-density-quarter,micro,4,33.011939
u64,ahash,128,iter-density-quarter,baseline,4,37.898835
u64,ahash,128,iter-density-quarter,quick_cache,4,24.756090
u64,ahash,128,iter-density-quarter,lru,4,19.688196
u64,ahash,128,iter-density-half,micro,0,32.632299
u64,ahash,128,iter-density-half,baseline,0,38.366714
u64,ahash,128,iter-density-half,quick_cache,0,29.656369
u64,ahash,128,iter-density-half,lru,0,53.453713
u64,ahash,128,iter-density-half,hashlink,0,52.706928
u64,ahash,128,iter-density-half,baseline,1,39.000221
u64,ahash,128,iter-density-half,quick_cache,1,30.193237
u64,ahash,128,iter-density-half,lru,1,52.289581
u64,ahash,128,iter-density-half,hashlink,1,51.699318
u64,ahash,128,iter-density-half,micro,1,32.605050
u64,ahash,128,iter-density-half,quick_cache,2,29.703338
u64,ahash,128,iter-density-half,lru,2,53.086070
u64,ahash,128,iter-density-half,hashlink,2,51.632331
u64,ahash,128,iter-density-half,micro,2,32.472732
u64,ahash,128,iter-density-half,baseline,2,38.806511
u64,ahash,128,iter-density-half,lru,3,52.520034
u64,ahash,128,iter-density-half,hashlink,3,51.924003
u64,ahash,128,iter-density-half,micro,3,32.510998
u64,ahash,128,iter-density-half,baseline,3,38.506378
u64,ahash,128,iter-density-half,quick_cache,3,29.585930
u64,ahash,128,iter-density-half,hashlink,4,52.391044
u64,ahash,128,iter-density-half,micro,4,32.697819
u64,ahash,128,iter-density-half,baseline,4,38.471033
u64,ahash,128,iter-density-half,quick_cache,4,30.001670
u64,ahash,128,iter-density-half,lru,4,53.499804
u64,ahash,128,iter-front,micro,0,1.142206
u64,ahash,128,iter-front,baseline,0,37.809778
u64,ahash,128,iter-front,quick_cache,0,20.885547
u64,ahash,128,iter-front,lru,0,1.229944
u64,ahash,128,iter-front,hashlink,0,1.157908
u64,ahash,128,iter-front,baseline,1,38.381345
u64,ahash,128,iter-front,quick_cache,1,21.156504
u64,ahash,128,iter-front,lru,1,1.248452
u64,ahash,128,iter-front,hashlink,1,1.176139
u64,ahash,128,iter-front,micro,1,1.150646
u64,ahash,128,iter-front,quick_cache,2,20.917873
u64,ahash,128,iter-front,lru,2,1.230024
u64,ahash,128,iter-front,hashlink,2,1.151225
u64,ahash,128,iter-front,micro,2,1.157722
u64,ahash,128,iter-front,baseline,2,37.903042
u64,ahash,128,iter-front,lru,3,1.223427
u64,ahash,128,iter-front,hashlink,3,1.158065
u64,ahash,128,iter-front,micro,3,1.154841
u64,ahash,128,iter-front,baseline,3,37.994137
u64,ahash,128,iter-front,quick_cache,3,21.119910
u64,ahash,128,iter-front,hashlink,4,1.155254
u64,ahash,128,iter-front,micro,4,1.145318
u64,ahash,128,iter-front,baseline,4,37.818715
u64,ahash,128,iter-front,quick_cache,4,20.834493
u64,ahash,128,iter-front,lru,4,1.235210
u64,ahash,128,iter-back,micro,0,1.180968
u64,ahash,128,iter-back,baseline,0,40.234985
u64,ahash,128,iter-back,quick_cache,0,21.038416
u64,ahash,128,iter-back,lru,0,1.206083
u64,ahash,128,iter-back,hashlink,0,1.167439
u64,ahash,128,iter-back,baseline,1,37.633979
u64,ahash,128,iter-back,quick_cache,1,20.746605
u64,ahash,128,iter-back,lru,1,1.211835
u64,ahash,128,iter-back,hashlink,1,1.166872
u64,ahash,128,iter-back,micro,1,1.154571
u64,ahash,128,iter-back,quick_cache,2,21.416564
u64,ahash,128,iter-back,lru,2,1.208960
u64,ahash,128,iter-back,hashlink,2,1.146705
u64,ahash,128,iter-back,micro,2,1.139471
u64,ahash,128,iter-back,baseline,2,39.448136
u64,ahash,128,iter-back,lru,3,1.186093
u64,ahash,128,iter-back,hashlink,3,1.166161
u64,ahash,128,iter-back,micro,3,1.131700
u64,ahash,128,iter-back,baseline,3,39.075521
u64,ahash,128,iter-back,quick_cache,3,21.036375
u64,ahash,128,iter-back,hashlink,4,1.139444
u64,ahash,128,iter-back,micro,4,1.151607
u64,ahash,128,iter-back,baseline,4,38.888052
u64,ahash,128,iter-back,quick_cache,4,21.079811
u64,ahash,128,iter-back,lru,4,1.189238
u64,ahash,128,iter-empty,micro,0,0.779224
u64,ahash,128,iter-empty,baseline,0,38.009019
u64,ahash,128,iter-empty,quick_cache,0,21.174437
u64,ahash,128,iter-empty,lru,0,1.012616
u64,ahash,128,iter-empty,hashlink,0,1.007003
u64,ahash,128,iter-empty,baseline,1,38.306679
u64,ahash,128,iter-empty,quick_cache,1,20.814262
u64,ahash,128,iter-empty,lru,1,1.002041
u64,ahash,128,iter-empty,hashlink,1,1.023315
u64,ahash,128,iter-empty,micro,1,0.813527
u64,ahash,128,iter-empty,quick_cache,2,21.100903
u64,ahash,128,iter-empty,lru,2,1.011501
u64,ahash,128,iter-empty,hashlink,2,1.031047
u64,ahash,128,iter-empty,micro,2,0.792892
u64,ahash,128,iter-empty,baseline,2,44.237043
u64,ahash,128,iter-empty,lru,3,1.060532
u64,ahash,128,iter-empty,hashlink,3,1.011021
u64,ahash,128,iter-empty,micro,3,0.827983
u64,ahash,128,iter-empty,baseline,3,38.344632
u64,ahash,128,iter-empty,quick_cache,3,22.563801
u64,ahash,128,iter-empty,hashlink,4,1.004909
u64,ahash,128,iter-empty,micro,4,0.788126
u64,ahash,128,iter-empty,baseline,4,38.317544
u64,ahash,128,iter-empty,quick_cache,4,20.818883
u64,ahash,128,iter-empty,lru,4,1.009030
u64,ahash,128,iter-count,micro,0,0.396365
u64,ahash,128,iter-count,baseline,0,37.354548
u64,ahash,128,iter-count,quick_cache,0,55.657898
u64,ahash,128,iter-count,lru,0,0.392475
u64,ahash,128,iter-count,hashlink,0,0.396391
u64,ahash,128,iter-count,baseline,1,37.766705
u64,ahash,128,iter-count,quick_cache,1,55.684890
u64,ahash,128,iter-count,lru,1,0.392076
u64,ahash,128,iter-count,hashlink,1,0.390630
u64,ahash,128,iter-count,micro,1,0.396719
u64,ahash,128,iter-count,quick_cache,2,55.788248
u64,ahash,128,iter-count,lru,2,0.396431
u64,ahash,128,iter-count,hashlink,2,0.396346
u64,ahash,128,iter-count,micro,2,0.404566
u64,ahash,128,iter-count,baseline,2,38.369970
u64,ahash,128,iter-count,lru,3,0.392304
u64,ahash,128,iter-count,hashlink,3,0.397650
u64,ahash,128,iter-count,micro,3,0.404262
u64,ahash,128,iter-count,baseline,3,37.975324
u64,ahash,128,iter-count,quick_cache,3,56.815180
u64,ahash,128,iter-count,hashlink,4,0.396982
u64,ahash,128,iter-count,micro,4,0.403136
u64,ahash,128,iter-count,baseline,4,37.833921
u64,ahash,128,iter-count,quick_cache,4,55.865569
u64,ahash,128,iter-count,lru,4,0.394664
u64,ahash,1024,get-hit,micro,0,2.132593
u64,ahash,1024,get-hit,baseline,0,2.087997
u64,ahash,1024,get-hit,quick_cache,0,2.198545
u64,ahash,1024,get-hit,lru,0,3.539550
u64,ahash,1024,get-hit,hashlink,0,3.422580
u64,ahash,1024,get-hit,baseline,1,2.108081
u64,ahash,1024,get-hit,quick_cache,1,2.215128
u64,ahash,1024,get-hit,lru,1,3.553929
u64,ahash,1024,get-hit,hashlink,1,3.357443
u64,ahash,1024,get-hit,micro,1,2.065965
u64,ahash,1024,get-hit,quick_cache,2,2.122883
u64,ahash,1024,get-hit,lru,2,3.554515
u64,ahash,1024,get-hit,hashlink,2,3.401486
u64,ahash,1024,get-hit,micro,2,2.101383
u64,ahash,1024,get-hit,baseline,2,2.037896
u64,ahash,1024,get-hit,lru,3,3.574162
u64,ahash,1024,get-hit,hashlink,3,3.389131
u64,ahash,1024,get-hit,micro,3,2.069161
u64,ahash,1024,get-hit,baseline,3,2.020812
u64,ahash,1024,get-hit,quick_cache,3,2.126440
u64,ahash,1024,get-hit,hashlink,4,3.378818
u64,ahash,1024,get-hit,micro,4,2.090483
u64,ahash,1024,get-hit,baseline,4,2.032510
u64,ahash,1024,get-hit,quick_cache,4,2.144469
u64,ahash,1024,get-hit,lru,4,3.588828
u64,ahash,1024,get-miss,micro,0,1.681943
u64,ahash,1024,get-miss,baseline,0,1.562825
u64,ahash,1024,get-miss,quick_cache,0,1.598856
u64,ahash,1024,get-miss,lru,0,1.942576
u64,ahash,1024,get-miss,hashlink,0,1.566264
u64,ahash,1024,get-miss,baseline,1,1.591956
u64,ahash,1024,get-miss,quick_cache,1,1.606701
u64,ahash,1024,get-miss,lru,1,1.983423
u64,ahash,1024,get-miss,hashlink,1,1.599397
u64,ahash,1024,get-miss,micro,1,1.713928
u64,ahash,1024,get-miss,quick_cache,2,1.616625
u64,ahash,1024,get-miss,lru,2,1.966207
u64,ahash,1024,get-miss,hashlink,2,1.542975
u64,ahash,1024,get-miss,micro,2,1.710333
u64,ahash,1024,get-miss,baseline,2,1.596158
u64,ahash,1024,get-miss,lru,3,1.976314
u64,ahash,1024,get-miss,hashlink,3,1.531474
u64,ahash,1024,get-miss,micro,3,1.697540
u64,ahash,1024,get-miss,baseline,3,1.576938
u64,ahash,1024,get-miss,quick_cache,3,1.614497
u64,ahash,1024,get-miss,hashlink,4,1.540945
u64,ahash,1024,get-miss,micro,4,1.693937
u64,ahash,1024,get-miss,baseline,4,1.579855
u64,ahash,1024,get-miss,quick_cache,4,1.597374
u64,ahash,1024,get-miss,lru,4,1.967595
u64,ahash,1024,update,micro,0,1.976560
u64,ahash,1024,update,baseline,0,2.011158
u64,ahash,1024,update,quick_cache,0,3.447250
u64,ahash,1024,update,lru,0,3.283046
u64,ahash,1024,update,hashlink,0,3.749614
u64,ahash,1024,update,baseline,1,2.055475
u64,ahash,1024,update,quick_cache,1,3.361039
u64,ahash,1024,update,lru,1,3.242830
u64,ahash,1024,update,hashlink,1,3.725508
u64,ahash,1024,update,micro,1,2.018575
u64,ahash,1024,update,quick_cache,2,3.343294
u64,ahash,1024,update,lru,2,3.239280
u64,ahash,1024,update,hashlink,2,3.706601
u64,ahash,1024,update,micro,2,1.928524
u64,ahash,1024,update,baseline,2,1.971856
u64,ahash,1024,update,lru,3,3.271012
u64,ahash,1024,update,hashlink,3,3.752676
u64,ahash,1024,update,micro,3,2.027789
u64,ahash,1024,update,baseline,3,1.967704
u64,ahash,1024,update,quick_cache,3,3.385491
u64,ahash,1024,update,hashlink,4,3.754700
u64,ahash,1024,update,micro,4,2.039817
u64,ahash,1024,update,baseline,4,1.992793
u64,ahash,1024,update,quick_cache,4,3.432752
u64,ahash,1024,update,lru,4,3.277324
u64,ahash,1024,insert-cycle,micro,0,11.260131
u64,ahash,1024,insert-cycle,baseline,0,11.363421
u64,ahash,1024,insert-cycle,quick_cache,0,8.329912
u64,ahash,1024,insert-cycle,lru,0,17.859275
u64,ahash,1024,insert-cycle,hashlink,0,17.890250
u64,ahash,1024,insert-cycle,baseline,1,10.986937
u64,ahash,1024,insert-cycle,quick_cache,1,8.218494
u64,ahash,1024,insert-cycle,lru,1,17.015479
u64,ahash,1024,insert-cycle,hashlink,1,17.133613
u64,ahash,1024,insert-cycle,micro,1,11.194280
u64,ahash,1024,insert-cycle,quick_cache,2,8.323090
u64,ahash,1024,insert-cycle,lru,2,16.551730
u64,ahash,1024,insert-cycle,hashlink,2,17.041345
u64,ahash,1024,insert-cycle,micro,2,10.529726
u64,ahash,1024,insert-cycle,baseline,2,10.934403
u64,ahash,1024,insert-cycle,lru,3,16.744213
u64,ahash,1024,insert-cycle,hashlink,3,17.440796
u64,ahash,1024,insert-cycle,micro,3,13.507624
u64,ahash,1024,insert-cycle,baseline,3,11.365155
u64,ahash,1024,insert-cycle,quick_cache,3,8.407042
u64,ahash,1024,insert-cycle,hashlink,4,17.800940
u64,ahash,1024,insert-cycle,micro,4,11.376983
u64,ahash,1024,insert-cycle,baseline,4,11.078874
u64,ahash,1024,insert-cycle,quick_cache,4,8.288483
u64,ahash,1024,insert-cycle,lru,4,18.160090
u64,ahash,1024,mixed-95,micro,0,2.798756
u64,ahash,1024,mixed-95,baseline,0,2.731224
u64,ahash,1024,mixed-95,quick_cache,0,5.369047
u64,ahash,1024,mixed-95,lru,0,3.310084
u64,ahash,1024,mixed-95,hashlink,0,3.315806
u64,ahash,1024,mixed-95,baseline,1,2.713323
u64,ahash,1024,mixed-95,quick_cache,1,5.395313
u64,ahash,1024,mixed-95,lru,1,3.283540
u64,ahash,1024,mixed-95,hashlink,1,3.440460
u64,ahash,1024,mixed-95,micro,1,2.707223
u64,ahash,1024,mixed-95,quick_cache,2,5.300741
u64,ahash,1024,mixed-95,lru,2,3.261864
u64,ahash,1024,mixed-95,hashlink,2,3.265957
u64,ahash,1024,mixed-95,micro,2,2.770325
u64,ahash,1024,mixed-95,baseline,2,2.708157
u64,ahash,1024,mixed-95,lru,3,3.286202
u64,ahash,1024,mixed-95,hashlink,3,3.264467
u64,ahash,1024,mixed-95,micro,3,2.807458
u64,ahash,1024,mixed-95,baseline,3,2.661824
u64,ahash,1024,mixed-95,quick_cache,3,5.297740
u64,ahash,1024,mixed-95,hashlink,4,3.329079
u64,ahash,1024,mixed-95,micro,4,2.771735
u64,ahash,1024,mixed-95,baseline,4,2.719184
u64,ahash,1024,mixed-95,quick_cache,4,5.358636
u64,ahash,1024,mixed-95,lru,4,3.270547
u64,ahash,1024,load-hit,micro,0,2.295876
u64,ahash,1024,load-hit,baseline,0,2.344734
u64,ahash,1024,load-hit,quick_cache,0,3.174662
u64,ahash,1024,load-hit,lru,0,3.260430
u64,ahash,1024,load-hit,hashlink,0,3.295762
u64,ahash,1024,load-hit,baseline,1,2.346387
u64,ahash,1024,load-hit,quick_cache,1,3.177555
u64,ahash,1024,load-hit,lru,1,3.249627
u64,ahash,1024,load-hit,hashlink,1,3.282002
u64,ahash,1024,load-hit,micro,1,2.347832
u64,ahash,1024,load-hit,quick_cache,2,3.180668
u64,ahash,1024,load-hit,lru,2,3.298032
u64,ahash,1024,load-hit,hashlink,2,3.328295
u64,ahash,1024,load-hit,micro,2,2.380240
u64,ahash,1024,load-hit,baseline,2,5.727928
u64,ahash,1024,load-hit,lru,3,3.638743
u64,ahash,1024,load-hit,hashlink,3,3.342923
u64,ahash,1024,load-hit,micro,3,2.370560
u64,ahash,1024,load-hit,baseline,3,2.280984
u64,ahash,1024,load-hit,quick_cache,3,3.260339
u64,ahash,1024,load-hit,hashlink,4,3.282547
u64,ahash,1024,load-hit,micro,4,2.289295
u64,ahash,1024,load-hit,baseline,4,2.299532
u64,ahash,1024,load-hit,quick_cache,4,3.255839
u64,ahash,1024,load-hit,lru,4,3.353790
u64,ahash,1024,load-cycle,micro,0,11.585307
u64,ahash,1024,load-cycle,baseline,0,11.470795
u64,ahash,1024,load-cycle,quick_cache,0,8.856472
u64,ahash,1024,load-cycle,lru,0,16.692655
u64,ahash,1024,load-cycle,hashlink,0,19.761823
u64,ahash,1024,load-cycle,baseline,1,10.989972
u64,ahash,1024,load-cycle,quick_cache,1,8.676142
u64,ahash,1024,load-cycle,lru,1,16.602479
u64,ahash,1024,load-cycle,hashlink,1,19.143637
u64,ahash,1024,load-cycle,micro,1,12.682685
u64,ahash,1024,load-cycle,quick_cache,2,8.734204
u64,ahash,1024,load-cycle,lru,2,16.608645
u64,ahash,1024,load-cycle,hashlink,2,19.181425
u64,ahash,1024,load-cycle,micro,2,11.840163
u64,ahash,1024,load-cycle,baseline,2,12.008585
u64,ahash,1024,load-cycle,lru,3,16.346794
u64,ahash,1024,load-cycle,hashlink,3,19.205731
u64,ahash,1024,load-cycle,micro,3,11.302772
u64,ahash,1024,load-cycle,baseline,3,10.922276
u64,ahash,1024,load-cycle,quick_cache,3,8.634800
u64,ahash,1024,load-cycle,hashlink,4,19.120124
u64,ahash,1024,load-cycle,micro,4,11.184809
u64,ahash,1024,load-cycle,baseline,4,10.990428
u64,ahash,1024,load-cycle,quick_cache,4,8.655503
u64,ahash,1024,load-cycle,lru,4,16.623733
u64,ahash,1024,clear-refill,micro,0,4859.762136
u64,ahash,1024,clear-refill,baseline,0,5014.330551
u64,ahash,1024,clear-refill,quick_cache,0,5958.168651
u64,ahash,1024,clear-refill,lru,0,23959.325397
u64,ahash,1024,clear-refill,hashlink,0,14846.876847
u64,ahash,1024,clear-refill,baseline,1,5064.291737
u64,ahash,1024,clear-refill,quick_cache,1,5752.553640
u64,ahash,1024,clear-refill,lru,1,22854.166667
u64,ahash,1024,clear-refill,hashlink,1,15094.849246
u64,ahash,1024,clear-refill,micro,1,4937.294408
u64,ahash,1024,clear-refill,quick_cache,2,5872.309198
u64,ahash,1024,clear-refill,lru,2,23061.702290
u64,ahash,1024,clear-refill,hashlink,2,14706.289216
u64,ahash,1024,clear-refill,micro,2,4889.726384
u64,ahash,1024,clear-refill,baseline,2,4970.889073
u64,ahash,1024,clear-refill,lru,3,23866.738095
u64,ahash,1024,clear-refill,hashlink,3,14676.014634
u64,ahash,1024,clear-refill,micro,3,4958.265677
u64,ahash,1024,clear-refill,baseline,3,5060.848229
u64,ahash,1024,clear-refill,quick_cache,3,5897.430255
u64,ahash,1024,clear-refill,hashlink,4,14786.128079
u64,ahash,1024,clear-refill,micro,4,4966.735537
u64,ahash,1024,clear-refill,baseline,4,5077.763113
u64,ahash,1024,clear-refill,quick_cache,4,5908.381890
u64,ahash,1024,clear-refill,lru,4,22852.583333
u64,ahash,1024,clear-empty,micro,0,0.365052
u64,ahash,1024,clear-empty,baseline,0,64.303706
u64,ahash,1024,clear-empty,quick_cache,0,1.824574
u64,ahash,1024,clear-empty,lru,0,0.571758
u64,ahash,1024,clear-empty,hashlink,0,0.599188
u64,ahash,1024,clear-empty,baseline,1,62.532891
u64,ahash,1024,clear-empty,quick_cache,1,1.812897
u64,ahash,1024,clear-empty,lru,1,0.583242
u64,ahash,1024,clear-empty,hashlink,1,0.639548
u64,ahash,1024,clear-empty,micro,1,0.450595
u64,ahash,1024,clear-empty,quick_cache,2,1.921160
u64,ahash,1024,clear-empty,lru,2,0.582248
u64,ahash,1024,clear-empty,hashlink,2,0.629465
u64,ahash,1024,clear-empty,micro,2,0.388223
u64,ahash,1024,clear-empty,baseline,2,91.772923
u64,ahash,1024,clear-empty,lru,3,0.656246
u64,ahash,1024,clear-empty,hashlink,3,0.734856
u64,ahash,1024,clear-empty,micro,3,0.386903
u64,ahash,1024,clear-empty,baseline,3,65.521517
u64,ahash,1024,clear-empty,quick_cache,3,1.839068
u64,ahash,1024,clear-empty,hashlink,4,0.598248
u64,ahash,1024,clear-empty,micro,4,0.374377
u64,ahash,1024,clear-empty,baseline,4,63.407939
u64,ahash,1024,clear-empty,quick_cache,4,1.818523
u64,ahash,1024,clear-empty,lru,4,0.561205
u64,ahash,1024,iter-dense,micro,0,263.119310
u64,ahash,1024,iter-dense,baseline,0,275.773621
u64,ahash,1024,iter-dense,quick_cache,0,249.274702
u64,ahash,1024,iter-dense,lru,0,1343.824554
u64,ahash,1024,iter-dense,hashlink,0,1347.154018
u64,ahash,1024,iter-dense,baseline,1,281.727008
u64,ahash,1024,iter-dense,quick_cache,1,253.172759
u64,ahash,1024,iter-dense,lru,1,1316.351997
u64,ahash,1024,iter-dense,hashlink,1,1326.529489
u64,ahash,1024,iter-dense,micro,1,275.281800
u64,ahash,1024,iter-dense,quick_cache,2,250.696357
u64,ahash,1024,iter-dense,lru,2,1372.150362
u64,ahash,1024,iter-dense,hashlink,2,1350.018750
u64,ahash,1024,iter-dense,micro,2,267.216435
u64,ahash,1024,iter-dense,baseline,2,280.801740
u64,ahash,1024,iter-dense,lru,3,1371.131341
u64,ahash,1024,iter-dense,hashlink,3,1381.701746
u64,ahash,1024,iter-dense,micro,3,270.930926
u64,ahash,1024,iter-dense,baseline,3,274.667215
u64,ahash,1024,iter-dense,quick_cache,3,248.353505
u64,ahash,1024,iter-dense,hashlink,4,1330.325704
u64,ahash,1024,iter-dense,micro,4,269.549928
u64,ahash,1024,iter-dense,baseline,4,276.556324
u64,ahash,1024,iter-dense,quick_cache,4,249.899518
u64,ahash,1024,iter-dense,lru,4,1334.800616
u64,ahash,1024,iter-dense-for,micro,0,279.850746
u64,ahash,1024,iter-dense-for,baseline,0,280.770490
u64,ahash,1024,iter-dense-for,quick_cache,0,546.276890
u64,ahash,1024,iter-dense-for,lru,0,796.190678
u64,ahash,1024,iter-dense-for,hashlink,0,311.133278
u64,ahash,1024,iter-dense-for,baseline,1,279.521670
u64,ahash,1024,iter-dense-for,quick_cache,1,524.128666
u64,ahash,1024,iter-dense-for,lru,1,797.492850
u64,ahash,1024,iter-dense-for,hashlink,1,638.463648
u64,ahash,1024,iter-dense-for,micro,1,274.606360
u64,ahash,1024,iter-dense-for,quick_cache,2,519.358598
u64,ahash,1024,iter-dense-for,lru,2,781.293490
u64,ahash,1024,iter-dense-for,hashlink,2,824.333059
u64,ahash,1024,iter-dense-for,micro,2,276.982670
u64,ahash,1024,iter-dense-for,baseline,2,276.543382
u64,ahash,1024,iter-dense-for,lru,3,789.550781
u64,ahash,1024,iter-dense-for,hashlink,3,623.456540
u64,ahash,1024,iter-dense-for,micro,3,281.499532
u64,ahash,1024,iter-dense-for,baseline,3,279.219401
u64,ahash,1024,iter-dense-for,quick_cache,3,522.844271
u64,ahash,1024,iter-dense-for,hashlink,4,978.054362
u64,ahash,1024,iter-dense-for,micro,4,279.583612
u64,ahash,1024,iter-dense-for,baseline,4,280.216045
u64,ahash,1024,iter-dense-for,quick_cache,4,522.554861
u64,ahash,1024,iter-dense-for,lru,4,788.854517
u64,ahash,1024,iter-density-1pct,micro,0,6.316197
u64,ahash,1024,iter-density-1pct,baseline,0,318.533686
u64,ahash,1024,iter-density-1pct,quick_cache,0,178.447303
u64,ahash,1024,iter-density-1pct,lru,0,4.596844
u64,ahash,1024,iter-density-1pct,hashlink,0,4.320934
u64,ahash,1024,iter-density-1pct,baseline,1,313.029479
u64,ahash,1024,iter-density-1pct,quick_cache,1,177.521444
u64,ahash,1024,iter-density-1pct,lru,1,4.619201
u64,ahash,1024,iter-density-1pct,hashlink,1,4.393281
u64,ahash,1024,iter-density-1pct,micro,1,6.352321
u64,ahash,1024,iter-density-1pct,quick_cache,2,175.279907
u64,ahash,1024,iter-density-1pct,lru,2,4.593528
u64,ahash,1024,iter-density-1pct,hashlink,2,4.369611
u64,ahash,1024,iter-density-1pct,micro,2,6.359735
u64,ahash,1024,iter-density-1pct,baseline,2,321.173159
u64,ahash,1024,iter-density-1pct,lru,3,4.564233
u64,ahash,1024,iter-density-1pct,hashlink,3,4.299000
u64,ahash,1024,iter-density-1pct,micro,3,6.308122
u64,ahash,1024,iter-density-1pct,baseline,3,312.990521
u64,ahash,1024,iter-density-1pct,quick_cache,3,175.783708
u64,ahash,1024,iter-density-1pct,hashlink,4,4.325518
u64,ahash,1024,iter-density-1pct,micro,4,6.245004
u64,ahash,1024,iter-density-1pct,baseline,4,312.270660
u64,ahash,1024,iter-density-1pct,quick_cache,4,177.546078
u64,ahash,1024,iter-density-1pct,lru,4,4.638168
u64,ahash,1024,iter-density-6pct,micro,0,267.509437
u64,ahash,1024,iter-density-6pct,baseline,0,310.624483
u64,ahash,1024,iter-density-6pct,quick_cache,0,183.230042
u64,ahash,1024,iter-density-6pct,lru,0,56.033135
u64,ahash,1024,iter-density-6pct,hashlink,0,53.750304
u64,ahash,1024,iter-density-6pct,baseline,1,304.316748
u64,ahash,1024,iter-density-6pct,quick_cache,1,181.337162
u64,ahash,1024,iter-density-6pct,lru,1,54.462925
u64,ahash,1024,iter-density-6pct,hashlink,1,54.329157
u64,ahash,1024,iter-density-6pct,micro,1,269.094735
u64,ahash,1024,iter-density-6pct,quick_cache,2,185.664233
u64,ahash,1024,iter-density-6pct,lru,2,55.705660
u64,ahash,1024,iter-density-6pct,hashlink,2,54.226612
u64,ahash,1024,iter-density-6pct,micro,2,269.875539
u64,ahash,1024,iter-density-6pct,baseline,2,307.381250
u64,ahash,1024,iter-density-6pct,lru,3,55.855420
u64,ahash,1024,iter-density-6pct,hashlink,3,55.497263
u64,ahash,1024,iter-density-6pct,micro,3,274.332145
u64,ahash,1024,iter-density-6pct,baseline,3,305.076502
u64,ahash,1024,iter-density-6pct,quick_cache,3,180.718630
u64,ahash,1024,iter-density-6pct,hashlink,4,53.997859
u64,ahash,1024,iter-density-6pct,micro,4,268.270089
u64,ahash,1024,iter-density-6pct,baseline,4,309.150596
u64,ahash,1024,iter-density-6pct,quick_cache,4,180.124880
u64,ahash,1024,iter-density-6pct,lru,4,54.706498
u64,ahash,1024,iter-density-quarter,micro,0,267.331464
u64,ahash,1024,iter-density-quarter,baseline,0,264.458627
u64,ahash,1024,iter-density-quarter,quick_cache,0,199.020127
u64,ahash,1024,iter-density-quarter,lru,0,320.765785
u64,ahash,1024,iter-density-quarter,hashlink,0,341.486705
u64,ahash,1024,iter-density-quarter,baseline,1,264.030284
u64,ahash,1024,iter-density-quarter,quick_cache,1,200.701723
u64,ahash,1024,iter-density-quarter,lru,1,314.606019
u64,ahash,1024,iter-density-quarter,hashlink,1,336.320116
u64,ahash,1024,iter-density-quarter,micro,1,268.923084
u64,ahash,1024,iter-density-quarter,quick_cache,2,200.342815
u64,ahash,1024,iter-density-quarter,lru,2,327.063371
u64,ahash,1024,iter-density-quarter,hashlink,2,350.916278
u64,ahash,1024,iter-density-quarter,micro,2,266.901190
u64,ahash,1024,iter-density-quarter,baseline,2,262.904149
u64,ahash,1024,iter-density-quarter,lru,3,314.968750
u64,ahash,1024,iter-density-quarter,hashlink,3,334.158141
u64,ahash,1024,iter-density-quarter,micro,3,272.429801
u64,ahash,1024,iter-density-quarter,baseline,3,264.168838
u64,ahash,1024,iter-density-quarter,quick_cache,3,198.664261
u64,ahash,1024,iter-density-quarter,hashlink,4,325.674588
u64,ahash,1024,iter-density-quarter,micro,4,272.778888
u64,ahash,1024,iter-density-quarter,baseline,4,265.459481
u64,ahash,1024,iter-density-quarter,quick_cache,4,195.317904
u64,ahash,1024,iter-density-quarter,lru,4,312.166944
u64,ahash,1024,iter-density-half,micro,0,264.933528
u64,ahash,1024,iter-density-half,baseline,0,264.568662
u64,ahash,1024,iter-density-half,quick_cache,0,230.956204
u64,ahash,1024,iter-density-half,lru,0,659.072771
u64,ahash,1024,iter-density-half,hashlink,0,639.340774
u64,ahash,1024,iter-density-half,baseline,1,263.115721
u64,ahash,1024,iter-density-half,quick_cache,1,227.360169
u64,ahash,1024,iter-density-half,lru,1,648.159267
u64,ahash,1024,iter-density-half,hashlink,1,635.909417
u64,ahash,1024,iter-density-half,micro,1,264.333979
u64,ahash,1024,iter-density-half,quick_cache,2,228.051047
u64,ahash,1024,iter-density-half,lru,2,656.523164
u64,ahash,1024,iter-density-half,hashlink,2,648.257974
u64,ahash,1024,iter-density-half,micro,2,268.803725
u64,ahash,1024,iter-density-half,baseline,2,267.231303
u64,ahash,1024,iter-density-half,lru,3,657.451923
u64,ahash,1024,iter-density-half,hashlink,3,651.222656
u64,ahash,1024,iter-density-half,micro,3,271.623645
u64,ahash,1024,iter-density-half,baseline,3,266.897461
u64,ahash,1024,iter-density-half,quick_cache,3,232.615254
u64,ahash,1024,iter-density-half,hashlink,4,669.076906
u64,ahash,1024,iter-density-half,micro,4,270.341769
u64,ahash,1024,iter-density-half,baseline,4,266.975142
u64,ahash,1024,iter-density-half,quick_cache,4,231.555401
u64,ahash,1024,iter-density-half,lru,4,656.760052
u64,ahash,1024,iter-front,micro,0,1.189857
u64,ahash,1024,iter-front,baseline,0,266.004958
u64,ahash,1024,iter-front,quick_cache,0,168.506396
u64,ahash,1024,iter-front,lru,0,1.261420
u64,ahash,1024,iter-front,hashlink,0,1.188861
u64,ahash,1024,iter-front,baseline,1,265.647069
u64,ahash,1024,iter-front,quick_cache,1,170.185345
u64,ahash,1024,iter-front,lru,1,1.254130
u64,ahash,1024,iter-front,hashlink,1,1.214268
u64,ahash,1024,iter-front,micro,1,1.166335
u64,ahash,1024,iter-front,quick_cache,2,164.660965
u64,ahash,1024,iter-front,lru,2,1.241426
u64,ahash,1024,iter-front,hashlink,2,1.231802
u64,ahash,1024,iter-front,micro,2,1.171758
u64,ahash,1024,iter-front,baseline,2,266.616300
u64,ahash,1024,iter-front,lru,3,1.251318
u64,ahash,1024,iter-front,hashlink,3,1.196600
u64,ahash,1024,iter-front,micro,3,1.154542
u64,ahash,1024,iter-front,baseline,3,270.574388
u64,ahash,1024,iter-front,quick_cache,3,166.185011
u64,ahash,1024,iter-front,hashlink,4,1.194572
u64,ahash,1024,iter-front,micro,4,1.151267
u64,ahash,1024,iter-front,baseline,4,265.861101
u64,ahash,1024,iter-front,quick_cache,4,165.610284
u64,ahash,1024,iter-front,lru,4,1.239178
u64,ahash,1024,iter-back,micro,0,1.172095
u64,ahash,1024,iter-back,baseline,0,273.665270
u64,ahash,1024,iter-back,quick_cache,0,167.654855
u64,ahash,1024,iter-back,lru,0,1.227303
u64,ahash,1024,iter-back,hashlink,0,1.177867
u64,ahash,1024,iter-back,baseline,1,272.158062
u64,ahash,1024,iter-back,quick_cache,1,168.125056
u64,ahash,1024,iter-back,lru,1,1.199800
u64,ahash,1024,iter-back,hashlink,1,1.204254
u64,ahash,1024,iter-back,micro,1,1.168501
u64,ahash,1024,iter-back,quick_cache,2,165.481702
u64,ahash,1024,iter-back,lru,2,1.202555
u64,ahash,1024,iter-back,hashlink,2,1.195547
u64,ahash,1024,iter-back,micro,2,1.178771
u64,ahash,1024,iter-back,baseline,2,270.788274
u64,ahash,1024,iter-back,lru,3,1.221435
u64,ahash,1024,iter-back,hashlink,3,1.173885
u64,ahash,1024,iter-back,micro,3,1.187731
u64,ahash,1024,iter-back,baseline,3,272.638808
u64,ahash,1024,iter-back,quick_cache,3,167.025801
u64,ahash,1024,iter-back,hashlink,4,1.170821
u64,ahash,1024,iter-back,micro,4,1.188439
u64,ahash,1024,iter-back,baseline,4,269.849228
u64,ahash,1024,iter-back,quick_cache,4,169.891248
u64,ahash,1024,iter-back,lru,4,1.203481
u64,ahash,1024,iter-empty,micro,0,0.795354
u64,ahash,1024,iter-empty,baseline,0,268.639506
u64,ahash,1024,iter-empty,quick_cache,0,166.666630
u64,ahash,1024,iter-empty,lru,0,1.005696
u64,ahash,1024,iter-empty,hashlink,0,1.021286
u64,ahash,1024,iter-empty,baseline,1,271.574693
u64,ahash,1024,iter-empty,quick_cache,1,168.968187
u64,ahash,1024,iter-empty,lru,1,1.017231
u64,ahash,1024,iter-empty,hashlink,1,1.011207
u64,ahash,1024,iter-empty,micro,1,0.787583
u64,ahash,1024,iter-empty,quick_cache,2,165.688991
u64,ahash,1024,iter-empty,lru,2,1.004694
u64,ahash,1024,iter-empty,hashlink,2,1.009758
u64,ahash,1024,iter-empty,micro,2,0.810650
u64,ahash,1024,iter-empty,baseline,2,268.206786
u64,ahash,1024,iter-empty,lru,3,1.007263
u64,ahash,1024,iter-empty,hashlink,3,1.022936
u64,ahash,1024,iter-empty,micro,3,0.820045
u64,ahash,1024,iter-empty,baseline,3,271.322616
u64,ahash,1024,iter-empty,quick_cache,3,169.202815
u64,ahash,1024,iter-empty,hashlink,4,1.012200
u64,ahash,1024,iter-empty,micro,4,0.808448
u64,ahash,1024,iter-empty,baseline,4,269.251433
u64,ahash,1024,iter-empty,quick_cache,4,167.724173
u64,ahash,1024,iter-empty,lru,4,1.017098
u64,ahash,1024,iter-count,micro,0,0.402753
u64,ahash,1024,iter-count,baseline,0,262.568663
u64,ahash,1024,iter-count,quick_cache,0,511.088995
u64,ahash,1024,iter-count,lru,0,0.395082
u64,ahash,1024,iter-count,hashlink,0,0.397772
u64,ahash,1024,iter-count,baseline,1,267.341353
u64,ahash,1024,iter-count,quick_cache,1,512.928838
u64,ahash,1024,iter-count,lru,1,0.398779
u64,ahash,1024,iter-count,hashlink,1,0.395108
u64,ahash,1024,iter-count,micro,1,0.405504
u64,ahash,1024,iter-count,quick_cache,2,502.807617
u64,ahash,1024,iter-count,lru,2,0.390214
u64,ahash,1024,iter-count,hashlink,2,0.392246
u64,ahash,1024,iter-count,micro,2,0.403011
u64,ahash,1024,iter-count,baseline,2,262.934028
u64,ahash,1024,iter-count,lru,3,0.392338
u64,ahash,1024,iter-count,hashlink,3,0.395688
u64,ahash,1024,iter-count,micro,3,0.402942
u64,ahash,1024,iter-count,baseline,3,266.386985
u64,ahash,1024,iter-count,quick_cache,3,506.896973
u64,ahash,1024,iter-count,hashlink,4,0.402928
u64,ahash,1024,iter-count,micro,4,0.408140
u64,ahash,1024,iter-count,baseline,4,271.184748
u64,ahash,1024,iter-count,quick_cache,4,505.092936
u64,ahash,1024,iter-count,lru,4,0.395749
u64,ahash,16384,get-hit,micro,0,3.432609
u64,ahash,16384,get-hit,baseline,0,3.494408
u64,ahash,16384,get-hit,quick_cache,0,4.090712
u64,ahash,16384,get-hit,lru,0,6.874462
u64,ahash,16384,get-hit,hashlink,0,6.943325
u64,ahash,16384,get-hit,baseline,1,3.369393
u64,ahash,16384,get-hit,quick_cache,1,4.067222
u64,ahash,16384,get-hit,lru,1,6.823977
u64,ahash,16384,get-hit,hashlink,1,6.935070
u64,ahash,16384,get-hit,micro,1,3.421830
u64,ahash,16384,get-hit,quick_cache,2,3.974395
u64,ahash,16384,get-hit,lru,2,6.890946
u64,ahash,16384,get-hit,hashlink,2,6.989965
u64,ahash,16384,get-hit,micro,2,3.447060
u64,ahash,16384,get-hit,baseline,2,3.435462
u64,ahash,16384,get-hit,lru,3,7.649222
u64,ahash,16384,get-hit,hashlink,3,7.877431
u64,ahash,16384,get-hit,micro,3,3.222148
u64,ahash,16384,get-hit,baseline,3,3.308499
u64,ahash,16384,get-hit,quick_cache,3,3.761083
u64,ahash,16384,get-hit,hashlink,4,7.699117
u64,ahash,16384,get-hit,micro,4,3.668619
u64,ahash,16384,get-hit,baseline,4,3.533143
u64,ahash,16384,get-hit,quick_cache,4,5.215210
u64,ahash,16384,get-hit,lru,4,9.250894
u64,ahash,16384,get-miss,micro,0,2.315946
u64,ahash,16384,get-miss,baseline,0,1.978747
u64,ahash,16384,get-miss,quick_cache,0,1.964032
u64,ahash,16384,get-miss,lru,0,2.316457
u64,ahash,16384,get-miss,hashlink,0,1.891958
u64,ahash,16384,get-miss,baseline,1,1.943787
u64,ahash,16384,get-miss,quick_cache,1,1.965093
u64,ahash,16384,get-miss,lru,1,2.279278
u64,ahash,16384,get-miss,hashlink,1,1.918346
u64,ahash,16384,get-miss,micro,1,2.086755
u64,ahash,16384,get-miss,quick_cache,2,1.939885
u64,ahash,16384,get-miss,lru,2,2.297815
u64,ahash,16384,get-miss,hashlink,2,1.883169
u64,ahash,16384,get-miss,micro,2,2.087420
u64,ahash,16384,get-miss,baseline,2,1.947823
u64,ahash,16384,get-miss,lru,3,2.363799
u64,ahash,16384,get-miss,hashlink,3,1.967241
u64,ahash,16384,get-miss,micro,3,2.169938
u64,ahash,16384,get-miss,baseline,3,2.064965
u64,ahash,16384,get-miss,quick_cache,3,2.050048
u64,ahash,16384,get-miss,hashlink,4,2.007851
u64,ahash,16384,get-miss,micro,4,2.201012
u64,ahash,16384,get-miss,baseline,4,2.029981
u64,ahash,16384,get-miss,quick_cache,4,2.035353
u64,ahash,16384,get-miss,lru,4,2.396760
u64,ahash,16384,update,micro,0,3.538376
u64,ahash,16384,update,baseline,0,3.542484
u64,ahash,16384,update,quick_cache,0,6.573451
u64,ahash,16384,update,lru,0,6.451345
u64,ahash,16384,update,hashlink,0,7.543552
u64,ahash,16384,update,baseline,1,3.388804
u64,ahash,16384,update,quick_cache,1,6.594066
u64,ahash,16384,update,lru,1,6.556828
u64,ahash,16384,update,hashlink,1,7.683014
u64,ahash,16384,update,micro,1,3.422865
u64,ahash,16384,update,quick_cache,2,6.656464
u64,ahash,16384,update,lru,2,6.564366
u64,ahash,16384,update,hashlink,2,7.739914
u64,ahash,16384,update,micro,2,3.415567
u64,ahash,16384,update,baseline,2,3.259619
u64,ahash,16384,update,lru,3,6.570635
u64,ahash,16384,update,hashlink,3,7.698377
u64,ahash,16384,update,micro,3,3.417545
u64,ahash,16384,update,baseline,3,3.330994
u64,ahash,16384,update,quick_cache,3,6.610144
u64,ahash,16384,update,hashlink,4,7.778804
u64,ahash,16384,update,micro,4,3.293491
u64,ahash,16384,update,baseline,4,3.308225
u64,ahash,16384,update,quick_cache,4,6.655919
u64,ahash,16384,update,lru,4,6.574720
u64,ahash,16384,insert-cycle,micro,0,27.810097
u64,ahash,16384,insert-cycle,baseline,0,27.201332
u64,ahash,16384,insert-cycle,quick_cache,0,11.179606
u64,ahash,16384,insert-cycle,lru,0,28.176308
u64,ahash,16384,insert-cycle,hashlink,0,27.809143
u64,ahash,16384,insert-cycle,baseline,1,27.641296
u64,ahash,16384,insert-cycle,quick_cache,1,11.234426
u64,ahash,16384,insert-cycle,lru,1,28.027214
u64,ahash,16384,insert-cycle,hashlink,1,27.940430
u64,ahash,16384,insert-cycle,micro,1,27.661324
u64,ahash,16384,insert-cycle,quick_cache,2,11.116876
u64,ahash,16384,insert-cycle,lru,2,27.835526
u64,ahash,16384,insert-cycle,hashlink,2,27.830124
u64,ahash,16384,insert-cycle,micro,2,27.833618
u64,ahash,16384,insert-cycle,baseline,2,26.959419
u64,ahash,16384,insert-cycle,lru,3,27.300514
u64,ahash,16384,insert-cycle,hashlink,3,27.777992
u64,ahash,16384,insert-cycle,micro,3,27.708694
u64,ahash,16384,insert-cycle,baseline,3,27.135529
u64,ahash,16384,insert-cycle,quick_cache,3,11.481762
u64,ahash,16384,insert-cycle,hashlink,4,27.241386
u64,ahash,16384,insert-cycle,micro,4,27.167320
u64,ahash,16384,insert-cycle,baseline,4,27.429581
u64,ahash,16384,insert-cycle,quick_cache,4,11.208286
u64,ahash,16384,insert-cycle,lru,4,28.267860
u64,ahash,16384,mixed-95,micro,0,4.468819
u64,ahash,16384,mixed-95,baseline,0,4.485110
u64,ahash,16384,mixed-95,quick_cache,0,5.302509
u64,ahash,16384,mixed-95,lru,0,6.964167
u64,ahash,16384,mixed-95,hashlink,0,7.137159
u64,ahash,16384,mixed-95,baseline,1,4.703800
u64,ahash,16384,mixed-95,quick_cache,1,4.763921
u64,ahash,16384,mixed-95,lru,1,6.489118
u64,ahash,16384,mixed-95,hashlink,1,6.759564
u64,ahash,16384,mixed-95,micro,1,4.106244
u64,ahash,16384,mixed-95,quick_cache,2,5.056222
u64,ahash,16384,mixed-95,lru,2,6.382545
u64,ahash,16384,mixed-95,hashlink,2,6.728034
u64,ahash,16384,mixed-95,micro,2,4.114072
u64,ahash,16384,mixed-95,baseline,2,4.298210
u64,ahash,16384,mixed-95,lru,3,6.359617
u64,ahash,16384,mixed-95,hashlink,3,6.744008
u64,ahash,16384,mixed-95,micro,3,4.067779
u64,ahash,16384,mixed-95,baseline,3,4.370431
u64,ahash,16384,mixed-95,quick_cache,3,5.032142
u64,ahash,16384,mixed-95,hashlink,4,6.677806
u64,ahash,16384,mixed-95,micro,4,4.287124
u64,ahash,16384,mixed-95,baseline,4,4.317184
u64,ahash,16384,mixed-95,quick_cache,4,4.891455
u64,ahash,16384,mixed-95,lru,4,6.506284
u64,ahash,16384,load-hit,micro,0,3.920426
u64,ahash,16384,load-hit,baseline,0,3.878356
u64,ahash,16384,load-hit,quick_cache,0,5.969469
u64,ahash,16384,load-hit,lru,0,6.242396
u64,ahash,16384,load-hit,hashlink,0,6.427520
u64,ahash,16384,load-hit,baseline,1,3.880123
u64,ahash,16384,load-hit,quick_cache,1,6.004292
u64,ahash,16384,load-hit,lru,1,6.218634
u64,ahash,16384,load-hit,hashlink,1,6.410533
u64,ahash,16384,load-hit,micro,1,3.909497
u64,ahash,16384,load-hit,quick_cache,2,5.869548
u64,ahash,16384,load-hit,lru,2,6.196765
u64,ahash,16384,load-hit,hashlink,2,6.421757
u64,ahash,16384,load-hit,micro,2,3.819307
u64,ahash,16384,load-hit,baseline,2,3.969636
u64,ahash,16384,load-hit,lru,3,6.175995
u64,ahash,16384,load-hit,hashlink,3,6.404570
u64,ahash,16384,load-hit,micro,3,3.950057
u64,ahash,16384,load-hit,baseline,3,4.073306
u64,ahash,16384,load-hit,quick_cache,3,5.887066
u64,ahash,16384,load-hit,hashlink,4,6.287827
u64,ahash,16384,load-hit,micro,4,3.880069
u64,ahash,16384,load-hit,baseline,4,3.976091
u64,ahash,16384,load-hit,quick_cache,4,5.928695
u64,ahash,16384,load-hit,lru,4,6.304466
u64,ahash,16384,load-cycle,micro,0,28.392479
u64,ahash,16384,load-cycle,baseline,0,27.887032
u64,ahash,16384,load-cycle,quick_cache,0,11.722244
u64,ahash,16384,load-cycle,lru,0,27.191162
u64,ahash,16384,load-cycle,hashlink,0,30.064903
u64,ahash,16384,load-cycle,baseline,1,28.567314
u64,ahash,16384,load-cycle,quick_cache,1,11.647064
u64,ahash,16384,load-cycle,lru,1,26.658379
u64,ahash,16384,load-cycle,hashlink,1,30.022621
u64,ahash,16384,load-cycle,micro,1,28.089523
u64,ahash,16384,load-cycle,quick_cache,2,11.569660
u64,ahash,16384,load-cycle,lru,2,26.805565
u64,ahash,16384,load-cycle,hashlink,2,29.891655
u64,ahash,16384,load-cycle,micro,2,28.384209
u64,ahash,16384,load-cycle,baseline,2,28.178848
u64,ahash,16384,load-cycle,lru,3,26.437126
u64,ahash,16384,load-cycle,hashlink,3,29.712364
u64,ahash,16384,load-cycle,micro,3,28.147064
u64,ahash,16384,load-cycle,baseline,3,28.560318
u64,ahash,16384,load-cycle,quick_cache,3,11.627037
u64,ahash,16384,load-cycle,hashlink,4,29.976524
u64,ahash,16384,load-cycle,micro,4,28.724670
u64,ahash,16384,load-cycle,baseline,4,28.293297
u64,ahash,16384,load-cycle,quick_cache,4,11.551857
u64,ahash,16384,load-cycle,lru,4,26.740707
u64,ahash,16384,clear-refill,micro,0,84324.083333
u64,ahash,16384,clear-refill,baseline,0,87261.914286
u64,ahash,16384,clear-refill,quick_cache,0,100781.933333
u64,ahash,16384,clear-refill,lru,0,451095.285714
u64,ahash,16384,clear-refill,hashlink,0,266336.750000
u64,ahash,16384,clear-refill,baseline,1,88593.117647
u64,ahash,16384,clear-refill,quick_cache,1,99139.774194
u64,ahash,16384,clear-refill,lru,1,422161.375000
u64,ahash,16384,clear-refill,hashlink,1,259114.583333
u64,ahash,16384,clear-refill,micro,1,87154.771429
u64,ahash,16384,clear-refill,quick_cache,2,98315.870968
u64,ahash,16384,clear-refill,lru,2,435767.857143
u64,ahash,16384,clear-refill,hashlink,2,259670.083333
u64,ahash,16384,clear-refill,micro,2,86413.085714
u64,ahash,16384,clear-refill,baseline,2,87886.885714
u64,ahash,16384,clear-refill,lru,3,439654.714286
u64,ahash,16384,clear-refill,hashlink,3,252048.583333
u64,ahash,16384,clear-refill,micro,3,88089.285714
u64,ahash,16384,clear-refill,baseline,3,87848.828571
u64,ahash,16384,clear-refill,quick_cache,3,100511.100000
u64,ahash,16384,clear-refill,hashlink,4,273843.750000
u64,ahash,16384,clear-refill,micro,4,89452.205882
u64,ahash,16384,clear-refill,baseline,4,87854.771429
u64,ahash,16384,clear-refill,quick_cache,4,99642.483871
u64,ahash,16384,clear-refill,lru,4,416843.750000
u64,ahash,16384,clear-empty,micro,0,0.375269
u64,ahash,16384,clear-empty,baseline,0,329.187500
u64,ahash,16384,clear-empty,quick_cache,0,1.833601
u64,ahash,16384,clear-empty,lru,0,0.578826
u64,ahash,16384,clear-empty,hashlink,0,0.603649
u64,ahash,16384,clear-empty,baseline,1,319.155617
u64,ahash,16384,clear-empty,quick_cache,1,1.763908
u64,ahash,16384,clear-empty,lru,1,0.577750
u64,ahash,16384,clear-empty,hashlink,1,0.596808
u64,ahash,16384,clear-empty,micro,1,0.367964
u64,ahash,16384,clear-empty,quick_cache,2,1.815399
u64,ahash,16384,clear-empty,lru,2,0.583221
u64,ahash,16384,clear-empty,hashlink,2,0.607026
u64,ahash,16384,clear-empty,micro,2,0.372846
u64,ahash,16384,clear-empty,baseline,2,329.164931
u64,ahash,16384,clear-empty,lru,3,0.574569
u64,ahash,16384,clear-empty,hashlink,3,0.596313
u64,ahash,16384,clear-empty,micro,3,0.372213
u64,ahash,16384,clear-empty,baseline,3,323.264253
u64,ahash,16384,clear-empty,quick_cache,3,1.794202
u64,ahash,16384,clear-empty,hashlink,4,0.604739
u64,ahash,16384,clear-empty,micro,4,0.369927
u64,ahash,16384,clear-empty,baseline,4,330.964193
u64,ahash,16384,clear-empty,quick_cache,4,1.814325
u64,ahash,16384,clear-empty,lru,4,0.586583
u64,ahash,16384,iter-dense,micro,0,5086.623355
u64,ahash,16384,iter-dense,baseline,0,4704.165625
u64,ahash,16384,iter-dense,quick_cache,0,5407.913194
u64,ahash,16384,iter-dense,lru,0,23708.007812
u64,ahash,16384,iter-dense,hashlink,0,22285.937500
u64,ahash,16384,iter-dense,baseline,1,4704.687500
u64,ahash,16384,iter-dense,quick_cache,1,5304.543403
u64,ahash,16384,iter-dense,lru,1,23644.203125
u64,ahash,16384,iter-dense,hashlink,1,21989.325000
u64,ahash,16384,iter-dense,micro,1,4989.036184
u64,ahash,16384,iter-dense,quick_cache,2,5389.756944
u64,ahash,16384,iter-dense,lru,2,24492.835938
u64,ahash,16384,iter-dense,hashlink,2,24140.625000
u64,ahash,16384,iter-dense,micro,2,5056.674342
u64,ahash,16384,iter-dense,baseline,2,4697.917188
u64,ahash,16384,iter-dense,lru,3,24527.671875
u64,ahash,16384,iter-dense,hashlink,3,22011.718750
u64,ahash,16384,iter-dense,micro,3,4842.448438
u64,ahash,16384,iter-dense,baseline,3,4686.632440
u64,ahash,16384,iter-dense,quick_cache,3,5357.204861
u64,ahash,16384,iter-dense,hashlink,4,23546.875000
u64,ahash,16384,iter-dense,micro,4,5082.991776
u64,ahash,16384,iter-dense,baseline,4,4692.773438
u64,ahash,16384,iter-dense,quick_cache,4,5299.840278
u64,ahash,16384,iter-dense,lru,4,21968.750000
u64,ahash,16384,iter-dense-for,micro,0,4597.035714
u64,ahash,16384,iter-dense-for,baseline,0,4661.272321
u64,ahash,16384,iter-dense-for,quick_cache,0,5302.083333
u64,ahash,16384,iter-dense-for,lru,0,17912.328125
u64,ahash,16384,iter-dense-for,hashlink,0,17155.598958
u64,ahash,16384,iter-dense-for,baseline,1,4766.210938
u64,ahash,16384,iter-dense-for,quick_cache,1,5279.876736
u64,ahash,16384,iter-dense-for,lru,1,17783.854167
u64,ahash,16384,iter-dense-for,hashlink,1,17104.817708
u64,ahash,16384,iter-dense-for,micro,1,4648.065476
u64,ahash,16384,iter-dense-for,quick_cache,2,5380.715278
u64,ahash,16384,iter-dense-for,lru,2,17535.375000
u64,ahash,16384,iter-dense-for,hashlink,2,16756.291667
u64,ahash,16384,iter-dense-for,micro,2,4620.410714
u64,ahash,16384,iter-dense-for,baseline,2,4708.984375
u64,ahash,16384,iter-dense-for,lru,3,18555.119792
u64,ahash,16384,iter-dense-for,hashlink,3,16931.640625
u64,ahash,16384,iter-dense-for,micro,3,4626.427083
u64,ahash,16384,iter-dense-for,baseline,3,4680.680060
u64,ahash,16384,iter-dense-for,quick_cache,3,5345.703125
u64,ahash,16384,iter-dense-for,hashlink,4,18317.270833
u64,ahash,16384,iter-dense-for,micro,4,4541.357143
u64,ahash,16384,iter-dense-for,baseline,4,4621.342262
u64,ahash,16384,iter-dense-for,quick_cache,4,5322.770833
u64,ahash,16384,iter-dense-for,lru,4,16757.593750
u64,ahash,16384,iter-density-1pct,micro,0,255.673110
u64,ahash,16384,iter-density-1pct,baseline,0,5079.907895
u64,ahash,16384,iter-density-1pct,quick_cache,0,5150.631579
u64,ahash,16384,iter-density-1pct,lru,0,188.188878
u64,ahash,16384,iter-density-1pct,hashlink,0,190.686420
u64,ahash,16384,iter-density-1pct,baseline,1,5153.988487
u64,ahash,16384,iter-density-1pct,quick_cache,1,5084.978618
u64,ahash,16384,iter-density-1pct,lru,1,189.488636
u64,ahash,16384,iter-density-1pct,hashlink,1,191.008465
u64,ahash,16384,iter-density-1pct,micro,1,266.104550
u64,ahash,16384,iter-density-1pct,quick_cache,2,5093.269737
u64,ahash,16384,iter-density-1pct,lru,2,186.107515
u64,ahash,16384,iter-density-1pct,hashlink,2,190.588478
u64,ahash,16384,iter-density-1pct,micro,2,255.073879
u64,ahash,16384,iter-density-1pct,baseline,2,5353.805556
u64,ahash,16384,iter-density-1pct,lru,3,188.456953
u64,ahash,16384,iter-density-1pct,hashlink,3,185.320467
u64,ahash,16384,iter-density-1pct,micro,3,265.095339
u64,ahash,16384,iter-density-1pct,baseline,3,5123.699013
u64,ahash,16384,iter-density-1pct,quick_cache,3,5004.934211
u64,ahash,16384,iter-density-1pct,hashlink,4,180.676000
u64,ahash,16384,iter-density-1pct,micro,4,255.204823
u64,ahash,16384,iter-density-1pct,baseline,4,5202.097039
u64,ahash,16384,iter-density-1pct,quick_cache,4,5110.952303
u64,ahash,16384,iter-density-1pct,lru,4,185.952970
u64,ahash,16384,iter-density-6pct,micro,0,4988.281250
u64,ahash,16384,iter-density-6pct,baseline,0,4921.289062
u64,ahash,16384,iter-density-6pct,quick_cache,0,4929.101562
u64,ahash,16384,iter-density-6pct,lru,0,5989.990234
u64,ahash,16384,iter-density-6pct,hashlink,0,5696.615809
u64,ahash,16384,iter-density-6pct,baseline,1,4883.657812
u64,ahash,16384,iter-density-6pct,quick_cache,1,4916.471875
u64,ahash,16384,iter-density-6pct,lru,1,6157.308594
u64,ahash,16384,iter-density-6pct,hashlink,1,6170.734375
u64,ahash,16384,iter-density-6pct,micro,1,4918.425000
u64,ahash,16384,iter-density-6pct,quick_cache,2,4891.276563
u64,ahash,16384,iter-density-6pct,lru,2,6097.576172
u64,ahash,16384,iter-density-6pct,hashlink,2,6522.741667
u64,ahash,16384,iter-density-6pct,micro,2,5070.587171
u64,ahash,16384,iter-density-6pct,baseline,2,4906.640625
u64,ahash,16384,iter-density-6pct,lru,3,5972.167969
u64,ahash,16384,iter-density-6pct,hashlink,3,6160.562500
u64,ahash,16384,iter-density-6pct,micro,3,4920.053125
u64,ahash,16384,iter-density-6pct,baseline,3,4832.421875
u64,ahash,16384,iter-density-6pct,quick_cache,3,4804.687500
u64,ahash,16384,iter-density-6pct,hashlink,4,6287.933333
u64,ahash,16384,iter-density-6pct,micro,4,5039.815789
u64,ahash,16384,iter-density-6pct,baseline,4,4934.210526
u64,ahash,16384,iter-density-6pct,quick_cache,4,4906.706250
u64,ahash,16384,iter-density-6pct,lru,4,6362.500000
u64,ahash,16384,iter-density-quarter,micro,0,4940.514803
u64,ahash,16384,iter-density-quarter,baseline,0,4172.498641
u64,ahash,16384,iter-density-quarter,quick_cache,0,4907.356250
u64,ahash,16384,iter-density-quarter,lru,0,6536.458333
u64,ahash,16384,iter-density-quarter,hashlink,0,7498.396635
u64,ahash,16384,iter-density-quarter,baseline,1,4213.881793
u64,ahash,16384,iter-density-quarter,quick_cache,1,4913.867188
u64,ahash,16384,iter-density-quarter,lru,1,7023.995536
u64,ahash,16384,iter-density-quarter,hashlink,1,7874.242188
u64,ahash,16384,iter-density-quarter,micro,1,5021.037829
u64,ahash,16384,iter-density-quarter,quick_cache,2,4984.238487
u64,ahash,16384,iter-density-quarter,lru,2,7238.281250
u64,ahash,16384,iter-density-quarter,hashlink,2,8173.393229
u64,ahash,16384,iter-density-quarter,micro,2,5085.799342
u64,ahash,16384,iter-density-quarter,baseline,2,4310.311080
u64,ahash,16384,iter-density-quarter,lru,3,7127.696429
u64,ahash,16384,iter-density-quarter,hashlink,3,7929.252604
u64,ahash,16384,iter-density-quarter,micro,3,4972.245066
u64,ahash,16384,iter-density-quarter,baseline,3,4205.955163
u64,ahash,16384,iter-density-quarter,quick_cache,3,4968.338816
u64,ahash,16384,iter-density-quarter,hashlink,4,7178.944196
u64,ahash,16384,iter-density-quarter,micro,4,5053.521382
u64,ahash,16384,iter-density-quarter,baseline,4,4209.523098
u64,ahash,16384,iter-density-quarter,quick_cache,4,4945.246875
u64,ahash,16384,iter-density-quarter,lru,4,8260.307292
u64,ahash,16384,iter-density-half,micro,0,5028.439145
u64,ahash,16384,iter-density-half,baseline,0,4384.588068
u64,ahash,16384,iter-density-half,quick_cache,0,4936.950658
u64,ahash,16384,iter-density-half,lru,0,17146.921875
u64,ahash,16384,iter-density-half,hashlink,0,16424.046875
u64,ahash,16384,iter-density-half,baseline,1,4367.365057
u64,ahash,16384,iter-density-half,quick_cache,1,5080.111842
u64,ahash,16384,iter-density-half,lru,1,17294.057292
u64,ahash,16384,iter-density-half,hashlink,1,18062.500000
u64,ahash,16384,iter-density-half,micro,1,4922.656250
u64,ahash,16384,iter-density-half,quick_cache,2,4954.222039
u64,ahash,16384,iter-density-half,lru,2,17218.968750
u64,ahash,16384,iter-density-half,hashlink,2,17626.515625
u64,ahash,16384,iter-density-half,micro,2,4894.140625
u64,ahash,16384,iter-density-half,baseline,2,4369.555398
u64,ahash,16384,iter-density-half,lru,3,17203.557292
u64,ahash,16384,iter-density-half,hashlink,3,18935.546875
u64,ahash,16384,iter-density-half,micro,3,4997.875000
u64,ahash,16384,iter-density-half,baseline,3,4304.805398
u64,ahash,16384,iter-density-half,quick_cache,3,4940.172697
u64,ahash,16384,iter-density-half,hashlink,4,14908.482143
u64,ahash,16384,iter-density-half,micro,4,5011.101974
u64,ahash,16384,iter-density-half,baseline,4,5889.242188
u64,ahash,16384,iter-density-half,quick_cache,4,4886.132812
u64,ahash,16384,iter-density-half,lru,4,15216.142857
u64,ahash,16384,iter-front,micro,0,1.167802
u64,ahash,16384,iter-front,baseline,0,4158.175272
u64,ahash,16384,iter-front,quick_cache,0,5145.491776
u64,ahash,16384,iter-front,lru,0,1.249867
u64,ahash,16384,iter-front,hashlink,0,1.164249
u64,ahash,16384,iter-front,baseline,1,4145.832880
u64,ahash,16384,iter-front,quick_cache,1,5087.101974
u64,ahash,16384,iter-front,lru,1,1.220719
u64,ahash,16384,iter-front,hashlink,1,1.193386
u64,ahash,16384,iter-front,micro,1,1.164698
u64,ahash,16384,iter-front,quick_cache,2,5089.021382
u64,ahash,16384,iter-front,lru,2,1.240588
u64,ahash,16384,iter-front,hashlink,2,1.198772
u64,ahash,16384,iter-front,micro,2,1.159526
u64,ahash,16384,iter-front,baseline,2,4240.998641
u64,ahash,16384,iter-front,lru,3,1.249300
u64,ahash,16384,iter-front,hashlink,3,1.182756
u64,ahash,16384,iter-front,micro,3,1.186469
u64,ahash,16384,iter-front,baseline,3,4218.694293
u64,ahash,16384,iter-front,quick_cache,3,5148.848684
u64,ahash,16384,iter-front,hashlink,4,1.217928
u64,ahash,16384,iter-front,micro,4,1.150702
u64,ahash,16384,iter-front,baseline,4,4247.508152
u64,ahash,16384,iter-front,quick_cache,4,5195.175987
u64,ahash,16384,iter-front,lru,4,1.238850
u64,ahash,16384,iter-back,micro,0,1.191066
u64,ahash,16384,iter-back,baseline,0,4261.599432
u64,ahash,16384,iter-back,quick_cache,0,5195.792763
u64,ahash,16384,iter-back,lru,0,1.227737
u64,ahash,16384,iter-back,hashlink,0,1.157293
u64,ahash,16384,iter-back,baseline,1,4148.947011
u64,ahash,16384,iter-back,quick_cache,1,5112.184211
u64,ahash,16384,iter-back,lru,1,1.203512
u64,ahash,16384,iter-back,hashlink,1,1.174945
u64,ahash,16384,iter-back,micro,1,1.163743
u64,ahash,16384,iter-back,quick_cache,2,5111.774671
u64,ahash,16384,iter-back,lru,2,1.211757
u64,ahash,16384,iter-back,hashlink,2,1.183473
u64,ahash,16384,iter-back,micro,2,1.190854
u64,ahash,16384,iter-back,baseline,2,4157.269022
u64,ahash,16384,iter-back,lru,3,1.201569
u64,ahash,16384,iter-back,hashlink,3,1.207792
u64,ahash,16384,iter-back,micro,3,1.179587
u64,ahash,16384,iter-back,baseline,3,4235.054348
u64,ahash,16384,iter-back,quick_cache,3,5101.218750
u64,ahash,16384,iter-back,hashlink,4,1.199140
u64,ahash,16384,iter-back,micro,4,1.175048
u64,ahash,16384,iter-back,baseline,4,4207.201087
u64,ahash,16384,iter-back,quick_cache,4,5159.608553
u64,ahash,16384,iter-back,lru,4,1.227624
u64,ahash,16384,iter-empty,micro,0,0.824219
u64,ahash,16384,iter-empty,baseline,0,4147.927989
u64,ahash,16384,iter-empty,quick_cache,0,5172.011513
u64,ahash,16384,iter-empty,lru,0,0.995741
u64,ahash,16384,iter-empty,hashlink,0,1.009400
u64,ahash,16384,iter-empty,baseline,1,4169.552989
u64,ahash,16384,iter-empty,quick_cache,1,5107.662829
u64,ahash,16384,iter-empty,lru,1,0.994189
u64,ahash,16384,iter-empty,hashlink,1,1.004457
u64,ahash,16384,iter-empty,micro,1,0.820734
u64,ahash,16384,iter-empty,quick_cache,2,5187.500000
u64,ahash,16384,iter-empty,lru,2,1.017407
u64,ahash,16384,iter-empty,hashlink,2,1.000929
u64,ahash,16384,iter-empty,micro,2,0.792825
u64,ahash,16384,iter-empty,baseline,2,4210.881793
u64,ahash,16384,iter-empty,lru,3,1.002663
u64,ahash,16384,iter-empty,hashlink,3,1.024859
u64,ahash,16384,iter-empty,micro,3,0.807007
u64,ahash,16384,iter-empty,baseline,3,4106.487772
u64,ahash,16384,iter-empty,quick_cache,3,5157.689145
u64,ahash,16384,iter-empty,hashlink,4,1.012233
u64,ahash,16384,iter-empty,micro,4,0.805966
u64,ahash,16384,iter-empty,baseline,4,4224.297554
u64,ahash,16384,iter-empty,quick_cache,4,5137.746711
u64,ahash,16384,iter-empty,lru,4,0.999531
u64,ahash,16384,iter-count,micro,0,0.404519
u64,ahash,16384,iter-count,baseline,0,4185.601562
u64,ahash,16384,iter-count,quick_cache,0,8205.566406
u64,ahash,16384,iter-count,lru,0,0.395757
u64,ahash,16384,iter-count,hashlink,0,0.396265
u64,ahash,16384,iter-count,baseline,1,4250.054688
u64,ahash,16384,iter-count,quick_cache,1,8157.796875
u64,ahash,16384,iter-count,lru,1,0.396426
u64,ahash,16384,iter-count,hashlink,1,0.397346
u64,ahash,16384,iter-count,micro,1,0.412371
u64,ahash,16384,iter-count,quick_cache,2,8185.058594
u64,ahash,16384,iter-count,lru,2,0.393894
u64,ahash,16384,iter-count,hashlink,2,0.392139
u64,ahash,16384,iter-count,micro,2,0.400893
u64,ahash,16384,iter-count,baseline,2,4206.270833
u64,ahash,16384,iter-count,lru,3,0.395949
u64,ahash,16384,iter-count,hashlink,3,0.400756
u64,ahash,16384,iter-count,micro,3,0.416288
u64,ahash,16384,iter-count,baseline,3,4152.832031
u64,ahash,16384,iter-count,quick_cache,3,8133.136719
u64,ahash,16384,iter-count,hashlink,4,0.394053
u64,ahash,16384,iter-count,micro,4,0.399936
u64,ahash,16384,iter-count,baseline,4,4148.546875
u64,ahash,16384,iter-count,quick_cache,4,8243.244141
u64,ahash,16384,iter-count,lru,4,0.395882
string24,sip,128,get-hit,micro,0,9.497487
string24,sip,128,get-hit,baseline,0,9.590082
string24,sip,128,get-hit,quick_cache,0,9.638335
string24,sip,128,get-hit,lru,0,9.964402
string24,sip,128,get-hit,hashlink,0,9.362030
string24,sip,128,get-hit,baseline,1,9.464493
string24,sip,128,get-hit,quick_cache,1,9.873240
string24,sip,128,get-hit,lru,1,10.034787
string24,sip,128,get-hit,hashlink,1,9.251529
string24,sip,128,get-hit,micro,1,9.427844
string24,sip,128,get-hit,quick_cache,2,9.660285
string24,sip,128,get-hit,lru,2,9.920961
string24,sip,128,get-hit,hashlink,2,9.319815
string24,sip,128,get-hit,micro,2,9.413759
string24,sip,128,get-hit,baseline,2,9.492663
string24,sip,128,get-hit,lru,3,10.115201
string24,sip,128,get-hit,hashlink,3,9.393026
string24,sip,128,get-hit,micro,3,9.404632
string24,sip,128,get-hit,baseline,3,9.486272
string24,sip,128,get-hit,quick_cache,3,9.823313
string24,sip,128,get-hit,hashlink,4,9.407499
string24,sip,128,get-hit,micro,4,9.390155
string24,sip,128,get-hit,baseline,4,9.444536
string24,sip,128,get-hit,quick_cache,4,9.832150
string24,sip,128,get-hit,lru,4,10.132938
string24,sip,128,get-miss,micro,0,7.872018
string24,sip,128,get-miss,baseline,0,7.781665
string24,sip,128,get-miss,quick_cache,0,7.814339
string24,sip,128,get-miss,lru,0,8.156784
string24,sip,128,get-miss,hashlink,0,7.830140
string24,sip,128,get-miss,baseline,1,7.886197
string24,sip,128,get-miss,quick_cache,1,7.797781
string24,sip,128,get-miss,lru,1,7.950912
string24,sip,128,get-miss,hashlink,1,7.721479
string24,sip,128,get-miss,micro,1,7.838688
string24,sip,128,get-miss,quick_cache,2,7.828733
string24,sip,128,get-miss,lru,2,8.059958
string24,sip,128,get-miss,hashlink,2,7.730059
string24,sip,128,get-miss,micro,2,7.760579
string24,sip,128,get-miss,baseline,2,7.912818
string24,sip,128,get-miss,lru,3,7.995162
string24,sip,128,get-miss,hashlink,3,7.700495
string24,sip,128,get-miss,micro,3,7.726138
string24,sip,128,get-miss,baseline,3,7.728259
string24,sip,128,get-miss,quick_cache,3,7.768420
string24,sip,128,get-miss,hashlink,4,7.657473
string24,sip,128,get-miss,micro,4,7.744682
string24,sip,128,get-miss,baseline,4,7.847132
string24,sip,128,get-miss,quick_cache,4,7.743940
string24,sip,128,get-miss,lru,4,7.990078
string24,sip,128,update,micro,0,22.247314
string24,sip,128,update,baseline,0,22.633875
string24,sip,128,update,quick_cache,0,51.960632
string24,sip,128,update,lru,0,23.201942
string24,sip,128,update,hashlink,0,22.147088
string24,sip,128,update,baseline,1,22.430722
string24,sip,128,update,quick_cache,1,44.245958
string24,sip,128,update,lru,1,22.567153
string24,sip,128,update,hashlink,1,23.396492
string24,sip,128,update,micro,1,23.302391
string24,sip,128,update,quick_cache,2,43.280151
string24,sip,128,update,lru,2,24.242401
string24,sip,128,update,hashlink,2,23.461342
string24,sip,128,update,micro,2,22.017241
string24,sip,128,update,baseline,2,22.594676
string24,sip,128,update,lru,3,23.796715
string24,sip,128,update,hashlink,3,23.481689
string24,sip,128,update,micro,3,22.056131
string24,sip,128,update,baseline,3,22.262573
string24,sip,128,update,quick_cache,3,42.692966
string24,sip,128,update,hashlink,4,23.334824
string24,sip,128,update,micro,4,22.528859
string24,sip,128,update,baseline,4,22.264964
string24,sip,128,update,quick_cache,4,42.204115
string24,sip,128,update,lru,4,23.400948
string24,sip,128,insert-cycle,micro,0,42.987838
string24,sip,128,insert-cycle,baseline,0,43.523944
string24,sip,128,insert-cycle,quick_cache,0,39.329580
string24,sip,128,insert-cycle,lru,0,64.488904
string24,sip,128,insert-cycle,hashlink,0,66.593062
string24,sip,128,insert-cycle,baseline,1,43.673632
string24,sip,128,insert-cycle,quick_cache,1,38.891660
string24,sip,128,insert-cycle,lru,1,64.547025
string24,sip,128,insert-cycle,hashlink,1,65.328407
string24,sip,128,insert-cycle,micro,1,43.686353
string24,sip,128,insert-cycle,quick_cache,2,39.845405
string24,sip,128,insert-cycle,lru,2,63.843665
string24,sip,128,insert-cycle,hashlink,2,64.878453
string24,sip,128,insert-cycle,micro,2,42.797075
string24,sip,128,insert-cycle,baseline,2,42.798272
string24,sip,128,insert-cycle,lru,3,64.536294
string24,sip,128,insert-cycle,hashlink,3,66.509247
string24,sip,128,insert-cycle,micro,3,43.594984
string24,sip,128,insert-cycle,baseline,3,43.049236
string24,sip,128,insert-cycle,quick_cache,3,39.704748
string24,sip,128,insert-cycle,hashlink,4,65.623363
string24,sip,128,insert-cycle,micro,4,42.652102
string24,sip,128,insert-cycle,baseline,4,42.378822
string24,sip,128,insert-cycle,quick_cache,4,39.191628
string24,sip,128,insert-cycle,lru,4,63.065293
string24,sip,128,mixed-95,micro,0,16.996840
string24,sip,128,mixed-95,baseline,0,16.610622
string24,sip,128,mixed-95,quick_cache,0,19.452095
string24,sip,128,mixed-95,lru,0,23.716688
string24,sip,128,mixed-95,hashlink,0,18.699467
string24,sip,128,mixed-95,baseline,1,16.614616
string24,sip,128,mixed-95,quick_cache,1,19.471645
string24,sip,128,mixed-95,lru,1,18.968761
string24,sip,128,mixed-95,hashlink,1,19.351085
string24,sip,128,mixed-95,micro,1,17.026067
string24,sip,128,mixed-95,quick_cache,2,19.345403
string24,sip,128,mixed-95,lru,2,18.620849
string24,sip,128,mixed-95,hashlink,2,18.618405
string24,sip,128,mixed-95,micro,2,16.864677
string24,sip,128,mixed-95,baseline,2,16.604225
string24,sip,128,mixed-95,lru,3,20.053347
string24,sip,128,mixed-95,hashlink,3,19.129058
string24,sip,128,mixed-95,micro,3,19.844413
string24,sip,128,mixed-95,baseline,3,16.468187
string24,sip,128,mixed-95,quick_cache,3,19.493639
string24,sip,128,mixed-95,hashlink,4,19.046962
string24,sip,128,mixed-95,micro,4,16.975939
string24,sip,128,mixed-95,baseline,4,17.057200
string24,sip,128,mixed-95,quick_cache,4,19.344846
string24,sip,128,mixed-95,lru,4,18.861611
string24,sip,128,load-hit,micro,0,12.868947
string24,sip,128,load-hit,baseline,0,21.961282
string24,sip,128,load-hit,quick_cache,0,13.185229
string24,sip,128,load-hit,lru,0,13.425555
string24,sip,128,load-hit,hashlink,0,9.789586
string24,sip,128,load-hit,baseline,1,21.891874
string24,sip,128,load-hit,quick_cache,1,13.324916
string24,sip,128,load-hit,lru,1,15.400996
string24,sip,128,load-hit,hashlink,1,9.908728
string24,sip,128,load-hit,micro,1,12.584094
string24,sip,128,load-hit,quick_cache,2,13.060118
string24,sip,128,load-hit,lru,2,13.210114
string24,sip,128,load-hit,hashlink,2,9.694015
string24,sip,128,load-hit,micro,2,12.628313
string24,sip,128,load-hit,baseline,2,21.642047
string24,sip,128,load-hit,lru,3,13.161067
string24,sip,128,load-hit,hashlink,3,9.654531
string24,sip,128,load-hit,micro,3,12.583415
string24,sip,128,load-hit,baseline,3,21.731208
string24,sip,128,load-hit,quick_cache,3,13.142722
string24,sip,128,load-hit,hashlink,4,9.810733
string24,sip,128,load-hit,micro,4,12.661284
string24,sip,128,load-hit,baseline,4,22.069293
string24,sip,128,load-hit,quick_cache,4,13.167424
string24,sip,128,load-hit,lru,4,13.312565
string24,sip,128,load-cycle,micro,0,44.034922
string24,sip,128,load-cycle,baseline,0,44.399074
string24,sip,128,load-cycle,quick_cache,0,25.901542
string24,sip,128,load-cycle,lru,0,60.205489
string24,sip,128,load-cycle,hashlink,0,67.392152
string24,sip,128,load-cycle,baseline,1,45.174159
string24,sip,128,load-cycle,quick_cache,1,26.061563
string24,sip,128,load-cycle,lru,1,60.905278
string24,sip,128,load-cycle,hashlink,1,68.325309
string24,sip,128,load-cycle,micro,1,45.487115
string24,sip,128,load-cycle,quick_cache,2,26.081094
string24,sip,128,load-cycle,lru,2,60.342368
string24,sip,128,load-cycle,hashlink,2,67.313058
string24,sip,128,load-cycle,micro,2,44.198015
string24,sip,128,load-cycle,baseline,2,44.568515
string24,sip,128,load-cycle,lru,3,61.266581
string24,sip,128,load-cycle,hashlink,3,67.019152
string24,sip,128,load-cycle,micro,3,44.254245
string24,sip,128,load-cycle,baseline,3,44.806954
string24,sip,128,load-cycle,quick_cache,3,26.175363
string24,sip,128,load-cycle,hashlink,4,67.728920
string24,sip,128,load-cycle,micro,4,45.410156
string24,sip,128,load-cycle,baseline,4,45.965456
string24,sip,128,load-cycle,quick_cache,4,26.352923
string24,sip,128,load-cycle,lru,4,63.054793
string24,sip,128,clear-refill,micro,0,3086.548354
string24,sip,128,clear-refill,baseline,0,4540.090772
string24,sip,128,clear-refill,quick_cache,0,5893.998043
string24,sip,128,clear-refill,lru,0,27439.390909
string24,sip,128,clear-refill,hashlink,0,5442.934783
string24,sip,128,clear-refill,baseline,1,3192.420213
string24,sip,128,clear-refill,quick_cache,1,3245.224865
string24,sip,128,clear-refill,lru,1,8430.595506
string24,sip,128,clear-refill,hashlink,1,5228.587108
string24,sip,128,clear-refill,micro,1,3087.105967
string24,sip,128,clear-refill,quick_cache,2,3319.966814
string24,sip,128,clear-refill,lru,2,8442.300562
string24,sip,128,clear-refill,hashlink,2,5314.674336
string24,sip,128,clear-refill,micro,2,3087.191358
string24,sip,128,clear-refill,baseline,2,3119.282744
string24,sip,128,clear-refill,lru,3,8314.750693
string24,sip,128,clear-refill,hashlink,3,5214.770833
string24,sip,128,clear-refill,micro,3,3084.532374
string24,sip,128,clear-refill,baseline,3,3180.526483
string24,sip,128,clear-refill,quick_cache,3,3372.705618
string24,sip,128,clear-refill,hashlink,4,5187.896373
string24,sip,128,clear-refill,micro,4,3045.385396
string24,sip,128,clear-refill,baseline,4,3078.974359
string24,sip,128,clear-refill,quick_cache,4,3294.273326
string24,sip,128,clear-refill,lru,4,8241.780822
string24,sip,128,clear-empty,micro,0,0.372070
string24,sip,128,clear-empty,baseline,0,50.436880
string24,sip,128,clear-empty,quick_cache,0,4.078468
string24,sip,128,clear-empty,lru,0,2.226361
string24,sip,128,clear-empty,hashlink,0,0.649238
string24,sip,128,clear-empty,baseline,1,49.836418
string24,sip,128,clear-empty,quick_cache,1,4.025958
string24,sip,128,clear-empty,lru,1,2.294259
string24,sip,128,clear-empty,hashlink,1,0.650861
string24,sip,128,clear-empty,micro,1,0.374950
string24,sip,128,clear-empty,quick_cache,2,4.027844
string24,sip,128,clear-empty,lru,2,2.246081
string24,sip,128,clear-empty,hashlink,2,0.655255
string24,sip,128,clear-empty,micro,2,0.376313
string24,sip,128,clear-empty,baseline,2,49.828820
string24,sip,128,clear-empty,lru,3,2.240709
string24,sip,128,clear-empty,hashlink,3,0.642018
string24,sip,128,clear-empty,micro,3,0.373090
string24,sip,128,clear-empty,baseline,3,50.276976
string24,sip,128,clear-empty,quick_cache,3,4.043409
string24,sip,128,clear-empty,hashlink,4,0.651413
string24,sip,128,clear-empty,micro,4,0.371093
string24,sip,128,clear-empty,baseline,4,48.954264
string24,sip,128,clear-empty,quick_cache,4,4.021869
string24,sip,128,clear-empty,lru,4,2.274445
string24,sip,128,iter-dense,micro,0,23.709774
string24,sip,128,iter-dense,baseline,0,40.165511
string24,sip,128,iter-dense,quick_cache,0,29.974554
string24,sip,128,iter-dense,lru,0,146.571875
string24,sip,128,iter-dense,hashlink,0,142.747574
string24,sip,128,iter-dense,baseline,1,39.545221
string24,sip,128,iter-dense,quick_cache,1,29.665751
string24,sip,128,iter-dense,lru,1,141.950690
string24,sip,128,iter-dense,hashlink,1,141.260354
string24,sip,128,iter-dense,micro,1,23.477928
string24,sip,128,iter-dense,quick_cache,2,30.005000
string24,sip,128,iter-dense,lru,2,143.060452
string24,sip,128,iter-dense,hashlink,2,142.157907
string24,sip,128,iter-dense,micro,2,23.530623
string24,sip,128,iter-dense,baseline,2,39.576404
string24,sip,128,iter-dense,lru,3,143.563647
string24,sip,128,iter-dense,hashlink,3,149.263464
string24,sip,128,iter-dense,micro,3,23.804098
string24,sip,128,iter-dense,baseline,3,39.942571
string24,sip,128,iter-dense,quick_cache,3,42.128187
string24,sip,128,iter-dense,hashlink,4,186.332279
string24,sip,128,iter-dense,micro,4,65.540924
string24,sip,128,iter-dense,baseline,4,41.612919
string24,sip,128,iter-dense,quick_cache,4,29.083223
string24,sip,128,iter-dense,lru,4,131.737184
string24,sip,128,iter-dense-for,micro,0,38.984537
string24,sip,128,iter-dense-for,baseline,0,38.514926
string24,sip,128,iter-dense-for,quick_cache,0,71.122962
string24,sip,128,iter-dense-for,lru,0,87.702438
string24,sip,128,iter-dense-for,hashlink,0,76.467426
string24,sip,128,iter-dense-for,baseline,1,40.137174
string24,sip,128,iter-dense-for,quick_cache,1,71.444021
string24,sip,128,iter-dense-for,lru,1,85.637842
string24,sip,128,iter-dense-for,hashlink,1,74.808538
string24,sip,128,iter-dense-for,micro,1,39.898604
string24,sip,128,iter-dense-for,quick_cache,2,39.008332
string24,sip,128,iter-dense-for,lru,2,86.733696
string24,sip,128,iter-dense-for,hashlink,2,77.426120
string24,sip,128,iter-dense-for,micro,2,40.315872
string24,sip,128,iter-dense-for,baseline,2,39.469684
string24,sip,128,iter-dense-for,lru,3,85.761369
string24,sip,128,iter-dense-for,hashlink,3,77.115234
string24,sip,128,iter-dense-for,micro,3,39.574768
string24,sip,128,iter-dense-for,baseline,3,38.588284
string24,sip,128,iter-dense-for,quick_cache,3,70.091601
string24,sip,128,iter-dense-for,hashlink,4,75.062150
string24,sip,128,iter-dense-for,micro,4,39.648850
string24,sip,128,iter-dense-for,baseline,4,38.575625
string24,sip,128,iter-dense-for,quick_cache,4,38.689163
string24,sip,128,iter-dense-for,lru,4,85.394382
string24,sip,128,iter-density-1pct,micro,0,1.576527
string24,sip,128,iter-density-1pct,baseline,0,39.297713
string24,sip,128,iter-density-1pct,quick_cache,0,27.288044
string24,sip,128,iter-density-1pct,lru,0,1.307458
string24,sip,128,iter-density-1pct,hashlink,0,1.276031
string24,sip,128,iter-density-1pct,baseline,1,39.846632
string24,sip,128,iter-density-1pct,quick_cache,1,28.368476
string24,sip,128,iter-density-1pct,lru,1,1.333950
string24,sip,128,iter-density-1pct,hashlink,1,1.266430
string24,sip,128,iter-density-1pct,micro,1,1.587611
string24,sip,128,iter-density-1pct,quick_cache,2,27.993431
string24,sip,128,iter-density-1pct,lru,2,1.311629
string24,sip,128,iter-density-1pct,hashlink,2,1.296968
string24,sip,128,iter-density-1pct,micro,2,1.586670
string24,sip,128,iter-density-1pct,baseline,2,39.705824
string24,sip,128,iter-density-1pct,lru,3,1.320962
string24,sip,128,iter-density-1pct,hashlink,3,1.267371
string24,sip,128,iter-density-1pct,micro,3,1.594903
string24,sip,128,iter-density-1pct,baseline,3,36.447204
string24,sip,128,iter-density-1pct,quick_cache,3,27.051482
string24,sip,128,iter-density-1pct,hashlink,4,1.264636
string24,sip,128,iter-density-1pct,micro,4,1.588256
string24,sip,128,iter-density-1pct,baseline,4,38.149766
string24,sip,128,iter-density-1pct,quick_cache,4,27.535334
string24,sip,128,iter-density-1pct,lru,4,1.293621
string24,sip,128,iter-density-6pct,micro,0,24.150929
string24,sip,128,iter-density-6pct,baseline,0,36.834238
string24,sip,128,iter-density-6pct,quick_cache,0,29.323337
string24,sip,128,iter-density-6pct,lru,0,3.539388
string24,sip,128,iter-density-6pct,hashlink,0,2.966584
string24,sip,128,iter-density-6pct,baseline,1,36.829119
string24,sip,128,iter-density-6pct,quick_cache,1,27.417233
string24,sip,128,iter-density-6pct,lru,1,3.110631
string24,sip,128,iter-density-6pct,hashlink,1,3.038785
string24,sip,128,iter-density-6pct,micro,1,24.607324
string24,sip,128,iter-density-6pct,quick_cache,2,29.658336
string24,sip,128,iter-density-6pct,lru,2,3.126503
string24,sip,128,iter-density-6pct,hashlink,2,3.029218
string24,sip,128,iter-density-6pct,micro,2,24.471760
string24,sip,128,iter-density-6pct,baseline,2,37.589241
string24,sip,128,iter-density-6pct,lru,3,3.148615
string24,sip,128,iter-density-6pct,hashlink,3,3.024389
string24,sip,128,iter-density-6pct,micro,3,24.385704
string24,sip,128,iter-density-6pct,baseline,3,37.234512
string24,sip,128,iter-density-6pct,quick_cache,3,29.655133
string24,sip,128,iter-density-6pct,hashlink,4,3.036929
string24,sip,128,iter-density-6pct,micro,4,24.090884
string24,sip,128,iter-density-6pct,baseline,4,37.043782
string24,sip,128,iter-density-6pct,quick_cache,4,29.760304
string24,sip,128,iter-density-6pct,lru,4,3.186913
string24,sip,128,iter-density-quarter,micro,0,24.078173
string24,sip,128,iter-density-quarter,baseline,0,51.120604
string24,sip,128,iter-density-quarter,quick_cache,0,25.633739
string24,sip,128,iter-density-quarter,lru,0,19.285402
string24,sip,128,iter-density-quarter,hashlink,0,19.059806
string24,sip,128,iter-density-quarter,baseline,1,50.718581
string24,sip,128,iter-density-quarter,quick_cache,1,25.922147
string24,sip,128,iter-density-quarter,lru,1,19.742920
string24,sip,128,iter-density-quarter,hashlink,1,19.409938
string24,sip,128,iter-density-quarter,micro,1,24.395004
string24,sip,128,iter-density-quarter,quick_cache,2,26.167405
string24,sip,128,iter-density-quarter,lru,2,19.854981
string24,sip,128,iter-density-quarter,hashlink,2,19.307622
string24,sip,128,iter-density-quarter,micro,2,24.035303
string24,sip,128,iter-density-quarter,baseline,2,51.155619
string24,sip,128,iter-density-quarter,lru,3,19.665341
string24,sip,128,iter-density-quarter,hashlink,3,19.052860
string24,sip,128,iter-density-quarter,micro,3,24.327071
string24,sip,128,iter-density-quarter,baseline,3,52.347955
string24,sip,128,iter-density-quarter,quick_cache,3,26.146603
string24,sip,128,iter-density-quarter,hashlink,4,19.261895
string24,sip,128,iter-density-quarter,micro,4,24.081183
string24,sip,128,iter-density-quarter,baseline,4,51.358844
string24,sip,128,iter-density-quarter,quick_cache,4,25.579809
string24,sip,128,iter-density-quarter,lru,4,19.400579
string24,sip,128,iter-density-half,micro,0,23.317039
string24,sip,128,iter-density-half,baseline,0,65.633572
string24,sip,128,iter-density-half,quick_cache,0,24.841017
string24,sip,128,iter-density-half,lru,0,69.109248
string24,sip,128,iter-density-half,hashlink,0,49.040599
string24,sip,128,iter-density-half,baseline,1,62.204700
string24,sip,128,iter-density-half,quick_cache,1,24.597488
string24,sip,128,iter-density-half,lru,1,49.805546
string24,sip,128,iter-density-half,hashlink,1,49.632891
string24,sip,128,iter-density-half,micro,1,23.616908
string24,sip,128,iter-density-half,quick_cache,2,25.126859
string24,sip,128,iter-density-half,lru,2,52.917343
string24,sip,128,iter-density-half,hashlink,2,53.718034
string24,sip,128,iter-density-half,micro,2,23.484469
string24,sip,128,iter-density-half,baseline,2,65.259112
string24,sip,128,iter-density-half,lru,3,51.056971
string24,sip,128,iter-density-half,hashlink,3,50.717871
string24,sip,128,iter-density-half,micro,3,23.319300
string24,sip,128,iter-density-half,baseline,3,65.409257
string24,sip,128,iter-density-half,quick_cache,3,25.059711
string24,sip,128,iter-density-half,hashlink,4,52.551184
string24,sip,128,iter-density-half,micro,4,23.576652
string24,sip,128,iter-density-half,baseline,4,65.268158
string24,sip,128,iter-density-half,quick_cache,4,24.982098
string24,sip,128,iter-density-half,lru,4,52.036366
string24,sip,128,iter-front,micro,0,1.192687
string24,sip,128,iter-front,baseline,0,37.992036
string24,sip,128,iter-front,quick_cache,0,26.786830
string24,sip,128,iter-front,lru,0,1.197899
string24,sip,128,iter-front,hashlink,0,1.178845
string24,sip,128,iter-front,baseline,1,37.877158
string24,sip,128,iter-front,quick_cache,1,26.919071
string24,sip,128,iter-front,lru,1,1.202447
string24,sip,128,iter-front,hashlink,1,1.198650
string24,sip,128,iter-front,micro,1,1.190340
string24,sip,128,iter-front,quick_cache,2,27.124539
string24,sip,128,iter-front,lru,2,1.219132
string24,sip,128,iter-front,hashlink,2,1.229573
string24,sip,128,iter-front,micro,2,1.217817
string24,sip,128,iter-front,baseline,2,38.399724
string24,sip,128,iter-front,lru,3,1.198282
string24,sip,128,iter-front,hashlink,3,1.214268
string24,sip,128,iter-front,micro,3,1.209958
string24,sip,128,iter-front,baseline,3,37.969699
string24,sip,128,iter-front,quick_cache,3,26.976275
string24,sip,128,iter-front,hashlink,4,1.220258
string24,sip,128,iter-front,micro,4,1.216064
string24,sip,128,iter-front,baseline,4,38.170063
string24,sip,128,iter-front,quick_cache,4,27.138350
string24,sip,128,iter-front,lru,4,1.203420
string24,sip,128,iter-back,micro,0,1.182682
string24,sip,128,iter-back,baseline,0,38.977530
string24,sip,128,iter-back,quick_cache,0,26.125470
string24,sip,128,iter-back,lru,0,1.186213
string24,sip,128,iter-back,hashlink,0,1.175873
string24,sip,128,iter-back,baseline,1,38.875181
string24,sip,128,iter-back,quick_cache,1,26.230699
string24,sip,128,iter-back,lru,1,1.189479
string24,sip,128,iter-back,hashlink,1,1.204378
string24,sip,128,iter-back,micro,1,1.182667
string24,sip,128,iter-back,quick_cache,2,26.093854
string24,sip,128,iter-back,lru,2,1.177527
string24,sip,128,iter-back,hashlink,2,1.224898
string24,sip,128,iter-back,micro,2,1.197471
string24,sip,128,iter-back,baseline,2,39.504568
string24,sip,128,iter-back,lru,3,1.224002
string24,sip,128,iter-back,hashlink,3,1.234105
string24,sip,128,iter-back,micro,3,1.178474
string24,sip,128,iter-back,baseline,3,38.941912
string24,sip,128,iter-back,quick_cache,3,26.360135
string24,sip,128,iter-back,hashlink,4,1.220576
string24,sip,128,iter-back,micro,4,1.180612
string24,sip,128,iter-back,baseline,4,39.348261
string24,sip,128,iter-back,quick_cache,4,26.996581
string24,sip,128,iter-back,lru,4,1.214001
string24,sip,128,iter-empty,micro,0,0.795854
string24,sip,128,iter-empty,baseline,0,38.718969
string24,sip,128,iter-empty,quick_cache,0,22.700076
string24,sip,128,iter-empty,lru,0,0.977397
string24,sip,128,iter-empty,hashlink,0,0.996355
string24,sip,128,iter-empty,baseline,1,38.220635
string24,sip,128,iter-empty,quick_cache,1,22.880506
string24,sip,128,iter-empty,lru,1,0.978315
string24,sip,128,iter-empty,hashlink,1,0.991654
string24,sip,128,iter-empty,micro,1,0.814085
string24,sip,128,iter-empty,quick_cache,2,22.662293
string24,sip,128,iter-empty,lru,2,0.985266
string24,sip,128,iter-empty,hashlink,2,0.989707
string24,sip,128,iter-empty,micro,2,0.781628
string24,sip,128,iter-empty,baseline,2,38.167417
string24,sip,128,iter-empty,lru,3,0.992116
string24,sip,128,iter-empty,hashlink,3,1.007999
string24,sip,128,iter-empty,micro,3,0.799662
string24,sip,128,iter-empty,baseline,3,38.460059
string24,sip,128,iter-empty,quick_cache,3,22.637456
string24,sip,128,iter-empty,hashlink,4,0.990826
string24,sip,128,iter-empty,micro,4,0.778376
string24,sip,128,iter-empty,baseline,4,38.573478
string24,sip,128,iter-empty,quick_cache,4,22.595806
string24,sip,128,iter-empty,lru,4,0.981603
string24,sip,128,iter-count,micro,0,0.404457
string24,sip,128,iter-count,baseline,0,38.029050
string24,sip,128,iter-count,quick_cache,0,55.888058
string24,sip,128,iter-count,lru,0,0.402291
string24,sip,128,iter-count,hashlink,0,0.398394
string24,sip,128,iter-count,baseline,1,37.539412
string24,sip,128,iter-count,quick_cache,1,55.757405
string24,sip,128,iter-count,lru,1,0.404846
string24,sip,128,iter-count,hashlink,1,0.404947
string24,sip,128,iter-count,micro,1,0.403233
string24,sip,128,iter-count,quick_cache,2,55.640144
string24,sip,128,iter-count,lru,2,0.399717
string24,sip,128,iter-count,hashlink,2,0.399192
string24,sip,128,iter-count,micro,2,0.399712
string24,sip,128,iter-count,baseline,2,37.564278
string24,sip,128,iter-count,lru,3,0.404539
string24,sip,128,iter-count,hashlink,3,0.403733
string24,sip,128,iter-count,micro,3,0.405878
string24,sip,128,iter-count,baseline,3,37.987965
string24,sip,128,iter-count,quick_cache,3,57.103610
string24,sip,128,iter-count,hashlink,4,0.402027
string24,sip,128,iter-count,micro,4,0.399764
string24,sip,128,iter-count,baseline,4,37.560096
string24,sip,128,iter-count,quick_cache,4,55.652492
string24,sip,128,iter-count,lru,4,0.399846
string24,sip,1024,get-hit,micro,0,11.599064
string24,sip,1024,get-hit,baseline,0,11.902840
string24,sip,1024,get-hit,quick_cache,0,12.027371
string24,sip,1024,get-hit,lru,0,13.081518
string24,sip,1024,get-hit,hashlink,0,11.979791
string24,sip,1024,get-hit,baseline,1,11.994554
string24,sip,1024,get-hit,quick_cache,1,12.110064
string24,sip,1024,get-hit,lru,1,12.883680
string24,sip,1024,get-hit,hashlink,1,12.454224
string24,sip,1024,get-hit,micro,1,11.605740
string24,sip,1024,get-hit,quick_cache,2,11.793774
string24,sip,1024,get-hit,lru,2,12.878944
string24,sip,1024,get-hit,hashlink,2,12.367757
string24,sip,1024,get-hit,micro,2,11.558056
string24,sip,1024,get-hit,baseline,2,11.631012
string24,sip,1024,get-hit,lru,3,12.874032
string24,sip,1024,get-hit,hashlink,3,12.531706
string24,sip,1024,get-hit,micro,3,11.742275
string24,sip,1024,get-hit,baseline,3,11.913834
string24,sip,1024,get-hit,quick_cache,3,11.892996
string24,sip,1024,get-hit,hashlink,4,12.656148
string24,sip,1024,get-hit,micro,4,11.544228
string24,sip,1024,get-hit,baseline,4,11.705559
string24,sip,1024,get-hit,quick_cache,4,11.717159
string24,sip,1024,get-hit,lru,4,12.975935
string24,sip,1024,get-miss,micro,0,7.964756
string24,sip,1024,get-miss,baseline,0,7.961948
string24,sip,1024,get-miss,quick_cache,0,8.085831
string24,sip,1024,get-miss,lru,0,8.197249
string24,sip,1024,get-miss,hashlink,0,7.797241
string24,sip,1024,get-miss,baseline,1,7.920070
string24,sip,1024,get-miss,quick_cache,1,8.060953
string24,sip,1024,get-miss,lru,1,8.175773
string24,sip,1024,get-miss,hashlink,1,7.769053
string24,sip,1024,get-miss,micro,1,7.856438
string24,sip,1024,get-miss,quick_cache,2,8.020041
string24,sip,1024,get-miss,lru,2,8.089921
string24,sip,1024,get-miss,hashlink,2,7.792805
string24,sip,1024,get-miss,micro,2,7.868559
string24,sip,1024,get-miss,baseline,2,7.901455
string24,sip,1024,get-miss,lru,3,8.107504
string24,sip,1024,get-miss,hashlink,3,7.788129
string24,sip,1024,get-miss,micro,3,7.961662
string24,sip,1024,get-miss,baseline,3,8.027670
string24,sip,1024,get-miss,quick_cache,3,8.102749
string24,sip,1024,get-miss,hashlink,4,7.920070
string24,sip,1024,get-miss,micro,4,8.005777
string24,sip,1024,get-miss,baseline,4,8.116349
string24,sip,1024,get-miss,quick_cache,4,8.084061
string24,sip,1024,get-miss,lru,4,8.186963
string24,sip,1024,update,micro,0,25.540503
string24,sip,1024,update,baseline,0,25.119019
string24,sip,1024,update,quick_cache,0,41.518026
string24,sip,1024,update,lru,0,27.991891
string24,sip,1024,update,hashlink,0,26.876535
string24,sip,1024,update,baseline,1,24.565299
string24,sip,1024,update,quick_cache,1,40.865858
string24,sip,1024,update,lru,1,27.702698
string24,sip,1024,update,hashlink,1,26.961557
string24,sip,1024,update,micro,1,25.681559
string24,sip,1024,update,quick_cache,2,40.961372
string24,sip,1024,update,lru,2,27.498160
string24,sip,1024,update,hashlink,2,26.619315
string24,sip,1024,update,micro,2,24.944385
string24,sip,1024,update,baseline,2,24.676172
string24,sip,1024,update,lru,3,27.284528
string24,sip,1024,update,hashlink,3,26.949934
string24,sip,1024,update,micro,3,25.268896
string24,sip,1024,update,baseline,3,25.173275
string24,sip,1024,update,quick_cache,3,41.677409
string24,sip,1024,update,hashlink,4,26.637852
string24,sip,1024,update,micro,4,25.082739
string24,sip,1024,update,baseline,4,24.925399
string24,sip,1024,update,quick_cache,4,40.743232
string24,sip,1024,update,lru,4,27.934483
string24,sip,1024,insert-cycle,micro,0,52.439383
string24,sip,1024,insert-cycle,baseline,0,53.132568
string24,sip,1024,insert-cycle,quick_cache,0,34.597951
string24,sip,1024,insert-cycle,lru,0,72.266578
string24,sip,1024,insert-cycle,hashlink,0,68.001487
string24,sip,1024,insert-cycle,baseline,1,51.343194
string24,sip,1024,insert-cycle,quick_cache,1,33.776489
string24,sip,1024,insert-cycle,lru,1,70.631255
string24,sip,1024,insert-cycle,hashlink,1,68.366788
string24,sip,1024,insert-cycle,micro,1,51.208496
string24,sip,1024,insert-cycle,quick_cache,2,34.022938
string24,sip,1024,insert-cycle,lru,2,70.468494
string24,sip,1024,insert-cycle,hashlink,2,69.685502
string24,sip,1024,insert-cycle,micro,2,51.481395
string24,sip,1024,insert-cycle,baseline,2,51.606277
string24,sip,1024,insert-cycle,lru,3,70.377395
string24,sip,1024,insert-cycle,hashlink,3,68.311279
string24,sip,1024,insert-cycle,micro,3,52.491699
string24,sip,1024,insert-cycle,baseline,3,52.451730
string24,sip,1024,insert-cycle,quick_cache,3,34.573821
string24,sip,1024,insert-cycle,hashlink,4,68.572066
string24,sip,1024,insert-cycle,micro,4,50.693545
string24,sip,1024,insert-cycle,baseline,4,51.555058
string24,sip,1024,insert-cycle,quick_cache,4,33.797286
string24,sip,1024,insert-cycle,lru,4,70.592494
string24,sip,1024,mixed-95,micro,0,18.215040
string24,sip,1024,mixed-95,baseline,0,18.013477
string24,sip,1024,mixed-95,quick_cache,0,21.230141
string24,sip,1024,mixed-95,lru,0,20.803849
string24,sip,1024,mixed-95,hashlink,0,20.244777
string24,sip,1024,mixed-95,baseline,1,18.438379
string24,sip,1024,mixed-95,quick_cache,1,21.291236
string24,sip,1024,mixed-95,lru,1,21.096011
string24,sip,1024,mixed-95,hashlink,1,20.139416
string24,sip,1024,mixed-95,micro,1,18.410087
string24,sip,1024,mixed-95,quick_cache,2,20.848791
string24,sip,1024,mixed-95,lru,2,19.781073
string24,sip,1024,mixed-95,hashlink,2,19.991497
string24,sip,1024,mixed-95,micro,2,17.974019
string24,sip,1024,mixed-95,baseline,2,17.892957
string24,sip,1024,mixed-95,lru,3,19.973139
string24,sip,1024,mixed-95,hashlink,3,19.892037
string24,sip,1024,mixed-95,micro,3,18.063088
string24,sip,1024,mixed-95,baseline,3,17.988702
string24,sip,1024,mixed-95,quick_cache,3,21.397412
string24,sip,1024,mixed-95,hashlink,4,19.882421
string24,sip,1024,mixed-95,micro,4,18.125852
string24,sip,1024,mixed-95,baseline,4,18.651147
string24,sip,1024,mixed-95,quick_cache,4,21.486700
string24,sip,1024,mixed-95,lru,4,20.568808
string24,sip,1024,load-hit,micro,0,15.581131
string24,sip,1024,load-hit,baseline,0,25.570679
string24,sip,1024,load-hit,quick_cache,0,16.269627
string24,sip,1024,load-hit,lru,0,19.738712
string24,sip,1024,load-hit,hashlink,0,12.748981
string24,sip,1024,load-hit,baseline,1,25.882975
string24,sip,1024,load-hit,quick_cache,1,16.013327
string24,sip,1024,load-hit,lru,1,17.060713
string24,sip,1024,load-hit,hashlink,1,12.839132
string24,sip,1024,load-hit,micro,1,15.839259
string24,sip,1024,load-hit,quick_cache,2,16.213681
string24,sip,1024,load-hit,lru,2,16.799461
string24,sip,1024,load-hit,hashlink,2,12.790199
string24,sip,1024,load-hit,micro,2,15.533869
string24,sip,1024,load-hit,baseline,2,25.507951
string24,sip,1024,load-hit,lru,3,17.470104
string24,sip,1024,load-hit,hashlink,3,12.879647
string24,sip,1024,load-hit,micro,3,15.569687
string24,sip,1024,load-hit,baseline,3,25.517098
string24,sip,1024,load-hit,quick_cache,3,15.918096
string24,sip,1024,load-hit,hashlink,4,12.862982
string24,sip,1024,load-hit,micro,4,16.005366
string24,sip,1024,load-hit,baseline,4,25.485905
string24,sip,1024,load-hit,quick_cache,4,15.720581
string24,sip,1024,load-hit,lru,4,16.599572
string24,sip,1024,load-cycle,micro,0,54.026280
string24,sip,1024,load-cycle,baseline,0,54.289641
string24,sip,1024,load-cycle,quick_cache,0,28.413818
string24,sip,1024,load-cycle,lru,0,75.363159
string24,sip,1024,load-cycle,hashlink,0,78.583316
string24,sip,1024,load-cycle,baseline,1,54.173061
string24,sip,1024,load-cycle,quick_cache,1,27.908424
string24,sip,1024,load-cycle,lru,1,75.002051
string24,sip,1024,load-cycle,hashlink,1,77.326198
string24,sip,1024,load-cycle,micro,1,53.527832
string24,sip,1024,load-cycle,quick_cache,2,28.798617
string24,sip,1024,load-cycle,lru,2,73.506665
string24,sip,1024,load-cycle,hashlink,2,77.361534
string24,sip,1024,load-cycle,micro,2,53.046090
string24,sip,1024,load-cycle,baseline,2,54.320530
string24,sip,1024,load-cycle,lru,3,74.743652
string24,sip,1024,load-cycle,hashlink,3,77.441843
string24,sip,1024,load-cycle,micro,3,52.692958
string24,sip,1024,load-cycle,baseline,3,53.174700
string24,sip,1024,load-cycle,quick_cache,3,27.389721
string24,sip,1024,load-cycle,hashlink,4,76.516724
string24,sip,1024,load-cycle,micro,4,52.602121
string24,sip,1024,load-cycle,baseline,4,53.670253
string24,sip,1024,load-cycle,quick_cache,4,28.031259
string24,sip,1024,load-cycle,lru,4,74.618530
string24,sip,1024,clear-refill,micro,0,26588.495575
string24,sip,1024,clear-refill,baseline,0,26607.300885
string24,sip,1024,clear-refill,quick_cache,0,27962.583333
string24,sip,1024,clear-refill,lru,0,71219.976744
string24,sip,1024,clear-refill,hashlink,0,44688.720588
string24,sip,1024,clear-refill,baseline,1,26268.478261
string24,sip,1024,clear-refill,quick_cache,1,28048.289720
string24,sip,1024,clear-refill,lru,1,71470.238095
string24,sip,1024,clear-refill,hashlink,1,45883.212121
string24,sip,1024,clear-refill,micro,1,26843.750000
string24,sip,1024,clear-refill,quick_cache,2,27481.054545
string24,sip,1024,clear-refill,lru,2,71068.813953
string24,sip,1024,clear-refill,hashlink,2,45788.500000
string24,sip,1024,clear-refill,micro,2,26588.132743
string24,sip,1024,clear-refill,baseline,2,27015.991071
string24,sip,1024,clear-refill,lru,3,70684.116279
string24,sip,1024,clear-refill,hashlink,3,45264.298507
string24,sip,1024,clear-refill,micro,3,26279.347826
string24,sip,1024,clear-refill,baseline,3,26116.304348
string24,sip,1024,clear-refill,quick_cache,3,28123.831776
string24,sip,1024,clear-refill,hashlink,4,45259.940299
string24,sip,1024,clear-refill,micro,4,26540.570175
string24,sip,1024,clear-refill,baseline,4,26960.196429
string24,sip,1024,clear-refill,quick_cache,4,27700.302752
string24,sip,1024,clear-refill,lru,4,69785.837209
string24,sip,1024,clear-empty,micro,0,0.370231
string24,sip,1024,clear-empty,baseline,0,47.203800
string24,sip,1024,clear-empty,quick_cache,0,3.965606
string24,sip,1024,clear-empty,lru,0,2.242276
string24,sip,1024,clear-empty,hashlink,0,0.641860
string24,sip,1024,clear-empty,baseline,1,47.709318
string24,sip,1024,clear-empty,quick_cache,1,3.965000
string24,sip,1024,clear-empty,lru,1,2.252338
string24,sip,1024,clear-empty,hashlink,1,0.615174
string24,sip,1024,clear-empty,micro,1,0.372924
string24,sip,1024,clear-empty,quick_cache,2,4.008004
string24,sip,1024,clear-empty,lru,2,2.237381
string24,sip,1024,clear-empty,hashlink,2,0.606663
string24,sip,1024,clear-empty,micro,2,0.366841
string24,sip,1024,clear-empty,baseline,2,47.100511
string24,sip,1024,clear-empty,lru,3,2.225001
string24,sip,1024,clear-empty,hashlink,3,0.643843
string24,sip,1024,clear-empty,micro,3,0.373321
string24,sip,1024,clear-empty,baseline,3,47.483869
string24,sip,1024,clear-empty,quick_cache,3,4.031610
string24,sip,1024,clear-empty,hashlink,4,0.645919
string24,sip,1024,clear-empty,micro,4,0.374926
string24,sip,1024,clear-empty,baseline,4,47.032547
string24,sip,1024,clear-empty,quick_cache,4,3.980996
string24,sip,1024,clear-empty,lru,4,2.210527
string24,sip,1024,iter-dense,micro,0,181.553735
string24,sip,1024,iter-dense,baseline,0,279.874067
string24,sip,1024,iter-dense,quick_cache,0,253.930828
string24,sip,1024,iter-dense,lru,0,1369.791667
string24,sip,1024,iter-dense,hashlink,0,1375.207428
string24,sip,1024,iter-dense,baseline,1,279.986754
string24,sip,1024,iter-dense,quick_cache,1,261.606372
string24,sip,1024,iter-dense,lru,1,1371.357790
string24,sip,1024,iter-dense,hashlink,1,1346.354464
string24,sip,1024,iter-dense,micro,1,181.814741
string24,sip,1024,iter-dense,quick_cache,2,257.420120
string24,sip,1024,iter-dense,lru,2,1385.321232
string24,sip,1024,iter-dense,hashlink,2,1341.462054
string24,sip,1024,iter-dense,micro,2,180.696050
string24,sip,1024,iter-dense,baseline,2,278.220883
string24,sip,1024,iter-dense,lru,3,1348.455804
string24,sip,1024,iter-dense,hashlink,3,1352.213393
string24,sip,1024,iter-dense,micro,3,182.342233
string24,sip,1024,iter-dense,baseline,3,278.141180
string24,sip,1024,iter-dense,quick_cache,3,248.908571
string24,sip,1024,iter-dense,hashlink,4,1351.004464
string24,sip,1024,iter-dense,micro,4,179.832196
string24,sip,1024,iter-dense,baseline,4,281.789602
string24,sip,1024,iter-dense,quick_cache,4,257.512842
string24,sip,1024,iter-dense,lru,4,1369.037138
string24,sip,1024,iter-dense-for,micro,0,279.285249
string24,sip,1024,iter-dense-for,baseline,0,282.630459
string24,sip,1024,iter-dense-for,quick_cache,0,520.365677
string24,sip,1024,iter-dense-for,lru,0,795.683263
string24,sip,1024,iter-dense-for,hashlink,0,957.123106
string24,sip,1024,iter-dense-for,baseline,1,276.721515
string24,sip,1024,iter-dense-for,quick_cache,1,265.319650
string24,sip,1024,iter-dense-for,lru,1,807.080128
string24,sip,1024,iter-dense-for,hashlink,1,956.951531
string24,sip,1024,iter-dense-for,micro,1,279.184524
string24,sip,1024,iter-dense-for,quick_cache,2,268.463482
string24,sip,1024,iter-dense-for,lru,2,808.092949
string24,sip,1024,iter-dense-for,hashlink,2,975.166559
string24,sip,1024,iter-dense-for,micro,2,278.402448
string24,sip,1024,iter-dense-for,baseline,2,278.152737
string24,sip,1024,iter-dense-for,lru,3,790.845851
string24,sip,1024,iter-dense-for,hashlink,3,933.735458
string24,sip,1024,iter-dense-for,micro,3,275.659824
string24,sip,1024,iter-dense-for,baseline,3,276.252298
string24,sip,1024,iter-dense-for,quick_cache,3,265.073270
string24,sip,1024,iter-dense-for,hashlink,4,982.001302
string24,sip,1024,iter-dense-for,micro,4,299.031250
string24,sip,1024,iter-dense-for,baseline,4,279.502232
string24,sip,1024,iter-dense-for,quick_cache,4,265.463189
string24,sip,1024,iter-dense-for,lru,4,752.989500
string24,sip,1024,iter-density-1pct,micro,0,7.216934
string24,sip,1024,iter-density-1pct,baseline,0,336.067634
string24,sip,1024,iter-density-1pct,quick_cache,0,172.714261
string24,sip,1024,iter-density-1pct,lru,0,4.368043
string24,sip,1024,iter-density-1pct,hashlink,0,4.188692
string24,sip,1024,iter-density-1pct,baseline,1,361.343149
string24,sip,1024,iter-density-1pct,quick_cache,1,180.946893
string24,sip,1024,iter-density-1pct,lru,1,4.426555
string24,sip,1024,iter-density-1pct,hashlink,1,4.268468
string24,sip,1024,iter-density-1pct,micro,1,7.416066
string24,sip,1024,iter-density-1pct,quick_cache,2,181.563769
string24,sip,1024,iter-density-1pct,lru,2,4.370691
string24,sip,1024,iter-density-1pct,hashlink,2,4.262839
string24,sip,1024,iter-density-1pct,micro,2,7.405213
string24,sip,1024,iter-density-1pct,baseline,2,366.017145
string24,sip,1024,iter-density-1pct,lru,3,4.474851
string24,sip,1024,iter-density-1pct,hashlink,3,4.232682
string24,sip,1024,iter-density-1pct,micro,3,7.416930
string24,sip,1024,iter-density-1pct,baseline,3,363.321549
string24,sip,1024,iter-density-1pct,quick_cache,3,180.819003
string24,sip,1024,iter-density-1pct,hashlink,4,4.243041
string24,sip,1024,iter-density-1pct,micro,4,7.434090
string24,sip,1024,iter-density-1pct,baseline,4,369.786540
string24,sip,1024,iter-density-1pct,quick_cache,4,180.924374
string24,sip,1024,iter-density-1pct,lru,4,4.335722
string24,sip,1024,iter-density-6pct,micro,0,188.598143
string24,sip,1024,iter-density-6pct,baseline,0,310.411510
string24,sip,1024,iter-density-6pct,quick_cache,0,197.979892
string24,sip,1024,iter-density-6pct,lru,0,53.682796
string24,sip,1024,iter-density-6pct,hashlink,0,53.661023
string24,sip,1024,iter-density-6pct,baseline,1,311.146213
string24,sip,1024,iter-density-6pct,quick_cache,1,198.835275
string24,sip,1024,iter-density-6pct,lru,1,53.593750
string24,sip,1024,iter-density-6pct,hashlink,1,53.530340
string24,sip,1024,iter-density-6pct,micro,1,191.239180
string24,sip,1024,iter-density-6pct,quick_cache,2,198.291028
string24,sip,1024,iter-density-6pct,lru,2,54.613934
string24,sip,1024,iter-density-6pct,hashlink,2,53.105252
string24,sip,1024,iter-density-6pct,micro,2,190.847815
string24,sip,1024,iter-density-6pct,baseline,2,310.990998
string24,sip,1024,iter-density-6pct,lru,3,54.337449
string24,sip,1024,iter-density-6pct,hashlink,3,55.911934
string24,sip,1024,iter-density-6pct,micro,3,193.677513
string24,sip,1024,iter-density-6pct,baseline,3,312.158326
string24,sip,1024,iter-density-6pct,quick_cache,3,236.040201
string24,sip,1024,iter-density-6pct,hashlink,4,52.939123
string24,sip,1024,iter-density-6pct,micro,4,190.802846
string24,sip,1024,iter-density-6pct,baseline,4,297.155162
string24,sip,1024,iter-density-6pct,quick_cache,4,217.227865
string24,sip,1024,iter-density-6pct,lru,4,54.392945
string24,sip,1024,iter-density-quarter,micro,0,192.660164
string24,sip,1024,iter-density-quarter,baseline,0,388.612732
string24,sip,1024,iter-density-quarter,quick_cache,0,199.185576
string24,sip,1024,iter-density-quarter,lru,0,319.825361
string24,sip,1024,iter-density-quarter,hashlink,0,315.335780
string24,sip,1024,iter-density-quarter,baseline,1,386.070345
string24,sip,1024,iter-density-quarter,quick_cache,1,197.847969
string24,sip,1024,iter-density-quarter,lru,1,298.197718
string24,sip,1024,iter-density-quarter,hashlink,1,299.288416
string24,sip,1024,iter-density-quarter,micro,1,193.357990
string24,sip,1024,iter-density-quarter,quick_cache,2,200.576456
string24,sip,1024,iter-density-quarter,lru,2,314.598976
string24,sip,1024,iter-density-quarter,hashlink,2,296.587441
string24,sip,1024,iter-density-quarter,micro,2,188.778546
string24,sip,1024,iter-density-quarter,baseline,2,383.407781
string24,sip,1024,iter-density-quarter,lru,3,323.473491
string24,sip,1024,iter-density-quarter,hashlink,3,316.450126
string24,sip,1024,iter-density-quarter,micro,3,192.649512
string24,sip,1024,iter-density-quarter,baseline,3,384.536117
string24,sip,1024,iter-density-quarter,quick_cache,3,198.293803
string24,sip,1024,iter-density-quarter,hashlink,4,310.390058
string24,sip,1024,iter-density-quarter,micro,4,194.631743
string24,sip,1024,iter-density-quarter,baseline,4,394.383535
string24,sip,1024,iter-density-quarter,quick_cache,4,167.959414
string24,sip,1024,iter-density-quarter,lru,4,304.333536
string24,sip,1024,iter-density-half,micro,0,187.781250
string24,sip,1024,iter-density-half,baseline,0,527.431531
string24,sip,1024,iter-density-half,quick_cache,0,201.822917
string24,sip,1024,iter-density-half,lru,0,639.296344
string24,sip,1024,iter-density-half,hashlink,0,623.120240
string24,sip,1024,iter-density-half,baseline,1,510.077106
string24,sip,1024,iter-density-half,quick_cache,1,199.074973
string24,sip,1024,iter-density-half,lru,1,682.404891
string24,sip,1024,iter-density-half,hashlink,1,671.661161
string24,sip,1024,iter-density-half,micro,1,186.394632
string24,sip,1024,iter-density-half,quick_cache,2,201.957325
string24,sip,1024,iter-density-half,lru,2,662.164393
string24,sip,1024,iter-density-half,hashlink,2,662.237896
string24,sip,1024,iter-density-half,micro,2,188.307919
string24,sip,1024,iter-density-half,baseline,2,520.682320
string24,sip,1024,iter-density-half,lru,3,668.199690
string24,sip,1024,iter-density-half,hashlink,3,670.489286
string24,sip,1024,iter-density-half,micro,3,185.870483
string24,sip,1024,iter-density-half,baseline,3,521.122743
string24,sip,1024,iter-density-half,quick_cache,3,200.087753
string24,sip,1024,iter-density-half,hashlink,4,675.959083
string24,sip,1024,iter-density-half,micro,4,190.728786
string24,sip,1024,iter-density-half,baseline,4,518.243612
string24,sip,1024,iter-density-half,quick_cache,4,201.476462
string24,sip,1024,iter-density-half,lru,4,676.727518
string24,sip,1024,iter-front,micro,0,1.225314
string24,sip,1024,iter-front,baseline,0,271.844837
string24,sip,1024,iter-front,quick_cache,0,169.092511
string24,sip,1024,iter-front,lru,0,1.228059
string24,sip,1024,iter-front,hashlink,0,1.176847
string24,sip,1024,iter-front,baseline,1,270.319254
string24,sip,1024,iter-front,quick_cache,1,169.841655
string24,sip,1024,iter-front,lru,1,1.218007
string24,sip,1024,iter-front,hashlink,1,1.189691
string24,sip,1024,iter-front,micro,1,1.215417
string24,sip,1024,iter-front,quick_cache,2,167.749776
string24,sip,1024,iter-front,lru,2,1.237101
string24,sip,1024,iter-front,hashlink,2,1.189766
string24,sip,1024,iter-front,micro,2,1.210677
string24,sip,1024,iter-front,baseline,2,271.251084
string24,sip,1024,iter-front,lru,3,1.226324
string24,sip,1024,iter-front,hashlink,3,1.186844
string24,sip,1024,iter-front,micro,3,1.219766
string24,sip,1024,iter-front,baseline,3,267.950089
string24,sip,1024,iter-front,quick_cache,3,199.061173
string24,sip,1024,iter-front,hashlink,4,1.232158
string24,sip,1024,iter-front,micro,4,1.203945
string24,sip,1024,iter-front,baseline,4,269.703394
string24,sip,1024,iter-front,quick_cache,4,199.000861
string24,sip,1024,iter-front,lru,4,1.198818
string24,sip,1024,iter-back,micro,0,1.183667
string24,sip,1024,iter-back,baseline,0,269.927802
string24,sip,1024,iter-back,quick_cache,0,199.973881
string24,sip,1024,iter-back,lru,0,1.209958
string24,sip,1024,iter-back,hashlink,0,1.154031
string24,sip,1024,iter-back,baseline,1,270.152299
string24,sip,1024,iter-back,quick_cache,1,199.204883
string24,sip,1024,iter-back,lru,1,1.216048
string24,sip,1024,iter-back,hashlink,1,1.159784
string24,sip,1024,iter-back,micro,1,1.654752
string24,sip,1024,iter-back,quick_cache,2,168.760286
string24,sip,1024,iter-back,lru,2,1.263579
string24,sip,1024,iter-back,hashlink,2,1.192778
string24,sip,1024,iter-back,micro,2,1.213749
string24,sip,1024,iter-back,baseline,2,277.159384
string24,sip,1024,iter-back,lru,3,1.219290
string24,sip,1024,iter-back,hashlink,3,1.165219
string24,sip,1024,iter-back,micro,3,1.208041
string24,sip,1024,iter-back,baseline,3,272.229801
string24,sip,1024,iter-back,quick_cache,3,170.684148
string24,sip,1024,iter-back,hashlink,4,1.169492
string24,sip,1024,iter-back,micro,4,1.207729
string24,sip,1024,iter-back,baseline,4,270.942183
string24,sip,1024,iter-back,quick_cache,4,168.757981
string24,sip,1024,iter-back,lru,4,1.231252
string24,sip,1024,iter-empty,micro,0,0.829881
string24,sip,1024,iter-empty,baseline,0,267.847044
string24,sip,1024,iter-empty,quick_cache,0,168.708802
string24,sip,1024,iter-empty,lru,0,1.014424
string24,sip,1024,iter-empty,hashlink,0,1.023561
string24,sip,1024,iter-empty,baseline,1,267.832265
string24,sip,1024,iter-empty,quick_cache,1,170.563466
string24,sip,1024,iter-empty,lru,1,0.999893
string24,sip,1024,iter-empty,hashlink,1,1.004608
string24,sip,1024,iter-empty,micro,1,0.806819
string24,sip,1024,iter-empty,quick_cache,2,165.516149
string24,sip,1024,iter-empty,lru,2,1.003393
string24,sip,1024,iter-empty,hashlink,2,1.000811
string24,sip,1024,iter-empty,micro,2,0.787822
string24,sip,1024,iter-empty,baseline,2,269.793193
string24,sip,1024,iter-empty,lru,3,1.006993
string24,sip,1024,iter-empty,hashlink,3,1.016525
string24,sip,1024,iter-empty,micro,3,0.793590
string24,sip,1024,iter-empty,baseline,3,267.216435
string24,sip,1024,iter-empty,quick_cache,3,165.227058
string24,sip,1024,iter-empty,hashlink,4,1.001827
string24,sip,1024,iter-empty,micro,4,0.784046
string24,sip,1024,iter-empty,baseline,4,272.014674
string24,sip,1024,iter-empty,quick_cache,4,168.436266
string24,sip,1024,iter-empty,lru,4,1.014720
string24,sip,1024,iter-count,micro,0,0.398991
string24,sip,1024,iter-count,baseline,0,262.789323
string24,sip,1024,iter-count,quick_cache,0,494.269368
string24,sip,1024,iter-count,lru,0,0.396802
string24,sip,1024,iter-count,hashlink,0,0.408433
string24,sip,1024,iter-count,baseline,1,267.999822
string24,sip,1024,iter-count,quick_cache,1,497.958659
string24,sip,1024,iter-count,lru,1,0.405462
string24,sip,1024,iter-count,hashlink,1,0.406780
string24,sip,1024,iter-count,micro,1,0.405106
string24,sip,1024,iter-count,quick_cache,2,493.849121
string24,sip,1024,iter-count,lru,2,0.400701
string24,sip,1024,iter-count,hashlink,2,0.399126
string24,sip,1024,iter-count,micro,2,0.405185
string24,sip,1024,iter-count,baseline,2,265.386285
string24,sip,1024,iter-count,lru,3,0.400710
string24,sip,1024,iter-count,hashlink,3,0.398115
string24,sip,1024,iter-count,micro,3,0.401897
string24,sip,1024,iter-count,baseline,3,263.870747
string24,sip,1024,iter-count,quick_cache,3,503.058431
string24,sip,1024,iter-count,hashlink,4,0.399644
string24,sip,1024,iter-count,micro,4,0.403725
string24,sip,1024,iter-count,baseline,4,265.418837
string24,sip,1024,iter-count,quick_cache,4,507.351237
string24,sip,1024,iter-count,lru,4,0.405619
string24,sip,16384,get-hit,micro,0,17.493594
string24,sip,16384,get-hit,baseline,0,30.943256
string24,sip,16384,get-hit,quick_cache,0,18.775427
string24,sip,16384,get-hit,lru,0,20.084312
string24,sip,16384,get-hit,hashlink,0,17.662173
string24,sip,16384,get-hit,baseline,1,17.327515
string24,sip,16384,get-hit,quick_cache,1,18.005127
string24,sip,16384,get-hit,lru,1,18.334711
string24,sip,16384,get-hit,hashlink,1,14.992881
string24,sip,16384,get-hit,micro,1,16.052469
string24,sip,16384,get-hit,quick_cache,2,18.135678
string24,sip,16384,get-hit,lru,2,17.507888
string24,sip,16384,get-hit,hashlink,2,15.798141
string24,sip,16384,get-hit,micro,2,16.086298
string24,sip,16384,get-hit,baseline,2,15.976393
string24,sip,16384,get-hit,lru,3,16.701438
string24,sip,16384,get-hit,hashlink,3,15.968654
string24,sip,16384,get-hit,micro,3,16.301694
string24,sip,16384,get-hit,baseline,3,16.161711
string24,sip,16384,get-hit,quick_cache,3,16.652421
string24,sip,16384,get-hit,hashlink,4,15.785645
string24,sip,16384,get-hit,micro,4,15.650645
string24,sip,16384,get-hit,baseline,4,15.975729
string24,sip,16384,get-hit,quick_cache,4,17.058167
string24,sip,16384,get-hit,lru,4,16.354545
string24,sip,16384,get-miss,micro,0,11.273471
string24,sip,16384,get-miss,baseline,0,11.237556
string24,sip,16384,get-miss,quick_cache,0,11.234168
string24,sip,16384,get-miss,lru,0,11.156180
string24,sip,16384,get-miss,hashlink,0,11.005626
string24,sip,16384,get-miss,baseline,1,11.101770
string24,sip,16384,get-miss,quick_cache,1,11.226152
string24,sip,16384,get-miss,lru,1,11.237560
string24,sip,16384,get-miss,hashlink,1,11.041529
string24,sip,16384,get-miss,micro,1,11.099306
string24,sip,16384,get-miss,quick_cache,2,11.005626
string24,sip,16384,get-miss,lru,2,11.177143
string24,sip,16384,get-miss,hashlink,2,11.135372
string24,sip,16384,get-miss,micro,2,11.320172
string24,sip,16384,get-miss,baseline,2,11.039734
string24,sip,16384,get-miss,lru,3,11.045866
string24,sip,16384,get-miss,hashlink,3,10.914673
string24,sip,16384,get-miss,micro,3,11.224920
string24,sip,16384,get-miss,baseline,3,11.249737
string24,sip,16384,get-miss,quick_cache,3,11.059183
string24,sip,16384,get-miss,hashlink,4,11.076237
string24,sip,16384,get-miss,micro,4,11.306300
string24,sip,16384,get-miss,baseline,4,11.185462
string24,sip,16384,get-miss,quick_cache,4,11.191628
string24,sip,16384,get-miss,lru,4,10.968527
string24,sip,16384,update,micro,0,32.825470
string24,sip,16384,update,baseline,0,32.598714
string24,sip,16384,update,quick_cache,0,63.348572
string24,sip,16384,update,lru,0,33.291903
string24,sip,16384,update,hashlink,0,33.974387
string24,sip,16384,update,baseline,1,33.438022
string24,sip,16384,update,quick_cache,1,66.473206
string24,sip,16384,update,lru,1,34.748424
string24,sip,16384,update,hashlink,1,34.473766
string24,sip,16384,update,micro,1,33.331210
string24,sip,16384,update,quick_cache,2,66.596130
string24,sip,16384,update,lru,2,34.962047
string24,sip,16384,update,hashlink,2,34.664273
string24,sip,16384,update,micro,2,33.703891
string24,sip,16384,update,baseline,2,33.456055
string24,sip,16384,update,lru,3,35.139149
string24,sip,16384,update,hashlink,3,34.127896
string24,sip,16384,update,micro,3,33.831510
string24,sip,16384,update,baseline,3,33.238729
string24,sip,16384,update,quick_cache,3,63.955505
string24,sip,16384,update,hashlink,4,35.315774
string24,sip,16384,update,micro,4,33.185323
string24,sip,16384,update,baseline,4,33.379295
string24,sip,16384,update,quick_cache,4,66.652934
string24,sip,16384,update,lru,4,34.011841
string24,sip,16384,insert-cycle,micro,0,55.812836
string24,sip,16384,insert-cycle,baseline,0,55.845901
string24,sip,16384,insert-cycle,quick_cache,0,47.871262
string24,sip,16384,insert-cycle,lru,0,79.263046
string24,sip,16384,insert-cycle,hashlink,0,75.846359
string24,sip,16384,insert-cycle,baseline,1,55.987671
string24,sip,16384,insert-cycle,quick_cache,1,48.623413
string24,sip,16384,insert-cycle,lru,1,76.609940
string24,sip,16384,insert-cycle,hashlink,1,72.992325
string24,sip,16384,insert-cycle,micro,1,54.989487
string24,sip,16384,insert-cycle,quick_cache,2,46.509430
string24,sip,16384,insert-cycle,lru,2,77.892944
string24,sip,16384,insert-cycle,hashlink,2,74.206665
string24,sip,16384,insert-cycle,micro,2,55.448532
string24,sip,16384,insert-cycle,baseline,2,55.326462
string24,sip,16384,insert-cycle,lru,3,78.910828
string24,sip,16384,insert-cycle,hashlink,3,75.199127
string24,sip,16384,insert-cycle,micro,3,55.960968
string24,sip,16384,insert-cycle,baseline,3,55.379227
string24,sip,16384,insert-cycle,quick_cache,3,46.116516
string24,sip,16384,insert-cycle,hashlink,4,72.530106
string24,sip,16384,insert-cycle,micro,4,54.389313
string24,sip,16384,insert-cycle,baseline,4,54.294586
string24,sip,16384,insert-cycle,quick_cache,4,46.010971
string24,sip,16384,insert-cycle,lru,4,75.899765
string24,sip,16384,mixed-95,micro,0,23.983975
string24,sip,16384,mixed-95,baseline,0,23.701847
string24,sip,16384,mixed-95,quick_cache,0,24.568915
string24,sip,16384,mixed-95,lru,0,23.504536
string24,sip,16384,mixed-95,hashlink,0,23.268660
string24,sip,16384,mixed-95,baseline,1,23.595711
string24,sip,16384,mixed-95,quick_cache,1,24.504840
string24,sip,16384,mixed-95,lru,1,23.891985
string24,sip,16384,mixed-95,hashlink,1,23.676256
string24,sip,16384,mixed-95,micro,1,24.507543
string24,sip,16384,mixed-95,quick_cache,2,24.243931
string24,sip,16384,mixed-95,lru,2,23.858984
string24,sip,16384,mixed-95,hashlink,2,23.592591
string24,sip,16384,mixed-95,micro,2,22.888025
string24,sip,16384,mixed-95,baseline,2,21.857997
string24,sip,16384,mixed-95,lru,3,21.725992
string24,sip,16384,mixed-95,hashlink,3,21.901190
string24,sip,16384,mixed-95,micro,3,22.124092
string24,sip,16384,mixed-95,baseline,3,21.455050
string24,sip,16384,mixed-95,quick_cache,3,22.236744
string24,sip,16384,mixed-95,hashlink,4,21.602452
string24,sip,16384,mixed-95,micro,4,21.851540
string24,sip,16384,mixed-95,baseline,4,21.532476
string24,sip,16384,mixed-95,quick_cache,4,24.164697
string24,sip,16384,mixed-95,lru,4,23.692787
string24,sip,16384,load-hit,micro,0,22.169527
string24,sip,16384,load-hit,baseline,0,36.452781
string24,sip,16384,load-hit,quick_cache,0,23.524597
string24,sip,16384,load-hit,lru,0,22.655115
string24,sip,16384,load-hit,hashlink,0,17.535743
string24,sip,16384,load-hit,baseline,1,36.472667
string24,sip,16384,load-hit,quick_cache,1,23.691498
string24,sip,16384,load-hit,lru,1,23.028374
string24,sip,16384,load-hit,hashlink,1,17.559960
string24,sip,16384,load-hit,micro,1,22.303862
string24,sip,16384,load-hit,quick_cache,2,23.414932
string24,sip,16384,load-hit,lru,2,23.057617
string24,sip,16384,load-hit,hashlink,2,17.219543
string24,sip,16384,load-hit,micro,2,28.473680
string24,sip,16384,load-hit,baseline,2,36.023682
string24,sip,16384,load-hit,lru,3,22.273344
string24,sip,16384,load-hit,hashlink,3,17.122903
string24,sip,16384,load-hit,micro,3,22.080969
string24,sip,16384,load-hit,baseline,3,35.716664
string24,sip,16384,load-hit,quick_cache,3,23.640633
string24,sip,16384,load-hit,hashlink,4,17.537191
string24,sip,16384,load-hit,micro,4,21.613324
string24,sip,16384,load-hit,baseline,4,36.062522
string24,sip,16384,load-hit,quick_cache,4,23.037910
string24,sip,16384,load-hit,lru,4,22.778378
string24,sip,16384,load-cycle,micro,0,56.015640
string24,sip,16384,load-cycle,baseline,0,57.113647
string24,sip,16384,load-cycle,quick_cache,0,36.422729
string24,sip,16384,load-cycle,lru,0,79.114914
string24,sip,16384,load-cycle,hashlink,0,84.346130
string24,sip,16384,load-cycle,baseline,1,56.491852
string24,sip,16384,load-cycle,quick_cache,1,35.230428
string24,sip,16384,load-cycle,lru,1,79.211563
string24,sip,16384,load-cycle,hashlink,1,80.200195
string24,sip,16384,load-cycle,micro,1,57.161972
string24,sip,16384,load-cycle,quick_cache,2,35.980642
string24,sip,16384,load-cycle,lru,2,78.818649
string24,sip,16384,load-cycle,hashlink,2,81.780746
string24,sip,16384,load-cycle,micro,2,58.143616
string24,sip,16384,load-cycle,baseline,2,57.291656
string24,sip,16384,load-cycle,lru,3,78.543976
string24,sip,16384,load-cycle,hashlink,3,81.028625
string24,sip,16384,load-cycle,micro,3,56.491852
string24,sip,16384,load-cycle,baseline,3,56.097031
string24,sip,16384,load-cycle,quick_cache,3,34.886678
string24,sip,16384,load-cycle,hashlink,4,79.735443
string24,sip,16384,load-cycle,micro,4,57.783768
string24,sip,16384,load-cycle,baseline,4,57.787582
string24,sip,16384,load-cycle,quick_cache,4,34.719259
string24,sip,16384,load-cycle,lru,4,79.580307
string24,sip,16384,clear-refill,micro,0,475190.428571
string24,sip,16384,clear-refill,baseline,0,466416.714286
string24,sip,16384,clear-refill,quick_cache,0,503687.500000
string24,sip,16384,clear-refill,lru,0,1306263.666667
string24,sip,16384,clear-refill,hashlink,0,783020.750000
string24,sip,16384,clear-refill,baseline,1,461559.428571
string24,sip,16384,clear-refill,quick_cache,1,477148.714286
string24,sip,16384,clear-refill,lru,1,1276166.666667
string24,sip,16384,clear-refill,hashlink,1,777885.500000
string24,sip,16384,clear-refill,micro,1,475059.428571
string24,sip,16384,clear-refill,quick_cache,2,485392.857143
string24,sip,16384,clear-refill,lru,2,1214680.666667
string24,sip,16384,clear-refill,hashlink,2,764937.500000
string24,sip,16384,clear-refill,micro,2,458244.000000
string24,sip,16384,clear-refill,baseline,2,455625.000000
string24,sip,16384,clear-refill,lru,3,1215333.333333
string24,sip,16384,clear-refill,hashlink,3,749791.800000
string24,sip,16384,clear-refill,micro,3,469631.000000
string24,sip,16384,clear-refill,baseline,3,466392.857143
string24,sip,16384,clear-refill,quick_cache,3,491601.285714
string24,sip,16384,clear-refill,hashlink,4,753041.500000
string24,sip,16384,clear-refill,micro,4,479327.285714
string24,sip,16384,clear-refill,baseline,4,485327.428571
string24,sip,16384,clear-refill,quick_cache,4,486303.571429
string24,sip,16384,clear-refill,lru,4,1282139.000000
string24,sip,16384,clear-empty,micro,0,0.363102
string24,sip,16384,clear-empty,baseline,0,328.812174
string24,sip,16384,clear-empty,quick_cache,0,4.005819
string24,sip,16384,clear-empty,lru,0,2.252093
string24,sip,16384,clear-empty,hashlink,0,0.654752
string24,sip,16384,clear-empty,baseline,1,346.167509
string24,sip,16384,clear-empty,quick_cache,1,3.951576
string24,sip,16384,clear-empty,lru,1,2.217904
string24,sip,16384,clear-empty,hashlink,1,0.641658
string24,sip,16384,clear-empty,micro,1,0.364332
string24,sip,16384,clear-empty,quick_cache,2,3.954079
string24,sip,16384,clear-empty,lru,2,2.257360
string24,sip,16384,clear-empty,hashlink,2,0.648547
string24,sip,16384,clear-empty,micro,2,0.371729
string24,sip,16384,clear-empty,baseline,2,322.956292
string24,sip,16384,clear-empty,lru,3,2.225484
string24,sip,16384,clear-empty,hashlink,3,0.654761
string24,sip,16384,clear-empty,micro,3,0.367071
string24,sip,16384,clear-empty,baseline,3,320.959143
string24,sip,16384,clear-empty,quick_cache,3,3.949573
string24,sip,16384,clear-empty,hashlink,4,0.637521
string24,sip,16384,clear-empty,micro,4,0.362282
string24,sip,16384,clear-empty,baseline,4,3584.228516
string24,sip,16384,clear-empty,quick_cache,4,3.950464
string24,sip,16384,clear-empty,lru,4,2.247648
string24,sip,16384,iter-dense,micro,0,6097.982422
string24,sip,16384,iter-dense,baseline,0,6179.931641
string24,sip,16384,iter-dense,quick_cache,0,7100.819196
string24,sip,16384,iter-dense,lru,0,24696.289062
string24,sip,16384,iter-dense,hashlink,0,27543.296875
string24,sip,16384,iter-dense,baseline,1,6170.328125
string24,sip,16384,iter-dense,quick_cache,1,7042.504464
string24,sip,16384,iter-dense,lru,1,25340.820312
string24,sip,16384,iter-dense,hashlink,1,27466.796875
string24,sip,16384,iter-dense,micro,1,6193.603516
string24,sip,16384,iter-dense,quick_cache,2,7111.607143
string24,sip,16384,iter-dense,lru,2,24574.546875
string24,sip,16384,iter-dense,hashlink,2,28268.554688
string24,sip,16384,iter-dense,micro,2,6192.058594
string24,sip,16384,iter-dense,baseline,2,6188.884766
string24,sip,16384,iter-dense,lru,3,24874.351562
string24,sip,16384,iter-dense,hashlink,3,27576.500000
string24,sip,16384,iter-dense,micro,3,6139.892578
string24,sip,16384,iter-dense,baseline,3,6091.714844
string24,sip,16384,iter-dense,quick_cache,3,7015.904018
string24,sip,16384,iter-dense,hashlink,4,24834.632812
string24,sip,16384,iter-dense,micro,4,6258.766667
string24,sip,16384,iter-dense,baseline,4,6129.556641
string24,sip,16384,iter-dense,quick_cache,4,6955.171875
string24,sip,16384,iter-dense,lru,4,29343.429688
string24,sip,16384,iter-dense-for,micro,0,6206.298828
string24,sip,16384,iter-dense-for,baseline,0,6138.183594
string24,sip,16384,iter-dense-for,quick_cache,0,7144.625000
string24,sip,16384,iter-dense-for,lru,0,23089.587500
string24,sip,16384,iter-dense-for,hashlink,0,28388.351562
string24,sip,16384,iter-dense-for,baseline,1,6076.660156
string24,sip,16384,iter-dense-for,quick_cache,1,7094.401786
string24,sip,16384,iter-dense-for,lru,1,21927.081250
string24,sip,16384,iter-dense-for,hashlink,1,27842.773438
string24,sip,16384,iter-dense-for,micro,1,6076.578125
string24,sip,16384,iter-dense-for,quick_cache,2,7091.517857
string24,sip,16384,iter-dense-for,lru,2,21610.412500
string24,sip,16384,iter-dense-for,hashlink,2,28602.867188
string24,sip,16384,iter-dense-for,micro,2,6166.992188
string24,sip,16384,iter-dense-for,baseline,2,6171.142578
string24,sip,16384,iter-dense-for,lru,3,21556.250000
string24,sip,16384,iter-dense-for,hashlink,3,28961.257812
string24,sip,16384,iter-dense-for,micro,3,6209.310547
string24,sip,16384,iter-dense-for,baseline,3,6225.585938
string24,sip,16384,iter-dense-for,quick_cache,3,7163.040179
string24,sip,16384,iter-dense-for,hashlink,4,24691.078125
string24,sip,16384,iter-dense-for,micro,4,6262.500000
string24,sip,16384,iter-dense-for,baseline,4,6180.337891
string24,sip,16384,iter-dense-for,quick_cache,4,7188.895089
string24,sip,16384,iter-dense-for,lru,4,27188.804688
string24,sip,16384,iter-density-1pct,micro,0,351.123596
string24,sip,16384,iter-density-1pct,baseline,0,6731.584821
string24,sip,16384,iter-density-1pct,quick_cache,0,7060.361607
string24,sip,16384,iter-density-1pct,lru,0,189.685922
string24,sip,16384,iter-density-1pct,hashlink,0,189.570139
string24,sip,16384,iter-density-1pct,baseline,1,6794.178571
string24,sip,16384,iter-density-1pct,quick_cache,1,7074.776786
string24,sip,16384,iter-density-1pct,lru,1,188.697309
string24,sip,16384,iter-density-1pct,hashlink,1,187.500000
string24,sip,16384,iter-density-1pct,micro,1,347.453704
string24,sip,16384,iter-density-1pct,quick_cache,2,7144.066964
string24,sip,16384,iter-density-1pct,lru,2,187.822937
string24,sip,16384,iter-density-1pct,hashlink,2,188.799484
string24,sip,16384,iter-density-1pct,micro,2,345.741383
string24,sip,16384,iter-density-1pct,baseline,2,6681.770833
string24,sip,16384,iter-density-1pct,lru,3,187.539062
string24,sip,16384,iter-density-1pct,hashlink,3,186.115265
string24,sip,16384,iter-density-1pct,micro,3,342.045455
string24,sip,16384,iter-density-1pct,baseline,3,6658.158333
string24,sip,16384,iter-density-1pct,quick_cache,3,7000.558036
string24,sip,16384,iter-density-1pct,hashlink,4,189.316595
string24,sip,16384,iter-density-1pct,micro,4,346.599170
string24,sip,16384,iter-density-1pct,baseline,4,6665.885417
string24,sip,16384,iter-density-1pct,quick_cache,4,7203.031250
string24,sip,16384,iter-density-1pct,lru,4,190.731390
string24,sip,16384,iter-density-6pct,micro,0,6203.289062
string24,sip,16384,iter-density-6pct,baseline,0,5697.840074
string24,sip,16384,iter-density-6pct,quick_cache,0,6734.933036
string24,sip,16384,iter-density-6pct,lru,0,1364.621377
string24,sip,16384,iter-density-6pct,hashlink,0,1354.278125
string24,sip,16384,iter-density-6pct,baseline,1,5732.229779
string24,sip,16384,iter-density-6pct,quick_cache,1,6716.611607
string24,sip,16384,iter-density-6pct,lru,1,1372.754076
string24,sip,16384,iter-density-6pct,hashlink,1,1331.334507
string24,sip,16384,iter-density-6pct,micro,1,6212.484375
string24,sip,16384,iter-density-6pct,quick_cache,2,6736.886161
string24,sip,16384,iter-density-6pct,lru,2,1383.674173
string24,sip,16384,iter-density-6pct,hashlink,2,1335.515405
string24,sip,16384,iter-density-6pct,micro,2,6144.205078
string24,sip,16384,iter-density-6pct,baseline,2,5809.665441
string24,sip,16384,iter-density-6pct,lru,3,1383.846507
string24,sip,16384,iter-density-6pct,hashlink,3,1377.339674
string24,sip,16384,iter-density-6pct,micro,3,6163.167969
string24,sip,16384,iter-density-6pct,baseline,3,5746.246324
string24,sip,16384,iter-density-6pct,quick_cache,3,6594.445833
string24,sip,16384,iter-density-6pct,hashlink,4,1359.110507
string24,sip,16384,iter-density-6pct,micro,4,6289.408333
string24,sip,16384,iter-density-6pct,baseline,4,5810.125000
string24,sip,16384,iter-density-6pct,quick_cache,4,6651.216667
string24,sip,16384,iter-density-6pct,lru,4,1385.474265
string24,sip,16384,iter-density-quarter,micro,0,6390.885417
string24,sip,16384,iter-density-quarter,baseline,0,6260.852083
string24,sip,16384,iter-density-quarter,quick_cache,0,6882.906250
string24,sip,16384,iter-density-quarter,lru,0,11107.204861
string24,sip,16384,iter-density-quarter,hashlink,0,8537.406250
string24,sip,16384,iter-density-quarter,baseline,1,6184.976562
string24,sip,16384,iter-density-quarter,quick_cache,1,6977.308036
string24,sip,16384,iter-density-quarter,lru,1,11300.493056
string24,sip,16384,iter-density-quarter,hashlink,1,9002.485795
string24,sip,16384,iter-density-quarter,micro,1,6136.068359
string24,sip,16384,iter-density-quarter,quick_cache,2,6934.616071
string24,sip,16384,iter-density-quarter,lru,2,12843.589844
string24,sip,16384,iter-density-quarter,hashlink,2,11150.319444
string24,sip,16384,iter-density-quarter,micro,2,6207.683594
string24,sip,16384,iter-density-quarter,baseline,2,6219.076172
string24,sip,16384,iter-density-quarter,lru,3,11074.218750
string24,sip,16384,iter-density-quarter,hashlink,3,11410.878472
string24,sip,16384,iter-density-quarter,micro,3,6047.607422
string24,sip,16384,iter-density-quarter,baseline,3,6122.964844
string24,sip,16384,iter-density-quarter,quick_cache,3,7090.495536
string24,sip,16384,iter-density-quarter,hashlink,4,10827.982639
string24,sip,16384,iter-density-quarter,micro,4,6059.001953
string24,sip,16384,iter-density-quarter,baseline,4,6204.509766
string24,sip,16384,iter-density-quarter,quick_cache,4,7119.419643
string24,sip,16384,iter-density-quarter,lru,4,11803.875000
string24,sip,16384,iter-density-half,micro,0,6098.388672
string24,sip,16384,iter-density-half,baseline,0,8217.554688
string24,sip,16384,iter-density-half,quick_cache,0,7000.837054
string24,sip,16384,iter-density-half,lru,0,13306.476562
string24,sip,16384,iter-density-half,hashlink,0,16773.218750
string24,sip,16384,iter-density-half,baseline,1,8061.414062
string24,sip,16384,iter-density-half,quick_cache,1,7091.517857
string24,sip,16384,iter-density-half,lru,1,13510.232143
string24,sip,16384,iter-density-half,hashlink,1,17891.927083
string24,sip,16384,iter-density-half,micro,1,6041.992188
string24,sip,16384,iter-density-half,quick_cache,2,7076.450893
string24,sip,16384,iter-density-half,lru,2,13035.968750
string24,sip,16384,iter-density-half,hashlink,2,16705.510417
string24,sip,16384,iter-density-half,micro,2,6076.660156
string24,sip,16384,iter-density-half,baseline,2,8110.677083
string24,sip,16384,iter-density-half,lru,3,13155.601562
string24,sip,16384,iter-density-half,hashlink,3,16691.406250
string24,sip,16384,iter-density-half,micro,3,6086.996094
string24,sip,16384,iter-density-half,baseline,3,8212.565104
string24,sip,16384,iter-density-half,quick_cache,3,7032.645089
string24,sip,16384,iter-density-half,hashlink,4,13018.394531
string24,sip,16384,iter-density-half,micro,4,6117.105469
string24,sip,16384,iter-density-half,baseline,4,8315.755208
string24,sip,16384,iter-density-half,quick_cache,4,7139.881696
string24,sip,16384,iter-density-half,lru,4,17424.265625
string24,sip,16384,iter-front,micro,0,1.206051
string24,sip,16384,iter-front,baseline,0,5505.279514
string24,sip,16384,iter-front,quick_cache,0,7279.947115
string24,sip,16384,iter-front,lru,0,1.226195
string24,sip,16384,iter-front,hashlink,0,1.198359
string24,sip,16384,iter-front,baseline,1,5420.789931
string24,sip,16384,iter-front,quick_cache,1,6890.252232
string24,sip,16384,iter-front,lru,1,1.219338
string24,sip,16384,iter-front,hashlink,1,1.170061
string24,sip,16384,iter-front,micro,1,1.211992
string24,sip,16384,iter-front,quick_cache,2,6987.165179
string24,sip,16384,iter-front,lru,2,1.216064
string24,sip,16384,iter-front,hashlink,2,1.167948
string24,sip,16384,iter-front,micro,2,1.216616
string24,sip,16384,iter-front,baseline,2,5753.983456
string24,sip,16384,iter-front,lru,3,1.196615
string24,sip,16384,iter-front,hashlink,3,1.152300
string24,sip,16384,iter-front,micro,3,1.210740
string24,sip,16384,iter-front,baseline,3,5640.702206
string24,sip,16384,iter-front,quick_cache,3,7038.598214
string24,sip,16384,iter-front,hashlink,4,1.193720
string24,sip,16384,iter-front,micro,4,1.212164
string24,sip,16384,iter-front,baseline,4,5822.840074
string24,sip,16384,iter-front,quick_cache,4,6944.104911
string24,sip,16384,iter-front,lru,4,1.223603
string24,sip,16384,iter-back,micro,0,1.209771
string24,sip,16384,iter-back,baseline,0,5553.308824
string24,sip,16384,iter-back,quick_cache,0,7058.872768
string24,sip,16384,iter-back,lru,0,1.207636
string24,sip,16384,iter-back,hashlink,0,1.171275
string24,sip,16384,iter-back,baseline,1,5643.227941
string24,sip,16384,iter-back,quick_cache,1,6957.589286
string24,sip,16384,iter-back,lru,1,1.186769
string24,sip,16384,iter-back,hashlink,1,1.141150
string24,sip,16384,iter-back,micro,1,1.190703
string24,sip,16384,iter-back,quick_cache,2,7012.276786
string24,sip,16384,iter-back,lru,2,1.187430
string24,sip,16384,iter-back,hashlink,2,1.175445
string24,sip,16384,iter-back,micro,2,1.208851
string24,sip,16384,iter-back,baseline,2,5785.998162
string24,sip,16384,iter-back,lru,3,1.204517
string24,sip,16384,iter-back,hashlink,3,1.199110
string24,sip,16384,iter-back,micro,3,1.192642
string24,sip,16384,iter-back,baseline,3,5631.204044
string24,sip,16384,iter-back,quick_cache,3,7015.345982
string24,sip,16384,iter-back,hashlink,4,1.161667
string24,sip,16384,iter-back,micro,4,1.208710
string24,sip,16384,iter-back,baseline,4,5568.704044
string24,sip,16384,iter-back,quick_cache,4,7109.841518
string24,sip,16384,iter-back,lru,4,1.205214
string24,sip,16384,iter-empty,micro,0,0.791279
string24,sip,16384,iter-empty,baseline,0,5586.090074
string24,sip,16384,iter-empty,quick_cache,0,7155.879464
string24,sip,16384,iter-empty,lru,0,1.005837
string24,sip,16384,iter-empty,hashlink,0,1.006679
string24,sip,16384,iter-empty,baseline,1,5812.959559
string24,sip,16384,iter-empty,quick_cache,1,6981.120536
string24,sip,16384,iter-empty,lru,1,1.000769
string24,sip,16384,iter-empty,hashlink,1,1.008238
string24,sip,16384,iter-empty,micro,1,0.821842
string24,sip,16384,iter-empty,quick_cache,2,7098.493304
string24,sip,16384,iter-empty,lru,2,0.994684
string24,sip,16384,iter-empty,hashlink,2,0.990502
string24,sip,16384,iter-empty,micro,2,0.793503
string24,sip,16384,iter-empty,baseline,2,5524.893382
string24,sip,16384,iter-empty,lru,3,0.980525
string24,sip,16384,iter-empty,hashlink,3,0.999595
string24,sip,16384,iter-empty,micro,3,0.808622
string24,sip,16384,iter-empty,baseline,3,5847.426471
string24,sip,16384,iter-empty,quick_cache,3,7135.602679
string24,sip,16384,iter-empty,hashlink,4,1.001699
string24,sip,16384,iter-empty,micro,4,0.826202
string24,sip,16384,iter-empty,baseline,4,5651.424632
string24,sip,16384,iter-empty,quick_cache,4,7048.828125
string24,sip,16384,iter-empty,lru,4,0.994178
string24,sip,16384,iter-count,micro,0,0.405690
string24,sip,16384,iter-count,baseline,0,5654.838542
string24,sip,16384,iter-count,quick_cache,0,8360.839844
string24,sip,16384,iter-count,lru,0,0.404463
string24,sip,16384,iter-count,hashlink,0,0.404849
string24,sip,16384,iter-count,baseline,1,5560.438802
string24,sip,16384,iter-count,quick_cache,1,8229.410156
string24,sip,16384,iter-count,lru,1,0.404905
string24,sip,16384,iter-count,hashlink,1,0.406873
string24,sip,16384,iter-count,micro,1,0.404700
string24,sip,16384,iter-count,quick_cache,2,8260.906250
string24,sip,16384,iter-count,lru,2,0.409237
string24,sip,16384,iter-count,hashlink,2,0.407368
string24,sip,16384,iter-count,micro,2,0.404315
string24,sip,16384,iter-count,baseline,2,5862.304688
string24,sip,16384,iter-count,lru,3,0.406723
string24,sip,16384,iter-count,hashlink,3,0.404497
string24,sip,16384,iter-count,micro,3,0.404393
string24,sip,16384,iter-count,baseline,3,5528.210938
string24,sip,16384,iter-count,quick_cache,3,8316.570312
string24,sip,16384,iter-count,hashlink,4,0.407856
string24,sip,16384,iter-count,micro,4,0.400387
string24,sip,16384,iter-count,baseline,4,5708.712240
string24,sip,16384,iter-count,quick_cache,4,8085.449219
string24,sip,16384,iter-count,lru,4,0.405583
string24,ahash,128,get-hit,micro,0,5.453371
string24,ahash,128,get-hit,baseline,0,5.311902
string24,ahash,128,get-hit,quick_cache,0,5.288625
string24,ahash,128,get-hit,lru,0,5.926892
string24,ahash,128,get-hit,hashlink,0,5.741041
string24,ahash,128,get-hit,baseline,1,5.402509
string24,ahash,128,get-hit,quick_cache,1,5.361070
string24,ahash,128,get-hit,lru,1,5.923856
string24,ahash,128,get-hit,hashlink,1,5.812168
string24,ahash,128,get-hit,micro,1,5.442227
string24,ahash,128,get-hit,quick_cache,2,5.419414
string24,ahash,128,get-hit,lru,2,5.891185
string24,ahash,128,get-hit,hashlink,2,5.834347
string24,ahash,128,get-hit,micro,2,5.456963
string24,ahash,128,get-hit,baseline,2,5.533400
string24,ahash,128,get-hit,lru,3,6.069162
string24,ahash,128,get-hit,hashlink,3,5.881334
string24,ahash,128,get-hit,micro,3,5.342934
string24,ahash,128,get-hit,baseline,3,5.418814
string24,ahash,128,get-hit,quick_cache,3,5.408343
string24,ahash,128,get-hit,hashlink,4,5.895705
string24,ahash,128,get-hit,micro,4,5.399218
string24,ahash,128,get-hit,baseline,4,5.423451
string24,ahash,128,get-hit,quick_cache,4,5.328413
string24,ahash,128,get-hit,lru,4,5.846377
string24,ahash,128,get-miss,micro,0,3.292946
string24,ahash,128,get-miss,baseline,0,3.333444
string24,ahash,128,get-miss,quick_cache,0,3.404076
string24,ahash,128,get-miss,lru,0,3.321147
string24,ahash,128,get-miss,hashlink,0,3.301213
string24,ahash,128,get-miss,baseline,1,3.385071
string24,ahash,128,get-miss,quick_cache,1,3.375552
string24,ahash,128,get-miss,lru,1,3.358737
string24,ahash,128,get-miss,hashlink,1,3.317756
string24,ahash,128,get-miss,micro,1,3.288633
string24,ahash,128,get-miss,quick_cache,2,3.337005
string24,ahash,128,get-miss,lru,2,3.324171
string24,ahash,128,get-miss,hashlink,2,3.306346
string24,ahash,128,get-miss,micro,2,3.367106
string24,ahash,128,get-miss,baseline,2,3.410763
string24,ahash,128,get-miss,lru,3,3.391831
string24,ahash,128,get-miss,hashlink,3,3.301847
string24,ahash,128,get-miss,micro,3,3.332890
string24,ahash,128,get-miss,baseline,3,3.414955
string24,ahash,128,get-miss,quick_cache,3,3.385024
string24,ahash,128,get-miss,hashlink,4,3.333907
string24,ahash,128,get-miss,micro,4,3.331779
string24,ahash,128,get-miss,baseline,4,3.353374
string24,ahash,128,get-miss,quick_cache,4,3.352819
string24,ahash,128,get-miss,lru,4,3.365659
string24,ahash,128,update,micro,0,16.079664
string24,ahash,128,update,baseline,0,16.282455
string24,ahash,128,update,quick_cache,0,29.261662
string24,ahash,128,update,lru,0,24.043716
string24,ahash,128,update,hashlink,0,16.621906
string24,ahash,128,update,baseline,1,16.523942
string24,ahash,128,update,quick_cache,1,32.791565
string24,ahash,128,update,lru,1,23.762383
string24,ahash,128,update,hashlink,1,16.310096
string24,ahash,128,update,micro,1,16.387499
string24,ahash,128,update,quick_cache,2,32.235463
string24,ahash,128,update,lru,2,22.993401
string24,ahash,128,update,hashlink,2,16.579006
string24,ahash,128,update,micro,2,16.396564
string24,ahash,128,update,baseline,2,16.586967
string24,ahash,128,update,lru,3,22.964478
string24,ahash,128,update,hashlink,3,16.645126
string24,ahash,128,update,micro,3,16.109301
string24,ahash,128,update,baseline,3,16.255918
string24,ahash,128,update,quick_cache,3,32.688141
string24,ahash,128,update,hashlink,4,16.398995
string24,ahash,128,update,micro,4,16.099790
string24,ahash,128,update,baseline,4,16.305898
string24,ahash,128,update,quick_cache,4,32.613963
string24,ahash,128,update,lru,4,23.117699
string24,ahash,128,insert-cycle,micro,0,37.599747
string24,ahash,128,insert-cycle,baseline,0,37.568973
string24,ahash,128,insert-cycle,quick_cache,0,31.581643
string24,ahash,128,insert-cycle,lru,0,41.942201
string24,ahash,128,insert-cycle,hashlink,0,36.385763
string24,ahash,128,insert-cycle,baseline,1,37.361291
string24,ahash,128,insert-cycle,quick_cache,1,30.722523
string24,ahash,128,insert-cycle,lru,1,40.415652
string24,ahash,128,insert-cycle,hashlink,1,36.426485
string24,ahash,128,insert-cycle,micro,1,36.816002
string24,ahash,128,insert-cycle,quick_cache,2,31.341390
string24,ahash,128,insert-cycle,lru,2,40.916948
string24,ahash,128,insert-cycle,hashlink,2,36.157356
string24,ahash,128,insert-cycle,micro,2,37.718034
string24,ahash,128,insert-cycle,baseline,2,37.461424
string24,ahash,128,insert-cycle,lru,3,41.513113
string24,ahash,128,insert-cycle,hashlink,3,35.832103
string24,ahash,128,insert-cycle,micro,3,37.672776
string24,ahash,128,insert-cycle,baseline,3,37.408987
string24,ahash,128,insert-cycle,quick_cache,3,31.273438
string24,ahash,128,insert-cycle,hashlink,4,36.361588
string24,ahash,128,insert-cycle,micro,4,37.649301
string24,ahash,128,insert-cycle,baseline,4,36.802226
string24,ahash,128,insert-cycle,quick_cache,4,30.930491
string24,ahash,128,insert-cycle,lru,4,41.034979
string24,ahash,128,mixed-95,micro,0,9.124676
string24,ahash,128,mixed-95,baseline,0,9.043852
string24,ahash,128,mixed-95,quick_cache,0,10.269403
string24,ahash,128,mixed-95,lru,0,8.896689
string24,ahash,128,mixed-95,hashlink,0,8.574188
string24,ahash,128,mixed-95,baseline,1,9.019434
string24,ahash,128,mixed-95,quick_cache,1,10.763705
string24,ahash,128,mixed-95,lru,1,9.426196
string24,ahash,128,mixed-95,hashlink,1,8.262734
string24,ahash,128,mixed-95,micro,1,9.070178
string24,ahash,128,mixed-95,quick_cache,2,10.609567
string24,ahash,128,mixed-95,lru,2,9.361763
string24,ahash,128,mixed-95,hashlink,2,8.288244
string24,ahash,128,mixed-95,micro,2,9.080688
string24,ahash,128,mixed-95,baseline,2,9.028852
string24,ahash,128,mixed-95,lru,3,8.899868
string24,ahash,128,mixed-95,hashlink,3,8.847634
string24,ahash,128,mixed-95,micro,3,9.021143
string24,ahash,128,mixed-95,baseline,3,9.168108
string24,ahash,128,mixed-95,quick_cache,3,10.560294
string24,ahash,128,mixed-95,hashlink,4,8.469919
string24,ahash,128,mixed-95,micro,4,9.034316
string24,ahash,128,mixed-95,baseline,4,9.026805
string24,ahash,128,mixed-95,quick_cache,4,10.833085
string24,ahash,128,mixed-95,lru,4,9.463986
string24,ahash,128,load-hit,micro,0,6.225327
string24,ahash,128,load-hit,baseline,0,16.588740
string24,ahash,128,load-hit,quick_cache,0,7.260292
string24,ahash,128,load-hit,lru,0,6.702954
string24,ahash,128,load-hit,hashlink,0,5.616081
string24,ahash,128,load-hit,baseline,1,16.812178
string24,ahash,128,load-hit,quick_cache,1,7.357993
string24,ahash,128,load-hit,lru,1,6.721820
string24,ahash,128,load-hit,hashlink,1,5.606527
string24,ahash,128,load-hit,micro,1,6.366598
string24,ahash,128,load-hit,quick_cache,2,7.324829
string24,ahash,128,load-hit,lru,2,6.745033
string24,ahash,128,load-hit,hashlink,2,5.629646
string24,ahash,128,load-hit,micro,2,6.382295
string24,ahash,128,load-hit,baseline,2,16.860962
string24,ahash,128,load-hit,lru,3,6.670679
string24,ahash,128,load-hit,hashlink,3,5.627103
string24,ahash,128,load-hit,micro,3,6.320119
string24,ahash,128,load-hit,baseline,3,16.869745
string24,ahash,128,load-hit,quick_cache,3,7.304671
string24,ahash,128,load-hit,hashlink,4,5.621092
string24,ahash,128,load-hit,micro,4,6.212051
string24,ahash,128,load-hit,baseline,4,16.610633
string24,ahash,128,load-hit,quick_cache,4,7.261089
string24,ahash,128,load-hit,lru,4,6.622678
string24,ahash,128,load-cycle,micro,0,36.941492
string24,ahash,128,load-cycle,baseline,0,39.027889
string24,ahash,128,load-cycle,quick_cache,0,18.486143
string24,ahash,128,load-cycle,lru,0,38.445607
string24,ahash,128,load-cycle,hashlink,0,39.885151
string24,ahash,128,load-cycle,baseline,1,39.276429
string24,ahash,128,load-cycle,quick_cache,1,18.456004
string24,ahash,128,load-cycle,lru,1,38.541124
string24,ahash,128,load-cycle,hashlink,1,40.333266
string24,ahash,128,load-cycle,micro,1,37.227703
string24,ahash,128,load-cycle,quick_cache,2,18.959619
string24,ahash,128,load-cycle,lru,2,39.303642
string24,ahash,128,load-cycle,hashlink,2,39.333408
string24,ahash,128,load-cycle,micro,2,36.772115
string24,ahash,128,load-cycle,baseline,2,39.541456
string24,ahash,128,load-cycle,lru,3,38.828604
string24,ahash,128,load-cycle,hashlink,3,41.050331
string24,ahash,128,load-cycle,micro,3,37.953719
string24,ahash,128,load-cycle,baseline,3,39.840440
string24,ahash,128,load-cycle,quick_cache,3,18.546962
string24,ahash,128,load-cycle,hashlink,4,41.028723
string24,ahash,128,load-cycle,micro,4,37.789728
string24,ahash,128,load-cycle,baseline,4,41.359485
string24,ahash,128,load-cycle,quick_cache,4,19.398347
string24,ahash,128,load-cycle,lru,4,39.219821
string24,ahash,128,clear-refill,micro,0,2496.568220
string24,ahash,128,clear-refill,baseline,0,2575.357082
string24,ahash,128,clear-refill,quick_cache,0,2846.694497
string24,ahash,128,clear-refill,lru,0,5361.978571
string24,ahash,128,clear-refill,hashlink,0,3742.413965
string24,ahash,128,clear-refill,baseline,1,2591.753022
string24,ahash,128,clear-refill,quick_cache,1,2670.929715
string24,ahash,128,clear-refill,lru,1,5228.587108
string24,ahash,128,clear-refill,hashlink,1,3664.835165
string24,ahash,128,clear-refill,micro,1,2540.502117
string24,ahash,128,clear-refill,quick_cache,2,2562.019641
string24,ahash,128,clear-refill,lru,2,5266.814035
string24,ahash,128,clear-refill,hashlink,2,3700.728730
string24,ahash,128,clear-refill,micro,2,2605.794271
string24,ahash,128,clear-refill,baseline,2,2567.401198
string24,ahash,128,clear-refill,lru,3,5341.414591
string24,ahash,128,clear-refill,hashlink,3,3746.358302
string24,ahash,128,clear-refill,micro,3,2538.141286
string24,ahash,128,clear-refill,baseline,3,2535.331926
string24,ahash,128,clear-refill,quick_cache,3,2592.832470
string24,ahash,128,clear-refill,hashlink,4,3743.401496
string24,ahash,128,clear-refill,micro,4,2512.377406
string24,ahash,128,clear-refill,baseline,4,2548.923534
string24,ahash,128,clear-refill,quick_cache,4,2635.169447
string24,ahash,128,clear-refill,lru,4,5284.183099
string24,ahash,128,clear-empty,micro,0,0.375818
string24,ahash,128,clear-empty,baseline,0,47.821138
string24,ahash,128,clear-empty,quick_cache,0,3.950629
string24,ahash,128,clear-empty,lru,0,2.168092
string24,ahash,128,clear-empty,hashlink,0,0.618299
string24,ahash,128,clear-empty,baseline,1,47.199878
string24,ahash,128,clear-empty,quick_cache,1,4.048545
string24,ahash,128,clear-empty,lru,1,2.152108
string24,ahash,128,clear-empty,hashlink,1,0.612681
string24,ahash,128,clear-empty,micro,1,0.360765
string24,ahash,128,clear-empty,quick_cache,2,3.956073
string24,ahash,128,clear-empty,lru,2,2.168222
string24,ahash,128,clear-empty,hashlink,2,0.608577
string24,ahash,128,clear-empty,micro,2,0.369199
string24,ahash,128,clear-empty,baseline,2,48.727486
string24,ahash,128,clear-empty,lru,3,2.203017
string24,ahash,128,clear-empty,hashlink,3,0.618012
string24,ahash,128,clear-empty,micro,3,0.372680
string24,ahash,128,clear-empty,baseline,3,48.172419
string24,ahash,128,clear-empty,quick_cache,3,3.966562
string24,ahash,128,clear-empty,hashlink,4,0.615304
string24,ahash,128,clear-empty,micro,4,0.371269
string24,ahash,128,clear-empty,baseline,4,48.787604
string24,ahash,128,clear-empty,quick_cache,4,4.090080
string24,ahash,128,clear-empty,lru,4,2.170441
string24,ahash,128,iter-dense,micro,0,22.931187
string24,ahash,128,iter-dense,baseline,0,38.776016
string24,ahash,128,iter-dense,quick_cache,0,29.800570
string24,ahash,128,iter-dense,lru,0,139.440936
string24,ahash,128,iter-dense,hashlink,0,135.315206
string24,ahash,128,iter-dense,baseline,1,38.873562
string24,ahash,128,iter-dense,quick_cache,1,30.173801
string24,ahash,128,iter-dense,lru,1,139.776965
string24,ahash,128,iter-dense,hashlink,1,140.541168
string24,ahash,128,iter-dense,micro,1,23.405969
string24,ahash,128,iter-dense,quick_cache,2,30.086181
string24,ahash,128,iter-dense,lru,2,137.422218
string24,ahash,128,iter-dense,hashlink,2,134.053214
string24,ahash,128,iter-dense,micro,2,23.116795
string24,ahash,128,iter-dense,baseline,2,38.989956
string24,ahash,128,iter-dense,lru,3,137.240360
string24,ahash,128,iter-dense,hashlink,3,138.601689
string24,ahash,128,iter-dense,micro,3,23.579626
string24,ahash,128,iter-dense,baseline,3,39.148943
string24,ahash,128,iter-dense,quick_cache,3,29.959565
string24,ahash,128,iter-dense,hashlink,4,141.422370
string24,ahash,128,iter-dense,micro,4,23.383923
string24,ahash,128,iter-dense,baseline,4,38.723266
string24,ahash,128,iter-dense,quick_cache,4,29.970388
string24,ahash,128,iter-dense,lru,4,140.523625
string24,ahash,128,iter-dense-for,micro,0,39.930366
string24,ahash,128,iter-dense-for,baseline,0,39.326303
string24,ahash,128,iter-dense-for,quick_cache,0,71.552989
string24,ahash,128,iter-dense-for,lru,0,82.492772
string24,ahash,128,iter-dense-for,hashlink,0,73.054590
string24,ahash,128,iter-dense-for,baseline,1,39.048404
string24,ahash,128,iter-dense-for,quick_cache,1,38.656198
string24,ahash,128,iter-dense-for,lru,1,82.770217
string24,ahash,128,iter-dense-for,hashlink,1,73.335076
string24,ahash,128,iter-dense-for,micro,1,39.344445
string24,ahash,128,iter-dense-for,quick_cache,2,38.583462
string24,ahash,128,iter-dense-for,lru,2,82.730517
string24,ahash,128,iter-dense-for,hashlink,2,73.062695
string24,ahash,128,iter-dense-for,micro,2,39.089087
string24,ahash,128,iter-dense-for,baseline,2,38.225935
string24,ahash,128,iter-dense-for,lru,3,82.088227
string24,ahash,128,iter-dense-for,hashlink,3,72.804445
string24,ahash,128,iter-dense-for,micro,3,39.929262
string24,ahash,128,iter-dense-for,baseline,3,38.669459
string24,ahash,128,iter-dense-for,quick_cache,3,38.579918
string24,ahash,128,iter-dense-for,hashlink,4,73.108486
string24,ahash,128,iter-dense-for,micro,4,39.005629
string24,ahash,128,iter-dense-for,baseline,4,38.580247
string24,ahash,128,iter-dense-for,quick_cache,4,39.136412
string24,ahash,128,iter-dense-for,lru,4,83.405083
string24,ahash,128,iter-density-1pct,micro,0,1.539055
string24,ahash,128,iter-density-1pct,baseline,0,39.702516
string24,ahash,128,iter-density-1pct,quick_cache,0,27.321751
string24,ahash,128,iter-density-1pct,lru,0,1.292907
string24,ahash,128,iter-density-1pct,hashlink,0,1.263784
string24,ahash,128,iter-density-1pct,baseline,1,38.940835
string24,ahash,128,iter-density-1pct,quick_cache,1,27.289181
string24,ahash,128,iter-density-1pct,lru,1,1.312088
string24,ahash,128,iter-density-1pct,hashlink,1,1.282490
string24,ahash,128,iter-density-1pct,micro,1,1.523870
string24,ahash,128,iter-density-1pct,quick_cache,2,27.551903
string24,ahash,128,iter-density-1pct,lru,2,1.289333
string24,ahash,128,iter-density-1pct,hashlink,2,1.279148
string24,ahash,128,iter-density-1pct,micro,2,1.534345
string24,ahash,128,iter-density-1pct,baseline,2,39.450883
string24,ahash,128,iter-density-1pct,lru,3,1.322117
string24,ahash,128,iter-density-1pct,hashlink,3,1.286873
string24,ahash,128,iter-density-1pct,micro,3,1.540370
string24,ahash,128,iter-density-1pct,baseline,3,39.571796
string24,ahash,128,iter-density-1pct,quick_cache,3,27.805577
string24,ahash,128,iter-density-1pct,hashlink,4,1.288996
string24,ahash,128,iter-density-1pct,micro,4,1.630293
string24,ahash,128,iter-density-1pct,baseline,4,39.706935
string24,ahash,128,iter-density-1pct,quick_cache,4,25.922864
string24,ahash,128,iter-density-1pct,lru,4,1.296663
string24,ahash,128,iter-density-6pct,micro,0,24.493657
string24,ahash,128,iter-density-6pct,baseline,0,37.210131
string24,ahash,128,iter-density-6pct,quick_cache,0,28.045234
string24,ahash,128,iter-density-6pct,lru,0,3.407528
string24,ahash,128,iter-density-6pct,hashlink,0,3.221296
string24,ahash,128,iter-density-6pct,baseline,1,37.001985
string24,ahash,128,iter-density-6pct,quick_cache,1,27.724137
string24,ahash,128,iter-density-6pct,lru,1,3.285669
string24,ahash,128,iter-density-6pct,hashlink,1,3.205611
string24,ahash,128,iter-density-6pct,micro,1,23.889666
string24,ahash,128,iter-density-6pct,quick_cache,2,27.693305
string24,ahash,128,iter-density-6pct,lru,2,3.295648
string24,ahash,128,iter-density-6pct,hashlink,2,3.235749
string24,ahash,128,iter-density-6pct,micro,2,24.328757
string24,ahash,128,iter-density-6pct,baseline,2,38.498050
string24,ahash,128,iter-density-6pct,lru,3,3.286682
string24,ahash,128,iter-density-6pct,hashlink,3,3.221539
string24,ahash,128,iter-density-6pct,micro,3,23.998392
string24,ahash,128,iter-density-6pct,baseline,3,40.302482
string24,ahash,128,iter-density-6pct,quick_cache,3,27.645858
string24,ahash,128,iter-density-6pct,hashlink,4,3.273394
string24,ahash,128,iter-density-6pct,micro,4,24.388077
string24,ahash,128,iter-density-6pct,baseline,4,38.167951
string24,ahash,128,iter-density-6pct,quick_cache,4,27.584317
string24,ahash,128,iter-density-6pct,lru,4,3.366294
string24,ahash,128,iter-density-quarter,micro,0,24.063142
string24,ahash,128,iter-density-quarter,baseline,0,37.935300
string24,ahash,128,iter-density-quarter,quick_cache,0,26.156799
string24,ahash,128,iter-density-quarter,lru,0,19.463132
string24,ahash,128,iter-density-quarter,hashlink,0,19.370913
string24,ahash,128,iter-density-quarter,baseline,1,38.737118
string24,ahash,128,iter-density-quarter,quick_cache,1,26.154629
string24,ahash,128,iter-density-quarter,lru,1,19.451828
string24,ahash,128,iter-density-quarter,hashlink,1,19.492542
string24,ahash,128,iter-density-quarter,micro,1,24.434511
string24,ahash,128,iter-density-quarter,quick_cache,2,26.085127
string24,ahash,128,iter-density-quarter,lru,2,19.785404
string24,ahash,128,iter-density-quarter,hashlink,2,19.469334
string24,ahash,128,iter-density-quarter,micro,2,24.184090
string24,ahash,128,iter-density-quarter,baseline,2,38.382944
string24,ahash,128,iter-density-quarter,lru,3,19.404601
string24,ahash,128,iter-density-quarter,hashlink,3,19.357607
string24,ahash,128,iter-density-quarter,micro,3,24.357991
string24,ahash,128,iter-density-quarter,baseline,3,37.799778
string24,ahash,128,iter-density-quarter,quick_cache,3,25.888882
string24,ahash,128,iter-density-quarter,hashlink,4,19.171584
string24,ahash,128,iter-density-quarter,micro,4,24.147059
string24,ahash,128,iter-density-quarter,baseline,4,38.556551
string24,ahash,128,iter-density-quarter,quick_cache,4,26.477046
string24,ahash,128,iter-density-quarter,lru,4,19.686253
string24,ahash,128,iter-density-half,micro,0,23.720782
string24,ahash,128,iter-density-half,baseline,0,38.444291
string24,ahash,128,iter-density-half,quick_cache,0,24.943261
string24,ahash,128,iter-density-half,lru,0,53.250852
string24,ahash,128,iter-density-half,hashlink,0,52.665286
string24,ahash,128,iter-density-half,baseline,1,38.607915
string24,ahash,128,iter-density-half,quick_cache,1,24.899321
string24,ahash,128,iter-density-half,lru,1,53.704611
string24,ahash,128,iter-density-half,hashlink,1,53.139766
string24,ahash,128,iter-density-half,micro,1,23.767229
string24,ahash,128,iter-density-half,quick_cache,2,25.359802
string24,ahash,128,iter-density-half,lru,2,53.562393
string24,ahash,128,iter-density-half,hashlink,2,52.961198
string24,ahash,128,iter-density-half,micro,2,23.491332
string24,ahash,128,iter-density-half,baseline,2,38.734420
string24,ahash,128,iter-density-half,lru,3,54.188024
string24,ahash,128,iter-density-half,hashlink,3,53.996348
string24,ahash,128,iter-density-half,micro,3,23.431316
string24,ahash,128,iter-density-half,baseline,3,79.653677
string24,ahash,128,iter-density-half,quick_cache,3,40.993714
string24,ahash,128,iter-density-half,hashlink,4,52.917343
string24,ahash,128,iter-density-half,micro,4,24.024989
string24,ahash,128,iter-density-half,baseline,4,40.329301
string24,ahash,128,iter-density-half,quick_cache,4,24.870831
string24,ahash,128,iter-density-half,lru,4,54.214909
string24,ahash,128,iter-front,micro,0,1.200108
string24,ahash,128,iter-front,baseline,0,38.281990
string24,ahash,128,iter-front,quick_cache,0,25.927518
string24,ahash,128,iter-front,lru,0,1.180998
string24,ahash,128,iter-front,hashlink,0,1.172476
string24,ahash,128,iter-front,baseline,1,38.594174
string24,ahash,128,iter-front,quick_cache,1,26.553137
string24,ahash,128,iter-front,lru,1,1.190249
string24,ahash,128,iter-front,hashlink,1,1.179958
string24,ahash,128,iter-front,micro,1,1.186454
string24,ahash,128,iter-front,quick_cache,2,26.778063
string24,ahash,128,iter-front,lru,2,1.211851
string24,ahash,128,iter-front,hashlink,2,1.189555
string24,ahash,128,iter-front,micro,2,1.168749
string24,ahash,128,iter-front,baseline,2,37.984014
string24,ahash,128,iter-front,lru,3,1.202093
string24,ahash,128,iter-front,hashlink,3,1.201107
string24,ahash,128,iter-front,micro,3,1.180849
string24,ahash,128,iter-front,baseline,3,38.588825
string24,ahash,128,iter-front,quick_cache,3,27.040378
string24,ahash,128,iter-front,hashlink,4,1.161696
string24,ahash,128,iter-front,micro,4,1.162791
string24,ahash,128,iter-front,baseline,4,37.916271
string24,ahash,128,iter-front,quick_cache,4,26.331631
string24,ahash,128,iter-front,lru,4,1.199493
string24,ahash,128,iter-back,micro,0,1.174179
string24,ahash,128,iter-back,baseline,0,39.418256
string24,ahash,128,iter-back,quick_cache,0,26.480355
string24,ahash,128,iter-back,lru,0,1.220957
string24,ahash,128,iter-back,hashlink,0,1.203620
string24,ahash,128,iter-back,baseline,1,39.773179
string24,ahash,128,iter-back,quick_cache,1,26.158290
string24,ahash,128,iter-back,lru,1,1.184146
string24,ahash,128,iter-back,hashlink,1,1.157722
string24,ahash,128,iter-back,micro,1,1.171582
string24,ahash,128,iter-back,quick_cache,2,26.290329
string24,ahash,128,iter-back,lru,2,1.196661
string24,ahash,128,iter-back,hashlink,2,1.160660
string24,ahash,128,iter-back,micro,2,1.178134
string24,ahash,128,iter-back,baseline,2,39.331769
string24,ahash,128,iter-back,lru,3,1.190627
string24,ahash,128,iter-back,hashlink,3,1.167017
string24,ahash,128,iter-back,micro,3,1.170018
string24,ahash,128,iter-back,baseline,3,39.764896
string24,ahash,128,iter-back,quick_cache,3,26.251269
string24,ahash,128,iter-back,hashlink,4,1.183608
string24,ahash,128,iter-back,micro,4,1.165204
string24,ahash,128,iter-back,baseline,4,38.904201
string24,ahash,128,iter-back,quick_cache,4,25.817955
string24,ahash,128,iter-back,lru,4,1.187039
string24,ahash,128,iter-empty,micro,0,0.790732
string24,ahash,128,iter-empty,baseline,0,37.841871
string24,ahash,128,iter-empty,quick_cache,0,27.134588
string24,ahash,128,iter-empty,lru,0,0.995466
string24,ahash,128,iter-empty,hashlink,0,1.019155
string24,ahash,128,iter-empty,baseline,1,38.574018
string24,ahash,128,iter-empty,quick_cache,1,27.205827
string24,ahash,128,iter-empty,lru,1,1.007956
string24,ahash,128,iter-empty,hashlink,1,1.003071
string24,ahash,128,iter-empty,micro,1,0.807389
string24,ahash,128,iter-empty,quick_cache,2,27.102150
string24,ahash,128,iter-empty,lru,2,0.985690
string24,ahash,128,iter-empty,hashlink,2,1.007458
string24,ahash,128,iter-empty,micro,2,0.794747
string24,ahash,128,iter-empty,baseline,2,38.629017
string24,ahash,128,iter-empty,lru,3,1.004220
string24,ahash,128,iter-empty,hashlink,3,0.999190
string24,ahash,128,iter-empty,micro,3,0.808726
string24,ahash,128,iter-empty,baseline,3,38.422131
string24,ahash,128,iter-empty,quick_cache,3,27.460048
string24,ahash,128,iter-empty,hashlink,4,1.007328
string24,ahash,128,iter-empty,micro,4,0.792537
string24,ahash,128,iter-empty,baseline,4,39.258175
string24,ahash,128,iter-empty,quick_cache,4,27.214115
string24,ahash,128,iter-empty,lru,4,0.996281
string24,ahash,128,iter-count,micro,0,0.394478
string24,ahash,128,iter-count,baseline,0,37.094961
string24,ahash,128,iter-count,quick_cache,0,54.514898
string24,ahash,128,iter-count,lru,0,0.404086
string24,ahash,128,iter-count,hashlink,0,0.399791
string24,ahash,128,iter-count,baseline,1,37.310888
string24,ahash,128,iter-count,quick_cache,1,55.245305
string24,ahash,128,iter-count,lru,1,0.400559
string24,ahash,128,iter-count,hashlink,1,0.398250
string24,ahash,128,iter-count,micro,1,0.399358
string24,ahash,128,iter-count,quick_cache,2,56.156231
string24,ahash,128,iter-count,lru,2,0.404184
string24,ahash,128,iter-count,hashlink,2,0.404919
string24,ahash,128,iter-count,micro,2,0.404343
string24,ahash,128,iter-count,baseline,2,37.583571
string24,ahash,128,iter-count,lru,3,0.402228
string24,ahash,128,iter-count,hashlink,3,0.406997
string24,ahash,128,iter-count,micro,3,0.399794
string24,ahash,128,iter-count,baseline,3,38.306679
string24,ahash,128,iter-count,quick_cache,3,56.455961
string24,ahash,128,iter-count,hashlink,4,0.393675
string24,ahash,128,iter-count,micro,4,0.399739
string24,ahash,128,iter-count,baseline,4,37.400689
string24,ahash,128,iter-count,quick_cache,4,56.148438
string24,ahash,128,iter-count,lru,4,0.406912
string24,ahash,1024,get-hit,micro,0,7.009063
string24,ahash,1024,get-hit,baseline,0,6.816347
string24,ahash,1024,get-hit,quick_cache,0,6.884822
string24,ahash,1024,get-hit,lru,0,7.744896
string24,ahash,1024,get-hit,hashlink,0,7.462261
string24,ahash,1024,get-hit,baseline,1,6.813049
string24,ahash,1024,get-hit,quick_cache,1,6.885482
string24,ahash,1024,get-hit,lru,1,7.826026
string24,ahash,1024,get-hit,hashlink,1,7.597841
string24,ahash,1024,get-hit,micro,1,6.754834
string24,ahash,1024,get-hit,quick_cache,2,7.131331
string24,ahash,1024,get-hit,lru,2,7.815962
string24,ahash,1024,get-hit,hashlink,2,7.496425
string24,ahash,1024,get-hit,micro,2,6.742350
string24,ahash,1024,get-hit,baseline,2,6.758072
string24,ahash,1024,get-hit,lru,3,7.825811
string24,ahash,1024,get-hit,hashlink,3,7.524556
string24,ahash,1024,get-hit,micro,3,6.875405
string24,ahash,1024,get-hit,baseline,3,6.889061
string24,ahash,1024,get-hit,quick_cache,3,6.879924
string24,ahash,1024,get-hit,hashlink,4,7.499123
string24,ahash,1024,get-hit,micro,4,6.733565
string24,ahash,1024,get-hit,baseline,4,6.730420
string24,ahash,1024,get-hit,quick_cache,4,6.944094
string24,ahash,1024,get-hit,lru,4,7.743306
string24,ahash,1024,get-miss,micro,0,3.780404
string24,ahash,1024,get-miss,baseline,0,3.859885
string24,ahash,1024,get-miss,quick_cache,0,3.759579
string24,ahash,1024,get-miss,lru,0,3.990561
string24,ahash,1024,get-miss,hashlink,0,3.704751
string24,ahash,1024,get-miss,baseline,1,3.796450
string24,ahash,1024,get-miss,quick_cache,1,3.754129
string24,ahash,1024,get-miss,lru,1,4.024351
string24,ahash,1024,get-miss,hashlink,1,3.717802
string24,ahash,1024,get-miss,micro,1,3.727871
string24,ahash,1024,get-miss,quick_cache,2,3.733779
string24,ahash,1024,get-miss,lru,2,3.962745
string24,ahash,1024,get-miss,hashlink,2,3.735321
string24,ahash,1024,get-miss,micro,2,3.771048
string24,ahash,1024,get-miss,baseline,2,3.787379
string24,ahash,1024,get-miss,lru,3,3.962254
string24,ahash,1024,get-miss,hashlink,3,3.745358
string24,ahash,1024,get-miss,micro,3,3.779669
string24,ahash,1024,get-miss,baseline,3,3.855762
string24,ahash,1024,get-miss,quick_cache,3,3.828526
string24,ahash,1024,get-miss,hashlink,4,3.715542
string24,ahash,1024,get-miss,micro,4,3.758851
string24,ahash,1024,get-miss,baseline,4,3.777049
string24,ahash,1024,get-miss,quick_cache,4,3.794615
string24,ahash,1024,get-miss,lru,4,3.966465
string24,ahash,1024,update,micro,0,18.459827
string24,ahash,1024,update,baseline,0,18.297230
string24,ahash,1024,update,quick_cache,0,34.861239
string24,ahash,1024,update,lru,0,23.842491
string24,ahash,1024,update,hashlink,0,22.004071
string24,ahash,1024,update,baseline,1,18.365729
string24,ahash,1024,update,quick_cache,1,34.654552
string24,ahash,1024,update,lru,1,23.694672
string24,ahash,1024,update,hashlink,1,22.122257
string24,ahash,1024,update,micro,1,18.734991
string24,ahash,1024,update,quick_cache,2,34.992110
string24,ahash,1024,update,lru,2,22.834329
string24,ahash,1024,update,hashlink,2,21.905934
string24,ahash,1024,update,micro,2,18.495178
string24,ahash,1024,update,baseline,2,18.313855
string24,ahash,1024,update,lru,3,23.590408
string24,ahash,1024,update,hashlink,3,22.499232
string24,ahash,1024,update,micro,3,18.866980
string24,ahash,1024,update,baseline,3,18.670654
string24,ahash,1024,update,quick_cache,3,36.495328
string24,ahash,1024,update,hashlink,4,21.784467
string24,ahash,1024,update,micro,4,18.685150
string24,ahash,1024,update,baseline,4,18.574011
string24,ahash,1024,update,quick_cache,4,35.282027
string24,ahash,1024,update,lru,4,24.066605
string24,ahash,1024,insert-cycle,micro,0,45.227051
string24,ahash,1024,insert-cycle,baseline,0,44.108671
string24,ahash,1024,insert-cycle,quick_cache,0,28.587543
string24,ahash,1024,insert-cycle,lru,0,51.439318
string24,ahash,1024,insert-cycle,hashlink,0,43.516271
string24,ahash,1024,insert-cycle,baseline,1,44.123636
string24,ahash,1024,insert-cycle,quick_cache,1,27.622559
string24,ahash,1024,insert-cycle,lru,1,50.690059
string24,ahash,1024,insert-cycle,hashlink,1,42.963518
string24,ahash,1024,insert-cycle,micro,1,45.749867
string24,ahash,1024,insert-cycle,quick_cache,2,28.660306
string24,ahash,1024,insert-cycle,lru,2,50.487598
string24,ahash,1024,insert-cycle,hashlink,2,42.483371
string24,ahash,1024,insert-cycle,micro,2,45.369466
string24,ahash,1024,insert-cycle,baseline,2,44.272633
string24,ahash,1024,insert-cycle,lru,3,51.966174
string24,ahash,1024,insert-cycle,hashlink,3,43.476778
string24,ahash,1024,insert-cycle,micro,3,44.170898
string24,ahash,1024,insert-cycle,baseline,3,44.609301
string24,ahash,1024,insert-cycle,quick_cache,3,27.749880
string24,ahash,1024,insert-cycle,hashlink,4,42.460114
string24,ahash,1024,insert-cycle,micro,4,45.128403
string24,ahash,1024,insert-cycle,baseline,4,44.883034
string24,ahash,1024,insert-cycle,quick_cache,4,27.643645
string24,ahash,1024,insert-cycle,lru,4,51.371262
string24,ahash,1024,mixed-95,micro,0,10.661125
string24,ahash,1024,mixed-95,baseline,0,10.567089
string24,ahash,1024,mixed-95,quick_cache,0,13.340116
string24,ahash,1024,mixed-95,lru,0,12.125552
string24,ahash,1024,mixed-95,hashlink,0,11.081596
string24,ahash,1024,mixed-95,baseline,1,9.961069
string24,ahash,1024,mixed-95,quick_cache,1,12.902975
string24,ahash,1024,mixed-95,lru,1,11.465629
string24,ahash,1024,mixed-95,hashlink,1,10.445754
string24,ahash,1024,mixed-95,micro,1,10.081867
string24,ahash,1024,mixed-95,quick_cache,2,14.071504
string24,ahash,1024,mixed-95,lru,2,11.840919
string24,ahash,1024,mixed-95,hashlink,2,10.979811
string24,ahash,1024,mixed-95,micro,2,10.456165
string24,ahash,1024,mixed-95,baseline,2,10.351201
string24,ahash,1024,mixed-95,lru,3,11.858622
string24,ahash,1024,mixed-95,hashlink,3,10.999898
string24,ahash,1024,mixed-95,micro,3,10.360956
string24,ahash,1024,mixed-95,baseline,3,11.803726
string24,ahash,1024,mixed-95,quick_cache,3,13.146798
string24,ahash,1024,mixed-95,hashlink,4,11.196990
string24,ahash,1024,mixed-95,micro,4,10.274211
string24,ahash,1024,mixed-95,baseline,4,10.235667
string24,ahash,1024,mixed-95,quick_cache,4,13.766269
string24,ahash,1024,mixed-95,lru,4,12.029707
string24,ahash,1024,load-hit,micro,0,8.019929
string24,ahash,1024,load-hit,baseline,0,19.061536
string24,ahash,1024,load-hit,quick_cache,0,8.756002
string24,ahash,1024,load-hit,lru,0,9.392372
string24,ahash,1024,load-hit,hashlink,0,7.534728
string24,ahash,1024,load-hit,baseline,1,18.955481
string24,ahash,1024,load-hit,quick_cache,1,8.944506
string24,ahash,1024,load-hit,lru,1,9.493314
string24,ahash,1024,load-hit,hashlink,1,7.464905
string24,ahash,1024,load-hit,micro,1,7.812606
string24,ahash,1024,load-hit,quick_cache,2,8.744739
string24,ahash,1024,load-hit,lru,2,9.460972
string24,ahash,1024,load-hit,hashlink,2,7.581438
string24,ahash,1024,load-hit,micro,2,7.981453
string24,ahash,1024,load-hit,baseline,2,19.033307
string24,ahash,1024,load-hit,lru,3,9.525920
string24,ahash,1024,load-hit,hashlink,3,7.652496
string24,ahash,1024,load-hit,micro,3,7.868556
string24,ahash,1024,load-hit,baseline,3,18.691510
string24,ahash,1024,load-hit,quick_cache,3,8.960631
string24,ahash,1024,load-hit,hashlink,4,7.600643
string24,ahash,1024,load-hit,micro,4,7.829382
string24,ahash,1024,load-hit,baseline,4,18.678284
string24,ahash,1024,load-hit,quick_cache,4,8.960259
string24,ahash,1024,load-hit,lru,4,9.247336
string24,ahash,1024,load-cycle,micro,0,45.200536
string24,ahash,1024,load-cycle,baseline,0,45.846298
string24,ahash,1024,load-cycle,quick_cache,0,19.727103
string24,ahash,1024,load-cycle,lru,0,47.187164
string24,ahash,1024,load-cycle,hashlink,0,46.497986
string24,ahash,1024,load-cycle,baseline,1,46.405151
string24,ahash,1024,load-cycle,quick_cache,1,19.808383
string24,ahash,1024,load-cycle,lru,1,46.969742
string24,ahash,1024,load-cycle,hashlink,1,45.387340
string24,ahash,1024,load-cycle,micro,1,44.704250
string24,ahash,1024,load-cycle,quick_cache,2,19.503945
string24,ahash,1024,load-cycle,lru,2,46.955109
string24,ahash,1024,load-cycle,hashlink,2,45.387340
string24,ahash,1024,load-cycle,micro,2,44.197826
string24,ahash,1024,load-cycle,baseline,2,46.708435
string24,ahash,1024,load-cycle,lru,3,47.576566
string24,ahash,1024,load-cycle,hashlink,3,49.104134
string24,ahash,1024,load-cycle,micro,3,46.122879
string24,ahash,1024,load-cycle,baseline,3,45.741226
string24,ahash,1024,load-cycle,quick_cache,3,19.680990
string24,ahash,1024,load-cycle,hashlink,4,46.740219
string24,ahash,1024,load-cycle,micro,4,44.839252
string24,ahash,1024,load-cycle,baseline,4,45.068611
string24,ahash,1024,load-cycle,quick_cache,4,20.299905
string24,ahash,1024,load-cycle,lru,4,48.834912
string24,ahash,1024,clear-refill,micro,0,21752.717391
string24,ahash,1024,clear-refill,baseline,0,21920.927007
string24,ahash,1024,clear-refill,quick_cache,0,23221.153846
string24,ahash,1024,clear-refill,lru,0,51062.152542
string24,ahash,1024,clear-refill,hashlink,0,32314.064516
string24,ahash,1024,clear-refill,baseline,1,21157.570423
string24,ahash,1024,clear-refill,quick_cache,1,22854.166667
string24,ahash,1024,clear-refill,lru,1,52981.736842
string24,ahash,1024,clear-refill,hashlink,1,32191.936170
string24,ahash,1024,clear-refill,micro,1,21390.368794
string24,ahash,1024,clear-refill,quick_cache,2,22361.725926
string24,ahash,1024,clear-refill,lru,2,51643.372881
string24,ahash,1024,clear-refill,hashlink,2,32822.010870
string24,ahash,1024,clear-refill,micro,2,21812.500000
string24,ahash,1024,clear-refill,baseline,2,21891.601449
string24,ahash,1024,clear-refill,lru,3,52608.482759
string24,ahash,1024,clear-refill,hashlink,3,33296.703297
string24,ahash,1024,clear-refill,micro,3,21834.543478
string24,ahash,1024,clear-refill,baseline,3,21821.253623
string24,ahash,1024,clear-refill,quick_cache,3,24079.328000
string24,ahash,1024,clear-refill,hashlink,4,33430.100000
string24,ahash,1024,clear-refill,micro,4,22512.126866
string24,ahash,1024,clear-refill,baseline,4,21630.395683
string24,ahash,1024,clear-refill,quick_cache,4,23501.632812
string24,ahash,1024,clear-refill,lru,4,51233.762712
string24,ahash,1024,clear-empty,micro,0,0.372282
string24,ahash,1024,clear-empty,baseline,0,48.424587
string24,ahash,1024,clear-empty,quick_cache,0,3.947351
string24,ahash,1024,clear-empty,lru,0,2.148288
string24,ahash,1024,clear-empty,hashlink,0,0.608735
string24,ahash,1024,clear-empty,baseline,1,48.028336
string24,ahash,1024,clear-empty,quick_cache,1,3.996537
string24,ahash,1024,clear-empty,lru,1,2.177386
string24,ahash,1024,clear-empty,hashlink,1,0.624086
string24,ahash,1024,clear-empty,micro,1,0.377914
string24,ahash,1024,clear-empty,quick_cache,2,4.012787
string24,ahash,1024,clear-empty,lru,2,2.159154
string24,ahash,1024,clear-empty,hashlink,2,0.615416
string24,ahash,1024,clear-empty,micro,2,0.374868
string24,ahash,1024,clear-empty,baseline,2,49.034961
string24,ahash,1024,clear-empty,lru,3,2.183033
string24,ahash,1024,clear-empty,hashlink,3,0.621644
string24,ahash,1024,clear-empty,micro,3,0.370254
string24,ahash,1024,clear-empty,baseline,3,48.365966
string24,ahash,1024,clear-empty,quick_cache,3,4.488284
string24,ahash,1024,clear-empty,hashlink,4,0.666538
string24,ahash,1024,clear-empty,micro,4,0.379875
string24,ahash,1024,clear-empty,baseline,4,48.411507
string24,ahash,1024,clear-empty,quick_cache,4,4.088370
string24,ahash,1024,clear-empty,lru,4,2.198029
string24,ahash,1024,iter-dense,micro,0,185.257951
string24,ahash,1024,iter-dense,baseline,0,280.692459
string24,ahash,1024,iter-dense,quick_cache,0,264.322887
string24,ahash,1024,iter-dense,lru,0,1375.490489
string24,ahash,1024,iter-dense,hashlink,0,1368.866848
string24,ahash,1024,iter-dense,baseline,1,292.018439
string24,ahash,1024,iter-dense,quick_cache,1,252.874410
string24,ahash,1024,iter-dense,lru,1,1370.697464
string24,ahash,1024,iter-dense,hashlink,1,1365.394928
string24,ahash,1024,iter-dense,micro,1,184.009926
string24,ahash,1024,iter-dense,quick_cache,2,265.466808
string24,ahash,1024,iter-dense,lru,2,1400.284049
string24,ahash,1024,iter-dense,hashlink,2,1284.335616
string24,ahash,1024,iter-dense,micro,2,180.391106
string24,ahash,1024,iter-dense,baseline,2,278.098743
string24,ahash,1024,iter-dense,lru,3,1344.550000
string24,ahash,1024,iter-dense,hashlink,3,1309.914062
string24,ahash,1024,iter-dense,micro,3,180.428726
string24,ahash,1024,iter-dense,baseline,3,276.859790
string24,ahash,1024,iter-dense,quick_cache,3,251.260361
string24,ahash,1024,iter-dense,hashlink,4,1364.885417
string24,ahash,1024,iter-dense,micro,4,182.653879
string24,ahash,1024,iter-dense,baseline,4,283.508025
string24,ahash,1024,iter-dense,quick_cache,4,255.857544
string24,ahash,1024,iter-dense,lru,4,1357.068750
string24,ahash,1024,iter-dense-for,micro,0,279.866325
string24,ahash,1024,iter-dense-for,baseline,0,280.274440
string24,ahash,1024,iter-dense-for,quick_cache,0,526.565468
string24,ahash,1024,iter-dense-for,lru,0,809.896013
string24,ahash,1024,iter-dense-for,hashlink,0,946.666875
string24,ahash,1024,iter-dense-for,baseline,1,279.820033
string24,ahash,1024,iter-dense-for,quick_cache,1,275.461327
string24,ahash,1024,iter-dense-for,lru,1,811.579472
string24,ahash,1024,iter-dense-for,hashlink,1,975.126289
string24,ahash,1024,iter-dense-for,micro,1,274.297971
string24,ahash,1024,iter-dense-for,quick_cache,2,273.312591
string24,ahash,1024,iter-dense-for,lru,2,812.612338
string24,ahash,1024,iter-dense-for,hashlink,2,965.016263
string24,ahash,1024,iter-dense-for,micro,2,280.565951
string24,ahash,1024,iter-dense-for,baseline,2,280.231623
string24,ahash,1024,iter-dense-for,lru,3,807.547543
string24,ahash,1024,iter-dense-for,hashlink,3,990.350987
string24,ahash,1024,iter-dense-for,micro,3,278.313613
string24,ahash,1024,iter-dense-for,baseline,3,278.587815
string24,ahash,1024,iter-dense-for,quick_cache,3,267.854523
string24,ahash,1024,iter-dense-for,hashlink,4,950.415720
string24,ahash,1024,iter-dense-for,micro,4,279.971175
string24,ahash,1024,iter-dense-for,baseline,4,283.199172
string24,ahash,1024,iter-dense-for,quick_cache,4,320.392219
string24,ahash,1024,iter-dense-for,lru,4,784.505208
string24,ahash,1024,iter-density-1pct,micro,0,7.178407
string24,ahash,1024,iter-density-1pct,baseline,0,355.740057
string24,ahash,1024,iter-density-1pct,quick_cache,0,212.213094
string24,ahash,1024,iter-density-1pct,lru,0,4.311138
string24,ahash,1024,iter-density-1pct,hashlink,0,4.328175
string24,ahash,1024,iter-density-1pct,baseline,1,355.080542
string24,ahash,1024,iter-density-1pct,quick_cache,1,204.563249
string24,ahash,1024,iter-density-1pct,lru,1,4.280354
string24,ahash,1024,iter-density-1pct,hashlink,1,4.264643
string24,ahash,1024,iter-density-1pct,micro,1,7.244818
string24,ahash,1024,iter-density-1pct,quick_cache,2,207.751452
string24,ahash,1024,iter-density-1pct,lru,2,4.368247
string24,ahash,1024,iter-density-1pct,hashlink,2,4.352831
string24,ahash,1024,iter-density-1pct,micro,2,7.400845
string24,ahash,1024,iter-density-1pct,baseline,2,363.402374
string24,ahash,1024,iter-density-1pct,lru,3,4.327256
string24,ahash,1024,iter-density-1pct,hashlink,3,4.224364
string24,ahash,1024,iter-density-1pct,micro,3,7.260990
string24,ahash,1024,iter-density-1pct,baseline,3,353.662477
string24,ahash,1024,iter-density-1pct,quick_cache,3,209.235175
string24,ahash,1024,iter-density-1pct,hashlink,4,4.241757
string24,ahash,1024,iter-density-1pct,micro,4,7.303512
string24,ahash,1024,iter-density-1pct,baseline,4,357.473859
string24,ahash,1024,iter-density-1pct,quick_cache,4,207.920455
string24,ahash,1024,iter-density-1pct,lru,4,4.358153
string24,ahash,1024,iter-density-6pct,micro,0,190.576952
string24,ahash,1024,iter-density-6pct,baseline,0,291.444293
string24,ahash,1024,iter-density-6pct,quick_cache,0,211.219032
string24,ahash,1024,iter-density-6pct,lru,0,51.939144
string24,ahash,1024,iter-density-6pct,hashlink,0,52.338361
string24,ahash,1024,iter-density-6pct,baseline,1,293.257715
string24,ahash,1024,iter-density-6pct,quick_cache,1,213.142116
string24,ahash,1024,iter-density-6pct,lru,1,53.430680
string24,ahash,1024,iter-density-6pct,hashlink,1,53.673852
string24,ahash,1024,iter-density-6pct,micro,1,190.939537
string24,ahash,1024,iter-density-6pct,quick_cache,2,211.092556
string24,ahash,1024,iter-density-6pct,lru,2,52.113726
string24,ahash,1024,iter-density-6pct,hashlink,2,52.787162
string24,ahash,1024,iter-density-6pct,micro,2,190.275799
string24,ahash,1024,iter-density-6pct,baseline,2,309.326172
string24,ahash,1024,iter-density-6pct,lru,3,52.603284
string24,ahash,1024,iter-density-6pct,hashlink,3,52.183326
string24,ahash,1024,iter-density-6pct,micro,3,191.382334
string24,ahash,1024,iter-density-6pct,baseline,3,311.167736
string24,ahash,1024,iter-density-6pct,quick_cache,3,214.454267
string24,ahash,1024,iter-density-6pct,hashlink,4,51.761400
string24,ahash,1024,iter-density-6pct,micro,4,187.552063
string24,ahash,1024,iter-density-6pct,baseline,4,304.695921
string24,ahash,1024,iter-density-6pct,quick_cache,4,214.213542
string24,ahash,1024,iter-density-6pct,lru,4,52.564304
string24,ahash,1024,iter-density-quarter,micro,0,191.066828
string24,ahash,1024,iter-density-quarter,baseline,0,267.798878
string24,ahash,1024,iter-density-quarter,quick_cache,0,197.828784
string24,ahash,1024,iter-density-quarter,lru,0,308.615234
string24,ahash,1024,iter-density-quarter,hashlink,0,300.003295
string24,ahash,1024,iter-density-quarter,baseline,1,258.400740
string24,ahash,1024,iter-density-quarter,quick_cache,1,208.263997
string24,ahash,1024,iter-density-quarter,lru,1,329.226096
string24,ahash,1024,iter-density-quarter,hashlink,1,308.072951
string24,ahash,1024,iter-density-quarter,micro,1,210.770716
string24,ahash,1024,iter-density-quarter,quick_cache,2,201.272465
string24,ahash,1024,iter-density-quarter,lru,2,324.475562
string24,ahash,1024,iter-density-quarter,hashlink,2,315.056103
string24,ahash,1024,iter-density-quarter,micro,2,188.551079
string24,ahash,1024,iter-density-quarter,baseline,2,268.684366
string24,ahash,1024,iter-density-quarter,lru,3,306.423611
string24,ahash,1024,iter-density-quarter,hashlink,3,307.428279
string24,ahash,1024,iter-density-quarter,micro,3,191.470026
string24,ahash,1024,iter-density-quarter,baseline,3,262.504365
string24,ahash,1024,iter-density-quarter,quick_cache,3,197.003020
string24,ahash,1024,iter-density-quarter,hashlink,4,312.886250
string24,ahash,1024,iter-density-quarter,micro,4,186.744098
string24,ahash,1024,iter-density-quarter,baseline,4,261.366905
string24,ahash,1024,iter-density-quarter,quick_cache,4,167.351381
string24,ahash,1024,iter-density-quarter,lru,4,314.250627
string24,ahash,1024,iter-density-half,micro,0,186.749254
string24,ahash,1024,iter-density-half,baseline,0,266.263191
string24,ahash,1024,iter-density-half,quick_cache,0,201.560287
string24,ahash,1024,iter-density-half,lru,0,663.035431
string24,ahash,1024,iter-density-half,hashlink,0,647.279095
string24,ahash,1024,iter-density-half,baseline,1,264.561356
string24,ahash,1024,iter-density-half,quick_cache,1,197.971585
string24,ahash,1024,iter-density-half,lru,1,659.291084
string24,ahash,1024,iter-density-half,hashlink,1,645.779752
string24,ahash,1024,iter-density-half,micro,1,185.405324
string24,ahash,1024,iter-density-half,quick_cache,2,196.011091
string24,ahash,1024,iter-density-half,lru,2,659.664554
string24,ahash,1024,iter-density-half,hashlink,2,648.706897
string24,ahash,1024,iter-density-half,micro,2,183.984375
string24,ahash,1024,iter-density-half,baseline,2,262.267982
string24,ahash,1024,iter-density-half,lru,3,659.391390
string24,ahash,1024,iter-density-half,hashlink,3,655.949519
string24,ahash,1024,iter-density-half,micro,3,186.650907
string24,ahash,1024,iter-density-half,baseline,3,264.001053
string24,ahash,1024,iter-density-half,quick_cache,3,196.206002
string24,ahash,1024,iter-density-half,hashlink,4,656.586976
string24,ahash,1024,iter-density-half,micro,4,183.634540
string24,ahash,1024,iter-density-half,baseline,4,263.042717
string24,ahash,1024,iter-density-half,quick_cache,4,196.268632
string24,ahash,1024,iter-density-half,lru,4,657.861670
string24,ahash,1024,iter-front,micro,0,1.172065
string24,ahash,1024,iter-front,baseline,0,271.266077
string24,ahash,1024,iter-front,quick_cache,0,168.769672
string24,ahash,1024,iter-front,lru,0,1.208929
string24,ahash,1024,iter-front,hashlink,0,1.179794
string24,ahash,1024,iter-front,baseline,1,267.791400
string24,ahash,1024,iter-front,quick_cache,1,166.141206
string24,ahash,1024,iter-front,lru,1,1.192490
string24,ahash,1024,iter-front,hashlink,1,1.147322
string24,ahash,1024,iter-front,micro,1,1.167715
string24,ahash,1024,iter-front,quick_cache,2,165.652109
string24,ahash,1024,iter-front,lru,2,1.198650
string24,ahash,1024,iter-front,hashlink,2,1.148081
string24,ahash,1024,iter-front,micro,2,1.176360
string24,ahash,1024,iter-front,baseline,2,269.374552
string24,ahash,1024,iter-front,lru,3,1.202416
string24,ahash,1024,iter-front,hashlink,3,1.169988
string24,ahash,1024,iter-front,micro,3,1.191672
string24,ahash,1024,iter-front,baseline,3,332.894725
string24,ahash,1024,iter-front,quick_cache,3,200.065565
string24,ahash,1024,iter-front,hashlink,4,1.167003
string24,ahash,1024,iter-front,micro,4,1.192460
string24,ahash,1024,iter-front,baseline,4,269.273818
string24,ahash,1024,iter-front,quick_cache,4,170.072860
string24,ahash,1024,iter-front,lru,4,1.208523
string24,ahash,1024,iter-back,micro,0,1.193447
string24,ahash,1024,iter-back,baseline,0,272.566951
string24,ahash,1024,iter-back,quick_cache,0,168.935304
string24,ahash,1024,iter-back,lru,0,1.194450
string24,ahash,1024,iter-back,hashlink,0,1.197578
string24,ahash,1024,iter-back,baseline,1,273.263354
string24,ahash,1024,iter-back,quick_cache,1,167.564174
string24,ahash,1024,iter-back,lru,1,1.202617
string24,ahash,1024,iter-back,hashlink,1,1.146593
string24,ahash,1024,iter-back,micro,1,1.189193
string24,ahash,1024,iter-back,quick_cache,2,172.187959
string24,ahash,1024,iter-back,lru,2,1.207776
string24,ahash,1024,iter-back,hashlink,2,1.169507
string24,ahash,1024,iter-back,micro,2,1.187115
string24,ahash,1024,iter-back,baseline,2,271.856159
string24,ahash,1024,iter-back,lru,3,1.208897
string24,ahash,1024,iter-back,hashlink,3,1.175755
string24,ahash,1024,iter-back,micro,3,1.197915
string24,ahash,1024,iter-back,baseline,3,274.229441
string24,ahash,1024,iter-back,quick_cache,3,168.706441
string24,ahash,1024,iter-back,hashlink,4,1.150236
string24,ahash,1024,iter-back,micro,4,1.201107
string24,ahash,1024,iter-back,baseline,4,275.361987
string24,ahash,1024,iter-back,quick_cache,4,167.195856
string24,ahash,1024,iter-back,lru,4,1.191626
string24,ahash,1024,iter-empty,micro,0,0.808329
string24,ahash,1024,iter-empty,baseline,0,268.848496
string24,ahash,1024,iter-empty,quick_cache,0,165.059694
string24,ahash,1024,iter-empty,lru,0,0.994568
string24,ahash,1024,iter-empty,hashlink,0,1.000405
string24,ahash,1024,iter-empty,baseline,1,270.187950
string24,ahash,1024,iter-empty,quick_cache,1,167.582757
string24,ahash,1024,iter-empty,lru,1,1.015578
string24,ahash,1024,iter-empty,hashlink,1,1.002256
string24,ahash,1024,iter-empty,micro,1,0.775652
string24,ahash,1024,iter-empty,quick_cache,2,165.502370
string24,ahash,1024,iter-empty,lru,2,0.993441
string24,ahash,1024,iter-empty,hashlink,2,1.009497
string24,ahash,1024,iter-empty,micro,2,0.791019
string24,ahash,1024,iter-empty,baseline,2,265.872079
string24,ahash,1024,iter-empty,lru,3,0.991696
string24,ahash,1024,iter-empty,hashlink,3,1.016304
string24,ahash,1024,iter-empty,micro,3,0.821468
string24,ahash,1024,iter-empty,baseline,3,270.126167
string24,ahash,1024,iter-empty,quick_cache,3,167.943146
string24,ahash,1024,iter-empty,hashlink,4,1.018170
string24,ahash,1024,iter-empty,micro,4,0.788783
string24,ahash,1024,iter-empty,baseline,4,274.029701
string24,ahash,1024,iter-empty,quick_cache,4,174.300070
string24,ahash,1024,iter-empty,lru,4,1.018867
string24,ahash,1024,iter-count,micro,0,0.406449
string24,ahash,1024,iter-count,baseline,0,278.343023
string24,ahash,1024,iter-count,quick_cache,0,501.715658
string24,ahash,1024,iter-count,lru,0,0.403205
string24,ahash,1024,iter-count,hashlink,0,0.402443
string24,ahash,1024,iter-count,baseline,1,266.882724
string24,ahash,1024,iter-count,quick_cache,1,509.836447
string24,ahash,1024,iter-count,lru,1,0.407402
string24,ahash,1024,iter-count,hashlink,1,0.407878
string24,ahash,1024,iter-count,micro,1,0.404190
string24,ahash,1024,iter-count,quick_cache,2,507.493652
string24,ahash,1024,iter-count,lru,2,0.402836
string24,ahash,1024,iter-count,hashlink,2,0.404888
string24,ahash,1024,iter-count,micro,2,0.402181
string24,ahash,1024,iter-count,baseline,2,268.210671
string24,ahash,1024,iter-count,lru,3,0.402013
string24,ahash,1024,iter-count,hashlink,3,0.406154
string24,ahash,1024,iter-count,micro,3,0.400737
string24,ahash,1024,iter-count,baseline,3,269.731001
string24,ahash,1024,iter-count,quick_cache,3,512.483016
string24,ahash,1024,iter-count,hashlink,4,0.404351
string24,ahash,1024,iter-count,micro,4,0.390873
string24,ahash,1024,iter-count,baseline,4,270.996094
string24,ahash,1024,iter-count,quick_cache,4,515.143852
string24,ahash,1024,iter-count,lru,4,0.409976
string24,ahash,16384,get-hit,micro,0,10.623169
string24,ahash,16384,get-hit,baseline,0,10.501681
string24,ahash,16384,get-hit,quick_cache,0,10.947880
string24,ahash,16384,get-hit,lru,0,11.690617
string24,ahash,16384,get-hit,hashlink,0,11.574268
string24,ahash,16384,get-hit,baseline,1,10.777940
string24,ahash,16384,get-hit,quick_cache,1,11.120113
string24,ahash,16384,get-hit,lru,1,11.892176
string24,ahash,16384,get-hit,hashlink,1,11.450130
string24,ahash,16384,get-hit,micro,1,10.747130
string24,ahash,16384,get-hit,quick_cache,2,11.134910
string24,ahash,16384,get-hit,lru,2,11.954358
string24,ahash,16384,get-hit,hashlink,2,11.782486
string24,ahash,16384,get-hit,micro,2,10.815340
string24,ahash,16384,get-hit,baseline,2,10.810554
string24,ahash,16384,get-hit,lru,3,11.903332
string24,ahash,16384,get-hit,hashlink,3,11.838686
string24,ahash,16384,get-hit,micro,3,10.630580
string24,ahash,16384,get-hit,baseline,3,10.719224
string24,ahash,16384,get-hit,quick_cache,3,11.123657
string24,ahash,16384,get-hit,hashlink,4,11.560284
string24,ahash,16384,get-hit,micro,4,10.557049
string24,ahash,16384,get-hit,baseline,4,10.728237
string24,ahash,16384,get-hit,quick_cache,4,11.124582
string24,ahash,16384,get-hit,lru,4,11.927943
string24,ahash,16384,get-miss,micro,0,6.012463
string24,ahash,16384,get-miss,baseline,0,6.177606
string24,ahash,16384,get-miss,quick_cache,0,5.828697
string24,ahash,16384,get-miss,lru,0,5.764326
string24,ahash,16384,get-miss,hashlink,0,5.958228
string24,ahash,16384,get-miss,baseline,1,6.094845
string24,ahash,16384,get-miss,quick_cache,1,6.138357
string24,ahash,16384,get-miss,lru,1,5.856064
string24,ahash,16384,get-miss,hashlink,1,5.863169
string24,ahash,16384,get-miss,micro,1,6.063909
string24,ahash,16384,get-miss,quick_cache,2,6.125470
string24,ahash,16384,get-miss,lru,2,6.044065
string24,ahash,16384,get-miss,hashlink,2,6.065910
string24,ahash,16384,get-miss,micro,2,6.023135
string24,ahash,16384,get-miss,baseline,2,6.114537
string24,ahash,16384,get-miss,lru,3,5.997525
string24,ahash,16384,get-miss,hashlink,3,5.857034
string24,ahash,16384,get-miss,micro,3,5.997196
string24,ahash,16384,get-miss,baseline,3,6.016800
string24,ahash,16384,get-miss,quick_cache,3,5.988336
string24,ahash,16384,get-miss,hashlink,4,5.853562
string24,ahash,16384,get-miss,micro,4,5.963070
string24,ahash,16384,get-miss,baseline,4,6.017048
string24,ahash,16384,get-miss,quick_cache,4,5.978165
string24,ahash,16384,get-miss,lru,4,5.920493
string24,ahash,16384,update,micro,0,26.850019
string24,ahash,16384,update,baseline,0,24.818587
string24,ahash,16384,update,quick_cache,0,57.510376
string24,ahash,16384,update,lru,0,31.785329
string24,ahash,16384,update,hashlink,0,26.778085
string24,ahash,16384,update,baseline,1,24.201080
string24,ahash,16384,update,quick_cache,1,64.994812
string24,ahash,16384,update,lru,1,34.723921
string24,ahash,16384,update,hashlink,1,29.192017
string24,ahash,16384,update,micro,1,24.349846
string24,ahash,16384,update,quick_cache,2,55.906023
string24,ahash,16384,update,lru,2,30.928294
string24,ahash,16384,update,hashlink,2,27.024405
string24,ahash,16384,update,micro,2,24.208382
string24,ahash,16384,update,baseline,2,24.090134
string24,ahash,16384,update,lru,3,32.712718
string24,ahash,16384,update,hashlink,3,26.955741
string24,ahash,16384,update,micro,3,24.116196
string24,ahash,16384,update,baseline,3,24.210617
string24,ahash,16384,update,quick_cache,3,52.872345
string24,ahash,16384,update,hashlink,4,27.200971
string24,ahash,16384,update,micro,4,24.418510
string24,ahash,16384,update,baseline,4,24.623950
string24,ahash,16384,update,quick_cache,4,58.255144
string24,ahash,16384,update,lru,4,33.171336
string24,ahash,16384,insert-cycle,micro,0,47.166824
string24,ahash,16384,insert-cycle,baseline,0,48.137665
string24,ahash,16384,insert-cycle,quick_cache,0,34.443746
string24,ahash,16384,insert-cycle,lru,0,54.713562
string24,ahash,16384,insert-cycle,hashlink,0,52.873611
string24,ahash,16384,insert-cycle,baseline,1,49.259186
string24,ahash,16384,insert-cycle,quick_cache,1,41.503479
string24,ahash,16384,insert-cycle,lru,1,57.941437
string24,ahash,16384,insert-cycle,hashlink,1,61.060593
string24,ahash,16384,insert-cycle,micro,1,49.321503
string24,ahash,16384,insert-cycle,quick_cache,2,40.192505
string24,ahash,16384,insert-cycle,lru,2,60.241699
string24,ahash,16384,insert-cycle,hashlink,2,53.554535
string24,ahash,16384,insert-cycle,micro,2,47.080994
string24,ahash,16384,insert-cycle,baseline,2,48.020676
string24,ahash,16384,insert-cycle,lru,3,57.551697
string24,ahash,16384,insert-cycle,hashlink,3,49.606323
string24,ahash,16384,insert-cycle,micro,3,47.189072
string24,ahash,16384,insert-cycle,baseline,3,45.783152
string24,ahash,16384,insert-cycle,quick_cache,3,36.986888
string24,ahash,16384,insert-cycle,hashlink,4,48.372910
string24,ahash,16384,insert-cycle,micro,4,47.110245
string24,ahash,16384,insert-cycle,baseline,4,46.386719
string24,ahash,16384,insert-cycle,quick_cache,4,38.580994
string24,ahash,16384,insert-cycle,lru,4,53.716660
string24,ahash,16384,mixed-95,micro,0,13.186514
string24,ahash,16384,mixed-95,baseline,0,13.493518
string24,ahash,16384,mixed-95,quick_cache,0,15.678525
string24,ahash,16384,mixed-95,lru,0,15.086670
string24,ahash,16384,mixed-95,hashlink,0,14.732083
string24,ahash,16384,mixed-95,baseline,1,13.101975
string24,ahash,16384,mixed-95,quick_cache,1,14.179786
string24,ahash,16384,mixed-95,lru,1,14.545878
string24,ahash,16384,mixed-95,hashlink,1,13.602396
string24,ahash,16384,mixed-95,micro,1,14.199932
string24,ahash,16384,mixed-95,quick_cache,2,14.946838
string24,ahash,16384,mixed-95,lru,2,13.875544
string24,ahash,16384,mixed-95,hashlink,2,13.337056
string24,ahash,16384,mixed-95,micro,2,12.869139
string24,ahash,16384,mixed-95,baseline,2,12.844642
string24,ahash,16384,mixed-95,lru,3,13.770143
string24,ahash,16384,mixed-95,hashlink,3,13.424695
string24,ahash,16384,mixed-95,micro,3,12.904306
string24,ahash,16384,mixed-95,baseline,3,12.863835
string24,ahash,16384,mixed-95,quick_cache,3,14.034291
string24,ahash,16384,mixed-95,hashlink,4,14.086366
string24,ahash,16384,mixed-95,micro,4,14.147659
string24,ahash,16384,mixed-95,baseline,4,14.033953
string24,ahash,16384,mixed-95,quick_cache,4,14.743805
string24,ahash,16384,mixed-95,lru,4,14.847438
string24,ahash,16384,load-hit,micro,0,12.637258
string24,ahash,16384,load-hit,baseline,0,27.554827
string24,ahash,16384,load-hit,quick_cache,0,13.937866
string24,ahash,16384,load-hit,lru,0,13.144540
string24,ahash,16384,load-hit,hashlink,0,11.436231
string24,ahash,16384,load-hit,baseline,1,26.810050
string24,ahash,16384,load-hit,quick_cache,1,13.666224
string24,ahash,16384,load-hit,lru,1,13.167790
string24,ahash,16384,load-hit,hashlink,1,11.638958
string24,ahash,16384,load-hit,micro,1,12.335881
string24,ahash,16384,load-hit,quick_cache,2,13.467150
string24,ahash,16384,load-hit,lru,2,13.122742
string24,ahash,16384,load-hit,hashlink,2,11.297826
string24,ahash,16384,load-hit,micro,2,12.275187
string24,ahash,16384,load-hit,baseline,2,26.885986
string24,ahash,16384,load-hit,lru,3,12.890520
string24,ahash,16384,load-hit,hashlink,3,11.437311
string24,ahash,16384,load-hit,micro,3,12.578837
string24,ahash,16384,load-hit,baseline,3,26.912144
string24,ahash,16384,load-hit,quick_cache,3,13.822202
string24,ahash,16384,load-hit,hashlink,4,11.474609
string24,ahash,16384,load-hit,micro,4,12.536454
string24,ahash,16384,load-hit,baseline,4,27.291800
string24,ahash,16384,load-hit,quick_cache,4,14.133357
string24,ahash,16384,load-hit,lru,4,13.364158
string24,ahash,16384,load-cycle,micro,0,47.683716
string24,ahash,16384,load-cycle,baseline,0,48.119858
string24,ahash,16384,load-cycle,quick_cache,0,24.428688
string24,ahash,16384,load-cycle,lru,0,58.010742
string24,ahash,16384,load-cycle,hashlink,0,57.595566
string24,ahash,16384,load-cycle,baseline,1,48.341125
string24,ahash,16384,load-cycle,quick_cache,1,24.353027
string24,ahash,16384,load-cycle,lru,1,57.437897
string24,ahash,16384,load-cycle,hashlink,1,57.731628
string24,ahash,16384,load-cycle,micro,1,47.980621
string24,ahash,16384,load-cycle,quick_cache,2,25.109291
string24,ahash,16384,load-cycle,lru,2,58.309555
string24,ahash,16384,load-cycle,hashlink,2,54.431290
string24,ahash,16384,load-cycle,micro,2,46.578094
string24,ahash,16384,load-cycle,baseline,2,47.999054
string24,ahash,16384,load-cycle,lru,3,55.156708
string24,ahash,16384,load-cycle,hashlink,3,54.066330
string24,ahash,16384,load-cycle,micro,3,46.077728
string24,ahash,16384,load-cycle,baseline,3,46.169281
string24,ahash,16384,load-cycle,quick_cache,3,24.186134
string24,ahash,16384,load-cycle,hashlink,4,54.048538
string24,ahash,16384,load-cycle,micro,4,47.051743
string24,ahash,16384,load-cycle,baseline,4,46.957657
string24,ahash,16384,load-cycle,quick_cache,4,23.851395
string24,ahash,16384,load-cycle,lru,4,54.806396
string24,ahash,16384,clear-refill,micro,0,372171.333333
string24,ahash,16384,clear-refill,baseline,0,369972.222222
string24,ahash,16384,clear-refill,quick_cache,0,1028916.666667
string24,ahash,16384,clear-refill,lru,0,2935562.500000
string24,ahash,16384,clear-refill,hashlink,0,765468.750000
string24,ahash,16384,clear-refill,baseline,1,602766.600000
string24,ahash,16384,clear-refill,quick_cache,1,494113.000000
string24,ahash,16384,clear-refill,lru,1,955135.250000
string24,ahash,16384,clear-refill,hashlink,1,577541.666667
string24,ahash,16384,clear-refill,micro,1,383598.875000
string24,ahash,16384,clear-refill,quick_cache,2,479506.000000
string24,ahash,16384,clear-refill,lru,2,931687.500000
string24,ahash,16384,clear-refill,hashlink,2,587152.833333
string24,ahash,16384,clear-refill,micro,2,395229.125000
string24,ahash,16384,clear-refill,baseline,2,382494.750000
string24,ahash,16384,clear-refill,lru,3,911093.750000
string24,ahash,16384,clear-refill,hashlink,3,584139.000000
string24,ahash,16384,clear-refill,micro,3,393375.000000
string24,ahash,16384,clear-refill,baseline,3,393781.250000
string24,ahash,16384,clear-refill,quick_cache,3,471464.285714
string24,ahash,16384,clear-refill,hashlink,4,585902.666667
string24,ahash,16384,clear-refill,micro,4,385593.750000
string24,ahash,16384,clear-refill,baseline,4,378927.000000
string24,ahash,16384,clear-refill,quick_cache,4,488273.857143
string24,ahash,16384,clear-refill,lru,4,946864.500000
string24,ahash,16384,clear-empty,micro,0,0.377037
string24,ahash,16384,clear-empty,baseline,0,327.754340
string24,ahash,16384,clear-empty,quick_cache,0,4.034218
string24,ahash,16384,clear-empty,lru,0,2.173359
string24,ahash,16384,clear-empty,hashlink,0,0.619589
string24,ahash,16384,clear-empty,baseline,1,372.482300
string24,ahash,16384,clear-empty,quick_cache,1,4.075236
string24,ahash,16384,clear-empty,lru,1,2.184600
string24,ahash,16384,clear-empty,hashlink,1,0.621561
string24,ahash,16384,clear-empty,micro,1,0.375866
string24,ahash,16384,clear-empty,quick_cache,2,4.013234
string24,ahash,16384,clear-empty,lru,2,2.150558
string24,ahash,16384,clear-empty,hashlink,2,0.610854
string24,ahash,16384,clear-empty,micro,2,0.366727
string24,ahash,16384,clear-empty,baseline,2,327.094184
string24,ahash,16384,clear-empty,lru,3,2.171496
string24,ahash,16384,clear-empty,hashlink,3,0.617777
string24,ahash,16384,clear-empty,micro,3,0.381997
string24,ahash,16384,clear-empty,baseline,3,323.765625
string24,ahash,16384,clear-empty,quick_cache,3,4.055832
string24,ahash,16384,clear-empty,hashlink,4,0.621908
string24,ahash,16384,clear-empty,micro,4,0.370981
string24,ahash,16384,clear-empty,baseline,4,331.588216
string24,ahash,16384,clear-empty,quick_cache,4,4.026796
string24,ahash,16384,clear-empty,lru,4,2.139565
string24,ahash,16384,iter-dense,micro,0,6054.199219
string24,ahash,16384,iter-dense,baseline,0,6123.615234
string24,ahash,16384,iter-dense,quick_cache,0,6947.265625
string24,ahash,16384,iter-dense,lru,0,25020.187500
string24,ahash,16384,iter-dense,hashlink,0,26068.039062
string24,ahash,16384,iter-dense,baseline,1,6160.970703
string24,ahash,16384,iter-dense,quick_cache,1,7082.589286
string24,ahash,16384,iter-dense,lru,1,25463.539062
string24,ahash,16384,iter-dense,hashlink,1,26431.320312
string24,ahash,16384,iter-dense,micro,1,6092.529297
string24,ahash,16384,iter-dense,quick_cache,2,7091.517857
string24,ahash,16384,iter-dense,lru,2,24962.242188
string24,ahash,16384,iter-dense,hashlink,2,26676.101562
string24,ahash,16384,iter-dense,micro,2,6076.822266
string24,ahash,16384,iter-dense,baseline,2,6346.006250
string24,ahash,16384,iter-dense,lru,3,29147.140625
string24,ahash,16384,iter-dense,hashlink,3,25547.851562
string24,ahash,16384,iter-dense,micro,3,6058.105469
string24,ahash,16384,iter-dense,baseline,3,6085.367188
string24,ahash,16384,iter-dense,quick_cache,3,6951.823661
string24,ahash,16384,iter-dense,hashlink,4,24654.296875
string24,ahash,16384,iter-dense,micro,4,6150.226562
string24,ahash,16384,iter-dense,baseline,4,6189.453125
string24,ahash,16384,iter-dense,quick_cache,4,6975.075893
string24,ahash,16384,iter-dense,lru,4,26680.335938
string24,ahash,16384,iter-dense-for,micro,0,6153.728516
string24,ahash,16384,iter-dense-for,baseline,0,6077.230469
string24,ahash,16384,iter-dense-for,quick_cache,0,8122.721354
string24,ahash,16384,iter-dense-for,lru,0,19434.631250
string24,ahash,16384,iter-dense-for,hashlink,0,27458.335938
string24,ahash,16384,iter-dense-for,baseline,1,6161.294922
string24,ahash,16384,iter-dense-for,quick_cache,1,7217.146635
string24,ahash,16384,iter-dense-for,lru,1,20592.706250
string24,ahash,16384,iter-dense-for,hashlink,1,29934.898438
string24,ahash,16384,iter-dense-for,micro,1,6313.193750
string24,ahash,16384,iter-dense-for,quick_cache,2,7723.158654
string24,ahash,16384,iter-dense-for,lru,2,50919.265625
string24,ahash,16384,iter-dense-for,hashlink,2,24457.031250
string24,ahash,16384,iter-dense-for,micro,2,6225.423828
string24,ahash,16384,iter-dense-for,baseline,2,6311.025000
string24,ahash,16384,iter-dense-for,lru,3,21747.656250
string24,ahash,16384,iter-dense-for,hashlink,3,27390.296875
string24,ahash,16384,iter-dense-for,micro,3,6102.783203
string24,ahash,16384,iter-dense-for,baseline,3,6120.767578
string24,ahash,16384,iter-dense-for,quick_cache,3,8410.372396
string24,ahash,16384,iter-dense-for,hashlink,4,25191.085938
string24,ahash,16384,iter-dense-for,micro,4,6027.099609
string24,ahash,16384,iter-dense-for,baseline,4,6082.031250
string24,ahash,16384,iter-dense-for,quick_cache,4,8105.578125
string24,ahash,16384,iter-dense-for,lru,4,22274.737500
string24,ahash,16384,iter-density-1pct,micro,0,350.022388
string24,ahash,16384,iter-density-1pct,baseline,0,6727.399554
string24,ahash,16384,iter-density-1pct,quick_cache,0,7036.924107
string24,ahash,16384,iter-density-1pct,lru,0,191.962743
string24,ahash,16384,iter-density-1pct,hashlink,0,184.611282
string24,ahash,16384,iter-density-1pct,baseline,1,6624.566667
string24,ahash,16384,iter-density-1pct,quick_cache,1,7127.696429
string24,ahash,16384,iter-density-1pct,lru,1,190.919271
string24,ahash,16384,iter-density-1pct,hashlink,1,183.866912
string24,ahash,16384,iter-density-1pct,micro,1,339.237365
string24,ahash,16384,iter-density-1pct,quick_cache,2,7078.125000
string24,ahash,16384,iter-density-1pct,lru,2,184.662586
string24,ahash,16384,iter-density-1pct,hashlink,2,184.806164
string24,ahash,16384,iter-density-1pct,micro,2,354.372995
string24,ahash,16384,iter-density-1pct,baseline,2,6698.848214
string24,ahash,16384,iter-density-1pct,lru,3,192.174693
string24,ahash,16384,iter-density-1pct,hashlink,3,184.726686
string24,ahash,16384,iter-density-1pct,micro,3,340.956364
string24,ahash,16384,iter-density-1pct,baseline,3,6510.416667
string24,ahash,16384,iter-density-1pct,quick_cache,3,7050.223214
string24,ahash,16384,iter-density-1pct,hashlink,4,188.673730
string24,ahash,16384,iter-density-1pct,micro,4,359.315134
string24,ahash,16384,iter-density-1pct,baseline,4,6601.127083
string24,ahash,16384,iter-density-1pct,quick_cache,4,7105.281250
string24,ahash,16384,iter-density-1pct,lru,4,186.619906
string24,ahash,16384,iter-density-6pct,micro,0,6135.660156
string24,ahash,16384,iter-density-6pct,baseline,0,5635.647059
string24,ahash,16384,iter-density-6pct,quick_cache,0,6728.982143
string24,ahash,16384,iter-density-6pct,lru,0,1340.160268
string24,ahash,16384,iter-density-6pct,hashlink,0,1333.149648
string24,ahash,16384,iter-density-6pct,baseline,1,5595.818015
string24,ahash,16384,iter-density-6pct,quick_cache,1,6861.513393
string24,ahash,16384,iter-density-6pct,lru,1,1352.380804
string24,ahash,16384,iter-density-6pct,hashlink,1,1356.157143
string24,ahash,16384,iter-density-6pct,micro,1,6155.843750
string24,ahash,16384,iter-density-6pct,quick_cache,2,6704.252083
string24,ahash,16384,iter-density-6pct,lru,2,1329.188380
string24,ahash,16384,iter-density-6pct,hashlink,2,1308.973524
string24,ahash,16384,iter-density-6pct,micro,2,6104.328125
string24,ahash,16384,iter-density-6pct,baseline,2,5565.946691
string24,ahash,16384,iter-density-6pct,lru,3,1361.809330
string24,ahash,16384,iter-density-6pct,hashlink,3,1384.133732
string24,ahash,16384,iter-density-6pct,micro,3,6207.275391
string24,ahash,16384,iter-density-6pct,baseline,3,5698.606618
string24,ahash,16384,iter-density-6pct,quick_cache,3,6529.427083
string24,ahash,16384,iter-density-6pct,hashlink,4,1307.671441
string24,ahash,16384,iter-density-6pct,micro,4,6087.320312
string24,ahash,16384,iter-density-6pct,baseline,4,5700.597426
string24,ahash,16384,iter-density-6pct,quick_cache,4,6547.308333
string24,ahash,16384,iter-density-6pct,lru,4,1353.143750
string24,ahash,16384,iter-density-quarter,micro,0,6215.900391
string24,ahash,16384,iter-density-quarter,baseline,0,5980.468750
string24,ahash,16384,iter-density-quarter,quick_cache,0,7030.225446
string24,ahash,16384,iter-density-quarter,lru,0,12365.886719
string24,ahash,16384,iter-density-quarter,hashlink,0,10502.024306
string24,ahash,16384,iter-density-quarter,baseline,1,5970.294922
string24,ahash,16384,iter-density-quarter,quick_cache,1,6882.812500
string24,ahash,16384,iter-density-quarter,lru,1,11635.704861
string24,ahash,16384,iter-density-quarter,hashlink,1,10352.471875
string24,ahash,16384,iter-density-quarter,micro,1,6249.917969
string24,ahash,16384,iter-density-quarter,quick_cache,2,6992.651786
string24,ahash,16384,iter-density-quarter,lru,2,12210.773438
string24,ahash,16384,iter-density-quarter,hashlink,2,10642.218750
string24,ahash,16384,iter-density-quarter,micro,2,6179.849609
string24,ahash,16384,iter-density-quarter,baseline,2,5997.558594
string24,ahash,16384,iter-density-quarter,lru,3,12102.539062
string24,ahash,16384,iter-density-quarter,hashlink,3,10677.083333
string24,ahash,16384,iter-density-quarter,micro,3,6164.224609
string24,ahash,16384,iter-density-quarter,baseline,3,5952.310547
string24,ahash,16384,iter-density-quarter,quick_cache,3,7188.895089
string24,ahash,16384,iter-density-quarter,hashlink,4,9377.247159
string24,ahash,16384,iter-density-quarter,micro,4,6089.111328
string24,ahash,16384,iter-density-quarter,baseline,4,5940.105469
string24,ahash,16384,iter-density-quarter,quick_cache,4,7022.970982
string24,ahash,16384,iter-density-quarter,lru,4,12819.171875
string24,ahash,16384,iter-density-half,micro,0,6121.417969
string24,ahash,16384,iter-density-half,baseline,0,6034.667969
string24,ahash,16384,iter-density-half,quick_cache,0,7040.645089
string24,ahash,16384,iter-density-half,lru,0,15784.723958
string24,ahash,16384,iter-density-half,hashlink,0,18921.612500
string24,ahash,16384,iter-density-half,baseline,1,6073.486328
string24,ahash,16384,iter-density-half,quick_cache,1,6997.395089
string24,ahash,16384,iter-density-half,lru,1,17899.958333
string24,ahash,16384,iter-density-half,hashlink,1,18328.989583
string24,ahash,16384,iter-density-half,micro,1,6121.582031
string24,ahash,16384,iter-density-half,quick_cache,2,7021.857143
string24,ahash,16384,iter-density-half,lru,2,17161.458333
string24,ahash,16384,iter-density-half,hashlink,2,18790.151042
string24,ahash,16384,iter-density-half,micro,2,6234.783203
string24,ahash,16384,iter-density-half,baseline,2,5957.355469
string24,ahash,16384,iter-density-half,lru,3,14508.741071
string24,ahash,16384,iter-density-half,hashlink,3,18142.578125
string24,ahash,16384,iter-density-half,micro,3,6150.716797
string24,ahash,16384,iter-density-half,baseline,3,6011.474609
string24,ahash,16384,iter-density-half,quick_cache,3,6958.147321
string24,ahash,16384,iter-density-half,hashlink,4,13712.794643
string24,ahash,16384,iter-density-half,micro,4,6197.671875
string24,ahash,16384,iter-density-half,baseline,4,6053.873047
string24,ahash,16384,iter-density-half,quick_cache,4,7045.015625
string24,ahash,16384,iter-density-half,lru,4,18799.692708
string24,ahash,16384,iter-front,micro,0,1.184206
string24,ahash,16384,iter-front,baseline,0,5615.426471
string24,ahash,16384,iter-front,quick_cache,0,7121.930804
string24,ahash,16384,iter-front,lru,0,1.203883
string24,ahash,16384,iter-front,hashlink,0,1.210398
string24,ahash,16384,iter-front,baseline,1,5622.931985
string24,ahash,16384,iter-front,quick_cache,1,7069.104911
string24,ahash,16384,iter-front,lru,1,1.198037
string24,ahash,16384,iter-front,hashlink,1,1.188002
string24,ahash,16384,iter-front,micro,1,1.174179
string24,ahash,16384,iter-front,quick_cache,2,7019.810268
string24,ahash,16384,iter-front,lru,2,1.208835
string24,ahash,16384,iter-front,hashlink,2,1.167192
string24,ahash,16384,iter-front,micro,2,1.199202
string24,ahash,16384,iter-front,baseline,2,5565.334559
string24,ahash,16384,iter-front,lru,3,1.180983
string24,ahash,16384,iter-front,hashlink,3,1.185134
string24,ahash,16384,iter-front,micro,3,1.202401
string24,ahash,16384,iter-front,baseline,3,5769.224265
string24,ahash,16384,iter-front,quick_cache,3,7001.767857
string24,ahash,16384,iter-front,hashlink,4,1.172373
string24,ahash,16384,iter-front,micro,4,1.186694
string24,ahash,16384,iter-front,baseline,4,5694.088235
string24,ahash,16384,iter-front,quick_cache,4,7095.609375
string24,ahash,16384,iter-front,lru,4,1.194678
string24,ahash,16384,iter-back,micro,0,1.181594
string24,ahash,16384,iter-back,baseline,0,5632.812500
string24,ahash,16384,iter-back,quick_cache,0,6968.658482
string24,ahash,16384,iter-back,lru,0,1.194950
string24,ahash,16384,iter-back,hashlink,0,1.145178
string24,ahash,16384,iter-back,baseline,1,5714.308824
string24,ahash,16384,iter-back,quick_cache,1,7012.926339
string24,ahash,16384,iter-back,lru,1,1.198527
string24,ahash,16384,iter-back,hashlink,1,1.190204
string24,ahash,16384,iter-back,micro,1,1.203497
string24,ahash,16384,iter-back,quick_cache,2,7063.245536
string24,ahash,16384,iter-back,lru,2,1.199002
string24,ahash,16384,iter-back,hashlink,2,1.210802
string24,ahash,16384,iter-back,micro,2,1.199647
string24,ahash,16384,iter-back,baseline,2,5537.913603
string24,ahash,16384,iter-back,lru,3,1.198343
string24,ahash,16384,iter-back,hashlink,3,1.159325
string24,ahash,16384,iter-back,micro,3,1.188123
string24,ahash,16384,iter-back,baseline,3,5522.900735
string24,ahash,16384,iter-back,quick_cache,3,6972.747768
string24,ahash,16384,iter-back,hashlink,4,1.197196
string24,ahash,16384,iter-back,micro,4,1.171363
string24,ahash,16384,iter-back,baseline,4,5517.003676
string24,ahash,16384,iter-back,quick_cache,4,6949.031250
string24,ahash,16384,iter-back,lru,4,1.196264
string24,ahash,16384,iter-empty,micro,0,0.810467
string24,ahash,16384,iter-empty,baseline,0,5684.897059
string24,ahash,16384,iter-empty,quick_cache,0,7330.228365
string24,ahash,16384,iter-empty,lru,0,1.242957
string24,ahash,16384,iter-empty,hashlink,0,0.999776
string24,ahash,16384,iter-empty,baseline,1,5864.501953
string24,ahash,16384,iter-empty,quick_cache,1,6958.705357
string24,ahash,16384,iter-empty,lru,1,1.007122
string24,ahash,16384,iter-empty,hashlink,1,1.029100
string24,ahash,16384,iter-empty,micro,1,0.875301
string24,ahash,16384,iter-empty,quick_cache,2,6894.718750
string24,ahash,16384,iter-empty,lru,2,0.995751
string24,ahash,16384,iter-empty,hashlink,2,1.010009
string24,ahash,16384,iter-empty,micro,2,0.821374
string24,ahash,16384,iter-empty,baseline,2,5614.582721
string24,ahash,16384,iter-empty,lru,3,1.004177
string24,ahash,16384,iter-empty,hashlink,3,1.000929
string24,ahash,16384,iter-empty,micro,3,0.807271
string24,ahash,16384,iter-empty,baseline,3,5503.328125
string24,ahash,16384,iter-empty,quick_cache,3,6928.850446
string24,ahash,16384,iter-empty,hashlink,4,1.003952
string24,ahash,16384,iter-empty,micro,4,0.809725
string24,ahash,16384,iter-empty,baseline,4,5443.213542
string24,ahash,16384,iter-empty,quick_cache,4,6973.493304
string24,ahash,16384,iter-empty,lru,4,0.977775
string24,ahash,16384,iter-count,micro,0,0.391100
string24,ahash,16384,iter-count,baseline,0,5518.989583
string24,ahash,16384,iter-count,quick_cache,0,8360.027344
string24,ahash,16384,iter-count,lru,0,0.408162
string24,ahash,16384,iter-count,hashlink,0,0.401930
string24,ahash,16384,iter-count,baseline,1,5556.748698
string24,ahash,16384,iter-count,quick_cache,1,8313.476562
string24,ahash,16384,iter-count,lru,1,0.403405
string24,ahash,16384,iter-count,hashlink,1,0.406929
string24,ahash,16384,iter-count,micro,1,0.404611
string24,ahash,16384,iter-count,quick_cache,2,8267.578125
string24,ahash,16384,iter-count,lru,2,0.404407
string24,ahash,16384,iter-count,hashlink,2,0.405929
string24,ahash,16384,iter-count,micro,2,0.397826
string24,ahash,16384,iter-count,baseline,2,5776.638021
string24,ahash,16384,iter-count,lru,3,0.400447
string24,ahash,16384,iter-count,hashlink,3,0.399200
string24,ahash,16384,iter-count,micro,3,0.399154
string24,ahash,16384,iter-count,baseline,3,5582.790365
string24,ahash,16384,iter-count,quick_cache,3,8363.037109
string24,ahash,16384,iter-count,hashlink,4,0.404653
string24,ahash,16384,iter-count,micro,4,0.393548
string24,ahash,16384,iter-count,baseline,4,5742.187500
string24,ahash,16384,iter-count,quick_cache,4,8166.503906
string24,ahash,16384,iter-count,lru,4,0.405182
string128,sip,128,get-hit,micro,0,29.061345
string128,sip,128,get-hit,baseline,0,29.088332
string128,sip,128,get-hit,quick_cache,0,29.220966
string128,sip,128,get-hit,lru,0,28.517109
string128,sip,128,get-hit,hashlink,0,28.092878
string128,sip,128,get-hit,baseline,1,28.309749
string128,sip,128,get-hit,quick_cache,1,29.087947
string128,sip,128,get-hit,lru,1,28.368436
string128,sip,128,get-hit,hashlink,1,27.770639
string128,sip,128,get-hit,micro,1,28.659133
string128,sip,128,get-hit,quick_cache,2,29.051955
string128,sip,128,get-hit,lru,2,28.711952
string128,sip,128,get-hit,hashlink,2,28.450599
string128,sip,128,get-hit,micro,2,29.133723
string128,sip,128,get-hit,baseline,2,29.698693
string128,sip,128,get-hit,lru,3,28.641526
string128,sip,128,get-hit,hashlink,3,28.188073
string128,sip,128,get-hit,micro,3,29.325045
string128,sip,128,get-hit,baseline,3,29.318397
string128,sip,128,get-hit,quick_cache,3,29.889226
string128,sip,128,get-hit,hashlink,4,28.033299
string128,sip,128,get-hit,micro,4,29.130596
string128,sip,128,get-hit,baseline,4,28.848107
string128,sip,128,get-hit,quick_cache,4,29.103206
string128,sip,128,get-hit,lru,4,28.769081
string128,sip,128,get-miss,micro,0,23.709297
string128,sip,128,get-miss,baseline,0,23.403488
string128,sip,128,get-miss,quick_cache,0,23.424469
string128,sip,128,get-miss,lru,0,23.856804
string128,sip,128,get-miss,hashlink,0,23.340225
string128,sip,128,get-miss,baseline,1,23.406349
string128,sip,128,get-miss,quick_cache,1,23.659706
string128,sip,128,get-miss,lru,1,24.048805
string128,sip,128,get-miss,hashlink,1,23.593590
string128,sip,128,get-miss,micro,1,23.429871
string128,sip,128,get-miss,quick_cache,2,23.683548
string128,sip,128,get-miss,lru,2,24.244949
string128,sip,128,get-miss,hashlink,2,23.449265
string128,sip,128,get-miss,micro,2,23.649536
string128,sip,128,get-miss,baseline,2,23.662567
string128,sip,128,get-miss,lru,3,24.064377
string128,sip,128,get-miss,hashlink,3,23.755707
string128,sip,128,get-miss,micro,3,23.388542
string128,sip,128,get-miss,baseline,3,23.493767
string128,sip,128,get-miss,quick_cache,3,23.719467
string128,sip,128,get-miss,hashlink,4,23.546219
string128,sip,128,get-miss,micro,4,23.657478
string128,sip,128,get-miss,baseline,4,23.522690
string128,sip,128,get-miss,quick_cache,4,23.410477
string128,sip,128,get-miss,lru,4,23.755386
string128,sip,128,update,micro,0,38.617957
string128,sip,128,update,baseline,0,38.760876
string128,sip,128,update,quick_cache,0,60.349958
string128,sip,128,update,lru,0,38.787329
string128,sip,128,update,hashlink,0,39.038586
string128,sip,128,update,baseline,1,39.071143
string128,sip,128,update,quick_cache,1,61.509033
string128,sip,128,update,lru,1,39.306641
string128,sip,128,update,hashlink,1,39.048767
string128,sip,128,update,micro,1,38.387561
string128,sip,128,update,quick_cache,2,61.399658
string128,sip,128,update,lru,2,38.621521
string128,sip,128,update,hashlink,2,39.688110
string128,sip,128,update,micro,2,39.032996
string128,sip,128,update,baseline,2,40.254211
string128,sip,128,update,lru,3,39.196277
string128,sip,128,update,hashlink,3,38.914490
string128,sip,128,update,micro,3,41.007704
string128,sip,128,update,baseline,3,39.066052
string128,sip,128,update,quick_cache,3,62.218567
string128,sip,128,update,hashlink,4,39.322400
string128,sip,128,update,micro,4,40.354919
string128,sip,128,update,baseline,4,38.533533
string128,sip,128,update,quick_cache,4,60.443708
string128,sip,128,update,lru,4,38.421118
string128,sip,128,insert-cycle,micro,0,73.185559
string128,sip,128,insert-cycle,baseline,0,72.379171
string128,sip,128,insert-cycle,quick_cache,0,63.587416
string128,sip,128,insert-cycle,lru,0,130.812370
string128,sip,128,insert-cycle,hashlink,0,127.653702
string128,sip,128,insert-cycle,baseline,1,73.400879
string128,sip,128,insert-cycle,quick_cache,1,64.354401
string128,sip,128,insert-cycle,lru,1,125.720329
string128,sip,128,insert-cycle,hashlink,1,123.655058
string128,sip,128,insert-cycle,micro,1,72.326519
string128,sip,128,insert-cycle,quick_cache,2,64.833499
string128,sip,128,insert-cycle,lru,2,129.068982
string128,sip,128,insert-cycle,hashlink,2,129.639595
string128,sip,128,insert-cycle,micro,2,73.004634
string128,sip,128,insert-cycle,baseline,2,73.748894
string128,sip,128,insert-cycle,lru,3,124.429482
string128,sip,128,insert-cycle,hashlink,3,124.703915
string128,sip,128,insert-cycle,micro,3,73.626709
string128,sip,128,insert-cycle,baseline,3,72.829726
string128,sip,128,insert-cycle,quick_cache,3,64.957592
string128,sip,128,insert-cycle,hashlink,4,126.634619
string128,sip,128,insert-cycle,micro,4,72.879246
string128,sip,128,insert-cycle,baseline,4,70.000535
string128,sip,128,insert-cycle,quick_cache,4,64.346397
string128,sip,128,insert-cycle,lru,4,123.228271
string128,sip,128,mixed-95,micro,0,35.967688
string128,sip,128,mixed-95,baseline,0,35.748044
string128,sip,128,mixed-95,quick_cache,0,40.858448
string128,sip,128,mixed-95,lru,0,39.018770
string128,sip,128,mixed-95,hashlink,0,39.359033
string128,sip,128,mixed-95,baseline,1,35.866261
string128,sip,128,mixed-95,quick_cache,1,40.868004
string128,sip,128,mixed-95,lru,1,39.225221
string128,sip,128,mixed-95,hashlink,1,39.575656
string128,sip,128,mixed-95,micro,1,35.870036
string128,sip,128,mixed-95,quick_cache,2,41.104794
string128,sip,128,mixed-95,lru,2,39.054155
string128,sip,128,mixed-95,hashlink,2,39.382756
string128,sip,128,mixed-95,micro,2,35.756350
string128,sip,128,mixed-95,baseline,2,35.741270
string128,sip,128,mixed-95,lru,3,40.123363
string128,sip,128,mixed-95,hashlink,3,39.377848
string128,sip,128,mixed-95,micro,3,35.815438
string128,sip,128,mixed-95,baseline,3,35.847564
string128,sip,128,mixed-95,quick_cache,3,40.937284
string128,sip,128,mixed-95,hashlink,4,39.464613
string128,sip,128,mixed-95,micro,4,35.766999
string128,sip,128,mixed-95,baseline,4,35.726110
string128,sip,128,mixed-95,quick_cache,4,40.909549
string128,sip,128,mixed-95,lru,4,39.010386
string128,sip,128,load-hit,micro,0,31.966319
string128,sip,128,load-hit,baseline,0,39.614355
string128,sip,128,load-hit,quick_cache,0,32.543182
string128,sip,128,load-hit,lru,0,31.074097
string128,sip,128,load-hit,hashlink,0,28.906410
string128,sip,128,load-hit,baseline,1,39.170325
string128,sip,128,load-hit,quick_cache,1,31.910797
string128,sip,128,load-hit,lru,1,30.452242
string128,sip,128,load-hit,hashlink,1,29.390775
string128,sip,128,load-hit,micro,1,31.747182
string128,sip,128,load-hit,quick_cache,2,32.420258
string128,sip,128,load-hit,lru,2,31.482697
string128,sip,128,load-hit,hashlink,2,29.213933
string128,sip,128,load-hit,micro,2,31.479309
string128,sip,128,load-hit,baseline,2,39.054358
string128,sip,128,load-hit,lru,3,30.880402
string128,sip,128,load-hit,hashlink,3,29.243277
string128,sip,128,load-hit,micro,3,32.020569
string128,sip,128,load-hit,baseline,3,39.184058
string128,sip,128,load-hit,quick_cache,3,31.909515
string128,sip,128,load-hit,hashlink,4,28.850464
string128,sip,128,load-hit,micro,4,31.427602
string128,sip,128,load-hit,baseline,4,39.722693
string128,sip,128,load-hit,quick_cache,4,32.341848
string128,sip,128,load-hit,lru,4,30.965169
string128,sip,128,load-cycle,micro,0,75.645791
string128,sip,128,load-cycle,baseline,0,76.649510
string128,sip,128,load-cycle,quick_cache,0,53.021044
string128,sip,128,load-cycle,lru,0,129.237122
string128,sip,128,load-cycle,hashlink,0,150.699469
string128,sip,128,load-cycle,baseline,1,76.274401
string128,sip,128,load-cycle,quick_cache,1,51.445861
string128,sip,128,load-cycle,lru,1,129.782667
string128,sip,128,load-cycle,hashlink,1,150.565905
string128,sip,128,load-cycle,micro,1,75.264173
string128,sip,128,load-cycle,quick_cache,2,51.615046
string128,sip,128,load-cycle,lru,2,130.696615
string128,sip,128,load-cycle,hashlink,2,149.286294
string128,sip,128,load-cycle,micro,2,72.462553
string128,sip,128,load-cycle,baseline,2,74.887415
string128,sip,128,load-cycle,lru,3,125.782621
string128,sip,128,load-cycle,hashlink,3,149.467613
string128,sip,128,load-cycle,micro,3,76.082611
string128,sip,128,load-cycle,baseline,3,73.318481
string128,sip,128,load-cycle,quick_cache,3,51.673200
string128,sip,128,load-cycle,hashlink,4,149.519136
string128,sip,128,load-cycle,micro,4,73.637891
string128,sip,128,load-cycle,baseline,4,75.870514
string128,sip,128,load-cycle,quick_cache,4,52.309757
string128,sip,128,load-cycle,lru,4,129.267514
string128,sip,128,clear-refill,micro,0,5580.314126
string128,sip,128,clear-refill,baseline,0,5063.801012
string128,sip,128,clear-refill,quick_cache,0,5199.452340
string128,sip,128,clear-refill,lru,0,15061.250000
string128,sip,128,clear-refill,hashlink,0,9373.959502
string128,sip,128,clear-refill,baseline,1,5124.431741
string128,sip,128,clear-refill,quick_cache,1,5264.473684
string128,sip,128,clear-refill,lru,1,14846.059113
string128,sip,128,clear-refill,hashlink,1,9354.230530
string128,sip,128,clear-refill,micro,1,5873.043053
string128,sip,128,clear-refill,quick_cache,2,5124.716724
string128,sip,128,clear-refill,lru,2,14956.671642
string128,sip,128,clear-refill,hashlink,2,9408.175549
string128,sip,128,clear-refill,micro,2,5312.906195
string128,sip,128,clear-refill,baseline,2,5032.175879
string128,sip,128,clear-refill,lru,3,15075.376884
string128,sip,128,clear-refill,hashlink,3,9479.627760
string128,sip,128,clear-refill,micro,3,5265.643860
string128,sip,128,clear-refill,baseline,3,4981.757877
string128,sip,128,clear-refill,quick_cache,3,5213.395833
string128,sip,128,clear-refill,hashlink,4,9395.443750
string128,sip,128,clear-refill,micro,4,5465.695811
string128,sip,128,clear-refill,baseline,4,5035.164430
string128,sip,128,clear-refill,quick_cache,4,5583.024164
string128,sip,128,clear-refill,lru,4,15074.375000
string128,sip,128,clear-empty,micro,0,0.372556
string128,sip,128,clear-empty,baseline,0,49.399143
string128,sip,128,clear-empty,quick_cache,0,3.979699
string128,sip,128,clear-empty,lru,0,2.250576
string128,sip,128,clear-empty,hashlink,0,0.646534
string128,sip,128,clear-empty,baseline,1,49.873936
string128,sip,128,clear-empty,quick_cache,1,4.065227
string128,sip,128,clear-empty,lru,1,2.236038
string128,sip,128,clear-empty,hashlink,1,0.640046
string128,sip,128,clear-empty,micro,1,0.370067
string128,sip,128,clear-empty,quick_cache,2,4.020712
string128,sip,128,clear-empty,lru,2,2.252833
string128,sip,128,clear-empty,hashlink,2,0.646169
string128,sip,128,clear-empty,micro,2,0.373697
string128,sip,128,clear-empty,baseline,2,50.388663
string128,sip,128,clear-empty,lru,3,2.243775
string128,sip,128,clear-empty,hashlink,3,0.643437
string128,sip,128,clear-empty,micro,3,0.368380
string128,sip,128,clear-empty,baseline,3,49.258961
string128,sip,128,clear-empty,quick_cache,3,3.951138
string128,sip,128,clear-empty,hashlink,4,0.642317
string128,sip,128,clear-empty,micro,4,0.363936
string128,sip,128,clear-empty,baseline,4,50.284622
string128,sip,128,clear-empty,quick_cache,4,4.034218
string128,sip,128,clear-empty,lru,4,2.288530
string128,sip,128,iter-dense,micro,0,24.301508
string128,sip,128,iter-dense,baseline,0,39.747483
string128,sip,128,iter-dense,quick_cache,0,29.833579
string128,sip,128,iter-dense,lru,0,140.373550
string128,sip,128,iter-dense,hashlink,0,135.446744
string128,sip,128,iter-dense,baseline,1,38.950522
string128,sip,128,iter-dense,quick_cache,1,30.129931
string128,sip,128,iter-dense,lru,1,142.393399
string128,sip,128,iter-dense,hashlink,1,138.940972
string128,sip,128,iter-dense,micro,1,23.231990
string128,sip,128,iter-dense,quick_cache,2,29.591275
string128,sip,128,iter-dense,lru,2,141.211314
string128,sip,128,iter-dense,hashlink,2,141.254471
string128,sip,128,iter-dense,micro,2,23.489033
string128,sip,128,iter-dense,baseline,2,39.201309
string128,sip,128,iter-dense,lru,3,139.340314
string128,sip,128,iter-dense,hashlink,3,139.118138
string128,sip,128,iter-dense,micro,3,23.053625
string128,sip,128,iter-dense,baseline,3,38.815126
string128,sip,128,iter-dense,quick_cache,3,29.153150
string128,sip,128,iter-dense,hashlink,4,139.431231
string128,sip,128,iter-dense,micro,4,23.059941
string128,sip,128,iter-dense,baseline,4,39.374764
string128,sip,128,iter-dense,quick_cache,4,29.738959
string128,sip,128,iter-dense,lru,4,142.126326
string128,sip,128,iter-dense-for,micro,0,41.122423
string128,sip,128,iter-dense-for,baseline,0,40.164387
string128,sip,128,iter-dense-for,quick_cache,0,71.008398
string128,sip,128,iter-dense-for,lru,0,84.526323
string128,sip,128,iter-dense-for,hashlink,0,75.769033
string128,sip,128,iter-dense-for,baseline,1,39.830262
string128,sip,128,iter-dense-for,quick_cache,1,71.709146
string128,sip,128,iter-dense-for,lru,1,85.941080
string128,sip,128,iter-dense-for,hashlink,1,77.372989
string128,sip,128,iter-dense-for,micro,1,39.438118
string128,sip,128,iter-dense-for,quick_cache,2,39.186024
string128,sip,128,iter-dense-for,lru,2,86.031881
string128,sip,128,iter-dense-for,hashlink,2,76.647391
string128,sip,128,iter-dense-for,micro,2,40.585538
string128,sip,128,iter-dense-for,baseline,2,39.752451
string128,sip,128,iter-dense-for,lru,3,84.906448
string128,sip,128,iter-dense-for,hashlink,3,75.276284
string128,sip,128,iter-dense-for,micro,3,39.294426
string128,sip,128,iter-dense-for,baseline,3,38.979154
string128,sip,128,iter-dense-for,quick_cache,3,39.329580
string128,sip,128,iter-dense-for,hashlink,4,75.201308
string128,sip,128,iter-dense-for,micro,4,39.463108
string128,sip,128,iter-dense-for,baseline,4,38.655670
string128,sip,128,iter-dense-for,quick_cache,4,39.090181
string128,sip,128,iter-dense-for,lru,4,86.300454
string128,sip,128,iter-density-1pct,micro,0,1.619451
string128,sip,128,iter-density-1pct,baseline,0,39.399501
string128,sip,128,iter-density-1pct,quick_cache,0,28.185978
string128,sip,128,iter-density-1pct,lru,0,1.334330
string128,sip,128,iter-density-1pct,hashlink,0,1.287598
string128,sip,128,iter-density-1pct,baseline,1,38.778174
string128,sip,128,iter-density-1pct,quick_cache,1,27.687537
string128,sip,128,iter-density-1pct,lru,1,1.327603
string128,sip,128,iter-density-1pct,hashlink,1,1.282981
string128,sip,128,iter-density-1pct,micro,1,1.604319
string128,sip,128,iter-density-1pct,quick_cache,2,28.341568
string128,sip,128,iter-density-1pct,lru,2,1.316436
string128,sip,128,iter-density-1pct,hashlink,2,1.274782
string128,sip,128,iter-density-1pct,micro,2,1.603606
string128,sip,128,iter-density-1pct,baseline,2,39.151657
string128,sip,128,iter-density-1pct,lru,3,1.332376
string128,sip,128,iter-density-1pct,hashlink,3,1.285250
string128,sip,128,iter-density-1pct,micro,3,1.573431
string128,sip,128,iter-density-1pct,baseline,3,39.067930
string128,sip,128,iter-density-1pct,quick_cache,3,27.606007
string128,sip,128,iter-density-1pct,hashlink,4,1.283157
string128,sip,128,iter-density-1pct,micro,4,1.596044
string128,sip,128,iter-density-1pct,baseline,4,39.231394
string128,sip,128,iter-density-1pct,quick_cache,4,27.996538
string128,sip,128,iter-density-1pct,lru,4,1.337967
string128,sip,128,iter-density-6pct,micro,0,24.349057
string128,sip,128,iter-density-6pct,baseline,0,37.697590
string128,sip,128,iter-density-6pct,quick_cache,0,29.974135
string128,sip,128,iter-density-6pct,lru,0,3.566637
string128,sip,128,iter-density-6pct,hashlink,0,3.196322
string128,sip,128,iter-density-6pct,baseline,1,37.166407
string128,sip,128,iter-density-6pct,quick_cache,1,29.915922
string128,sip,128,iter-density-6pct,lru,1,3.599175
string128,sip,128,iter-density-6pct,hashlink,1,3.225418
string128,sip,128,iter-density-6pct,micro,1,24.358332
string128,sip,128,iter-density-6pct,quick_cache,2,30.249496
string128,sip,128,iter-density-6pct,lru,2,3.593331
string128,sip,128,iter-density-6pct,hashlink,2,3.200031
string128,sip,128,iter-density-6pct,micro,2,24.366692
string128,sip,128,iter-density-6pct,baseline,2,37.648560
string128,sip,128,iter-density-6pct,lru,3,3.622348
string128,sip,128,iter-density-6pct,hashlink,3,3.268259
string128,sip,128,iter-density-6pct,micro,3,24.102932
string128,sip,128,iter-density-6pct,baseline,3,37.008152
string128,sip,128,iter-density-6pct,quick_cache,3,29.882768
string128,sip,128,iter-density-6pct,hashlink,4,3.209013
string128,sip,128,iter-density-6pct,micro,4,24.542907
string128,sip,128,iter-density-6pct,baseline,4,37.513013
string128,sip,128,iter-density-6pct,quick_cache,4,29.968730
string128,sip,128,iter-density-6pct,lru,4,3.638002
string128,sip,128,iter-density-quarter,micro,0,24.295211
string128,sip,128,iter-density-quarter,baseline,0,51.374846
string128,sip,128,iter-density-quarter,quick_cache,0,25.833264
string128,sip,128,iter-density-quarter,lru,0,19.604768
string128,sip,128,iter-density-quarter,hashlink,0,19.500104
string128,sip,128,iter-density-quarter,baseline,1,51.774158
string128,sip,128,iter-density-quarter,quick_cache,1,25.632672
string128,sip,128,iter-density-quarter,lru,1,19.344814
string128,sip,128,iter-density-quarter,hashlink,1,19.133182
string128,sip,128,iter-density-quarter,micro,1,24.098754
string128,sip,128,iter-density-quarter,quick_cache,2,26.296901
string128,sip,128,iter-density-quarter,lru,2,19.321167
string128,sip,128,iter-density-quarter,hashlink,2,19.270561
string128,sip,128,iter-density-quarter,micro,2,24.403053
string128,sip,128,iter-density-quarter,baseline,2,51.783510
string128,sip,128,iter-density-quarter,lru,3,19.696199
string128,sip,128,iter-density-quarter,hashlink,3,19.683793
string128,sip,128,iter-density-quarter,micro,3,24.243600
string128,sip,128,iter-density-quarter,baseline,3,52.042869
string128,sip,128,iter-density-quarter,quick_cache,3,26.096751
string128,sip,128,iter-density-quarter,hashlink,4,19.453721
string128,sip,128,iter-density-quarter,micro,4,24.494335
string128,sip,128,iter-density-quarter,baseline,4,51.188506
string128,sip,128,iter-density-quarter,quick_cache,4,25.868172
string128,sip,128,iter-density-quarter,lru,4,19.561678
string128,sip,128,iter-density-half,micro,0,23.679830
string128,sip,128,iter-density-half,baseline,0,66.437611
string128,sip,128,iter-density-half,quick_cache,0,25.231894
string128,sip,128,iter-density-half,lru,0,54.285647
string128,sip,128,iter-density-half,hashlink,0,53.899515
string128,sip,128,iter-density-half,baseline,1,66.396092
string128,sip,128,iter-density-half,quick_cache,1,25.122320
string128,sip,128,iter-density-half,lru,1,53.114825
string128,sip,128,iter-density-half,hashlink,1,53.496078
string128,sip,128,iter-density-half,micro,1,23.368699
string128,sip,128,iter-density-half,quick_cache,2,24.890978
string128,sip,128,iter-density-half,lru,2,53.917769
string128,sip,128,iter-density-half,hashlink,2,53.727919
string128,sip,128,iter-density-half,micro,2,23.674897
string128,sip,128,iter-density-half,baseline,2,66.862861
string128,sip,128,iter-density-half,lru,3,53.993361
string128,sip,128,iter-density-half,hashlink,3,53.473756
string128,sip,128,iter-density-half,micro,3,23.704828
string128,sip,128,iter-density-half,baseline,3,66.524446
string128,sip,128,iter-density-half,quick_cache,3,25.280921
string128,sip,128,iter-density-half,hashlink,4,54.742229
string128,sip,128,iter-density-half,micro,4,23.748836
string128,sip,128,iter-density-half,baseline,4,65.659467
string128,sip,128,iter-density-half,quick_cache,4,25.026271
string128,sip,128,iter-density-half,lru,4,54.344239
string128,sip,128,iter-front,micro,0,1.217896
string128,sip,128,iter-front,baseline,0,38.291573
string128,sip,128,iter-front,quick_cache,0,27.499542
string128,sip,128,iter-front,lru,0,1.233747
string128,sip,128,iter-front,hashlink,0,1.224642
string128,sip,128,iter-front,baseline,1,37.831850
string128,sip,128,iter-front,quick_cache,1,27.397027
string128,sip,128,iter-front,lru,1,1.222869
string128,sip,128,iter-front,hashlink,1,1.224578
string128,sip,128,iter-front,micro,1,1.195090
string128,sip,128,iter-front,quick_cache,2,27.433546
string128,sip,128,iter-front,lru,2,1.219528
string128,sip,128,iter-front,hashlink,2,1.190627
string128,sip,128,iter-front,micro,2,1.207325
string128,sip,128,iter-front,baseline,2,38.373632
string128,sip,128,iter-front,lru,3,1.229831
string128,sip,128,iter-front,hashlink,3,1.176936
string128,sip,128,iter-front,micro,3,1.198849
string128,sip,128,iter-front,baseline,3,38.534821
string128,sip,128,iter-front,quick_cache,3,27.485754
string128,sip,128,iter-front,hashlink,4,1.177572
string128,sip,128,iter-front,micro,4,1.227737
string128,sip,128,iter-front,baseline,4,38.088851
string128,sip,128,iter-front,quick_cache,4,27.311508
string128,sip,128,iter-front,lru,4,1.205540
string128,sip,128,iter-back,micro,0,1.187205
string128,sip,128,iter-back,baseline,0,38.546047
string128,sip,128,iter-back,quick_cache,0,26.331991
string128,sip,128,iter-back,lru,0,1.178371
string128,sip,128,iter-back,hashlink,0,1.186814
string128,sip,128,iter-back,baseline,1,38.739669
string128,sip,128,iter-back,quick_cache,1,26.357209
string128,sip,128,iter-back,lru,1,1.198389
string128,sip,128,iter-back,hashlink,1,1.194968
string128,sip,128,iter-back,micro,1,1.225234
string128,sip,128,iter-back,quick_cache,2,26.890423
string128,sip,128,iter-back,lru,2,1.191308
string128,sip,128,iter-back,hashlink,2,1.214331
string128,sip,128,iter-back,micro,2,1.204115
string128,sip,128,iter-back,baseline,2,39.502922
string128,sip,128,iter-back,lru,3,1.217675
string128,sip,128,iter-back,hashlink,3,1.243963
string128,sip,128,iter-back,micro,3,1.200446
string128,sip,128,iter-back,baseline,3,39.171823
string128,sip,128,iter-back,quick_cache,3,26.511777
string128,sip,128,iter-back,hashlink,4,1.220274
string128,sip,128,iter-back,micro,4,1.213859
string128,sip,128,iter-back,baseline,4,39.619204
string128,sip,128,iter-back,quick_cache,4,26.222630
string128,sip,128,iter-back,lru,4,1.192536
string128,sip,128,iter-empty,micro,0,0.781204
string128,sip,128,iter-empty,baseline,0,38.398124
string128,sip,128,iter-empty,quick_cache,0,27.080102
string128,sip,128,iter-empty,lru,0,0.987237
string128,sip,128,iter-empty,hashlink,0,1.014321
string128,sip,128,iter-empty,baseline,1,38.657809
string128,sip,128,iter-empty,quick_cache,1,27.401584
string128,sip,128,iter-empty,lru,1,0.996906
string128,sip,128,iter-empty,hashlink,1,1.008998
string128,sip,128,iter-empty,micro,1,0.824335
string128,sip,128,iter-empty,quick_cache,2,27.664945
string128,sip,128,iter-empty,lru,2,0.998647
string128,sip,128,iter-empty,hashlink,2,1.012179
string128,sip,128,iter-empty,micro,2,0.813322
string128,sip,128,iter-empty,baseline,2,38.575085
string128,sip,128,iter-empty,lru,3,1.007848
string128,sip,128,iter-empty,hashlink,3,1.013054
string128,sip,128,iter-empty,micro,3,0.792323
string128,sip,128,iter-empty,baseline,3,38.296358
string128,sip,128,iter-empty,quick_cache,3,27.325907
string128,sip,128,iter-empty,hashlink,4,1.010673
string128,sip,128,iter-empty,micro,4,0.786520
string128,sip,128,iter-empty,baseline,4,38.597198
string128,sip,128,iter-empty,quick_cache,4,27.585852
string128,sip,128,iter-empty,lru,4,0.997224
string128,sip,128,iter-count,micro,0,0.408946
string128,sip,128,iter-count,baseline,0,38.792840
string128,sip,128,iter-count,quick_cache,0,56.291735
string128,sip,128,iter-count,lru,0,0.419396
string128,sip,128,iter-count,hashlink,0,0.430225
string128,sip,128,iter-count,baseline,1,37.341598
string128,sip,128,iter-count,quick_cache,1,55.294019
string128,sip,128,iter-count,lru,1,0.394834
string128,sip,128,iter-count,hashlink,1,0.398069
string128,sip,128,iter-count,micro,1,0.415544
string128,sip,128,iter-count,quick_cache,2,55.843099
string128,sip,128,iter-count,lru,2,0.403219
string128,sip,128,iter-count,hashlink,2,0.405098
string128,sip,128,iter-count,micro,2,0.404807
string128,sip,128,iter-count,baseline,2,37.950571
string128,sip,128,iter-count,lru,3,0.405428
string128,sip,128,iter-count,hashlink,3,0.403886
string128,sip,128,iter-count,micro,3,0.407209
string128,sip,128,iter-count,baseline,3,38.394429
string128,sip,128,iter-count,quick_cache,3,56.640625
string128,sip,128,iter-count,hashlink,4,0.404003
string128,sip,128,iter-count,micro,4,0.404706
string128,sip,128,iter-count,baseline,4,38.046963
string128,sip,128,iter-count,quick_cache,4,56.938486
string128,sip,128,iter-count,lru,4,0.413994
string128,sip,1024,get-hit,micro,0,33.725619
string128,sip,1024,get-hit,baseline,0,33.858332
string128,sip,1024,get-hit,quick_cache,0,33.944336
string128,sip,1024,get-hit,lru,0,35.153010
string128,sip,1024,get-hit,hashlink,0,34.384521
string128,sip,1024,get-hit,baseline,1,33.529563
string128,sip,1024,get-hit,quick_cache,1,33.352472
string128,sip,1024,get-hit,lru,1,35.133134
string128,sip,1024,get-hit,hashlink,1,34.249978
string128,sip,1024,get-hit,micro,1,33.841220
string128,sip,1024,get-hit,quick_cache,2,33.604481
string128,sip,1024,get-hit,lru,2,34.692472
string128,sip,1024,get-hit,hashlink,2,33.955888
string128,sip,1024,get-hit,micro,2,33.800537
string128,sip,1024,get-hit,baseline,2,33.302080
string128,sip,1024,get-hit,lru,3,35.154863
string128,sip,1024,get-hit,hashlink,3,34.216220
string128,sip,1024,get-hit,micro,3,33.819025
string128,sip,1024,get-hit,baseline,3,33.423218
string128,sip,1024,get-hit,quick_cache,3,33.860640
string128,sip,1024,get-hit,hashlink,4,33.828735
string128,sip,1024,get-hit,micro,4,33.826882
string128,sip,1024,get-hit,baseline,4,34.302213
string128,sip,1024,get-hit,quick_cache,4,33.325661
string128,sip,1024,get-hit,lru,4,35.246416
string128,sip,1024,get-miss,micro,0,24.423551
string128,sip,1024,get-miss,baseline,0,24.362564
string128,sip,1024,get-miss,quick_cache,0,24.954565
string128,sip,1024,get-miss,lru,0,24.728052
string128,sip,1024,get-miss,hashlink,0,24.548340
string128,sip,1024,get-miss,baseline,1,24.414404
string128,sip,1024,get-miss,quick_cache,1,24.596493
string128,sip,1024,get-miss,lru,1,25.045776
string128,sip,1024,get-miss,hashlink,1,24.326004
string128,sip,1024,get-miss,micro,1,24.276093
string128,sip,1024,get-miss,quick_cache,2,24.546647
string128,sip,1024,get-miss,lru,2,24.856567
string128,sip,1024,get-miss,hashlink,2,24.224281
string128,sip,1024,get-miss,micro,2,23.996986
string128,sip,1024,get-miss,baseline,2,23.988411
string128,sip,1024,get-miss,lru,3,24.701270
string128,sip,1024,get-miss,hashlink,3,24.067879
string128,sip,1024,get-miss,micro,3,24.279594
string128,sip,1024,get-miss,baseline,3,24.424919
string128,sip,1024,get-miss,quick_cache,3,24.568001
string128,sip,1024,get-miss,hashlink,4,24.353348
string128,sip,1024,get-miss,micro,4,24.534774
string128,sip,1024,get-miss,baseline,4,24.144493
string128,sip,1024,get-miss,quick_cache,4,24.640568
string128,sip,1024,get-miss,lru,4,25.024080
string128,sip,1024,update,micro,0,44.770413
string128,sip,1024,update,baseline,0,45.283556
string128,sip,1024,update,quick_cache,0,59.500558
string128,sip,1024,update,lru,0,45.550320
string128,sip,1024,update,hashlink,0,44.683377
string128,sip,1024,update,baseline,1,45.254178
string128,sip,1024,update,quick_cache,1,60.575213
string128,sip,1024,update,lru,1,49.393967
string128,sip,1024,update,hashlink,1,271.163940
string128,sip,1024,update,micro,1,169.445435
string128,sip,1024,update,quick_cache,2,237.121582
string128,sip,1024,update,lru,2,93.624115
string128,sip,1024,update,hashlink,2,64.719299
string128,sip,1024,update,micro,2,44.543226
string128,sip,1024,update,baseline,2,49.082443
string128,sip,1024,update,lru,3,45.792267
string128,sip,1024,update,hashlink,3,45.111762
string128,sip,1024,update,micro,3,47.275543
string128,sip,1024,update,baseline,3,52.766159
string128,sip,1024,update,quick_cache,3,63.072205
string128,sip,1024,update,hashlink,4,45.248522
string128,sip,1024,update,micro,4,45.220269
string128,sip,1024,update,baseline,4,46.054199
string128,sip,1024,update,quick_cache,4,75.476074
string128,sip,1024,update,lru,4,44.653998
string128,sip,1024,insert-cycle,micro,0,81.607395
string128,sip,1024,insert-cycle,baseline,0,80.934750
string128,sip,1024,insert-cycle,quick_cache,0,67.645441
string128,sip,1024,insert-cycle,lru,0,179.723633
string128,sip,1024,insert-cycle,hashlink,0,184.425354
string128,sip,1024,insert-cycle,baseline,1,80.532149
string128,sip,1024,insert-cycle,quick_cache,1,82.453993
string128,sip,1024,insert-cycle,lru,1,153.369141
string128,sip,1024,insert-cycle,hashlink,1,176.335124
string128,sip,1024,insert-cycle,micro,1,102.663835
string128,sip,1024,insert-cycle,quick_cache,2,65.061715
string128,sip,1024,insert-cycle,lru,2,139.328480
string128,sip,1024,insert-cycle,hashlink,2,132.724325
string128,sip,1024,insert-cycle,micro,2,79.250385
string128,sip,1024,insert-cycle,baseline,2,79.543791
string128,sip,1024,insert-cycle,lru,3,134.948730
string128,sip,1024,insert-cycle,hashlink,3,130.432129
string128,sip,1024,insert-cycle,micro,3,78.388415
string128,sip,1024,insert-cycle,baseline,3,78.359503
string128,sip,1024,insert-cycle,quick_cache,3,62.916219
string128,sip,1024,insert-cycle,hashlink,4,128.985962
string128,sip,1024,insert-cycle,micro,4,77.415065
string128,sip,1024,insert-cycle,baseline,4,75.205469
string128,sip,1024,insert-cycle,quick_cache,4,63.742824
string128,sip,1024,insert-cycle,lru,4,132.158081
string128,sip,1024,mixed-95,micro,0,39.755702
string128,sip,1024,mixed-95,baseline,0,40.865839
string128,sip,1024,mixed-95,quick_cache,0,44.523776
string128,sip,1024,mixed-95,lru,0,43.663740
string128,sip,1024,mixed-95,hashlink,0,43.053627
string128,sip,1024,mixed-95,baseline,1,40.106019
string128,sip,1024,mixed-95,quick_cache,1,43.292065
string128,sip,1024,mixed-95,lru,1,42.666574
string128,sip,1024,mixed-95,hashlink,1,41.917562
string128,sip,1024,mixed-95,micro,1,39.016465
string128,sip,1024,mixed-95,quick_cache,2,42.814454
string128,sip,1024,mixed-95,lru,2,42.580346
string128,sip,1024,mixed-95,hashlink,2,43.036739
string128,sip,1024,mixed-95,micro,2,40.482362
string128,sip,1024,mixed-95,baseline,2,40.577392
string128,sip,1024,mixed-95,lru,3,43.247819
string128,sip,1024,mixed-95,hashlink,3,41.992883
string128,sip,1024,mixed-95,micro,3,39.061686
string128,sip,1024,mixed-95,baseline,3,41.017334
string128,sip,1024,mixed-95,quick_cache,3,44.792891
string128,sip,1024,mixed-95,hashlink,4,44.133306
string128,sip,1024,mixed-95,micro,4,40.825188
string128,sip,1024,mixed-95,baseline,4,40.641705
string128,sip,1024,mixed-95,quick_cache,4,44.171989
string128,sip,1024,mixed-95,lru,4,42.188346
string128,sip,1024,load-hit,micro,0,36.340421
string128,sip,1024,load-hit,baseline,0,43.844143
string128,sip,1024,load-hit,quick_cache,0,37.649036
string128,sip,1024,load-hit,lru,0,37.880457
string128,sip,1024,load-hit,hashlink,0,33.979936
string128,sip,1024,load-hit,baseline,1,43.814765
string128,sip,1024,load-hit,quick_cache,1,36.942542
string128,sip,1024,load-hit,lru,1,37.227881
string128,sip,1024,load-hit,hashlink,1,33.837991
string128,sip,1024,load-hit,micro,1,36.490234
string128,sip,1024,load-hit,quick_cache,2,37.513220
string128,sip,1024,load-hit,lru,2,38.082373
string128,sip,1024,load-hit,hashlink,2,34.382679
string128,sip,1024,load-hit,micro,2,36.253951
string128,sip,1024,load-hit,baseline,2,43.724908
string128,sip,1024,load-hit,lru,3,37.298071
string128,sip,1024,load-hit,hashlink,3,34.474232
string128,sip,1024,load-hit,micro,3,36.722815
string128,sip,1024,load-hit,baseline,3,44.189453
string128,sip,1024,load-hit,quick_cache,3,37.810266
string128,sip,1024,load-hit,hashlink,4,34.714211
string128,sip,1024,load-hit,micro,4,36.461104
string128,sip,1024,load-hit,baseline,4,44.179281
string128,sip,1024,load-hit,quick_cache,4,38.004053
string128,sip,1024,load-hit,lru,4,38.253271
string128,sip,1024,load-cycle,micro,0,81.876383
string128,sip,1024,load-cycle,baseline,0,84.034098
string128,sip,1024,load-cycle,quick_cache,0,52.395769
string128,sip,1024,load-cycle,lru,0,137.103471
string128,sip,1024,load-cycle,hashlink,0,155.680371
string128,sip,1024,load-cycle,baseline,1,81.357730
string128,sip,1024,load-cycle,quick_cache,1,53.756714
string128,sip,1024,load-cycle,lru,1,135.089311
string128,sip,1024,load-cycle,hashlink,1,157.873535
string128,sip,1024,load-cycle,micro,1,83.033800
string128,sip,1024,load-cycle,quick_cache,2,53.458793
string128,sip,1024,load-cycle,lru,2,138.017134
string128,sip,1024,load-cycle,hashlink,2,155.684375
string128,sip,1024,load-cycle,micro,2,79.584473
string128,sip,1024,load-cycle,baseline,2,76.601172
string128,sip,1024,load-cycle,lru,3,137.036887
string128,sip,1024,load-cycle,hashlink,3,156.268311
string128,sip,1024,load-cycle,micro,3,78.257787
string128,sip,1024,load-cycle,baseline,3,78.690378
string128,sip,1024,load-cycle,quick_cache,3,51.768336
string128,sip,1024,load-cycle,hashlink,4,152.766895
string128,sip,1024,load-cycle,micro,4,78.219213
string128,sip,1024,load-cycle,baseline,4,76.999902
string128,sip,1024,load-cycle,quick_cache,4,51.980907
string128,sip,1024,load-cycle,lru,4,133.544922
string128,sip,1024,clear-refill,micro,0,49149.193548
string128,sip,1024,clear-refill,baseline,0,50281.250000
string128,sip,1024,clear-refill,quick_cache,0,50263.900000
string128,sip,1024,clear-refill,lru,0,131233.695652
string128,sip,1024,clear-refill,hashlink,0,85950.000000
string128,sip,1024,clear-refill,baseline,1,50115.283333
string128,sip,1024,clear-refill,quick_cache,1,50272.216667
string128,sip,1024,clear-refill,lru,1,133170.260870
string128,sip,1024,clear-refill,hashlink,1,84664.333333
string128,sip,1024,clear-refill,micro,1,46792.938462
string128,sip,1024,clear-refill,quick_cache,2,49864.754098
string128,sip,1024,clear-refill,lru,2,134432.956522
string128,sip,1024,clear-refill,hashlink,2,85471.055556
string128,sip,1024,clear-refill,micro,2,49146.500000
string128,sip,1024,clear-refill,baseline,2,47506.515625
string128,sip,1024,clear-refill,lru,3,129661.458333
string128,sip,1024,clear-refill,hashlink,3,87653.571429
string128,sip,1024,clear-refill,micro,3,48826.612903
string128,sip,1024,clear-refill,baseline,3,49409.836066
string128,sip,1024,clear-refill,quick_cache,3,49752.721311
string128,sip,1024,clear-refill,hashlink,4,84797.444444
string128,sip,1024,clear-refill,micro,4,50463.200000
string128,sip,1024,clear-refill,baseline,4,51283.898305
string128,sip,1024,clear-refill,quick_cache,4,49261.622951
string128,sip,1024,clear-refill,lru,4,131489.130435
string128,sip,1024,clear-empty,micro,0,0.371534
string128,sip,1024,clear-empty,baseline,0,48.251431
string128,sip,1024,clear-empty,quick_cache,0,3.972049
string128,sip,1024,clear-empty,lru,0,2.219225
string128,sip,1024,clear-empty,hashlink,0,0.643976
string128,sip,1024,clear-empty,baseline,1,47.794652
string128,sip,1024,clear-empty,quick_cache,1,4.040453
string128,sip,1024,clear-empty,lru,1,2.243533
string128,sip,1024,clear-empty,hashlink,1,0.647445
string128,sip,1024,clear-empty,micro,1,0.374078
string128,sip,1024,clear-empty,quick_cache,2,4.026964
string128,sip,1024,clear-empty,lru,2,2.244056
string128,sip,1024,clear-empty,hashlink,2,0.647767
string128,sip,1024,clear-empty,micro,2,0.374227
string128,sip,1024,clear-empty,baseline,2,48.887793
string128,sip,1024,clear-empty,lru,3,2.277760
string128,sip,1024,clear-empty,hashlink,3,0.639758
string128,sip,1024,clear-empty,micro,3,0.370728
string128,sip,1024,clear-empty,baseline,3,48.857292
string128,sip,1024,clear-empty,quick_cache,3,4.014441
string128,sip,1024,clear-empty,hashlink,4,0.648242
string128,sip,1024,clear-empty,micro,4,0.374772
string128,sip,1024,clear-empty,baseline,4,48.391429
string128,sip,1024,clear-empty,quick_cache,4,3.975540
string128,sip,1024,clear-empty,lru,4,2.215357
string128,sip,1024,iter-dense,micro,0,181.920724
string128,sip,1024,iter-dense,baseline,0,280.208396
string128,sip,1024,iter-dense,quick_cache,0,253.388936
string128,sip,1024,iter-dense,lru,0,1363.847373
string128,sip,1024,iter-dense,hashlink,0,1368.263134
string128,sip,1024,iter-dense,baseline,1,280.317164
string128,sip,1024,iter-dense,quick_cache,1,256.311134
string128,sip,1024,iter-dense,lru,1,1378.774457
string128,sip,1024,iter-dense,hashlink,1,1340.625000
string128,sip,1024,iter-dense,micro,1,179.383783
string128,sip,1024,iter-dense,quick_cache,2,249.736785
string128,sip,1024,iter-dense,lru,2,1368.471014
string128,sip,1024,iter-dense,hashlink,2,1352.362054
string128,sip,1024,iter-dense,micro,2,185.533967
string128,sip,1024,iter-dense,baseline,2,283.014872
string128,sip,1024,iter-dense,lru,3,1331.756162
string128,sip,1024,iter-dense,hashlink,3,1325.887764
string128,sip,1024,iter-dense,micro,3,181.624275
string128,sip,1024,iter-dense,baseline,3,280.247201
string128,sip,1024,iter-dense,quick_cache,3,261.388666
string128,sip,1024,iter-dense,hashlink,4,1380.668199
string128,sip,1024,iter-dense,micro,4,180.959477
string128,sip,1024,iter-dense,baseline,4,277.470876
string128,sip,1024,iter-dense,quick_cache,4,252.727005
string128,sip,1024,iter-dense,lru,4,1348.307143
string128,sip,1024,iter-dense-for,micro,0,280.017817
string128,sip,1024,iter-dense-for,baseline,0,276.759956
string128,sip,1024,iter-dense-for,quick_cache,0,269.318589
string128,sip,1024,iter-dense-for,lru,0,796.411547
string128,sip,1024,iter-dense-for,hashlink,0,935.952970
string128,sip,1024,iter-dense-for,baseline,1,274.130482
string128,sip,1024,iter-dense-for,quick_cache,1,264.623680
string128,sip,1024,iter-dense-for,lru,1,787.586979
string128,sip,1024,iter-dense-for,hashlink,1,942.539062
string128,sip,1024,iter-dense-for,micro,1,277.998613
string128,sip,1024,iter-dense-for,quick_cache,2,268.885835
string128,sip,1024,iter-dense-for,lru,2,802.595085
string128,sip,1024,iter-dense-for,hashlink,2,985.785807
string128,sip,1024,iter-dense-for,micro,2,283.732251
string128,sip,1024,iter-dense-for,baseline,2,276.640855
string128,sip,1024,iter-dense-for,lru,3,776.752066
string128,sip,1024,iter-dense-for,hashlink,3,979.532878
string128,sip,1024,iter-dense-for,micro,3,277.644231
string128,sip,1024,iter-dense-for,baseline,3,282.426581
string128,sip,1024,iter-dense-for,quick_cache,3,518.142783
string128,sip,1024,iter-dense-for,hashlink,4,929.017017
string128,sip,1024,iter-dense-for,micro,4,276.709993
string128,sip,1024,iter-dense-for,baseline,4,276.424632
string128,sip,1024,iter-dense-for,quick_cache,4,267.894375
string128,sip,1024,iter-dense-for,lru,4,794.557733
string128,sip,1024,iter-density-1pct,micro,0,7.287415
string128,sip,1024,iter-density-1pct,baseline,0,358.236880
string128,sip,1024,iter-density-1pct,quick_cache,0,213.269389
string128,sip,1024,iter-density-1pct,lru,0,4.339997
string128,sip,1024,iter-density-1pct,hashlink,0,4.235875
string128,sip,1024,iter-density-1pct,baseline,1,358.972448
string128,sip,1024,iter-density-1pct,quick_cache,1,211.280617
string128,sip,1024,iter-density-1pct,lru,1,4.333977
string128,sip,1024,iter-density-1pct,hashlink,1,4.264135
string128,sip,1024,iter-density-1pct,micro,1,7.417239
string128,sip,1024,iter-density-1pct,quick_cache,2,212.274887
string128,sip,1024,iter-density-1pct,lru,2,4.287870
string128,sip,1024,iter-density-1pct,hashlink,2,4.188318
string128,sip,1024,iter-density-1pct,micro,2,7.334468
string128,sip,1024,iter-density-1pct,baseline,2,360.322917
string128,sip,1024,iter-density-1pct,lru,3,4.346375
string128,sip,1024,iter-density-1pct,hashlink,3,4.263883
string128,sip,1024,iter-density-1pct,micro,3,7.462107
string128,sip,1024,iter-density-1pct,baseline,3,356.488593
string128,sip,1024,iter-density-1pct,quick_cache,3,180.944424
string128,sip,1024,iter-density-1pct,hashlink,4,4.292505
string128,sip,1024,iter-density-1pct,micro,4,7.391202
string128,sip,1024,iter-density-1pct,baseline,4,367.687868
string128,sip,1024,iter-density-1pct,quick_cache,4,177.533790
string128,sip,1024,iter-density-1pct,lru,4,4.325778
string128,sip,1024,iter-density-6pct,micro,0,190.463362
string128,sip,1024,iter-density-6pct,baseline,0,306.797998
string128,sip,1024,iter-density-6pct,quick_cache,0,197.524671
string128,sip,1024,iter-density-6pct,lru,0,54.102946
string128,sip,1024,iter-density-6pct,hashlink,0,54.502887
string128,sip,1024,iter-density-6pct,baseline,1,326.474718
string128,sip,1024,iter-density-6pct,quick_cache,1,230.897420
string128,sip,1024,iter-density-6pct,lru,1,53.651352
string128,sip,1024,iter-density-6pct,hashlink,1,52.776502
string128,sip,1024,iter-density-6pct,micro,1,188.263429
string128,sip,1024,iter-density-6pct,quick_cache,2,228.228939
string128,sip,1024,iter-density-6pct,lru,2,53.734635
string128,sip,1024,iter-density-6pct,hashlink,2,53.585554
string128,sip,1024,iter-density-6pct,micro,2,197.004979
string128,sip,1024,iter-density-6pct,baseline,2,308.282070
string128,sip,1024,iter-density-6pct,lru,3,52.144901
string128,sip,1024,iter-density-6pct,hashlink,3,68.148369
string128,sip,1024,iter-density-6pct,micro,3,193.355348
string128,sip,1024,iter-density-6pct,baseline,3,332.127871
string128,sip,1024,iter-density-6pct,quick_cache,3,182.529791
string128,sip,1024,iter-density-6pct,hashlink,4,53.389130
string128,sip,1024,iter-density-6pct,micro,4,199.915578
string128,sip,1024,iter-density-6pct,baseline,4,296.115043
string128,sip,1024,iter-density-6pct,quick_cache,4,247.814974
string128,sip,1024,iter-density-6pct,lru,4,50.569141
string128,sip,1024,iter-density-quarter,micro,0,189.470202
string128,sip,1024,iter-density-quarter,baseline,0,391.753385
string128,sip,1024,iter-density-quarter,quick_cache,0,198.807733
string128,sip,1024,iter-density-quarter,lru,0,310.693502
string128,sip,1024,iter-density-quarter,hashlink,0,319.249575
string128,sip,1024,iter-density-quarter,baseline,1,394.361738
string128,sip,1024,iter-density-quarter,quick_cache,1,198.904264
string128,sip,1024,iter-density-quarter,lru,1,318.118856
string128,sip,1024,iter-density-quarter,hashlink,1,301.152644
string128,sip,1024,iter-density-quarter,micro,1,188.731388
string128,sip,1024,iter-density-quarter,quick_cache,2,168.097110
string128,sip,1024,iter-density-quarter,lru,2,315.619757
string128,sip,1024,iter-density-quarter,hashlink,2,314.846372
string128,sip,1024,iter-density-quarter,micro,2,191.178208
string128,sip,1024,iter-density-quarter,baseline,2,391.916146
string128,sip,1024,iter-density-quarter,lru,3,315.606648
string128,sip,1024,iter-density-quarter,hashlink,3,306.273717
string128,sip,1024,iter-density-quarter,micro,3,191.765721
string128,sip,1024,iter-density-quarter,baseline,3,391.216406
string128,sip,1024,iter-density-quarter,quick_cache,3,166.886788
string128,sip,1024,iter-density-quarter,hashlink,4,321.342573
string128,sip,1024,iter-density-quarter,micro,4,190.373542
string128,sip,1024,iter-density-quarter,baseline,4,385.448642
string128,sip,1024,iter-density-quarter,quick_cache,4,168.553187
string128,sip,1024,iter-density-quarter,lru,4,316.537774
string128,sip,1024,iter-density-half,micro,0,186.146267
string128,sip,1024,iter-density-half,baseline,0,517.998964
string128,sip,1024,iter-density-half,quick_cache,0,199.146895
string128,sip,1024,iter-density-half,lru,0,667.857934
string128,sip,1024,iter-density-half,hashlink,0,669.317154
string128,sip,1024,iter-density-half,baseline,1,523.910265
string128,sip,1024,iter-density-half,quick_cache,1,201.017131
string128,sip,1024,iter-density-half,lru,1,652.036241
string128,sip,1024,iter-density-half,hashlink,1,652.189887
string128,sip,1024,iter-density-half,micro,1,184.366282
string128,sip,1024,iter-density-half,quick_cache,2,197.107012
string128,sip,1024,iter-density-half,lru,2,658.089379
string128,sip,1024,iter-density-half,hashlink,2,644.566995
string128,sip,1024,iter-density-half,micro,2,184.547949
string128,sip,1024,iter-density-half,baseline,2,509.262331
string128,sip,1024,iter-density-half,lru,3,644.602740
string128,sip,1024,iter-density-half,hashlink,3,649.173922
string128,sip,1024,iter-density-half,micro,3,186.079055
string128,sip,1024,iter-density-half,baseline,3,516.462054
string128,sip,1024,iter-density-half,quick_cache,3,202.958739
string128,sip,1024,iter-density-half,hashlink,4,622.137210
string128,sip,1024,iter-density-half,micro,4,183.866912
string128,sip,1024,iter-density-half,baseline,4,502.827039
string128,sip,1024,iter-density-half,quick_cache,4,195.894181
string128,sip,1024,iter-density-half,lru,4,642.299107
string128,sip,1024,iter-front,micro,0,1.199601
string128,sip,1024,iter-front,baseline,0,262.823880
string128,sip,1024,iter-front,quick_cache,0,168.443279
string128,sip,1024,iter-front,lru,0,1.220973
string128,sip,1024,iter-front,hashlink,0,1.172271
string128,sip,1024,iter-front,baseline,1,272.293931
string128,sip,1024,iter-front,quick_cache,1,205.145104
string128,sip,1024,iter-front,lru,1,1.224258
string128,sip,1024,iter-front,hashlink,1,1.149573
string128,sip,1024,iter-front,micro,1,1.187145
string128,sip,1024,iter-front,quick_cache,2,167.088356
string128,sip,1024,iter-front,lru,2,1.200123
string128,sip,1024,iter-front,hashlink,2,1.170865
string128,sip,1024,iter-front,micro,2,1.193933
string128,sip,1024,iter-front,baseline,2,265.043874
string128,sip,1024,iter-front,lru,3,1.210802
string128,sip,1024,iter-front,hashlink,3,1.161480
string128,sip,1024,iter-front,micro,3,1.199279
string128,sip,1024,iter-front,baseline,3,267.234954
string128,sip,1024,iter-front,quick_cache,3,168.513409
string128,sip,1024,iter-front,hashlink,4,1.202524
string128,sip,1024,iter-front,micro,4,1.204904
string128,sip,1024,iter-front,baseline,4,263.704793
string128,sip,1024,iter-front,quick_cache,4,166.807726
string128,sip,1024,iter-front,lru,4,1.224562
string128,sip,1024,iter-back,micro,0,1.186994
string128,sip,1024,iter-back,baseline,0,272.263768
string128,sip,1024,iter-back,quick_cache,0,169.172297
string128,sip,1024,iter-back,lru,0,1.222598
string128,sip,1024,iter-back,hashlink,0,1.156922
string128,sip,1024,iter-back,baseline,1,267.164530
string128,sip,1024,iter-back,quick_cache,1,169.146453
string128,sip,1024,iter-back,lru,1,1.228171
string128,sip,1024,iter-back,hashlink,1,1.167730
string128,sip,1024,iter-back,micro,1,1.192961
string128,sip,1024,iter-back,quick_cache,2,169.994962
string128,sip,1024,iter-back,lru,2,1.230089
string128,sip,1024,iter-back,hashlink,2,1.171875
string128,sip,1024,iter-back,micro,2,1.182577
string128,sip,1024,iter-back,baseline,2,270.626981
string128,sip,1024,iter-back,lru,3,1.220608
string128,sip,1024,iter-back,hashlink,3,1.177335
string128,sip,1024,iter-back,micro,3,1.205927
string128,sip,1024,iter-back,baseline,3,270.833393
string128,sip,1024,iter-back,quick_cache,3,168.647875
string128,sip,1024,iter-back,hashlink,4,1.170660
string128,sip,1024,iter-back,micro,4,1.182309
string128,sip,1024,iter-back,baseline,4,272.425996
string128,sip,1024,iter-back,quick_cache,4,170.971368
string128,sip,1024,iter-back,lru,4,1.206937
string128,sip,1024,iter-empty,micro,0,0.789168
string128,sip,1024,iter-empty,baseline,0,268.348214
string128,sip,1024,iter-empty,quick_cache,0,167.571150
string128,sip,1024,iter-empty,lru,0,0.985494
string128,sip,1024,iter-empty,hashlink,0,0.998551
string128,sip,1024,iter-empty,baseline,1,266.927113
string128,sip,1024,iter-empty,quick_cache,1,168.055052
string128,sip,1024,iter-empty,lru,1,1.004446
string128,sip,1024,iter-empty,hashlink,1,1.019587
string128,sip,1024,iter-empty,micro,1,0.807674
string128,sip,1024,iter-empty,quick_cache,2,169.207489
string128,sip,1024,iter-empty,lru,2,0.998871
string128,sip,1024,iter-empty,hashlink,2,0.995900
string128,sip,1024,iter-empty,micro,2,0.798130
string128,sip,1024,iter-empty,baseline,2,269.924120
string128,sip,1024,iter-empty,lru,3,0.998488
string128,sip,1024,iter-empty,hashlink,3,1.017650
string128,sip,1024,iter-empty,micro,3,0.809006
string128,sip,1024,iter-empty,baseline,3,271.443009
string128,sip,1024,iter-empty,quick_cache,3,168.024754
string128,sip,1024,iter-empty,hashlink,4,1.007317
string128,sip,1024,iter-empty,micro,4,0.818241
string128,sip,1024,iter-empty,baseline,4,277.482433
string128,sip,1024,iter-empty,quick_cache,4,169.576376
string128,sip,1024,iter-empty,lru,4,0.990868
string128,sip,1024,iter-count,micro,0,0.402269
string128,sip,1024,iter-count,baseline,0,272.593477
string128,sip,1024,iter-count,quick_cache,0,509.730299
string128,sip,1024,iter-count,lru,0,0.407864
string128,sip,1024,iter-count,hashlink,0,0.405858
string128,sip,1024,iter-count,baseline,1,266.001128
string128,sip,1024,iter-count,quick_cache,1,501.342773
string128,sip,1024,iter-count,lru,1,0.402228
string128,sip,1024,iter-count,hashlink,1,0.404720
string128,sip,1024,iter-count,micro,1,0.405078
string128,sip,1024,iter-count,quick_cache,2,504.007975
string128,sip,1024,iter-count,lru,2,0.405490
string128,sip,1024,iter-count,hashlink,2,0.403719
string128,sip,1024,iter-count,micro,2,0.406196
string128,sip,1024,iter-count,baseline,2,268.721147
string128,sip,1024,iter-count,lru,3,0.404212
string128,sip,1024,iter-count,hashlink,3,0.398007
string128,sip,1024,iter-count,micro,3,0.401407
string128,sip,1024,iter-count,baseline,3,263.628472
string128,sip,1024,iter-count,quick_cache,3,509.928499
string128,sip,1024,iter-count,hashlink,4,0.405437
string128,sip,1024,iter-count,micro,4,0.409638
string128,sip,1024,iter-count,baseline,4,271.081143
string128,sip,1024,iter-count,quick_cache,4,511.181046
string128,sip,1024,iter-count,lru,4,0.404513
string128,sip,16384,get-hit,micro,0,46.684906
string128,sip,16384,get-hit,baseline,0,45.827240
string128,sip,16384,get-hit,quick_cache,0,47.148392
string128,sip,16384,get-hit,lru,0,45.967743
string128,sip,16384,get-hit,hashlink,0,45.279609
string128,sip,16384,get-hit,baseline,1,46.144485
string128,sip,16384,get-hit,quick_cache,1,47.533676
string128,sip,16384,get-hit,lru,1,46.018600
string128,sip,16384,get-hit,hashlink,1,44.803196
string128,sip,16384,get-hit,micro,1,45.620945
string128,sip,16384,get-hit,quick_cache,2,47.143295
string128,sip,16384,get-hit,lru,2,46.595245
string128,sip,16384,get-hit,hashlink,2,44.736504
string128,sip,16384,get-hit,micro,2,45.019640
string128,sip,16384,get-hit,baseline,2,45.700643
string128,sip,16384,get-hit,lru,3,46.397537
string128,sip,16384,get-hit,hashlink,3,45.894477
string128,sip,16384,get-hit,micro,3,45.262655
string128,sip,16384,get-hit,baseline,3,45.983627
string128,sip,16384,get-hit,quick_cache,3,47.851562
string128,sip,16384,get-hit,hashlink,4,46.921402
string128,sip,16384,get-hit,micro,4,44.860270
string128,sip,16384,get-hit,baseline,4,45.338949
string128,sip,16384,get-hit,quick_cache,4,46.662659
string128,sip,16384,get-hit,lru,4,45.740763
string128,sip,16384,get-miss,micro,0,29.509719
string128,sip,16384,get-miss,baseline,0,29.647433
string128,sip,16384,get-miss,quick_cache,0,28.073268
string128,sip,16384,get-miss,lru,0,27.580261
string128,sip,16384,get-miss,hashlink,0,28.060913
string128,sip,16384,get-miss,baseline,1,27.930856
string128,sip,16384,get-miss,quick_cache,1,28.391132
string128,sip,16384,get-miss,lru,1,28.070356
string128,sip,16384,get-miss,hashlink,1,28.530809
string128,sip,16384,get-miss,micro,1,28.484638
string128,sip,16384,get-miss,quick_cache,2,28.711952
string128,sip,16384,get-miss,lru,2,28.445125
string128,sip,16384,get-miss,hashlink,2,28.458815
string128,sip,16384,get-miss,micro,2,28.387216
string128,sip,16384,get-miss,baseline,2,27.878898
string128,sip,16384,get-miss,lru,3,28.485812
string128,sip,16384,get-miss,hashlink,3,28.271804
string128,sip,16384,get-miss,micro,3,29.511672
string128,sip,16384,get-miss,baseline,3,29.482713
string128,sip,16384,get-miss,quick_cache,3,28.825026
string128,sip,16384,get-miss,hashlink,4,28.390353
string128,sip,16384,get-miss,micro,4,28.106689
string128,sip,16384,get-miss,baseline,4,27.833854
string128,sip,16384,get-miss,quick_cache,4,28.009687
string128,sip,16384,get-miss,lru,4,28.245972
string128,sip,16384,update,micro,0,56.009923
string128,sip,16384,update,baseline,0,56.205375
string128,sip,16384,update,quick_cache,0,185.681702
string128,sip,16384,update,lru,0,52.631923
string128,sip,16384,update,hashlink,0,52.812849
string128,sip,16384,update,baseline,1,52.627563
string128,sip,16384,update,quick_cache,1,200.492859
string128,sip,16384,update,lru,1,54.435372
string128,sip,16384,update,hashlink,1,55.446080
string128,sip,16384,update,micro,1,53.598301
string128,sip,16384,update,quick_cache,2,207.211792
string128,sip,16384,update,lru,2,55.083496
string128,sip,16384,update,hashlink,2,54.335083
string128,sip,16384,update,micro,2,54.829189
string128,sip,16384,update,baseline,2,54.839373
string128,sip,16384,update,lru,3,57.694214
string128,sip,16384,update,hashlink,3,56.032453
string128,sip,16384,update,micro,3,57.442069
string128,sip,16384,update,baseline,3,58.532715
string128,sip,16384,update,quick_cache,3,221.371948
string128,sip,16384,update,hashlink,4,57.742902
string128,sip,16384,update,micro,4,54.618478
string128,sip,16384,update,baseline,4,55.211373
string128,sip,16384,update,quick_cache,4,207.753540
string128,sip,16384,update,lru,4,53.219744
string128,sip,16384,insert-cycle,micro,0,79.520554
string128,sip,16384,insert-cycle,baseline,0,79.549789
string128,sip,16384,insert-cycle,quick_cache,0,91.799408
string128,sip,16384,insert-cycle,lru,0,140.019745
string128,sip,16384,insert-cycle,hashlink,0,137.179047
string128,sip,16384,insert-cycle,baseline,1,81.114456
string128,sip,16384,insert-cycle,quick_cache,1,100.851685
string128,sip,16384,insert-cycle,lru,1,141.137421
string128,sip,16384,insert-cycle,hashlink,1,134.279877
string128,sip,16384,insert-cycle,micro,1,83.310440
string128,sip,16384,insert-cycle,quick_cache,2,97.024292
string128,sip,16384,insert-cycle,lru,2,136.664062
string128,sip,16384,insert-cycle,hashlink,2,135.635376
string128,sip,16384,insert-cycle,micro,2,84.754944
string128,sip,16384,insert-cycle,baseline,2,84.510803
string128,sip,16384,insert-cycle,lru,3,136.400848
string128,sip,16384,insert-cycle,hashlink,3,135.814667
string128,sip,16384,insert-cycle,micro,3,82.861588
string128,sip,16384,insert-cycle,baseline,3,81.070587
string128,sip,16384,insert-cycle,quick_cache,3,107.252747
string128,sip,16384,insert-cycle,hashlink,4,135.641754
string128,sip,16384,insert-cycle,micro,4,84.973648
string128,sip,16384,insert-cycle,baseline,4,78.657791
string128,sip,16384,insert-cycle,quick_cache,4,97.503662
string128,sip,16384,insert-cycle,lru,4,133.004517
string128,sip,16384,mixed-95,micro,0,49.378971
string128,sip,16384,mixed-95,baseline,0,50.628821
string128,sip,16384,mixed-95,quick_cache,0,52.242279
string128,sip,16384,mixed-95,lru,0,50.169051
string128,sip,16384,mixed-95,hashlink,0,49.072325
string128,sip,16384,mixed-95,baseline,1,48.127075
string128,sip,16384,mixed-95,quick_cache,1,48.256437
string128,sip,16384,mixed-95,lru,1,55.954616
string128,sip,16384,mixed-95,hashlink,1,47.063192
string128,sip,16384,mixed-95,micro,1,49.101134
string128,sip,16384,mixed-95,quick_cache,2,48.242589
string128,sip,16384,mixed-95,lru,2,49.239159
string128,sip,16384,mixed-95,hashlink,2,46.991010
string128,sip,16384,mixed-95,micro,2,47.060529
string128,sip,16384,mixed-95,baseline,2,47.855834
string128,sip,16384,mixed-95,lru,3,49.955507
string128,sip,16384,mixed-95,hashlink,3,50.409436
string128,sip,16384,mixed-95,micro,3,50.835828
string128,sip,16384,mixed-95,baseline,3,48.252285
string128,sip,16384,mixed-95,quick_cache,3,52.238663
string128,sip,16384,mixed-95,hashlink,4,50.482532
string128,sip,16384,mixed-95,micro,4,50.871114
string128,sip,16384,mixed-95,baseline,4,49.292723
string128,sip,16384,mixed-95,quick_cache,4,51.072101
string128,sip,16384,mixed-95,lru,4,49.131056
string128,sip,16384,load-hit,micro,0,45.506239
string128,sip,16384,load-hit,baseline,0,58.577776
string128,sip,16384,load-hit,quick_cache,0,75.717163
string128,sip,16384,load-hit,lru,0,46.237946
string128,sip,16384,load-hit,hashlink,0,44.414944
string128,sip,16384,load-hit,baseline,1,59.414812
string128,sip,16384,load-hit,quick_cache,1,50.835922
string128,sip,16384,load-hit,lru,1,48.758835
string128,sip,16384,load-hit,hashlink,1,45.258708
string128,sip,16384,load-hit,micro,1,48.377350
string128,sip,16384,load-hit,quick_cache,2,50.669357
string128,sip,16384,load-hit,lru,2,48.647568
string128,sip,16384,load-hit,hashlink,2,45.921967
string128,sip,16384,load-hit,micro,2,49.404144
string128,sip,16384,load-hit,baseline,2,56.745257
string128,sip,16384,load-hit,lru,3,48.913956
string128,sip,16384,load-hit,hashlink,3,45.864105
string128,sip,16384,load-hit,micro,3,48.290253
string128,sip,16384,load-hit,baseline,3,58.064052
string128,sip,16384,load-hit,quick_cache,3,53.640451
string128,sip,16384,load-hit,hashlink,4,45.483059
string128,sip,16384,load-hit,micro,4,48.983887
string128,sip,16384,load-hit,baseline,4,57.464600
string128,sip,16384,load-hit,quick_cache,4,51.321030
string128,sip,16384,load-hit,lru,4,49.804062
string128,sip,16384,load-cycle,micro,0,79.703644
string128,sip,16384,load-cycle,baseline,0,82.900375
string128,sip,16384,load-cycle,quick_cache,0,69.984436
string128,sip,16384,load-cycle,lru,0,143.587738
string128,sip,16384,load-cycle,hashlink,0,155.729919
string128,sip,16384,load-cycle,baseline,1,85.313156
string128,sip,16384,load-cycle,quick_cache,1,69.605499
string128,sip,16384,load-cycle,lru,1,141.517639
string128,sip,16384,load-cycle,hashlink,1,162.857056
string128,sip,16384,load-cycle,micro,1,86.419418
string128,sip,16384,load-cycle,quick_cache,2,73.555618
string128,sip,16384,load-cycle,lru,2,141.148895
string128,sip,16384,load-cycle,hashlink,2,193.394958
string128,sip,16384,load-cycle,micro,2,86.969376
string128,sip,16384,load-cycle,baseline,2,82.597733
string128,sip,16384,load-cycle,lru,3,144.739777
string128,sip,16384,load-cycle,hashlink,3,160.268127
string128,sip,16384,load-cycle,micro,3,86.693451
string128,sip,16384,load-cycle,baseline,3,82.481384
string128,sip,16384,load-cycle,quick_cache,3,73.085785
string128,sip,16384,load-cycle,hashlink,4,157.440186
string128,sip,16384,load-cycle,micro,4,81.732422
string128,sip,16384,load-cycle,baseline,4,85.329681
string128,sip,16384,load-cycle,quick_cache,4,74.340820
string128,sip,16384,load-cycle,lru,4,140.829712
string128,sip,16384,clear-refill,micro,0,815114.500000
string128,sip,16384,clear-refill,baseline,0,858854.000000
string128,sip,16384,clear-refill,quick_cache,0,864989.500000
string128,sip,16384,clear-refill,lru,0,2203895.500000
string128,sip,16384,clear-refill,hashlink,0,1360930.666667
string128,sip,16384,clear-refill,baseline,1,805593.750000
string128,sip,16384,clear-refill,quick_cache,1,870146.000000
string128,sip,16384,clear-refill,lru,1,2312354.000000
string128,sip,16384,clear-refill,hashlink,1,1384277.666667
string128,sip,16384,clear-refill,micro,1,816500.000000
string128,sip,16384,clear-refill,quick_cache,2,836625.000000
string128,sip,16384,clear-refill,lru,2,2208562.500000
string128,sip,16384,clear-refill,hashlink,2,1404569.666667
string128,sip,16384,clear-refill,micro,2,840802.250000
string128,sip,16384,clear-refill,baseline,2,808437.500000
string128,sip,16384,clear-refill,lru,3,2472292.000000
string128,sip,16384,clear-refill,hashlink,3,1416152.666667
string128,sip,16384,clear-refill,micro,3,771625.000000
string128,sip,16384,clear-refill,baseline,3,845166.500000
string128,sip,16384,clear-refill,quick_cache,3,870271.000000
string128,sip,16384,clear-refill,hashlink,4,1435138.666667
string128,sip,16384,clear-refill,micro,4,843604.250000
string128,sip,16384,clear-refill,baseline,4,905666.750000
string128,sip,16384,clear-refill,quick_cache,4,854343.750000
string128,sip,16384,clear-refill,lru,4,2274354.000000
string128,sip,16384,clear-empty,micro,0,0.364541
string128,sip,16384,clear-empty,baseline,0,349.413028
string128,sip,16384,clear-empty,quick_cache,0,4.006410
string128,sip,16384,clear-empty,lru,0,2.248205
string128,sip,16384,clear-empty,hashlink,0,0.651902
string128,sip,16384,clear-empty,baseline,1,342.796763
string128,sip,16384,clear-empty,quick_cache,1,4.006209
string128,sip,16384,clear-empty,lru,1,2.211269
string128,sip,16384,clear-empty,hashlink,1,0.651241
string128,sip,16384,clear-empty,micro,1,0.372568
string128,sip,16384,clear-empty,quick_cache,2,3.991566
string128,sip,16384,clear-empty,lru,2,2.239854
string128,sip,16384,clear-empty,hashlink,2,0.646606
string128,sip,16384,clear-empty,micro,2,0.372301
string128,sip,16384,clear-empty,baseline,2,337.379018
string128,sip,16384,clear-empty,lru,3,2.247067
string128,sip,16384,clear-empty,hashlink,3,0.652628
string128,sip,16384,clear-empty,micro,3,0.364966
string128,sip,16384,clear-empty,baseline,3,326.384332
string128,sip,16384,clear-empty,quick_cache,3,4.002360
string128,sip,16384,clear-empty,hashlink,4,0.648933
string128,sip,16384,clear-empty,micro,4,0.375089
string128,sip,16384,clear-empty,baseline,4,318.808066
string128,sip,16384,clear-empty,quick_cache,4,3.957975
string128,sip,16384,clear-empty,lru,4,2.216583
string128,sip,16384,iter-dense,micro,0,6109.539062
string128,sip,16384,iter-dense,baseline,0,6172.769531
string128,sip,16384,iter-dense,quick_cache,0,6905.227679
string128,sip,16384,iter-dense,lru,0,26692.054688
string128,sip,16384,iter-dense,hashlink,0,24472.984375
string128,sip,16384,iter-dense,baseline,1,6206.054688
string128,sip,16384,iter-dense,quick_cache,1,6954.705357
string128,sip,16384,iter-dense,lru,1,27669.593750
string128,sip,16384,iter-dense,hashlink,1,25036.132812
string128,sip,16384,iter-dense,micro,1,6138.183594
string128,sip,16384,iter-dense,quick_cache,2,7002.046875
string128,sip,16384,iter-dense,lru,2,26899.414062
string128,sip,16384,iter-dense,hashlink,2,23580.078125
string128,sip,16384,iter-dense,micro,2,6064.373047
string128,sip,16384,iter-dense,baseline,2,6094.644531
string128,sip,16384,iter-dense,lru,3,27035.484375
string128,sip,16384,iter-dense,hashlink,3,23546.554688
string128,sip,16384,iter-dense,micro,3,6000.896484
string128,sip,16384,iter-dense,baseline,3,6058.675781
string128,sip,16384,iter-dense,quick_cache,3,6979.910714
string128,sip,16384,iter-dense,hashlink,4,27615.882812
string128,sip,16384,iter-dense,micro,4,6129.964844
string128,sip,16384,iter-dense,baseline,4,6079.671875
string128,sip,16384,iter-dense,quick_cache,4,6958.984375
string128,sip,16384,iter-dense,lru,4,23706.382812
string128,sip,16384,iter-dense-for,micro,0,6145.019531
string128,sip,16384,iter-dense-for,baseline,0,6074.382812
string128,sip,16384,iter-dense-for,quick_cache,0,8305.773438
string128,sip,16384,iter-dense-for,lru,0,17079.859375
string128,sip,16384,iter-dense-for,hashlink,0,25477.867188
string128,sip,16384,iter-dense-for,baseline,1,6071.207031
string128,sip,16384,iter-dense-for,quick_cache,1,7174.107143
string128,sip,16384,iter-dense-for,lru,1,19450.262500
string128,sip,16384,iter-dense-for,hashlink,1,25805.984375
string128,sip,16384,iter-dense-for,micro,1,6129.882812
string128,sip,16384,iter-dense-for,quick_cache,2,7169.734375
string128,sip,16384,iter-dense-for,lru,2,18534.072917
string128,sip,16384,iter-dense-for,hashlink,2,25905.921875
string128,sip,16384,iter-dense-for,micro,2,6087.566406
string128,sip,16384,iter-dense-for,baseline,2,6153.402344
string128,sip,16384,iter-dense-for,lru,3,18108.291667
string128,sip,16384,iter-dense-for,hashlink,3,25609.703125
string128,sip,16384,iter-dense-for,micro,3,6065.591797
string128,sip,16384,iter-dense-for,baseline,3,6106.445312
string128,sip,16384,iter-dense-for,quick_cache,3,7066.127232
string128,sip,16384,iter-dense-for,hashlink,4,20748.693750
string128,sip,16384,iter-dense-for,micro,4,6172.689453
string128,sip,16384,iter-dense-for,baseline,4,6197.429688
string128,sip,16384,iter-dense-for,quick_cache,4,7089.194196
string128,sip,16384,iter-dense-for,lru,4,24854.492188
string128,sip,16384,iter-density-1pct,micro,0,357.166825
string128,sip,16384,iter-density-1pct,baseline,0,6524.652083
string128,sip,16384,iter-density-1pct,quick_cache,0,7011.439732
string128,sip,16384,iter-density-1pct,lru,0,190.222997
string128,sip,16384,iter-density-1pct,hashlink,0,187.035732
string128,sip,16384,iter-density-1pct,baseline,1,6507.552083
string128,sip,16384,iter-density-1pct,quick_cache,1,7102.866071
string128,sip,16384,iter-density-1pct,lru,1,186.280568
string128,sip,16384,iter-density-1pct,hashlink,1,184.859929
string128,sip,16384,iter-density-1pct,micro,1,344.317651
string128,sip,16384,iter-density-1pct,quick_cache,2,6959.915179
string128,sip,16384,iter-density-1pct,lru,2,187.320671
string128,sip,16384,iter-density-1pct,hashlink,2,186.014447
string128,sip,16384,iter-density-1pct,micro,2,341.633523
string128,sip,16384,iter-density-1pct,baseline,2,6430.383333
string128,sip,16384,iter-density-1pct,lru,3,186.758217
string128,sip,16384,iter-density-1pct,hashlink,3,187.664062
string128,sip,16384,iter-density-1pct,micro,3,356.095052
string128,sip,16384,iter-density-1pct,baseline,3,6456.510417
string128,sip,16384,iter-density-1pct,quick_cache,3,6945.870536
string128,sip,16384,iter-density-1pct,hashlink,4,186.676814
string128,sip,16384,iter-density-1pct,micro,4,350.401353
string128,sip,16384,iter-density-1pct,baseline,4,6540.364583
string128,sip,16384,iter-density-1pct,quick_cache,4,6943.080357
string128,sip,16384,iter-density-1pct,lru,4,186.107453
string128,sip,16384,iter-density-6pct,micro,0,6102.375000
string128,sip,16384,iter-density-6pct,baseline,0,5747.702206
string128,sip,16384,iter-density-6pct,quick_cache,0,6953.218750
string128,sip,16384,iter-density-6pct,lru,0,1332.177817
string128,sip,16384,iter-density-6pct,hashlink,0,1315.773438
string128,sip,16384,iter-density-6pct,baseline,1,5773.207721
string128,sip,16384,iter-density-6pct,quick_cache,1,6742.187500
string128,sip,16384,iter-density-6pct,lru,1,1364.413496
string128,sip,16384,iter-density-6pct,hashlink,1,1352.083482
string128,sip,16384,iter-density-6pct,micro,1,6285.937500
string128,sip,16384,iter-density-6pct,quick_cache,2,6722.470982
string128,sip,16384,iter-density-6pct,lru,2,1371.980978
string128,sip,16384,iter-density-6pct,hashlink,2,1393.439798
string128,sip,16384,iter-density-6pct,micro,2,6254.687500
string128,sip,16384,iter-density-6pct,baseline,2,5855.775735
string128,sip,16384,iter-density-6pct,lru,3,1515.394153
string128,sip,16384,iter-density-6pct,hashlink,3,1645.422149
string128,sip,16384,iter-density-6pct,micro,3,6251.302083
string128,sip,16384,iter-density-6pct,baseline,3,7015.533482
string128,sip,16384,iter-density-6pct,quick_cache,3,7966.255208
string128,sip,16384,iter-density-6pct,hashlink,4,1663.308662
string128,sip,16384,iter-density-6pct,micro,4,7454.127404
string128,sip,16384,iter-density-6pct,baseline,4,6072.753906
string128,sip,16384,iter-density-6pct,quick_cache,4,6945.312500
string128,sip,16384,iter-density-6pct,lru,4,1415.151119
string128,sip,16384,iter-density-quarter,micro,0,6239.501953
string128,sip,16384,iter-density-quarter,baseline,0,6195.312500
string128,sip,16384,iter-density-quarter,quick_cache,0,7002.696429
string128,sip,16384,iter-density-quarter,lru,0,11795.572917
string128,sip,16384,iter-density-quarter,hashlink,0,10449.652778
string128,sip,16384,iter-density-quarter,baseline,1,6192.708984
string128,sip,16384,iter-density-quarter,quick_cache,1,6965.308036
string128,sip,16384,iter-density-quarter,lru,1,10996.093750
string128,sip,16384,iter-density-quarter,hashlink,1,10633.826389
string128,sip,16384,iter-density-quarter,micro,1,6257.162109
string128,sip,16384,iter-density-quarter,quick_cache,2,7149.926339
string128,sip,16384,iter-density-quarter,lru,2,11044.847222
string128,sip,16384,iter-density-quarter,hashlink,2,10512.440972
string128,sip,16384,iter-density-quarter,micro,2,6110.431641
string128,sip,16384,iter-density-quarter,baseline,2,6103.759766
string128,sip,16384,iter-density-quarter,lru,3,10973.524306
string128,sip,16384,iter-density-quarter,hashlink,3,10659.722222
string128,sip,16384,iter-density-quarter,micro,3,6219.646484
string128,sip,16384,iter-density-quarter,baseline,3,6166.667969
string128,sip,16384,iter-density-quarter,quick_cache,3,6875.651786
string128,sip,16384,iter-density-quarter,hashlink,4,10070.834375
string128,sip,16384,iter-density-quarter,micro,4,6295.920833
string128,sip,16384,iter-density-quarter,baseline,4,6152.994141
string128,sip,16384,iter-density-quarter,quick_cache,4,6898.343750
string128,sip,16384,iter-density-quarter,lru,4,12637.859375
string128,sip,16384,iter-density-half,micro,0,6185.058594
string128,sip,16384,iter-density-half,baseline,0,8139.757812
string128,sip,16384,iter-density-half,quick_cache,0,6860.957589
string128,sip,16384,iter-density-half,lru,0,13606.584821
string128,sip,16384,iter-density-half,hashlink,0,18120.442708
string128,sip,16384,iter-density-half,baseline,1,8163.843750
string128,sip,16384,iter-density-half,quick_cache,1,6972.098214
string128,sip,16384,iter-density-half,lru,1,13838.544643
string128,sip,16384,iter-density-half,hashlink,1,18139.755208
string128,sip,16384,iter-density-half,micro,1,6107.583984
string128,sip,16384,iter-density-half,quick_cache,2,6998.138393
string128,sip,16384,iter-density-half,lru,2,13407.178571
string128,sip,16384,iter-density-half,hashlink,2,18043.619792
string128,sip,16384,iter-density-half,micro,2,6149.982422
string128,sip,16384,iter-density-half,baseline,2,8118.815104
string128,sip,16384,iter-density-half,lru,3,13035.968750
string128,sip,16384,iter-density-half,hashlink,3,18291.447917
string128,sip,16384,iter-density-half,micro,3,6117.105469
string128,sip,16384,iter-density-half,baseline,3,8160.916667
string128,sip,16384,iter-density-half,quick_cache,3,6914.714286
string128,sip,16384,iter-density-half,hashlink,4,16561.197917
string128,sip,16384,iter-density-half,micro,4,6180.339844
string128,sip,16384,iter-density-half,baseline,4,8321.182292
string128,sip,16384,iter-density-half,quick_cache,4,6866.908482
string128,sip,16384,iter-density-half,lru,4,18901.818750
string128,sip,16384,iter-front,micro,0,1.210490
string128,sip,16384,iter-front,baseline,0,5476.345486
string128,sip,16384,iter-front,quick_cache,0,7083.332589
string128,sip,16384,iter-front,lru,0,1.203961
string128,sip,16384,iter-front,hashlink,0,1.153179
string128,sip,16384,iter-front,baseline,1,5644.685662
string128,sip,16384,iter-front,quick_cache,1,7070.218750
string128,sip,16384,iter-front,lru,1,1.200092
string128,sip,16384,iter-front,hashlink,1,1.142220
string128,sip,16384,iter-front,micro,1,1.189359
string128,sip,16384,iter-front,quick_cache,2,7014.323661
string128,sip,16384,iter-front,lru,2,1.220719
string128,sip,16384,iter-front,hashlink,2,1.165393
string128,sip,16384,iter-front,micro,2,1.192870
string128,sip,16384,iter-front,baseline,2,5470.342014
string128,sip,16384,iter-front,lru,3,1.216127
string128,sip,16384,iter-front,hashlink,3,1.155055
string128,sip,16384,iter-front,micro,3,1.204131
string128,sip,16384,iter-front,baseline,3,5436.920139
string128,sip,16384,iter-front,quick_cache,3,6906.158482
string128,sip,16384,iter-front,hashlink,4,1.159239
string128,sip,16384,iter-front,micro,4,1.190537
string128,sip,16384,iter-front,baseline,4,5681.218750
string128,sip,16384,iter-front,quick_cache,4,7004.091518
string128,sip,16384,iter-front,lru,4,1.199263
string128,sip,16384,iter-back,micro,0,1.195364
string128,sip,16384,iter-back,baseline,0,5734.068015
string128,sip,16384,iter-back,quick_cache,0,7148.810268
string128,sip,16384,iter-back,lru,0,1.215890
string128,sip,16384,iter-back,hashlink,0,1.139929
string128,sip,16384,iter-back,baseline,1,5518.152574
string128,sip,16384,iter-back,quick_cache,1,7135.790179
string128,sip,16384,iter-back,lru,1,1.193416
string128,sip,16384,iter-back,hashlink,1,1.139222
string128,sip,16384,iter-back,micro,1,1.187776
string128,sip,16384,iter-back,quick_cache,2,6959.448661
string128,sip,16384,iter-back,lru,2,1.189389
string128,sip,16384,iter-back,hashlink,2,1.162257
string128,sip,16384,iter-back,micro,2,1.189419
string128,sip,16384,iter-back,baseline,2,5434.100694
string128,sip,16384,iter-back,lru,3,1.188861
string128,sip,16384,iter-back,hashlink,3,1.160703
string128,sip,16384,iter-back,micro,3,1.206098
string128,sip,16384,iter-back,baseline,3,5564.413603
string128,sip,16384,iter-back,quick_cache,3,7074.962054
string128,sip,16384,iter-back,hashlink,4,1.137784
string128,sip,16384,iter-back,micro,4,1.203559
string128,sip,16384,iter-back,baseline,4,5595.205882
string128,sip,16384,iter-back,quick_cache,4,7085.658482
string128,sip,16384,iter-back,lru,4,1.184894
string128,sip,16384,iter-empty,micro,0,0.784782
string128,sip,16384,iter-empty,baseline,0,5648.897059
string128,sip,16384,iter-empty,quick_cache,0,7027.156250
string128,sip,16384,iter-empty,lru,0,0.992263
string128,sip,16384,iter-empty,hashlink,0,0.998232
string128,sip,16384,iter-empty,baseline,1,5682.060662
string128,sip,16384,iter-empty,quick_cache,1,7095.053571
string128,sip,16384,iter-empty,lru,1,1.002921
string128,sip,16384,iter-empty,hashlink,1,1.008075
string128,sip,16384,iter-empty,micro,1,0.804714
string128,sip,16384,iter-empty,quick_cache,2,6989.397321
string128,sip,16384,iter-empty,lru,2,1.005912
string128,sip,16384,iter-empty,hashlink,2,0.976522
string128,sip,16384,iter-empty,micro,2,0.777047
string128,sip,16384,iter-empty,baseline,2,5480.395833
string128,sip,16384,iter-empty,lru,3,0.989623
string128,sip,16384,iter-empty,hashlink,3,0.992652
string128,sip,16384,iter-empty,micro,3,0.779781
string128,sip,16384,iter-empty,baseline,3,5425.347222
string128,sip,16384,iter-empty,quick_cache,3,6865.792411
string128,sip,16384,iter-empty,hashlink,4,0.992421
string128,sip,16384,iter-empty,micro,4,0.791266
string128,sip,16384,iter-empty,baseline,4,5666.667279
string128,sip,16384,iter-empty,quick_cache,4,6948.660714
string128,sip,16384,iter-empty,lru,4,0.985514
string128,sip,16384,iter-count,micro,0,0.401712
string128,sip,16384,iter-count,baseline,0,5448.839844
string128,sip,16384,iter-count,quick_cache,0,8049.072266
string128,sip,16384,iter-count,lru,0,0.397683
string128,sip,16384,iter-count,hashlink,0,0.412458
string128,sip,16384,iter-count,baseline,1,5427.951823
string128,sip,16384,iter-count,quick_cache,1,8014.404297
string128,sip,16384,iter-count,lru,1,0.402402
string128,sip,16384,iter-count,hashlink,1,0.410025
string128,sip,16384,iter-count,micro,1,0.399056
string128,sip,16384,iter-count,quick_cache,2,8209.148438
string128,sip,16384,iter-count,lru,2,0.404086
string128,sip,16384,iter-count,hashlink,2,0.402098
string128,sip,16384,iter-count,micro,2,0.403752
string128,sip,16384,iter-count,baseline,2,5542.697917
string128,sip,16384,iter-count,lru,3,0.397812
string128,sip,16384,iter-count,hashlink,3,0.454792
string128,sip,16384,iter-count,micro,3,0.394701
string128,sip,16384,iter-count,baseline,3,5392.305990
string128,sip,16384,iter-count,quick_cache,3,7837.482422
string128,sip,16384,iter-count,hashlink,4,0.395028
string128,sip,16384,iter-count,micro,4,0.399086
string128,sip,16384,iter-count,baseline,4,5463.649740
string128,sip,16384,iter-count,quick_cache,4,8223.958984
string128,sip,16384,iter-count,lru,4,0.399785
string128,ahash,128,get-hit,micro,0,11.305993
string128,ahash,128,get-hit,baseline,0,11.217215
string128,ahash,128,get-hit,quick_cache,0,11.471748
string128,ahash,128,get-hit,lru,0,12.192430
string128,ahash,128,get-hit,hashlink,0,11.330034
string128,ahash,128,get-hit,baseline,1,11.203188
string128,ahash,128,get-hit,quick_cache,1,11.399085
string128,ahash,128,get-hit,lru,1,11.991605
string128,ahash,128,get-hit,hashlink,1,11.294434
string128,ahash,128,get-hit,micro,1,11.158799
string128,ahash,128,get-hit,quick_cache,2,11.369799
string128,ahash,128,get-hit,lru,2,11.944679
string128,ahash,128,get-hit,hashlink,2,11.258367
string128,ahash,128,get-hit,micro,2,11.203650
string128,ahash,128,get-hit,baseline,2,11.306456
string128,ahash,128,get-hit,lru,3,11.923348
string128,ahash,128,get-hit,hashlink,3,11.334968
string128,ahash,128,get-hit,micro,3,11.223378
string128,ahash,128,get-hit,baseline,3,11.255127
string128,ahash,128,get-hit,quick_cache,3,11.397084
string128,ahash,128,get-hit,hashlink,4,11.363947
string128,ahash,128,get-hit,micro,4,11.330807
string128,ahash,128,get-hit,baseline,4,11.382284
string128,ahash,128,get-hit,quick_cache,4,11.653740
string128,ahash,128,get-hit,lru,4,12.212626
string128,ahash,128,get-miss,micro,0,7.085653
string128,ahash,128,get-miss,baseline,0,7.039869
string128,ahash,128,get-miss,quick_cache,0,6.979888
string128,ahash,128,get-miss,lru,0,7.228276
string128,ahash,128,get-miss,hashlink,0,6.881901
string128,ahash,128,get-miss,baseline,1,6.936606
string128,ahash,128,get-miss,quick_cache,1,7.044279
string128,ahash,128,get-miss,lru,1,7.371116
string128,ahash,128,get-miss,hashlink,1,6.873519
string128,ahash,128,get-miss,micro,1,6.952538
string128,ahash,128,get-miss,quick_cache,2,6.976337
string128,ahash,128,get-miss,lru,2,7.205341
string128,ahash,128,get-miss,hashlink,2,6.847898
string128,ahash,128,get-miss,micro,2,6.960984
string128,ahash,128,get-miss,baseline,2,6.963669
string128,ahash,128,get-miss,lru,3,7.213017
string128,ahash,128,get-miss,hashlink,3,6.815405
string128,ahash,128,get-miss,micro,3,6.899893
string128,ahash,128,get-miss,baseline,3,6.891321
string128,ahash,128,get-miss,quick_cache,3,6.946301
string128,ahash,128,get-miss,hashlink,4,8.291512
string128,ahash,128,get-miss,micro,4,7.409565
string128,ahash,128,get-miss,baseline,4,8.018382
string128,ahash,128,get-miss,quick_cache,4,7.678243
string128,ahash,128,get-miss,lru,4,7.336223
string128,ahash,128,update,micro,0,23.496307
string128,ahash,128,update,baseline,0,23.952164
string128,ahash,128,update,quick_cache,0,41.105482
string128,ahash,128,update,lru,0,23.747444
string128,ahash,128,update,hashlink,0,22.843305
string128,ahash,128,update,baseline,1,22.995628
string128,ahash,128,update,quick_cache,1,41.458130
string128,ahash,128,update,lru,1,23.707710
string128,ahash,128,update,hashlink,1,22.705380
string128,ahash,128,update,micro,1,22.575827
string128,ahash,128,update,quick_cache,2,39.986169
string128,ahash,128,update,lru,2,23.555435
string128,ahash,128,update,hashlink,2,22.453462
string128,ahash,128,update,micro,2,22.534833
string128,ahash,128,update,baseline,2,22.625797
string128,ahash,128,update,lru,3,23.459122
string128,ahash,128,update,hashlink,3,22.652717
string128,ahash,128,update,micro,3,22.509708
string128,ahash,128,update,baseline,3,22.592881
string128,ahash,128,update,quick_cache,3,40.408838
string128,ahash,128,update,hashlink,4,22.606948
string128,ahash,128,update,micro,4,22.985138
string128,ahash,128,update,baseline,4,22.979736
string128,ahash,128,update,quick_cache,4,41.165961
string128,ahash,128,update,lru,4,24.022743
string128,ahash,128,insert-cycle,micro,0,48.374662
string128,ahash,128,insert-cycle,baseline,0,49.925199
string128,ahash,128,insert-cycle,quick_cache,0,36.384264
string128,ahash,128,insert-cycle,lru,0,68.465366
string128,ahash,128,insert-cycle,hashlink,0,60.672721
string128,ahash,128,insert-cycle,baseline,1,50.369115
string128,ahash,128,insert-cycle,quick_cache,1,36.451754
string128,ahash,128,insert-cycle,lru,1,65.221701
string128,ahash,128,insert-cycle,hashlink,1,56.327564
string128,ahash,128,insert-cycle,micro,1,48.167072
string128,ahash,128,insert-cycle,quick_cache,2,35.817716
string128,ahash,128,insert-cycle,lru,2,65.096081
string128,ahash,128,insert-cycle,hashlink,2,56.689368
string128,ahash,128,insert-cycle,micro,2,47.838935
string128,ahash,128,insert-cycle,baseline,2,48.099705
string128,ahash,128,insert-cycle,lru,3,65.019639
string128,ahash,128,insert-cycle,hashlink,3,56.304202
string128,ahash,128,insert-cycle,micro,3,48.063685
string128,ahash,128,insert-cycle,baseline,3,48.028993
string128,ahash,128,insert-cycle,quick_cache,3,35.543916
string128,ahash,128,insert-cycle,hashlink,4,57.313091
string128,ahash,128,insert-cycle,micro,4,47.782092
string128,ahash,128,insert-cycle,baseline,4,49.658409
string128,ahash,128,insert-cycle,quick_cache,4,37.548260
string128,ahash,128,insert-cycle,lru,4,68.480514
string128,ahash,128,mixed-95,micro,0,16.014993
string128,ahash,128,mixed-95,baseline,0,15.968820
string128,ahash,128,mixed-95,quick_cache,0,18.787781
string128,ahash,128,mixed-95,lru,0,17.327269
string128,ahash,128,mixed-95,hashlink,0,17.038663
string128,ahash,128,mixed-95,baseline,1,16.043265
string128,ahash,128,mixed-95,quick_cache,1,18.722912
string128,ahash,128,mixed-95,lru,1,17.349958
string128,ahash,128,mixed-95,hashlink,1,17.110586
string128,ahash,128,mixed-95,micro,1,15.985429
string128,ahash,128,mixed-95,quick_cache,2,18.793344
string128,ahash,128,mixed-95,lru,2,17.266612
string128,ahash,128,mixed-95,hashlink,2,17.151852
string128,ahash,128,mixed-95,micro,2,15.948216
string128,ahash,128,mixed-95,baseline,2,16.039531
string128,ahash,128,mixed-95,lru,3,17.211775
string128,ahash,128,mixed-95,hashlink,3,21.812081
string128,ahash,128,mixed-95,micro,3,15.945733
string128,ahash,128,mixed-95,baseline,3,15.950362
string128,ahash,128,mixed-95,quick_cache,3,18.808980
string128,ahash,128,mixed-95,hashlink,4,19.290705
string128,ahash,128,mixed-95,micro,4,16.198496
string128,ahash,128,mixed-95,baseline,4,15.972018
string128,ahash,128,mixed-95,quick_cache,4,18.842022
string128,ahash,128,mixed-95,lru,4,17.254611
string128,ahash,128,load-hit,micro,0,12.693031
string128,ahash,128,load-hit,baseline,0,23.139000
string128,ahash,128,load-hit,quick_cache,0,13.249172
string128,ahash,128,load-hit,lru,0,12.765819
string128,ahash,128,load-hit,hashlink,0,11.435462
string128,ahash,128,load-hit,baseline,1,22.869636
string128,ahash,128,load-hit,quick_cache,1,13.300943
string128,ahash,128,load-hit,lru,1,12.810189
string128,ahash,128,load-hit,hashlink,1,11.320786
string128,ahash,128,load-hit,micro,1,12.509831
string128,ahash,128,load-hit,quick_cache,2,13.195762
string128,ahash,128,load-hit,lru,2,12.807558
string128,ahash,128,load-hit,hashlink,2,11.230469
string128,ahash,128,load-hit,micro,2,12.488981
string128,ahash,128,load-hit,baseline,2,22.645537
string128,ahash,128,load-hit,lru,3,12.729513
string128,ahash,128,load-hit,hashlink,3,11.258674
string128,ahash,128,load-hit,micro,3,12.464563
string128,ahash,128,load-hit,baseline,3,22.519883
string128,ahash,128,load-hit,quick_cache,3,13.165248
string128,ahash,128,load-hit,hashlink,4,11.328957
string128,ahash,128,load-hit,micro,4,12.525602
string128,ahash,128,load-hit,baseline,4,22.631778
string128,ahash,128,load-hit,quick_cache,4,13.242632
string128,ahash,128,load-hit,lru,4,12.939276
string128,ahash,128,load-cycle,micro,0,53.112185
string128,ahash,128,load-cycle,baseline,0,55.336251
string128,ahash,128,load-cycle,quick_cache,0,24.368040
string128,ahash,128,load-cycle,lru,0,61.746176
string128,ahash,128,load-cycle,hashlink,0,63.017158
string128,ahash,128,load-cycle,baseline,1,53.362482
string128,ahash,128,load-cycle,quick_cache,1,24.508179
string128,ahash,128,load-cycle,lru,1,62.827269
string128,ahash,128,load-cycle,hashlink,1,64.246777
string128,ahash,128,load-cycle,micro,1,49.833653
string128,ahash,128,load-cycle,quick_cache,2,24.133415
string128,ahash,128,load-cycle,lru,2,62.165013
string128,ahash,128,load-cycle,hashlink,2,62.703668
string128,ahash,128,load-cycle,micro,2,46.849711
string128,ahash,128,load-cycle,baseline,2,51.502964
string128,ahash,128,load-cycle,lru,3,61.114827
string128,ahash,128,load-cycle,hashlink,3,62.383997
string128,ahash,128,load-cycle,micro,3,47.737090
string128,ahash,128,load-cycle,baseline,3,51.934976
string128,ahash,128,load-cycle,quick_cache,3,24.326261
string128,ahash,128,load-cycle,hashlink,4,65.573346
string128,ahash,128,load-cycle,micro,4,48.979346
string128,ahash,128,load-cycle,baseline,4,53.221932
string128,ahash,128,load-cycle,quick_cache,4,24.164046
string128,ahash,128,load-cycle,lru,4,61.204692
string128,ahash,128,clear-refill,micro,0,2829.406221
string128,ahash,128,clear-refill,baseline,0,2971.328713
string128,ahash,128,clear-refill,quick_cache,0,3194.459574
string128,ahash,128,clear-refill,lru,0,6849.600457
string128,ahash,128,clear-refill,hashlink,0,3959.432718
string128,ahash,128,clear-refill,baseline,1,2942.524510
string128,ahash,128,clear-refill,quick_cache,1,2962.076999
string128,ahash,128,clear-refill,lru,1,7096.139480
string128,ahash,128,clear-refill,hashlink,1,4033.770161
string128,ahash,128,clear-refill,micro,1,2829.092366
string128,ahash,128,clear-refill,quick_cache,2,3019.953722
string128,ahash,128,clear-refill,lru,2,6733.278027
string128,ahash,128,clear-refill,hashlink,2,3997.946738
string128,ahash,128,clear-refill,micro,2,2817.253521
string128,ahash,128,clear-refill,baseline,2,2936.807241
string128,ahash,128,clear-refill,lru,3,6726.923767
string128,ahash,128,clear-refill,hashlink,3,3951.589474
string128,ahash,128,clear-refill,micro,3,2807.958840
string128,ahash,128,clear-refill,baseline,3,2950.794494
string128,ahash,128,clear-refill,quick_cache,3,3125.825000
string128,ahash,128,clear-refill,hashlink,4,4019.745649
string128,ahash,128,clear-refill,micro,4,2801.976657
string128,ahash,128,clear-refill,baseline,4,2934.261975
string128,ahash,128,clear-refill,quick_cache,4,3291.803728
string128,ahash,128,clear-refill,lru,4,6744.476404
string128,ahash,128,clear-empty,micro,0,0.372189
string128,ahash,128,clear-empty,baseline,0,47.959184
string128,ahash,128,clear-empty,quick_cache,0,3.994231
string128,ahash,128,clear-empty,lru,0,2.176648
string128,ahash,128,clear-empty,hashlink,0,0.616436
string128,ahash,128,clear-empty,baseline,1,48.356594
string128,ahash,128,clear-empty,quick_cache,1,3.977607
string128,ahash,128,clear-empty,lru,1,2.146499
string128,ahash,128,clear-empty,hashlink,1,0.605910
string128,ahash,128,clear-empty,micro,1,0.370155
string128,ahash,128,clear-empty,quick_cache,2,3.987768
string128,ahash,128,clear-empty,lru,2,2.173721
string128,ahash,128,clear-empty,hashlink,2,0.606640
string128,ahash,128,clear-empty,micro,2,0.366961
string128,ahash,128,clear-empty,baseline,2,47.317351
string128,ahash,128,clear-empty,lru,3,2.145684
string128,ahash,128,clear-empty,hashlink,3,0.607764
string128,ahash,128,clear-empty,micro,3,0.368629
string128,ahash,128,clear-empty,baseline,3,47.233857
string128,ahash,128,clear-empty,quick_cache,3,3.940839
string128,ahash,128,clear-empty,hashlink,4,0.608395
string128,ahash,128,clear-empty,micro,4,0.367830
string128,ahash,128,clear-empty,baseline,4,40.608442
string128,ahash,128,clear-empty,quick_cache,4,3.958910
string128,ahash,128,clear-empty,lru,4,2.138186
string128,ahash,128,iter-dense,micro,0,23.475315
string128,ahash,128,iter-dense,baseline,0,38.611144
string128,ahash,128,iter-dense,quick_cache,0,29.660807
string128,ahash,128,iter-dense,lru,0,139.817763
string128,ahash,128,iter-dense,hashlink,0,138.649742
string128,ahash,128,iter-dense,baseline,1,39.208926
string128,ahash,128,iter-dense,quick_cache,1,29.957488
string128,ahash,128,iter-dense,lru,1,141.254471
string128,ahash,128,iter-dense,hashlink,1,137.532075
string128,ahash,128,iter-dense,micro,1,22.996765
string128,ahash,128,iter-dense,quick_cache,2,29.631864
string128,ahash,128,iter-dense,lru,2,140.410554
string128,ahash,128,iter-dense,hashlink,2,138.653573
string128,ahash,128,iter-dense,micro,2,22.828783
string128,ahash,128,iter-dense,baseline,2,38.639743
string128,ahash,128,iter-dense,lru,3,138.078332
string128,ahash,128,iter-dense,hashlink,3,135.580338
string128,ahash,128,iter-dense,micro,3,22.916791
string128,ahash,128,iter-dense,baseline,3,38.758914
string128,ahash,128,iter-dense,quick_cache,3,29.566452
string128,ahash,128,iter-dense,hashlink,4,138.667051
string128,ahash,128,iter-dense,micro,4,22.792469
string128,ahash,128,iter-dense,baseline,4,38.731193
string128,ahash,128,iter-dense,quick_cache,4,29.591689
string128,ahash,128,iter-dense,lru,4,138.887620
string128,ahash,128,iter-dense-for,micro,0,39.354818
string128,ahash,128,iter-dense-for,baseline,0,38.634374
string128,ahash,128,iter-dense-for,quick_cache,0,71.181881
string128,ahash,128,iter-dense-for,lru,0,82.797771
string128,ahash,128,iter-dense-for,hashlink,0,73.137066
string128,ahash,128,iter-dense-for,baseline,1,38.824185
string128,ahash,128,iter-dense-for,quick_cache,1,39.408956
string128,ahash,128,iter-dense-for,lru,1,84.265723
string128,ahash,128,iter-dense-for,hashlink,1,75.054175
string128,ahash,128,iter-dense-for,micro,1,39.979784
string128,ahash,128,iter-dense-for,quick_cache,2,39.197494
string128,ahash,128,iter-dense-for,lru,2,83.275533
string128,ahash,128,iter-dense-for,hashlink,2,73.769006
string128,ahash,128,iter-dense-for,micro,2,39.450331
string128,ahash,128,iter-dense-for,baseline,2,39.302625
string128,ahash,128,iter-dense-for,lru,3,82.474439
string128,ahash,128,iter-dense-for,hashlink,3,73.982551
string128,ahash,128,iter-dense-for,micro,3,39.182760
string128,ahash,128,iter-dense-for,baseline,3,38.717357
string128,ahash,128,iter-dense-for,quick_cache,3,38.808658
string128,ahash,128,iter-dense-for,hashlink,4,74.994180
string128,ahash,128,iter-dense-for,micro,4,39.737262
string128,ahash,128,iter-dense-for,baseline,4,39.314190
string128,ahash,128,iter-dense-for,quick_cache,4,39.654360
string128,ahash,128,iter-dense-for,lru,4,82.820312
string128,ahash,128,iter-density-1pct,micro,0,1.596152
string128,ahash,128,iter-density-1pct,baseline,0,38.834977
string128,ahash,128,iter-density-1pct,quick_cache,0,23.487404
string128,ahash,128,iter-density-1pct,lru,0,1.295337
string128,ahash,128,iter-density-1pct,hashlink,0,1.264073
string128,ahash,128,iter-density-1pct,baseline,1,37.966536
string128,ahash,128,iter-density-1pct,quick_cache,1,26.628550
string128,ahash,128,iter-density-1pct,lru,1,1.290380
string128,ahash,128,iter-density-1pct,hashlink,1,1.280458
string128,ahash,128,iter-density-1pct,micro,1,1.524019
string128,ahash,128,iter-density-1pct,quick_cache,2,28.106424
string128,ahash,128,iter-density-1pct,lru,2,1.311482
string128,ahash,128,iter-density-1pct,hashlink,2,1.261692
string128,ahash,128,iter-density-1pct,micro,2,1.525159
string128,ahash,128,iter-density-1pct,baseline,2,38.294750
string128,ahash,128,iter-density-1pct,lru,3,1.278746
string128,ahash,128,iter-density-1pct,hashlink,3,1.271255
string128,ahash,128,iter-density-1pct,micro,3,1.520484
string128,ahash,128,iter-density-1pct,baseline,3,38.313815
string128,ahash,128,iter-density-1pct,quick_cache,3,26.552030
string128,ahash,128,iter-density-1pct,hashlink,4,1.260809
string128,ahash,128,iter-density-1pct,micro,4,1.506193
string128,ahash,128,iter-density-1pct,baseline,4,38.437884
string128,ahash,128,iter-density-1pct,quick_cache,4,26.605136
string128,ahash,128,iter-density-1pct,lru,4,1.296860
string128,ahash,128,iter-density-6pct,micro,0,24.147727
string128,ahash,128,iter-density-6pct,baseline,0,36.542064
string128,ahash,128,iter-density-6pct,quick_cache,0,28.113287
string128,ahash,128,iter-density-6pct,lru,0,3.303150
string128,ahash,128,iter-density-6pct,hashlink,0,3.207431
string128,ahash,128,iter-density-6pct,baseline,1,36.357358
string128,ahash,128,iter-density-6pct,quick_cache,1,27.318328
string128,ahash,128,iter-density-6pct,lru,1,3.300870
string128,ahash,128,iter-density-6pct,hashlink,1,3.211386
string128,ahash,128,iter-density-6pct,micro,1,24.174642
string128,ahash,128,iter-density-6pct,quick_cache,2,28.077662
string128,ahash,128,iter-density-6pct,lru,2,3.347590
string128,ahash,128,iter-density-6pct,hashlink,2,3.274766
string128,ahash,128,iter-density-6pct,micro,2,24.209737
string128,ahash,128,iter-density-6pct,baseline,2,36.935777
string128,ahash,128,iter-density-6pct,lru,3,3.308279
string128,ahash,128,iter-density-6pct,hashlink,3,3.276483
string128,ahash,128,iter-density-6pct,micro,3,24.115339
string128,ahash,128,iter-density-6pct,baseline,3,37.322925
string128,ahash,128,iter-density-6pct,quick_cache,3,27.758113
string128,ahash,128,iter-density-6pct,hashlink,4,3.220322
string128,ahash,128,iter-density-6pct,micro,4,23.836766
string128,ahash,128,iter-density-6pct,baseline,4,36.906717
string128,ahash,128,iter-density-6pct,quick_cache,4,27.493054
string128,ahash,128,iter-density-6pct,lru,4,3.320674
string128,ahash,128,iter-density-quarter,micro,0,23.797391
string128,ahash,128,iter-density-quarter,baseline,0,37.525423
string128,ahash,128,iter-density-quarter,quick_cache,0,25.722659
string128,ahash,128,iter-density-quarter,lru,0,19.085742
string128,ahash,128,iter-density-quarter,hashlink,0,18.853892
string128,ahash,128,iter-density-quarter,baseline,1,37.142129
string128,ahash,128,iter-density-quarter,quick_cache,1,26.282152
string128,ahash,128,iter-density-quarter,lru,1,19.053387
string128,ahash,128,iter-density-quarter,hashlink,1,18.786416
string128,ahash,128,iter-density-quarter,micro,1,23.976517
string128,ahash,128,iter-density-quarter,quick_cache,2,26.570027
string128,ahash,128,iter-density-quarter,lru,2,19.240798
string128,ahash,128,iter-density-quarter,hashlink,2,19.082027
string128,ahash,128,iter-density-quarter,micro,2,24.084366
string128,ahash,128,iter-density-quarter,baseline,2,38.376011
string128,ahash,128,iter-density-quarter,lru,3,19.325912
string128,ahash,128,iter-density-quarter,hashlink,3,18.898716
string128,ahash,128,iter-density-quarter,micro,3,23.863682
string128,ahash,128,iter-density-quarter,baseline,3,38.030224
string128,ahash,128,iter-density-quarter,quick_cache,3,26.268957
string128,ahash,128,iter-density-quarter,hashlink,4,19.045647
string128,ahash,128,iter-density-quarter,micro,4,23.811135
string128,ahash,128,iter-density-quarter,baseline,4,37.643843
string128,ahash,128,iter-density-quarter,quick_cache,4,25.635516
string128,ahash,128,iter-density-quarter,lru,4,19.100224
string128,ahash,128,iter-density-half,micro,0,23.211516
string128,ahash,128,iter-density-half,baseline,0,38.185082
string128,ahash,128,iter-density-half,quick_cache,0,25.004508
string128,ahash,128,iter-density-half,lru,0,53.649850
string128,ahash,128,iter-density-half,hashlink,0,51.090616
string128,ahash,128,iter-density-half,baseline,1,43.532149
string128,ahash,128,iter-density-half,quick_cache,1,25.427177
string128,ahash,128,iter-density-half,lru,1,51.715613
string128,ahash,128,iter-density-half,hashlink,1,51.274604
string128,ahash,128,iter-density-half,micro,1,23.261776
string128,ahash,128,iter-density-half,quick_cache,2,25.823275
string128,ahash,128,iter-density-half,lru,2,49.058986
string128,ahash,128,iter-density-half,hashlink,2,49.985841
string128,ahash,128,iter-density-half,micro,2,23.689821
string128,ahash,128,iter-density-half,baseline,2,36.880409
string128,ahash,128,iter-density-half,lru,3,52.241469
string128,ahash,128,iter-density-half,hashlink,3,53.571429
string128,ahash,128,iter-density-half,micro,3,24.011684
string128,ahash,128,iter-density-half,baseline,3,38.238874
string128,ahash,128,iter-density-half,quick_cache,3,24.978914
string128,ahash,128,iter-density-half,hashlink,4,53.055465
string128,ahash,128,iter-density-half,micro,4,24.129423
string128,ahash,128,iter-density-half,baseline,4,38.287834
string128,ahash,128,iter-density-half,quick_cache,4,24.841705
string128,ahash,128,iter-density-half,lru,4,52.728522
string128,ahash,128,iter-front,micro,0,1.339477
string128,ahash,128,iter-front,baseline,0,38.086198
string128,ahash,128,iter-front,quick_cache,0,22.845791
string128,ahash,128,iter-front,lru,0,1.192627
string128,ahash,128,iter-front,hashlink,0,1.140927
string128,ahash,128,iter-front,baseline,1,38.033519
string128,ahash,128,iter-front,quick_cache,1,22.398262
string128,ahash,128,iter-front,lru,1,1.203389
string128,ahash,128,iter-front,hashlink,1,1.158437
string128,ahash,128,iter-front,micro,1,1.316880
string128,ahash,128,iter-front,quick_cache,2,22.407408
string128,ahash,128,iter-front,lru,2,1.187822
string128,ahash,128,iter-front,hashlink,2,1.145122
string128,ahash,128,iter-front,micro,2,1.317306
string128,ahash,128,iter-front,baseline,2,37.866645
string128,ahash,128,iter-front,lru,3,1.199524
string128,ahash,128,iter-front,hashlink,3,1.149306
string128,ahash,128,iter-front,micro,3,1.335641
string128,ahash,128,iter-front,baseline,3,38.799610
string128,ahash,128,iter-front,quick_cache,3,22.708729
string128,ahash,128,iter-front,hashlink,4,1.176286
string128,ahash,128,iter-front,micro,4,1.328826
string128,ahash,128,iter-front,baseline,4,38.451235
string128,ahash,128,iter-front,quick_cache,4,22.719416
string128,ahash,128,iter-front,lru,4,1.211679
string128,ahash,128,iter-back,micro,0,1.313522
string128,ahash,128,iter-back,baseline,0,38.814582
string128,ahash,128,iter-back,quick_cache,0,21.806868
string128,ahash,128,iter-back,lru,0,1.192536
string128,ahash,128,iter-back,hashlink,0,1.146985
string128,ahash,128,iter-back,baseline,1,38.924671
string128,ahash,128,iter-back,quick_cache,1,21.900914
string128,ahash,128,iter-back,lru,1,1.184984
string128,ahash,128,iter-back,hashlink,1,1.163238
string128,ahash,128,iter-back,micro,1,1.313835
string128,ahash,128,iter-back,quick_cache,2,22.059434
string128,ahash,128,iter-back,lru,2,1.182055
string128,ahash,128,iter-back,hashlink,2,1.143906
string128,ahash,128,iter-back,micro,2,1.310987
string128,ahash,128,iter-back,baseline,2,38.742898
string128,ahash,128,iter-back,lru,3,1.185973
string128,ahash,128,iter-back,hashlink,3,1.134439
string128,ahash,128,iter-back,micro,3,1.332964
string128,ahash,128,iter-back,baseline,3,39.727331
string128,ahash,128,iter-back,quick_cache,3,22.291756
string128,ahash,128,iter-back,hashlink,4,1.176448
string128,ahash,128,iter-back,micro,4,1.338961
string128,ahash,128,iter-back,baseline,4,39.193144
string128,ahash,128,iter-back,quick_cache,4,22.054245
string128,ahash,128,iter-back,lru,4,1.200753
string128,ahash,128,iter-empty,micro,0,0.790139
string128,ahash,128,iter-empty,baseline,0,38.118229
string128,ahash,128,iter-empty,quick_cache,0,23.187005
string128,ahash,128,iter-empty,lru,0,0.992788
string128,ahash,128,iter-empty,hashlink,0,0.997988
string128,ahash,128,iter-empty,baseline,1,37.995720
string128,ahash,128,iter-empty,quick_cache,1,22.197377
string128,ahash,128,iter-empty,lru,1,0.992505
string128,ahash,128,iter-empty,hashlink,1,0.999339
string128,ahash,128,iter-empty,micro,1,0.780184
string128,ahash,128,iter-empty,quick_cache,2,23.136149
string128,ahash,128,iter-empty,lru,2,0.992400
string128,ahash,128,iter-empty,hashlink,2,0.997139
string128,ahash,128,iter-empty,micro,2,0.807410
string128,ahash,128,iter-empty,baseline,2,37.933189
string128,ahash,128,iter-empty,lru,3,0.992820
string128,ahash,128,iter-empty,hashlink,3,0.995392
string128,ahash,128,iter-empty,micro,3,0.785656
string128,ahash,128,iter-empty,baseline,3,38.166361
string128,ahash,128,iter-empty,quick_cache,3,23.454438
string128,ahash,128,iter-empty,hashlink,4,1.010640
string128,ahash,128,iter-empty,micro,4,0.819636
string128,ahash,128,iter-empty,baseline,4,38.772785
string128,ahash,128,iter-empty,quick_cache,4,23.374198
string128,ahash,128,iter-empty,lru,4,1.001656
string128,ahash,128,iter-count,micro,0,0.395141
string128,ahash,128,iter-count,baseline,0,38.312526
string128,ahash,128,iter-count,quick_cache,0,56.358136
string128,ahash,128,iter-count,lru,0,0.399078
string128,ahash,128,iter-count,hashlink,0,0.397386
string128,ahash,128,iter-count,baseline,1,37.664438
string128,ahash,128,iter-count,quick_cache,1,55.335477
string128,ahash,128,iter-count,lru,1,0.397704
string128,ahash,128,iter-count,hashlink,1,0.396252
string128,ahash,128,iter-count,micro,1,0.391845
string128,ahash,128,iter-count,quick_cache,2,55.800596
string128,ahash,128,iter-count,lru,2,0.396547
string128,ahash,128,iter-count,hashlink,2,0.396158
string128,ahash,128,iter-count,micro,2,0.392128
string128,ahash,128,iter-count,baseline,2,37.622170
string128,ahash,128,iter-count,lru,3,0.398012
string128,ahash,128,iter-count,hashlink,3,0.398015
string128,ahash,128,iter-count,micro,3,0.391544
string128,ahash,128,iter-count,baseline,3,37.532136
string128,ahash,128,iter-count,quick_cache,3,55.547597
string128,ahash,128,iter-count,hashlink,4,0.397818
string128,ahash,128,iter-count,micro,4,0.398109
string128,ahash,128,iter-count,baseline,4,37.906893
string128,ahash,128,iter-count,quick_cache,4,56.392578
string128,ahash,128,iter-count,lru,4,0.404176
string128,ahash,1024,get-hit,micro,0,16.387053
string128,ahash,1024,get-hit,baseline,0,16.465778
string128,ahash,1024,get-hit,quick_cache,0,16.832991
string128,ahash,1024,get-hit,lru,0,18.578595
string128,ahash,1024,get-hit,hashlink,0,17.646426
string128,ahash,1024,get-hit,baseline,1,16.446984
string128,ahash,1024,get-hit,quick_cache,1,16.456718
string128,ahash,1024,get-hit,lru,1,18.350983
string128,ahash,1024,get-hit,hashlink,1,17.420682
string128,ahash,1024,get-hit,micro,1,16.294837
string128,ahash,1024,get-hit,quick_cache,2,16.353001
string128,ahash,1024,get-hit,lru,2,18.302554
string128,ahash,1024,get-hit,hashlink,2,17.422302
string128,ahash,1024,get-hit,micro,2,16.390593
string128,ahash,1024,get-hit,baseline,2,16.459367
string128,ahash,1024,get-hit,lru,3,18.209548
string128,ahash,1024,get-hit,hashlink,3,17.460897
string128,ahash,1024,get-hit,micro,3,16.247516
string128,ahash,1024,get-hit,baseline,3,16.368477
string128,ahash,1024,get-hit,quick_cache,3,16.499613
string128,ahash,1024,get-hit,hashlink,4,17.814517
string128,ahash,1024,get-hit,micro,4,16.705833
string128,ahash,1024,get-hit,baseline,4,16.545612
string128,ahash,1024,get-hit,quick_cache,4,16.894487
string128,ahash,1024,get-hit,lru,4,18.748730
string128,ahash,1024,get-miss,micro,0,8.636120
string128,ahash,1024,get-miss,baseline,0,8.799962
string128,ahash,1024,get-miss,quick_cache,0,8.844526
string128,ahash,1024,get-miss,lru,0,8.836170
string128,ahash,1024,get-miss,hashlink,0,8.478571
string128,ahash,1024,get-miss,baseline,1,8.737229
string128,ahash,1024,get-miss,quick_cache,1,8.625593
string128,ahash,1024,get-miss,lru,1,8.698103
string128,ahash,1024,get-miss,hashlink,1,8.521266
string128,ahash,1024,get-miss,micro,1,8.666166
string128,ahash,1024,get-miss,quick_cache,2,8.572481
string128,ahash,1024,get-miss,lru,2,8.742560
string128,ahash,1024,get-miss,hashlink,2,8.520792
string128,ahash,1024,get-miss,micro,2,8.353493
string128,ahash,1024,get-miss,baseline,2,8.478568
string128,ahash,1024,get-miss,lru,3,8.570946
string128,ahash,1024,get-miss,hashlink,3,8.293321
string128,ahash,1024,get-miss,micro,3,8.398923
string128,ahash,1024,get-miss,baseline,3,8.461229
string128,ahash,1024,get-miss,quick_cache,3,8.433022
string128,ahash,1024,get-miss,hashlink,4,8.270489
string128,ahash,1024,get-miss,micro,4,8.525995
string128,ahash,1024,get-miss,baseline,4,8.576978
string128,ahash,1024,get-miss,quick_cache,4,8.554503
string128,ahash,1024,get-miss,lru,4,8.757937
string128,ahash,1024,update,micro,0,29.236234
string128,ahash,1024,update,baseline,0,29.251878
string128,ahash,1024,update,quick_cache,0,43.824382
string128,ahash,1024,update,lru,0,31.007131
string128,ahash,1024,update,hashlink,0,29.502282
string128,ahash,1024,update,baseline,1,29.222534
string128,ahash,1024,update,quick_cache,1,44.457899
string128,ahash,1024,update,lru,1,31.046122
string128,ahash,1024,update,hashlink,1,29.238582
string128,ahash,1024,update,micro,1,29.635310
string128,ahash,1024,update,quick_cache,2,43.924967
string128,ahash,1024,update,lru,2,30.703227
string128,ahash,1024,update,hashlink,2,29.255794
string128,ahash,1024,update,micro,2,29.364953
string128,ahash,1024,update,baseline,2,29.280057
string128,ahash,1024,update,lru,3,30.834625
string128,ahash,1024,update,hashlink,3,29.313693
string128,ahash,1024,update,micro,3,29.300011
string128,ahash,1024,update,baseline,3,29.168157
string128,ahash,1024,update,quick_cache,3,44.076999
string128,ahash,1024,update,hashlink,4,29.707689
string128,ahash,1024,update,micro,4,29.842285
string128,ahash,1024,update,baseline,4,30.137677
string128,ahash,1024,update,quick_cache,4,44.334134
string128,ahash,1024,update,lru,4,30.435021
string128,ahash,1024,insert-cycle,micro,0,55.389793
string128,ahash,1024,insert-cycle,baseline,0,57.315148
string128,ahash,1024,insert-cycle,quick_cache,0,35.601900
string128,ahash,1024,insert-cycle,lru,0,72.438058
string128,ahash,1024,insert-cycle,hashlink,0,63.110352
string128,ahash,1024,insert-cycle,baseline,1,57.616418
string128,ahash,1024,insert-cycle,quick_cache,1,34.903127
string128,ahash,1024,insert-cycle,lru,1,74.895215
string128,ahash,1024,insert-cycle,hashlink,1,62.789083
string128,ahash,1024,insert-cycle,micro,1,55.485478
string128,ahash,1024,insert-cycle,quick_cache,2,34.849655
string128,ahash,1024,insert-cycle,lru,2,72.459380
string128,ahash,1024,insert-cycle,hashlink,2,64.147058
string128,ahash,1024,insert-cycle,micro,2,55.476436
string128,ahash,1024,insert-cycle,baseline,2,54.261701
string128,ahash,1024,insert-cycle,lru,3,72.378976
string128,ahash,1024,insert-cycle,hashlink,3,62.193115
string128,ahash,1024,insert-cycle,micro,3,55.564598
string128,ahash,1024,insert-cycle,baseline,3,55.942871
string128,ahash,1024,insert-cycle,quick_cache,3,36.146711
string128,ahash,1024,insert-cycle,hashlink,4,64.881263
string128,ahash,1024,insert-cycle,micro,4,56.639047
string128,ahash,1024,insert-cycle,baseline,4,56.516996
string128,ahash,1024,insert-cycle,quick_cache,4,37.106824
string128,ahash,1024,insert-cycle,lru,4,71.983701
string128,ahash,1024,mixed-95,micro,0,19.210120
string128,ahash,1024,mixed-95,baseline,0,19.385219
string128,ahash,1024,mixed-95,quick_cache,0,23.388326
string128,ahash,1024,mixed-95,lru,0,22.274455
string128,ahash,1024,mixed-95,hashlink,0,21.462957
string128,ahash,1024,mixed-95,baseline,1,20.698766
string128,ahash,1024,mixed-95,quick_cache,1,25.217851
string128,ahash,1024,mixed-95,lru,1,21.929443
string128,ahash,1024,mixed-95,hashlink,1,20.299335
string128,ahash,1024,mixed-95,micro,1,19.495110
string128,ahash,1024,mixed-95,quick_cache,2,22.229353
string128,ahash,1024,mixed-95,lru,2,21.249135
string128,ahash,1024,mixed-95,hashlink,2,20.259440
string128,ahash,1024,mixed-95,micro,2,19.238313
string128,ahash,1024,mixed-95,baseline,2,19.292931
string128,ahash,1024,mixed-95,lru,3,20.782153
string128,ahash,1024,mixed-95,hashlink,3,20.363072
string128,ahash,1024,mixed-95,micro,3,20.060003
string128,ahash,1024,mixed-95,baseline,3,19.915581
string128,ahash,1024,mixed-95,quick_cache,3,22.920509
string128,ahash,1024,mixed-95,hashlink,4,21.350682
string128,ahash,1024,mixed-95,micro,4,20.427068
string128,ahash,1024,mixed-95,baseline,4,20.405531
string128,ahash,1024,mixed-95,quick_cache,4,23.733099
string128,ahash,1024,mixed-95,lru,4,22.310098
string128,ahash,1024,load-hit,micro,0,18.606824
string128,ahash,1024,load-hit,baseline,0,31.596293
string128,ahash,1024,load-hit,quick_cache,0,19.114685
string128,ahash,1024,load-hit,lru,0,19.550794
string128,ahash,1024,load-hit,hashlink,0,17.751058
string128,ahash,1024,load-hit,baseline,1,31.104187
string128,ahash,1024,load-hit,quick_cache,1,18.912000
string128,ahash,1024,load-hit,lru,1,19.511173
string128,ahash,1024,load-hit,hashlink,1,17.785453
string128,ahash,1024,load-hit,micro,1,18.355560
string128,ahash,1024,load-hit,quick_cache,2,18.885553
string128,ahash,1024,load-hit,lru,2,19.462454
string128,ahash,1024,load-hit,hashlink,2,17.840919
string128,ahash,1024,load-hit,micro,2,18.311060
string128,ahash,1024,load-hit,baseline,2,31.521261
string128,ahash,1024,load-hit,lru,3,19.559892
string128,ahash,1024,load-hit,hashlink,3,17.725382
string128,ahash,1024,load-hit,micro,3,18.385822
string128,ahash,1024,load-hit,baseline,3,31.586548
string128,ahash,1024,load-hit,quick_cache,3,19.260657
string128,ahash,1024,load-hit,hashlink,4,17.917451
string128,ahash,1024,load-hit,micro,4,18.644965
string128,ahash,1024,load-hit,baseline,4,31.591207
string128,ahash,1024,load-hit,quick_cache,4,18.872583
string128,ahash,1024,load-hit,lru,4,20.205849
string128,ahash,1024,load-cycle,micro,0,56.817477
string128,ahash,1024,load-cycle,baseline,0,58.494366
string128,ahash,1024,load-cycle,quick_cache,0,25.552684
string128,ahash,1024,load-cycle,lru,0,70.784296
string128,ahash,1024,load-cycle,hashlink,0,70.426828
string128,ahash,1024,load-cycle,baseline,1,57.947397
string128,ahash,1024,load-cycle,quick_cache,1,25.550226
string128,ahash,1024,load-cycle,lru,1,69.578236
string128,ahash,1024,load-cycle,hashlink,1,69.842634
string128,ahash,1024,load-cycle,micro,1,54.867603
string128,ahash,1024,load-cycle,quick_cache,2,25.430268
string128,ahash,1024,load-cycle,lru,2,69.498691
string128,ahash,1024,load-cycle,hashlink,2,71.595215
string128,ahash,1024,load-cycle,micro,2,53.811210
string128,ahash,1024,load-cycle,baseline,2,57.956017
string128,ahash,1024,load-cycle,lru,3,71.007138
string128,ahash,1024,load-cycle,hashlink,3,71.032320
string128,ahash,1024,load-cycle,micro,3,53.790144
string128,ahash,1024,load-cycle,baseline,3,60.354004
string128,ahash,1024,load-cycle,quick_cache,3,25.932095
string128,ahash,1024,load-cycle,hashlink,4,71.624279
string128,ahash,1024,load-cycle,micro,4,55.292571
string128,ahash,1024,load-cycle,baseline,4,59.139805
string128,ahash,1024,load-cycle,quick_cache,4,25.295217
string128,ahash,1024,load-cycle,lru,4,70.533389
string128,ahash,1024,clear-refill,micro,0,32802.543478
string128,ahash,1024,clear-refill,baseline,0,30532.404040
string128,ahash,1024,clear-refill,quick_cache,0,31875.000000
string128,ahash,1024,clear-refill,lru,0,73076.380952
string128,ahash,1024,clear-refill,hashlink,0,41780.680556
string128,ahash,1024,clear-refill,baseline,1,30540.404040
string128,ahash,1024,clear-refill,quick_cache,1,31596.926316
string128,ahash,1024,clear-refill,lru,1,71612.095238
string128,ahash,1024,clear-refill,hashlink,1,40405.560000
string128,ahash,1024,clear-refill,micro,1,30038.750000
string128,ahash,1024,clear-refill,quick_cache,2,32027.925532
string128,ahash,1024,clear-refill,lru,2,70316.860465
string128,ahash,1024,clear-refill,hashlink,2,41202.054795
string128,ahash,1024,clear-refill,micro,2,29765.257426
string128,ahash,1024,clear-refill,baseline,2,30316.494949
string128,ahash,1024,clear-refill,lru,3,70813.953488
string128,ahash,1024,clear-refill,hashlink,3,40670.054054
string128,ahash,1024,clear-refill,micro,3,30156.250000
string128,ahash,1024,clear-refill,baseline,3,30339.222222
string128,ahash,1024,clear-refill,quick_cache,3,33746.719101
string128,ahash,1024,clear-refill,hashlink,4,42678.985915
string128,ahash,1024,clear-refill,micro,4,31577.697917
string128,ahash,1024,clear-refill,baseline,4,31528.218750
string128,ahash,1024,clear-refill,quick_cache,4,31783.768421
string128,ahash,1024,clear-refill,lru,4,71489.095238
string128,ahash,1024,clear-empty,micro,0,0.370079
string128,ahash,1024,clear-empty,baseline,0,49.042642
string128,ahash,1024,clear-empty,quick_cache,0,4.030335
string128,ahash,1024,clear-empty,lru,0,2.146982
string128,ahash,1024,clear-empty,hashlink,0,0.606900
string128,ahash,1024,clear-empty,baseline,1,49.319820
string128,ahash,1024,clear-empty,quick_cache,1,3.986578
string128,ahash,1024,clear-empty,lru,1,2.156523
string128,ahash,1024,clear-empty,hashlink,1,0.611060
string128,ahash,1024,clear-empty,micro,1,0.368091
string128,ahash,1024,clear-empty,quick_cache,2,3.938463
string128,ahash,1024,clear-empty,lru,2,2.140258
string128,ahash,1024,clear-empty,hashlink,2,0.606703
string128,ahash,1024,clear-empty,micro,2,0.366399
string128,ahash,1024,clear-empty,baseline,2,47.243662
string128,ahash,1024,clear-empty,lru,3,2.141852
string128,ahash,1024,clear-empty,hashlink,3,0.608355
string128,ahash,1024,clear-empty,micro,3,0.364911
string128,ahash,1024,clear-empty,baseline,3,47.537892
string128,ahash,1024,clear-empty,quick_cache,3,3.971993
string128,ahash,1024,clear-empty,hashlink,4,0.614222
string128,ahash,1024,clear-empty,micro,4,0.370126
string128,ahash,1024,clear-empty,baseline,4,48.296296
string128,ahash,1024,clear-empty,quick_cache,4,4.049053
string128,ahash,1024,clear-empty,lru,4,2.170973
string128,ahash,1024,iter-dense,micro,0,181.541163
string128,ahash,1024,iter-dense,baseline,0,278.742489
string128,ahash,1024,iter-dense,quick_cache,0,266.727362
string128,ahash,1024,iter-dense,lru,0,1323.393486
string128,ahash,1024,iter-dense,hashlink,0,1285.441781
string128,ahash,1024,iter-dense,baseline,1,276.175735
string128,ahash,1024,iter-dense,quick_cache,1,256.282702
string128,ahash,1024,iter-dense,lru,1,1321.852993
string128,ahash,1024,iter-dense,hashlink,1,1289.472603
string128,ahash,1024,iter-dense,micro,1,179.697438
string128,ahash,1024,iter-dense,quick_cache,2,248.622189
string128,ahash,1024,iter-dense,lru,2,1335.057218
string128,ahash,1024,iter-dense,hashlink,2,1293.878425
string128,ahash,1024,iter-dense,micro,2,179.259261
string128,ahash,1024,iter-dense,baseline,2,276.875092
string128,ahash,1024,iter-dense,lru,3,1320.752641
string128,ahash,1024,iter-dense,hashlink,3,1288.473887
string128,ahash,1024,iter-dense,micro,3,178.919668
string128,ahash,1024,iter-dense,baseline,3,276.886707
string128,ahash,1024,iter-dense,quick_cache,3,249.483959
string128,ahash,1024,iter-dense,hashlink,4,1329.426937
string128,ahash,1024,iter-dense,micro,4,180.934429
string128,ahash,1024,iter-dense,baseline,4,280.600933
string128,ahash,1024,iter-dense,quick_cache,4,258.547779
string128,ahash,1024,iter-dense,lru,4,1368.829257
string128,ahash,1024,iter-dense-for,micro,0,277.967825
string128,ahash,1024,iter-dense-for,baseline,0,280.719779
string128,ahash,1024,iter-dense-for,quick_cache,0,515.124141
string128,ahash,1024,iter-dense-for,lru,0,786.263021
string128,ahash,1024,iter-dense-for,hashlink,0,948.679609
string128,ahash,1024,iter-dense-for,baseline,1,274.770102
string128,ahash,1024,iter-dense-for,quick_cache,1,517.728365
string128,ahash,1024,iter-dense-for,lru,1,763.687754
string128,ahash,1024,iter-dense-for,hashlink,1,918.777913
string128,ahash,1024,iter-dense-for,micro,1,276.106710
string128,ahash,1024,iter-dense-for,quick_cache,2,514.194843
string128,ahash,1024,iter-dense-for,lru,2,772.839652
string128,ahash,1024,iter-dense-for,hashlink,2,909.855769
string128,ahash,1024,iter-dense-for,micro,2,275.388655
string128,ahash,1024,iter-dense-for,baseline,2,277.397744
string128,ahash,1024,iter-dense-for,lru,3,773.811219
string128,ahash,1024,iter-dense-for,hashlink,3,908.103065
string128,ahash,1024,iter-dense-for,micro,3,276.221691
string128,ahash,1024,iter-dense-for,baseline,3,275.781250
string128,ahash,1024,iter-dense-for,quick_cache,3,514.842384
string128,ahash,1024,iter-dense-for,hashlink,4,916.641383
string128,ahash,1024,iter-dense-for,micro,4,274.819536
string128,ahash,1024,iter-dense-for,baseline,4,279.490699
string128,ahash,1024,iter-dense-for,quick_cache,4,528.192416
string128,ahash,1024,iter-dense-for,lru,4,812.208244
string128,ahash,1024,iter-density-1pct,micro,0,7.390823
string128,ahash,1024,iter-density-1pct,baseline,0,356.075402
string128,ahash,1024,iter-density-1pct,quick_cache,0,205.176422
string128,ahash,1024,iter-density-1pct,lru,0,4.351741
string128,ahash,1024,iter-density-1pct,hashlink,0,4.245539
string128,ahash,1024,iter-density-1pct,baseline,1,359.076813
string128,ahash,1024,iter-density-1pct,quick_cache,1,208.472222
string128,ahash,1024,iter-density-1pct,lru,1,4.368510
string128,ahash,1024,iter-density-1pct,hashlink,1,4.207928
string128,ahash,1024,iter-density-1pct,micro,1,6.968478
string128,ahash,1024,iter-density-1pct,quick_cache,2,206.312981
string128,ahash,1024,iter-density-1pct,lru,2,4.327636
string128,ahash,1024,iter-density-1pct,hashlink,2,4.189687
string128,ahash,1024,iter-density-1pct,micro,2,6.994472
string128,ahash,1024,iter-density-1pct,baseline,2,357.285646
string128,ahash,1024,iter-density-1pct,lru,3,4.301643
string128,ahash,1024,iter-density-1pct,hashlink,3,4.256913
string128,ahash,1024,iter-density-1pct,micro,3,7.248898
string128,ahash,1024,iter-density-1pct,baseline,3,353.847288
string128,ahash,1024,iter-density-1pct,quick_cache,3,206.727285
string128,ahash,1024,iter-density-1pct,hashlink,4,4.198128
string128,ahash,1024,iter-density-1pct,micro,4,7.242839
string128,ahash,1024,iter-density-1pct,baseline,4,352.937970
string128,ahash,1024,iter-density-1pct,quick_cache,4,206.698582
string128,ahash,1024,iter-density-1pct,lru,4,4.393364
string128,ahash,1024,iter-density-6pct,micro,0,190.641387
string128,ahash,1024,iter-density-6pct,baseline,0,296.254830
string128,ahash,1024,iter-density-6pct,quick_cache,0,214.151113
string128,ahash,1024,iter-density-6pct,lru,0,52.229143
string128,ahash,1024,iter-density-6pct,hashlink,0,51.705054
string128,ahash,1024,iter-density-6pct,baseline,1,304.987622
string128,ahash,1024,iter-density-6pct,quick_cache,1,212.818311
string128,ahash,1024,iter-density-6pct,lru,1,52.472440
string128,ahash,1024,iter-density-6pct,hashlink,1,52.035637
string128,ahash,1024,iter-density-6pct,micro,1,190.826664
string128,ahash,1024,iter-density-6pct,quick_cache,2,214.623284
string128,ahash,1024,iter-density-6pct,lru,2,53.330614
string128,ahash,1024,iter-density-6pct,hashlink,2,53.603541
string128,ahash,1024,iter-density-6pct,micro,2,191.326531
string128,ahash,1024,iter-density-6pct,baseline,2,307.744160
string128,ahash,1024,iter-density-6pct,lru,3,52.400489
string128,ahash,1024,iter-density-6pct,hashlink,3,52.730702
string128,ahash,1024,iter-density-6pct,micro,3,188.514433
string128,ahash,1024,iter-density-6pct,baseline,3,306.866115
string128,ahash,1024,iter-density-6pct,quick_cache,3,213.612899
string128,ahash,1024,iter-density-6pct,hashlink,4,51.928329
string128,ahash,1024,iter-density-6pct,micro,4,189.051474
string128,ahash,1024,iter-density-6pct,baseline,4,307.006638
string128,ahash,1024,iter-density-6pct,quick_cache,4,211.157447
string128,ahash,1024,iter-density-6pct,lru,4,52.171014
string128,ahash,1024,iter-density-quarter,micro,0,190.146382
string128,ahash,1024,iter-density-quarter,baseline,0,265.231462
string128,ahash,1024,iter-density-quarter,quick_cache,0,199.094347
string128,ahash,1024,iter-density-quarter,lru,0,317.840784
string128,ahash,1024,iter-density-quarter,hashlink,0,301.719051
string128,ahash,1024,iter-density-quarter,baseline,1,260.876042
string128,ahash,1024,iter-density-quarter,quick_cache,1,196.912081
string128,ahash,1024,iter-density-quarter,lru,1,323.608190
string128,ahash,1024,iter-density-quarter,hashlink,1,325.529839
string128,ahash,1024,iter-density-quarter,micro,1,189.446528
string128,ahash,1024,iter-density-quarter,quick_cache,2,196.380296
string128,ahash,1024,iter-density-quarter,lru,2,289.480421
string128,ahash,1024,iter-density-quarter,hashlink,2,289.250865
string128,ahash,1024,iter-density-quarter,micro,2,187.632812
string128,ahash,1024,iter-density-quarter,baseline,2,253.042874
string128,ahash,1024,iter-density-quarter,lru,3,283.610272
string128,ahash,1024,iter-density-quarter,hashlink,3,290.699207
string128,ahash,1024,iter-density-quarter,micro,3,189.895939
string128,ahash,1024,iter-density-quarter,baseline,3,261.450383
string128,ahash,1024,iter-density-quarter,quick_cache,3,201.294796
string128,ahash,1024,iter-density-quarter,hashlink,4,300.485923
string128,ahash,1024,iter-density-quarter,micro,4,186.534481
string128,ahash,1024,iter-density-quarter,baseline,4,260.113747
string128,ahash,1024,iter-density-quarter,quick_cache,4,199.249204
string128,ahash,1024,iter-density-quarter,lru,4,298.102679
string128,ahash,1024,iter-density-half,micro,0,183.479085
string128,ahash,1024,iter-density-half,baseline,0,265.813120
string128,ahash,1024,iter-density-half,quick_cache,0,200.816381
string128,ahash,1024,iter-density-half,lru,0,657.069493
string128,ahash,1024,iter-density-half,hashlink,0,662.787852
string128,ahash,1024,iter-density-half,baseline,1,263.119310
string128,ahash,1024,iter-density-half,quick_cache,1,198.625662
string128,ahash,1024,iter-density-half,lru,1,633.586782
string128,ahash,1024,iter-density-half,hashlink,1,632.908557
string128,ahash,1024,iter-density-half,micro,1,187.899236
string128,ahash,1024,iter-density-half,quick_cache,2,197.996308
string128,ahash,1024,iter-density-half,lru,2,644.210188
string128,ahash,1024,iter-density-half,hashlink,2,621.619826
string128,ahash,1024,iter-density-half,micro,2,185.544281
string128,ahash,1024,iter-density-half,baseline,2,263.298057
string128,ahash,1024,iter-density-half,lru,3,629.360738
string128,ahash,1024,iter-density-half,hashlink,3,621.292012
string128,ahash,1024,iter-density-half,micro,3,183.963971
string128,ahash,1024,iter-density-half,baseline,3,262.558921
string128,ahash,1024,iter-density-half,quick_cache,3,196.418475
string128,ahash,1024,iter-density-half,hashlink,4,631.134648
string128,ahash,1024,iter-density-half,micro,4,183.861826
string128,ahash,1024,iter-density-half,baseline,4,262.206180
string128,ahash,1024,iter-density-half,quick_cache,4,196.186912
string128,ahash,1024,iter-density-half,lru,4,628.420208
string128,ahash,1024,iter-front,micro,0,1.172769
string128,ahash,1024,iter-front,baseline,0,262.206180
string128,ahash,1024,iter-front,quick_cache,0,195.458984
string128,ahash,1024,iter-front,lru,0,1.205865
string128,ahash,1024,iter-front,hashlink,0,1.193340
string128,ahash,1024,iter-front,baseline,1,268.139821
string128,ahash,1024,iter-front,quick_cache,1,198.769068
string128,ahash,1024,iter-front,lru,1,1.186544
string128,ahash,1024,iter-front,hashlink,1,1.148067
string128,ahash,1024,iter-front,micro,1,1.186829
string128,ahash,1024,iter-front,quick_cache,2,199.105427
string128,ahash,1024,iter-front,lru,2,1.202324
string128,ahash,1024,iter-front,hashlink,2,1.180403
string128,ahash,1024,iter-front,micro,2,1.172461
string128,ahash,1024,iter-front,baseline,2,263.649930
string128,ahash,1024,iter-front,lru,3,1.209085
string128,ahash,1024,iter-front,hashlink,3,1.163642
string128,ahash,1024,iter-front,micro,3,1.172080
string128,ahash,1024,iter-front,baseline,3,264.564965
string128,ahash,1024,iter-front,quick_cache,3,197.705592
string128,ahash,1024,iter-front,hashlink,4,1.147449
string128,ahash,1024,iter-front,micro,4,1.173738
string128,ahash,1024,iter-front,baseline,4,264.399912
string128,ahash,1024,iter-front,quick_cache,4,195.725665
string128,ahash,1024,iter-front,lru,4,1.185763
string128,ahash,1024,iter-back,micro,0,1.176788
string128,ahash,1024,iter-back,baseline,0,268.526786
string128,ahash,1024,iter-back,quick_cache,0,196.453844
string128,ahash,1024,iter-back,lru,0,1.206393
string128,ahash,1024,iter-back,hashlink,0,1.201861
string128,ahash,1024,iter-back,baseline,1,271.890127
string128,ahash,1024,iter-back,quick_cache,1,198.560848
string128,ahash,1024,iter-back,lru,1,1.218054
string128,ahash,1024,iter-back,hashlink,1,1.154443
string128,ahash,1024,iter-back,micro,1,1.154926
string128,ahash,1024,iter-back,quick_cache,2,198.604849
string128,ahash,1024,iter-back,lru,2,1.230460
string128,ahash,1024,iter-back,hashlink,2,1.163628
string128,ahash,1024,iter-back,micro,2,1.265063
string128,ahash,1024,iter-back,baseline,2,259.513812
string128,ahash,1024,iter-back,lru,3,1.187686
string128,ahash,1024,iter-back,hashlink,3,1.175445
string128,ahash,1024,iter-back,micro,3,1.171553
string128,ahash,1024,iter-back,baseline,3,266.686612
string128,ahash,1024,iter-back,quick_cache,3,166.127378
string128,ahash,1024,iter-back,hashlink,4,1.133122
string128,ahash,1024,iter-back,micro,4,1.159039
string128,ahash,1024,iter-back,baseline,4,266.690341
string128,ahash,1024,iter-back,quick_cache,4,166.104314
string128,ahash,1024,iter-back,lru,4,1.190431
string128,ahash,1024,iter-empty,micro,0,0.797316
string128,ahash,1024,iter-empty,baseline,0,259.882791
string128,ahash,1024,iter-empty,quick_cache,0,179.192987
string128,ahash,1024,iter-empty,lru,0,0.978428
string128,ahash,1024,iter-empty,hashlink,0,0.994378
string128,ahash,1024,iter-empty,baseline,1,266.686701
string128,ahash,1024,iter-empty,quick_cache,1,166.740675
string128,ahash,1024,iter-empty,lru,1,0.998445
string128,ahash,1024,iter-empty,hashlink,1,1.018867
string128,ahash,1024,iter-empty,micro,1,0.812117
string128,ahash,1024,iter-empty,quick_cache,2,166.699045
string128,ahash,1024,iter-empty,lru,2,0.998424
string128,ahash,1024,iter-empty,hashlink,2,1.007112
string128,ahash,1024,iter-empty,micro,2,0.823756
string128,ahash,1024,iter-empty,baseline,2,266.449929
string128,ahash,1024,iter-empty,lru,3,0.987019
string128,ahash,1024,iter-empty,hashlink,3,0.991959
string128,ahash,1024,iter-empty,micro,3,0.808176
string128,ahash,1024,iter-empty,baseline,3,268.281250
string128,ahash,1024,iter-empty,quick_cache,3,165.746466
string128,ahash,1024,iter-empty,hashlink,4,0.990680
string128,ahash,1024,iter-empty,micro,4,0.797167
string128,ahash,1024,iter-empty,baseline,4,265.875885
string128,ahash,1024,iter-empty,quick_cache,4,165.096336
string128,ahash,1024,iter-empty,lru,4,0.985162
string128,ahash,1024,iter-count,micro,0,0.390313
string128,ahash,1024,iter-count,baseline,0,266.612413
string128,ahash,1024,iter-count,quick_cache,0,495.680013
string128,ahash,1024,iter-count,lru,0,0.397354
string128,ahash,1024,iter-count,hashlink,0,0.397157
string128,ahash,1024,iter-count,baseline,1,260.966406
string128,ahash,1024,iter-count,quick_cache,1,495.598633
string128,ahash,1024,iter-count,lru,1,0.402781
string128,ahash,1024,iter-count,hashlink,1,0.402692
string128,ahash,1024,iter-count,micro,1,0.400529
string128,ahash,1024,iter-count,quick_cache,2,502.197266
string128,ahash,1024,iter-count,lru,2,0.398218
string128,ahash,1024,iter-count,hashlink,2,0.404653
string128,ahash,1024,iter-count,micro,2,0.398177
string128,ahash,1024,iter-count,baseline,2,266.564542
string128,ahash,1024,iter-count,lru,3,0.403636
string128,ahash,1024,iter-count,hashlink,3,0.397130
string128,ahash,1024,iter-count,micro,3,0.394072
string128,ahash,1024,iter-count,baseline,3,262.102170
string128,ahash,1024,iter-count,quick_cache,3,493.448893
string128,ahash,1024,iter-count,hashlink,4,0.397130
string128,ahash,1024,iter-count,micro,4,0.391675
string128,ahash,1024,iter-count,baseline,4,261.060503
string128,ahash,1024,iter-count,quick_cache,4,490.885417
string128,ahash,1024,iter-count,lru,4,0.402643
string128,ahash,16384,get-hit,micro,0,21.197286
string128,ahash,16384,get-hit,baseline,0,21.552892
string128,ahash,16384,get-hit,quick_cache,0,22.109389
string128,ahash,16384,get-hit,lru,0,23.111031
string128,ahash,16384,get-hit,hashlink,0,22.097118
string128,ahash,16384,get-hit,baseline,1,22.228465
string128,ahash,16384,get-hit,quick_cache,1,22.388234
string128,ahash,16384,get-hit,lru,1,22.999443
string128,ahash,16384,get-hit,hashlink,1,22.197345
string128,ahash,16384,get-hit,micro,1,21.546609
string128,ahash,16384,get-hit,quick_cache,2,22.247616
string128,ahash,16384,get-hit,lru,2,22.905350
string128,ahash,16384,get-hit,hashlink,2,21.803316
string128,ahash,16384,get-hit,micro,2,21.283183
string128,ahash,16384,get-hit,baseline,2,21.573235
string128,ahash,16384,get-hit,lru,3,22.934280
string128,ahash,16384,get-hit,hashlink,3,21.879308
string128,ahash,16384,get-hit,micro,3,21.343655
string128,ahash,16384,get-hit,baseline,3,21.862556
string128,ahash,16384,get-hit,quick_cache,3,21.959193
string128,ahash,16384,get-hit,hashlink,4,21.784761
string128,ahash,16384,get-hit,micro,4,21.196716
string128,ahash,16384,get-hit,baseline,4,21.687529
string128,ahash,16384,get-hit,quick_cache,4,22.453757
string128,ahash,16384,get-hit,lru,4,23.210526
string128,ahash,16384,get-miss,micro,0,12.235685
string128,ahash,16384,get-miss,baseline,0,11.955507
string128,ahash,16384,get-miss,quick_cache,0,11.966009
string128,ahash,16384,get-miss,lru,0,12.127619
string128,ahash,16384,get-miss,hashlink,0,11.815060
string128,ahash,16384,get-miss,baseline,1,11.921379
string128,ahash,16384,get-miss,quick_cache,1,11.900871
string128,ahash,16384,get-miss,lru,1,12.000791
string128,ahash,16384,get-miss,hashlink,1,11.835735
string128,ahash,16384,get-miss,micro,1,11.902182
string128,ahash,16384,get-miss,quick_cache,2,11.842955
string128,ahash,16384,get-miss,lru,2,11.949108
string128,ahash,16384,get-miss,hashlink,2,11.826381
string128,ahash,16384,get-miss,micro,2,11.953704
string128,ahash,16384,get-miss,baseline,2,11.929751
string128,ahash,16384,get-miss,lru,3,11.921052
string128,ahash,16384,get-miss,hashlink,3,11.766113
string128,ahash,16384,get-miss,micro,3,11.983072
string128,ahash,16384,get-miss,baseline,3,12.124504
string128,ahash,16384,get-miss,quick_cache,3,12.012605
string128,ahash,16384,get-miss,hashlink,4,11.925813
string128,ahash,16384,get-miss,micro,4,11.994719
string128,ahash,16384,get-miss,baseline,4,11.975196
string128,ahash,16384,get-miss,quick_cache,4,12.068391
string128,ahash,16384,get-miss,lru,4,11.939756
string128,ahash,16384,update,micro,0,35.736084
string128,ahash,16384,update,baseline,0,36.104137
string128,ahash,16384,update,quick_cache,0,222.216248
string128,ahash,16384,update,lru,0,37.001550
string128,ahash,16384,update,hashlink,0,37.541711
string128,ahash,16384,update,baseline,1,35.833640
string128,ahash,16384,update,quick_cache,1,226.593018
string128,ahash,16384,update,lru,1,37.163293
string128,ahash,16384,update,hashlink,1,36.987305
string128,ahash,16384,update,micro,1,35.906239
string128,ahash,16384,update,quick_cache,2,240.488647
string128,ahash,16384,update,lru,2,41.041565
string128,ahash,16384,update,hashlink,2,44.014255
string128,ahash,16384,update,micro,2,38.491821
string128,ahash,16384,update,baseline,2,38.729346
string128,ahash,16384,update,lru,3,40.894124
string128,ahash,16384,update,hashlink,3,40.298462
string128,ahash,16384,update,micro,3,38.815820
string128,ahash,16384,update,baseline,3,39.239502
string128,ahash,16384,update,quick_cache,3,232.233704
string128,ahash,16384,update,hashlink,4,40.248621
string128,ahash,16384,update,micro,4,38.901770
string128,ahash,16384,update,baseline,4,38.723242
string128,ahash,16384,update,quick_cache,4,232.017517
string128,ahash,16384,update,lru,4,39.759827
string128,ahash,16384,insert-cycle,micro,0,54.702759
string128,ahash,16384,insert-cycle,baseline,0,55.672333
string128,ahash,16384,insert-cycle,quick_cache,0,54.060623
string128,ahash,16384,insert-cycle,lru,0,76.351791
string128,ahash,16384,insert-cycle,hashlink,0,69.486618
string128,ahash,16384,insert-cycle,baseline,1,56.819916
string128,ahash,16384,insert-cycle,quick_cache,1,53.100586
string128,ahash,16384,insert-cycle,lru,1,74.588776
string128,ahash,16384,insert-cycle,hashlink,1,69.855377
string128,ahash,16384,insert-cycle,micro,1,55.988312
string128,ahash,16384,insert-cycle,quick_cache,2,52.681610
string128,ahash,16384,insert-cycle,lru,2,73.998123
string128,ahash,16384,insert-cycle,hashlink,2,69.175720
string128,ahash,16384,insert-cycle,micro,2,56.838364
string128,ahash,16384,insert-cycle,baseline,2,54.558441
string128,ahash,16384,insert-cycle,lru,3,77.764511
string128,ahash,16384,insert-cycle,hashlink,3,69.606140
string128,ahash,16384,insert-cycle,micro,3,56.425735
string128,ahash,16384,insert-cycle,baseline,3,54.199219
string128,ahash,16384,insert-cycle,quick_cache,3,54.084137
string128,ahash,16384,insert-cycle,hashlink,4,71.310043
string128,ahash,16384,insert-cycle,micro,4,53.763077
string128,ahash,16384,insert-cycle,baseline,4,55.373505
string128,ahash,16384,insert-cycle,quick_cache,4,52.364975
string128,ahash,16384,insert-cycle,lru,4,74.154541
string128,ahash,16384,mixed-95,micro,0,26.231567
string128,ahash,16384,mixed-95,baseline,0,24.885555
string128,ahash,16384,mixed-95,quick_cache,0,26.223978
string128,ahash,16384,mixed-95,lru,0,24.930775
string128,ahash,16384,mixed-95,hashlink,0,34.580410
string128,ahash,16384,mixed-95,baseline,1,26.196440
string128,ahash,16384,mixed-95,quick_cache,1,28.334896
string128,ahash,16384,mixed-95,lru,1,27.180810
string128,ahash,16384,mixed-95,hashlink,1,26.940048
string128,ahash,16384,mixed-95,micro,1,26.897351
string128,ahash,16384,mixed-95,quick_cache,2,26.125093
string128,ahash,16384,mixed-95,lru,2,24.987678
string128,ahash,16384,mixed-95,hashlink,2,24.670680
string128,ahash,16384,mixed-95,micro,2,24.697065
string128,ahash,16384,mixed-95,baseline,2,26.795308
string128,ahash,16384,mixed-95,lru,3,25.407592
string128,ahash,16384,mixed-95,hashlink,3,24.704297
string128,ahash,16384,mixed-95,micro,3,24.872661
string128,ahash,16384,mixed-95,baseline,3,24.769247
string128,ahash,16384,mixed-95,quick_cache,3,26.885828
string128,ahash,16384,mixed-95,hashlink,4,26.819964
string128,ahash,16384,mixed-95,micro,4,27.144849
string128,ahash,16384,mixed-95,baseline,4,27.015527
string128,ahash,16384,mixed-95,quick_cache,4,28.334756
string128,ahash,16384,mixed-95,lru,4,27.082165
string128,ahash,16384,load-hit,micro,0,25.418091
string128,ahash,16384,load-hit,baseline,0,40.166736
string128,ahash,16384,load-hit,quick_cache,0,27.061820
string128,ahash,16384,load-hit,lru,0,25.931803
string128,ahash,16384,load-hit,hashlink,0,23.888908
string128,ahash,16384,load-hit,baseline,1,40.264893
string128,ahash,16384,load-hit,quick_cache,1,27.009147
string128,ahash,16384,load-hit,lru,1,25.962655
string128,ahash,16384,load-hit,hashlink,1,23.930229
string128,ahash,16384,load-hit,micro,1,25.374007
string128,ahash,16384,load-hit,quick_cache,2,27.021136
string128,ahash,16384,load-hit,lru,2,26.214600
string128,ahash,16384,load-hit,hashlink,2,24.388313
string128,ahash,16384,load-hit,micro,2,25.752083
string128,ahash,16384,load-hit,baseline,2,41.582465
string128,ahash,16384,load-hit,lru,3,26.175005
string128,ahash,16384,load-hit,hashlink,3,23.988091
string128,ahash,16384,load-hit,micro,3,25.469295
string128,ahash,16384,load-hit,baseline,3,40.358984
string128,ahash,16384,load-hit,quick_cache,3,26.917960
string128,ahash,16384,load-hit,hashlink,4,23.969017
string128,ahash,16384,load-hit,micro,4,25.466235
string128,ahash,16384,load-hit,baseline,4,40.519714
string128,ahash,16384,load-hit,quick_cache,4,27.164638
string128,ahash,16384,load-hit,lru,4,25.988436
string128,ahash,16384,load-cycle,micro,0,53.613663
string128,ahash,16384,load-cycle,baseline,0,58.481857
string128,ahash,16384,load-cycle,quick_cache,0,35.486857
string128,ahash,16384,load-cycle,lru,0,78.119919
string128,ahash,16384,load-cycle,hashlink,0,75.258896
string128,ahash,16384,load-cycle,baseline,1,58.578491
string128,ahash,16384,load-cycle,quick_cache,1,36.006927
string128,ahash,16384,load-cycle,lru,1,74.728638
string128,ahash,16384,load-cycle,hashlink,1,72.490067
string128,ahash,16384,load-cycle,micro,1,55.484146
string128,ahash,16384,load-cycle,quick_cache,2,33.624013
string128,ahash,16384,load-cycle,lru,2,71.732193
string128,ahash,16384,load-cycle,hashlink,2,68.993256
string128,ahash,16384,load-cycle,micro,2,53.535461
string128,ahash,16384,load-cycle,baseline,2,54.951981
string128,ahash,16384,load-cycle,lru,3,73.417023
string128,ahash,16384,load-cycle,hashlink,3,70.613861
string128,ahash,16384,load-cycle,micro,3,55.152267
string128,ahash,16384,load-cycle,baseline,3,55.189758
string128,ahash,16384,load-cycle,quick_cache,3,35.594513
string128,ahash,16384,load-cycle,hashlink,4,71.283966
string128,ahash,16384,load-cycle,micro,4,52.046463
string128,ahash,16384,load-cycle,baseline,4,56.907654
string128,ahash,16384,load-cycle,quick_cache,4,34.063975
string128,ahash,16384,load-cycle,lru,4,71.122482
string128,ahash,16384,clear-refill,micro,0,529500.000000
string128,ahash,16384,clear-refill,baseline,0,523257.000000
string128,ahash,16384,clear-refill,quick_cache,0,547687.500000
string128,ahash,16384,clear-refill,lru,0,1315138.666667
string128,ahash,16384,clear-refill,hashlink,0,695508.200000
string128,ahash,16384,clear-refill,baseline,1,536222.166667
string128,ahash,16384,clear-refill,quick_cache,1,600100.000000
string128,ahash,16384,clear-refill,lru,1,1328416.666667
string128,ahash,16384,clear-refill,hashlink,1,731658.400000
string128,ahash,16384,clear-refill,micro,1,562145.833333
string128,ahash,16384,clear-refill,quick_cache,2,584104.166667
string128,ahash,16384,clear-refill,lru,2,1285930.333333
string128,ahash,16384,clear-refill,hashlink,2,734575.000000
string128,ahash,16384,clear-refill,micro,2,531784.833333
string128,ahash,16384,clear-refill,baseline,2,574062.500000
string128,ahash,16384,clear-refill,lru,3,1263638.666667
string128,ahash,16384,clear-refill,hashlink,3,764395.750000
string128,ahash,16384,clear-refill,micro,3,601700.000000
string128,ahash,16384,clear-refill,baseline,3,557652.666667
string128,ahash,16384,clear-refill,quick_cache,3,545763.833333
string128,ahash,16384,clear-refill,hashlink,4,769843.750000
string128,ahash,16384,clear-refill,micro,4,543444.333333
string128,ahash,16384,clear-refill,baseline,4,619075.000000
string128,ahash,16384,clear-refill,quick_cache,4,617200.000000
string128,ahash,16384,clear-refill,lru,4,1326944.333333
string128,ahash,16384,clear-empty,micro,0,0.372449
string128,ahash,16384,clear-empty,baseline,0,325.914171
string128,ahash,16384,clear-empty,quick_cache,0,4.003583
string128,ahash,16384,clear-empty,lru,0,2.145499
string128,ahash,16384,clear-empty,hashlink,0,0.619024
string128,ahash,16384,clear-empty,baseline,1,535.799893
string128,ahash,16384,clear-empty,quick_cache,1,4.027620
string128,ahash,16384,clear-empty,lru,1,2.113567
string128,ahash,16384,clear-empty,hashlink,1,0.609566
string128,ahash,16384,clear-empty,micro,1,0.364213
string128,ahash,16384,clear-empty,quick_cache,2,4.014161
string128,ahash,16384,clear-empty,lru,2,2.142878
string128,ahash,16384,clear-empty,hashlink,2,0.608594
string128,ahash,16384,clear-empty,micro,2,0.369915
string128,ahash,16384,clear-empty,baseline,2,322.468011
string128,ahash,16384,clear-empty,lru,3,2.140228
string128,ahash,16384,clear-empty,hashlink,3,0.619991
string128,ahash,16384,clear-empty,micro,3,0.370922
string128,ahash,16384,clear-empty,baseline,3,338.355692
string128,ahash,16384,clear-empty,quick_cache,3,4.005709
string128,ahash,16384,clear-empty,hashlink,4,0.617216
string128,ahash,16384,clear-empty,micro,4,0.373411
string128,ahash,16384,clear-empty,baseline,4,321.029561
string128,ahash,16384,clear-empty,quick_cache,4,3.957134
string128,ahash,16384,clear-empty,lru,4,2.137826
string128,ahash,16384,iter-dense,micro,0,6014.242188
string128,ahash,16384,iter-dense,baseline,0,6086.425781
string128,ahash,16384,iter-dense,quick_cache,0,6891.276786
string128,ahash,16384,iter-dense,lru,0,26393.882812
string128,ahash,16384,iter-dense,hashlink,0,23263.281250
string128,ahash,16384,iter-dense,baseline,1,6119.546875
string128,ahash,16384,iter-dense,quick_cache,1,6993.770089
string128,ahash,16384,iter-dense,lru,1,26091.796875
string128,ahash,16384,iter-dense,hashlink,1,22965.625000
string128,ahash,16384,iter-dense,micro,1,6026.937500
string128,ahash,16384,iter-dense,quick_cache,2,7984.591146
string128,ahash,16384,iter-dense,lru,2,24726.890625
string128,ahash,16384,iter-dense,hashlink,2,27520.179688
string128,ahash,16384,iter-dense,micro,2,6114.746094
string128,ahash,16384,iter-dense,baseline,2,6119.953125
string128,ahash,16384,iter-dense,lru,3,24151.039062
string128,ahash,16384,iter-dense,hashlink,3,25750.976562
string128,ahash,16384,iter-dense,micro,3,6045.980469
string128,ahash,16384,iter-dense,baseline,3,6083.087891
string128,ahash,16384,iter-dense,quick_cache,3,6985.584821
string128,ahash,16384,iter-dense,hashlink,4,23946.617188
string128,ahash,16384,iter-dense,micro,4,6029.947266
string128,ahash,16384,iter-dense,baseline,4,6109.048828
string128,ahash,16384,iter-dense,quick_cache,4,6873.698661
string128,ahash,16384,iter-dense,lru,4,26258.140625
string128,ahash,16384,iter-dense-for,micro,0,6116.292969
string128,ahash,16384,iter-dense-for,baseline,0,6093.099609
string128,ahash,16384,iter-dense-for,quick_cache,0,8149.088542
string128,ahash,16384,iter-dense-for,lru,0,18289.062500
string128,ahash,16384,iter-dense-for,hashlink,0,27852.867188
string128,ahash,16384,iter-dense-for,baseline,1,6124.511719
string128,ahash,16384,iter-dense-for,quick_cache,1,7232.271635
string128,ahash,16384,iter-dense-for,lru,1,19448.700000
string128,ahash,16384,iter-dense-for,hashlink,1,26322.921875
string128,ahash,16384,iter-dense-for,micro,1,6098.224609
string128,ahash,16384,iter-dense-for,quick_cache,2,7092.912946
string128,ahash,16384,iter-dense-for,lru,2,17809.244792
string128,ahash,16384,iter-dense-for,hashlink,2,26169.273438
string128,ahash,16384,iter-dense-for,micro,2,6101.562500
string128,ahash,16384,iter-dense-for,baseline,2,6086.505859
string128,ahash,16384,iter-dense-for,lru,3,19136.718750
string128,ahash,16384,iter-dense-for,hashlink,3,26065.101562
string128,ahash,16384,iter-dense-for,micro,3,6072.833984
string128,ahash,16384,iter-dense-for,baseline,3,6058.429688
string128,ahash,16384,iter-dense-for,quick_cache,3,7944.661458
string128,ahash,16384,iter-dense-for,hashlink,4,27525.390625
string128,ahash,16384,iter-dense-for,micro,4,6644.616667
string128,ahash,16384,iter-dense-for,baseline,4,6219.808594
string128,ahash,16384,iter-dense-for,quick_cache,4,7590.045673
string128,ahash,16384,iter-dense-for,lru,4,27518.554688
string128,ahash,16384,iter-density-1pct,micro,0,331.681648
string128,ahash,16384,iter-density-1pct,baseline,0,6529.514583
string128,ahash,16384,iter-density-1pct,quick_cache,0,6925.875000
string128,ahash,16384,iter-density-1pct,lru,0,184.859929
string128,ahash,16384,iter-density-1pct,hashlink,0,183.866912
string128,ahash,16384,iter-density-1pct,baseline,1,6448.783333
string128,ahash,16384,iter-density-1pct,quick_cache,1,7118.676339
string128,ahash,16384,iter-density-1pct,lru,1,184.420002
string128,ahash,16384,iter-density-1pct,hashlink,1,182.481700
string128,ahash,16384,iter-density-1pct,micro,1,339.608755
string128,ahash,16384,iter-density-1pct,quick_cache,2,7089.937500
string128,ahash,16384,iter-density-1pct,lru,2,183.789934
string128,ahash,16384,iter-density-1pct,hashlink,2,181.686047
string128,ahash,16384,iter-density-1pct,micro,2,345.181296
string128,ahash,16384,iter-density-1pct,baseline,2,6529.687500
string128,ahash,16384,iter-density-1pct,lru,3,190.670478
string128,ahash,16384,iter-density-1pct,hashlink,3,187.718750
string128,ahash,16384,iter-density-1pct,micro,3,348.638824
string128,ahash,16384,iter-density-1pct,baseline,3,6491.579167
string128,ahash,16384,iter-density-1pct,quick_cache,3,7277.545673
string128,ahash,16384,iter-density-1pct,hashlink,4,186.141121
string128,ahash,16384,iter-density-1pct,micro,4,341.609773
string128,ahash,16384,iter-density-1pct,baseline,4,6429.947917
string128,ahash,16384,iter-density-1pct,quick_cache,4,7119.511161
string128,ahash,16384,iter-density-1pct,lru,4,184.916420
string128,ahash,16384,iter-density-6pct,micro,0,6014.810547
string128,ahash,16384,iter-density-6pct,baseline,0,5686.735294
string128,ahash,16384,iter-density-6pct,quick_cache,0,6433.681250
string128,ahash,16384,iter-density-6pct,lru,0,1267.569583
string128,ahash,16384,iter-density-6pct,hashlink,0,1284.335616
string128,ahash,16384,iter-density-6pct,baseline,1,5636.564338
string128,ahash,16384,iter-density-6pct,quick_cache,1,6712.890625
string128,ahash,16384,iter-density-6pct,lru,1,1351.097321
string128,ahash,16384,iter-density-6pct,hashlink,1,1354.483036
string128,ahash,16384,iter-density-6pct,micro,1,6266.058333
string128,ahash,16384,iter-density-6pct,quick_cache,2,6709.354911
string128,ahash,16384,iter-density-6pct,lru,2,1371.546649
string128,ahash,16384,iter-density-6pct,hashlink,2,1340.513393
string128,ahash,16384,iter-density-6pct,micro,2,6081.378906
string128,ahash,16384,iter-density-6pct,baseline,2,5687.805147
string128,ahash,16384,iter-density-6pct,lru,3,1359.827899
string128,ahash,16384,iter-density-6pct,hashlink,3,1332.434419
string128,ahash,16384,iter-density-6pct,micro,3,6106.281250
string128,ahash,16384,iter-density-6pct,baseline,3,5618.336397
string128,ahash,16384,iter-density-6pct,quick_cache,3,6761.718750
string128,ahash,16384,iter-density-6pct,hashlink,4,1345.387054
string128,ahash,16384,iter-density-6pct,micro,4,6107.339844
string128,ahash,16384,iter-density-6pct,baseline,4,5715.840074
string128,ahash,16384,iter-density-6pct,quick_cache,4,6582.031250
string128,ahash,16384,iter-density-6pct,lru,4,1364.187047
string128,ahash,16384,iter-density-quarter,micro,0,6199.625000
string128,ahash,16384,iter-density-quarter,baseline,0,5996.093750
string128,ahash,16384,iter-density-quarter,quick_cache,0,6989.861607
string128,ahash,16384,iter-density-quarter,lru,0,13277.019531
string128,ahash,16384,iter-density-quarter,hashlink,0,9824.871875
string128,ahash,16384,iter-density-quarter,baseline,1,5990.398438
string128,ahash,16384,iter-density-quarter,quick_cache,1,6793.805804
string128,ahash,16384,iter-density-quarter,lru,1,10301.043750
string128,ahash,16384,iter-density-quarter,hashlink,1,10116.406250
string128,ahash,16384,iter-density-quarter,micro,1,6151.773438
string128,ahash,16384,iter-density-quarter,quick_cache,2,6950.984375
string128,ahash,16384,iter-density-quarter,lru,2,10466.291667
string128,ahash,16384,iter-density-quarter,hashlink,2,10208.334375
string128,ahash,16384,iter-density-quarter,micro,2,6124.919922
string128,ahash,16384,iter-density-quarter,baseline,2,5888.021484
string128,ahash,16384,iter-density-quarter,lru,3,10342.446875
string128,ahash,16384,iter-density-quarter,hashlink,3,10005.859375
string128,ahash,16384,iter-density-quarter,micro,3,6145.345703
string128,ahash,16384,iter-density-quarter,baseline,3,5951.580078
string128,ahash,16384,iter-density-quarter,quick_cache,3,7039.808036
string128,ahash,16384,iter-density-quarter,hashlink,4,8737.215909
string128,ahash,16384,iter-density-quarter,micro,4,6200.275391
string128,ahash,16384,iter-density-quarter,baseline,4,5905.599609
string128,ahash,16384,iter-density-quarter,quick_cache,4,6960.100446
string128,ahash,16384,iter-density-quarter,lru,4,12776.203125
string128,ahash,16384,iter-density-half,micro,0,6131.835938
string128,ahash,16384,iter-density-half,baseline,0,5946.208984
string128,ahash,16384,iter-density-half,quick_cache,0,6977.305804
string128,ahash,16384,iter-density-half,lru,0,13410.156250
string128,ahash,16384,iter-density-half,hashlink,0,18170.359375
string128,ahash,16384,iter-density-half,baseline,1,5932.781250
string128,ahash,16384,iter-density-half,quick_cache,1,6857.794643
string128,ahash,16384,iter-density-half,lru,1,13355.628906
string128,ahash,16384,iter-density-half,hashlink,1,18068.791667
string128,ahash,16384,iter-density-half,micro,1,6101.400391
string128,ahash,16384,iter-density-half,quick_cache,2,7074.404018
string128,ahash,16384,iter-density-half,lru,2,13890.250000
string128,ahash,16384,iter-density-half,hashlink,2,18863.281250
string128,ahash,16384,iter-density-half,micro,2,6215.820312
string128,ahash,16384,iter-density-half,baseline,2,5937.175781
string128,ahash,16384,iter-density-half,lru,3,13409.973214
string128,ahash,16384,iter-density-half,hashlink,3,18603.515625
string128,ahash,16384,iter-density-half,micro,3,6193.439453
string128,ahash,16384,iter-density-half,baseline,3,5946.697266
string128,ahash,16384,iter-density-half,quick_cache,3,6976.377232
string128,ahash,16384,iter-density-half,hashlink,4,13527.156250
string128,ahash,16384,iter-density-half,micro,4,6145.589844
string128,ahash,16384,iter-density-half,baseline,4,5941.406250
string128,ahash,16384,iter-density-half,quick_cache,4,6925.129464
string128,ahash,16384,iter-density-half,lru,4,18416.447917
string128,ahash,16384,iter-front,micro,0,1.171114
string128,ahash,16384,iter-front,baseline,0,5554.534926
string128,ahash,16384,iter-front,quick_cache,0,6937.500000
string128,ahash,16384,iter-front,lru,0,1.204100
string128,ahash,16384,iter-front,hashlink,0,1.164191
string128,ahash,16384,iter-front,baseline,1,5622.549632
string128,ahash,16384,iter-front,quick_cache,1,7043.805804
string128,ahash,16384,iter-front,lru,1,1.182130
string128,ahash,16384,iter-front,hashlink,1,1.154443
string128,ahash,16384,iter-front,micro,1,1.177557
string128,ahash,16384,iter-front,quick_cache,2,6853.700893
string128,ahash,16384,iter-front,lru,2,1.186168
string128,ahash,16384,iter-front,hashlink,2,1.139679
string128,ahash,16384,iter-front,micro,2,1.170339
string128,ahash,16384,iter-front,baseline,2,5726.025735
string128,ahash,16384,iter-front,lru,3,1.181028
string128,ahash,16384,iter-front,hashlink,3,1.132711
string128,ahash,16384,iter-front,micro,3,1.172095
string128,ahash,16384,iter-front,baseline,3,5598.650735
string128,ahash,16384,iter-front,quick_cache,3,6877.140625
string128,ahash,16384,iter-front,hashlink,4,1.136818
string128,ahash,16384,iter-front,micro,4,1.184804
string128,ahash,16384,iter-front,baseline,4,5833.639706
string128,ahash,16384,iter-front,quick_cache,4,6933.314732
string128,ahash,16384,iter-front,lru,4,1.204131
string128,ahash,16384,iter-back,micro,0,1.175107
string128,ahash,16384,iter-back,baseline,0,5646.522059
string128,ahash,16384,iter-back,quick_cache,0,6943.265625
string128,ahash,16384,iter-back,lru,0,1.198742
string128,ahash,16384,iter-back,hashlink,0,1.180612
string128,ahash,16384,iter-back,baseline,1,5535.079044
string128,ahash,16384,iter-back,quick_cache,1,6921.781250
string128,ahash,16384,iter-back,lru,1,1.186799
string128,ahash,16384,iter-back,hashlink,1,1.154670
string128,ahash,16384,iter-back,micro,1,1.171055
string128,ahash,16384,iter-back,quick_cache,2,6907.830357
string128,ahash,16384,iter-back,lru,2,1.198374
string128,ahash,16384,iter-back,hashlink,2,1.162546
string128,ahash,16384,iter-back,micro,2,1.171099
string128,ahash,16384,iter-back,baseline,2,5556.525735
string128,ahash,16384,iter-back,lru,3,1.202771
string128,ahash,16384,iter-back,hashlink,3,1.148264
string128,ahash,16384,iter-back,micro,3,1.181028
string128,ahash,16384,iter-back,baseline,3,5564.031250
string128,ahash,16384,iter-back,quick_cache,3,6860.678571
string128,ahash,16384,iter-back,hashlink,4,1.173635
string128,ahash,16384,iter-back,micro,4,1.176906
string128,ahash,16384,iter-back,baseline,4,5543.198529
string128,ahash,16384,iter-back,quick_cache,4,6803.107143
string128,ahash,16384,iter-back,lru,4,1.194374
string128,ahash,16384,iter-empty,micro,0,0.781915
string128,ahash,16384,iter-empty,baseline,0,5476.128472
string128,ahash,16384,iter-empty,quick_cache,0,6837.147321
string128,ahash,16384,iter-empty,lru,0,0.984934
string128,ahash,16384,iter-empty,hashlink,0,0.993051
string128,ahash,16384,iter-empty,baseline,1,5571.079044
string128,ahash,16384,iter-empty,quick_cache,1,7029.205357
string128,ahash,16384,iter-empty,lru,1,0.997871
string128,ahash,16384,iter-empty,hashlink,1,1.011993
string128,ahash,16384,iter-empty,micro,1,0.813470
string128,ahash,16384,iter-empty,quick_cache,2,7067.058036
string128,ahash,16384,iter-empty,lru,2,1.001442
string128,ahash,16384,iter-empty,hashlink,2,1.002867
string128,ahash,16384,iter-empty,micro,2,0.811723
string128,ahash,16384,iter-empty,baseline,2,5572.534926
string128,ahash,16384,iter-empty,lru,3,0.983199
string128,ahash,16384,iter-empty,hashlink,3,0.996853
string128,ahash,16384,iter-empty,micro,3,0.797804
string128,ahash,16384,iter-empty,baseline,3,5573.454044
string128,ahash,16384,iter-empty,quick_cache,3,6712.796875
string128,ahash,16384,iter-empty,hashlink,4,0.994674
string128,ahash,16384,iter-empty,micro,4,0.788650
string128,ahash,16384,iter-empty,baseline,4,5482.782986
string128,ahash,16384,iter-empty,quick_cache,4,7033.667411
string128,ahash,16384,iter-empty,lru,4,0.985514
string128,ahash,16384,iter-count,micro,0,0.396177
string128,ahash,16384,iter-count,baseline,0,5618.542969
string128,ahash,16384,iter-count,quick_cache,0,8151.611328
string128,ahash,16384,iter-count,lru,0,0.406370
string128,ahash,16384,iter-count,hashlink,0,0.399513
string128,ahash,16384,iter-count,baseline,1,5463.541667
string128,ahash,16384,iter-count,quick_cache,1,8360.677734
string128,ahash,16384,iter-count,lru,1,0.399505
string128,ahash,16384,iter-count,hashlink,1,0.397203
string128,ahash,16384,iter-count,micro,1,0.392798
string128,ahash,16384,iter-count,quick_cache,2,8329.996094
string128,ahash,16384,iter-count,lru,2,0.397958
string128,ahash,16384,iter-count,hashlink,2,0.396123
string128,ahash,16384,iter-count,micro,2,0.386745
string128,ahash,16384,iter-count,baseline,2,5688.802083
string128,ahash,16384,iter-count,lru,3,0.415791
string128,ahash,16384,iter-count,hashlink,3,0.396883
string128,ahash,16384,iter-count,micro,3,0.414468
string128,ahash,16384,iter-count,baseline,3,5513.618490
string128,ahash,16384,iter-count,quick_cache,3,8315.105469
string128,ahash,16384,iter-count,hashlink,4,0.396947
string128,ahash,16384,iter-count,micro,4,0.392672
string128,ahash,16384,iter-count,baseline,4,5453.450521
string128,ahash,16384,iter-count,quick_cache,4,8307.046875
string128,ahash,16384,iter-count,lru,4,0.396399
