key,hasher,capacity,operation,library,sample,ns_per_op
u64,sip,128,get-hit,micro,0,5.658273
u64,sip,128,get-hit,baseline,0,5.844196
u64,sip,128,get-hit,quick_cache,0,5.753517
u64,sip,128,get-hit,lru,0,6.432694
u64,sip,128,get-hit,hashlink,0,6.041646
u64,sip,128,get-hit,baseline,1,5.396226
u64,sip,128,get-hit,quick_cache,1,5.236236
u64,sip,128,get-hit,lru,1,6.010628
u64,sip,128,get-hit,hashlink,1,5.499238
u64,sip,128,get-hit,micro,1,5.044459
u64,sip,128,get-hit,quick_cache,2,4.979726
u64,sip,128,get-hit,lru,2,5.788326
u64,sip,128,get-hit,hashlink,2,5.393609
u64,sip,128,get-hit,micro,2,5.101805
u64,sip,128,get-hit,baseline,2,5.164276
u64,sip,128,get-hit,lru,3,5.929599
u64,sip,128,get-hit,hashlink,3,5.524667
u64,sip,128,get-hit,micro,3,5.050938
u64,sip,128,get-hit,baseline,3,5.079018
u64,sip,128,get-hit,quick_cache,3,5.018192
u64,sip,128,get-hit,hashlink,4,5.342639
u64,sip,128,get-hit,micro,4,5.044388
u64,sip,128,get-hit,baseline,4,5.056652
u64,sip,128,get-hit,quick_cache,4,4.990243
u64,sip,128,get-hit,lru,4,5.792301
u64,sip,128,get-miss,micro,0,4.131245
u64,sip,128,get-miss,baseline,0,4.138046
u64,sip,128,get-miss,quick_cache,0,4.152334
u64,sip,128,get-miss,lru,0,4.346601
u64,sip,128,get-miss,hashlink,0,4.127417
u64,sip,128,get-miss,baseline,1,4.131703
u64,sip,128,get-miss,quick_cache,1,4.149705
u64,sip,128,get-miss,lru,1,4.346122
u64,sip,128,get-miss,hashlink,1,4.128559
u64,sip,128,get-miss,micro,1,4.124731
u64,sip,128,get-miss,quick_cache,2,4.130788
u64,sip,128,get-miss,lru,2,4.329127
u64,sip,128,get-miss,hashlink,2,4.104502
u64,sip,128,get-miss,micro,2,4.111792
u64,sip,128,get-miss,baseline,2,4.140389
u64,sip,128,get-miss,lru,3,4.487014
u64,sip,128,get-miss,hashlink,3,4.225106
u64,sip,128,get-miss,micro,3,4.228088
u64,sip,128,get-miss,baseline,3,4.172875
u64,sip,128,get-miss,quick_cache,3,4.153361
u64,sip,128,get-miss,hashlink,4,4.170620
u64,sip,128,get-miss,micro,4,4.145076
u64,sip,128,get-miss,baseline,4,4.117759
u64,sip,128,get-miss,quick_cache,4,4.175996
u64,sip,128,get-miss,lru,4,4.345104
u64,sip,128,update,micro,0,4.981582
u64,sip,128,update,baseline,0,4.951683
u64,sip,128,update,quick_cache,0,8.724275
u64,sip,128,update,lru,0,5.329815
u64,sip,128,update,hashlink,0,15.540868
u64,sip,128,update,baseline,1,4.964674
u64,sip,128,update,quick_cache,1,8.484580
u64,sip,128,update,lru,1,5.334826
u64,sip,128,update,hashlink,1,15.848582
u64,sip,128,update,micro,1,4.948864
u64,sip,128,update,quick_cache,2,8.520911
u64,sip,128,update,lru,2,5.322149
u64,sip,128,update,hashlink,2,15.945880
u64,sip,128,update,micro,2,4.940186
u64,sip,128,update,baseline,2,4.963574
u64,sip,128,update,lru,3,5.371094
u64,sip,128,update,hashlink,3,13.704653
u64,sip,128,update,micro,3,5.095376
u64,sip,128,update,baseline,3,5.078041
u64,sip,128,update,quick_cache,3,8.862328
u64,sip,128,update,hashlink,4,15.874227
u64,sip,128,update,micro,4,5.031986
u64,sip,128,update,baseline,4,4.981445
u64,sip,128,update,quick_cache,4,8.506775
u64,sip,128,update,lru,4,5.311753
u64,sip,128,insert-cycle,micro,0,11.509032
u64,sip,128,insert-cycle,baseline,0,11.502001
u64,sip,128,insert-cycle,quick_cache,0,18.543352
u64,sip,128,insert-cycle,lru,0,23.844068
u64,sip,128,insert-cycle,hashlink,0,31.827818
u64,sip,128,insert-cycle,baseline,1,11.226259
u64,sip,128,insert-cycle,quick_cache,1,18.564731
u64,sip,128,insert-cycle,lru,1,24.221034
u64,sip,128,insert-cycle,hashlink,1,31.846202
u64,sip,128,insert-cycle,micro,1,11.425435
u64,sip,128,insert-cycle,quick_cache,2,18.733832
u64,sip,128,insert-cycle,lru,2,23.971386
u64,sip,128,insert-cycle,hashlink,2,32.091818
u64,sip,128,insert-cycle,micro,2,11.491843
u64,sip,128,insert-cycle,baseline,2,11.231247
u64,sip,128,insert-cycle,lru,3,22.931732
u64,sip,128,insert-cycle,hashlink,3,30.207998
u64,sip,128,insert-cycle,micro,3,11.463076
u64,sip,128,insert-cycle,baseline,3,11.377901
u64,sip,128,insert-cycle,quick_cache,3,19.147584
u64,sip,128,insert-cycle,hashlink,4,31.089398
u64,sip,128,insert-cycle,micro,4,11.580275
u64,sip,128,insert-cycle,baseline,4,11.153347
u64,sip,128,insert-cycle,quick_cache,4,18.722388
u64,sip,128,insert-cycle,lru,4,24.146484
u64,sip,128,mixed-95,micro,0,16.578455
u64,sip,128,mixed-95,baseline,0,15.182992
u64,sip,128,mixed-95,quick_cache,0,13.021449
u64,sip,128,mixed-95,lru,0,12.870590
u64,sip,128,mixed-95,hashlink,0,10.493299
u64,sip,128,mixed-95,baseline,1,12.003263
u64,sip,128,mixed-95,quick_cache,1,12.686670
u64,sip,128,mixed-95,lru,1,12.769958
u64,sip,128,mixed-95,hashlink,1,10.273755
u64,sip,128,mixed-95,micro,1,15.598615
u64,sip,128,mixed-95,quick_cache,2,12.656609
u64,sip,128,mixed-95,lru,2,12.866219
u64,sip,128,mixed-95,hashlink,2,10.243793
u64,sip,128,mixed-95,micro,2,12.967627
u64,sip,128,mixed-95,baseline,2,12.792925
u64,sip,128,mixed-95,lru,3,12.927274
u64,sip,128,mixed-95,hashlink,3,10.318776
u64,sip,128,mixed-95,micro,3,13.764580
u64,sip,128,mixed-95,baseline,3,11.876762
u64,sip,128,mixed-95,quick_cache,3,12.537658
u64,sip,128,mixed-95,hashlink,4,10.469158
u64,sip,128,mixed-95,micro,4,14.449279
u64,sip,128,mixed-95,baseline,4,15.830119
u64,sip,128,mixed-95,quick_cache,4,12.560725
u64,sip,128,mixed-95,lru,4,12.685259
u64,sip,128,load-hit,micro,0,7.317438
u64,sip,128,load-hit,baseline,0,7.118617
u64,sip,128,load-hit,quick_cache,0,8.326558
u64,sip,128,load-hit,lru,0,5.295309
u64,sip,128,load-hit,hashlink,0,5.259269
u64,sip,128,load-hit,baseline,1,7.081156
u64,sip,128,load-hit,quick_cache,1,8.327484
u64,sip,128,load-hit,lru,1,5.419563
u64,sip,128,load-hit,hashlink,1,5.244446
u64,sip,128,load-hit,micro,1,7.172901
u64,sip,128,load-hit,quick_cache,2,8.337078
u64,sip,128,load-hit,lru,2,5.402884
u64,sip,128,load-hit,hashlink,2,5.302356
u64,sip,128,load-hit,micro,2,7.299386
u64,sip,128,load-hit,baseline,2,7.347312
u64,sip,128,load-hit,lru,3,5.483371
u64,sip,128,load-hit,hashlink,3,5.235217
u64,sip,128,load-hit,micro,3,7.171044
u64,sip,128,load-hit,baseline,3,7.232764
u64,sip,128,load-hit,quick_cache,3,8.320223
u64,sip,128,load-hit,hashlink,4,5.252874
u64,sip,128,load-hit,micro,4,7.122138
u64,sip,128,load-hit,baseline,4,7.143853
u64,sip,128,load-hit,quick_cache,4,8.340779
u64,sip,128,load-hit,lru,4,5.399890
u64,sip,128,load-cycle,micro,0,15.147231
u64,sip,128,load-cycle,baseline,0,15.096289
u64,sip,128,load-cycle,quick_cache,0,15.841427
u64,sip,128,load-cycle,lru,0,24.280619
u64,sip,128,load-cycle,hashlink,0,29.770701
u64,sip,128,load-cycle,baseline,1,15.237333
u64,sip,128,load-cycle,quick_cache,1,16.053751
u64,sip,128,load-cycle,lru,1,23.923119
u64,sip,128,load-cycle,hashlink,1,30.162145
u64,sip,128,load-cycle,micro,1,15.317115
u64,sip,128,load-cycle,quick_cache,2,15.865729
u64,sip,128,load-cycle,lru,2,24.389358
u64,sip,128,load-cycle,hashlink,2,29.611299
u64,sip,128,load-cycle,micro,2,14.953823
u64,sip,128,load-cycle,baseline,2,15.310526
u64,sip,128,load-cycle,lru,3,24.667435
u64,sip,128,load-cycle,hashlink,3,30.058514
u64,sip,128,load-cycle,micro,3,15.673087
u64,sip,128,load-cycle,baseline,3,15.325010
u64,sip,128,load-cycle,quick_cache,3,15.900611
u64,sip,128,load-cycle,hashlink,4,30.017024
u64,sip,128,load-cycle,micro,4,15.426259
u64,sip,128,load-cycle,baseline,4,15.333946
u64,sip,128,load-cycle,quick_cache,4,16.038694
u64,sip,128,load-cycle,lru,4,24.159545
u64,sip,128,clear-refill,micro,0,841.584853
u64,sip,128,clear-refill,baseline,0,1479.803748
u64,sip,128,clear-refill,quick_cache,0,1734.995376
u64,sip,128,clear-refill,lru,0,3964.772787
u64,sip,128,clear-refill,hashlink,0,2915.734694
u64,sip,128,clear-refill,baseline,1,1778.287915
u64,sip,128,clear-refill,quick_cache,1,1746.146015
u64,sip,128,clear-refill,lru,1,3942.948752
u64,sip,128,clear-refill,hashlink,1,2913.228155
u64,sip,128,clear-refill,micro,1,846.606941
u64,sip,128,clear-refill,quick_cache,2,1207.444668
u64,sip,128,clear-refill,lru,2,3917.644909
u64,sip,128,clear-refill,hashlink,2,2924.992203
u64,sip,128,clear-refill,micro,2,838.761532
u64,sip,128,clear-refill,baseline,2,1720.876147
u64,sip,128,clear-refill,lru,3,4199.942657
u64,sip,128,clear-refill,hashlink,3,2929.890625
u64,sip,128,clear-refill,micro,3,863.180955
u64,sip,128,clear-refill,baseline,3,1277.789608
u64,sip,128,clear-refill,quick_cache,3,1234.488688
u64,sip,128,clear-refill,hashlink,4,2929.024390
u64,sip,128,clear-refill,micro,4,838.620458
u64,sip,128,clear-refill,baseline,4,1259.865659
u64,sip,128,clear-refill,quick_cache,4,1210.282775
u64,sip,128,clear-refill,lru,4,3951.864474
u64,sip,128,clear-empty,micro,0,0.365160
u64,sip,128,clear-empty,baseline,0,45.626748
u64,sip,128,clear-empty,quick_cache,0,1.794202
u64,sip,128,clear-empty,lru,0,0.590641
u64,sip,128,clear-empty,hashlink,0,0.591625
u64,sip,128,clear-empty,baseline,1,44.628535
u64,sip,128,clear-empty,quick_cache,1,1.793852
u64,sip,128,clear-empty,lru,1,0.589919
u64,sip,128,clear-empty,hashlink,1,0.600900
u64,sip,128,clear-empty,micro,1,0.367560
u64,sip,128,clear-empty,quick_cache,2,1.783701
u64,sip,128,clear-empty,lru,2,0.590433
u64,sip,128,clear-empty,hashlink,2,0.602104
u64,sip,128,clear-empty,micro,2,0.365811
u64,sip,128,clear-empty,baseline,2,47.099209
u64,sip,128,clear-empty,lru,3,0.584951
u64,sip,128,clear-empty,hashlink,3,0.601239
u64,sip,128,clear-empty,micro,3,0.367071
u64,sip,128,clear-empty,baseline,3,47.409873
u64,sip,128,clear-empty,quick_cache,3,1.837600
u64,sip,128,clear-empty,hashlink,4,0.614392
u64,sip,128,clear-empty,micro,4,0.375618
u64,sip,128,clear-empty,baseline,4,46.429826
u64,sip,128,clear-empty,quick_cache,4,1.792331
u64,sip,128,clear-empty,lru,4,0.594145
u64,sip,128,iter-dense,micro,0,38.971581
u64,sip,128,iter-dense,baseline,0,39.385697
u64,sip,128,iter-dense,quick_cache,0,28.949348
u64,sip,128,iter-dense,lru,0,139.338364
u64,sip,128,iter-dense,hashlink,0,136.519742
u64,sip,128,iter-dense,baseline,1,38.920338
u64,sip,128,iter-dense,quick_cache,1,28.881701
u64,sip,128,iter-dense,lru,1,137.940441
u64,sip,128,iter-dense,hashlink,1,135.593524
u64,sip,128,iter-dense,micro,1,39.041359
u64,sip,128,iter-dense,quick_cache,2,28.832411
u64,sip,128,iter-dense,lru,2,137.514892
u64,sip,128,iter-dense,hashlink,2,133.757935
u64,sip,128,iter-dense,micro,2,39.105948
u64,sip,128,iter-dense,baseline,2,39.100500
u64,sip,128,iter-dense,lru,3,135.197136
u64,sip,128,iter-dense,hashlink,3,132.285437
u64,sip,128,iter-dense,micro,3,39.212267
u64,sip,128,iter-dense,baseline,3,39.045158
u64,sip,128,iter-dense,quick_cache,3,28.835217
u64,sip,128,iter-dense,hashlink,4,137.732104
u64,sip,128,iter-dense,micro,4,39.732296
u64,sip,128,iter-dense,baseline,4,40.169318
u64,sip,128,iter-dense,quick_cache,4,29.568088
u64,sip,128,iter-dense,lru,4,137.923162
u64,sip,128,iter-dense-for,micro,0,38.882191
u64,sip,128,iter-dense-for,baseline,0,39.372993
u64,sip,128,iter-dense-for,quick_cache,0,69.984072
u64,sip,128,iter-dense-for,lru,0,84.135622
u64,sip,128,iter-dense-for,hashlink,0,73.217555
u64,sip,128,iter-dense-for,baseline,1,39.044611
u64,sip,128,iter-dense-for,quick_cache,1,69.070830
u64,sip,128,iter-dense-for,lru,1,83.163647
u64,sip,128,iter-dense-for,hashlink,1,72.300260
u64,sip,128,iter-dense-for,micro,1,39.353179
u64,sip,128,iter-dense-for,quick_cache,2,69.148691
u64,sip,128,iter-dense-for,lru,2,83.119792
u64,sip,128,iter-dense-for,hashlink,2,72.527939
u64,sip,128,iter-dense-for,micro,2,39.037026
u64,sip,128,iter-dense-for,baseline,2,38.050528
u64,sip,128,iter-dense-for,lru,3,76.977909
u64,sip,128,iter-dense-for,hashlink,3,68.480643
u64,sip,128,iter-dense-for,micro,3,37.331745
u64,sip,128,iter-dense-for,baseline,3,38.151355
u64,sip,128,iter-dense-for,quick_cache,3,66.502305
u64,sip,128,iter-dense-for,hashlink,4,70.124533
u64,sip,128,iter-dense-for,micro,4,38.077078
u64,sip,128,iter-dense-for,baseline,4,38.372034
u64,sip,128,iter-dense-for,quick_cache,4,69.113094
u64,sip,128,iter-dense-for,lru,4,87.353556
u64,sip,128,iter-density-1pct,micro,0,36.253903
u64,sip,128,iter-density-1pct,baseline,0,34.437064
u64,sip,128,iter-density-1pct,quick_cache,0,20.717680
u64,sip,128,iter-density-1pct,lru,0,1.290363
u64,sip,128,iter-density-1pct,hashlink,0,1.267303
u64,sip,128,iter-density-1pct,baseline,1,33.821756
u64,sip,128,iter-density-1pct,quick_cache,1,21.061749
u64,sip,128,iter-density-1pct,lru,1,1.306329
u64,sip,128,iter-density-1pct,hashlink,1,1.274938
u64,sip,128,iter-density-1pct,micro,1,33.866389
u64,sip,128,iter-density-1pct,quick_cache,2,21.010758
u64,sip,128,iter-density-1pct,lru,2,1.317843
u64,sip,128,iter-density-1pct,hashlink,2,1.267149
u64,sip,128,iter-density-1pct,micro,2,33.810967
u64,sip,128,iter-density-1pct,baseline,2,33.439484
u64,sip,128,iter-density-1pct,lru,3,1.305783
u64,sip,128,iter-density-1pct,hashlink,3,1.274141
u64,sip,128,iter-density-1pct,micro,3,33.873453
u64,sip,128,iter-density-1pct,baseline,3,33.632319
u64,sip,128,iter-density-1pct,quick_cache,3,20.914364
u64,sip,128,iter-density-1pct,hashlink,4,1.274938
u64,sip,128,iter-density-1pct,micro,4,33.719323
u64,sip,128,iter-density-1pct,baseline,4,33.434379
u64,sip,128,iter-density-1pct,quick_cache,4,20.958189
u64,sip,128,iter-density-1pct,lru,4,1.289865
u64,sip,128,iter-density-6pct,micro,0,37.339880
u64,sip,128,iter-density-6pct,baseline,0,38.870854
u64,sip,128,iter-density-6pct,quick_cache,0,21.503784
u64,sip,128,iter-density-6pct,lru,0,3.185894
u64,sip,128,iter-density-6pct,hashlink,0,3.047988
u64,sip,128,iter-density-6pct,baseline,1,36.506484
u64,sip,128,iter-density-6pct,quick_cache,1,21.090763
u64,sip,128,iter-density-6pct,lru,1,3.129738
u64,sip,128,iter-density-6pct,hashlink,1,3.105788
u64,sip,128,iter-density-6pct,micro,1,36.225391
u64,sip,128,iter-density-6pct,quick_cache,2,20.605824
u64,sip,128,iter-density-6pct,lru,2,3.075787
u64,sip,128,iter-density-6pct,hashlink,2,3.001249
u64,sip,128,iter-density-6pct,micro,2,37.826593
u64,sip,128,iter-density-6pct,baseline,2,37.237614
u64,sip,128,iter-density-6pct,lru,3,3.408595
u64,sip,128,iter-density-6pct,hashlink,3,3.305130
u64,sip,128,iter-density-6pct,micro,3,37.225933
u64,sip,128,iter-density-6pct,baseline,3,33.970697
u64,sip,128,iter-density-6pct,quick_cache,3,21.765465
u64,sip,128,iter-density-6pct,hashlink,4,3.158524
u64,sip,128,iter-density-6pct,micro,4,37.406724
u64,sip,128,iter-density-6pct,baseline,4,36.953599
u64,sip,128,iter-density-6pct,quick_cache,4,20.341763
u64,sip,128,iter-density-6pct,lru,4,3.096205
u64,sip,128,iter-density-quarter,micro,0,37.283077
u64,sip,128,iter-density-quarter,baseline,0,37.208073
u64,sip,128,iter-density-quarter,quick_cache,0,25.540835
u64,sip,128,iter-density-quarter,lru,0,19.551890
u64,sip,128,iter-density-quarter,hashlink,0,19.642828
u64,sip,128,iter-density-quarter,baseline,1,37.606862
u64,sip,128,iter-density-quarter,quick_cache,1,25.578867
u64,sip,128,iter-density-quarter,lru,1,18.862528
u64,sip,128,iter-density-quarter,hashlink,1,18.745627
u64,sip,128,iter-density-quarter,micro,1,36.530361
u64,sip,128,iter-density-quarter,quick_cache,2,25.460800
u64,sip,128,iter-density-quarter,lru,2,18.968851
u64,sip,128,iter-density-quarter,hashlink,2,18.676338
u64,sip,128,iter-density-quarter,micro,2,36.603691
u64,sip,128,iter-density-quarter,baseline,2,36.755390
u64,sip,128,iter-density-quarter,lru,3,18.838746
u64,sip,128,iter-density-quarter,hashlink,3,18.545676
u64,sip,128,iter-density-quarter,micro,3,36.799696
u64,sip,128,iter-density-quarter,baseline,3,36.544598
u64,sip,128,iter-density-quarter,quick_cache,3,28.123669
u64,sip,128,iter-density-quarter,hashlink,4,18.175649
u64,sip,128,iter-density-quarter,micro,4,35.172848
u64,sip,128,iter-density-quarter,baseline,4,36.687573
u64,sip,128,iter-density-quarter,quick_cache,4,26.180571
u64,sip,128,iter-density-quarter,lru,4,18.141738
u64,sip,128,iter-density-half,micro,0,37.463381
u64,sip,128,iter-density-half,baseline,0,37.970230
u64,sip,128,iter-density-half,quick_cache,0,29.173314
u64,sip,128,iter-density-half,lru,0,50.899311
u64,sip,128,iter-density-half,hashlink,0,50.331857
u64,sip,128,iter-density-half,baseline,1,38.509048
u64,sip,128,iter-density-half,quick_cache,1,30.394459
u64,sip,128,iter-density-half,lru,1,54.839035
u64,sip,128,iter-density-half,hashlink,1,50.513268
u64,sip,128,iter-density-half,micro,1,38.002685
u64,sip,128,iter-density-half,quick_cache,2,29.212091
u64,sip,128,iter-density-half,lru,2,50.830640
u64,sip,128,iter-density-half,hashlink,2,50.430339
u64,sip,128,iter-density-half,micro,2,37.644370
u64,sip,128,iter-density-half,baseline,2,36.511062
u64,sip,128,iter-density-half,lru,3,49.598295
u64,sip,128,iter-density-half,hashlink,3,49.836859
u64,sip,128,iter-density-half,micro,3,37.681383
u64,sip,128,iter-density-half,baseline,3,37.640707
u64,sip,128,iter-density-half,quick_cache,3,29.372337
u64,sip,128,iter-density-half,hashlink,4,51.895251
u64,sip,128,iter-density-half,micro,4,37.500000
u64,sip,128,iter-density-half,baseline,4,37.898835
u64,sip,128,iter-density-half,quick_cache,4,29.515532
u64,sip,128,iter-density-half,lru,4,51.048466
u64,sip,128,iter-front,micro,0,37.074103
u64,sip,128,iter-front,baseline,0,38.148711
u64,sip,128,iter-front,quick_cache,0,21.019264
u64,sip,128,iter-front,lru,0,1.183533
u64,sip,128,iter-front,hashlink,0,1.136088
u64,sip,128,iter-front,baseline,1,37.826064
u64,sip,128,iter-front,quick_cache,1,20.853606
u64,sip,128,iter-front,lru,1,1.212697
u64,sip,128,iter-front,hashlink,1,1.204920
u64,sip,128,iter-front,micro,1,38.902580
u64,sip,128,iter-front,quick_cache,2,21.084551
u64,sip,128,iter-front,lru,2,1.221610
u64,sip,128,iter-front,hashlink,2,1.148334
u64,sip,128,iter-front,micro,2,38.198511
u64,sip,128,iter-front,baseline,2,37.812399
u64,sip,128,iter-front,lru,3,1.194831
u64,sip,128,iter-front,hashlink,3,1.145276
u64,sip,128,iter-front,micro,3,37.757803
u64,sip,128,iter-front,baseline,3,37.313259
u64,sip,128,iter-front,quick_cache,3,20.826681
u64,sip,128,iter-front,hashlink,4,1.150010
u64,sip,128,iter-front,micro,4,37.498538
u64,sip,128,iter-front,baseline,4,37.200528
u64,sip,128,iter-front,quick_cache,4,20.932756
u64,sip,128,iter-front,lru,4,1.199601
u64,sip,128,iter-back,micro,0,38.733891
u64,sip,128,iter-back,baseline,0,38.070201
u64,sip,128,iter-back,quick_cache,0,20.979889
u64,sip,128,iter-back,lru,0,1.193781
u64,sip,128,iter-back,hashlink,0,1.144675
u64,sip,128,iter-back,baseline,1,39.047324
u64,sip,128,iter-back,quick_cache,1,21.027234
u64,sip,128,iter-back,lru,1,1.176596
u64,sip,128,iter-back,hashlink,1,1.143906
u64,sip,128,iter-back,micro,1,39.634298
u64,sip,128,iter-back,quick_cache,2,21.604378
u64,sip,128,iter-back,lru,2,1.218926
u64,sip,128,iter-back,hashlink,2,1.171319
u64,sip,128,iter-back,micro,2,39.031068
u64,sip,128,iter-back,baseline,2,39.127686
u64,sip,128,iter-back,lru,3,1.180924
u64,sip,128,iter-back,hashlink,3,1.172065
u64,sip,128,iter-back,micro,3,39.293889
u64,sip,128,iter-back,baseline,3,38.542309
u64,sip,128,iter-back,quick_cache,3,20.976356
u64,sip,128,iter-back,hashlink,4,1.158108
u64,sip,128,iter-back,micro,4,39.063581
u64,sip,128,iter-back,baseline,4,38.356339
u64,sip,128,iter-back,quick_cache,4,21.017513
u64,sip,128,iter-back,lru,4,1.178919
u64,sip,128,iter-empty,micro,0,37.688718
u64,sip,128,iter-empty,baseline,0,37.020702
u64,sip,128,iter-empty,quick_cache,0,20.768162
u64,sip,128,iter-empty,lru,0,0.988882
u64,sip,128,iter-empty,hashlink,0,0.995498
u64,sip,128,iter-empty,baseline,1,37.384532
u64,sip,128,iter-empty,quick_cache,1,20.909992
u64,sip,128,iter-empty,lru,1,0.989258
u64,sip,128,iter-empty,hashlink,1,0.992189
u64,sip,128,iter-empty,micro,1,37.519183
u64,sip,128,iter-empty,quick_cache,2,20.770160
u64,sip,128,iter-empty,lru,2,0.998679
u64,sip,128,iter-empty,hashlink,2,1.020242
u64,sip,128,iter-empty,micro,2,39.044065
u64,sip,128,iter-empty,baseline,2,38.976452
u64,sip,128,iter-empty,lru,3,0.987674
u64,sip,128,iter-empty,hashlink,3,0.992074
u64,sip,128,iter-empty,micro,3,38.187373
u64,sip,128,iter-empty,baseline,3,37.014015
u64,sip,128,iter-empty,quick_cache,3,20.807326
u64,sip,128,iter-empty,hashlink,4,0.998562
u64,sip,128,iter-empty,micro,4,37.428268
u64,sip,128,iter-empty,baseline,4,37.290321
u64,sip,128,iter-empty,quick_cache,4,20.805019
u64,sip,128,iter-empty,lru,4,0.996090
u64,sip,128,iter-count,micro,0,36.715698
u64,sip,128,iter-count,baseline,0,36.413347
u64,sip,128,iter-count,quick_cache,0,53.796051
u64,sip,128,iter-count,lru,0,0.396129
u64,sip,128,iter-count,hashlink,0,0.397286
u64,sip,128,iter-count,baseline,1,36.528816
u64,sip,128,iter-count,quick_cache,1,54.057460
u64,sip,128,iter-count,lru,1,0.395183
u64,sip,128,iter-count,hashlink,1,0.398015
u64,sip,128,iter-count,micro,1,36.552132
u64,sip,128,iter-count,quick_cache,2,53.654448
u64,sip,128,iter-count,lru,2,0.396445
u64,sip,128,iter-count,hashlink,2,0.401017
u64,sip,128,iter-count,micro,2,36.791512
u64,sip,128,iter-count,baseline,2,38.274684
u64,sip,128,iter-count,lru,3,0.411204
u64,sip,128,iter-count,hashlink,3,0.405395
u64,sip,128,iter-count,micro,3,36.542494
u64,sip,128,iter-count,baseline,3,34.538718
u64,sip,128,iter-count,quick_cache,3,53.118071
u64,sip,128,iter-count,hashlink,4,0.394770
u64,sip,128,iter-count,micro,4,36.182545
u64,sip,128,iter-count,baseline,4,36.027476
u64,sip,128,iter-count,quick_cache,4,53.318839
u64,sip,128,iter-count,lru,4,0.395883
u64,sip,1024,get-hit,micro,0,5.147157
u64,sip,1024,get-hit,baseline,0,5.153161
u64,sip,1024,get-hit,quick_cache,0,5.160622
u64,sip,1024,get-hit,lru,0,5.765596
u64,sip,1024,get-hit,hashlink,0,5.453822
u64,sip,1024,get-hit,baseline,1,5.196370
u64,sip,1024,get-hit,quick_cache,1,5.133735
u64,sip,1024,get-hit,lru,1,5.753517
u64,sip,1024,get-hit,hashlink,1,5.408045
u64,sip,1024,get-hit,micro,1,5.173732
u64,sip,1024,get-hit,quick_cache,2,5.148146
u64,sip,1024,get-hit,lru,2,5.789042
u64,sip,1024,get-hit,hashlink,2,5.402884
u64,sip,1024,get-hit,micro,2,5.155563
u64,sip,1024,get-hit,baseline,2,5.156694
u64,sip,1024,get-hit,lru,3,5.842582
u64,sip,1024,get-hit,hashlink,3,5.560595
u64,sip,1024,get-hit,micro,3,5.296544
u64,sip,1024,get-hit,baseline,3,5.251203
u64,sip,1024,get-hit,quick_cache,3,5.159190
u64,sip,1024,get-hit,hashlink,4,5.446639
u64,sip,1024,get-hit,micro,4,5.208262
u64,sip,1024,get-hit,baseline,4,5.140093
u64,sip,1024,get-hit,quick_cache,4,5.181756
u64,sip,1024,get-hit,lru,4,5.742311
u64,sip,1024,get-miss,micro,0,4.416408
u64,sip,1024,get-miss,baseline,0,4.446191
u64,sip,1024,get-miss,quick_cache,0,4.577956
u64,sip,1024,get-miss,lru,0,5.038815
u64,sip,1024,get-miss,hashlink,0,4.695142
u64,sip,1024,get-miss,baseline,1,4.421188
u64,sip,1024,get-miss,quick_cache,1,4.484595
u64,sip,1024,get-miss,lru,1,4.992993
u64,sip,1024,get-miss,hashlink,1,4.595375
u64,sip,1024,get-miss,micro,1,4.420575
u64,sip,1024,get-miss,quick_cache,2,4.490736
u64,sip,1024,get-miss,lru,2,4.948324
u64,sip,1024,get-miss,hashlink,2,4.617247
u64,sip,1024,get-miss,micro,2,4.414080
u64,sip,1024,get-miss,baseline,2,4.414938
u64,sip,1024,get-miss,lru,3,4.930285
u64,sip,1024,get-miss,hashlink,3,4.641955
u64,sip,1024,get-miss,micro,3,4.526084
u64,sip,1024,get-miss,baseline,3,4.523698
u64,sip,1024,get-miss,quick_cache,3,4.608536
u64,sip,1024,get-miss,hashlink,4,4.580562
u64,sip,1024,get-miss,micro,4,4.396711
u64,sip,1024,get-miss,baseline,4,4.402402
u64,sip,1024,get-miss,quick_cache,4,4.513935
u64,sip,1024,get-miss,lru,4,4.974778
u64,sip,1024,update,micro,0,5.068356
u64,sip,1024,update,baseline,0,5.067590
u64,sip,1024,update,quick_cache,0,8.846828
u64,sip,1024,update,lru,0,5.390467
u64,sip,1024,update,hashlink,0,15.329783
u64,sip,1024,update,baseline,1,5.109716
u64,sip,1024,update,quick_cache,1,8.968693
u64,sip,1024,update,lru,1,5.371389
u64,sip,1024,update,hashlink,1,15.510351
u64,sip,1024,update,micro,1,5.109716
u64,sip,1024,update,quick_cache,2,8.828299
u64,sip,1024,update,lru,2,5.355688
u64,sip,1024,update,hashlink,2,13.281320
u64,sip,1024,update,micro,2,5.102934
u64,sip,1024,update,baseline,2,5.098131
u64,sip,1024,update,lru,3,5.366966
u64,sip,1024,update,hashlink,3,15.070801
u64,sip,1024,update,micro,3,5.106820
u64,sip,1024,update,baseline,3,5.215282
u64,sip,1024,update,quick_cache,3,9.155273
u64,sip,1024,update,hashlink,4,15.795598
u64,sip,1024,update,micro,4,4.994160
u64,sip,1024,update,baseline,4,5.063687
u64,sip,1024,update,quick_cache,4,8.981347
u64,sip,1024,update,lru,4,5.254473
u64,sip,1024,insert-cycle,micro,0,12.547856
u64,sip,1024,insert-cycle,baseline,0,13.023714
u64,sip,1024,insert-cycle,quick_cache,0,18.165618
u64,sip,1024,insert-cycle,lru,0,24.299997
u64,sip,1024,insert-cycle,hashlink,0,33.761685
u64,sip,1024,insert-cycle,baseline,1,13.092407
u64,sip,1024,insert-cycle,quick_cache,1,19.382138
u64,sip,1024,insert-cycle,lru,1,23.818808
u64,sip,1024,insert-cycle,hashlink,1,33.038097
u64,sip,1024,insert-cycle,micro,1,12.801282
u64,sip,1024,insert-cycle,quick_cache,2,19.474230
u64,sip,1024,insert-cycle,lru,2,23.697061
u64,sip,1024,insert-cycle,hashlink,2,32.676421
u64,sip,1024,insert-cycle,micro,2,12.765196
u64,sip,1024,insert-cycle,baseline,2,12.554984
u64,sip,1024,insert-cycle,lru,3,23.887057
u64,sip,1024,insert-cycle,hashlink,3,33.216688
u64,sip,1024,insert-cycle,micro,3,11.863462
u64,sip,1024,insert-cycle,baseline,3,12.115900
u64,sip,1024,insert-cycle,quick_cache,3,19.888118
u64,sip,1024,insert-cycle,hashlink,4,32.620345
u64,sip,1024,insert-cycle,micro,4,12.147509
u64,sip,1024,insert-cycle,baseline,4,12.153393
u64,sip,1024,insert-cycle,quick_cache,4,19.371434
u64,sip,1024,insert-cycle,lru,4,23.926766
u64,sip,1024,mixed-95,micro,0,13.185501
u64,sip,1024,mixed-95,baseline,0,14.810006
u64,sip,1024,mixed-95,quick_cache,0,12.916068
u64,sip,1024,mixed-95,lru,0,13.824563
u64,sip,1024,mixed-95,hashlink,0,10.453542
u64,sip,1024,mixed-95,baseline,1,15.846809
u64,sip,1024,mixed-95,quick_cache,1,12.993415
u64,sip,1024,mixed-95,lru,1,14.052212
u64,sip,1024,mixed-95,hashlink,1,10.214150
u64,sip,1024,mixed-95,micro,1,15.266140
u64,sip,1024,mixed-95,quick_cache,2,12.828052
u64,sip,1024,mixed-95,lru,2,19.299507
u64,sip,1024,mixed-95,hashlink,2,10.774056
u64,sip,1024,mixed-95,micro,2,15.303870
u64,sip,1024,mixed-95,baseline,2,16.288737
u64,sip,1024,mixed-95,lru,3,13.498207
u64,sip,1024,mixed-95,hashlink,3,10.293504
u64,sip,1024,mixed-95,micro,3,15.695254
u64,sip,1024,mixed-95,baseline,3,15.528759
u64,sip,1024,mixed-95,quick_cache,3,13.066590
u64,sip,1024,mixed-95,hashlink,4,10.461152
u64,sip,1024,mixed-95,micro,4,16.178469
u64,sip,1024,mixed-95,baseline,4,12.879968
u64,sip,1024,mixed-95,quick_cache,4,12.929340
u64,sip,1024,mixed-95,lru,4,13.886432
u64,sip,1024,load-hit,micro,0,14.132279
u64,sip,1024,load-hit,baseline,0,16.149987
u64,sip,1024,load-hit,quick_cache,0,8.795602
u64,sip,1024,load-hit,lru,0,5.343377
u64,sip,1024,load-hit,hashlink,0,5.212203
u64,sip,1024,load-hit,baseline,1,15.986567
u64,sip,1024,load-hit,quick_cache,1,8.728149
u64,sip,1024,load-hit,lru,1,5.358857
u64,sip,1024,load-hit,hashlink,1,5.217933
u64,sip,1024,load-hit,micro,1,16.323810
u64,sip,1024,load-hit,quick_cache,2,8.744859
u64,sip,1024,load-hit,lru,2,5.349348
u64,sip,1024,load-hit,hashlink,2,5.210912
u64,sip,1024,load-hit,micro,2,14.069544
u64,sip,1024,load-hit,baseline,2,16.215008
u64,sip,1024,load-hit,lru,3,5.346473
u64,sip,1024,load-hit,hashlink,3,5.196800
u64,sip,1024,load-hit,micro,3,15.887578
u64,sip,1024,load-hit,baseline,3,16.121683
u64,sip,1024,load-hit,quick_cache,3,8.780343
u64,sip,1024,load-hit,hashlink,4,5.341018
u64,sip,1024,load-hit,micro,4,16.026813
u64,sip,1024,load-hit,baseline,4,16.723172
u64,sip,1024,load-hit,quick_cache,4,8.906047
u64,sip,1024,load-hit,lru,4,5.340797
u64,sip,1024,load-cycle,micro,0,18.208321
u64,sip,1024,load-cycle,baseline,0,20.217406
u64,sip,1024,load-cycle,quick_cache,0,16.648260
u64,sip,1024,load-cycle,lru,0,24.759253
u64,sip,1024,load-cycle,hashlink,0,33.539739
u64,sip,1024,load-cycle,baseline,1,20.845655
u64,sip,1024,load-cycle,quick_cache,1,16.849447
u64,sip,1024,load-cycle,lru,1,24.060187
u64,sip,1024,load-cycle,hashlink,1,31.367312
u64,sip,1024,load-cycle,micro,1,18.142005
u64,sip,1024,load-cycle,quick_cache,2,16.580073
u64,sip,1024,load-cycle,lru,2,23.839804
u64,sip,1024,load-cycle,hashlink,2,31.428784
u64,sip,1024,load-cycle,micro,2,16.777965
u64,sip,1024,load-cycle,baseline,2,18.853340
u64,sip,1024,load-cycle,lru,3,23.795505
u64,sip,1024,load-cycle,hashlink,3,32.842339
u64,sip,1024,load-cycle,micro,3,17.790645
u64,sip,1024,load-cycle,baseline,3,18.138244
u64,sip,1024,load-cycle,quick_cache,3,16.636763
u64,sip,1024,load-cycle,hashlink,4,32.348633
u64,sip,1024,load-cycle,micro,4,18.156576
u64,sip,1024,load-cycle,baseline,4,18.026707
u64,sip,1024,load-cycle,quick_cache,4,16.984611
u64,sip,1024,load-cycle,lru,4,24.002237
u64,sip,1024,clear-refill,micro,0,6921.755760
u64,sip,1024,clear-refill,baseline,0,9831.428105
u64,sip,1024,clear-refill,quick_cache,0,9871.161184
u64,sip,1024,clear-refill,lru,0,36762.707317
u64,sip,1024,clear-refill,hashlink,0,24163.664000
u64,sip,1024,clear-refill,baseline,1,13245.044053
u64,sip,1024,clear-refill,quick_cache,1,9864.206557
u64,sip,1024,clear-refill,lru,1,37259.765432
u64,sip,1024,clear-refill,hashlink,1,24113.328000
u64,sip,1024,clear-refill,micro,1,6851.406393
u64,sip,1024,clear-refill,quick_cache,2,9970.099668
u64,sip,1024,clear-refill,lru,2,37350.827160
u64,sip,1024,clear-refill,hashlink,2,24229.838710
u64,sip,1024,clear-refill,micro,2,6872.997712
u64,sip,1024,clear-refill,baseline,2,9860.931148
u64,sip,1024,clear-refill,lru,3,36571.289157
u64,sip,1024,clear-refill,hashlink,3,24211.024194
u64,sip,1024,clear-refill,micro,3,6934.565820
u64,sip,1024,clear-refill,baseline,3,9817.539216
u64,sip,1024,clear-refill,quick_cache,3,9821.624183
u64,sip,1024,clear-refill,hashlink,4,24166.000000
u64,sip,1024,clear-refill,micro,4,6848.045558
u64,sip,1024,clear-refill,baseline,4,9872.121711
u64,sip,1024,clear-refill,quick_cache,4,10067.392617
u64,sip,1024,clear-refill,lru,4,37778.125000
u64,sip,1024,clear-empty,micro,0,0.376337
u64,sip,1024,clear-empty,baseline,0,60.243049
u64,sip,1024,clear-empty,quick_cache,0,1.819394
u64,sip,1024,clear-empty,lru,0,0.596937
u64,sip,1024,clear-empty,hashlink,0,0.604076
u64,sip,1024,clear-empty,baseline,1,60.491503
u64,sip,1024,clear-empty,quick_cache,1,1.807891
u64,sip,1024,clear-empty,lru,1,0.600385
u64,sip,1024,clear-empty,hashlink,1,0.602546
u64,sip,1024,clear-empty,micro,1,0.365308
u64,sip,1024,clear-empty,quick_cache,2,1.784664
u64,sip,1024,clear-empty,lru,2,0.591438
u64,sip,1024,clear-empty,hashlink,2,0.605176
u64,sip,1024,clear-empty,micro,2,0.368943
u64,sip,1024,clear-empty,baseline,2,62.236483
u64,sip,1024,clear-empty,lru,3,0.593896
u64,sip,1024,clear-empty,hashlink,3,0.602647
u64,sip,1024,clear-empty,micro,3,0.366864
u64,sip,1024,clear-empty,baseline,3,62.570998
u64,sip,1024,clear-empty,quick_cache,3,1.792505
u64,sip,1024,clear-empty,hashlink,4,0.602067
u64,sip,1024,clear-empty,micro,4,0.367318
u64,sip,1024,clear-empty,baseline,4,62.316572
u64,sip,1024,clear-empty,quick_cache,4,1.786123
u64,sip,1024,clear-empty,lru,4,0.595762
u64,sip,1024,iter-dense,micro,0,283.081514
u64,sip,1024,iter-dense,baseline,0,284.876136
u64,sip,1024,iter-dense,quick_cache,0,252.649698
u64,sip,1024,iter-dense,lru,0,1302.680122
u64,sip,1024,iter-dense,hashlink,0,1281.021115
u64,sip,1024,iter-dense,baseline,1,279.090226
u64,sip,1024,iter-dense,quick_cache,1,248.363757
u64,sip,1024,iter-dense,lru,1,1296.732449
u64,sip,1024,iter-dense,hashlink,1,1259.635417
u64,sip,1024,iter-dense,micro,1,274.636787
u64,sip,1024,iter-dense,quick_cache,2,248.884367
u64,sip,1024,iter-dense,lru,2,1295.572774
u64,sip,1024,iter-dense,hashlink,2,1277.185389
u64,sip,1024,iter-dense,micro,2,273.855047
u64,sip,1024,iter-dense,baseline,2,265.312323
u64,sip,1024,iter-dense,lru,3,1229.014205
u64,sip,1024,iter-dense,hashlink,3,1219.832386
u64,sip,1024,iter-dense,micro,3,268.852256
u64,sip,1024,iter-dense,baseline,3,271.657514
u64,sip,1024,iter-dense,quick_cache,3,247.293010
u64,sip,1024,iter-dense,hashlink,4,1262.447917
u64,sip,1024,iter-dense,micro,4,275.033633
u64,sip,1024,iter-dense,baseline,4,272.786428
u64,sip,1024,iter-dense,quick_cache,4,247.588226
u64,sip,1024,iter-dense,lru,4,1273.472551
u64,sip,1024,iter-dense-for,micro,0,273.353954
u64,sip,1024,iter-dense-for,baseline,0,279.335658
u64,sip,1024,iter-dense-for,quick_cache,0,527.490169
u64,sip,1024,iter-dense-for,lru,0,819.395380
u64,sip,1024,iter-dense-for,hashlink,0,937.812500
u64,sip,1024,iter-dense-for,baseline,1,270.307997
u64,sip,1024,iter-dense-for,quick_cache,1,503.739138
u64,sip,1024,iter-dense-for,lru,1,765.900407
u64,sip,1024,iter-dense-for,hashlink,1,893.191964
u64,sip,1024,iter-dense-for,micro,1,272.282609
u64,sip,1024,iter-dense-for,quick_cache,2,507.742061
u64,sip,1024,iter-dense-for,lru,2,747.013641
u64,sip,1024,iter-dense-for,hashlink,2,899.491667
u64,sip,1024,iter-dense-for,micro,2,273.361607
u64,sip,1024,iter-dense-for,baseline,2,274.796692
u64,sip,1024,iter-dense-for,lru,3,754.708500
u64,sip,1024,iter-dense-for,hashlink,3,893.291071
u64,sip,1024,iter-dense-for,micro,3,273.820882
u64,sip,1024,iter-dense-for,baseline,3,274.849963
u64,sip,1024,iter-dense-for,quick_cache,3,506.034442
u64,sip,1024,iter-dense-for,hashlink,4,897.395833
u64,sip,1024,iter-dense-for,micro,4,275.228372
u64,sip,1024,iter-dense-for,baseline,4,275.224523
u64,sip,1024,iter-dense-for,quick_cache,4,505.600302
u64,sip,1024,iter-dense-for,lru,4,749.193948
u64,sip,1024,iter-density-1pct,micro,0,302.524395
u64,sip,1024,iter-density-1pct,baseline,0,300.885617
u64,sip,1024,iter-density-1pct,quick_cache,0,167.230671
u64,sip,1024,iter-density-1pct,lru,0,4.451207
u64,sip,1024,iter-density-1pct,hashlink,0,4.353640
u64,sip,1024,iter-density-1pct,baseline,1,315.774937
u64,sip,1024,iter-density-1pct,quick_cache,1,164.842816
u64,sip,1024,iter-density-1pct,lru,1,4.314630
u64,sip,1024,iter-density-1pct,hashlink,1,4.270351
u64,sip,1024,iter-density-1pct,micro,1,310.602959
u64,sip,1024,iter-density-1pct,quick_cache,2,166.865936
u64,sip,1024,iter-density-1pct,lru,2,4.325320
u64,sip,1024,iter-density-1pct,hashlink,2,4.245982
u64,sip,1024,iter-density-1pct,micro,2,306.653391
u64,sip,1024,iter-density-1pct,baseline,2,302.288485
u64,sip,1024,iter-density-1pct,lru,3,4.345368
u64,sip,1024,iter-density-1pct,hashlink,3,4.261035
u64,sip,1024,iter-density-1pct,micro,3,305.955619
u64,sip,1024,iter-density-1pct,baseline,3,302.767944
u64,sip,1024,iter-density-1pct,quick_cache,3,165.605710
u64,sip,1024,iter-density-1pct,hashlink,4,4.294214
u64,sip,1024,iter-density-1pct,micro,4,305.688416
u64,sip,1024,iter-density-1pct,baseline,4,302.516028
u64,sip,1024,iter-density-1pct,quick_cache,4,166.546403
u64,sip,1024,iter-density-1pct,lru,4,4.310466
u64,sip,1024,iter-density-6pct,micro,0,299.936801
u64,sip,1024,iter-density-6pct,baseline,0,299.429439
u64,sip,1024,iter-density-6pct,quick_cache,0,164.542215
u64,sip,1024,iter-density-6pct,lru,0,51.285282
u64,sip,1024,iter-density-6pct,hashlink,0,51.446225
u64,sip,1024,iter-density-6pct,baseline,1,315.160969
u64,sip,1024,iter-density-6pct,quick_cache,1,169.961957
u64,sip,1024,iter-density-6pct,lru,1,53.641662
u64,sip,1024,iter-density-6pct,hashlink,1,50.435231
u64,sip,1024,iter-density-6pct,micro,1,299.101811
u64,sip,1024,iter-density-6pct,quick_cache,2,166.597302
u64,sip,1024,iter-density-6pct,lru,2,52.555563
u64,sip,1024,iter-density-6pct,hashlink,2,52.011838
u64,sip,1024,iter-density-6pct,micro,2,307.049122
u64,sip,1024,iter-density-6pct,baseline,2,305.730863
u64,sip,1024,iter-density-6pct,lru,3,50.240744
u64,sip,1024,iter-density-6pct,hashlink,3,50.562247
u64,sip,1024,iter-density-6pct,micro,3,298.371329
u64,sip,1024,iter-density-6pct,baseline,3,298.185317
u64,sip,1024,iter-density-6pct,quick_cache,3,165.100957
u64,sip,1024,iter-density-6pct,hashlink,4,50.948177
u64,sip,1024,iter-density-6pct,micro,4,276.083824
u64,sip,1024,iter-density-6pct,baseline,4,292.058909
u64,sip,1024,iter-density-6pct,quick_cache,4,164.578783
u64,sip,1024,iter-density-6pct,lru,4,51.822911
u64,sip,1024,iter-density-quarter,micro,0,258.220295
u64,sip,1024,iter-density-quarter,baseline,0,259.402365
u64,sip,1024,iter-density-quarter,quick_cache,0,196.942151
u64,sip,1024,iter-density-quarter,lru,0,297.212816
u64,sip,1024,iter-density-quarter,hashlink,0,305.101867
u64,sip,1024,iter-density-quarter,baseline,1,260.142573
u64,sip,1024,iter-density-quarter,quick_cache,1,197.757697
u64,sip,1024,iter-density-quarter,lru,1,320.121374
u64,sip,1024,iter-density-quarter,hashlink,1,322.607925
u64,sip,1024,iter-density-quarter,micro,1,265.419050
u64,sip,1024,iter-density-quarter,quick_cache,2,197.117910
u64,sip,1024,iter-density-quarter,lru,2,296.324527
u64,sip,1024,iter-density-quarter,hashlink,2,306.925756
u64,sip,1024,iter-density-quarter,micro,2,260.366170
u64,sip,1024,iter-density-quarter,baseline,2,262.297050
u64,sip,1024,iter-density-quarter,lru,3,295.359965
u64,sip,1024,iter-density-quarter,hashlink,3,304.526887
u64,sip,1024,iter-density-quarter,micro,3,261.060417
u64,sip,1024,iter-density-quarter,baseline,3,261.776811
u64,sip,1024,iter-density-quarter,quick_cache,3,197.678158
u64,sip,1024,iter-density-quarter,hashlink,4,300.935697
u64,sip,1024,iter-density-quarter,micro,4,263.895014
u64,sip,1024,iter-density-quarter,baseline,4,259.781856
u64,sip,1024,iter-density-quarter,quick_cache,4,194.901906
u64,sip,1024,iter-density-quarter,lru,4,285.207732
u64,sip,1024,iter-density-half,micro,0,260.340893
u64,sip,1024,iter-density-half,baseline,0,254.559028
u64,sip,1024,iter-density-half,quick_cache,0,226.179744
u64,sip,1024,iter-density-half,lru,0,603.949720
u64,sip,1024,iter-density-half,hashlink,0,600.409634
u64,sip,1024,iter-density-half,baseline,1,254.608486
u64,sip,1024,iter-density-half,quick_cache,1,223.067622
u64,sip,1024,iter-density-half,lru,1,600.799562
u64,sip,1024,iter-density-half,hashlink,1,618.198396
u64,sip,1024,iter-density-half,micro,1,269.744522
u64,sip,1024,iter-density-half,quick_cache,2,233.396766
u64,sip,1024,iter-density-half,lru,2,657.115166
u64,sip,1024,iter-density-half,hashlink,2,601.896434
u64,sip,1024,iter-density-half,micro,2,261.125521
u64,sip,1024,iter-density-half,baseline,2,262.915091
u64,sip,1024,iter-density-half,lru,3,625.338542
u64,sip,1024,iter-density-half,hashlink,3,627.170208
u64,sip,1024,iter-density-half,micro,3,261.305275
u64,sip,1024,iter-density-half,baseline,3,262.504365
u64,sip,1024,iter-density-half,quick_cache,3,227.451574
u64,sip,1024,iter-density-half,hashlink,4,632.008389
u64,sip,1024,iter-density-half,micro,4,261.816678
u64,sip,1024,iter-density-half,baseline,4,262.977066
u64,sip,1024,iter-density-half,quick_cache,4,227.256053
u64,sip,1024,iter-density-half,lru,4,631.894924
u64,sip,1024,iter-front,micro,0,257.941277
u64,sip,1024,iter-front,baseline,0,257.509332
u64,sip,1024,iter-front,quick_cache,0,164.356666
u64,sip,1024,iter-front,lru,0,1.187837
u64,sip,1024,iter-front,hashlink,0,1.182876
u64,sip,1024,iter-front,baseline,1,263.308999
u64,sip,1024,iter-front,quick_cache,1,165.479387
u64,sip,1024,iter-front,lru,1,1.182130
u64,sip,1024,iter-front,hashlink,1,1.162084
u64,sip,1024,iter-front,micro,1,263.927932
u64,sip,1024,iter-front,quick_cache,2,168.108759
u64,sip,1024,iter-front,lru,2,1.221276
u64,sip,1024,iter-front,hashlink,2,1.180359
u64,sip,1024,iter-front,micro,2,267.023260
u64,sip,1024,iter-front,baseline,2,263.466994
u64,sip,1024,iter-front,lru,3,1.179527
u64,sip,1024,iter-front,hashlink,3,1.145486
u64,sip,1024,iter-front,micro,3,262.743610
u64,sip,1024,iter-front,baseline,3,261.820334
u64,sip,1024,iter-front,quick_cache,3,165.000769
u64,sip,1024,iter-front,hashlink,4,1.149263
u64,sip,1024,iter-front,micro,4,262.776436
u64,sip,1024,iter-front,baseline,4,259.994720
u64,sip,1024,iter-front,quick_cache,4,164.042013
u64,sip,1024,iter-front,lru,4,1.183174
u64,sip,1024,iter-back,micro,0,265.179908
u64,sip,1024,iter-back,baseline,0,261.591748
u64,sip,1024,iter-back,quick_cache,0,169.421255
u64,sip,1024,iter-back,lru,0,1.182070
u64,sip,1024,iter-back,hashlink,0,1.147926
u64,sip,1024,iter-back,baseline,1,265.444739
u64,sip,1024,iter-back,quick_cache,1,164.982425
u64,sip,1024,iter-back,lru,1,1.183608
u64,sip,1024,iter-back,hashlink,1,1.166117
u64,sip,1024,iter-back,micro,1,263.788975
u64,sip,1024,iter-back,quick_cache,2,165.337093
u64,sip,1024,iter-back,lru,2,1.199325
u64,sip,1024,iter-back,hashlink,2,1.183339
u64,sip,1024,iter-back,micro,2,271.412843
u64,sip,1024,iter-back,baseline,2,271.375271
u64,sip,1024,iter-back,lru,3,1.185808
u64,sip,1024,iter-back,hashlink,3,1.158036
u64,sip,1024,iter-back,micro,3,265.168962
u64,sip,1024,iter-back,baseline,3,263.243260
u64,sip,1024,iter-back,quick_cache,3,165.663648
u64,sip,1024,iter-back,hashlink,4,1.186469
u64,sip,1024,iter-back,micro,4,265.349135
u64,sip,1024,iter-back,baseline,4,262.831232
u64,sip,1024,iter-back,quick_cache,4,164.787950
u64,sip,1024,iter-back,lru,4,1.180656
u64,sip,1024,iter-empty,micro,0,262.995273
u64,sip,1024,iter-empty,baseline,0,262.155203
u64,sip,1024,iter-empty,quick_cache,0,164.258592
u64,sip,1024,iter-empty,lru,0,0.979880
u64,sip,1024,iter-empty,hashlink,0,0.990858
u64,sip,1024,iter-empty,baseline,1,262.031599
u64,sip,1024,iter-empty,quick_cache,1,164.308778
u64,sip,1024,iter-empty,lru,1,0.984273
u64,sip,1024,iter-empty,hashlink,1,0.989874
u64,sip,1024,iter-empty,micro,1,264.531954
u64,sip,1024,iter-empty,quick_cache,2,164.601590
u64,sip,1024,iter-empty,lru,2,0.981768
u64,sip,1024,iter-empty,hashlink,2,0.990596
u64,sip,1024,iter-empty,micro,2,266.634854
u64,sip,1024,iter-empty,baseline,2,270.469380
u64,sip,1024,iter-empty,lru,3,1.036438
u64,sip,1024,iter-empty,hashlink,3,1.005394
u64,sip,1024,iter-empty,micro,3,260.662674
u64,sip,1024,iter-empty,baseline,3,262.995361
u64,sip,1024,iter-empty,quick_cache,3,164.254050
u64,sip,1024,iter-empty,hashlink,4,0.987445
u64,sip,1024,iter-empty,micro,4,262.544431
u64,sip,1024,iter-empty,baseline,4,261.700644
u64,sip,1024,iter-empty,quick_cache,4,165.633267
u64,sip,1024,iter-empty,lru,4,0.984655
u64,sip,1024,iter-count,micro,0,262.047917
u64,sip,1024,iter-count,baseline,0,259.355129
u64,sip,1024,iter-count,quick_cache,0,492.065430
u64,sip,1024,iter-count,lru,0,0.399717
u64,sip,1024,iter-count,hashlink,0,0.401630
u64,sip,1024,iter-count,baseline,1,260.084069
u64,sip,1024,iter-count,quick_cache,1,493.482910
u64,sip,1024,iter-count,lru,1,0.401011
u64,sip,1024,iter-count,hashlink,1,0.399676
u64,sip,1024,iter-count,micro,1,259.995584
u64,sip,1024,iter-count,quick_cache,2,488.014375
u64,sip,1024,iter-count,lru,2,0.399573
u64,sip,1024,iter-count,hashlink,2,0.399696
u64,sip,1024,iter-count,micro,2,259.238451
u64,sip,1024,iter-count,baseline,2,259.341033
u64,sip,1024,iter-count,lru,3,0.404846
u64,sip,1024,iter-count,hashlink,3,0.409386
u64,sip,1024,iter-count,micro,3,268.188477
u64,sip,1024,iter-count,baseline,3,259.659477
u64,sip,1024,iter-count,quick_cache,3,487.565000
u64,sip,1024,iter-count,hashlink,4,0.404938
u64,sip,1024,iter-count,micro,4,258.732422
u64,sip,1024,iter-count,baseline,4,258.587381
u64,sip,1024,iter-count,quick_cache,4,487.649688
u64,sip,1024,iter-count,lru,4,0.399336
u64,sip,16384,get-hit,micro,0,7.886088
u64,sip,16384,get-hit,baseline,0,7.932731
u64,sip,16384,get-hit,quick_cache,0,8.487355
u64,sip,16384,get-hit,lru,0,8.870928
u64,sip,16384,get-hit,hashlink,0,8.773804
u64,sip,16384,get-hit,baseline,1,8.002683
u64,sip,16384,get-hit,quick_cache,1,8.446433
u64,sip,16384,get-hit,lru,1,8.951824
u64,sip,16384,get-hit,hashlink,1,8.857971
u64,sip,16384,get-hit,micro,1,7.975591
u64,sip,16384,get-hit,quick_cache,2,8.236355
u64,sip,16384,get-hit,lru,2,8.881827
u64,sip,16384,get-hit,hashlink,2,8.842590
u64,sip,16384,get-hit,micro,2,8.035300
u64,sip,16384,get-hit,baseline,2,8.201544
u64,sip,16384,get-hit,lru,3,9.245810
u64,sip,16384,get-hit,hashlink,3,8.999458
u64,sip,16384,get-hit,micro,3,7.955782
u64,sip,16384,get-hit,baseline,3,8.022917
u64,sip,16384,get-hit,quick_cache,3,8.395455
u64,sip,16384,get-hit,hashlink,4,7.736842
u64,sip,16384,get-hit,micro,4,6.880113
u64,sip,16384,get-hit,baseline,4,7.052396
u64,sip,16384,get-hit,quick_cache,4,7.510438
u64,sip,16384,get-hit,lru,4,8.140167
u64,sip,16384,get-miss,micro,0,5.084730
u64,sip,16384,get-miss,baseline,0,5.084381
u64,sip,16384,get-miss,quick_cache,0,5.107173
u64,sip,16384,get-miss,lru,0,5.353992
u64,sip,16384,get-miss,hashlink,0,5.159118
u64,sip,16384,get-miss,baseline,1,5.072956
u64,sip,16384,get-miss,quick_cache,1,5.097424
u64,sip,16384,get-miss,lru,1,5.337110
u64,sip,16384,get-miss,hashlink,1,5.155987
u64,sip,16384,get-miss,micro,1,5.071562
u64,sip,16384,get-miss,quick_cache,2,5.117133
u64,sip,16384,get-miss,lru,2,5.348463
u64,sip,16384,get-miss,hashlink,2,5.226028
u64,sip,16384,get-miss,micro,2,5.200023
u64,sip,16384,get-miss,baseline,2,5.214495
u64,sip,16384,get-miss,lru,3,5.404904
u64,sip,16384,get-miss,hashlink,3,5.122291
u64,sip,16384,get-miss,micro,3,5.122503
u64,sip,16384,get-miss,baseline,3,5.099403
u64,sip,16384,get-miss,quick_cache,3,5.088949
u64,sip,16384,get-miss,hashlink,4,5.130909
u64,sip,16384,get-miss,micro,4,5.070448
u64,sip,16384,get-miss,baseline,4,5.078319
u64,sip,16384,get-miss,quick_cache,4,5.083545
u64,sip,16384,get-miss,lru,4,5.307443
u64,sip,16384,update,micro,0,7.088198
u64,sip,16384,update,baseline,0,7.087121
u64,sip,16384,update,quick_cache,0,12.314860
u64,sip,16384,update,lru,0,7.663091
u64,sip,16384,update,hashlink,0,20.907084
u64,sip,16384,update,baseline,1,7.089956
u64,sip,16384,update,quick_cache,1,12.559851
u64,sip,16384,update,lru,1,7.628772
u64,sip,16384,update,hashlink,1,21.317939
u64,sip,16384,update,micro,1,7.076850
u64,sip,16384,update,quick_cache,2,12.879820
u64,sip,16384,update,lru,2,7.971945
u64,sip,16384,update,hashlink,2,21.825152
u64,sip,16384,update,micro,2,7.256702
u64,sip,16384,update,baseline,2,7.140625
u64,sip,16384,update,lru,3,7.670403
u64,sip,16384,update,hashlink,3,21.685432
u64,sip,16384,update,micro,3,7.107661
u64,sip,16384,update,baseline,3,7.240744
u64,sip,16384,update,quick_cache,3,12.355550
u64,sip,16384,update,hashlink,4,21.823357
u64,sip,16384,update,micro,4,7.189982
u64,sip,16384,update,baseline,4,7.139550
u64,sip,16384,update,quick_cache,4,12.448966
u64,sip,16384,update,lru,4,7.659805
u64,sip,16384,insert-cycle,micro,0,31.371226
u64,sip,16384,insert-cycle,baseline,0,31.038920
u64,sip,16384,insert-cycle,quick_cache,0,24.309158
u64,sip,16384,insert-cycle,lru,0,40.008962
u64,sip,16384,insert-cycle,hashlink,0,53.956345
u64,sip,16384,insert-cycle,baseline,1,31.344096
u64,sip,16384,insert-cycle,quick_cache,1,26.045479
u64,sip,16384,insert-cycle,lru,1,41.621745
u64,sip,16384,insert-cycle,hashlink,1,49.825043
u64,sip,16384,insert-cycle,micro,1,31.501770
u64,sip,16384,insert-cycle,quick_cache,2,25.870644
u64,sip,16384,insert-cycle,lru,2,40.675690
u64,sip,16384,insert-cycle,hashlink,2,51.067352
u64,sip,16384,insert-cycle,micro,2,31.280945
u64,sip,16384,insert-cycle,baseline,2,31.393687
u64,sip,16384,insert-cycle,lru,3,39.028585
u64,sip,16384,insert-cycle,hashlink,3,50.225586
u64,sip,16384,insert-cycle,micro,3,30.931681
u64,sip,16384,insert-cycle,baseline,3,31.233470
u64,sip,16384,insert-cycle,quick_cache,3,25.595665
u64,sip,16384,insert-cycle,hashlink,4,49.299881
u64,sip,16384,insert-cycle,micro,4,30.642192
u64,sip,16384,insert-cycle,baseline,4,31.110972
u64,sip,16384,insert-cycle,quick_cache,4,25.954887
u64,sip,16384,insert-cycle,lru,4,41.229665
u64,sip,16384,mixed-95,micro,0,22.553702
u64,sip,16384,mixed-95,baseline,0,22.477090
u64,sip,16384,mixed-95,quick_cache,0,11.569560
u64,sip,16384,mixed-95,lru,0,21.680892
u64,sip,16384,mixed-95,hashlink,0,15.958886
u64,sip,16384,mixed-95,baseline,1,22.933185
u64,sip,16384,mixed-95,quick_cache,1,11.923949
u64,sip,16384,mixed-95,lru,1,22.419374
u64,sip,16384,mixed-95,hashlink,1,17.171443
u64,sip,16384,mixed-95,micro,1,24.788479
u64,sip,16384,mixed-95,quick_cache,2,12.469927
u64,sip,16384,mixed-95,lru,2,23.738245
u64,sip,16384,mixed-95,hashlink,2,17.750760
u64,sip,16384,mixed-95,micro,2,24.523099
u64,sip,16384,mixed-95,baseline,2,22.526582
u64,sip,16384,mixed-95,lru,3,21.769146
u64,sip,16384,mixed-95,hashlink,3,15.988211
u64,sip,16384,mixed-95,micro,3,22.511999
u64,sip,16384,mixed-95,baseline,3,23.841043
u64,sip,16384,mixed-95,quick_cache,3,12.567520
u64,sip,16384,mixed-95,hashlink,4,17.716368
u64,sip,16384,mixed-95,micro,4,24.649858
u64,sip,16384,mixed-95,baseline,4,24.622241
u64,sip,16384,mixed-95,quick_cache,4,12.304664
u64,sip,16384,mixed-95,lru,4,23.815135
u64,sip,16384,load-hit,micro,0,18.540698
u64,sip,16384,load-hit,baseline,0,23.174606
u64,sip,16384,load-hit,quick_cache,0,12.742318
u64,sip,16384,load-hit,lru,0,8.586204
u64,sip,16384,load-hit,hashlink,0,8.477644
u64,sip,16384,load-hit,baseline,1,24.541553
u64,sip,16384,load-hit,quick_cache,1,13.111115
u64,sip,16384,load-hit,lru,1,8.559945
u64,sip,16384,load-hit,hashlink,1,8.494754
u64,sip,16384,load-hit,micro,1,21.580717
u64,sip,16384,load-hit,quick_cache,2,13.088043
u64,sip,16384,load-hit,lru,2,8.529547
u64,sip,16384,load-hit,hashlink,2,8.513480
u64,sip,16384,load-hit,micro,2,24.580892
u64,sip,16384,load-hit,baseline,2,23.991905
u64,sip,16384,load-hit,lru,3,8.406783
u64,sip,16384,load-hit,hashlink,3,8.703659
u64,sip,16384,load-hit,micro,3,22.597671
u64,sip,16384,load-hit,baseline,3,24.633455
u64,sip,16384,load-hit,quick_cache,3,13.496037
u64,sip,16384,load-hit,hashlink,4,8.476951
u64,sip,16384,load-hit,micro,4,22.354722
u64,sip,16384,load-hit,baseline,4,24.124779
u64,sip,16384,load-hit,quick_cache,4,13.262246
u64,sip,16384,load-hit,lru,4,8.691003
u64,sip,16384,load-cycle,micro,0,38.157145
u64,sip,16384,load-cycle,baseline,0,38.072795
u64,sip,16384,load-cycle,quick_cache,0,21.447754
u64,sip,16384,load-cycle,lru,0,42.051951
u64,sip,16384,load-cycle,hashlink,0,52.921936
u64,sip,16384,load-cycle,baseline,1,38.196991
u64,sip,16384,load-cycle,quick_cache,1,21.514380
u64,sip,16384,load-cycle,lru,1,41.291982
u64,sip,16384,load-cycle,hashlink,1,53.668335
u64,sip,16384,load-cycle,micro,1,38.295746
u64,sip,16384,load-cycle,quick_cache,2,22.039288
u64,sip,16384,load-cycle,lru,2,40.563365
u64,sip,16384,load-cycle,hashlink,2,54.084137
u64,sip,16384,load-cycle,micro,2,37.879089
u64,sip,16384,load-cycle,baseline,2,38.132568
u64,sip,16384,load-cycle,lru,3,40.604065
u64,sip,16384,load-cycle,hashlink,3,52.097321
u64,sip,16384,load-cycle,micro,3,37.775248
u64,sip,16384,load-cycle,baseline,3,38.166046
u64,sip,16384,load-cycle,quick_cache,3,21.473950
u64,sip,16384,load-cycle,hashlink,4,52.522034
u64,sip,16384,load-cycle,micro,4,38.128326
u64,sip,16384,load-cycle,baseline,4,38.104156
u64,sip,16384,load-cycle,quick_cache,4,21.699524
u64,sip,16384,load-cycle,lru,4,40.568461
u64,sip,16384,clear-refill,micro,0,117607.384615
u64,sip,16384,clear-refill,baseline,0,188075.500000
u64,sip,16384,clear-refill,quick_cache,0,235500.000000
u64,sip,16384,clear-refill,lru,0,683375.000000
u64,sip,16384,clear-refill,hashlink,0,433315.428571
u64,sip,16384,clear-refill,baseline,1,224982.142857
u64,sip,16384,clear-refill,quick_cache,1,226666.714286
u64,sip,16384,clear-refill,lru,1,681850.000000
u64,sip,16384,clear-refill,hashlink,1,427661.500000
u64,sip,16384,clear-refill,micro,1,118674.692308
u64,sip,16384,clear-refill,quick_cache,2,235923.076923
u64,sip,16384,clear-refill,lru,2,672216.600000
u64,sip,16384,clear-refill,hashlink,2,429529.714286
u64,sip,16384,clear-refill,micro,2,118575.307692
u64,sip,16384,clear-refill,baseline,2,179485.294118
u64,sip,16384,clear-refill,lru,3,712416.600000
u64,sip,16384,clear-refill,hashlink,3,433196.428571
u64,sip,16384,clear-refill,micro,3,118182.692308
u64,sip,16384,clear-refill,baseline,3,192218.750000
u64,sip,16384,clear-refill,quick_cache,3,238201.923077
u64,sip,16384,clear-refill,hashlink,4,420526.000000
u64,sip,16384,clear-refill,micro,4,116482.346154
u64,sip,16384,clear-refill,baseline,4,169099.500000
u64,sip,16384,clear-refill,quick_cache,4,239407.000000
u64,sip,16384,clear-refill,lru,4,700141.600000
u64,sip,16384,clear-empty,micro,0,0.363440
u64,sip,16384,clear-empty,baseline,0,312.705592
u64,sip,16384,clear-empty,quick_cache,0,1.772346
u64,sip,16384,clear-empty,lru,0,0.588616
u64,sip,16384,clear-empty,hashlink,0,0.602794
u64,sip,16384,clear-empty,baseline,1,317.629117
u64,sip,16384,clear-empty,quick_cache,1,1.766227
u64,sip,16384,clear-empty,lru,1,0.597455
u64,sip,16384,clear-empty,hashlink,1,0.621693
u64,sip,16384,clear-empty,micro,1,0.371305
u64,sip,16384,clear-empty,quick_cache,2,1.761281
u64,sip,16384,clear-empty,lru,2,0.596338
u64,sip,16384,clear-empty,hashlink,2,0.602244
u64,sip,16384,clear-empty,micro,2,0.365827
u64,sip,16384,clear-empty,baseline,2,319.877006
u64,sip,16384,clear-empty,lru,3,0.592185
u64,sip,16384,clear-empty,hashlink,3,0.606193
u64,sip,16384,clear-empty,micro,3,0.367871
u64,sip,16384,clear-empty,baseline,3,324.561867
u64,sip,16384,clear-empty,quick_cache,3,1.746419
u64,sip,16384,clear-empty,hashlink,4,0.614272
u64,sip,16384,clear-empty,micro,4,0.376596
u64,sip,16384,clear-empty,baseline,4,355.557528
u64,sip,16384,clear-empty,quick_cache,4,1.776719
u64,sip,16384,clear-empty,lru,4,0.588882
u64,sip,16384,iter-dense,micro,0,4592.013393
u64,sip,16384,iter-dense,baseline,0,4553.882440
u64,sip,16384,iter-dense,quick_cache,0,5132.881579
u64,sip,16384,iter-dense,lru,0,21392.968750
u64,sip,16384,iter-dense,hashlink,0,20637.237500
u64,sip,16384,iter-dense,baseline,1,4590.401786
u64,sip,16384,iter-dense,quick_cache,1,5182.222039
u64,sip,16384,iter-dense,lru,1,21879.687500
u64,sip,16384,iter-dense,hashlink,1,20609.112500
u64,sip,16384,iter-dense,micro,1,4593.440476
u64,sip,16384,iter-dense,quick_cache,2,5167.215461
u64,sip,16384,iter-dense,lru,2,21990.362500
u64,sip,16384,iter-dense,hashlink,2,20760.412500
u64,sip,16384,iter-dense,micro,2,4620.535714
u64,sip,16384,iter-dense,baseline,2,4576.016369
u64,sip,16384,iter-dense,lru,3,21751.562500
u64,sip,16384,iter-dense,hashlink,3,22799.737500
u64,sip,16384,iter-dense,micro,3,4763.020312
u64,sip,16384,iter-dense,baseline,3,4663.815476
u64,sip,16384,iter-dense,quick_cache,3,5182.840461
u64,sip,16384,iter-dense,hashlink,4,21779.687500
u64,sip,16384,iter-dense,micro,4,4637.772321
u64,sip,16384,iter-dense,baseline,4,4586.247024
u64,sip,16384,iter-dense,quick_cache,4,5165.843750
u64,sip,16384,iter-dense,lru,4,21149.481250
u64,sip,16384,iter-dense-for,micro,0,4600.880952
u64,sip,16384,iter-dense-for,baseline,0,4585.875000
u64,sip,16384,iter-dense-for,quick_cache,0,8047.635417
u64,sip,16384,iter-dense-for,lru,0,16689.020833
u64,sip,16384,iter-dense-for,hashlink,0,16502.390625
u64,sip,16384,iter-dense-for,baseline,1,4594.308036
u64,sip,16384,iter-dense-for,quick_cache,1,5298.611111
u64,sip,16384,iter-dense-for,lru,1,16893.442708
u64,sip,16384,iter-dense-for,hashlink,1,16394.744792
u64,sip,16384,iter-dense-for,micro,1,4586.867560
u64,sip,16384,iter-dense-for,quick_cache,2,5301.215278
u64,sip,16384,iter-dense-for,lru,2,16986.760417
u64,sip,16384,iter-dense-for,hashlink,2,18344.833333
u64,sip,16384,iter-dense-for,micro,2,4764.257812
u64,sip,16384,iter-dense-for,baseline,2,4613.901786
u64,sip,16384,iter-dense-for,lru,3,17170.786458
u64,sip,16384,iter-dense-for,hashlink,3,16769.312500
u64,sip,16384,iter-dense-for,micro,3,4661.458333
u64,sip,16384,iter-dense-for,baseline,3,4608.693452
u64,sip,16384,iter-dense-for,quick_cache,3,5325.086806
u64,sip,16384,iter-dense-for,hashlink,4,17992.625000
u64,sip,16384,iter-dense-for,micro,4,4636.779762
u64,sip,16384,iter-dense-for,baseline,4,4634.177083
u64,sip,16384,iter-dense-for,quick_cache,4,5380.498264
u64,sip,16384,iter-dense-for,lru,4,16707.031250
u64,sip,16384,iter-density-1pct,micro,0,5086.692434
u64,sip,16384,iter-density-1pct,baseline,0,5082.442434
u64,sip,16384,iter-density-1pct,quick_cache,0,4816.535937
u64,sip,16384,iter-density-1pct,lru,0,179.959933
u64,sip,16384,iter-density-1pct,hashlink,0,177.898719
u64,sip,16384,iter-density-1pct,baseline,1,5060.718750
u64,sip,16384,iter-density-1pct,quick_cache,1,4866.535937
u64,sip,16384,iter-density-1pct,lru,1,189.783270
u64,sip,16384,iter-density-1pct,hashlink,1,195.139228
u64,sip,16384,iter-density-1pct,micro,1,5432.508681
u64,sip,16384,iter-density-1pct,quick_cache,2,4875.976562
u64,sip,16384,iter-density-1pct,lru,2,177.447602
u64,sip,16384,iter-density-1pct,hashlink,2,178.663155
u64,sip,16384,iter-density-1pct,micro,2,5074.768092
u64,sip,16384,iter-density-1pct,baseline,2,5209.923611
u64,sip,16384,iter-density-1pct,lru,3,179.714919
u64,sip,16384,iter-density-1pct,hashlink,3,178.425024
u64,sip,16384,iter-density-1pct,micro,3,5053.110197
u64,sip,16384,iter-density-1pct,baseline,3,5071.478618
u64,sip,16384,iter-density-1pct,quick_cache,3,4846.289062
u64,sip,16384,iter-density-1pct,hashlink,4,180.879215
u64,sip,16384,iter-density-1pct,micro,4,5058.730263
u64,sip,16384,iter-density-1pct,baseline,4,5073.532895
u64,sip,16384,iter-density-1pct,quick_cache,4,4978.893092
u64,sip,16384,iter-density-1pct,lru,4,180.716161
u64,sip,16384,iter-density-6pct,micro,0,4754.362500
u64,sip,16384,iter-density-6pct,baseline,0,4773.046875
u64,sip,16384,iter-density-6pct,quick_cache,0,4911.003125
u64,sip,16384,iter-density-6pct,lru,0,4607.328869
u64,sip,16384,iter-density-6pct,hashlink,0,4659.598214
u64,sip,16384,iter-density-6pct,baseline,1,4967.860197
u64,sip,16384,iter-density-6pct,quick_cache,1,5030.633224
u64,sip,16384,iter-density-6pct,lru,1,4672.867560
u64,sip,16384,iter-density-6pct,hashlink,1,4853.710938
u64,sip,16384,iter-density-6pct,micro,1,4549.293155
u64,sip,16384,iter-density-6pct,quick_cache,2,4844.987500
u64,sip,16384,iter-density-6pct,lru,2,4676.029762
u64,sip,16384,iter-density-6pct,hashlink,2,4602.059524
u64,sip,16384,iter-density-6pct,micro,2,4710.156250
u64,sip,16384,iter-density-6pct,baseline,2,4544.394345
u64,sip,16384,iter-density-6pct,lru,3,4694.726562
u64,sip,16384,iter-density-6pct,hashlink,3,4883.918750
u64,sip,16384,iter-density-6pct,micro,3,4766.601562
u64,sip,16384,iter-density-6pct,baseline,3,4550.346726
u64,sip,16384,iter-density-6pct,quick_cache,3,4834.050000
u64,sip,16384,iter-density-6pct,hashlink,4,4799.673437
u64,sip,16384,iter-density-6pct,micro,4,4745.507812
u64,sip,16384,iter-density-6pct,baseline,4,4761.459375
u64,sip,16384,iter-density-6pct,quick_cache,4,5034.060855
u64,sip,16384,iter-density-6pct,lru,4,4852.734375
u64,sip,16384,iter-density-quarter,micro,0,4164.967391
u64,sip,16384,iter-density-quarter,baseline,0,4270.004261
u64,sip,16384,iter-density-quarter,quick_cache,0,5031.524671
u64,sip,16384,iter-density-quarter,lru,0,7412.959135
u64,sip,16384,iter-density-quarter,hashlink,0,6199.056641
u64,sip,16384,iter-density-quarter,baseline,1,4135.925272
u64,sip,16384,iter-density-quarter,quick_cache,1,4862.175000
u64,sip,16384,iter-density-quarter,lru,1,7234.175481
u64,sip,16384,iter-density-quarter,hashlink,1,6188.476562
u64,sip,16384,iter-density-quarter,micro,1,4127.547554
u64,sip,16384,iter-density-quarter,quick_cache,2,4846.029688
u64,sip,16384,iter-density-quarter,lru,2,7148.437500
u64,sip,16384,iter-density-quarter,hashlink,2,6225.585938
u64,sip,16384,iter-density-quarter,micro,2,4126.471467
u64,sip,16384,iter-density-quarter,baseline,2,4146.456522
u64,sip,16384,iter-density-quarter,lru,3,7286.757212
u64,sip,16384,iter-density-quarter,hashlink,3,6286.458333
u64,sip,16384,iter-density-quarter,micro,3,4128.509511
u64,sip,16384,iter-density-quarter,baseline,3,4130.377717
u64,sip,16384,iter-density-quarter,quick_cache,3,4821.550000
u64,sip,16384,iter-density-quarter,hashlink,4,7143.600446
u64,sip,16384,iter-density-quarter,micro,4,4148.889946
u64,sip,16384,iter-density-quarter,baseline,4,4244.055707
u64,sip,16384,iter-density-quarter,quick_cache,4,4998.766447
u64,sip,16384,iter-density-quarter,lru,4,6610.677083
u64,sip,16384,iter-density-half,micro,0,4292.909091
u64,sip,16384,iter-density-half,baseline,0,4270.063920
u64,sip,16384,iter-density-half,quick_cache,0,4887.370313
u64,sip,16384,iter-density-half,lru,0,15540.178571
u64,sip,16384,iter-density-half,hashlink,0,14424.290179
u64,sip,16384,iter-density-half,baseline,1,4288.884943
u64,sip,16384,iter-density-half,quick_cache,1,4963.060855
u64,sip,16384,iter-density-half,lru,1,15251.861607
u64,sip,16384,iter-density-half,hashlink,1,14312.312500
u64,sip,16384,iter-density-half,micro,1,4264.677557
u64,sip,16384,iter-density-half,quick_cache,2,4960.595395
u64,sip,16384,iter-density-half,lru,2,15167.223214
u64,sip,16384,iter-density-half,hashlink,2,14363.093750
u64,sip,16384,iter-density-half,micro,2,4238.620924
u64,sip,16384,iter-density-half,baseline,2,4247.849185
u64,sip,16384,iter-density-half,lru,3,15217.816964
u64,sip,16384,iter-density-half,hashlink,3,14483.446429
u64,sip,16384,iter-density-half,micro,3,4337.771307
u64,sip,16384,iter-density-half,baseline,3,4452.650568
u64,sip,16384,iter-density-half,quick_cache,3,5151.110197
u64,sip,16384,iter-density-half,hashlink,4,15994.572917
u64,sip,16384,iter-density-half,micro,4,4402.463068
u64,sip,16384,iter-density-half,baseline,4,4357.659091
u64,sip,16384,iter-density-half,quick_cache,4,4897.070312
u64,sip,16384,iter-density-half,lru,4,15489.026786
u64,sip,16384,iter-front,micro,0,4136.152174
u64,sip,16384,iter-front,baseline,0,4206.126359
u64,sip,16384,iter-front,quick_cache,0,4962.924342
u64,sip,16384,iter-front,lru,0,1.198374
u64,sip,16384,iter-front,hashlink,0,1.146663
u64,sip,16384,iter-front,baseline,1,4163.779891
u64,sip,16384,iter-front,quick_cache,1,4877.798437
u64,sip,16384,iter-front,lru,1,1.187852
u64,sip,16384,iter-front,hashlink,1,1.155197
u64,sip,16384,iter-front,micro,1,4134.058424
u64,sip,16384,iter-front,quick_cache,2,5045.093750
u64,sip,16384,iter-front,lru,2,1.189042
u64,sip,16384,iter-front,hashlink,2,1.131276
u64,sip,16384,iter-front,micro,2,4139.491848
u64,sip,16384,iter-front,baseline,2,4252.038043
u64,sip,16384,iter-front,lru,3,1.227319
u64,sip,16384,iter-front,hashlink,3,1.162373
u64,sip,16384,iter-front,micro,3,4115.998641
u64,sip,16384,iter-front,baseline,3,4178.384511
u64,sip,16384,iter-front,quick_cache,3,4985.608553
u64,sip,16384,iter-front,hashlink,4,1.142039
u64,sip,16384,iter-front,micro,4,4137.398098
u64,sip,16384,iter-front,baseline,4,4176.006793
u64,sip,16384,iter-front,quick_cache,4,4716.992188
u64,sip,16384,iter-front,lru,4,1.176567
u64,sip,16384,iter-back,micro,0,4064.399740
u64,sip,16384,iter-back,baseline,0,4070.910156
u64,sip,16384,iter-back,quick_cache,0,4821.550000
u64,sip,16384,iter-back,lru,0,1.196982
u64,sip,16384,iter-back,hashlink,0,1.148503
u64,sip,16384,iter-back,baseline,1,4119.281250
u64,sip,16384,iter-back,quick_cache,1,4815.493750
u64,sip,16384,iter-back,lru,1,1.181430
u64,sip,16384,iter-back,hashlink,1,1.140691
u64,sip,16384,iter-back,micro,1,4119.111413
u64,sip,16384,iter-back,quick_cache,2,4851.757812
u64,sip,16384,iter-back,lru,2,1.210037
u64,sip,16384,iter-back,hashlink,2,1.168516
u64,sip,16384,iter-back,micro,2,4147.305707
u64,sip,16384,iter-back,baseline,2,4090.240489
u64,sip,16384,iter-back,lru,3,1.186303
u64,sip,16384,iter-back,hashlink,3,1.146382
u64,sip,16384,iter-back,micro,3,4115.433424
u64,sip,16384,iter-back,baseline,3,4106.827446
u64,sip,16384,iter-back,quick_cache,3,5038.307566
u64,sip,16384,iter-back,hashlink,4,1.136818
u64,sip,16384,iter-back,micro,4,4115.149457
u64,sip,16384,iter-back,baseline,4,4094.938859
u64,sip,16384,iter-back,quick_cache,4,5008.496711
u64,sip,16384,iter-back,lru,4,1.196020
u64,sip,16384,iter-empty,micro,0,4113.960598
u64,sip,16384,iter-empty,baseline,0,4108.355978
u64,sip,16384,iter-empty,quick_cache,0,4855.078125
u64,sip,16384,iter-empty,lru,0,0.992589
u64,sip,16384,iter-empty,hashlink,0,1.000619
u64,sip,16384,iter-empty,baseline,1,4208.275815
u64,sip,16384,iter-empty,quick_cache,1,4777.017187
u64,sip,16384,iter-empty,lru,1,0.977632
u64,sip,16384,iter-empty,hashlink,1,1.022924
u64,sip,16384,iter-empty,micro,1,4202.728261
u64,sip,16384,iter-empty,quick_cache,2,4896.418750
u64,sip,16384,iter-empty,lru,2,0.984025
u64,sip,16384,iter-empty,hashlink,2,0.991528
u64,sip,16384,iter-empty,micro,2,4082.823370
u64,sip,16384,iter-empty,baseline,2,4109.544837
u64,sip,16384,iter-empty,lru,3,0.983189
u64,sip,16384,iter-empty,hashlink,3,0.991927
u64,sip,16384,iter-empty,micro,3,4053.548177
u64,sip,16384,iter-empty,baseline,3,4026.204427
u64,sip,16384,iter-empty,quick_cache,3,4818.554688
u64,sip,16384,iter-empty,hashlink,4,0.994115
u64,sip,16384,iter-empty,micro,4,4043.184896
u64,sip,16384,iter-empty,baseline,4,4043.239583
u64,sip,16384,iter-empty,quick_cache,4,5034.333882
u64,sip,16384,iter-empty,lru,4,0.988392
u64,sip,16384,iter-count,micro,0,4122.667969
u64,sip,16384,iter-count,baseline,0,4141.601562
u64,sip,16384,iter-count,quick_cache,0,7921.792969
u64,sip,16384,iter-count,lru,0,0.403669
u64,sip,16384,iter-count,hashlink,0,0.412159
u64,sip,16384,iter-count,baseline,1,4247.666667
u64,sip,16384,iter-count,quick_cache,1,7991.292969
u64,sip,16384,iter-count,lru,1,0.401883
u64,sip,16384,iter-count,hashlink,1,0.404449
u64,sip,16384,iter-count,micro,1,4133.191406
u64,sip,16384,iter-count,quick_cache,2,7988.363281
u64,sip,16384,iter-count,lru,2,0.399772
u64,sip,16384,iter-count,hashlink,2,0.401072
u64,sip,16384,iter-count,micro,2,4131.455729
u64,sip,16384,iter-count,baseline,2,4150.770833
u64,sip,16384,iter-count,lru,3,0.400573
u64,sip,16384,iter-count,hashlink,3,0.403872
u64,sip,16384,iter-count,micro,3,4217.339844
u64,sip,16384,iter-count,baseline,3,4147.460938
u64,sip,16384,iter-count,quick_cache,3,7954.916016
u64,sip,16384,iter-count,hashlink,4,0.397494
u64,sip,16384,iter-count,micro,4,4258.463542
u64,sip,16384,iter-count,baseline,4,4257.161458
u64,sip,16384,iter-count,quick_cache,4,7952.066406
u64,sip,16384,iter-count,lru,4,0.391997
u64,ahash,128,get-hit,micro,0,2.125059
u64,ahash,128,get-hit,baseline,0,2.123500
u64,ahash,128,get-hit,quick_cache,0,2.228677
u64,ahash,128,get-hit,lru,0,3.766792
u64,ahash,128,get-hit,hashlink,0,3.548890
u64,ahash,128,get-hit,baseline,1,2.118561
u64,ahash,128,get-hit,quick_cache,1,2.243352
u64,ahash,128,get-hit,lru,1,3.758748
u64,ahash,128,get-hit,hashlink,1,3.554858
u64,ahash,128,get-hit,micro,1,2.122853
u64,ahash,128,get-hit,quick_cache,2,2.227290
u64,ahash,128,get-hit,lru,2,3.741724
u64,ahash,128,get-hit,hashlink,2,3.551336
u64,ahash,128,get-hit,micro,2,2.089211
u64,ahash,128,get-hit,baseline,2,2.097255
u64,ahash,128,get-hit,lru,3,3.730183
u64,ahash,128,get-hit,hashlink,3,3.543854
u64,ahash,128,get-hit,micro,3,2.120060
u64,ahash,128,get-hit,baseline,3,2.105362
u64,ahash,128,get-hit,quick_cache,3,2.217672
u64,ahash,128,get-hit,hashlink,4,3.532899
u64,ahash,128,get-hit,micro,4,2.162140
u64,ahash,128,get-hit,baseline,4,2.154182
u64,ahash,128,get-hit,quick_cache,4,2.274823
u64,ahash,128,get-hit,lru,4,3.725406
u64,ahash,128,get-miss,micro,0,1.601951
u64,ahash,128,get-miss,baseline,0,1.581806
u64,ahash,128,get-miss,quick_cache,0,1.641909
u64,ahash,128,get-miss,lru,0,1.954261
u64,ahash,128,get-miss,hashlink,0,1.548864
u64,ahash,128,get-miss,baseline,1,1.578095
u64,ahash,128,get-miss,quick_cache,1,1.629706
u64,ahash,128,get-miss,lru,1,1.951421
u64,ahash,128,get-miss,hashlink,1,1.530414
u64,ahash,128,get-miss,micro,1,1.616849
u64,ahash,128,get-miss,quick_cache,2,1.636755
u64,ahash,128,get-miss,lru,2,1.953368
u64,ahash,128,get-miss,hashlink,2,1.529927
u64,ahash,128,get-miss,micro,2,1.605060
u64,ahash,128,get-miss,baseline,2,1.573314
u64,ahash,128,get-miss,lru,3,1.961231
u64,ahash,128,get-miss,hashlink,3,1.532753
u64,ahash,128,get-miss,micro,3,1.601152
u64,ahash,128,get-miss,baseline,3,1.581192
u64,ahash,128,get-miss,quick_cache,3,1.627672
u64,ahash,128,get-miss,hashlink,4,1.534136
u64,ahash,128,get-miss,micro,4,1.596490
u64,ahash,128,get-miss,baseline,4,1.586187
u64,ahash,128,get-miss,quick_cache,4,1.670121
u64,ahash,128,get-miss,lru,4,2.004932
u64,ahash,128,update,micro,0,2.138389
u64,ahash,128,update,baseline,0,2.057095
u64,ahash,128,update,quick_cache,0,3.444113
u64,ahash,128,update,lru,0,3.418110
u64,ahash,128,update,hashlink,0,4.069293
u64,ahash,128,update,baseline,1,2.035692
u64,ahash,128,update,quick_cache,1,3.447916
u64,ahash,128,update,lru,1,3.409868
u64,ahash,128,update,hashlink,1,4.067333
u64,ahash,128,update,micro,1,2.100220
u64,ahash,128,update,quick_cache,2,3.446110
u64,ahash,128,update,lru,2,3.410858
u64,ahash,128,update,hashlink,2,4.089469
u64,ahash,128,update,micro,2,2.110069
u64,ahash,128,update,baseline,2,2.055646
u64,ahash,128,update,lru,3,3.419758
u64,ahash,128,update,hashlink,3,4.066495
u64,ahash,128,update,micro,3,2.084125
u64,ahash,128,update,baseline,3,2.076661
u64,ahash,128,update,quick_cache,3,3.467680
u64,ahash,128,update,hashlink,4,4.082404
u64,ahash,128,update,micro,4,2.088894
u64,ahash,128,update,baseline,4,2.062851
u64,ahash,128,update,quick_cache,4,3.435129
u64,ahash,128,update,lru,4,3.427856
u64,ahash,128,insert-cycle,micro,0,11.700883
u64,ahash,128,insert-cycle,baseline,0,10.922392
u64,ahash,128,insert-cycle,quick_cache,0,8.248208
u64,ahash,128,insert-cycle,lru,0,17.751223
u64,ahash,128,insert-cycle,hashlink,0,16.603173
u64,ahash,128,insert-cycle,baseline,1,10.742635
u64,ahash,128,insert-cycle,quick_cache,1,8.099217
u64,ahash,128,insert-cycle,lru,1,17.605252
u64,ahash,128,insert-cycle,hashlink,1,16.661904
u64,ahash,128,insert-cycle,micro,1,11.371920
u64,ahash,128,insert-cycle,quick_cache,2,8.139038
u64,ahash,128,insert-cycle,lru,2,16.903396
u64,ahash,128,insert-cycle,hashlink,2,16.645196
u64,ahash,128,insert-cycle,micro,2,11.341442
u64,ahash,128,insert-cycle,baseline,2,10.700160
u64,ahash,128,insert-cycle,lru,3,17.041583
u64,ahash,128,insert-cycle,hashlink,3,16.647111
u64,ahash,128,insert-cycle,micro,3,11.327027
u64,ahash,128,insert-cycle,baseline,3,10.672433
u64,ahash,128,insert-cycle,quick_cache,3,8.153642
u64,ahash,128,insert-cycle,hashlink,4,16.691162
u64,ahash,128,insert-cycle,micro,4,11.304239
u64,ahash,128,insert-cycle,baseline,4,10.634517
u64,ahash,128,insert-cycle,quick_cache,4,8.089833
u64,ahash,128,insert-cycle,lru,4,17.566190
u64,ahash,128,mixed-95,micro,0,2.784153
u64,ahash,128,mixed-95,baseline,0,2.769351
u64,ahash,128,mixed-95,quick_cache,0,4.028042
u64,ahash,128,mixed-95,lru,0,3.198544
u64,ahash,128,mixed-95,hashlink,0,3.099839
u64,ahash,128,mixed-95,baseline,1,2.676129
u64,ahash,128,mixed-95,quick_cache,1,3.976484
u64,ahash,128,mixed-95,lru,1,3.154218
u64,ahash,128,mixed-95,hashlink,1,3.073514
u64,ahash,128,mixed-95,micro,1,2.724588
u64,ahash,128,mixed-95,quick_cache,2,4.165550
u64,ahash,128,mixed-95,lru,2,3.179391
u64,ahash,128,mixed-95,hashlink,2,3.066540
u64,ahash,128,mixed-95,micro,2,2.667467
u64,ahash,128,mixed-95,baseline,2,2.676189
u64,ahash,128,mixed-95,lru,3,3.179411
u64,ahash,128,mixed-95,hashlink,3,3.044864
u64,ahash,128,mixed-95,micro,3,2.660354
u64,ahash,128,mixed-95,baseline,3,2.658744
u64,ahash,128,mixed-95,quick_cache,3,4.013200
u64,ahash,128,mixed-95,hashlink,4,3.085116
u64,ahash,128,mixed-95,micro,4,2.806664
u64,ahash,128,mixed-95,baseline,4,2.653758
u64,ahash,128,mixed-95,quick_cache,4,3.958206
u64,ahash,128,mixed-95,lru,4,3.171762
u64,ahash,128,load-hit,micro,0,2.379248
u64,ahash,128,load-hit,baseline,0,2.443984
u64,ahash,128,load-hit,quick_cache,0,3.329421
u64,ahash,128,load-hit,lru,0,3.523803
u64,ahash,128,load-hit,hashlink,0,3.506519
u64,ahash,128,load-hit,baseline,1,2.446934
u64,ahash,128,load-hit,quick_cache,1,3.351985
u64,ahash,128,load-hit,lru,1,3.512090
u64,ahash,128,load-hit,hashlink,1,3.529231
u64,ahash,128,load-hit,micro,1,2.394566
u64,ahash,128,load-hit,quick_cache,2,5.175523
u64,ahash,128,load-hit,lru,2,10.124413
u64,ahash,128,load-hit,hashlink,2,12.950326
u64,ahash,128,load-hit,micro,2,7.973269
u64,ahash,128,load-hit,baseline,2,10.225423
u64,ahash,128,load-hit,lru,3,4.742092
u64,ahash,128,load-hit,hashlink,3,5.042857
u64,ahash,128,load-hit,micro,3,2.452121
u64,ahash,128,load-hit,baseline,3,2.527627
u64,ahash,128,load-hit,quick_cache,3,3.372098
u64,ahash,128,load-hit,hashlink,4,3.574951
u64,ahash,128,load-hit,micro,4,2.399220
u64,ahash,128,load-hit,baseline,4,2.502615
u64,ahash,128,load-hit,quick_cache,4,3.395504
u64,ahash,128,load-hit,lru,4,3.571297
u64,ahash,128,load-cycle,micro,0,10.824244
u64,ahash,128,load-cycle,baseline,0,10.578989
u64,ahash,128,load-cycle,quick_cache,0,8.513775
u64,ahash,128,load-cycle,lru,0,16.782720
u64,ahash,128,load-cycle,hashlink,0,19.365808
u64,ahash,128,load-cycle,baseline,1,10.685509
u64,ahash,128,load-cycle,quick_cache,1,8.751411
u64,ahash,128,load-cycle,lru,1,17.489591
u64,ahash,128,load-cycle,hashlink,1,18.574293
u64,ahash,128,load-cycle,micro,1,10.862260
u64,ahash,128,load-cycle,quick_cache,2,8.710343
u64,ahash,128,load-cycle,lru,2,17.249494
u64,ahash,128,load-cycle,hashlink,2,19.182820
u64,ahash,128,load-cycle,micro,2,10.856120
u64,ahash,128,load-cycle,baseline,2,10.476447
u64,ahash,128,load-cycle,lru,3,18.264408
u64,ahash,128,load-cycle,hashlink,3,19.525829
u64,ahash,128,load-cycle,micro,3,11.200622
u64,ahash,128,load-cycle,baseline,3,10.433608
u64,ahash,128,load-cycle,quick_cache,3,8.374604
u64,ahash,128,load-cycle,hashlink,4,19.026849
u64,ahash,128,load-cycle,micro,4,10.917678
u64,ahash,128,load-cycle,baseline,4,10.385670
u64,ahash,128,load-cycle,quick_cache,4,8.383790
u64,ahash,128,load-cycle,lru,4,17.765051
u64,ahash,128,clear-refill,micro,0,704.498239
u64,ahash,128,clear-refill,baseline,0,733.808266
u64,ahash,128,clear-refill,quick_cache,0,777.173271
u64,ahash,128,clear-refill,lru,0,3062.330612
u64,ahash,128,clear-refill,hashlink,0,1788.438617
u64,ahash,128,clear-refill,baseline,1,733.090887
u64,ahash,128,clear-refill,quick_cache,1,778.732935
u64,ahash,128,clear-refill,lru,1,3033.956522
u64,ahash,128,clear-refill,hashlink,1,1788.041716
u64,ahash,128,clear-refill,micro,1,705.101763
u64,ahash,128,clear-refill,quick_cache,2,776.630857
u64,ahash,128,clear-refill,lru,2,3014.098394
u64,ahash,128,clear-refill,hashlink,2,1792.413381
u64,ahash,128,clear-refill,micro,2,704.994831
u64,ahash,128,clear-refill,baseline,2,735.416667
u64,ahash,128,clear-refill,lru,3,3019.784708
u64,ahash,128,clear-refill,hashlink,3,1796.379414
u64,ahash,128,clear-refill,micro,3,720.165146
u64,ahash,128,clear-refill,baseline,3,750.886386
u64,ahash,128,clear-refill,quick_cache,3,797.258570
u64,ahash,128,clear-refill,hashlink,4,1809.172393
u64,ahash,128,clear-refill,micro,4,708.077649
u64,ahash,128,clear-refill,baseline,4,740.315815
u64,ahash,128,clear-refill,quick_cache,4,804.185741
u64,ahash,128,clear-refill,lru,4,3076.966154
u64,ahash,128,clear-empty,micro,0,0.363704
u64,ahash,128,clear-empty,baseline,0,42.434059
u64,ahash,128,clear-empty,quick_cache,0,1.776254
u64,ahash,128,clear-empty,lru,0,0.573537
u64,ahash,128,clear-empty,hashlink,0,0.608996
u64,ahash,128,clear-empty,baseline,1,49.483963
u64,ahash,128,clear-empty,quick_cache,1,1.773273
u64,ahash,128,clear-empty,lru,1,0.567985
u64,ahash,128,clear-empty,hashlink,1,0.618208
u64,ahash,128,clear-empty,micro,1,0.370635
u64,ahash,128,clear-empty,quick_cache,2,1.753779
u64,ahash,128,clear-empty,lru,2,0.574766
u64,ahash,128,clear-empty,hashlink,2,0.603121
u64,ahash,128,clear-empty,micro,2,0.371305
u64,ahash,128,clear-empty,baseline,2,49.286994
u64,ahash,128,clear-empty,lru,3,0.569875
u64,ahash,128,clear-empty,hashlink,3,0.601781
u64,ahash,128,clear-empty,micro,3,0.367999
u64,ahash,128,clear-empty,baseline,3,49.083502
u64,ahash,128,clear-empty,quick_cache,3,1.840622
u64,ahash,128,clear-empty,hashlink,4,0.618682
u64,ahash,128,clear-empty,micro,4,0.377428
u64,ahash,128,clear-empty,baseline,4,49.344439
u64,ahash,128,clear-empty,quick_cache,4,1.766349
u64,ahash,128,clear-empty,lru,4,0.570478
u64,ahash,128,iter-dense,micro,0,39.191457
u64,ahash,128,iter-dense,baseline,0,39.516830
u64,ahash,128,iter-dense,quick_cache,0,28.917335
u64,ahash,128,iter-dense,lru,0,133.913962
u64,ahash,128,iter-dense,hashlink,0,131.698780
u64,ahash,128,iter-dense,baseline,1,38.866621
u64,ahash,128,iter-dense,quick_cache,1,28.893008
u64,ahash,128,iter-dense,lru,1,133.525560
u64,ahash,128,iter-dense,hashlink,1,131.173514
u64,ahash,128,iter-dense,micro,1,38.755269
u64,ahash,128,iter-dense,quick_cache,2,28.975780
u64,ahash,128,iter-dense,lru,2,133.213867
u64,ahash,128,iter-dense,hashlink,2,130.780378
u64,ahash,128,iter-dense,micro,2,38.817273
u64,ahash,128,iter-dense,baseline,2,38.854201
u64,ahash,128,iter-dense,lru,3,131.641918
u64,ahash,128,iter-dense,hashlink,3,129.255983
u64,ahash,128,iter-dense,micro,3,38.420256
u64,ahash,128,iter-dense,baseline,3,38.870310
u64,ahash,128,iter-dense,quick_cache,3,28.663348
u64,ahash,128,iter-dense,hashlink,4,132.886287
u64,ahash,128,iter-dense,micro,4,40.204331
u64,ahash,128,iter-dense,baseline,4,40.367386
u64,ahash,128,iter-dense,quick_cache,4,29.679181
u64,ahash,128,iter-dense,lru,4,133.324840
u64,ahash,128,iter-dense-for,micro,0,38.042495
u64,ahash,128,iter-dense-for,baseline,0,38.121405
u64,ahash,128,iter-dense-for,quick_cache,0,38.766988
u64,ahash,128,iter-dense-for,lru,0,81.470135
u64,ahash,128,iter-dense-for,hashlink,0,71.792065
u64,ahash,128,iter-dense-for,baseline,1,37.912063
u64,ahash,128,iter-dense-for,quick_cache,1,38.746126
u64,ahash,128,iter-dense-for,lru,1,81.475782
u64,ahash,128,iter-dense-for,hashlink,1,71.005441
u64,ahash,128,iter-dense-for,micro,1,37.975053
u64,ahash,128,iter-dense-for,quick_cache,2,38.532354
u64,ahash,128,iter-dense-for,lru,2,81.686438
u64,ahash,128,iter-dense-for,hashlink,2,70.918235
u64,ahash,128,iter-dense-for,micro,2,37.869270
u64,ahash,128,iter-dense-for,baseline,2,37.984559
u64,ahash,128,iter-dense-for,lru,3,82.475594
u64,ahash,128,iter-dense-for,hashlink,3,71.098299
u64,ahash,128,iter-dense-for,micro,3,37.924169
u64,ahash,128,iter-dense-for,baseline,3,37.996252
u64,ahash,128,iter-dense-for,quick_cache,3,38.577232
u64,ahash,128,iter-dense-for,hashlink,4,72.069970
u64,ahash,128,iter-dense-for,micro,4,38.058862
u64,ahash,128,iter-dense-for,baseline,4,38.348351
u64,ahash,128,iter-dense-for,quick_cache,4,39.534043
u64,ahash,128,iter-dense-for,lru,4,87.451945
u64,ahash,128,iter-density-1pct,micro,0,35.043360
u64,ahash,128,iter-density-1pct,baseline,0,34.416300
u64,ahash,128,iter-density-1pct,quick_cache,0,22.701967
u64,ahash,128,iter-density-1pct,lru,0,1.285092
u64,ahash,128,iter-density-1pct,hashlink,0,1.257343
u64,ahash,128,iter-density-1pct,baseline,1,34.664302
u64,ahash,128,iter-density-1pct,quick_cache,1,20.925449
u64,ahash,128,iter-density-1pct,lru,1,1.285003
u64,ahash,128,iter-density-1pct,hashlink,1,1.258643
u64,ahash,128,iter-density-1pct,micro,1,34.688980
u64,ahash,128,iter-density-1pct,quick_cache,2,20.635323
u64,ahash,128,iter-density-1pct,lru,2,1.277944
u64,ahash,128,iter-density-1pct,hashlink,2,1.273812
u64,ahash,128,iter-density-1pct,micro,2,35.410475
u64,ahash,128,iter-density-1pct,baseline,2,33.594310
u64,ahash,128,iter-density-1pct,lru,3,1.282332
u64,ahash,128,iter-density-1pct,hashlink,3,1.273916
u64,ahash,128,iter-density-1pct,micro,3,33.941357
u64,ahash,128,iter-density-1pct,baseline,3,33.655072
u64,ahash,128,iter-density-1pct,quick_cache,3,21.069466
u64,ahash,128,iter-density-1pct,hashlink,4,1.270670
u64,ahash,128,iter-density-1pct,micro,4,34.217701
u64,ahash,128,iter-density-1pct,baseline,4,33.461032
u64,ahash,128,iter-density-1pct,quick_cache,4,21.095212
u64,ahash,128,iter-density-1pct,lru,4,1.293764
u64,ahash,128,iter-density-6pct,micro,0,37.623006
u64,ahash,128,iter-density-6pct,baseline,0,38.037741
u64,ahash,128,iter-density-6pct,quick_cache,0,21.545705
u64,ahash,128,iter-density-6pct,lru,0,3.484482
u64,ahash,128,iter-density-6pct,hashlink,0,3.228417
u64,ahash,128,iter-density-6pct,baseline,1,37.038927
u64,ahash,128,iter-density-6pct,quick_cache,1,21.890687
u64,ahash,128,iter-density-6pct,lru,1,3.473991
u64,ahash,128,iter-density-6pct,hashlink,1,3.192882
u64,ahash,128,iter-density-6pct,micro,1,37.173399
u64,ahash,128,iter-density-6pct,quick_cache,2,21.906944
u64,ahash,128,iter-density-6pct,lru,2,3.467568
u64,ahash,128,iter-density-6pct,hashlink,2,3.193708
u64,ahash,128,iter-density-6pct,micro,2,37.194863
u64,ahash,128,iter-density-6pct,baseline,2,36.499392
u64,ahash,128,iter-density-6pct,lru,3,3.472785
u64,ahash,128,iter-density-6pct,hashlink,3,3.187193
u64,ahash,128,iter-density-6pct,micro,3,36.443148
u64,ahash,128,iter-density-6pct,baseline,3,36.029641
u64,ahash,128,iter-density-6pct,quick_cache,3,21.786601
u64,ahash,128,iter-density-6pct,hashlink,4,3.185830
u64,ahash,128,iter-density-6pct,micro,4,36.369436
u64,ahash,128,iter-density-6pct,baseline,4,36.206467
u64,ahash,128,iter-density-6pct,quick_cache,4,21.939525
u64,ahash,128,iter-density-6pct,lru,4,3.460607
u64,ahash,128,iter-density-quarter,micro,0,37.383498
u64,ahash,128,iter-density-quarter,baseline,0,37.801353
u64,ahash,128,iter-density-quarter,quick_cache,0,26.613061
u64,ahash,128,iter-density-quarter,lru,0,20.135873
u64,ahash,128,iter-density-quarter,hashlink,0,19.837349
u64,ahash,128,iter-density-quarter,baseline,1,37.490729
u64,ahash,128,iter-density-quarter,quick_cache,1,26.455365
u64,ahash,128,iter-density-quarter,lru,1,19.475527
u64,ahash,128,iter-density-quarter,hashlink,1,19.222145
u64,ahash,128,iter-density-quarter,micro,1,37.704916
u64,ahash,128,iter-density-quarter,quick_cache,2,25.917504
u64,ahash,128,iter-density-quarter,lru,2,19.433828
u64,ahash,128,iter-density-quarter,hashlink,2,19.191671
u64,ahash,128,iter-density-quarter,micro,2,37.442180
u64,ahash,128,iter-density-quarter,baseline,2,37.580887
u64,ahash,128,iter-density-quarter,lru,3,19.391210
u64,ahash,128,iter-density-quarter,hashlink,3,19.117844
u64,ahash,128,iter-density-quarter,micro,3,37.583192
u64,ahash,128,iter-density-quarter,baseline,3,37.691858
u64,ahash,128,iter-density-quarter,quick_cache,3,25.730087
u64,ahash,128,iter-density-quarter,hashlink,4,19.297309
u64,ahash,128,iter-density-quarter,micro,4,37.619397
u64,ahash,128,iter-density-quarter,baseline,4,37.558620
u64,ahash,128,iter-density-quarter,quick_cache,4,25.821838
u64,ahash,128,iter-density-quarter,lru,4,19.362105
u64,ahash,128,iter-density-half,micro,0,37.968649
u64,ahash,128,iter-density-half,baseline,0,38.018616
u64,ahash,128,iter-density-half,quick_cache,0,29.587981
u64,ahash,128,iter-density-half,lru,0,51.429066
u64,ahash,128,iter-density-half,hashlink,0,51.538170
u64,ahash,128,iter-density-half,baseline,1,38.846740
u64,ahash,128,iter-density-half,quick_cache,1,30.416295
u64,ahash,128,iter-density-half,lru,1,53.256761
u64,ahash,128,iter-density-half,hashlink,1,50.390130
u64,ahash,128,iter-density-half,micro,1,38.002685
u64,ahash,128,iter-density-half,quick_cache,2,29.768105
u64,ahash,128,iter-density-half,lru,2,51.436934
u64,ahash,128,iter-density-half,hashlink,2,51.067759
u64,ahash,128,iter-density-half,micro,2,37.800295
u64,ahash,128,iter-density-half,baseline,2,38.013769
u64,ahash,128,iter-density-half,lru,3,51.782078
u64,ahash,128,iter-density-half,hashlink,3,50.805238
u64,ahash,128,iter-density-half,micro,3,37.815020
u64,ahash,128,iter-density-half,baseline,3,38.070214
u64,ahash,128,iter-density-half,quick_cache,3,29.644523
u64,ahash,128,iter-density-half,hashlink,4,51.273185
u64,ahash,128,iter-density-half,micro,4,37.755183
u64,ahash,128,iter-density-half,baseline,4,37.866645
u64,ahash,128,iter-density-half,quick_cache,4,29.591275
u64,ahash,128,iter-density-half,lru,4,51.389127
u64,ahash,128,iter-front,micro,0,37.420092
u64,ahash,128,iter-front,baseline,0,37.336756
u64,ahash,128,iter-front,quick_cache,0,20.918744
u64,ahash,128,iter-front,lru,0,1.190763
u64,ahash,128,iter-front,hashlink,0,1.207512
u64,ahash,128,iter-front,baseline,1,38.092011
u64,ahash,128,iter-front,quick_cache,1,21.138011
u64,ahash,128,iter-front,lru,1,1.226773
u64,ahash,128,iter-front,hashlink,1,1.223331
u64,ahash,128,iter-front,micro,1,38.926292
u64,ahash,128,iter-front,quick_cache,2,20.880317
u64,ahash,128,iter-front,lru,2,1.208866
u64,ahash,128,iter-front,hashlink,2,1.216363
u64,ahash,128,iter-front,micro,2,38.538558
u64,ahash,128,iter-front,baseline,2,37.648033
u64,ahash,128,iter-front,lru,3,1.197976
u64,ahash,128,iter-front,hashlink,3,1.195669
u64,ahash,128,iter-front,micro,3,38.148711
u64,ahash,128,iter-front,baseline,3,37.436589
u64,ahash,128,iter-front,quick_cache,3,20.790604
u64,ahash,128,iter-front,hashlink,4,1.171963
u64,ahash,128,iter-front,micro,4,37.922058
u64,ahash,128,iter-front,baseline,4,37.262048
u64,ahash,128,iter-front,quick_cache,4,20.824374
u64,ahash,128,iter-front,lru,4,1.200338
u64,ahash,128,iter-back,micro,0,38.567063
u64,ahash,128,iter-back,baseline,0,36.032979
u64,ahash,128,iter-back,quick_cache,0,21.977614
u64,ahash,128,iter-back,lru,0,1.187400
u64,ahash,128,iter-back,hashlink,0,1.151593
u64,ahash,128,iter-back,baseline,1,38.345156
u64,ahash,128,iter-back,quick_cache,1,21.028103
u64,ahash,128,iter-back,lru,1,1.190748
u64,ahash,128,iter-back,hashlink,1,1.168574
u64,ahash,128,iter-back,micro,1,39.532383
u64,ahash,128,iter-back,quick_cache,2,21.627804
u64,ahash,128,iter-back,lru,2,1.247820
u64,ahash,128,iter-back,hashlink,2,1.154031
u64,ahash,128,iter-back,micro,2,39.017530
u64,ahash,128,iter-back,baseline,2,38.945170
u64,ahash,128,iter-back,lru,3,1.203698
u64,ahash,128,iter-back,hashlink,3,1.157136
u64,ahash,128,iter-back,micro,3,39.150574
u64,ahash,128,iter-back,baseline,3,38.749354
u64,ahash,128,iter-back,quick_cache,3,21.021637
u64,ahash,128,iter-back,hashlink,4,1.153718
u64,ahash,128,iter-back,micro,4,38.948401
u64,ahash,128,iter-back,baseline,4,38.607387
u64,ahash,128,iter-back,quick_cache,4,21.146080
u64,ahash,128,iter-back,lru,4,1.224994
u64,ahash,128,iter-empty,micro,0,38.296569
u64,ahash,128,iter-empty,baseline,0,37.817668
u64,ahash,128,iter-empty,quick_cache,0,20.784263
u64,ahash,128,iter-empty,lru,0,0.998062
u64,ahash,128,iter-empty,hashlink,0,1.009030
u64,ahash,128,iter-empty,baseline,1,38.586677
u64,ahash,128,iter-empty,quick_cache,1,20.891356
u64,ahash,128,iter-empty,lru,1,1.001967
u64,ahash,128,iter-empty,hashlink,1,1.009998
u64,ahash,128,iter-empty,micro,1,38.731735
u64,ahash,128,iter-empty,quick_cache,2,20.854475
u64,ahash,128,iter-empty,lru,2,1.023382
u64,ahash,128,iter-empty,hashlink,2,1.039599
u64,ahash,128,iter-empty,micro,2,39.552905
u64,ahash,128,iter-empty,baseline,2,38.330540
u64,ahash,128,iter-empty,lru,3,0.996810
u64,ahash,128,iter-empty,hashlink,3,1.012277
u64,ahash,128,iter-empty,micro,3,38.946779
u64,ahash,128,iter-empty,baseline,3,38.550126
u64,ahash,128,iter-empty,quick_cache,3,20.766134
u64,ahash,128,iter-empty,hashlink,4,1.006258
u64,ahash,128,iter-empty,micro,4,38.367776
u64,ahash,128,iter-empty,baseline,4,37.922589
u64,ahash,128,iter-empty,quick_cache,4,20.844049
u64,ahash,128,iter-empty,lru,4,0.994547
u64,ahash,128,iter-count,micro,0,37.994286
u64,ahash,128,iter-count,baseline,0,37.170664
u64,ahash,128,iter-count,quick_cache,0,55.149024
u64,ahash,128,iter-count,lru,0,0.390448
u64,ahash,128,iter-count,hashlink,0,0.389560
u64,ahash,128,iter-count,baseline,1,37.734249
u64,ahash,128,iter-count,quick_cache,1,55.055806
u64,ahash,128,iter-count,lru,1,0.389429
u64,ahash,128,iter-count,hashlink,1,0.389126
u64,ahash,128,iter-count,micro,1,37.830771
u64,ahash,128,iter-count,quick_cache,2,54.847218
u64,ahash,128,iter-count,lru,2,0.389004
u64,ahash,128,iter-count,hashlink,2,0.389488
u64,ahash,128,iter-count,micro,2,38.667378
u64,ahash,128,iter-count,baseline,2,39.140625
u64,ahash,128,iter-count,lru,3,0.400551
u64,ahash,128,iter-count,hashlink,3,0.393167
u64,ahash,128,iter-count,micro,3,37.876978
u64,ahash,128,iter-count,baseline,3,37.469736
u64,ahash,128,iter-count,quick_cache,3,55.212460
u64,ahash,128,iter-count,hashlink,4,0.395348
u64,ahash,128,iter-count,micro,4,37.881704
u64,ahash,128,iter-count,baseline,4,37.573655
u64,ahash,128,iter-count,quick_cache,4,54.847218
u64,ahash,128,iter-count,lru,4,0.392962
u64,ahash,1024,get-hit,micro,0,2.030319
u64,ahash,1024,get-hit,baseline,0,1.982543
u64,ahash,1024,get-hit,quick_cache,0,2.158550
u64,ahash,1024,get-hit,lru,0,3.554467
u64,ahash,1024,get-hit,hashlink,0,3.432800
u64,ahash,1024,get-hit,baseline,1,1.987904
u64,ahash,1024,get-hit,quick_cache,1,2.118767
u64,ahash,1024,get-hit,lru,1,3.510878
u64,ahash,1024,get-hit,hashlink,1,3.367386
u64,ahash,1024,get-hit,micro,1,2.016899
u64,ahash,1024,get-hit,quick_cache,2,2.125352
u64,ahash,1024,get-hit,lru,2,3.559298
u64,ahash,1024,get-hit,hashlink,2,3.373872
u64,ahash,1024,get-hit,micro,2,2.035636
u64,ahash,1024,get-hit,baseline,2,2.075080
u64,ahash,1024,get-hit,lru,3,3.601024
u64,ahash,1024,get-hit,hashlink,3,3.409821
u64,ahash,1024,get-hit,micro,3,2.060737
u64,ahash,1024,get-hit,baseline,3,2.071115
u64,ahash,1024,get-hit,quick_cache,3,2.128116
u64,ahash,1024,get-hit,hashlink,4,3.411565
u64,ahash,1024,get-hit,micro,4,2.031021
u64,ahash,1024,get-hit,baseline,4,2.081575
u64,ahash,1024,get-hit,quick_cache,4,2.138744
u64,ahash,1024,get-hit,lru,4,3.549869
u64,ahash,1024,get-miss,micro,0,1.573053
u64,ahash,1024,get-miss,baseline,0,1.553530
u64,ahash,1024,get-miss,quick_cache,0,1.573554
u64,ahash,1024,get-miss,lru,0,1.930210
u64,ahash,1024,get-miss,hashlink,0,1.517977
u64,ahash,1024,get-miss,baseline,1,1.551914
u64,ahash,1024,get-miss,quick_cache,1,1.553616
u64,ahash,1024,get-miss,lru,1,1.910607
u64,ahash,1024,get-miss,hashlink,1,1.499575
u64,ahash,1024,get-miss,micro,1,1.564340
u64,ahash,1024,get-miss,quick_cache,2,1.555039
u64,ahash,1024,get-miss,lru,2,1.958538
u64,ahash,1024,get-miss,hashlink,2,1.518586
u64,ahash,1024,get-miss,micro,2,1.583823
u64,ahash,1024,get-miss,baseline,2,1.560422
u64,ahash,1024,get-miss,lru,3,1.902895
u64,ahash,1024,get-miss,hashlink,3,1.502970
u64,ahash,1024,get-miss,micro,3,1.585637
u64,ahash,1024,get-miss,baseline,3,1.594919
u64,ahash,1024,get-miss,quick_cache,3,1.610271
u64,ahash,1024,get-miss,hashlink,4,1.529291
u64,ahash,1024,get-miss,micro,4,1.561786
u64,ahash,1024,get-miss,baseline,4,1.549550
u64,ahash,1024,get-miss,quick_cache,4,1.562998
u64,ahash,1024,get-miss,lru,4,1.903659
u64,ahash,1024,update,micro,0,2.013909
u64,ahash,1024,update,baseline,0,1.994616
u64,ahash,1024,update,quick_cache,0,3.304375
u64,ahash,1024,update,lru,0,3.230446
u64,ahash,1024,update,hashlink,0,3.814277
u64,ahash,1024,update,baseline,1,1.957346
u64,ahash,1024,update,quick_cache,1,3.387358
u64,ahash,1024,update,lru,1,3.231027
u64,ahash,1024,update,hashlink,1,3.818459
u64,ahash,1024,update,micro,1,1.967432
u64,ahash,1024,update,quick_cache,2,3.396776
u64,ahash,1024,update,lru,2,3.254578
u64,ahash,1024,update,hashlink,2,3.808562
u64,ahash,1024,update,micro,2,1.948390
u64,ahash,1024,update,baseline,2,1.964222
u64,ahash,1024,update,lru,3,3.231606
u64,ahash,1024,update,hashlink,3,3.814751
u64,ahash,1024,update,micro,3,1.939158
u64,ahash,1024,update,baseline,3,1.930343
u64,ahash,1024,update,quick_cache,3,3.458034
u64,ahash,1024,update,hashlink,4,3.915936
u64,ahash,1024,update,micro,4,2.015445
u64,ahash,1024,update,baseline,4,1.998321
u64,ahash,1024,update,quick_cache,4,3.390438
u64,ahash,1024,update,lru,4,3.236916
u64,ahash,1024,insert-cycle,micro,0,11.805664
u64,ahash,1024,insert-cycle,baseline,0,10.875561
u64,ahash,1024,insert-cycle,quick_cache,0,8.178600
u64,ahash,1024,insert-cycle,lru,0,17.708284
u64,ahash,1024,insert-cycle,hashlink,0,17.402200
u64,ahash,1024,insert-cycle,baseline,1,10.800530
u64,ahash,1024,insert-cycle,quick_cache,1,8.117112
u64,ahash,1024,insert-cycle,lru,1,17.236277
u64,ahash,1024,insert-cycle,hashlink,1,17.140943
u64,ahash,1024,insert-cycle,micro,1,11.818017
u64,ahash,1024,insert-cycle,quick_cache,2,8.328641
u64,ahash,1024,insert-cycle,lru,2,16.795305
u64,ahash,1024,insert-cycle,hashlink,2,17.039931
u64,ahash,1024,insert-cycle,micro,2,11.345808
u64,ahash,1024,insert-cycle,baseline,2,10.463170
u64,ahash,1024,insert-cycle,lru,3,16.627392
u64,ahash,1024,insert-cycle,hashlink,3,17.011505
u64,ahash,1024,insert-cycle,micro,3,11.367839
u64,ahash,1024,insert-cycle,baseline,3,10.318524
u64,ahash,1024,insert-cycle,quick_cache,3,8.118124
u64,ahash,1024,insert-cycle,hashlink,4,17.117999
u64,ahash,1024,insert-cycle,micro,4,11.536929
u64,ahash,1024,insert-cycle,baseline,4,10.601527
u64,ahash,1024,insert-cycle,quick_cache,4,8.314690
u64,ahash,1024,insert-cycle,lru,4,17.239677
u64,ahash,1024,mixed-95,micro,0,2.657553
u64,ahash,1024,mixed-95,baseline,0,2.670705
u64,ahash,1024,mixed-95,quick_cache,0,5.372405
u64,ahash,1024,mixed-95,lru,0,3.238241
u64,ahash,1024,mixed-95,hashlink,0,3.184915
u64,ahash,1024,mixed-95,baseline,1,2.662221
u64,ahash,1024,mixed-95,quick_cache,1,5.330265
u64,ahash,1024,mixed-95,lru,1,3.305912
u64,ahash,1024,mixed-95,hashlink,1,3.219028
u64,ahash,1024,mixed-95,micro,1,2.693892
u64,ahash,1024,mixed-95,quick_cache,2,5.360444
u64,ahash,1024,mixed-95,lru,2,3.278275
u64,ahash,1024,mixed-95,hashlink,2,3.224373
u64,ahash,1024,mixed-95,micro,2,2.683163
u64,ahash,1024,mixed-95,baseline,2,2.682567
u64,ahash,1024,mixed-95,lru,3,3.237029
u64,ahash,1024,mixed-95,hashlink,3,3.211657
u64,ahash,1024,mixed-95,micro,3,2.688070
u64,ahash,1024,mixed-95,baseline,3,2.669652
u64,ahash,1024,mixed-95,quick_cache,3,5.360246
u64,ahash,1024,mixed-95,hashlink,4,3.141662
u64,ahash,1024,mixed-95,micro,4,2.720594
u64,ahash,1024,mixed-95,baseline,4,2.661983
u64,ahash,1024,mixed-95,quick_cache,4,5.564630
u64,ahash,1024,mixed-95,lru,4,3.348549
u64,ahash,1024,load-hit,micro,0,2.275676
u64,ahash,1024,load-hit,baseline,0,2.304493
u64,ahash,1024,load-hit,quick_cache,0,3.314044
u64,ahash,1024,load-hit,lru,0,3.315647
u64,ahash,1024,load-hit,hashlink,0,3.213135
u64,ahash,1024,load-hit,baseline,1,2.309227
u64,ahash,1024,load-hit,quick_cache,1,3.182247
u64,ahash,1024,load-hit,lru,1,3.293174
u64,ahash,1024,load-hit,hashlink,1,3.245126
u64,ahash,1024,load-hit,micro,1,2.269886
u64,ahash,1024,load-hit,quick_cache,2,3.170671
u64,ahash,1024,load-hit,lru,2,3.295718
u64,ahash,1024,load-hit,hashlink,2,3.242695
u64,ahash,1024,load-hit,micro,2,2.268285
u64,ahash,1024,load-hit,baseline,2,2.450867
u64,ahash,1024,load-hit,lru,3,3.290357
u64,ahash,1024,load-hit,hashlink,3,3.247197
u64,ahash,1024,load-hit,micro,3,2.227105
u64,ahash,1024,load-hit,baseline,3,2.262068
u64,ahash,1024,load-hit,quick_cache,3,3.175275
u64,ahash,1024,load-hit,hashlink,4,3.235042
u64,ahash,1024,load-hit,micro,4,2.272523
u64,ahash,1024,load-hit,baseline,4,2.452596
u64,ahash,1024,load-hit,quick_cache,4,3.166199
u64,ahash,1024,load-hit,lru,4,3.287724
u64,ahash,1024,load-cycle,micro,0,11.521656
u64,ahash,1024,load-cycle,baseline,0,11.776855
u64,ahash,1024,load-cycle,quick_cache,0,8.692995
u64,ahash,1024,load-cycle,lru,0,17.027170
u64,ahash,1024,load-cycle,hashlink,0,19.779733
u64,ahash,1024,load-cycle,baseline,1,11.748375
u64,ahash,1024,load-cycle,quick_cache,1,8.405647
u64,ahash,1024,load-cycle,lru,1,15.728022
u64,ahash,1024,load-cycle,hashlink,1,18.954026
u64,ahash,1024,load-cycle,micro,1,11.986376
u64,ahash,1024,load-cycle,quick_cache,2,8.493178
u64,ahash,1024,load-cycle,lru,2,15.885107
u64,ahash,1024,load-cycle,hashlink,2,18.810566
u64,ahash,1024,load-cycle,micro,2,11.362161
u64,ahash,1024,load-cycle,baseline,2,11.082086
u64,ahash,1024,load-cycle,lru,3,15.447245
u64,ahash,1024,load-cycle,hashlink,3,18.849434
u64,ahash,1024,load-cycle,micro,3,11.080555
u64,ahash,1024,load-cycle,baseline,3,10.809204
u64,ahash,1024,load-cycle,quick_cache,3,8.439922
u64,ahash,1024,load-cycle,hashlink,4,18.818654
u64,ahash,1024,load-cycle,micro,4,10.955811
u64,ahash,1024,load-cycle,baseline,4,10.819379
u64,ahash,1024,load-cycle,quick_cache,4,8.490827
u64,ahash,1024,load-cycle,lru,4,15.927299
u64,ahash,1024,clear-refill,micro,0,4914.757774
u64,ahash,1024,clear-refill,baseline,0,4975.124378
u64,ahash,1024,clear-refill,quick_cache,0,5845.005837
u64,ahash,1024,clear-refill,lru,0,24146.336000
u64,ahash,1024,clear-refill,hashlink,0,15418.589744
u64,ahash,1024,clear-refill,baseline,1,5130.056410
u64,ahash,1024,clear-refill,quick_cache,1,5965.870775
u64,ahash,1024,clear-refill,lru,1,21767.210145
u64,ahash,1024,clear-refill,hashlink,1,14918.935644
u64,ahash,1024,clear-refill,micro,1,4880.826016
u64,ahash,1024,clear-refill,quick_cache,2,5896.856582
u64,ahash,1024,clear-refill,lru,2,22847.219697
u64,ahash,1024,clear-refill,hashlink,2,14928.069652
u64,ahash,1024,clear-refill,micro,2,4880.827642
u64,ahash,1024,clear-refill,baseline,2,4979.684909
u64,ahash,1024,clear-refill,lru,3,21867.456522
u64,ahash,1024,clear-refill,hashlink,3,15645.182292
u64,ahash,1024,clear-refill,micro,3,4826.969453
u64,ahash,1024,clear-refill,baseline,3,4963.360331
u64,ahash,1024,clear-refill,quick_cache,3,5836.326214
u64,ahash,1024,clear-refill,hashlink,4,15604.487047
u64,ahash,1024,clear-refill,micro,4,4895.458401
u64,ahash,1024,clear-refill,baseline,4,4955.513201
u64,ahash,1024,clear-refill,quick_cache,4,5830.017476
u64,ahash,1024,clear-refill,lru,4,21692.446043
u64,ahash,1024,clear-empty,micro,0,0.367463
u64,ahash,1024,clear-empty,baseline,0,62.038422
u64,ahash,1024,clear-empty,quick_cache,0,1.778386
u64,ahash,1024,clear-empty,lru,0,0.564049
u64,ahash,1024,clear-empty,hashlink,0,0.601340
u64,ahash,1024,clear-empty,baseline,1,61.586510
u64,ahash,1024,clear-empty,quick_cache,1,1.823565
u64,ahash,1024,clear-empty,lru,1,0.585477
u64,ahash,1024,clear-empty,hashlink,1,0.618968
u64,ahash,1024,clear-empty,micro,1,0.373947
u64,ahash,1024,clear-empty,quick_cache,2,1.760462
u64,ahash,1024,clear-empty,lru,2,0.571057
u64,ahash,1024,clear-empty,hashlink,2,0.608680
u64,ahash,1024,clear-empty,micro,2,0.371540
u64,ahash,1024,clear-empty,baseline,2,62.509516
u64,ahash,1024,clear-empty,lru,3,0.566678
u64,ahash,1024,clear-empty,hashlink,3,0.605910
u64,ahash,1024,clear-empty,micro,3,0.370436
u64,ahash,1024,clear-empty,baseline,3,62.882959
u64,ahash,1024,clear-empty,quick_cache,3,1.771739
u64,ahash,1024,clear-empty,hashlink,4,0.604294
u64,ahash,1024,clear-empty,micro,4,0.368728
u64,ahash,1024,clear-empty,baseline,4,63.083669
u64,ahash,1024,clear-empty,quick_cache,4,1.775447
u64,ahash,1024,clear-empty,lru,4,0.568990
u64,ahash,1024,iter-dense,micro,0,278.657363
u64,ahash,1024,iter-dense,baseline,0,276.436121
u64,ahash,1024,iter-dense,quick_cache,0,249.958444
u64,ahash,1024,iter-dense,lru,0,1289.580051
u64,ahash,1024,iter-dense,hashlink,0,1244.397615
u64,ahash,1024,iter-dense,baseline,1,274.343659
u64,ahash,1024,iter-dense,quick_cache,1,248.956979
u64,ahash,1024,iter-dense,lru,1,1276.938767
u64,ahash,1024,iter-dense,hashlink,1,1353.032143
u64,ahash,1024,iter-dense,micro,1,285.492686
u64,ahash,1024,iter-dense,quick_cache,2,255.981778
u64,ahash,1024,iter-dense,lru,2,1278.945101
u64,ahash,1024,iter-dense,hashlink,2,1230.215097
u64,ahash,1024,iter-dense,micro,2,275.717100
u64,ahash,1024,iter-dense,baseline,2,275.186309
u64,ahash,1024,iter-dense,lru,3,1302.644097
u64,ahash,1024,iter-dense,hashlink,3,1238.898026
u64,ahash,1024,iter-dense,micro,3,274.347405
u64,ahash,1024,iter-dense,baseline,3,274.869061
u64,ahash,1024,iter-dense,quick_cache,3,249.989611
u64,ahash,1024,iter-dense,hashlink,4,1286.315497
u64,ahash,1024,iter-dense,micro,4,275.777482
u64,ahash,1024,iter-dense,baseline,4,274.857639
u64,ahash,1024,iter-dense,quick_cache,4,248.129547
u64,ahash,1024,iter-dense,lru,4,1262.795000
u64,ahash,1024,iter-dense-for,micro,0,273.248183
u64,ahash,1024,iter-dense-for,baseline,0,273.695609
u64,ahash,1024,iter-dense-for,quick_cache,0,278.336795
u64,ahash,1024,iter-dense-for,lru,0,748.987351
u64,ahash,1024,iter-dense-for,hashlink,0,879.344334
u64,ahash,1024,iter-dense-for,baseline,1,272.475091
u64,ahash,1024,iter-dense-for,quick_cache,1,272.748547
u64,ahash,1024,iter-dense-for,lru,1,720.489265
u64,ahash,1024,iter-dense-for,hashlink,1,865.407397
u64,ahash,1024,iter-dense-for,micro,1,269.737069
u64,ahash,1024,iter-dense-for,quick_cache,2,268.848496
u64,ahash,1024,iter-dense-for,lru,2,818.127174
u64,ahash,1024,iter-dense-for,hashlink,2,971.595683
u64,ahash,1024,iter-dense-for,micro,2,273.089208
u64,ahash,1024,iter-dense-for,baseline,2,272.376993
u64,ahash,1024,iter-dense-for,lru,3,755.229250
u64,ahash,1024,iter-dense-for,hashlink,3,702.512826
u64,ahash,1024,iter-dense-for,micro,3,275.270345
u64,ahash,1024,iter-dense-for,baseline,3,276.905881
u64,ahash,1024,iter-dense-for,quick_cache,3,265.426377
u64,ahash,1024,iter-dense-for,hashlink,4,906.963642
u64,ahash,1024,iter-dense-for,micro,4,274.949597
u64,ahash,1024,iter-dense-for,baseline,4,276.556416
u64,ahash,1024,iter-dense-for,quick_cache,4,266.446200
u64,ahash,1024,iter-dense-for,lru,4,770.139600
u64,ahash,1024,iter-density-1pct,micro,0,306.623570
u64,ahash,1024,iter-density-1pct,baseline,0,304.547991
u64,ahash,1024,iter-density-1pct,quick_cache,0,164.838258
u64,ahash,1024,iter-density-1pct,lru,0,4.486997
u64,ahash,1024,iter-density-1pct,hashlink,0,4.297424
u64,ahash,1024,iter-density-1pct,baseline,1,314.837668
u64,ahash,1024,iter-density-1pct,quick_cache,1,167.675781
u64,ahash,1024,iter-density-1pct,lru,1,4.570050
u64,ahash,1024,iter-density-1pct,hashlink,1,4.338993
u64,ahash,1024,iter-density-1pct,micro,1,312.829792
u64,ahash,1024,iter-density-1pct,quick_cache,2,165.442626
u64,ahash,1024,iter-density-1pct,lru,2,4.486075
u64,ahash,1024,iter-density-1pct,hashlink,2,4.412094
u64,ahash,1024,iter-density-1pct,micro,2,321.083904
u64,ahash,1024,iter-density-1pct,baseline,2,317.906992
u64,ahash,1024,iter-density-1pct,lru,3,4.498190
u64,ahash,1024,iter-density-1pct,hashlink,3,4.319082
u64,ahash,1024,iter-density-1pct,micro,3,314.315949
u64,ahash,1024,iter-density-1pct,baseline,3,312.352886
u64,ahash,1024,iter-density-1pct,quick_cache,3,167.433984
u64,ahash,1024,iter-density-1pct,hashlink,4,4.332455
u64,ahash,1024,iter-density-1pct,micro,4,312.552083
u64,ahash,1024,iter-density-1pct,baseline,4,307.791189
u64,ahash,1024,iter-density-1pct,quick_cache,4,165.607970
u64,ahash,1024,iter-density-1pct,lru,4,4.494740
u64,ahash,1024,iter-density-6pct,micro,0,304.194478
u64,ahash,1024,iter-density-6pct,baseline,0,301.219451
u64,ahash,1024,iter-density-6pct,quick_cache,0,165.410494
u64,ahash,1024,iter-density-6pct,lru,0,53.925262
u64,ahash,1024,iter-density-6pct,hashlink,0,53.271484
u64,ahash,1024,iter-density-6pct,baseline,1,300.485923
u64,ahash,1024,iter-density-6pct,quick_cache,1,165.162852
u64,ahash,1024,iter-density-6pct,lru,1,53.803751
u64,ahash,1024,iter-density-6pct,hashlink,1,52.941347
u64,ahash,1024,iter-density-6pct,micro,1,299.043790
u64,ahash,1024,iter-density-6pct,quick_cache,2,164.774165
u64,ahash,1024,iter-density-6pct,lru,2,54.009451
u64,ahash,1024,iter-density-6pct,hashlink,2,52.951634
u64,ahash,1024,iter-density-6pct,micro,2,301.635350
u64,ahash,1024,iter-density-6pct,baseline,2,311.167736
u64,ahash,1024,iter-density-6pct,lru,3,56.370662
u64,ahash,1024,iter-density-6pct,hashlink,3,54.322579
u64,ahash,1024,iter-density-6pct,micro,3,274.621619
u64,ahash,1024,iter-density-6pct,baseline,3,275.602548
u64,ahash,1024,iter-density-6pct,quick_cache,3,162.557355
u64,ahash,1024,iter-density-6pct,hashlink,4,51.849399
u64,ahash,1024,iter-density-6pct,micro,4,295.646619
u64,ahash,1024,iter-density-6pct,baseline,4,287.529434
u64,ahash,1024,iter-density-6pct,quick_cache,4,163.456827
u64,ahash,1024,iter-density-6pct,lru,4,52.380133
u64,ahash,1024,iter-density-quarter,micro,0,257.327397
u64,ahash,1024,iter-density-quarter,baseline,0,257.470034
u64,ahash,1024,iter-density-quarter,quick_cache,0,196.440246
u64,ahash,1024,iter-density-quarter,lru,0,315.831965
u64,ahash,1024,iter-density-quarter,hashlink,0,292.006308
u64,ahash,1024,iter-density-quarter,baseline,1,258.461777
u64,ahash,1024,iter-density-quarter,quick_cache,1,196.570886
u64,ahash,1024,iter-density-quarter,lru,1,303.423341
u64,ahash,1024,iter-density-quarter,hashlink,1,313.259583
u64,ahash,1024,iter-density-quarter,micro,1,257.823231
u64,ahash,1024,iter-density-quarter,quick_cache,2,196.942151
u64,ahash,1024,iter-density-quarter,lru,2,301.957697
u64,ahash,1024,iter-density-quarter,hashlink,2,293.656445
u64,ahash,1024,iter-density-quarter,micro,2,258.831181
u64,ahash,1024,iter-density-quarter,baseline,2,260.633681
u64,ahash,1024,iter-density-quarter,lru,3,308.081455
u64,ahash,1024,iter-density-quarter,hashlink,3,321.266695
u64,ahash,1024,iter-density-quarter,micro,3,268.534196
u64,ahash,1024,iter-density-quarter,baseline,3,267.197917
u64,ahash,1024,iter-density-quarter,quick_cache,3,198.152888
u64,ahash,1024,iter-density-quarter,hashlink,4,307.074653
u64,ahash,1024,iter-density-quarter,micro,4,257.959135
u64,ahash,1024,iter-density-quarter,baseline,4,261.385097
u64,ahash,1024,iter-density-quarter,quick_cache,4,201.585435
u64,ahash,1024,iter-density-quarter,lru,4,341.122159
u64,ahash,1024,iter-density-half,micro,0,282.599115
u64,ahash,1024,iter-density-half,baseline,0,257.345205
u64,ahash,1024,iter-density-half,quick_cache,0,226.051054
u64,ahash,1024,iter-density-half,lru,0,618.583676
u64,ahash,1024,iter-density-half,hashlink,0,617.555921
u64,ahash,1024,iter-density-half,baseline,1,264.165141
u64,ahash,1024,iter-density-half,quick_cache,1,214.504852
u64,ahash,1024,iter-density-half,lru,1,608.282863
u64,ahash,1024,iter-density-half,hashlink,1,597.104035
u64,ahash,1024,iter-density-half,micro,1,256.910017
u64,ahash,1024,iter-density-half,quick_cache,2,220.753676
u64,ahash,1024,iter-density-half,lru,2,629.255872
u64,ahash,1024,iter-density-half,hashlink,2,596.650910
u64,ahash,1024,iter-density-half,micro,2,261.024306
u64,ahash,1024,iter-density-half,baseline,2,262.147957
u64,ahash,1024,iter-density-half,lru,3,611.032062
u64,ahash,1024,iter-density-half,hashlink,3,606.199597
u64,ahash,1024,iter-density-half,micro,3,261.497563
u64,ahash,1024,iter-density-half,baseline,3,268.132500
u64,ahash,1024,iter-density-half,quick_cache,3,233.053583
u64,ahash,1024,iter-density-half,hashlink,4,656.341128
u64,ahash,1024,iter-density-half,micro,4,262.637868
u64,ahash,1024,iter-density-half,baseline,4,266.727273
u64,ahash,1024,iter-density-half,quick_cache,4,227.583283
u64,ahash,1024,iter-density-half,lru,4,623.413286
u64,ahash,1024,iter-front,micro,0,258.544249
u64,ahash,1024,iter-front,baseline,0,259.197341
u64,ahash,1024,iter-front,quick_cache,0,165.240757
u64,ahash,1024,iter-front,lru,0,1.201111
u64,ahash,1024,iter-front,hashlink,0,1.170470
u64,ahash,1024,iter-front,baseline,1,263.580495
u64,ahash,1024,iter-front,quick_cache,1,166.722191
u64,ahash,1024,iter-front,lru,1,1.203868
u64,ahash,1024,iter-front,hashlink,1,1.184011
u64,ahash,1024,iter-front,micro,1,263.646243
u64,ahash,1024,iter-front,quick_cache,2,165.723498
u64,ahash,1024,iter-front,lru,2,1.201831
u64,ahash,1024,iter-front,hashlink,2,1.154727
u64,ahash,1024,iter-front,micro,2,262.326117
u64,ahash,1024,iter-front,baseline,2,258.490444
u64,ahash,1024,iter-front,lru,3,1.204966
u64,ahash,1024,iter-front,hashlink,3,1.186514
u64,ahash,1024,iter-front,micro,3,261.298050
u64,ahash,1024,iter-front,baseline,3,258.511966
u64,ahash,1024,iter-front,quick_cache,3,165.799415
u64,ahash,1024,iter-front,hashlink,4,1.197639
u64,ahash,1024,iter-front,micro,4,270.559438
u64,ahash,1024,iter-front,baseline,4,261.733287
u64,ahash,1024,iter-front,quick_cache,4,166.159679
u64,ahash,1024,iter-front,lru,4,1.227126
u64,ahash,1024,iter-back,micro,0,261.882420
u64,ahash,1024,iter-back,baseline,0,258.429494
u64,ahash,1024,iter-back,quick_cache,0,165.121589
u64,ahash,1024,iter-back,lru,0,1.208119
u64,ahash,1024,iter-back,hashlink,0,1.170880
u64,ahash,1024,iter-back,baseline,1,263.214111
u64,ahash,1024,iter-back,quick_cache,1,164.787895
u64,ahash,1024,iter-back,lru,1,1.228864
u64,ahash,1024,iter-back,hashlink,1,1.209475
u64,ahash,1024,iter-back,micro,1,266.240970
u64,ahash,1024,iter-back,quick_cache,2,166.217257
u64,ahash,1024,iter-back,lru,2,1.203713
u64,ahash,1024,iter-back,hashlink,2,1.164973
u64,ahash,1024,iter-back,micro,2,262.732756
u64,ahash,1024,iter-back,baseline,2,258.558626
u64,ahash,1024,iter-back,lru,3,1.204069
u64,ahash,1024,iter-back,hashlink,3,1.193067
u64,ahash,1024,iter-back,micro,3,262.504365
u64,ahash,1024,iter-back,baseline,3,259.218836
u64,ahash,1024,iter-back,quick_cache,3,164.533114
u64,ahash,1024,iter-back,hashlink,4,1.153591
u64,ahash,1024,iter-back,micro,4,264.513644
u64,ahash,1024,iter-back,baseline,4,268.121250
u64,ahash,1024,iter-back,quick_cache,4,169.144144
u64,ahash,1024,iter-back,lru,4,1.211804
u64,ahash,1024,iter-empty,micro,0,261.334349
u64,ahash,1024,iter-empty,baseline,0,258.375689
u64,ahash,1024,iter-empty,quick_cache,0,166.481992
u64,ahash,1024,iter-empty,lru,0,0.999765
u64,ahash,1024,iter-empty,hashlink,0,1.011349
u64,ahash,1024,iter-empty,baseline,1,259.405905
u64,ahash,1024,iter-empty,quick_cache,1,164.762742
u64,ahash,1024,iter-empty,lru,1,0.998637
u64,ahash,1024,iter-empty,hashlink,1,1.016095
u64,ahash,1024,iter-empty,micro,1,261.096615
u64,ahash,1024,iter-empty,quick_cache,2,164.722643
u64,ahash,1024,iter-empty,lru,2,0.996948
u64,ahash,1024,iter-empty,hashlink,2,1.011131
u64,ahash,1024,iter-empty,micro,2,261.646240
u64,ahash,1024,iter-empty,baseline,2,257.773180
u64,ahash,1024,iter-empty,lru,3,1.045454
u64,ahash,1024,iter-empty,hashlink,3,1.012342
u64,ahash,1024,iter-empty,micro,3,259.197341
u64,ahash,1024,iter-empty,baseline,3,257.181079
u64,ahash,1024,iter-empty,quick_cache,3,164.333844
u64,ahash,1024,iter-empty,hashlink,4,1.009334
u64,ahash,1024,iter-empty,micro,4,258.145175
u64,ahash,1024,iter-empty,baseline,4,256.627818
u64,ahash,1024,iter-empty,quick_cache,4,165.096391
u64,ahash,1024,iter-empty,lru,4,1.016679
u64,ahash,1024,iter-count,micro,0,269.605202
u64,ahash,1024,iter-count,baseline,0,261.566840
u64,ahash,1024,iter-count,quick_cache,0,483.378906
u64,ahash,1024,iter-count,lru,0,0.388306
u64,ahash,1024,iter-count,hashlink,0,0.394144
u64,ahash,1024,iter-count,baseline,1,258.084918
u64,ahash,1024,iter-count,quick_cache,1,485.533906
u64,ahash,1024,iter-count,lru,1,0.388617
u64,ahash,1024,iter-count,hashlink,1,0.390292
u64,ahash,1024,iter-count,micro,1,258.414062
u64,ahash,1024,iter-count,quick_cache,2,484.915313
u64,ahash,1024,iter-count,lru,2,0.387517
u64,ahash,1024,iter-count,hashlink,2,0.389418
u64,ahash,1024,iter-count,micro,2,257.961107
u64,ahash,1024,iter-count,baseline,2,255.802734
u64,ahash,1024,iter-count,lru,3,0.389004
u64,ahash,1024,iter-count,hashlink,3,0.389281
u64,ahash,1024,iter-count,micro,3,259.882388
u64,ahash,1024,iter-count,baseline,3,255.615234
u64,ahash,1024,iter-count,quick_cache,3,472.877656
u64,ahash,1024,iter-count,hashlink,4,0.378464
u64,ahash,1024,iter-count,micro,4,254.657746
u64,ahash,1024,iter-count,baseline,4,252.884641
u64,ahash,1024,iter-count,quick_cache,4,467.804688
u64,ahash,1024,iter-count,lru,4,0.389988
u64,ahash,16384,get-hit,micro,0,3.418205
u64,ahash,16384,get-hit,baseline,0,3.629326
u64,ahash,16384,get-hit,quick_cache,0,3.994541
u64,ahash,16384,get-hit,lru,0,6.921923
u64,ahash,16384,get-hit,hashlink,0,6.910504
u64,ahash,16384,get-hit,baseline,1,3.676707
u64,ahash,16384,get-hit,quick_cache,1,3.744684
u64,ahash,16384,get-hit,lru,1,6.890756
u64,ahash,16384,get-hit,hashlink,1,6.896500
u64,ahash,16384,get-hit,micro,1,3.399460
u64,ahash,16384,get-hit,quick_cache,2,3.929246
u64,ahash,16384,get-hit,lru,2,6.851291
u64,ahash,16384,get-hit,hashlink,2,6.909311
u64,ahash,16384,get-hit,micro,2,3.397530
u64,ahash,16384,get-hit,baseline,2,3.616432
u64,ahash,16384,get-hit,lru,3,6.918636
u64,ahash,16384,get-hit,hashlink,3,6.860333
u64,ahash,16384,get-hit,micro,3,3.401203
u64,ahash,16384,get-hit,baseline,3,3.504242
u64,ahash,16384,get-hit,quick_cache,3,3.800015
u64,ahash,16384,get-hit,hashlink,4,6.949274
u64,ahash,16384,get-hit,micro,4,3.466000
u64,ahash,16384,get-hit,baseline,4,3.585716
u64,ahash,16384,get-hit,quick_cache,4,4.049561
u64,ahash,16384,get-hit,lru,4,6.949371
u64,ahash,16384,get-miss,micro,0,2.081582
u64,ahash,16384,get-miss,baseline,0,2.062193
u64,ahash,16384,get-miss,quick_cache,0,2.055760
u64,ahash,16384,get-miss,lru,0,2.342694
u64,ahash,16384,get-miss,hashlink,0,1.927961
u64,ahash,16384,get-miss,baseline,1,2.003154
u64,ahash,16384,get-miss,quick_cache,1,2.068481
u64,ahash,16384,get-miss,lru,1,2.348060
u64,ahash,16384,get-miss,hashlink,1,1.907111
u64,ahash,16384,get-miss,micro,1,2.032173
u64,ahash,16384,get-miss,quick_cache,2,2.029559
u64,ahash,16384,get-miss,lru,2,2.359537
u64,ahash,16384,get-miss,hashlink,2,1.922128
u64,ahash,16384,get-miss,micro,2,1.985155
u64,ahash,16384,get-miss,baseline,2,2.026918
u64,ahash,16384,get-miss,lru,3,2.341431
u64,ahash,16384,get-miss,hashlink,3,1.917150
u64,ahash,16384,get-miss,micro,3,2.012791
u64,ahash,16384,get-miss,baseline,3,1.990213
u64,ahash,16384,get-miss,quick_cache,3,2.029588
u64,ahash,16384,get-miss,hashlink,4,1.915296
u64,ahash,16384,get-miss,micro,4,2.004349
u64,ahash,16384,get-miss,baseline,4,2.009824
u64,ahash,16384,get-miss,quick_cache,4,2.018241
u64,ahash,16384,get-miss,lru,4,2.370428
u64,ahash,16384,update,micro,0,3.250077
u64,ahash,16384,update,baseline,0,3.379145
u64,ahash,16384,update,quick_cache,0,6.592342
u64,ahash,16384,update,lru,0,6.472046
u64,ahash,16384,update,hashlink,0,7.750193
u64,ahash,16384,update,baseline,1,3.213938
u64,ahash,16384,update,quick_cache,1,6.504527
u64,ahash,16384,update,lru,1,6.446081
u64,ahash,16384,update,hashlink,1,7.726351
u64,ahash,16384,update,micro,1,3.233837
u64,ahash,16384,update,quick_cache,2,6.463747
u64,ahash,16384,update,lru,2,6.492391
u64,ahash,16384,update,hashlink,2,7.729741
u64,ahash,16384,update,micro,2,3.245936
u64,ahash,16384,update,baseline,2,3.210317
u64,ahash,16384,update,lru,3,6.442064
u64,ahash,16384,update,hashlink,3,7.754644
u64,ahash,16384,update,micro,3,3.247916
u64,ahash,16384,update,baseline,3,3.214518
u64,ahash,16384,update,quick_cache,3,6.455984
u64,ahash,16384,update,hashlink,4,7.755704
u64,ahash,16384,update,micro,4,3.294218
u64,ahash,16384,update,baseline,4,3.198950
u64,ahash,16384,update,quick_cache,4,6.500154
u64,ahash,16384,update,lru,4,6.636394
u64,ahash,16384,insert-cycle,micro,0,27.980171
u64,ahash,16384,insert-cycle,baseline,0,27.485214
u64,ahash,16384,insert-cycle,quick_cache,0,11.519432
u64,ahash,16384,insert-cycle,lru,0,28.064728
u64,ahash,16384,insert-cycle,hashlink,0,27.554192
u64,ahash,16384,insert-cycle,baseline,1,27.082764
u64,ahash,16384,insert-cycle,quick_cache,1,11.520863
u64,ahash,16384,insert-cycle,lru,1,28.553009
u64,ahash,16384,insert-cycle,hashlink,1,27.519859
u64,ahash,16384,insert-cycle,micro,1,26.979446
u64,ahash,16384,insert-cycle,quick_cache,2,11.298848
u64,ahash,16384,insert-cycle,lru,2,27.967766
u64,ahash,16384,insert-cycle,hashlink,2,27.534164
u64,ahash,16384,insert-cycle,micro,2,26.968956
u64,ahash,16384,insert-cycle,baseline,2,26.975632
u64,ahash,16384,insert-cycle,lru,3,27.860962
u64,ahash,16384,insert-cycle,hashlink,3,27.563728
u64,ahash,16384,insert-cycle,micro,3,26.816689
u64,ahash,16384,insert-cycle,baseline,3,26.464462
u64,ahash,16384,insert-cycle,quick_cache,3,11.681080
u64,ahash,16384,insert-cycle,hashlink,4,27.977310
u64,ahash,16384,insert-cycle,micro,4,27.266502
u64,ahash,16384,insert-cycle,baseline,4,27.417496
u64,ahash,16384,insert-cycle,quick_cache,4,11.127757
u64,ahash,16384,insert-cycle,lru,4,28.214455
u64,ahash,16384,mixed-95,micro,0,4.286945
u64,ahash,16384,mixed-95,baseline,0,4.399657
u64,ahash,16384,mixed-95,quick_cache,0,5.191863
u64,ahash,16384,mixed-95,lru,0,6.893436
u64,ahash,16384,mixed-95,hashlink,0,7.291774
u64,ahash,16384,mixed-95,baseline,1,4.568815
u64,ahash,16384,mixed-95,quick_cache,1,5.244056
u64,ahash,16384,mixed-95,lru,1,7.029752
u64,ahash,16384,mixed-95,hashlink,1,7.201175
u64,ahash,16384,mixed-95,micro,1,4.632373
u64,ahash,16384,mixed-95,quick_cache,2,5.192161
u64,ahash,16384,mixed-95,lru,2,6.911814
u64,ahash,16384,mixed-95,hashlink,2,7.190863
u64,ahash,16384,mixed-95,micro,2,4.617175
u64,ahash,16384,mixed-95,baseline,2,4.516204
u64,ahash,16384,mixed-95,lru,3,7.107337
u64,ahash,16384,mixed-95,hashlink,3,7.198334
u64,ahash,16384,mixed-95,micro,3,4.581571
u64,ahash,16384,mixed-95,baseline,3,4.408737
u64,ahash,16384,mixed-95,quick_cache,3,5.217095
u64,ahash,16384,mixed-95,hashlink,4,7.346531
u64,ahash,16384,mixed-95,micro,4,4.538397
u64,ahash,16384,mixed-95,baseline,4,4.046679
u64,ahash,16384,mixed-95,quick_cache,4,4.730105
u64,ahash,16384,mixed-95,lru,4,6.279449
u64,ahash,16384,load-hit,micro,0,3.703210
u64,ahash,16384,load-hit,baseline,0,3.808090
u64,ahash,16384,load-hit,quick_cache,0,5.992274
u64,ahash,16384,load-hit,lru,0,6.330819
u64,ahash,16384,load-hit,hashlink,0,6.544024
u64,ahash,16384,load-hit,baseline,1,3.878463
u64,ahash,16384,load-hit,quick_cache,1,5.854450
u64,ahash,16384,load-hit,lru,1,6.109111
u64,ahash,16384,load-hit,hashlink,1,6.325557
u64,ahash,16384,load-hit,micro,1,3.745099
u64,ahash,16384,load-hit,quick_cache,2,5.762735
u64,ahash,16384,load-hit,lru,2,6.082087
u64,ahash,16384,load-hit,hashlink,2,6.301191
u64,ahash,16384,load-hit,micro,2,3.770063
u64,ahash,16384,load-hit,baseline,2,3.860795
u64,ahash,16384,load-hit,lru,3,6.084086
u64,ahash,16384,load-hit,hashlink,3,6.290414
u64,ahash,16384,load-hit,micro,3,3.830115
u64,ahash,16384,load-hit,baseline,3,3.867434
u64,ahash,16384,load-hit,quick_cache,3,5.777437
u64,ahash,16384,load-hit,hashlink,4,6.334940
u64,ahash,16384,load-hit,micro,4,3.836366
u64,ahash,16384,load-hit,baseline,4,3.966192
u64,ahash,16384,load-hit,quick_cache,4,5.787771
u64,ahash,16384,load-hit,lru,4,6.077833
u64,ahash,16384,load-cycle,micro,0,27.781487
u64,ahash,16384,load-cycle,baseline,0,28.151833
u64,ahash,16384,load-cycle,quick_cache,0,11.712395
u64,ahash,16384,load-cycle,lru,0,27.235985
u64,ahash,16384,load-cycle,hashlink,0,29.585205
u64,ahash,16384,load-cycle,baseline,1,27.845383
u64,ahash,16384,load-cycle,quick_cache,1,11.226793
u64,ahash,16384,load-cycle,lru,1,26.264191
u64,ahash,16384,load-cycle,hashlink,1,29.612541
u64,ahash,16384,load-cycle,micro,1,27.703606
u64,ahash,16384,load-cycle,quick_cache,2,11.080987
u64,ahash,16384,load-cycle,lru,2,26.021324
u64,ahash,16384,load-cycle,hashlink,2,29.499695
u64,ahash,16384,load-cycle,micro,2,27.729988
u64,ahash,16384,load-cycle,baseline,2,27.760185
u64,ahash,16384,load-cycle,lru,3,26.094757
u64,ahash,16384,load-cycle,hashlink,3,29.618904
u64,ahash,16384,load-cycle,micro,3,27.287170
u64,ahash,16384,load-cycle,baseline,3,27.551651
u64,ahash,16384,load-cycle,quick_cache,3,11.137221
u64,ahash,16384,load-cycle,hashlink,4,29.295921
u64,ahash,16384,load-cycle,micro,4,28.312363
u64,ahash,16384,load-cycle,baseline,4,28.697968
u64,ahash,16384,load-cycle,quick_cache,4,11.046234
u64,ahash,16384,load-cycle,lru,4,26.507690
u64,ahash,16384,clear-refill,micro,0,86669.057143
u64,ahash,16384,clear-refill,baseline,0,87164.285714
u64,ahash,16384,clear-refill,quick_cache,0,98395.161290
u64,ahash,16384,clear-refill,lru,0,412807.250000
u64,ahash,16384,clear-refill,hashlink,0,254576.333333
u64,ahash,16384,clear-refill,baseline,1,86359.542857
u64,ahash,16384,clear-refill,quick_cache,1,97798.387097
u64,ahash,16384,clear-refill,lru,1,442119.142857
u64,ahash,16384,clear-refill,hashlink,1,254899.333333
u64,ahash,16384,clear-refill,micro,1,86757.142857
u64,ahash,16384,clear-refill,quick_cache,2,98369.612903
u64,ahash,16384,clear-refill,lru,2,419656.250000
u64,ahash,16384,clear-refill,hashlink,2,258069.500000
u64,ahash,16384,clear-refill,micro,2,87057.142857
u64,ahash,16384,clear-refill,baseline,2,86707.142857
u64,ahash,16384,clear-refill,lru,3,432994.000000
u64,ahash,16384,clear-refill,hashlink,3,259486.166667
u64,ahash,16384,clear-refill,micro,3,86675.000000
u64,ahash,16384,clear-refill,baseline,3,88502.441176
u64,ahash,16384,clear-refill,quick_cache,3,100826.366667
u64,ahash,16384,clear-refill,hashlink,4,284454.545455
u64,ahash,16384,clear-refill,micro,4,88971.823529
u64,ahash,16384,clear-refill,baseline,4,88408.088235
u64,ahash,16384,clear-refill,quick_cache,4,99094.064516
u64,ahash,16384,clear-refill,lru,4,428244.875000
u64,ahash,16384,clear-empty,micro,0,0.370600
u64,ahash,16384,clear-empty,baseline,0,317.004540
u64,ahash,16384,clear-empty,quick_cache,0,1.746606
u64,ahash,16384,clear-empty,lru,0,0.565994
u64,ahash,16384,clear-empty,hashlink,0,0.600807
u64,ahash,16384,clear-empty,baseline,1,429.437640
u64,ahash,16384,clear-empty,quick_cache,1,1.759068
u64,ahash,16384,clear-empty,lru,1,0.568115
u64,ahash,16384,clear-empty,hashlink,1,0.601186
u64,ahash,16384,clear-empty,micro,1,0.370085
u64,ahash,16384,clear-empty,quick_cache,2,1.762100
u64,ahash,16384,clear-empty,lru,2,0.666197
u64,ahash,16384,clear-empty,hashlink,2,0.608395
u64,ahash,16384,clear-empty,micro,2,0.365052
u64,ahash,16384,clear-empty,baseline,2,388.813634
u64,ahash,16384,clear-empty,lru,3,0.554636
u64,ahash,16384,clear-empty,hashlink,3,0.602112
u64,ahash,16384,clear-empty,micro,3,0.376137
u64,ahash,16384,clear-empty,baseline,3,517.967391
u64,ahash,16384,clear-empty,quick_cache,3,1.864843
u64,ahash,16384,clear-empty,hashlink,4,0.607174
u64,ahash,16384,clear-empty,micro,4,0.368786
u64,ahash,16384,clear-empty,baseline,4,302.842849
u64,ahash,16384,clear-empty,quick_cache,4,1.705586
u64,ahash,16384,clear-empty,lru,4,0.569393
u64,ahash,16384,iter-dense,micro,0,4506.633929
u64,ahash,16384,iter-dense,baseline,0,4575.211310
u64,ahash,16384,iter-dense,quick_cache,0,5180.304276
u64,ahash,16384,iter-dense,lru,0,22367.450000
u64,ahash,16384,iter-dense,hashlink,0,21151.825000
u64,ahash,16384,iter-dense,baseline,1,4574.962798
u64,ahash,16384,iter-dense,quick_cache,1,5215.206597
u64,ahash,16384,iter-dense,lru,1,22194.012500
u64,ahash,16384,iter-dense,hashlink,1,21246.875000
u64,ahash,16384,iter-dense,micro,1,4573.535714
u64,ahash,16384,iter-dense,quick_cache,2,5172.422697
u64,ahash,16384,iter-dense,lru,2,22237.762500
u64,ahash,16384,iter-dense,hashlink,2,21138.018750
u64,ahash,16384,iter-dense,micro,2,4612.723214
u64,ahash,16384,iter-dense,baseline,2,4690.234375
u64,ahash,16384,iter-dense,lru,3,24405.593750
u64,ahash,16384,iter-dense,hashlink,3,22844.268750
u64,ahash,16384,iter-dense,micro,3,4589.904762
u64,ahash,16384,iter-dense,baseline,3,4600.074405
u64,ahash,16384,iter-dense,quick_cache,3,5177.152961
u64,ahash,16384,iter-dense,hashlink,4,22209.893750
u64,ahash,16384,iter-dense,micro,4,4612.909226
u64,ahash,16384,iter-dense,baseline,4,4617.248512
u64,ahash,16384,iter-dense,quick_cache,4,5183.524671
u64,ahash,16384,iter-dense,lru,4,21611.462500
u64,ahash,16384,iter-dense-for,micro,0,4586.805060
u64,ahash,16384,iter-dense-for,baseline,0,4593.873512
u64,ahash,16384,iter-dense-for,quick_cache,0,8111.328125
u64,ahash,16384,iter-dense-for,lru,0,16990.666667
u64,ahash,16384,iter-dense-for,hashlink,0,16701.609375
u64,ahash,16384,iter-dense-for,baseline,1,4652.529762
u64,ahash,16384,iter-dense-for,quick_cache,1,8883.758523
u64,ahash,16384,iter-dense-for,lru,1,17213.104167
u64,ahash,16384,iter-dense-for,hashlink,1,16519.531250
u64,ahash,16384,iter-dense-for,micro,1,4812.565625
u64,ahash,16384,iter-dense-for,quick_cache,2,5342.592014
u64,ahash,16384,iter-dense-for,lru,2,18323.781250
u64,ahash,16384,iter-dense-for,hashlink,2,17915.145833
u64,ahash,16384,iter-dense-for,micro,2,4643.538690
u64,ahash,16384,iter-dense-for,baseline,2,4586.495536
u64,ahash,16384,iter-dense-for,lru,3,17237.416667
u64,ahash,16384,iter-dense-for,hashlink,3,16355.468750
u64,ahash,16384,iter-dense-for,micro,3,4590.711310
u64,ahash,16384,iter-dense-for,baseline,3,4574.156250
u64,ahash,16384,iter-dense-for,quick_cache,3,5325.810764
u64,ahash,16384,iter-dense-for,hashlink,4,17447.916667
u64,ahash,16384,iter-dense-for,micro,4,4590.650298
u64,ahash,16384,iter-dense-for,baseline,4,4606.831845
u64,ahash,16384,iter-dense-for,quick_cache,4,5326.243056
u64,ahash,16384,iter-dense-for,lru,4,16351.348958
u64,ahash,16384,iter-density-1pct,micro,0,5054.208882
u64,ahash,16384,iter-density-1pct,baseline,0,5061.677632
u64,ahash,16384,iter-density-1pct,quick_cache,0,4794.662500
u64,ahash,16384,iter-density-1pct,lru,0,180.137356
u64,ahash,16384,iter-density-1pct,hashlink,0,178.509149
u64,ahash,16384,iter-density-1pct,baseline,1,5103.687500
u64,ahash,16384,iter-density-1pct,quick_cache,1,5179.276316
u64,ahash,16384,iter-density-1pct,lru,1,177.344223
u64,ahash,16384,iter-density-1pct,hashlink,1,193.540593
u64,ahash,16384,iter-density-1pct,micro,1,5289.930556
u64,ahash,16384,iter-density-1pct,quick_cache,2,4871.353125
u64,ahash,16384,iter-density-1pct,lru,2,184.432834
u64,ahash,16384,iter-density-1pct,hashlink,2,180.698519
u64,ahash,16384,iter-density-1pct,micro,2,5055.577303
u64,ahash,16384,iter-density-1pct,baseline,2,5067.503289
u64,ahash,16384,iter-density-1pct,lru,3,182.895772
u64,ahash,16384,iter-density-1pct,hashlink,3,179.515715
u64,ahash,16384,iter-density-1pct,micro,3,5088.815789
u64,ahash,16384,iter-density-1pct,baseline,3,5081.003289
u64,ahash,16384,iter-density-1pct,quick_cache,3,4854.946875
u64,ahash,16384,iter-density-1pct,hashlink,4,180.999638
u64,ahash,16384,iter-density-1pct,micro,4,5052.768092
u64,ahash,16384,iter-density-1pct,baseline,4,5076.000000
u64,ahash,16384,iter-density-1pct,quick_cache,4,5028.713816
u64,ahash,16384,iter-density-1pct,lru,4,180.999638
u64,ahash,16384,iter-density-6pct,micro,0,4761.914062
u64,ahash,16384,iter-density-6pct,baseline,0,4789.389063
u64,ahash,16384,iter-density-6pct,quick_cache,0,5063.322368
u64,ahash,16384,iter-density-6pct,lru,0,4756.771875
u64,ahash,16384,iter-density-6pct,hashlink,0,4861.393750
u64,ahash,16384,iter-density-6pct,baseline,1,4800.781250
u64,ahash,16384,iter-density-6pct,quick_cache,1,5167.626645
u64,ahash,16384,iter-density-6pct,lru,1,5141.516447
u64,ahash,16384,iter-density-6pct,hashlink,1,5008.018092
u64,ahash,16384,iter-density-6pct,micro,1,4774.673437
u64,ahash,16384,iter-density-6pct,quick_cache,2,4892.514063
u64,ahash,16384,iter-density-6pct,lru,2,5022.203947
u64,ahash,16384,iter-density-6pct,hashlink,2,5271.267361
u64,ahash,16384,iter-density-6pct,micro,2,4852.082812
u64,ahash,16384,iter-density-6pct,baseline,2,4811.067187
u64,ahash,16384,iter-density-6pct,lru,3,4824.087500
u64,ahash,16384,iter-density-6pct,hashlink,3,4778.710938
u64,ahash,16384,iter-density-6pct,micro,3,4738.412500
u64,ahash,16384,iter-density-6pct,baseline,3,4777.993750
u64,ahash,16384,iter-density-6pct,quick_cache,3,4937.363487
u64,ahash,16384,iter-density-6pct,hashlink,4,4525.546131
u64,ahash,16384,iter-density-6pct,micro,4,4811.782812
u64,ahash,16384,iter-density-6pct,baseline,4,4800.781250
u64,ahash,16384,iter-density-6pct,quick_cache,4,5065.514803
u64,ahash,16384,iter-density-6pct,lru,4,4650.918155
u64,ahash,16384,iter-density-quarter,micro,0,4132.926630
u64,ahash,16384,iter-density-quarter,baseline,0,4126.585598
u64,ahash,16384,iter-density-quarter,quick_cache,0,4900.585938
u64,ahash,16384,iter-density-quarter,lru,0,6590.970833
u64,ahash,16384,iter-density-quarter,hashlink,0,7476.862981
u64,ahash,16384,iter-density-quarter,baseline,1,4245.584239
u64,ahash,16384,iter-density-quarter,quick_cache,1,4902.668750
u64,ahash,16384,iter-density-quarter,lru,1,7430.588942
u64,ahash,16384,iter-density-quarter,hashlink,1,6474.825000
u64,ahash,16384,iter-density-quarter,micro,1,4160.269022
u64,ahash,16384,iter-density-quarter,quick_cache,2,4934.759868
u64,ahash,16384,iter-density-quarter,lru,2,7732.872596
u64,ahash,16384,iter-density-quarter,hashlink,2,7128.441964
u64,ahash,16384,iter-density-quarter,micro,2,4159.251359
u64,ahash,16384,iter-density-quarter,baseline,2,4209.182065
u64,ahash,16384,iter-density-quarter,lru,3,6837.053571
u64,ahash,16384,iter-density-quarter,hashlink,3,6009.765625
u64,ahash,16384,iter-density-quarter,micro,3,4271.779830
u64,ahash,16384,iter-density-quarter,baseline,3,4121.603261
u64,ahash,16384,iter-density-quarter,quick_cache,3,4876.953125
u64,ahash,16384,iter-density-quarter,hashlink,4,6099.039062
u64,ahash,16384,iter-density-quarter,micro,4,4113.281250
u64,ahash,16384,iter-density-quarter,baseline,4,4125.000000
u64,ahash,16384,iter-density-quarter,quick_cache,4,4912.239062
u64,ahash,16384,iter-density-quarter,lru,4,6250.695833
u64,ahash,16384,iter-density-half,micro,0,4313.269886
u64,ahash,16384,iter-density-half,baseline,0,4363.458807
u64,ahash,16384,iter-density-half,quick_cache,0,5016.791118
u64,ahash,16384,iter-density-half,lru,0,15720.484375
u64,ahash,16384,iter-density-half,hashlink,0,13292.968750
u64,ahash,16384,iter-density-half,baseline,1,4327.710227
u64,ahash,16384,iter-density-half,quick_cache,1,5018.297697
u64,ahash,16384,iter-density-half,lru,1,15283.299107
u64,ahash,16384,iter-density-half,hashlink,1,13921.875000
u64,ahash,16384,iter-density-half,micro,1,4233.470109
u64,ahash,16384,iter-density-half,quick_cache,2,4869.660937
u64,ahash,16384,iter-density-half,lru,2,15455.544643
u64,ahash,16384,iter-density-half,hashlink,2,13926.339286
u64,ahash,16384,iter-density-half,micro,2,4219.769022
u64,ahash,16384,iter-density-half,baseline,2,4250.112772
u64,ahash,16384,iter-density-half,lru,3,15481.401786
u64,ahash,16384,iter-density-half,hashlink,3,13816.035714
u64,ahash,16384,iter-density-half,micro,3,4217.448370
u64,ahash,16384,iter-density-half,baseline,3,4241.508152
u64,ahash,16384,iter-density-half,quick_cache,3,4904.167188
u64,ahash,16384,iter-density-half,hashlink,4,15011.160714
u64,ahash,16384,iter-density-half,micro,4,4272.490057
u64,ahash,16384,iter-density-half,baseline,4,4335.404830
u64,ahash,16384,iter-density-half,quick_cache,4,5150.904605
u64,ahash,16384,iter-density-half,lru,4,15637.807292
u64,ahash,16384,iter-front,micro,0,4090.750000
u64,ahash,16384,iter-front,baseline,0,4119.112772
u64,ahash,16384,iter-front,quick_cache,0,4896.418750
u64,ahash,16384,iter-front,lru,0,1.185104
u64,ahash,16384,iter-front,hashlink,0,1.159784
u64,ahash,16384,iter-front,baseline,1,4134.737772
u64,ahash,16384,iter-front,quick_cache,1,4832.878125
u64,ahash,16384,iter-front,lru,1,1.200077
u64,ahash,16384,iter-front,hashlink,1,1.152584
u64,ahash,16384,iter-front,micro,1,4114.639946
u64,ahash,16384,iter-front,quick_cache,2,4889.648438
u64,ahash,16384,iter-front,lru,2,1.192945
u64,ahash,16384,iter-front,hashlink,2,1.157636
u64,ahash,16384,iter-front,micro,2,4116.395380
u64,ahash,16384,iter-front,baseline,2,4121.150815
u64,ahash,16384,iter-front,lru,3,1.201199
u64,ahash,16384,iter-front,hashlink,3,1.149545
u64,ahash,16384,iter-front,micro,3,4120.868207
u64,ahash,16384,iter-front,baseline,3,4145.947011
u64,ahash,16384,iter-front,quick_cache,3,4929.751562
u64,ahash,16384,iter-front,hashlink,4,1.194085
u64,ahash,16384,iter-front,micro,4,4205.729620
u64,ahash,16384,iter-front,baseline,4,4223.165761
u64,ahash,16384,iter-front,quick_cache,4,4892.121875
u64,ahash,16384,iter-front,lru,4,1.196478
u64,ahash,16384,iter-back,micro,0,4176.347826
u64,ahash,16384,iter-back,baseline,0,4200.182065
u64,ahash,16384,iter-back,quick_cache,0,5083.675987
u64,ahash,16384,iter-back,lru,0,1.193523
u64,ahash,16384,iter-back,hashlink,0,1.159196
u64,ahash,16384,iter-back,baseline,1,4121.546196
u64,ahash,16384,iter-back,quick_cache,1,5046.327303
u64,ahash,16384,iter-back,lru,1,1.192839
u64,ahash,16384,iter-back,hashlink,1,1.155524
u64,ahash,16384,iter-back,micro,1,4155.853261
u64,ahash,16384,iter-back,quick_cache,2,5147.682566
u64,ahash,16384,iter-back,lru,2,1.228719
u64,ahash,16384,iter-back,hashlink,2,1.166509
u64,ahash,16384,iter-back,micro,2,4122.906250
u64,ahash,16384,iter-back,baseline,2,4111.130435
u64,ahash,16384,iter-back,lru,3,1.202802
u64,ahash,16384,iter-back,hashlink,3,1.164105
u64,ahash,16384,iter-back,micro,3,4184.668478
u64,ahash,16384,iter-back,baseline,3,4239.639946
u64,ahash,16384,iter-back,quick_cache,3,4992.460526
u64,ahash,16384,iter-back,hashlink,4,1.161940
u64,ahash,16384,iter-back,micro,4,4115.262228
u64,ahash,16384,iter-back,baseline,4,4118.432065
u64,ahash,16384,iter-back,quick_cache,4,5104.235197
u64,ahash,16384,iter-back,lru,4,1.226436
u64,ahash,16384,iter-empty,micro,0,4158.457880
u64,ahash,16384,iter-empty,baseline,0,4119.735054
u64,ahash,16384,iter-empty,quick_cache,0,5056.881579
u64,ahash,16384,iter-empty,lru,0,1.013656
u64,ahash,16384,iter-empty,hashlink,0,1.038011
u64,ahash,16384,iter-empty,baseline,1,4101.789402
u64,ahash,16384,iter-empty,quick_cache,1,5070.654605
u64,ahash,16384,iter-empty,lru,1,0.998179
u64,ahash,16384,iter-empty,hashlink,1,1.005869
u64,ahash,16384,iter-empty,micro,1,4089.900815
u64,ahash,16384,iter-empty,quick_cache,2,4886.589063
u64,ahash,16384,iter-empty,lru,2,1.011567
u64,ahash,16384,iter-empty,hashlink,2,1.020031
u64,ahash,16384,iter-empty,micro,2,4079.766304
u64,ahash,16384,iter-empty,baseline,2,4114.243207
u64,ahash,16384,iter-empty,lru,3,1.005707
u64,ahash,16384,iter-empty,hashlink,3,1.028874
u64,ahash,16384,iter-empty,micro,3,4243.376359
u64,ahash,16384,iter-empty,baseline,3,4197.123641
u64,ahash,16384,iter-empty,quick_cache,3,4882.812500
u64,ahash,16384,iter-empty,hashlink,4,1.019864
u64,ahash,16384,iter-empty,micro,4,4152.004076
u64,ahash,16384,iter-empty,baseline,4,4143.569293
u64,ahash,16384,iter-empty,quick_cache,4,5098.067434
u64,ahash,16384,iter-empty,lru,4,1.001549
u64,ahash,16384,iter-count,micro,0,4185.329427
u64,ahash,16384,iter-count,baseline,0,4181.423177
u64,ahash,16384,iter-count,quick_cache,0,8135.580078
u64,ahash,16384,iter-count,lru,0,0.390742
u64,ahash,16384,iter-count,hashlink,0,0.389573
u64,ahash,16384,iter-count,baseline,1,4139.920573
u64,ahash,16384,iter-count,quick_cache,1,8168.865234
u64,ahash,16384,iter-count,lru,1,0.395388
u64,ahash,16384,iter-count,hashlink,1,0.396265
u64,ahash,16384,iter-count,micro,1,4157.930990
u64,ahash,16384,iter-count,quick_cache,2,8187.011719
u64,ahash,16384,iter-count,lru,2,0.400318
u64,ahash,16384,iter-count,hashlink,2,0.403488
u64,ahash,16384,iter-count,micro,2,4203.830729
u64,ahash,16384,iter-count,baseline,2,4149.035156
u64,ahash,16384,iter-count,lru,3,0.393908
u64,ahash,16384,iter-count,hashlink,3,0.397373
u64,ahash,16384,iter-count,micro,3,4175.563802
u64,ahash,16384,iter-count,baseline,3,4127.386719
u64,ahash,16384,iter-count,quick_cache,3,8108.072266
u64,ahash,16384,iter-count,hashlink,4,0.390604
u64,ahash,16384,iter-count,micro,4,4148.600260
u64,ahash,16384,iter-count,baseline,4,4141.221354
u64,ahash,16384,iter-count,quick_cache,4,8173.257812
u64,ahash,16384,iter-count,lru,4,0.396279
string24,sip,128,get-hit,micro,0,9.979799
string24,sip,128,get-hit,baseline,0,9.901578
string24,sip,128,get-hit,quick_cache,0,10.209120
string24,sip,128,get-hit,lru,0,10.459191
string24,sip,128,get-hit,hashlink,0,11.428526
string24,sip,128,get-hit,baseline,1,9.942406
string24,sip,128,get-hit,quick_cache,1,10.436730
string24,sip,128,get-hit,lru,1,10.630291
string24,sip,128,get-hit,hashlink,1,9.969763
string24,sip,128,get-hit,micro,1,9.968938
string24,sip,128,get-hit,quick_cache,2,10.376400
string24,sip,128,get-hit,lru,2,10.552832
string24,sip,128,get-hit,hashlink,2,9.775397
string24,sip,128,get-hit,micro,2,9.893449
string24,sip,128,get-hit,baseline,2,9.883147
string24,sip,128,get-hit,lru,3,10.395474
string24,sip,128,get-hit,hashlink,3,9.721455
string24,sip,128,get-hit,micro,3,9.855170
string24,sip,128,get-hit,baseline,3,9.849279
string24,sip,128,get-hit,quick_cache,3,10.241330
string24,sip,128,get-hit,hashlink,4,9.781822
string24,sip,128,get-hit,micro,4,9.913264
string24,sip,128,get-hit,baseline,4,9.838572
string24,sip,128,get-hit,quick_cache,4,10.233419
string24,sip,128,get-hit,lru,4,10.354075
string24,sip,128,get-miss,micro,0,7.619741
string24,sip,128,get-miss,baseline,0,7.620882
string24,sip,128,get-miss,quick_cache,0,7.549571
string24,sip,128,get-miss,lru,0,7.906110
string24,sip,128,get-miss,hashlink,0,7.583514
string24,sip,128,get-miss,baseline,1,7.756022
string24,sip,128,get-miss,quick_cache,1,7.799298
string24,sip,128,get-miss,lru,1,7.870938
string24,sip,128,get-miss,hashlink,1,7.806222
string24,sip,128,get-miss,micro,1,7.813799
string24,sip,128,get-miss,quick_cache,2,7.732391
string24,sip,128,get-miss,lru,2,7.871912
string24,sip,128,get-miss,hashlink,2,7.707596
string24,sip,128,get-miss,micro,2,7.629606
string24,sip,128,get-miss,baseline,2,7.649422
string24,sip,128,get-miss,lru,3,7.847996
string24,sip,128,get-miss,hashlink,3,7.718722
string24,sip,128,get-miss,micro,3,7.606351
string24,sip,128,get-miss,baseline,3,7.644549
string24,sip,128,get-miss,quick_cache,3,7.745107
string24,sip,128,get-miss,hashlink,4,7.811742
string24,sip,128,get-miss,micro,4,7.701027
string24,sip,128,get-miss,baseline,4,7.668709
string24,sip,128,get-miss,quick_cache,4,7.656097
string24,sip,128,get-miss,lru,4,7.759944
string24,sip,128,update,micro,0,23.167290
string24,sip,128,update,baseline,0,22.927284
string24,sip,128,update,quick_cache,0,42.178114
string24,sip,128,update,lru,0,23.335457
string24,sip,128,update,hashlink,0,22.520178
string24,sip,128,update,baseline,1,22.942230
string24,sip,128,update,quick_cache,1,42.740424
string24,sip,128,update,lru,1,23.770653
string24,sip,128,update,hashlink,1,23.286186
string24,sip,128,update,micro,1,23.008659
string24,sip,128,update,quick_cache,2,43.273370
string24,sip,128,update,lru,2,23.436234
string24,sip,128,update,hashlink,2,22.756836
string24,sip,128,update,micro,2,22.661994
string24,sip,128,update,baseline,2,22.917427
string24,sip,128,update,lru,3,23.374870
string24,sip,128,update,hashlink,3,22.530051
string24,sip,128,update,micro,3,22.883696
string24,sip,128,update,baseline,3,23.241364
string24,sip,128,update,quick_cache,3,43.380168
string24,sip,128,update,hashlink,4,22.791547
string24,sip,128,update,micro,4,22.653320
string24,sip,128,update,baseline,4,22.967659
string24,sip,128,update,quick_cache,4,42.234063
string24,sip,128,update,lru,4,23.657166
string24,sip,128,insert-cycle,micro,0,44.795757
string24,sip,128,insert-cycle,baseline,0,45.200451
string24,sip,128,insert-cycle,quick_cache,0,38.185604
string24,sip,128,insert-cycle,lru,0,64.456709
string24,sip,128,insert-cycle,hashlink,0,66.569915
string24,sip,128,insert-cycle,baseline,1,44.484760
string24,sip,128,insert-cycle,quick_cache,1,38.100725
string24,sip,128,insert-cycle,lru,1,65.199110
string24,sip,128,insert-cycle,hashlink,1,67.626953
string24,sip,128,insert-cycle,micro,1,44.626678
string24,sip,128,insert-cycle,quick_cache,2,38.619732
string24,sip,128,insert-cycle,lru,2,64.538977
string24,sip,128,insert-cycle,hashlink,2,66.536834
string24,sip,128,insert-cycle,micro,2,44.603776
string24,sip,128,insert-cycle,baseline,2,44.569748
string24,sip,128,insert-cycle,lru,3,64.215655
string24,sip,128,insert-cycle,hashlink,3,66.603227
string24,sip,128,insert-cycle,micro,3,44.331014
string24,sip,128,insert-cycle,baseline,3,44.744200
string24,sip,128,insert-cycle,quick_cache,3,38.415186
string24,sip,128,insert-cycle,hashlink,4,66.340042
string24,sip,128,insert-cycle,micro,4,43.908737
string24,sip,128,insert-cycle,baseline,4,44.177837
string24,sip,128,insert-cycle,quick_cache,4,37.816595
string24,sip,128,insert-cycle,lru,4,64.222763
string24,sip,128,mixed-95,micro,0,17.126024
string24,sip,128,mixed-95,baseline,0,16.775886
string24,sip,128,mixed-95,quick_cache,0,19.290070
string24,sip,128,mixed-95,lru,0,19.281089
string24,sip,128,mixed-95,hashlink,0,19.910773
string24,sip,128,mixed-95,baseline,1,16.791523
string24,sip,128,mixed-95,quick_cache,1,19.326508
string24,sip,128,mixed-95,lru,1,18.700957
string24,sip,128,mixed-95,hashlink,1,19.497494
string24,sip,128,mixed-95,micro,1,16.972879
string24,sip,128,mixed-95,quick_cache,2,19.187311
string24,sip,128,mixed-95,lru,2,18.920442
string24,sip,128,mixed-95,hashlink,2,19.968112
string24,sip,128,mixed-95,micro,2,16.785820
string24,sip,128,mixed-95,baseline,2,16.910752
string24,sip,128,mixed-95,lru,3,18.884202
string24,sip,128,mixed-95,hashlink,3,19.008736
string24,sip,128,mixed-95,micro,3,16.755998
string24,sip,128,mixed-95,baseline,3,16.872803
string24,sip,128,mixed-95,quick_cache,3,19.226054
string24,sip,128,mixed-95,hashlink,4,21.072487
string24,sip,128,mixed-95,micro,4,17.328243
string24,sip,128,mixed-95,baseline,4,17.067174
string24,sip,128,mixed-95,quick_cache,4,19.418696
string24,sip,128,mixed-95,lru,4,19.042730
string24,sip,128,load-hit,micro,0,22.545604
string24,sip,128,load-hit,baseline,0,22.804407
string24,sip,128,load-hit,quick_cache,0,13.471331
string24,sip,128,load-hit,lru,0,13.132913
string24,sip,128,load-hit,hashlink,0,9.882607
string24,sip,128,load-hit,baseline,1,22.918060
string24,sip,128,load-hit,quick_cache,1,13.739312
string24,sip,128,load-hit,lru,1,13.281503
string24,sip,128,load-hit,hashlink,1,9.855973
string24,sip,128,load-hit,micro,1,22.566557
string24,sip,128,load-hit,quick_cache,2,13.504935
string24,sip,128,load-hit,lru,2,13.254072
string24,sip,128,load-hit,hashlink,2,9.712887
string24,sip,128,load-hit,micro,2,22.289199
string24,sip,128,load-hit,baseline,2,22.295482
string24,sip,128,load-hit,lru,3,13.162702
string24,sip,128,load-hit,hashlink,3,9.727748
string24,sip,128,load-hit,micro,3,22.383150
string24,sip,128,load-hit,baseline,3,22.260484
string24,sip,128,load-hit,quick_cache,3,13.486590
string24,sip,128,load-hit,hashlink,4,9.709007
string24,sip,128,load-hit,micro,4,22.694307
string24,sip,128,load-hit,baseline,4,22.643447
string24,sip,128,load-hit,quick_cache,4,13.490221
string24,sip,128,load-hit,lru,4,13.325104
string24,sip,128,load-cycle,micro,0,45.523710
string24,sip,128,load-cycle,baseline,0,45.810699
string24,sip,128,load-cycle,quick_cache,0,24.456112
string24,sip,128,load-cycle,lru,0,60.082689
string24,sip,128,load-cycle,hashlink,0,70.060617
string24,sip,128,load-cycle,baseline,1,46.272023
string24,sip,128,load-cycle,quick_cache,1,24.847516
string24,sip,128,load-cycle,lru,1,61.058044
string24,sip,128,load-cycle,hashlink,1,70.013137
string24,sip,128,load-cycle,micro,1,46.432389
string24,sip,128,load-cycle,quick_cache,2,24.783975
string24,sip,128,load-cycle,lru,2,60.237220
string24,sip,128,load-cycle,hashlink,2,67.735475
string24,sip,128,load-cycle,micro,2,45.424661
string24,sip,128,load-cycle,baseline,2,45.089017
string24,sip,128,load-cycle,lru,3,59.946488
string24,sip,128,load-cycle,hashlink,3,68.718202
string24,sip,128,load-cycle,micro,3,45.084630
string24,sip,128,load-cycle,baseline,3,45.214213
string24,sip,128,load-cycle,quick_cache,3,24.341805
string24,sip,128,load-cycle,hashlink,4,68.706803
string24,sip,128,load-cycle,micro,4,45.305849
string24,sip,128,load-cycle,baseline,4,45.178531
string24,sip,128,load-cycle,quick_cache,4,24.362058
string24,sip,128,load-cycle,lru,4,60.171274
string24,sip,128,clear-refill,micro,0,3060.397554
string24,sip,128,clear-refill,baseline,0,3109.412435
string24,sip,128,clear-refill,quick_cache,0,3221.343348
string24,sip,128,clear-refill,lru,0,7965.960212
string24,sip,128,clear-refill,hashlink,0,5094.580645
string24,sip,128,clear-refill,baseline,1,3100.636364
string24,sip,128,clear-refill,quick_cache,1,3254.383948
string24,sip,128,clear-refill,lru,1,8105.795148
string24,sip,128,clear-refill,hashlink,1,5226.554007
string24,sip,128,clear-refill,micro,1,3112.637967
string24,sip,128,clear-refill,quick_cache,2,3286.464403
string24,sip,128,clear-refill,lru,2,7935.686016
string24,sip,128,clear-refill,hashlink,2,5188.614853
string24,sip,128,clear-refill,micro,2,3084.190134
string24,sip,128,clear-refill,baseline,2,3123.048907
string24,sip,128,clear-refill,lru,3,7964.854111
string24,sip,128,clear-refill,hashlink,3,5060.568297
string24,sip,128,clear-refill,micro,3,3062.712245
string24,sip,128,clear-refill,baseline,3,3096.878225
string24,sip,128,clear-refill,quick_cache,3,3224.310419
string24,sip,128,clear-refill,hashlink,4,5069.256757
string24,sip,128,clear-refill,micro,4,3077.392821
string24,sip,128,clear-refill,baseline,4,3182.794274
string24,sip,128,clear-refill,quick_cache,4,3313.419426
string24,sip,128,clear-refill,lru,4,8134.937669
string24,sip,128,clear-empty,micro,0,0.367249
string24,sip,128,clear-empty,baseline,0,50.135784
string24,sip,128,clear-empty,quick_cache,0,3.971223
string24,sip,128,clear-empty,lru,0,2.188089
string24,sip,128,clear-empty,hashlink,0,1.312528
string24,sip,128,clear-empty,baseline,1,124.559704
string24,sip,128,clear-empty,quick_cache,1,6.226753
string24,sip,128,clear-empty,lru,1,2.782345
string24,sip,128,clear-empty,hashlink,1,1.242876
string24,sip,128,clear-empty,micro,1,0.435836
string24,sip,128,clear-empty,quick_cache,2,4.044748
string24,sip,128,clear-empty,lru,2,2.242519
string24,sip,128,clear-empty,hashlink,2,0.632072
string24,sip,128,clear-empty,micro,2,0.373971
string24,sip,128,clear-empty,baseline,2,41.497584
string24,sip,128,clear-empty,lru,3,2.225061
string24,sip,128,clear-empty,hashlink,3,0.626906
string24,sip,128,clear-empty,micro,3,0.368097
string24,sip,128,clear-empty,baseline,3,48.951546
string24,sip,128,clear-empty,quick_cache,3,3.847954
string24,sip,128,clear-empty,hashlink,4,0.636794
string24,sip,128,clear-empty,micro,4,0.360244
string24,sip,128,clear-empty,baseline,4,41.999163
string24,sip,128,clear-empty,quick_cache,4,4.079491
string24,sip,128,clear-empty,lru,4,2.326298
string24,sip,128,iter-dense,micro,0,38.365640
string24,sip,128,iter-dense,baseline,0,38.370435
string24,sip,128,iter-dense,quick_cache,0,28.994908
string24,sip,128,iter-dense,lru,0,137.053285
string24,sip,128,iter-dense,hashlink,0,133.247159
string24,sip,128,iter-dense,baseline,1,38.330540
string24,sip,128,iter-dense,quick_cache,1,28.985133
string24,sip,128,iter-dense,lru,1,136.487536
string24,sip,128,iter-dense,hashlink,1,133.269354
string24,sip,128,iter-dense,micro,1,38.982380
string24,sip,128,iter-dense,quick_cache,2,29.250166
string24,sip,128,iter-dense,lru,2,138.642033
string24,sip,128,iter-dense,hashlink,2,140.904561
string24,sip,128,iter-dense,micro,2,38.675361
string24,sip,128,iter-dense,baseline,2,38.818903
string24,sip,128,iter-dense,lru,3,137.284956
string24,sip,128,iter-dense,hashlink,3,138.166605
string24,sip,128,iter-dense,micro,3,38.424808
string24,sip,128,iter-dense,baseline,3,38.677896
string24,sip,128,iter-dense,quick_cache,3,29.089823
string24,sip,128,iter-dense,hashlink,4,147.343897
string24,sip,128,iter-dense,micro,4,39.996280
string24,sip,128,iter-dense,baseline,4,40.424636
string24,sip,128,iter-dense,quick_cache,4,29.235364
string24,sip,128,iter-dense,lru,4,130.076500
string24,sip,128,iter-dense-for,micro,0,38.288906
string24,sip,128,iter-dense-for,baseline,0,38.574545
string24,sip,128,iter-dense-for,quick_cache,0,68.814563
string24,sip,128,iter-dense-for,lru,0,81.527418
string24,sip,128,iter-dense-for,hashlink,0,72.863054
string24,sip,128,iter-dense-for,baseline,1,38.137963
string24,sip,128,iter-dense-for,quick_cache,1,68.668215
string24,sip,128,iter-dense-for,lru,1,81.792856
string24,sip,128,iter-dense-for,hashlink,1,71.779959
string24,sip,128,iter-dense-for,micro,1,38.057934
string24,sip,128,iter-dense-for,quick_cache,2,68.713736
string24,sip,128,iter-dense-for,lru,2,81.507466
string24,sip,128,iter-dense-for,hashlink,2,72.926808
string24,sip,128,iter-dense-for,micro,2,38.601495
string24,sip,128,iter-dense-for,baseline,2,39.201845
string24,sip,128,iter-dense-for,lru,3,84.007728
string24,sip,128,iter-dense-for,hashlink,3,71.972323
string24,sip,128,iter-dense-for,micro,3,38.271161
string24,sip,128,iter-dense-for,baseline,3,38.890217
string24,sip,128,iter-dense-for,quick_cache,3,69.278711
string24,sip,128,iter-dense-for,hashlink,4,72.512834
string24,sip,128,iter-dense-for,micro,4,37.957578
string24,sip,128,iter-dense-for,baseline,4,38.309334
string24,sip,128,iter-dense-for,quick_cache,4,68.990296
string24,sip,128,iter-dense-for,lru,4,81.338980
string24,sip,128,iter-density-1pct,micro,0,37.680868
string24,sip,128,iter-density-1pct,baseline,0,37.773003
string24,sip,128,iter-density-1pct,quick_cache,0,26.528756
string24,sip,128,iter-density-1pct,lru,0,1.300801
string24,sip,128,iter-density-1pct,hashlink,0,1.274071
string24,sip,128,iter-density-1pct,baseline,1,38.656739
string24,sip,128,iter-density-1pct,quick_cache,1,27.180326
string24,sip,128,iter-density-1pct,lru,1,1.425249
string24,sip,128,iter-density-1pct,hashlink,1,1.852620
string24,sip,128,iter-density-1pct,micro,1,42.408695
string24,sip,128,iter-density-1pct,quick_cache,2,26.847831
string24,sip,128,iter-density-1pct,lru,2,1.303659
string24,sip,128,iter-density-1pct,hashlink,2,1.270411
string24,sip,128,iter-density-1pct,micro,2,38.232305
string24,sip,128,iter-density-1pct,baseline,2,37.829757
string24,sip,128,iter-density-1pct,lru,3,1.366359
string24,sip,128,iter-density-1pct,hashlink,3,1.284000
string24,sip,128,iter-density-1pct,micro,3,39.476974
string24,sip,128,iter-density-1pct,baseline,3,37.617830
string24,sip,128,iter-density-1pct,quick_cache,3,22.269336
string24,sip,128,iter-density-1pct,hashlink,4,1.313320
string24,sip,128,iter-density-1pct,micro,4,39.258794
string24,sip,128,iter-density-1pct,baseline,4,36.549676
string24,sip,128,iter-density-1pct,quick_cache,4,22.885778
string24,sip,128,iter-density-1pct,lru,4,1.302282
string24,sip,128,iter-density-6pct,micro,0,36.912008
string24,sip,128,iter-density-6pct,baseline,0,35.995477
string24,sip,128,iter-density-6pct,quick_cache,0,23.921919
string24,sip,128,iter-density-6pct,lru,0,3.554331
string24,sip,128,iter-density-6pct,hashlink,0,3.180985
string24,sip,128,iter-density-6pct,baseline,1,36.531883
string24,sip,128,iter-density-6pct,quick_cache,1,24.101591
string24,sip,128,iter-density-6pct,lru,1,3.571393
string24,sip,128,iter-density-6pct,hashlink,1,3.175598
string24,sip,128,iter-density-6pct,micro,1,36.367921
string24,sip,128,iter-density-6pct,quick_cache,2,23.658292
string24,sip,128,iter-density-6pct,lru,2,3.586869
string24,sip,128,iter-density-6pct,hashlink,2,3.177515
string24,sip,128,iter-density-6pct,micro,2,36.546619
string24,sip,128,iter-density-6pct,baseline,2,36.085093
string24,sip,128,iter-density-6pct,lru,3,3.565552
string24,sip,128,iter-density-6pct,hashlink,3,3.183470
string24,sip,128,iter-density-6pct,micro,3,36.672712
string24,sip,128,iter-density-6pct,baseline,3,36.453781
string24,sip,128,iter-density-6pct,quick_cache,3,24.126407
string24,sip,128,iter-density-6pct,hashlink,4,3.183621
string24,sip,128,iter-density-6pct,micro,4,36.915600
string24,sip,128,iter-density-6pct,baseline,4,36.532893
string24,sip,128,iter-density-6pct,quick_cache,4,23.998720
string24,sip,128,iter-density-6pct,lru,4,3.583853
string24,sip,128,iter-density-quarter,micro,0,37.473146
string24,sip,128,iter-density-quarter,baseline,0,37.517094
string24,sip,128,iter-density-quarter,quick_cache,0,22.000689
string24,sip,128,iter-density-quarter,lru,0,19.142590
string24,sip,128,iter-density-quarter,hashlink,0,19.013429
string24,sip,128,iter-density-quarter,baseline,1,37.162790
string24,sip,128,iter-density-quarter,quick_cache,1,21.836734
string24,sip,128,iter-density-quarter,lru,1,19.117315
string24,sip,128,iter-density-quarter,hashlink,1,18.877718
string24,sip,128,iter-density-quarter,micro,1,37.194343
string24,sip,128,iter-density-quarter,quick_cache,2,21.834304
string24,sip,128,iter-density-quarter,lru,2,19.115271
string24,sip,128,iter-density-quarter,hashlink,2,18.961969
string24,sip,128,iter-density-quarter,micro,2,37.022244
string24,sip,128,iter-density-quarter,baseline,2,37.201569
string24,sip,128,iter-density-quarter,lru,3,19.046707
string24,sip,128,iter-density-quarter,hashlink,3,18.969901
string24,sip,128,iter-density-quarter,micro,3,36.807876
string24,sip,128,iter-density-quarter,baseline,3,37.073596
string24,sip,128,iter-density-quarter,quick_cache,3,22.189963
string24,sip,128,iter-density-quarter,hashlink,4,19.160286
string24,sip,128,iter-density-quarter,micro,4,38.617381
string24,sip,128,iter-density-quarter,baseline,4,37.430863
string24,sip,128,iter-density-quarter,quick_cache,4,22.200161
string24,sip,128,iter-density-quarter,lru,4,19.347735
string24,sip,128,iter-density-half,micro,0,38.278597
string24,sip,128,iter-density-half,baseline,0,39.031601
string24,sip,128,iter-density-half,quick_cache,0,24.940144
string24,sip,128,iter-density-half,lru,0,51.926876
string24,sip,128,iter-density-half,hashlink,0,51.158449
string24,sip,128,iter-density-half,baseline,1,37.808191
string24,sip,128,iter-density-half,quick_cache,1,24.859019
string24,sip,128,iter-density-half,lru,1,51.850850
string24,sip,128,iter-density-half,hashlink,1,50.894296
string24,sip,128,iter-density-half,micro,1,37.734733
string24,sip,128,iter-density-half,quick_cache,2,24.745431
string24,sip,128,iter-density-half,lru,2,51.567224
string24,sip,128,iter-density-half,hashlink,2,50.648298
string24,sip,128,iter-density-half,micro,2,37.687148
string24,sip,128,iter-density-half,baseline,2,37.609469
string24,sip,128,iter-density-half,lru,3,51.139790
string24,sip,128,iter-density-half,hashlink,3,50.513958
string24,sip,128,iter-density-half,micro,3,37.742062
string24,sip,128,iter-density-half,baseline,3,37.669395
string24,sip,128,iter-density-half,quick_cache,3,24.777088
string24,sip,128,iter-density-half,hashlink,4,51.465165
string24,sip,128,iter-density-half,micro,4,38.060572
string24,sip,128,iter-density-half,baseline,4,38.119284
string24,sip,128,iter-density-half,quick_cache,4,25.418338
string24,sip,128,iter-density-half,lru,4,51.735004
string24,sip,128,iter-front,micro,0,37.432435
string24,sip,128,iter-front,baseline,0,37.264110
string24,sip,128,iter-front,quick_cache,0,27.086493
string24,sip,128,iter-front,lru,0,1.186904
string24,sip,128,iter-front,hashlink,0,1.158065
string24,sip,128,iter-front,baseline,1,38.945170
string24,sip,128,iter-front,quick_cache,1,27.289181
string24,sip,128,iter-front,lru,1,1.209334
string24,sip,128,iter-front,hashlink,1,1.186484
string24,sip,128,iter-front,micro,1,39.512445
string24,sip,128,iter-front,quick_cache,2,27.191941
string24,sip,128,iter-front,lru,2,1.236677
string24,sip,128,iter-front,hashlink,2,1.175003
string24,sip,128,iter-front,micro,2,40.344422
string24,sip,128,iter-front,baseline,2,39.412240
string24,sip,128,iter-front,lru,3,1.224946
string24,sip,128,iter-front,hashlink,3,1.160086
string24,sip,128,iter-front,micro,3,37.268258
string24,sip,128,iter-front,baseline,3,37.897256
string24,sip,128,iter-front,quick_cache,3,27.284633
string24,sip,128,iter-front,hashlink,4,1.219544
string24,sip,128,iter-front,micro,4,37.540970
string24,sip,128,iter-front,baseline,4,37.288246
string24,sip,128,iter-front,quick_cache,4,21.140431
string24,sip,128,iter-front,lru,4,1.213388
string24,sip,128,iter-back,micro,0,39.036480
string24,sip,128,iter-back,baseline,0,42.235008
string24,sip,128,iter-back,quick_cache,0,21.243069
string24,sip,128,iter-back,lru,0,1.207776
string24,sip,128,iter-back,hashlink,0,1.160617
string24,sip,128,iter-back,baseline,1,38.871942
string24,sip,128,iter-back,quick_cache,1,21.136257
string24,sip,128,iter-back,lru,1,1.184265
string24,sip,128,iter-back,hashlink,1,1.137439
string24,sip,128,iter-back,micro,1,38.773858
string24,sip,128,iter-back,quick_cache,2,21.114213
string24,sip,128,iter-back,lru,2,1.181921
string24,sip,128,iter-back,hashlink,2,1.146943
string24,sip,128,iter-back,micro,2,38.730651
string24,sip,128,iter-back,baseline,2,38.296345
string24,sip,128,iter-back,lru,3,1.180701
string24,sip,128,iter-back,hashlink,3,1.139499
string24,sip,128,iter-back,micro,3,38.930612
string24,sip,128,iter-back,baseline,3,38.148711
string24,sip,128,iter-back,quick_cache,3,20.998971
string24,sip,128,iter-back,hashlink,4,1.159082
string24,sip,128,iter-back,micro,4,39.006175
string24,sip,128,iter-back,baseline,4,38.055816
string24,sip,128,iter-back,quick_cache,4,21.124676
string24,sip,128,iter-back,lru,4,1.175490
string24,sip,128,iter-empty,micro,0,37.878218
string24,sip,128,iter-empty,baseline,0,37.729502
string24,sip,128,iter-empty,quick_cache,0,21.485270
string24,sip,128,iter-empty,lru,0,1.001239
string24,sip,128,iter-empty,hashlink,0,1.012802
string24,sip,128,iter-empty,baseline,1,38.330540
string24,sip,128,iter-empty,quick_cache,1,21.331357
string24,sip,128,iter-empty,lru,1,0.997988
string24,sip,128,iter-empty,hashlink,1,1.002041
string24,sip,128,iter-empty,micro,1,38.007955
string24,sip,128,iter-empty,quick_cache,2,20.951753
string24,sip,128,iter-empty,lru,2,0.985286
string24,sip,128,iter-empty,hashlink,2,0.999126
string24,sip,128,iter-empty,micro,2,38.131075
string24,sip,128,iter-empty,baseline,2,37.930560
string24,sip,128,iter-empty,lru,3,0.991612
string24,sip,128,iter-empty,hashlink,3,0.998754
string24,sip,128,iter-empty,micro,3,37.956516
string24,sip,128,iter-empty,baseline,3,37.485006
string24,sip,128,iter-empty,quick_cache,3,21.020768
string24,sip,128,iter-empty,hashlink,4,0.997861
string24,sip,128,iter-empty,micro,4,37.605295
string24,sip,128,iter-empty,baseline,4,37.306519
string24,sip,128,iter-empty,quick_cache,4,20.944431
string24,sip,128,iter-empty,lru,4,0.985286
string24,sip,128,iter-count,micro,0,37.173766
string24,sip,128,iter-count,baseline,0,36.641943
string24,sip,128,iter-count,quick_cache,0,54.209713
string24,sip,128,iter-count,lru,0,0.397246
string24,sip,128,iter-count,hashlink,0,0.404779
string24,sip,128,iter-count,baseline,1,38.100205
string24,sip,128,iter-count,quick_cache,1,55.013781
string24,sip,128,iter-count,lru,1,0.396185
string24,sip,128,iter-count,hashlink,1,0.404812
string24,sip,128,iter-count,micro,1,37.594526
string24,sip,128,iter-count,quick_cache,2,54.517932
string24,sip,128,iter-count,lru,2,0.394949
string24,sip,128,iter-count,hashlink,2,0.398475
string24,sip,128,iter-count,micro,2,36.997954
string24,sip,128,iter-count,baseline,2,36.577492
string24,sip,128,iter-count,lru,3,0.391903
string24,sip,128,iter-count,hashlink,3,0.398950
string24,sip,128,iter-count,micro,3,37.015416
string24,sip,128,iter-count,baseline,3,36.518168
string24,sip,128,iter-count,quick_cache,3,54.156466
string24,sip,128,iter-count,hashlink,4,0.397028
string24,sip,128,iter-count,micro,4,36.738955
string24,sip,128,iter-count,baseline,4,36.756821
string24,sip,128,iter-count,quick_cache,4,54.055210
string24,sip,128,iter-count,lru,4,0.391753
string24,sip,1024,get-hit,micro,0,12.112198
string24,sip,1024,get-hit,baseline,0,11.991605
string24,sip,1024,get-hit,quick_cache,0,11.968636
string24,sip,1024,get-hit,lru,0,12.652693
string24,sip,1024,get-hit,hashlink,0,12.209819
string24,sip,1024,get-hit,baseline,1,12.234835
string24,sip,1024,get-hit,quick_cache,1,12.167815
string24,sip,1024,get-hit,lru,1,12.884378
string24,sip,1024,get-hit,hashlink,1,12.391325
string24,sip,1024,get-hit,micro,1,12.323340
string24,sip,1024,get-hit,quick_cache,2,12.336051
string24,sip,1024,get-hit,lru,2,12.788970
string24,sip,1024,get-hit,hashlink,2,12.370300
string24,sip,1024,get-hit,micro,2,12.242806
string24,sip,1024,get-hit,baseline,2,12.240430
string24,sip,1024,get-hit,lru,3,12.790195
string24,sip,1024,get-hit,hashlink,3,12.351819
string24,sip,1024,get-hit,micro,3,12.333679
string24,sip,1024,get-hit,baseline,3,12.136809
string24,sip,1024,get-hit,quick_cache,3,11.889223
string24,sip,1024,get-hit,hashlink,4,11.586826
string24,sip,1024,get-hit,micro,4,12.100873
string24,sip,1024,get-hit,baseline,4,12.097266
string24,sip,1024,get-hit,quick_cache,4,11.998004
string24,sip,1024,get-hit,lru,4,12.996279
string24,sip,1024,get-miss,micro,0,8.061948
string24,sip,1024,get-miss,baseline,0,8.088262
string24,sip,1024,get-miss,quick_cache,0,8.073226
string24,sip,1024,get-miss,lru,0,8.377305
string24,sip,1024,get-miss,hashlink,0,8.057745
string24,sip,1024,get-miss,baseline,1,8.128402
string24,sip,1024,get-miss,quick_cache,1,8.096335
string24,sip,1024,get-miss,lru,1,8.317735
string24,sip,1024,get-miss,hashlink,1,7.964093
string24,sip,1024,get-miss,micro,1,8.085279
string24,sip,1024,get-miss,quick_cache,2,8.034856
string24,sip,1024,get-miss,lru,2,8.121216
string24,sip,1024,get-miss,hashlink,2,8.048791
string24,sip,1024,get-miss,micro,2,8.018162
string24,sip,1024,get-miss,baseline,2,7.905785
string24,sip,1024,get-miss,lru,3,8.209795
string24,sip,1024,get-miss,hashlink,3,7.953725
string24,sip,1024,get-miss,micro,3,8.004230
string24,sip,1024,get-miss,baseline,3,7.951777
string24,sip,1024,get-miss,quick_cache,3,7.992065
string24,sip,1024,get-miss,hashlink,4,8.055537
string24,sip,1024,get-miss,micro,4,8.019709
string24,sip,1024,get-miss,baseline,4,7.945824
string24,sip,1024,get-miss,quick_cache,4,7.925914
string24,sip,1024,get-miss,lru,4,8.126080
string24,sip,1024,update,micro,0,24.290726
string24,sip,1024,update,baseline,0,24.945744
string24,sip,1024,update,quick_cache,0,47.187805
string24,sip,1024,update,lru,0,26.880537
string24,sip,1024,update,hashlink,0,24.974227
string24,sip,1024,update,baseline,1,24.731445
string24,sip,1024,update,quick_cache,1,46.208694
string24,sip,1024,update,lru,1,27.162824
string24,sip,1024,update,hashlink,1,25.007121
string24,sip,1024,update,micro,1,24.301208
string24,sip,1024,update,quick_cache,2,45.652045
string24,sip,1024,update,lru,2,26.940125
string24,sip,1024,update,hashlink,2,24.634806
string24,sip,1024,update,micro,2,24.372101
string24,sip,1024,update,baseline,2,24.653117
string24,sip,1024,update,lru,3,27.004787
string24,sip,1024,update,hashlink,3,25.013224
string24,sip,1024,update,micro,3,24.647013
string24,sip,1024,update,baseline,3,24.328232
string24,sip,1024,update,quick_cache,3,45.305040
string24,sip,1024,update,hashlink,4,25.600513
string24,sip,1024,update,micro,4,24.247803
string24,sip,1024,update,baseline,4,24.308838
string24,sip,1024,update,quick_cache,4,46.120316
string24,sip,1024,update,lru,4,27.075631
string24,sip,1024,insert-cycle,micro,0,52.655901
string24,sip,1024,insert-cycle,baseline,0,51.653270
string24,sip,1024,insert-cycle,quick_cache,0,34.092160
string24,sip,1024,insert-cycle,lru,0,71.002302
string24,sip,1024,insert-cycle,hashlink,0,69.826061
string24,sip,1024,insert-cycle,baseline,1,52.585414
string24,sip,1024,insert-cycle,quick_cache,1,34.999791
string24,sip,1024,insert-cycle,lru,1,71.815127
string24,sip,1024,insert-cycle,hashlink,1,67.491943
string24,sip,1024,insert-cycle,micro,1,52.464076
string24,sip,1024,insert-cycle,quick_cache,2,33.989191
string24,sip,1024,insert-cycle,lru,2,70.513044
string24,sip,1024,insert-cycle,hashlink,2,67.615856
string24,sip,1024,insert-cycle,micro,2,51.971090
string24,sip,1024,insert-cycle,baseline,2,51.816743
string24,sip,1024,insert-cycle,lru,3,71.813198
string24,sip,1024,insert-cycle,hashlink,3,69.934663
string24,sip,1024,insert-cycle,micro,3,52.042632
string24,sip,1024,insert-cycle,baseline,3,51.731159
string24,sip,1024,insert-cycle,quick_cache,3,33.689564
string24,sip,1024,insert-cycle,hashlink,4,68.138361
string24,sip,1024,insert-cycle,micro,4,51.637157
string24,sip,1024,insert-cycle,baseline,4,51.858146
string24,sip,1024,insert-cycle,quick_cache,4,34.210915
string24,sip,1024,insert-cycle,lru,4,70.129395
string24,sip,1024,mixed-95,micro,0,18.353760
string24,sip,1024,mixed-95,baseline,0,18.346786
string24,sip,1024,mixed-95,quick_cache,0,20.789226
string24,sip,1024,mixed-95,lru,0,19.656420
string24,sip,1024,mixed-95,hashlink,0,19.347330
string24,sip,1024,mixed-95,baseline,1,17.806192
string24,sip,1024,mixed-95,quick_cache,1,20.784140
string24,sip,1024,mixed-95,lru,1,19.603590
string24,sip,1024,mixed-95,hashlink,1,19.445757
string24,sip,1024,mixed-95,micro,1,18.564900
string24,sip,1024,mixed-95,quick_cache,2,21.654169
string24,sip,1024,mixed-95,lru,2,20.829856
string24,sip,1024,mixed-95,hashlink,2,19.860923
string24,sip,1024,mixed-95,micro,2,18.065393
string24,sip,1024,mixed-95,baseline,2,17.894825
string24,sip,1024,mixed-95,lru,3,20.127892
string24,sip,1024,mixed-95,hashlink,3,19.582450
string24,sip,1024,mixed-95,micro,3,18.256346
string24,sip,1024,mixed-95,baseline,3,18.199940
string24,sip,1024,mixed-95,quick_cache,3,21.329900
string24,sip,1024,mixed-95,hashlink,4,19.797325
string24,sip,1024,mixed-95,micro,4,18.477162
string24,sip,1024,mixed-95,baseline,4,18.393815
string24,sip,1024,mixed-95,quick_cache,4,21.464527
string24,sip,1024,mixed-95,lru,4,31.466822
string24,sip,1024,load-hit,micro,0,25.404533
string24,sip,1024,load-hit,baseline,0,25.116309
string24,sip,1024,load-hit,quick_cache,0,16.219652
string24,sip,1024,load-hit,lru,0,17.117814
string24,sip,1024,load-hit,hashlink,0,11.872815
string24,sip,1024,load-hit,baseline,1,25.732088
string24,sip,1024,load-hit,quick_cache,1,15.869985
string24,sip,1024,load-hit,lru,1,16.931241
string24,sip,1024,load-hit,hashlink,1,11.744976
string24,sip,1024,load-hit,micro,1,25.645955
string24,sip,1024,load-hit,quick_cache,2,16.183604
string24,sip,1024,load-hit,lru,2,17.055165
string24,sip,1024,load-hit,hashlink,2,11.745613
string24,sip,1024,load-hit,micro,2,25.722591
string24,sip,1024,load-hit,baseline,2,25.398763
string24,sip,1024,load-hit,lru,3,17.010775
string24,sip,1024,load-hit,hashlink,3,11.746250
string24,sip,1024,load-hit,micro,3,25.315682
string24,sip,1024,load-hit,baseline,3,25.708350
string24,sip,1024,load-hit,quick_cache,3,16.686179
string24,sip,1024,load-hit,hashlink,4,12.281799
string24,sip,1024,load-hit,micro,4,25.642562
string24,sip,1024,load-hit,baseline,4,25.548299
string24,sip,1024,load-hit,quick_cache,4,15.936810
string24,sip,1024,load-hit,lru,4,16.617485
string24,sip,1024,load-cycle,micro,0,53.814104
string24,sip,1024,load-cycle,baseline,0,53.548898
string24,sip,1024,load-cycle,quick_cache,0,27.567546
string24,sip,1024,load-cycle,lru,0,75.387573
string24,sip,1024,load-cycle,hashlink,0,76.905322
string24,sip,1024,load-cycle,baseline,1,54.291142
string24,sip,1024,load-cycle,quick_cache,1,27.460928
string24,sip,1024,load-cycle,lru,1,72.875000
string24,sip,1024,load-cycle,hashlink,1,76.334644
string24,sip,1024,load-cycle,micro,1,52.944371
string24,sip,1024,load-cycle,quick_cache,2,27.561144
string24,sip,1024,load-cycle,lru,2,73.078451
string24,sip,1024,load-cycle,hashlink,2,76.097632
string24,sip,1024,load-cycle,micro,2,53.304775
string24,sip,1024,load-cycle,baseline,2,53.591779
string24,sip,1024,load-cycle,lru,3,72.878883
string24,sip,1024,load-cycle,hashlink,3,76.388550
string24,sip,1024,load-cycle,micro,3,52.767805
string24,sip,1024,load-cycle,baseline,3,54.065517
string24,sip,1024,load-cycle,quick_cache,3,27.870808
string24,sip,1024,load-cycle,hashlink,4,76.935815
string24,sip,1024,load-cycle,micro,4,53.562709
string24,sip,1024,load-cycle,baseline,4,52.900774
string24,sip,1024,load-cycle,quick_cache,4,27.581859
string24,sip,1024,load-cycle,lru,4,73.460889
string24,sip,1024,clear-refill,micro,0,26397.657895
string24,sip,1024,clear-refill,baseline,0,26326.026316
string24,sip,1024,clear-refill,quick_cache,0,27470.072727
string24,sip,1024,clear-refill,lru,0,70679.255814
string24,sip,1024,clear-refill,hashlink,0,46037.257576
string24,sip,1024,clear-refill,baseline,1,26593.654867
string24,sip,1024,clear-refill,quick_cache,1,27841.435185
string24,sip,1024,clear-refill,lru,1,70863.372093
string24,sip,1024,clear-refill,hashlink,1,44681.985294
string24,sip,1024,clear-refill,micro,1,26605.088496
string24,sip,1024,clear-refill,quick_cache,2,27503.790909
string24,sip,1024,clear-refill,lru,2,70445.720930
string24,sip,1024,clear-refill,hashlink,2,45145.522388
string24,sip,1024,clear-refill,micro,2,26243.478261
string24,sip,1024,clear-refill,baseline,2,26484.649123
string24,sip,1024,clear-refill,lru,3,71455.357143
string24,sip,1024,clear-refill,hashlink,3,45725.378788
string24,sip,1024,clear-refill,micro,3,26791.294643
string24,sip,1024,clear-refill,baseline,3,27969.907407
string24,sip,1024,clear-refill,quick_cache,3,27956.796296
string24,sip,1024,clear-refill,hashlink,4,46543.584615
string24,sip,1024,clear-refill,micro,4,27146.018018
string24,sip,1024,clear-refill,baseline,4,26531.429825
string24,sip,1024,clear-refill,quick_cache,4,27852.240741
string24,sip,1024,clear-refill,lru,4,72993.047619
string24,sip,1024,clear-empty,micro,0,0.362882
string24,sip,1024,clear-empty,baseline,0,47.029953
string24,sip,1024,clear-empty,quick_cache,0,3.984946
string24,sip,1024,clear-empty,lru,0,2.240742
string24,sip,1024,clear-empty,hashlink,0,0.640186
string24,sip,1024,clear-empty,baseline,1,49.559517
string24,sip,1024,clear-empty,quick_cache,1,4.040060
string24,sip,1024,clear-empty,lru,1,2.262995
string24,sip,1024,clear-empty,hashlink,1,0.645182
string24,sip,1024,clear-empty,micro,1,0.375919
string24,sip,1024,clear-empty,quick_cache,2,4.026293
string24,sip,1024,clear-empty,lru,2,2.232028
string24,sip,1024,clear-empty,hashlink,2,0.635585
string24,sip,1024,clear-empty,micro,2,0.366016
string24,sip,1024,clear-empty,baseline,2,48.549006
string24,sip,1024,clear-empty,lru,3,2.218508
string24,sip,1024,clear-empty,hashlink,3,0.636327
string24,sip,1024,clear-empty,micro,3,0.365389
string24,sip,1024,clear-empty,baseline,3,49.476414
string24,sip,1024,clear-empty,quick_cache,3,3.992121
string24,sip,1024,clear-empty,hashlink,4,0.645546
string24,sip,1024,clear-empty,micro,4,0.377377
string24,sip,1024,clear-empty,baseline,4,50.648656
string24,sip,1024,clear-empty,quick_cache,4,4.116861
string24,sip,1024,clear-empty,lru,4,2.249743
string24,sip,1024,iter-dense,micro,0,278.179641
string24,sip,1024,iter-dense,baseline,0,277.247788
string24,sip,1024,iter-dense,quick_cache,0,260.760243
string24,sip,1024,iter-dense,lru,0,1339.128521
string24,sip,1024,iter-dense,hashlink,0,1305.193576
string24,sip,1024,iter-dense,baseline,1,275.468842
string24,sip,1024,iter-dense,quick_cache,1,254.248476
string24,sip,1024,iter-dense,lru,1,1356.361607
string24,sip,1024,iter-dense,hashlink,1,2104.455556
string24,sip,1024,iter-dense,micro,1,283.315238
string24,sip,1024,iter-dense,quick_cache,2,253.063932
string24,sip,1024,iter-dense,lru,2,1263.628333
string24,sip,1024,iter-dense,hashlink,2,1218.783685
string24,sip,1024,iter-dense,micro,2,264.900335
string24,sip,1024,iter-dense,baseline,2,269.396552
string24,sip,1024,iter-dense,lru,3,1229.622971
string24,sip,1024,iter-dense,hashlink,3,1218.682224
string24,sip,1024,iter-dense,micro,3,269.061157
string24,sip,1024,iter-dense,baseline,3,270.995123
string24,sip,1024,iter-dense,quick_cache,3,254.721375
string24,sip,1024,iter-dense,hashlink,4,1239.754523
string24,sip,1024,iter-dense,micro,4,271.905163
string24,sip,1024,iter-dense,baseline,4,272.169384
string24,sip,1024,iter-dense,quick_cache,4,257.791037
string24,sip,1024,iter-dense,lru,4,1345.758929
string24,sip,1024,iter-dense-for,micro,0,276.256158
string24,sip,1024,iter-dense-for,baseline,0,271.130600
string24,sip,1024,iter-dense-for,quick_cache,0,507.347973
string24,sip,1024,iter-dense-for,lru,0,763.772612
string24,sip,1024,iter-dense-for,hashlink,0,880.926402
string24,sip,1024,iter-dense-for,baseline,1,271.213421
string24,sip,1024,iter-dense-for,quick_cache,1,503.363135
string24,sip,1024,iter-dense-for,lru,1,747.499256
string24,sip,1024,iter-dense-for,hashlink,1,896.813095
string24,sip,1024,iter-dense-for,micro,1,274.610106
string24,sip,1024,iter-dense-for,quick_cache,2,508.614865
string24,sip,1024,iter-dense-for,lru,2,771.644467
string24,sip,1024,iter-dense-for,hashlink,2,886.878538
string24,sip,1024,iter-dense-for,micro,2,272.010870
string24,sip,1024,iter-dense-for,baseline,2,272.290127
string24,sip,1024,iter-dense-for,lru,3,752.687500
string24,sip,1024,iter-dense-for,hashlink,3,880.816881
string24,sip,1024,iter-dense-for,micro,3,271.623555
string24,sip,1024,iter-dense-for,baseline,3,272.346830
string24,sip,1024,iter-dense-for,quick_cache,3,506.006384
string24,sip,1024,iter-dense-for,hashlink,4,887.541568
string24,sip,1024,iter-dense-for,micro,4,271.465589
string24,sip,1024,iter-dense-for,baseline,4,272.452446
string24,sip,1024,iter-dense-for,quick_cache,4,504.137265
string24,sip,1024,iter-dense-for,lru,4,751.989750
string24,sip,1024,iter-density-1pct,micro,0,344.726562
string24,sip,1024,iter-density-1pct,baseline,0,357.948712
string24,sip,1024,iter-density-1pct,quick_cache,0,207.989745
string24,sip,1024,iter-density-1pct,lru,0,4.364849
string24,sip,1024,iter-density-1pct,hashlink,0,4.235242
string24,sip,1024,iter-density-1pct,baseline,1,347.323495
string24,sip,1024,iter-density-1pct,quick_cache,1,203.957201
string24,sip,1024,iter-density-1pct,lru,1,4.379204
string24,sip,1024,iter-density-1pct,hashlink,1,4.233328
string24,sip,1024,iter-density-1pct,micro,1,347.612847
string24,sip,1024,iter-density-1pct,quick_cache,2,204.299428
string24,sip,1024,iter-density-1pct,lru,2,4.341945
string24,sip,1024,iter-density-1pct,hashlink,2,4.295259
string24,sip,1024,iter-density-1pct,micro,2,350.984258
string24,sip,1024,iter-density-1pct,baseline,2,344.050481
string24,sip,1024,iter-density-1pct,lru,3,4.282897
string24,sip,1024,iter-density-1pct,hashlink,3,4.206488
string24,sip,1024,iter-density-1pct,micro,3,347.632176
string24,sip,1024,iter-density-1pct,baseline,3,340.937500
string24,sip,1024,iter-density-1pct,quick_cache,3,202.142848
string24,sip,1024,iter-density-1pct,hashlink,4,4.213980
string24,sip,1024,iter-density-1pct,micro,4,344.293727
string24,sip,1024,iter-density-1pct,baseline,4,339.758832
string24,sip,1024,iter-density-1pct,quick_cache,4,202.111934
string24,sip,1024,iter-density-1pct,lru,4,4.271071
string24,sip,1024,iter-density-6pct,micro,0,313.680184
string24,sip,1024,iter-density-6pct,baseline,0,313.020833
string24,sip,1024,iter-density-6pct,quick_cache,0,209.356376
string24,sip,1024,iter-density-6pct,lru,0,53.230970
string24,sip,1024,iter-density-6pct,hashlink,0,51.540733
string24,sip,1024,iter-density-6pct,baseline,1,307.641803
string24,sip,1024,iter-density-6pct,quick_cache,1,206.632640
string24,sip,1024,iter-density-6pct,lru,1,51.606787
string24,sip,1024,iter-density-6pct,hashlink,1,50.589519
string24,sip,1024,iter-density-6pct,micro,1,309.607880
string24,sip,1024,iter-density-6pct,quick_cache,2,206.072527
string24,sip,1024,iter-density-6pct,lru,2,50.452058
string24,sip,1024,iter-density-6pct,hashlink,2,51.209346
string24,sip,1024,iter-density-6pct,micro,2,314.837668
string24,sip,1024,iter-density-6pct,baseline,2,316.318603
string24,sip,1024,iter-density-6pct,lru,3,51.539307
string24,sip,1024,iter-density-6pct,hashlink,3,54.871873
string24,sip,1024,iter-density-6pct,micro,3,313.385417
string24,sip,1024,iter-density-6pct,baseline,3,309.107730
string24,sip,1024,iter-density-6pct,quick_cache,3,207.189294
string24,sip,1024,iter-density-6pct,hashlink,4,50.489567
string24,sip,1024,iter-density-6pct,micro,4,311.669435
string24,sip,1024,iter-density-6pct,baseline,4,309.414501
string24,sip,1024,iter-density-6pct,quick_cache,4,206.844782
string24,sip,1024,iter-density-6pct,lru,4,50.388031
string24,sip,1024,iter-density-quarter,micro,0,257.601477
string24,sip,1024,iter-density-quarter,baseline,0,257.052654
string24,sip,1024,iter-density-quarter,quick_cache,0,193.926976
string24,sip,1024,iter-density-quarter,lru,0,307.312908
string24,sip,1024,iter-density-quarter,hashlink,0,311.825166
string24,sip,1024,iter-density-quarter,baseline,1,266.409180
string24,sip,1024,iter-density-quarter,quick_cache,1,189.462311
string24,sip,1024,iter-density-quarter,lru,1,287.310493
string24,sip,1024,iter-density-quarter,hashlink,1,291.650427
string24,sip,1024,iter-density-quarter,micro,1,258.404356
string24,sip,1024,iter-density-quarter,quick_cache,2,166.620393
string24,sip,1024,iter-density-quarter,lru,2,310.878932
string24,sip,1024,iter-density-quarter,hashlink,2,285.753894
string24,sip,1024,iter-density-quarter,micro,2,257.509332
string24,sip,1024,iter-density-quarter,baseline,2,259.409530
string24,sip,1024,iter-density-quarter,lru,3,304.253439
string24,sip,1024,iter-density-quarter,hashlink,3,300.415136
string24,sip,1024,iter-density-quarter,micro,3,255.988845
string24,sip,1024,iter-density-quarter,baseline,3,257.113271
string24,sip,1024,iter-density-quarter,quick_cache,3,165.548280
string24,sip,1024,iter-density-quarter,hashlink,4,296.414925
string24,sip,1024,iter-density-quarter,micro,4,259.215297
string24,sip,1024,iter-density-quarter,baseline,4,258.098644
string24,sip,1024,iter-density-quarter,quick_cache,4,165.295830
string24,sip,1024,iter-density-quarter,lru,4,298.507738
string24,sip,1024,iter-density-half,micro,0,260.753038
string24,sip,1024,iter-density-half,baseline,0,261.980622
string24,sip,1024,iter-density-half,quick_cache,0,198.073246
string24,sip,1024,iter-density-half,lru,0,624.741308
string24,sip,1024,iter-density-half,hashlink,0,621.447227
string24,sip,1024,iter-density-half,baseline,1,263.133929
string24,sip,1024,iter-density-half,quick_cache,1,200.866569
string24,sip,1024,iter-density-half,lru,1,655.580946
string24,sip,1024,iter-density-half,hashlink,1,609.840097
string24,sip,1024,iter-density-half,micro,1,260.568576
string24,sip,1024,iter-density-half,quick_cache,2,197.423224
string24,sip,1024,iter-density-half,lru,2,640.642645
string24,sip,1024,iter-density-half,hashlink,2,617.118832
string24,sip,1024,iter-density-half,micro,2,259.814318
string24,sip,1024,iter-density-half,baseline,2,260.872396
string24,sip,1024,iter-density-half,lru,3,628.177083
string24,sip,1024,iter-density-half,hashlink,3,633.876900
string24,sip,1024,iter-density-half,micro,3,260.319252
string24,sip,1024,iter-density-half,baseline,3,260.970052
string24,sip,1024,iter-density-half,quick_cache,3,199.193869
string24,sip,1024,iter-density-half,hashlink,4,625.121458
string24,sip,1024,iter-density-half,micro,4,260.854340
string24,sip,1024,iter-density-half,baseline,4,262.692577
string24,sip,1024,iter-density-half,quick_cache,4,196.989364
string24,sip,1024,iter-density-half,lru,4,627.560625
string24,sip,1024,iter-front,micro,0,257.195377
string24,sip,1024,iter-front,baseline,0,258.511966
string24,sip,1024,iter-front,quick_cache,0,165.605710
string24,sip,1024,iter-front,lru,0,1.203991
string24,sip,1024,iter-front,hashlink,0,1.160473
string24,sip,1024,iter-front,baseline,1,263.097426
string24,sip,1024,iter-front,quick_cache,1,167.447935
string24,sip,1024,iter-front,lru,1,1.216395
string24,sip,1024,iter-front,hashlink,1,1.217232
string24,sip,1024,iter-front,micro,1,257.998541
string24,sip,1024,iter-front,quick_cache,2,194.610088
string24,sip,1024,iter-front,lru,2,1.208072
string24,sip,1024,iter-front,hashlink,2,1.120313
string24,sip,1024,iter-front,micro,2,258.881457
string24,sip,1024,iter-front,baseline,2,254.686145
string24,sip,1024,iter-front,lru,3,1.195791
string24,sip,1024,iter-front,hashlink,3,1.152031
string24,sip,1024,iter-front,micro,3,262.670693
string24,sip,1024,iter-front,baseline,3,259.778307
string24,sip,1024,iter-front,quick_cache,3,166.692107
string24,sip,1024,iter-front,hashlink,4,1.133849
string24,sip,1024,iter-front,micro,4,261.526462
string24,sip,1024,iter-front,baseline,4,258.827652
string24,sip,1024,iter-front,quick_cache,4,165.587302
string24,sip,1024,iter-front,lru,4,1.210834
string24,sip,1024,iter-back,micro,0,267.349982
string24,sip,1024,iter-back,baseline,0,259.028229
string24,sip,1024,iter-back,quick_cache,0,166.597302
string24,sip,1024,iter-back,lru,0,1.210771
string24,sip,1024,iter-back,hashlink,0,1.153931
string24,sip,1024,iter-back,baseline,1,262.322538
string24,sip,1024,iter-back,quick_cache,1,166.223404
string24,sip,1024,iter-back,lru,1,1.216821
string24,sip,1024,iter-back,hashlink,1,1.163050
string24,sip,1024,iter-back,micro,1,266.300018
string24,sip,1024,iter-back,quick_cache,2,171.181170
string24,sip,1024,iter-back,lru,2,1.211178
string24,sip,1024,iter-back,hashlink,2,1.133835
string24,sip,1024,iter-back,micro,2,263.902300
string24,sip,1024,iter-back,baseline,2,259.872057
string24,sip,1024,iter-back,lru,3,1.215339
string24,sip,1024,iter-back,hashlink,3,1.206968
string24,sip,1024,iter-back,micro,3,262.915091
string24,sip,1024,iter-back,baseline,3,262.060580
string24,sip,1024,iter-back,quick_cache,3,168.143761
string24,sip,1024,iter-back,hashlink,4,1.196004
string24,sip,1024,iter-back,micro,4,262.729079
string24,sip,1024,iter-back,baseline,4,258.791753
string24,sip,1024,iter-back,quick_cache,4,168.753260
string24,sip,1024,iter-back,lru,4,1.220449
string24,sip,1024,iter-empty,micro,0,265.868449
string24,sip,1024,iter-empty,baseline,0,287.832091
string24,sip,1024,iter-empty,quick_cache,0,171.970410
string24,sip,1024,iter-empty,lru,0,0.983055
string24,sip,1024,iter-empty,hashlink,0,0.962358
string24,sip,1024,iter-empty,baseline,1,250.891210
string24,sip,1024,iter-empty,quick_cache,1,161.151847
string24,sip,1024,iter-empty,lru,1,0.966455
string24,sip,1024,iter-empty,hashlink,1,0.987455
string24,sip,1024,iter-empty,micro,1,245.213283
string24,sip,1024,iter-empty,quick_cache,2,165.746466
string24,sip,1024,iter-empty,lru,2,0.976939
string24,sip,1024,iter-empty,hashlink,2,1.008867
string24,sip,1024,iter-empty,micro,2,262.648810
string24,sip,1024,iter-empty,baseline,2,263.006215
string24,sip,1024,iter-empty,lru,3,0.984583
string24,sip,1024,iter-empty,hashlink,3,0.998232
string24,sip,1024,iter-empty,micro,3,264.194542
string24,sip,1024,iter-empty,baseline,3,260.655382
string24,sip,1024,iter-empty,quick_cache,3,165.840769
string24,sip,1024,iter-empty,hashlink,4,1.008205
string24,sip,1024,iter-empty,micro,4,265.271893
string24,sip,1024,iter-empty,baseline,4,264.146831
string24,sip,1024,iter-empty,quick_cache,4,165.458719
string24,sip,1024,iter-empty,lru,4,0.981562
string24,sip,1024,iter-count,micro,0,261.758507
string24,sip,1024,iter-count,baseline,0,259.380010
string24,sip,1024,iter-count,quick_cache,0,480.136719
string24,sip,1024,iter-count,lru,0,0.397953
string24,sip,1024,iter-count,hashlink,0,0.398156
string24,sip,1024,iter-count,baseline,1,259.450747
string24,sip,1024,iter-count,quick_cache,1,480.299375
string24,sip,1024,iter-count,lru,1,0.395508
string24,sip,1024,iter-count,hashlink,1,0.398765
string24,sip,1024,iter-count,micro,1,258.322011
string24,sip,1024,iter-count,quick_cache,2,479.192656
string24,sip,1024,iter-count,lru,2,0.399412
string24,sip,1024,iter-count,hashlink,2,0.401869
string24,sip,1024,iter-count,micro,2,269.483221
string24,sip,1024,iter-count,baseline,2,255.052649
string24,sip,1024,iter-count,lru,3,0.389786
string24,sip,1024,iter-count,hashlink,3,0.397084
string24,sip,1024,iter-count,micro,3,255.349864
string24,sip,1024,iter-count,baseline,3,252.195562
string24,sip,1024,iter-count,quick_cache,3,477.005313
string24,sip,1024,iter-count,hashlink,4,0.392962
string24,sip,1024,iter-count,micro,4,257.235734
string24,sip,1024,iter-count,baseline,4,255.686056
string24,sip,1024,iter-count,quick_cache,4,494.886556
string24,sip,1024,iter-count,lru,4,0.393879
string24,sip,16384,get-hit,micro,0,15.275319
string24,sip,16384,get-hit,baseline,0,15.375987
string24,sip,16384,get-hit,quick_cache,0,16.386172
string24,sip,16384,get-hit,lru,0,16.064405
string24,sip,16384,get-hit,hashlink,0,15.371745
string24,sip,16384,get-hit,baseline,1,15.366872
string24,sip,16384,get-hit,quick_cache,1,16.152423
string24,sip,16384,get-hit,lru,1,15.995414
string24,sip,16384,get-hit,hashlink,1,15.536840
string24,sip,16384,get-hit,micro,1,15.646830
string24,sip,16384,get-hit,quick_cache,2,16.648265
string24,sip,16384,get-hit,lru,2,16.147556
string24,sip,16384,get-hit,hashlink,2,15.468597
string24,sip,16384,get-hit,micro,2,15.504628
string24,sip,16384,get-hit,baseline,2,15.605504
string24,sip,16384,get-hit,lru,3,16.053132
string24,sip,16384,get-hit,hashlink,3,15.679255
string24,sip,16384,get-hit,micro,3,15.722488
string24,sip,16384,get-hit,baseline,3,15.618220
string24,sip,16384,get-hit,quick_cache,3,16.187144
string24,sip,16384,get-hit,hashlink,4,15.464361
string24,sip,16384,get-hit,micro,4,15.395274
string24,sip,16384,get-hit,baseline,4,15.502294
string24,sip,16384,get-hit,quick_cache,4,16.165251
string24,sip,16384,get-hit,lru,4,16.131417
string24,sip,16384,get-miss,micro,0,11.009364
string24,sip,16384,get-miss,baseline,0,10.969421
string24,sip,16384,get-miss,quick_cache,0,11.018041
string24,sip,16384,get-miss,lru,0,11.049909
string24,sip,16384,get-miss,hashlink,0,11.106704
string24,sip,16384,get-miss,baseline,1,11.240486
string24,sip,16384,get-miss,quick_cache,1,11.091495
string24,sip,16384,get-miss,lru,1,10.921254
string24,sip,16384,get-miss,hashlink,1,10.917064
string24,sip,16384,get-miss,micro,1,11.051700
string24,sip,16384,get-miss,quick_cache,2,11.031803
string24,sip,16384,get-miss,lru,2,10.885049
string24,sip,16384,get-miss,hashlink,2,11.120421
string24,sip,16384,get-miss,micro,2,11.208737
string24,sip,16384,get-miss,baseline,2,10.978850
string24,sip,16384,get-miss,lru,3,10.916166
string24,sip,16384,get-miss,hashlink,3,10.942498
string24,sip,16384,get-miss,micro,3,11.003231
string24,sip,16384,get-miss,baseline,3,11.188854
string24,sip,16384,get-miss,quick_cache,3,11.323257
string24,sip,16384,get-miss,hashlink,4,11.047510
string24,sip,16384,get-miss,micro,4,11.005777
string24,sip,16384,get-miss,baseline,4,10.980343
string24,sip,16384,get-miss,quick_cache,4,11.173133
string24,sip,16384,get-miss,lru,4,11.206887
string24,sip,16384,update,micro,0,33.833818
string24,sip,16384,update,baseline,0,33.160736
string24,sip,16384,update,quick_cache,0,59.579764
string24,sip,16384,update,lru,0,34.609253
string24,sip,16384,update,hashlink,0,33.316406
string24,sip,16384,update,baseline,1,33.024679
string24,sip,16384,update,quick_cache,1,62.044779
string24,sip,16384,update,lru,1,34.557462
string24,sip,16384,update,hashlink,1,33.401489
string24,sip,16384,update,micro,1,33.095886
string24,sip,16384,update,quick_cache,2,59.700370
string24,sip,16384,update,lru,2,33.857866
string24,sip,16384,update,hashlink,2,33.206512
string24,sip,16384,update,micro,2,33.098857
string24,sip,16384,update,baseline,2,33.095469
string24,sip,16384,update,lru,3,33.715454
string24,sip,16384,update,hashlink,3,33.033162
string24,sip,16384,update,micro,3,33.086568
string24,sip,16384,update,baseline,3,33.764926
string24,sip,16384,update,quick_cache,3,60.143607
string24,sip,16384,update,hashlink,4,33.544833
string24,sip,16384,update,micro,4,32.956024
string24,sip,16384,update,baseline,4,32.705943
string24,sip,16384,update,quick_cache,4,59.430804
string24,sip,16384,update,lru,4,33.673839
string24,sip,16384,insert-cycle,micro,0,54.843262
string24,sip,16384,insert-cycle,baseline,0,54.928467
string24,sip,16384,insert-cycle,quick_cache,0,42.788188
string24,sip,16384,insert-cycle,lru,0,76.513290
string24,sip,16384,insert-cycle,hashlink,0,73.683411
string24,sip,16384,insert-cycle,baseline,1,54.419830
string24,sip,16384,insert-cycle,quick_cache,1,42.883128
string24,sip,16384,insert-cycle,lru,1,76.249435
string24,sip,16384,insert-cycle,hashlink,1,74.305206
string24,sip,16384,insert-cycle,micro,1,54.437637
string24,sip,16384,insert-cycle,quick_cache,2,45.857117
string24,sip,16384,insert-cycle,lru,2,75.810120
string24,sip,16384,insert-cycle,hashlink,2,74.309036
string24,sip,16384,insert-cycle,micro,2,55.538177
string24,sip,16384,insert-cycle,baseline,2,54.975510
string24,sip,16384,insert-cycle,lru,3,75.847000
string24,sip,16384,insert-cycle,hashlink,3,72.069809
string24,sip,16384,insert-cycle,micro,3,54.271698
string24,sip,16384,insert-cycle,baseline,3,54.578140
string24,sip,16384,insert-cycle,quick_cache,3,42.817006
string24,sip,16384,insert-cycle,hashlink,4,72.769165
string24,sip,16384,insert-cycle,micro,4,55.854797
string24,sip,16384,insert-cycle,baseline,4,54.160446
string24,sip,16384,insert-cycle,quick_cache,4,43.699900
string24,sip,16384,insert-cycle,lru,4,76.752350
string24,sip,16384,mixed-95,micro,0,23.621122
string24,sip,16384,mixed-95,baseline,0,23.468038
string24,sip,16384,mixed-95,quick_cache,0,24.442097
string24,sip,16384,mixed-95,lru,0,24.293880
string24,sip,16384,mixed-95,hashlink,0,22.837937
string24,sip,16384,mixed-95,baseline,1,23.584127
string24,sip,16384,mixed-95,quick_cache,1,24.374405
string24,sip,16384,mixed-95,lru,1,23.574193
string24,sip,16384,mixed-95,hashlink,1,23.680707
string24,sip,16384,mixed-95,micro,1,23.362259
string24,sip,16384,mixed-95,quick_cache,2,22.204836
string24,sip,16384,mixed-95,lru,2,21.827658
string24,sip,16384,mixed-95,hashlink,2,21.421790
string24,sip,16384,mixed-95,micro,2,21.828572
string24,sip,16384,mixed-95,baseline,2,21.298230
string24,sip,16384,mixed-95,lru,3,21.779537
string24,sip,16384,mixed-95,hashlink,3,21.628956
string24,sip,16384,mixed-95,micro,3,21.637996
string24,sip,16384,mixed-95,baseline,3,23.294151
string24,sip,16384,mixed-95,quick_cache,3,24.173677
string24,sip,16384,mixed-95,hashlink,4,31.358679
string24,sip,16384,mixed-95,micro,4,22.662381
string24,sip,16384,mixed-95,baseline,4,23.763875
string24,sip,16384,mixed-95,quick_cache,4,24.051765
string24,sip,16384,mixed-95,lru,4,23.765047
string24,sip,16384,load-hit,micro,0,36.155473
string24,sip,16384,load-hit,baseline,0,35.590898
string24,sip,16384,load-hit,quick_cache,0,22.932365
string24,sip,16384,load-hit,lru,0,22.306554
string24,sip,16384,load-hit,hashlink,0,17.536952
string24,sip,16384,load-hit,baseline,1,36.636853
string24,sip,16384,load-hit,quick_cache,1,23.092270
string24,sip,16384,load-hit,lru,1,23.917511
string24,sip,16384,load-hit,hashlink,1,17.239424
string24,sip,16384,load-hit,micro,1,35.621404
string24,sip,16384,load-hit,quick_cache,2,22.967026
string24,sip,16384,load-hit,lru,2,22.524960
string24,sip,16384,load-hit,hashlink,2,17.570615
string24,sip,16384,load-hit,micro,2,36.594738
string24,sip,16384,load-hit,baseline,2,35.493331
string24,sip,16384,load-hit,lru,3,22.208417
string24,sip,16384,load-hit,hashlink,3,17.167292
string24,sip,16384,load-hit,micro,3,35.499811
string24,sip,16384,load-hit,baseline,3,35.494252
string24,sip,16384,load-hit,quick_cache,3,23.008347
string24,sip,16384,load-hit,hashlink,4,17.119668
string24,sip,16384,load-hit,micro,4,35.484541
string24,sip,16384,load-hit,baseline,4,35.174283
string24,sip,16384,load-hit,quick_cache,4,23.432411
string24,sip,16384,load-hit,lru,4,22.787361
string24,sip,16384,load-cycle,micro,0,56.482315
string24,sip,16384,load-cycle,baseline,0,56.107193
string24,sip,16384,load-cycle,quick_cache,0,34.979502
string24,sip,16384,load-cycle,lru,0,79.184860
string24,sip,16384,load-cycle,hashlink,0,82.231522
string24,sip,16384,load-cycle,baseline,1,56.331635
string24,sip,16384,load-cycle,quick_cache,1,34.948558
string24,sip,16384,load-cycle,lru,1,78.812271
string24,sip,16384,load-cycle,hashlink,1,81.314713
string24,sip,16384,load-cycle,micro,1,55.901215
string24,sip,16384,load-cycle,quick_cache,2,34.873962
string24,sip,16384,load-cycle,lru,2,78.083038
string24,sip,16384,load-cycle,hashlink,2,83.883911
string24,sip,16384,load-cycle,micro,2,55.271774
string24,sip,16384,load-cycle,baseline,2,57.470947
string24,sip,16384,load-cycle,lru,3,79.367950
string24,sip,16384,load-cycle,hashlink,3,81.228256
string24,sip,16384,load-cycle,micro,3,56.630463
string24,sip,16384,load-cycle,baseline,3,56.201935
string24,sip,16384,load-cycle,quick_cache,3,34.885834
string24,sip,16384,load-cycle,hashlink,4,79.166412
string24,sip,16384,load-cycle,micro,4,55.751801
string24,sip,16384,load-cycle,baseline,4,55.548996
string24,sip,16384,load-cycle,quick_cache,4,34.008870
string24,sip,16384,load-cycle,lru,4,77.979401
string24,sip,16384,clear-refill,micro,0,473803.571429
string24,sip,16384,clear-refill,baseline,0,471327.285714
string24,sip,16384,clear-refill,quick_cache,0,495678.571429
string24,sip,16384,clear-refill,lru,0,1228125.000000
string24,sip,16384,clear-refill,hashlink,0,758500.000000
string24,sip,16384,clear-refill,baseline,1,472178.571429
string24,sip,16384,clear-refill,quick_cache,1,500222.166667
string24,sip,16384,clear-refill,lru,1,1247472.333333
string24,sip,16384,clear-refill,hashlink,1,770968.750000
string24,sip,16384,clear-refill,micro,1,471928.571429
string24,sip,16384,clear-refill,quick_cache,2,497166.714286
string24,sip,16384,clear-refill,lru,2,1266236.000000
string24,sip,16384,clear-refill,hashlink,2,756864.500000
string24,sip,16384,clear-refill,micro,2,465928.571429
string24,sip,16384,clear-refill,baseline,2,466476.142857
string24,sip,16384,clear-refill,lru,3,1267861.333333
string24,sip,16384,clear-refill,hashlink,3,767958.250000
string24,sip,16384,clear-refill,micro,3,479958.285714
string24,sip,16384,clear-refill,baseline,3,470208.285714
string24,sip,16384,clear-refill,quick_cache,3,491095.142857
string24,sip,16384,clear-refill,hashlink,4,775458.500000
string24,sip,16384,clear-refill,micro,4,463101.142857
string24,sip,16384,clear-refill,baseline,4,467511.857143
string24,sip,16384,clear-refill,quick_cache,4,498773.857143
string24,sip,16384,clear-refill,lru,4,1239486.000000
string24,sip,16384,clear-empty,micro,0,0.367203
string24,sip,16384,clear-empty,baseline,0,318.385769
string24,sip,16384,clear-empty,quick_cache,0,3.928675
string24,sip,16384,clear-empty,lru,0,2.210466
string24,sip,16384,clear-empty,hashlink,0,0.642185
string24,sip,16384,clear-empty,baseline,1,319.643898
string24,sip,16384,clear-empty,quick_cache,1,3.954518
string24,sip,16384,clear-empty,lru,1,2.222592
string24,sip,16384,clear-empty,hashlink,1,0.639199
string24,sip,16384,clear-empty,micro,1,0.366835
string24,sip,16384,clear-empty,quick_cache,2,4.001218
string24,sip,16384,clear-empty,lru,2,2.272617
string24,sip,16384,clear-empty,hashlink,2,0.633789
string24,sip,16384,clear-empty,micro,2,0.366704
string24,sip,16384,clear-empty,baseline,2,319.160051
string24,sip,16384,clear-empty,lru,3,2.228747
string24,sip,16384,clear-empty,hashlink,3,0.608025
string24,sip,16384,clear-empty,micro,3,0.366399
string24,sip,16384,clear-empty,baseline,3,321.592589
string24,sip,16384,clear-empty,quick_cache,3,4.041230
string24,sip,16384,clear-empty,hashlink,4,0.647642
string24,sip,16384,clear-empty,micro,4,0.365873
string24,sip,16384,clear-empty,baseline,4,317.734692
string24,sip,16384,clear-empty,quick_cache,4,3.952361
string24,sip,16384,clear-empty,lru,4,2.219830
string24,sip,16384,iter-dense,micro,0,6081.787109
string24,sip,16384,iter-dense,baseline,0,6060.628906
string24,sip,16384,iter-dense,quick_cache,0,6905.319196
string24,sip,16384,iter-dense,lru,0,24202.476562
string24,sip,16384,iter-dense,hashlink,0,25540.367188
string24,sip,16384,iter-dense,baseline,1,6158.365234
string24,sip,16384,iter-dense,quick_cache,1,7142.020089
string24,sip,16384,iter-dense,lru,1,24301.757812
string24,sip,16384,iter-dense,hashlink,1,25408.203125
string24,sip,16384,iter-dense,micro,1,6059.326172
string24,sip,16384,iter-dense,quick_cache,2,6890.625000
string24,sip,16384,iter-dense,lru,2,24441.726562
string24,sip,16384,iter-dense,hashlink,2,27617.835938
string24,sip,16384,iter-dense,micro,2,6397.220833
string24,sip,16384,iter-dense,baseline,2,6104.085938
string24,sip,16384,iter-dense,lru,3,24239.914062
string24,sip,16384,iter-dense,hashlink,3,26236.984375
string24,sip,16384,iter-dense,micro,3,6062.662109
string24,sip,16384,iter-dense,baseline,3,6088.705078
string24,sip,16384,iter-dense,quick_cache,3,6885.229911
string24,sip,16384,iter-dense,hashlink,4,25407.546875
string24,sip,16384,iter-dense,micro,4,6162.109375
string24,sip,16384,iter-dense,baseline,4,6196.941406
string24,sip,16384,iter-dense,quick_cache,4,7065.290179
string24,sip,16384,iter-dense,lru,4,26057.289062
string24,sip,16384,iter-dense-for,micro,0,6166.341797
string24,sip,16384,iter-dense-for,baseline,0,6221.923828
string24,sip,16384,iter-dense-for,quick_cache,0,8215.494792
string24,sip,16384,iter-dense-for,lru,0,26266.929688
string24,sip,16384,iter-dense-for,hashlink,0,26836.914062
string24,sip,16384,iter-dense-for,baseline,1,6158.855469
string24,sip,16384,iter-dense-for,quick_cache,1,8261.718750
string24,sip,16384,iter-dense-for,lru,1,25742.507812
string24,sip,16384,iter-dense-for,hashlink,1,27037.429688
string24,sip,16384,iter-dense-for,micro,1,6101.318359
string24,sip,16384,iter-dense-for,quick_cache,2,8136.609375
string24,sip,16384,iter-dense-for,lru,2,26305.992188
string24,sip,16384,iter-dense-for,hashlink,2,27118.492188
string24,sip,16384,iter-dense-for,micro,2,6084.552734
string24,sip,16384,iter-dense-for,baseline,2,6065.103516
string24,sip,16384,iter-dense-for,lru,3,26548.828125
string24,sip,16384,iter-dense-for,hashlink,3,26992.187500
string24,sip,16384,iter-dense-for,micro,3,6127.929688
string24,sip,16384,iter-dense-for,baseline,3,6073.486328
string24,sip,16384,iter-dense-for,quick_cache,3,8117.838542
string24,sip,16384,iter-dense-for,hashlink,4,28515.953125
string24,sip,16384,iter-dense-for,micro,4,6102.050781
string24,sip,16384,iter-dense-for,baseline,4,6156.414062
string24,sip,16384,iter-dense-for,quick_cache,4,8289.062500
string24,sip,16384,iter-dense-for,lru,4,23592.445312
string24,sip,16384,iter-density-1pct,micro,0,6637.760417
string24,sip,16384,iter-density-1pct,baseline,0,6636.458333
string24,sip,16384,iter-density-1pct,quick_cache,0,6995.720982
string24,sip,16384,iter-density-1pct,lru,0,186.236669
string24,sip,16384,iter-density-1pct,hashlink,0,184.598487
string24,sip,16384,iter-density-1pct,baseline,1,6573.002083
string24,sip,16384,iter-density-1pct,quick_cache,1,6995.256696
string24,sip,16384,iter-density-1pct,lru,1,185.986448
string24,sip,16384,iter-density-1pct,hashlink,1,187.193363
string24,sip,16384,iter-density-1pct,micro,1,6697.544643
string24,sip,16384,iter-density-1pct,quick_cache,2,7073.660714
string24,sip,16384,iter-density-1pct,lru,2,186.810072
string24,sip,16384,iter-density-1pct,hashlink,2,181.814741
string24,sip,16384,iter-density-1pct,micro,2,6587.239583
string24,sip,16384,iter-density-1pct,baseline,2,6607.206250
string24,sip,16384,iter-density-1pct,lru,3,187.022722
string24,sip,16384,iter-density-1pct,hashlink,3,186.736332
string24,sip,16384,iter-density-1pct,micro,3,6674.739583
string24,sip,16384,iter-density-1pct,baseline,3,6580.208333
string24,sip,16384,iter-density-1pct,quick_cache,3,7081.937500
string24,sip,16384,iter-density-1pct,hashlink,4,184.683132
string24,sip,16384,iter-density-1pct,micro,4,6589.583333
string24,sip,16384,iter-density-1pct,baseline,4,6626.647917
string24,sip,16384,iter-density-1pct,quick_cache,4,6965.680804
string24,sip,16384,iter-density-1pct,lru,4,184.795891
string24,sip,16384,iter-density-6pct,micro,0,5593.902574
string24,sip,16384,iter-density-6pct,baseline,0,5587.621324
string24,sip,16384,iter-density-6pct,quick_cache,0,6869.046875
string24,sip,16384,iter-density-6pct,lru,0,1389.878217
string24,sip,16384,iter-density-6pct,hashlink,0,1322.879842
string24,sip,16384,iter-density-6pct,baseline,1,5482.348958
string24,sip,16384,iter-density-6pct,quick_cache,1,6680.729167
string24,sip,16384,iter-density-6pct,lru,1,1342.466518
string24,sip,16384,iter-density-6pct,hashlink,1,1307.219184
string24,sip,16384,iter-density-6pct,micro,1,5467.664931
string24,sip,16384,iter-density-6pct,quick_cache,2,6654.775000
string24,sip,16384,iter-density-6pct,lru,2,1328.345070
string24,sip,16384,iter-density-6pct,hashlink,2,1309.624566
string24,sip,16384,iter-density-6pct,micro,2,5701.746324
string24,sip,16384,iter-density-6pct,baseline,2,5568.397059
string24,sip,16384,iter-density-6pct,lru,3,1323.723592
string24,sip,16384,iter-density-6pct,hashlink,3,1300.674229
string24,sip,16384,iter-density-6pct,micro,3,5653.952206
string24,sip,16384,iter-density-6pct,baseline,3,5604.931985
string24,sip,16384,iter-density-6pct,quick_cache,3,6679.252083
string24,sip,16384,iter-density-6pct,hashlink,4,1257.586667
string24,sip,16384,iter-density-6pct,micro,4,5590.762868
string24,sip,16384,iter-density-6pct,baseline,4,5644.147059
string24,sip,16384,iter-density-6pct,quick_cache,4,6540.364583
string24,sip,16384,iter-density-6pct,lru,4,1303.765191
string24,sip,16384,iter-density-quarter,micro,0,5841.297794
string24,sip,16384,iter-density-quarter,baseline,0,5898.437500
string24,sip,16384,iter-density-quarter,quick_cache,0,6833.705357
string24,sip,16384,iter-density-quarter,lru,0,9175.781250
string24,sip,16384,iter-density-quarter,hashlink,0,9510.809375
string24,sip,16384,iter-density-quarter,baseline,1,5898.845703
string24,sip,16384,iter-density-quarter,quick_cache,1,6897.227679
string24,sip,16384,iter-density-quarter,lru,1,9009.468750
string24,sip,16384,iter-density-quarter,hashlink,1,8958.923295
string24,sip,16384,iter-density-quarter,micro,1,5904.052734
string24,sip,16384,iter-density-quarter,quick_cache,2,7024.553571
string24,sip,16384,iter-density-quarter,lru,2,8952.414773
string24,sip,16384,iter-density-quarter,hashlink,2,9179.448864
string24,sip,16384,iter-density-quarter,micro,2,6032.550781
string24,sip,16384,iter-density-quarter,baseline,2,5817.018382
string24,sip,16384,iter-density-quarter,lru,3,11348.232639
string24,sip,16384,iter-density-quarter,hashlink,3,9595.831250
string24,sip,16384,iter-density-quarter,micro,3,5757.352941
string24,sip,16384,iter-density-quarter,baseline,3,5837.698529
string24,sip,16384,iter-density-quarter,quick_cache,3,6873.883929
string24,sip,16384,iter-density-quarter,hashlink,4,8775.213068
string24,sip,16384,iter-density-quarter,micro,4,5939.208984
string24,sip,16384,iter-density-quarter,baseline,4,6009.521484
string24,sip,16384,iter-density-quarter,quick_cache,4,7069.941964
string24,sip,16384,iter-density-quarter,lru,4,9119.553977
string24,sip,16384,iter-density-half,micro,0,5988.199219
string24,sip,16384,iter-density-half,baseline,0,5968.261719
string24,sip,16384,iter-density-half,quick_cache,0,6946.613839
string24,sip,16384,iter-density-half,lru,0,18849.218750
string24,sip,16384,iter-density-half,hashlink,0,13067.542969
string24,sip,16384,iter-density-half,baseline,1,5948.566406
string24,sip,16384,iter-density-half,quick_cache,1,7058.223214
string24,sip,16384,iter-density-half,lru,1,18517.796875
string24,sip,16384,iter-density-half,hashlink,1,13774.553571
string24,sip,16384,iter-density-half,micro,1,5976.400391
string24,sip,16384,iter-density-half,quick_cache,2,7064.080357
string24,sip,16384,iter-density-half,lru,2,18731.119792
string24,sip,16384,iter-density-half,hashlink,2,12894.855469
string24,sip,16384,iter-density-half,micro,2,5983.562500
string24,sip,16384,iter-density-half,baseline,2,6052.082031
string24,sip,16384,iter-density-half,lru,3,18928.125000
string24,sip,16384,iter-density-half,hashlink,3,13169.921875
string24,sip,16384,iter-density-half,micro,3,5966.472656
string24,sip,16384,iter-density-half,baseline,3,5942.382812
string24,sip,16384,iter-density-half,quick_cache,3,7080.078125
string24,sip,16384,iter-density-half,hashlink,4,16854.166667
string24,sip,16384,iter-density-half,micro,4,5950.359375
string24,sip,16384,iter-density-half,baseline,4,5962.158203
string24,sip,16384,iter-density-half,quick_cache,4,6909.040179
string24,sip,16384,iter-density-half,lru,4,14005.397321
string24,sip,16384,iter-front,micro,0,5443.939236
string24,sip,16384,iter-front,baseline,0,5564.722426
string24,sip,16384,iter-front,quick_cache,0,7064.825893
string24,sip,16384,iter-front,lru,0,1.207076
string24,sip,16384,iter-front,hashlink,0,1.172022
string24,sip,16384,iter-front,baseline,1,5636.488971
string24,sip,16384,iter-front,quick_cache,1,7081.008929
string24,sip,16384,iter-front,lru,1,1.215985
string24,sip,16384,iter-front,hashlink,1,1.192687
string24,sip,16384,iter-front,micro,1,5900.390625
string24,sip,16384,iter-front,quick_cache,2,7284.153846
string24,sip,16384,iter-front,lru,2,1.210708
string24,sip,16384,iter-front,hashlink,2,1.178119
string24,sip,16384,iter-front,micro,2,5517.922794
string24,sip,16384,iter-front,baseline,2,5648.514706
string24,sip,16384,iter-front,lru,3,1.205881
string24,sip,16384,iter-front,hashlink,3,1.137991
string24,sip,16384,iter-front,micro,3,5528.647059
string24,sip,16384,iter-front,baseline,3,5565.257353
string24,sip,16384,iter-front,quick_cache,3,7153.087054
string24,sip,16384,iter-front,hashlink,4,1.177231
string24,sip,16384,iter-front,micro,4,5640.319853
string24,sip,16384,iter-front,baseline,4,5645.373162
string24,sip,16384,iter-front,quick_cache,4,7004.743304
string24,sip,16384,iter-front,lru,4,1.206595
string24,sip,16384,iter-back,micro,0,5538.602941
string24,sip,16384,iter-back,baseline,0,5569.393382
string24,sip,16384,iter-back,quick_cache,0,7149.462054
string24,sip,16384,iter-back,lru,0,1.219179
string24,sip,16384,iter-back,hashlink,0,1.181623
string24,sip,16384,iter-back,baseline,1,5544.040441
string24,sip,16384,iter-back,quick_cache,1,7076.823661
string24,sip,16384,iter-back,lru,1,1.184176
string24,sip,16384,iter-back,hashlink,1,1.159915
string24,sip,16384,iter-back,micro,1,5535.079044
string24,sip,16384,iter-back,quick_cache,2,7033.575893
string24,sip,16384,iter-back,lru,2,1.186378
string24,sip,16384,iter-back,hashlink,2,1.181043
string24,sip,16384,iter-back,micro,2,5630.209559
string24,sip,16384,iter-back,baseline,2,5791.819853
string24,sip,16384,iter-back,lru,3,1.203389
string24,sip,16384,iter-back,hashlink,3,1.144870
string24,sip,16384,iter-back,micro,3,5680.836397
string24,sip,16384,iter-back,baseline,3,5649.586397
string24,sip,16384,iter-back,quick_cache,3,7090.401786
string24,sip,16384,iter-back,hashlink,4,1.158337
string24,sip,16384,iter-back,micro,4,5684.665441
string24,sip,16384,iter-back,baseline,4,5727.022059
string24,sip,16384,iter-back,quick_cache,4,7026.785714
string24,sip,16384,iter-back,lru,4,1.194511
string24,sip,16384,iter-empty,micro,0,5469.545139
string24,sip,16384,iter-empty,baseline,0,5429.616319
string24,sip,16384,iter-empty,quick_cache,0,7033.948661
string24,sip,16384,iter-empty,lru,0,0.983096
string24,sip,16384,iter-empty,hashlink,0,1.005416
string24,sip,16384,iter-empty,baseline,1,5377.604167
string24,sip,16384,iter-empty,quick_cache,1,7082.125000
string24,sip,16384,iter-empty,lru,1,0.987289
string24,sip,16384,iter-empty,hashlink,1,1.006517
string24,sip,16384,iter-empty,micro,1,5420.067708
string24,sip,16384,iter-empty,quick_cache,2,6741.165179
string24,sip,16384,iter-empty,lru,2,0.971442
string24,sip,16384,iter-empty,hashlink,2,0.993272
string24,sip,16384,iter-empty,micro,2,5362.413194
string24,sip,16384,iter-empty,baseline,2,5480.178819
string24,sip,16384,iter-empty,lru,3,0.995107
string24,sip,16384,iter-empty,hashlink,3,1.002652
string24,sip,16384,iter-empty,micro,3,5571.231618
string24,sip,16384,iter-empty,baseline,3,5424.045139
string24,sip,16384,iter-empty,quick_cache,3,6822.265625
string24,sip,16384,iter-empty,hashlink,4,1.001485
string24,sip,16384,iter-empty,micro,4,5703.814338
string24,sip,16384,iter-empty,baseline,4,5505.281250
string24,sip,16384,iter-empty,quick_cache,4,6937.964286
string24,sip,16384,iter-empty,lru,4,0.982066
string24,sip,16384,iter-count,micro,0,5436.305990
string24,sip,16384,iter-count,baseline,0,5487.196615
string24,sip,16384,iter-count,quick_cache,0,8013.509766
string24,sip,16384,iter-count,lru,0,0.398779
string24,sip,16384,iter-count,hashlink,0,0.398421
string24,sip,16384,iter-count,baseline,1,5461.967448
string24,sip,16384,iter-count,quick_cache,1,8128.335938
string24,sip,16384,iter-count,lru,1,0.398969
string24,sip,16384,iter-count,hashlink,1,0.398053
string24,sip,16384,iter-count,micro,1,5573.785156
string24,sip,16384,iter-count,quick_cache,2,7990.722656
string24,sip,16384,iter-count,lru,2,0.397567
string24,sip,16384,iter-count,hashlink,2,0.398616
string24,sip,16384,iter-count,micro,2,5376.899740
string24,sip,16384,iter-count,baseline,2,5757.757812
string24,sip,16384,iter-count,lru,3,0.410680
string24,sip,16384,iter-count,hashlink,3,0.400108
string24,sip,16384,iter-count,micro,3,5574.434896
string24,sip,16384,iter-count,baseline,3,5489.963542
string24,sip,16384,iter-count,quick_cache,3,8130.453125
string24,sip,16384,iter-count,hashlink,4,0.404485
string24,sip,16384,iter-count,micro,4,5507.812500
string24,sip,16384,iter-count,baseline,4,5410.699219
string24,sip,16384,iter-count,quick_cache,4,8073.406250
string24,sip,16384,iter-count,lru,4,0.397864
string24,ahash,128,get-hit,micro,0,5.339692
string24,ahash,128,get-hit,baseline,0,5.329077
string24,ahash,128,get-hit,quick_cache,0,5.278378
string24,ahash,128,get-hit,lru,0,5.822884
string24,ahash,128,get-hit,hashlink,0,5.673766
string24,ahash,128,get-hit,baseline,1,5.344704
string24,ahash,128,get-hit,quick_cache,1,5.327456
string24,ahash,128,get-hit,lru,1,5.907776
string24,ahash,128,get-hit,hashlink,1,5.826193
string24,ahash,128,get-hit,micro,1,5.368366
string24,ahash,128,get-hit,quick_cache,2,5.286445
string24,ahash,128,get-hit,lru,2,5.887308
string24,ahash,128,get-hit,hashlink,2,5.680339
string24,ahash,128,get-hit,micro,2,5.313376
string24,ahash,128,get-hit,baseline,2,5.348980
string24,ahash,128,get-hit,lru,3,5.841130
string24,ahash,128,get-hit,hashlink,3,5.681590
string24,ahash,128,get-hit,micro,3,5.398621
string24,ahash,128,get-hit,baseline,3,5.399441
string24,ahash,128,get-hit,quick_cache,3,5.362176
string24,ahash,128,get-hit,hashlink,4,5.669852
string24,ahash,128,get-hit,micro,4,5.317652
string24,ahash,128,get-hit,baseline,4,5.328486
string24,ahash,128,get-hit,quick_cache,4,5.292693
string24,ahash,128,get-hit,lru,4,5.823366
string24,ahash,128,get-miss,micro,0,3.289495
string24,ahash,128,get-miss,baseline,0,3.376905
string24,ahash,128,get-miss,quick_cache,0,3.346067
string24,ahash,128,get-miss,lru,0,3.312028
string24,ahash,128,get-miss,hashlink,0,3.245217
string24,ahash,128,get-miss,baseline,1,3.382039
string24,ahash,128,get-miss,quick_cache,1,3.322613
string24,ahash,128,get-miss,lru,1,3.317388
string24,ahash,128,get-miss,hashlink,1,3.279686
string24,ahash,128,get-miss,micro,1,3.344495
string24,ahash,128,get-miss,quick_cache,2,3.405112
string24,ahash,128,get-miss,lru,2,3.316197
string24,ahash,128,get-miss,hashlink,2,3.240708
string24,ahash,128,get-miss,micro,2,3.334970
string24,ahash,128,get-miss,baseline,2,3.381479
string24,ahash,128,get-miss,lru,3,3.306391
string24,ahash,128,get-miss,hashlink,3,3.242740
string24,ahash,128,get-miss,micro,3,3.295626
string24,ahash,128,get-miss,baseline,3,3.397294
string24,ahash,128,get-miss,quick_cache,3,3.372332
string24,ahash,128,get-miss,hashlink,4,3.292629
string24,ahash,128,get-miss,micro,4,3.328157
string24,ahash,128,get-miss,baseline,4,3.373825
string24,ahash,128,get-miss,quick_cache,4,3.316381
string24,ahash,128,get-miss,lru,4,3.314228
string24,ahash,128,update,micro,0,16.187585
string24,ahash,128,update,baseline,0,16.209478
string24,ahash,128,update,quick_cache,0,32.548696
string24,ahash,128,update,lru,0,20.882216
string24,ahash,128,update,hashlink,0,16.676930
string24,ahash,128,update,baseline,1,16.268523
string24,ahash,128,update,quick_cache,1,32.668213
string24,ahash,128,update,lru,1,22.090835
string24,ahash,128,update,hashlink,1,16.740972
string24,ahash,128,update,micro,1,16.265869
string24,ahash,128,update,quick_cache,2,33.107330
string24,ahash,128,update,lru,2,22.674561
string24,ahash,128,update,hashlink,2,16.380859
string24,ahash,128,update,micro,2,16.094928
string24,ahash,128,update,baseline,2,16.306120
string24,ahash,128,update,lru,3,22.821167
string24,ahash,128,update,hashlink,3,16.418239
string24,ahash,128,update,micro,3,16.182500
string24,ahash,128,update,baseline,3,16.206601
string24,ahash,128,update,quick_cache,3,32.900492
string24,ahash,128,update,hashlink,4,16.619252
string24,ahash,128,update,micro,4,16.457159
string24,ahash,128,update,baseline,4,16.174099
string24,ahash,128,update,quick_cache,4,32.502920
string24,ahash,128,update,lru,4,22.479787
string24,ahash,128,insert-cycle,micro,0,36.789467
string24,ahash,128,insert-cycle,baseline,0,36.899015
string24,ahash,128,insert-cycle,quick_cache,0,30.619778
string24,ahash,128,insert-cycle,lru,0,40.919779
string24,ahash,128,insert-cycle,hashlink,0,36.357041
string24,ahash,128,insert-cycle,baseline,1,36.834370
string24,ahash,128,insert-cycle,quick_cache,1,30.942952
string24,ahash,128,insert-cycle,lru,1,40.819512
string24,ahash,128,insert-cycle,hashlink,1,36.103269
string24,ahash,128,insert-cycle,micro,1,37.157276
string24,ahash,128,insert-cycle,quick_cache,2,31.357934
string24,ahash,128,insert-cycle,lru,2,41.563359
string24,ahash,128,insert-cycle,hashlink,2,36.746608
string24,ahash,128,insert-cycle,micro,2,36.974344
string24,ahash,128,insert-cycle,baseline,2,36.814459
string24,ahash,128,insert-cycle,lru,3,40.828003
string24,ahash,128,insert-cycle,hashlink,3,36.255389
string24,ahash,128,insert-cycle,micro,3,36.806818
string24,ahash,128,insert-cycle,baseline,3,36.789467
string24,ahash,128,insert-cycle,quick_cache,3,30.687152
string24,ahash,128,insert-cycle,hashlink,4,35.599657
string24,ahash,128,insert-cycle,micro,4,37.427125
string24,ahash,128,insert-cycle,baseline,4,37.379429
string24,ahash,128,insert-cycle,quick_cache,4,31.273875
string24,ahash,128,insert-cycle,lru,4,40.598305
string24,ahash,128,mixed-95,micro,0,8.957128
string24,ahash,128,mixed-95,baseline,0,8.947829
string24,ahash,128,mixed-95,quick_cache,0,12.295087
string24,ahash,128,mixed-95,lru,0,9.889682
string24,ahash,128,mixed-95,hashlink,0,9.237150
string24,ahash,128,mixed-95,baseline,1,8.962154
string24,ahash,128,mixed-95,quick_cache,1,10.736088
string24,ahash,128,mixed-95,lru,1,8.818666
string24,ahash,128,mixed-95,hashlink,1,9.149770
string24,ahash,128,mixed-95,micro,1,8.969943
string24,ahash,128,mixed-95,quick_cache,2,10.368268
string24,ahash,128,mixed-95,lru,2,9.515127
string24,ahash,128,mixed-95,hashlink,2,8.495430
string24,ahash,128,mixed-95,micro,2,9.823223
string24,ahash,128,mixed-95,baseline,2,8.976579
string24,ahash,128,mixed-95,lru,3,9.022474
string24,ahash,128,mixed-95,hashlink,3,8.400063
string24,ahash,128,mixed-95,micro,3,8.879086
string24,ahash,128,mixed-95,baseline,3,8.947650
string24,ahash,128,mixed-95,quick_cache,3,10.847310
string24,ahash,128,mixed-95,hashlink,4,9.738008
string24,ahash,128,mixed-95,micro,4,8.975307
string24,ahash,128,mixed-95,baseline,4,8.849581
string24,ahash,128,mixed-95,quick_cache,4,10.397156
string24,ahash,128,mixed-95,lru,4,8.724173
string24,ahash,128,load-hit,micro,0,16.587190
string24,ahash,128,load-hit,baseline,0,19.294067
string24,ahash,128,load-hit,quick_cache,0,7.362976
string24,ahash,128,load-hit,lru,0,9.722587
string24,ahash,128,load-hit,hashlink,0,6.371422
string24,ahash,128,load-hit,baseline,1,16.944885
string24,ahash,128,load-hit,quick_cache,1,7.094849
string24,ahash,128,load-hit,lru,1,6.614413
string24,ahash,128,load-hit,hashlink,1,5.692858
string24,ahash,128,load-hit,micro,1,16.989735
string24,ahash,128,load-hit,quick_cache,2,7.354431
string24,ahash,128,load-hit,lru,2,6.851854
string24,ahash,128,load-hit,hashlink,2,5.562323
string24,ahash,128,load-hit,micro,2,16.616604
string24,ahash,128,load-hit,baseline,2,17.206132
string24,ahash,128,load-hit,lru,3,6.620226
string24,ahash,128,load-hit,hashlink,3,5.599900
string24,ahash,128,load-hit,micro,3,16.492097
string24,ahash,128,load-hit,baseline,3,16.606206
string24,ahash,128,load-hit,quick_cache,3,7.204741
string24,ahash,128,load-hit,hashlink,4,5.577319
string24,ahash,128,load-hit,micro,4,16.646893
string24,ahash,128,load-hit,baseline,4,16.291079
string24,ahash,128,load-hit,quick_cache,4,7.178871
string24,ahash,128,load-hit,lru,4,6.665503
string24,ahash,128,load-cycle,micro,0,38.905125
string24,ahash,128,load-cycle,baseline,0,38.229616
string24,ahash,128,load-cycle,quick_cache,0,18.869222
string24,ahash,128,load-cycle,lru,0,39.296575
string24,ahash,128,load-cycle,hashlink,0,39.804025
string24,ahash,128,load-cycle,baseline,1,38.198328
string24,ahash,128,load-cycle,quick_cache,1,18.553915
string24,ahash,128,load-cycle,lru,1,38.803808
string24,ahash,128,load-cycle,hashlink,1,39.774232
string24,ahash,128,load-cycle,micro,1,38.470697
string24,ahash,128,load-cycle,quick_cache,2,18.649133
string24,ahash,128,load-cycle,lru,2,38.737521
string24,ahash,128,load-cycle,hashlink,2,39.994220
string24,ahash,128,load-cycle,micro,2,38.594033
string24,ahash,128,load-cycle,baseline,2,37.522252
string24,ahash,128,load-cycle,lru,3,38.405076
string24,ahash,128,load-cycle,hashlink,3,39.475155
string24,ahash,128,load-cycle,micro,3,38.307215
string24,ahash,128,load-cycle,baseline,3,37.479620
string24,ahash,128,load-cycle,quick_cache,3,18.474206
string24,ahash,128,load-cycle,hashlink,4,39.412044
string24,ahash,128,load-cycle,micro,4,38.500576
string24,ahash,128,load-cycle,baseline,4,37.704419
string24,ahash,128,load-cycle,quick_cache,4,18.469593
string24,ahash,128,load-cycle,lru,4,38.270435
string24,ahash,128,clear-refill,micro,0,2427.960356
string24,ahash,128,clear-refill,baseline,0,2465.249795
string24,ahash,128,clear-refill,quick_cache,0,2550.764656
string24,ahash,128,clear-refill,lru,0,5227.932056
string24,ahash,128,clear-refill,hashlink,0,3608.974760
string24,ahash,128,clear-refill,baseline,1,2484.408940
string24,ahash,128,clear-refill,quick_cache,1,2596.813149
string24,ahash,128,clear-refill,lru,1,5128.560684
string24,ahash,128,clear-refill,hashlink,1,3637.778182
string24,ahash,128,clear-refill,micro,1,2830.228302
string24,ahash,128,clear-refill,quick_cache,2,2534.030405
string24,ahash,128,clear-refill,lru,2,5244.909250
string24,ahash,128,clear-refill,hashlink,2,3560.992883
string24,ahash,128,clear-refill,micro,2,2535.297297
string24,ahash,128,clear-refill,baseline,2,2565.420513
string24,ahash,128,clear-refill,lru,3,5223.405217
string24,ahash,128,clear-refill,hashlink,3,3681.492025
string24,ahash,128,clear-refill,micro,3,2495.944260
string24,ahash,128,clear-refill,baseline,3,2533.783784
string24,ahash,128,clear-refill,quick_cache,3,2748.664835
string24,ahash,128,clear-refill,hashlink,4,3691.624846
string24,ahash,128,clear-refill,micro,4,2489.427861
string24,ahash,128,clear-refill,baseline,4,2536.559594
string24,ahash,128,clear-refill,quick_cache,4,2574.292453
string24,ahash,128,clear-refill,lru,4,5168.674699
string24,ahash,128,clear-empty,micro,0,0.365982
string24,ahash,128,clear-empty,baseline,0,49.892653
string24,ahash,128,clear-empty,quick_cache,0,3.938189
string24,ahash,128,clear-empty,lru,0,2.147621
string24,ahash,128,clear-empty,hashlink,0,0.613500
string24,ahash,128,clear-empty,baseline,1,50.653573
string24,ahash,128,clear-empty,quick_cache,1,4.065227
string24,ahash,128,clear-empty,lru,1,2.157505
string24,ahash,128,clear-empty,hashlink,1,0.594101
string24,ahash,128,clear-empty,micro,1,0.365925
string24,ahash,128,clear-empty,quick_cache,2,4.044466
string24,ahash,128,clear-empty,lru,2,2.154578
string24,ahash,128,clear-empty,hashlink,2,0.607315
string24,ahash,128,clear-empty,micro,2,0.366594
string24,ahash,128,clear-empty,baseline,2,51.662445
string24,ahash,128,clear-empty,lru,3,2.177294
string24,ahash,128,clear-empty,hashlink,3,0.618543
string24,ahash,128,clear-empty,micro,3,0.373683
string24,ahash,128,clear-empty,baseline,3,50.929924
string24,ahash,128,clear-empty,quick_cache,3,3.958525
string24,ahash,128,clear-empty,hashlink,4,0.610233
string24,ahash,128,clear-empty,micro,4,0.369927
string24,ahash,128,clear-empty,baseline,4,42.864792
string24,ahash,128,clear-empty,quick_cache,4,3.938408
string24,ahash,128,clear-empty,lru,4,2.137737
string24,ahash,128,iter-dense,micro,0,38.491636
string24,ahash,128,iter-dense,baseline,0,38.236223
string24,ahash,128,iter-dense,quick_cache,0,29.151926
string24,ahash,128,iter-dense,lru,0,140.204596
string24,ahash,128,iter-dense,hashlink,0,131.548782
string24,ahash,128,iter-dense,baseline,1,38.336940
string24,ahash,128,iter-dense,quick_cache,1,28.780521
string24,ahash,128,iter-dense,lru,1,130.811280
string24,ahash,128,iter-dense,hashlink,1,138.351171
string24,ahash,128,iter-dense,micro,1,38.652991
string24,ahash,128,iter-dense,quick_cache,2,28.931888
string24,ahash,128,iter-dense,lru,2,133.772825
string24,ahash,128,iter-dense,hashlink,2,131.997539
string24,ahash,128,iter-dense,micro,2,38.877876
string24,ahash,128,iter-dense,baseline,2,38.808658
string24,ahash,128,iter-dense,lru,3,132.632028
string24,ahash,128,iter-dense,hashlink,3,132.792256
string24,ahash,128,iter-dense,micro,3,39.020781
string24,ahash,128,iter-dense,baseline,3,39.125508
string24,ahash,128,iter-dense,quick_cache,3,29.515935
string24,ahash,128,iter-dense,hashlink,4,136.730138
string24,ahash,128,iter-dense,micro,4,38.941367
string24,ahash,128,iter-dense,baseline,4,39.099419
string24,ahash,128,iter-dense,quick_cache,4,28.993700
string24,ahash,128,iter-dense,lru,4,138.201077
string24,ahash,128,iter-dense-for,micro,0,38.367239
string24,ahash,128,iter-dense-for,baseline,0,38.415992
string24,ahash,128,iter-dense-for,quick_cache,0,69.704554
string24,ahash,128,iter-dense-for,lru,0,83.255934
string24,ahash,128,iter-dense-for,hashlink,0,78.334777
string24,ahash,128,iter-dense-for,baseline,1,38.957013
string24,ahash,128,iter-dense-for,quick_cache,1,38.041962
string24,ahash,128,iter-dense-for,lru,1,78.144531
string24,ahash,128,iter-dense-for,hashlink,1,70.529840
string24,ahash,128,iter-dense-for,micro,1,38.437884
string24,ahash,128,iter-dense-for,quick_cache,2,74.586491
string24,ahash,128,iter-dense-for,lru,2,83.991971
string24,ahash,128,iter-dense-for,hashlink,2,70.743590
string24,ahash,128,iter-dense-for,micro,2,37.574707
string24,ahash,128,iter-dense-for,baseline,2,38.078664
string24,ahash,128,iter-dense-for,lru,3,80.958549
string24,ahash,128,iter-dense-for,hashlink,3,73.283887
string24,ahash,128,iter-dense-for,micro,3,37.972939
string24,ahash,128,iter-dense-for,baseline,3,38.188964
string24,ahash,128,iter-dense-for,quick_cache,3,69.414253
string24,ahash,128,iter-dense-for,hashlink,4,73.996769
string24,ahash,128,iter-dense-for,micro,4,38.643490
string24,ahash,128,iter-dense-for,baseline,4,38.305619
string24,ahash,128,iter-dense-for,quick_cache,4,69.344605
string24,ahash,128,iter-dense-for,lru,4,81.485990
string24,ahash,128,iter-density-1pct,micro,0,33.459181
string24,ahash,128,iter-density-1pct,baseline,0,34.096114
string24,ahash,128,iter-density-1pct,quick_cache,0,22.894093
string24,ahash,128,iter-density-1pct,lru,0,1.290149
string24,ahash,128,iter-density-1pct,hashlink,0,1.269259
string24,ahash,128,iter-density-1pct,baseline,1,34.162022
string24,ahash,128,iter-density-1pct,quick_cache,1,22.928000
string24,ahash,128,iter-density-1pct,lru,1,1.292052
string24,ahash,128,iter-density-1pct,hashlink,1,1.259945
string24,ahash,128,iter-density-1pct,micro,1,34.067553
string24,ahash,128,iter-density-1pct,quick_cache,2,22.947703
string24,ahash,128,iter-density-1pct,lru,2,1.302337
string24,ahash,128,iter-density-1pct,hashlink,2,1.277526
string24,ahash,128,iter-density-1pct,micro,2,35.105064
string24,ahash,128,iter-density-1pct,baseline,2,34.097068
string24,ahash,128,iter-density-1pct,lru,3,1.296304
string24,ahash,128,iter-density-1pct,hashlink,3,1.258220
string24,ahash,128,iter-density-1pct,micro,3,34.485817
string24,ahash,128,iter-density-1pct,baseline,3,34.093750
string24,ahash,128,iter-density-1pct,quick_cache,3,23.076644
string24,ahash,128,iter-density-1pct,hashlink,4,1.267423
string24,ahash,128,iter-density-1pct,micro,4,34.141513
string24,ahash,128,iter-density-1pct,baseline,4,33.959333
string24,ahash,128,iter-density-1pct,quick_cache,4,23.125069
string24,ahash,128,iter-density-1pct,lru,4,1.300115
string24,ahash,128,iter-density-6pct,micro,0,36.831672
string24,ahash,128,iter-density-6pct,baseline,0,36.668129
string24,ahash,128,iter-density-6pct,quick_cache,0,23.641381
string24,ahash,128,iter-density-6pct,lru,0,3.312884
string24,ahash,128,iter-density-6pct,hashlink,0,3.210377
string24,ahash,128,iter-density-6pct,baseline,1,36.865234
string24,ahash,128,iter-density-6pct,quick_cache,1,23.554266
string24,ahash,128,iter-density-6pct,lru,1,3.283759
string24,ahash,128,iter-density-6pct,hashlink,1,3.200075
string24,ahash,128,iter-density-6pct,micro,1,36.672712
string24,ahash,128,iter-density-6pct,quick_cache,2,23.693510
string24,ahash,128,iter-density-6pct,lru,2,3.285784
string24,ahash,128,iter-density-6pct,hashlink,2,3.201342
string24,ahash,128,iter-density-6pct,micro,2,36.931161
string24,ahash,128,iter-density-6pct,baseline,2,36.602166
string24,ahash,128,iter-density-6pct,lru,3,3.357254
string24,ahash,128,iter-density-6pct,hashlink,3,3.266664
string24,ahash,128,iter-density-6pct,micro,3,36.658388
string24,ahash,128,iter-density-6pct,baseline,3,36.642524
string24,ahash,128,iter-density-6pct,quick_cache,3,23.596738
string24,ahash,128,iter-density-6pct,hashlink,4,3.204252
string24,ahash,128,iter-density-6pct,micro,4,36.788827
string24,ahash,128,iter-density-6pct,baseline,4,36.126794
string24,ahash,128,iter-density-6pct,quick_cache,4,23.717485
string24,ahash,128,iter-density-6pct,lru,4,3.334875
string24,ahash,128,iter-density-quarter,micro,0,51.501304
string24,ahash,128,iter-density-quarter,baseline,0,51.241598
string24,ahash,128,iter-density-quarter,quick_cache,0,26.454994
string24,ahash,128,iter-density-quarter,lru,0,18.982366
string24,ahash,128,iter-density-quarter,hashlink,0,18.873132
string24,ahash,128,iter-density-quarter,baseline,1,50.734054
string24,ahash,128,iter-density-quarter,quick_cache,1,26.271146
string24,ahash,128,iter-density-quarter,lru,1,18.991904
string24,ahash,128,iter-density-quarter,hashlink,1,18.808243
string24,ahash,128,iter-density-quarter,micro,1,50.437349
string24,ahash,128,iter-density-quarter,quick_cache,2,26.258620
string24,ahash,128,iter-density-quarter,lru,2,18.862000
string24,ahash,128,iter-density-quarter,hashlink,2,18.789141
string24,ahash,128,iter-density-quarter,micro,2,50.644843
string24,ahash,128,iter-density-quarter,baseline,2,50.705195
string24,ahash,128,iter-density-quarter,lru,3,19.380807
string24,ahash,128,iter-density-quarter,hashlink,3,18.940713
string24,ahash,128,iter-density-quarter,micro,3,46.877609
string24,ahash,128,iter-density-quarter,baseline,3,48.117624
string24,ahash,128,iter-density-quarter,quick_cache,3,25.282674
string24,ahash,128,iter-density-quarter,hashlink,4,18.727527
string24,ahash,128,iter-density-quarter,micro,4,52.016899
string24,ahash,128,iter-density-quarter,baseline,4,48.197826
string24,ahash,128,iter-density-quarter,quick_cache,4,24.921642
string24,ahash,128,iter-density-quarter,lru,4,18.774354
string24,ahash,128,iter-density-half,micro,0,62.814823
string24,ahash,128,iter-density-half,baseline,0,62.342441
string24,ahash,128,iter-density-half,quick_cache,0,24.886445
string24,ahash,128,iter-density-half,lru,0,51.784943
string24,ahash,128,iter-density-half,hashlink,0,50.339523
string24,ahash,128,iter-density-half,baseline,1,62.788487
string24,ahash,128,iter-density-half,quick_cache,1,24.691237
string24,ahash,128,iter-density-half,lru,1,50.889345
string24,ahash,128,iter-density-half,hashlink,1,50.303447
string24,ahash,128,iter-density-half,micro,1,62.516479
string24,ahash,128,iter-density-half,quick_cache,2,24.953420
string24,ahash,128,iter-density-half,lru,2,50.820071
string24,ahash,128,iter-density-half,hashlink,2,50.447838
string24,ahash,128,iter-density-half,micro,2,62.700201
string24,ahash,128,iter-density-half,baseline,2,62.640907
string24,ahash,128,iter-density-half,lru,3,50.390146
string24,ahash,128,iter-density-half,hashlink,3,50.639224
string24,ahash,128,iter-density-half,micro,3,62.531250
string24,ahash,128,iter-density-half,baseline,3,63.170770
string24,ahash,128,iter-density-half,quick_cache,3,24.978223
string24,ahash,128,iter-density-half,hashlink,4,53.951057
string24,ahash,128,iter-density-half,micro,4,64.852935
string24,ahash,128,iter-density-half,baseline,4,62.389970
string24,ahash,128,iter-density-half,quick_cache,4,24.678920
string24,ahash,128,iter-density-half,lru,4,51.014316
string24,ahash,128,iter-front,micro,0,36.683502
string24,ahash,128,iter-front,baseline,0,36.457827
string24,ahash,128,iter-front,quick_cache,0,26.123659
string24,ahash,128,iter-front,lru,0,1.213168
string24,ahash,128,iter-front,hashlink,0,1.197915
string24,ahash,128,iter-front,baseline,1,38.006372
string24,ahash,128,iter-front,quick_cache,1,26.023236
string24,ahash,128,iter-front,lru,1,1.203373
string24,ahash,128,iter-front,hashlink,1,1.137411
string24,ahash,128,iter-front,micro,1,37.588189
string24,ahash,128,iter-front,quick_cache,2,26.149505
string24,ahash,128,iter-front,lru,2,1.167308
string24,ahash,128,iter-front,hashlink,2,1.133273
string24,ahash,128,iter-front,micro,2,36.195496
string24,ahash,128,iter-front,baseline,2,36.327671
string24,ahash,128,iter-front,lru,3,1.185358
string24,ahash,128,iter-front,hashlink,3,1.188454
string24,ahash,128,iter-front,micro,3,37.621953
string24,ahash,128,iter-front,baseline,3,37.185778
string24,ahash,128,iter-front,quick_cache,3,22.491155
string24,ahash,128,iter-front,hashlink,4,1.179127
string24,ahash,128,iter-front,micro,4,38.150834
string24,ahash,128,iter-front,baseline,4,38.356339
string24,ahash,128,iter-front,quick_cache,4,22.615299
string24,ahash,128,iter-front,lru,4,1.213891
string24,ahash,128,iter-back,micro,0,38.377609
string24,ahash,128,iter-back,baseline,0,38.238339
string24,ahash,128,iter-back,quick_cache,0,22.257835
string24,ahash,128,iter-back,lru,0,1.208477
string24,ahash,128,iter-back,hashlink,0,1.185418
string24,ahash,128,iter-back,baseline,1,39.299887
string24,ahash,128,iter-back,quick_cache,1,22.322359
string24,ahash,128,iter-back,lru,1,1.207729
string24,ahash,128,iter-back,hashlink,1,1.158623
string24,ahash,128,iter-back,micro,1,38.734962
string24,ahash,128,iter-back,quick_cache,2,22.176066
string24,ahash,128,iter-back,lru,2,1.190113
string24,ahash,128,iter-back,hashlink,2,1.147042
string24,ahash,128,iter-back,micro,2,38.839193
string24,ahash,128,iter-back,baseline,2,38.441626
string24,ahash,128,iter-back,lru,3,1.189947
string24,ahash,128,iter-back,hashlink,3,1.140497
string24,ahash,128,iter-back,micro,3,38.860146
string24,ahash,128,iter-back,baseline,3,38.723808
string24,ahash,128,iter-back,quick_cache,3,22.049675
string24,ahash,128,iter-back,hashlink,4,1.144521
string24,ahash,128,iter-back,micro,4,38.862839
string24,ahash,128,iter-back,baseline,4,38.588825
string24,ahash,128,iter-back,quick_cache,4,22.159116
string24,ahash,128,iter-back,lru,4,1.203945
string24,ahash,128,iter-empty,micro,0,38.905277
string24,ahash,128,iter-empty,baseline,0,37.968649
string24,ahash,128,iter-empty,quick_cache,0,23.289051
string24,ahash,128,iter-empty,lru,0,0.988215
string24,ahash,128,iter-empty,hashlink,0,1.000171
string24,ahash,128,iter-empty,baseline,1,38.076025
string24,ahash,128,iter-empty,quick_cache,1,23.261132
string24,ahash,128,iter-empty,lru,1,1.061253
string24,ahash,128,iter-empty,hashlink,1,0.971805
string24,ahash,128,iter-empty,micro,1,36.725580
string24,ahash,128,iter-empty,quick_cache,2,22.706519
string24,ahash,128,iter-empty,lru,2,0.995128
string24,ahash,128,iter-empty,hashlink,2,0.998360
string24,ahash,128,iter-empty,micro,2,38.079331
string24,ahash,128,iter-empty,baseline,2,37.551312
string24,ahash,128,iter-empty,lru,3,0.995688
string24,ahash,128,iter-empty,hashlink,3,0.993430
string24,ahash,128,iter-empty,micro,3,38.105915
string24,ahash,128,iter-empty,baseline,3,37.664721
string24,ahash,128,iter-empty,quick_cache,3,23.119360
string24,ahash,128,iter-empty,hashlink,4,1.000139
string24,ahash,128,iter-empty,micro,4,38.156810
string24,ahash,128,iter-empty,baseline,4,37.520221
string24,ahash,128,iter-empty,quick_cache,4,23.165624
string24,ahash,128,iter-empty,lru,4,0.986884
string24,ahash,128,iter-count,micro,0,37.526932
string24,ahash,128,iter-count,baseline,0,37.282986
string24,ahash,128,iter-count,quick_cache,0,56.401968
string24,ahash,128,iter-count,lru,0,0.400819
string24,ahash,128,iter-count,hashlink,0,0.402407
string24,ahash,128,iter-count,baseline,1,37.083190
string24,ahash,128,iter-count,quick_cache,1,55.089440
string24,ahash,128,iter-count,lru,1,0.398527
string24,ahash,128,iter-count,hashlink,1,0.402082
string24,ahash,128,iter-count,micro,1,37.638872
string24,ahash,128,iter-count,quick_cache,2,54.225482
string24,ahash,128,iter-count,lru,2,0.401017
string24,ahash,128,iter-count,hashlink,2,0.398028
string24,ahash,128,iter-count,micro,2,36.078726
string24,ahash,128,iter-count,baseline,2,35.430136
string24,ahash,128,iter-count,lru,3,0.393498
string24,ahash,128,iter-count,hashlink,3,0.401801
string24,ahash,128,iter-count,micro,3,37.539424
string24,ahash,128,iter-count,baseline,3,37.813445
string24,ahash,128,iter-count,quick_cache,3,55.382297
string24,ahash,128,iter-count,hashlink,4,0.409389
string24,ahash,128,iter-count,micro,4,38.905668
string24,ahash,128,iter-count,baseline,4,39.494884
string24,ahash,128,iter-count,quick_cache,4,54.079205
string24,ahash,128,iter-count,lru,4,0.396592
string24,ahash,1024,get-hit,micro,0,6.819736
string24,ahash,1024,get-hit,baseline,0,6.828686
string24,ahash,1024,get-hit,quick_cache,0,6.869941
string24,ahash,1024,get-hit,lru,0,7.807521
string24,ahash,1024,get-hit,hashlink,0,7.562338
string24,ahash,1024,get-hit,baseline,1,6.825010
string24,ahash,1024,get-hit,quick_cache,1,6.877100
string24,ahash,1024,get-hit,lru,1,7.736524
string24,ahash,1024,get-hit,hashlink,1,7.421570
string24,ahash,1024,get-hit,micro,1,6.874272
string24,ahash,1024,get-hit,quick_cache,2,6.941213
string24,ahash,1024,get-hit,lru,2,8.403778
string24,ahash,1024,get-hit,hashlink,2,7.515109
string24,ahash,1024,get-hit,micro,2,6.805232
string24,ahash,1024,get-hit,baseline,2,6.797038
string24,ahash,1024,get-hit,lru,3,7.931648
string24,ahash,1024,get-hit,hashlink,3,7.329814
string24,ahash,1024,get-hit,micro,3,6.791762
string24,ahash,1024,get-hit,baseline,3,6.821809
string24,ahash,1024,get-hit,quick_cache,3,6.808811
string24,ahash,1024,get-hit,hashlink,4,7.355652
string24,ahash,1024,get-hit,micro,4,6.797035
string24,ahash,1024,get-hit,baseline,4,6.802499
string24,ahash,1024,get-hit,quick_cache,4,6.801652
string24,ahash,1024,get-hit,lru,4,7.780286
string24,ahash,1024,get-miss,micro,0,3.771879
string24,ahash,1024,get-miss,baseline,0,3.796764
string24,ahash,1024,get-miss,quick_cache,0,3.768818
string24,ahash,1024,get-miss,lru,0,4.025581
string24,ahash,1024,get-miss,hashlink,0,3.738559
string24,ahash,1024,get-miss,baseline,1,3.889760
string24,ahash,1024,get-miss,quick_cache,1,3.771050
string24,ahash,1024,get-miss,lru,1,3.955527
string24,ahash,1024,get-miss,hashlink,1,3.720114
string24,ahash,1024,get-miss,micro,1,3.738456
string24,ahash,1024,get-miss,quick_cache,2,3.751222
string24,ahash,1024,get-miss,lru,2,3.996476
string24,ahash,1024,get-miss,hashlink,2,3.716773
string24,ahash,1024,get-miss,micro,2,3.800015
string24,ahash,1024,get-miss,baseline,2,3.832128
string24,ahash,1024,get-miss,lru,3,3.955090
string24,ahash,1024,get-miss,hashlink,3,3.667551
string24,ahash,1024,get-miss,micro,3,3.740532
string24,ahash,1024,get-miss,baseline,3,3.790944
string24,ahash,1024,get-miss,quick_cache,3,3.768193
string24,ahash,1024,get-miss,hashlink,4,3.668315
string24,ahash,1024,get-miss,micro,4,3.741725
string24,ahash,1024,get-miss,baseline,4,3.786801
string24,ahash,1024,get-miss,quick_cache,4,3.738715
string24,ahash,1024,get-miss,lru,4,3.955964
string24,ahash,1024,update,micro,0,18.391931
string24,ahash,1024,update,baseline,0,18.184117
string24,ahash,1024,update,quick_cache,0,34.515847
string24,ahash,1024,update,lru,0,24.268150
string24,ahash,1024,update,hashlink,0,21.908928
string24,ahash,1024,update,baseline,1,18.511707
string24,ahash,1024,update,quick_cache,1,35.060536
string24,ahash,1024,update,lru,1,22.085148
string24,ahash,1024,update,hashlink,1,21.462050
string24,ahash,1024,update,micro,1,18.433636
string24,ahash,1024,update,quick_cache,2,34.136685
string24,ahash,1024,update,lru,2,23.310028
string24,ahash,1024,update,hashlink,2,21.680348
string24,ahash,1024,update,micro,2,18.563843
string24,ahash,1024,update,baseline,2,18.424481
string24,ahash,1024,update,lru,3,22.717946
string24,ahash,1024,update,hashlink,3,20.998359
string24,ahash,1024,update,micro,3,18.400323
string24,ahash,1024,update,baseline,3,18.192598
string24,ahash,1024,update,quick_cache,3,34.695712
string24,ahash,1024,update,hashlink,4,21.471375
string24,ahash,1024,update,micro,4,18.425500
string24,ahash,1024,update,baseline,4,18.292143
string24,ahash,1024,update,quick_cache,4,34.796054
string24,ahash,1024,update,lru,4,21.310872
string24,ahash,1024,insert-cycle,micro,0,44.175695
string24,ahash,1024,insert-cycle,baseline,0,43.518066
string24,ahash,1024,insert-cycle,quick_cache,0,28.139510
string24,ahash,1024,insert-cycle,lru,0,50.594642
string24,ahash,1024,insert-cycle,hashlink,0,42.607771
string24,ahash,1024,insert-cycle,baseline,1,44.505105
string24,ahash,1024,insert-cycle,quick_cache,1,27.825509
string24,ahash,1024,insert-cycle,lru,1,50.295671
string24,ahash,1024,insert-cycle,hashlink,1,41.424778
string24,ahash,1024,insert-cycle,micro,1,43.880687
string24,ahash,1024,insert-cycle,quick_cache,2,27.834334
string24,ahash,1024,insert-cycle,lru,2,50.038656
string24,ahash,1024,insert-cycle,hashlink,2,41.288018
string24,ahash,1024,insert-cycle,micro,2,44.603752
string24,ahash,1024,insert-cycle,baseline,2,44.152344
string24,ahash,1024,insert-cycle,lru,3,50.335693
string24,ahash,1024,insert-cycle,hashlink,3,41.710178
string24,ahash,1024,insert-cycle,micro,3,43.758617
string24,ahash,1024,insert-cycle,baseline,3,43.206299
string24,ahash,1024,insert-cycle,quick_cache,3,27.680784
string24,ahash,1024,insert-cycle,hashlink,4,40.566934
string24,ahash,1024,insert-cycle,micro,4,44.017722
string24,ahash,1024,insert-cycle,baseline,4,42.993164
string24,ahash,1024,insert-cycle,quick_cache,4,27.343750
string24,ahash,1024,insert-cycle,lru,4,50.585517
string24,ahash,1024,mixed-95,micro,0,9.938717
string24,ahash,1024,mixed-95,baseline,0,9.907544
string24,ahash,1024,mixed-95,quick_cache,0,12.824178
string24,ahash,1024,mixed-95,lru,0,11.681855
string24,ahash,1024,mixed-95,hashlink,0,10.733306
string24,ahash,1024,mixed-95,baseline,1,11.809011
string24,ahash,1024,mixed-95,quick_cache,1,13.410071
string24,ahash,1024,mixed-95,lru,1,11.295656
string24,ahash,1024,mixed-95,hashlink,1,10.660787
string24,ahash,1024,mixed-95,micro,1,10.131339
string24,ahash,1024,mixed-95,quick_cache,2,12.966255
string24,ahash,1024,mixed-95,lru,2,11.445741
string24,ahash,1024,mixed-95,hashlink,2,10.642449
string24,ahash,1024,mixed-95,micro,2,10.256847
string24,ahash,1024,mixed-95,baseline,2,10.284483
string24,ahash,1024,mixed-95,lru,3,11.836012
string24,ahash,1024,mixed-95,hashlink,3,11.282225
string24,ahash,1024,mixed-95,micro,3,10.403951
string24,ahash,1024,mixed-95,baseline,3,10.298729
string24,ahash,1024,mixed-95,quick_cache,3,13.211230
string24,ahash,1024,mixed-95,hashlink,4,10.972778
string24,ahash,1024,mixed-95,micro,4,10.359386
string24,ahash,1024,mixed-95,baseline,4,10.361036
string24,ahash,1024,mixed-95,quick_cache,4,13.342500
string24,ahash,1024,mixed-95,lru,4,12.187660
string24,ahash,1024,load-hit,micro,0,18.978882
string24,ahash,1024,load-hit,baseline,0,18.882245
string24,ahash,1024,load-hit,quick_cache,0,8.726963
string24,ahash,1024,load-hit,lru,0,9.619820
string24,ahash,1024,load-hit,hashlink,0,7.401326
string24,ahash,1024,load-hit,baseline,1,19.297550
string24,ahash,1024,load-hit,quick_cache,1,9.184012
string24,ahash,1024,load-hit,lru,1,9.634428
string24,ahash,1024,load-hit,hashlink,1,7.363992
string24,ahash,1024,load-hit,micro,1,19.014740
string24,ahash,1024,load-hit,quick_cache,2,8.970432
string24,ahash,1024,load-hit,lru,2,9.657477
string24,ahash,1024,load-hit,hashlink,2,7.350869
string24,ahash,1024,load-hit,micro,2,18.979901
string24,ahash,1024,load-hit,baseline,2,19.252521
string24,ahash,1024,load-hit,lru,3,9.710748
string24,ahash,1024,load-hit,hashlink,3,7.464905
string24,ahash,1024,load-hit,micro,3,19.087982
string24,ahash,1024,load-hit,baseline,3,18.946582
string24,ahash,1024,load-hit,quick_cache,3,9.686786
string24,ahash,1024,load-hit,hashlink,4,27.723772
string24,ahash,1024,load-hit,micro,4,48.460007
string24,ahash,1024,load-hit,baseline,4,42.033434
string24,ahash,1024,load-hit,quick_cache,4,14.726362
string24,ahash,1024,load-hit,lru,4,14.782920
string24,ahash,1024,load-cycle,micro,0,44.482652
string24,ahash,1024,load-cycle,baseline,0,47.134399
string24,ahash,1024,load-cycle,quick_cache,0,19.975269
string24,ahash,1024,load-cycle,lru,0,49.939648
string24,ahash,1024,load-cycle,hashlink,0,48.574802
string24,ahash,1024,load-cycle,baseline,1,45.118549
string24,ahash,1024,load-cycle,quick_cache,1,20.719286
string24,ahash,1024,load-cycle,lru,1,50.807903
string24,ahash,1024,load-cycle,hashlink,1,47.843025
string24,ahash,1024,load-cycle,micro,1,45.189438
string24,ahash,1024,load-cycle,quick_cache,2,20.205700
string24,ahash,1024,load-cycle,lru,2,50.135645
string24,ahash,1024,load-cycle,hashlink,2,45.892075
string24,ahash,1024,load-cycle,micro,2,44.834325
string24,ahash,1024,load-cycle,baseline,2,46.653748
string24,ahash,1024,load-cycle,lru,3,50.812130
string24,ahash,1024,load-cycle,hashlink,3,50.040690
string24,ahash,1024,load-cycle,micro,3,42.250851
string24,ahash,1024,load-cycle,baseline,3,43.847771
string24,ahash,1024,load-cycle,quick_cache,3,19.894439
string24,ahash,1024,load-cycle,hashlink,4,48.108824
string24,ahash,1024,load-cycle,micro,4,45.151219
string24,ahash,1024,load-cycle,baseline,4,45.169093
string24,ahash,1024,load-cycle,quick_cache,4,20.356920
string24,ahash,1024,load-cycle,lru,4,49.085140
string24,ahash,1024,clear-refill,micro,0,21817.637681
string24,ahash,1024,clear-refill,baseline,0,21539.878571
string24,ahash,1024,clear-refill,quick_cache,0,23987.436508
string24,ahash,1024,clear-refill,lru,0,53860.107143
string24,ahash,1024,clear-refill,hashlink,0,32556.000000
string24,ahash,1024,clear-refill,baseline,1,21915.145985
string24,ahash,1024,clear-refill,quick_cache,1,26090.517241
string24,ahash,1024,clear-refill,lru,1,53012.421053
string24,ahash,1024,clear-refill,hashlink,1,33744.853933
string24,ahash,1024,clear-refill,micro,1,22132.352941
string24,ahash,1024,clear-refill,quick_cache,2,22512.126866
string24,ahash,1024,clear-refill,lru,2,52912.280702
string24,ahash,1024,clear-refill,hashlink,2,32334.677419
string24,ahash,1024,clear-refill,micro,2,22533.888060
string24,ahash,1024,clear-refill,baseline,2,21563.692857
string24,ahash,1024,clear-refill,lru,3,53458.333333
string24,ahash,1024,clear-refill,hashlink,3,33161.626374
string24,ahash,1024,clear-refill,micro,3,22428.485075
string24,ahash,1024,clear-refill,baseline,3,21673.561151
string24,ahash,1024,clear-refill,quick_cache,3,24373.322581
string24,ahash,1024,clear-refill,hashlink,4,32898.097826
string24,ahash,1024,clear-refill,micro,4,22125.301471
string24,ahash,1024,clear-refill,baseline,4,21736.812950
string24,ahash,1024,clear-refill,quick_cache,4,24606.213115
string24,ahash,1024,clear-refill,lru,4,53211.982456
string24,ahash,1024,clear-empty,micro,0,0.366273
string24,ahash,1024,clear-empty,baseline,0,48.048348
string24,ahash,1024,clear-empty,quick_cache,0,3.957299
string24,ahash,1024,clear-empty,lru,0,2.154907
string24,ahash,1024,clear-empty,hashlink,0,0.610997
string24,ahash,1024,clear-empty,baseline,1,47.891422
string24,ahash,1024,clear-empty,quick_cache,1,3.991456
string24,ahash,1024,clear-empty,lru,1,2.140377
string24,ahash,1024,clear-empty,hashlink,1,0.616720
string24,ahash,1024,clear-empty,micro,1,0.373922
string24,ahash,1024,clear-empty,quick_cache,2,4.035113
string24,ahash,1024,clear-empty,lru,2,2.160897
string24,ahash,1024,clear-empty,hashlink,2,0.606147
string24,ahash,1024,clear-empty,micro,2,0.367249
string24,ahash,1024,clear-empty,baseline,2,47.723212
string24,ahash,1024,clear-empty,lru,3,2.148289
string24,ahash,1024,clear-empty,hashlink,3,0.606412
string24,ahash,1024,clear-empty,micro,3,0.369025
string24,ahash,1024,clear-empty,baseline,3,46.929047
string24,ahash,1024,clear-empty,quick_cache,3,3.997289
string24,ahash,1024,clear-empty,hashlink,4,0.610719
string24,ahash,1024,clear-empty,micro,4,0.362288
string24,ahash,1024,clear-empty,baseline,4,48.195761
string24,ahash,1024,clear-empty,quick_cache,4,3.952526
string24,ahash,1024,clear-empty,lru,4,2.142065
string24,ahash,1024,iter-dense,micro,0,274.511148
string24,ahash,1024,iter-dense,baseline,0,275.006873
string24,ahash,1024,iter-dense,quick_cache,0,256.763064
string24,ahash,1024,iter-dense,lru,0,1250.582648
string24,ahash,1024,iter-dense,hashlink,0,1221.422078
string24,ahash,1024,iter-dense,baseline,1,271.744039
string24,ahash,1024,iter-dense,quick_cache,1,280.620336
string24,ahash,1024,iter-dense,lru,1,1344.419643
string24,ahash,1024,iter-dense,hashlink,1,1231.111201
string24,ahash,1024,iter-dense,micro,1,260.308518
string24,ahash,1024,iter-dense,quick_cache,2,250.649333
string24,ahash,1024,iter-dense,lru,2,1335.643926
string24,ahash,1024,iter-dense,hashlink,2,1350.762500
string24,ahash,1024,iter-dense,micro,2,270.589427
string24,ahash,1024,iter-dense,baseline,2,271.371478
string24,ahash,1024,iter-dense,lru,3,1240.577303
string24,ahash,1024,iter-dense,hashlink,3,1232.362825
string24,ahash,1024,iter-dense,micro,3,273.688047
string24,ahash,1024,iter-dense,baseline,3,299.774561
string24,ahash,1024,iter-dense,quick_cache,3,262.057001
string24,ahash,1024,iter-dense,hashlink,4,1468.790527
string24,ahash,1024,iter-dense,micro,4,287.624617
string24,ahash,1024,iter-dense,baseline,4,282.094595
string24,ahash,1024,iter-dense,quick_cache,4,254.932320
string24,ahash,1024,iter-dense,lru,4,1361.186594
string24,ahash,1024,iter-dense-for,micro,0,281.483907
string24,ahash,1024,iter-dense-for,baseline,0,282.520708
string24,ahash,1024,iter-dense-for,quick_cache,0,512.942452
string24,ahash,1024,iter-dense-for,lru,0,765.085112
string24,ahash,1024,iter-dense-for,hashlink,0,793.154674
string24,ahash,1024,iter-dense-for,baseline,1,274.575841
string24,ahash,1024,iter-dense-for,quick_cache,1,271.348898
string24,ahash,1024,iter-dense-for,lru,1,779.818698
string24,ahash,1024,iter-dense-for,hashlink,1,885.158903
string24,ahash,1024,iter-dense-for,micro,1,275.972702
string24,ahash,1024,iter-dense-for,quick_cache,2,263.869382
string24,ahash,1024,iter-dense-for,lru,2,788.055935
string24,ahash,1024,iter-dense-for,hashlink,2,928.475557
string24,ahash,1024,iter-dense-for,micro,2,280.410448
string24,ahash,1024,iter-dense-for,baseline,2,280.918600
string24,ahash,1024,iter-dense-for,lru,3,766.471799
string24,ahash,1024,iter-dense-for,hashlink,3,810.748922
string24,ahash,1024,iter-dense-for,micro,3,275.846324
string24,ahash,1024,iter-dense-for,baseline,3,275.984191
string24,ahash,1024,iter-dense-for,quick_cache,3,267.628205
string24,ahash,1024,iter-dense-for,hashlink,4,942.070312
string24,ahash,1024,iter-dense-for,micro,4,278.761684
string24,ahash,1024,iter-dense-for,baseline,4,279.126302
string24,ahash,1024,iter-dense-for,quick_cache,4,272.078804
string24,ahash,1024,iter-dense-for,lru,4,775.406767
string24,ahash,1024,iter-density-1pct,micro,0,343.179745
string24,ahash,1024,iter-density-1pct,baseline,0,341.822955
string24,ahash,1024,iter-density-1pct,quick_cache,0,175.011194
string24,ahash,1024,iter-density-1pct,lru,0,4.277231
string24,ahash,1024,iter-density-1pct,hashlink,0,4.232050
string24,ahash,1024,iter-density-1pct,baseline,1,351.274813
string24,ahash,1024,iter-density-1pct,quick_cache,1,175.338318
string24,ahash,1024,iter-density-1pct,lru,1,4.277561
string24,ahash,1024,iter-density-1pct,hashlink,1,4.211708
string24,ahash,1024,iter-density-1pct,micro,1,349.930037
string24,ahash,1024,iter-density-1pct,quick_cache,2,175.205515
string24,ahash,1024,iter-density-1pct,lru,2,4.355117
string24,ahash,1024,iter-density-1pct,hashlink,2,4.203457
string24,ahash,1024,iter-density-1pct,micro,2,354.314151
string24,ahash,1024,iter-density-1pct,baseline,2,345.076057
string24,ahash,1024,iter-density-1pct,lru,3,4.386702
string24,ahash,1024,iter-density-1pct,hashlink,3,4.267883
string24,ahash,1024,iter-density-1pct,micro,3,344.546589
string24,ahash,1024,iter-density-1pct,baseline,3,338.969427
string24,ahash,1024,iter-density-1pct,quick_cache,3,174.852537
string24,ahash,1024,iter-density-1pct,hashlink,4,4.228042
string24,ahash,1024,iter-density-1pct,micro,4,342.804288
string24,ahash,1024,iter-density-1pct,baseline,4,346.930696
string24,ahash,1024,iter-density-1pct,quick_cache,4,180.234825
string24,ahash,1024,iter-density-1pct,lru,4,4.423484
string24,ahash,1024,iter-density-6pct,micro,0,308.017418
string24,ahash,1024,iter-density-6pct,baseline,0,301.382212
string24,ahash,1024,iter-density-6pct,quick_cache,0,196.876638
string24,ahash,1024,iter-density-6pct,lru,0,48.718214
string24,ahash,1024,iter-density-6pct,hashlink,0,49.243222
string24,ahash,1024,iter-density-6pct,baseline,1,289.548708
string24,ahash,1024,iter-density-6pct,quick_cache,1,204.217595
string24,ahash,1024,iter-density-6pct,lru,1,50.334642
string24,ahash,1024,iter-density-6pct,hashlink,1,49.816801
string24,ahash,1024,iter-density-6pct,micro,1,294.548393
string24,ahash,1024,iter-density-6pct,quick_cache,2,208.275637
string24,ahash,1024,iter-density-6pct,lru,2,52.431229
string24,ahash,1024,iter-density-6pct,hashlink,2,49.095370
string24,ahash,1024,iter-density-6pct,micro,2,287.868290
string24,ahash,1024,iter-density-6pct,baseline,2,290.610488
string24,ahash,1024,iter-density-6pct,lru,3,51.338567
string24,ahash,1024,iter-density-6pct,hashlink,3,53.316568
string24,ahash,1024,iter-density-6pct,micro,3,297.344739
string24,ahash,1024,iter-density-6pct,baseline,3,272.907522
string24,ahash,1024,iter-density-6pct,quick_cache,3,208.457778
string24,ahash,1024,iter-density-6pct,hashlink,4,49.627976
string24,ahash,1024,iter-density-6pct,micro,4,295.930205
string24,ahash,1024,iter-density-6pct,baseline,4,294.409679
string24,ahash,1024,iter-density-6pct,quick_cache,4,207.255450
string24,ahash,1024,iter-density-6pct,lru,4,51.417301
string24,ahash,1024,iter-density-quarter,micro,0,378.402218
string24,ahash,1024,iter-density-quarter,baseline,0,380.050228
string24,ahash,1024,iter-density-quarter,quick_cache,0,193.688273
string24,ahash,1024,iter-density-quarter,lru,0,294.831761
string24,ahash,1024,iter-density-quarter,hashlink,0,294.823605
string24,ahash,1024,iter-density-quarter,baseline,1,372.261533
string24,ahash,1024,iter-density-quarter,quick_cache,1,194.021178
string24,ahash,1024,iter-density-quarter,lru,1,294.458660
string24,ahash,1024,iter-density-quarter,hashlink,1,294.544279
string24,ahash,1024,iter-density-quarter,micro,1,373.967754
string24,ahash,1024,iter-density-quarter,quick_cache,2,194.523664
string24,ahash,1024,iter-density-quarter,lru,2,293.420410
string24,ahash,1024,iter-density-quarter,hashlink,2,295.384532
string24,ahash,1024,iter-density-quarter,micro,2,374.164716
string24,ahash,1024,iter-density-quarter,baseline,2,369.878814
string24,ahash,1024,iter-density-quarter,lru,3,295.597484
string24,ahash,1024,iter-density-quarter,hashlink,3,298.577976
string24,ahash,1024,iter-density-quarter,micro,3,385.165856
string24,ahash,1024,iter-density-quarter,baseline,3,390.171162
string24,ahash,1024,iter-density-quarter,quick_cache,3,194.005036
string24,ahash,1024,iter-density-quarter,hashlink,4,298.115079
string24,ahash,1024,iter-density-quarter,micro,4,383.545918
string24,ahash,1024,iter-density-quarter,baseline,4,374.527888
string24,ahash,1024,iter-density-quarter,quick_cache,4,195.204262
string24,ahash,1024,iter-density-quarter,lru,4,293.159961
string24,ahash,1024,iter-density-half,micro,0,501.490140
string24,ahash,1024,iter-density-half,baseline,0,496.465774
string24,ahash,1024,iter-density-half,quick_cache,0,198.984309
string24,ahash,1024,iter-density-half,lru,0,633.100881
string24,ahash,1024,iter-density-half,hashlink,0,618.926398
string24,ahash,1024,iter-density-half,baseline,1,492.801047
string24,ahash,1024,iter-density-half,quick_cache,1,196.936648
string24,ahash,1024,iter-density-half,lru,1,627.630208
string24,ahash,1024,iter-density-half,hashlink,1,624.491308
string24,ahash,1024,iter-density-half,micro,1,494.380428
string24,ahash,1024,iter-density-half,quick_cache,2,196.764741
string24,ahash,1024,iter-density-half,lru,2,625.373333
string24,ahash,1024,iter-density-half,hashlink,2,623.844578
string24,ahash,1024,iter-density-half,micro,2,493.852796
string24,ahash,1024,iter-density-half,baseline,2,495.449507
string24,ahash,1024,iter-density-half,lru,3,621.292012
string24,ahash,1024,iter-density-half,hashlink,3,613.842933
string24,ahash,1024,iter-density-half,micro,3,491.110438
string24,ahash,1024,iter-density-half,baseline,3,496.203869
string24,ahash,1024,iter-density-half,quick_cache,3,200.440171
string24,ahash,1024,iter-density-half,hashlink,4,661.311620
string24,ahash,1024,iter-density-half,micro,4,492.773887
string24,ahash,1024,iter-density-half,baseline,4,491.614856
string24,ahash,1024,iter-density-half,quick_cache,4,199.450969
string24,ahash,1024,iter-density-half,lru,4,627.604167
string24,ahash,1024,iter-front,micro,0,259.452693
string24,ahash,1024,iter-front,baseline,0,260.322888
string24,ahash,1024,iter-front,quick_cache,0,195.410156
string24,ahash,1024,iter-front,lru,0,1.236008
string24,ahash,1024,iter-front,hashlink,0,1.172036
string24,ahash,1024,iter-front,baseline,1,263.082896
string24,ahash,1024,iter-front,quick_cache,1,195.502409
string24,ahash,1024,iter-front,lru,1,1.198757
string24,ahash,1024,iter-front,hashlink,1,1.212948
string24,ahash,1024,iter-front,micro,1,266.986328
string24,ahash,1024,iter-front,quick_cache,2,194.855939
string24,ahash,1024,iter-front,lru,2,1.201677
string24,ahash,1024,iter-front,hashlink,2,1.133807
string24,ahash,1024,iter-front,micro,2,262.794730
string24,ahash,1024,iter-front,baseline,2,261.479370
string24,ahash,1024,iter-front,lru,3,1.186799
string24,ahash,1024,iter-front,hashlink,3,1.164466
string24,ahash,1024,iter-front,micro,3,261.769499
string24,ahash,1024,iter-front,baseline,3,259.709747
string24,ahash,1024,iter-front,quick_cache,3,194.731652
string24,ahash,1024,iter-front,hashlink,4,1.203018
string24,ahash,1024,iter-front,micro,4,268.411429
string24,ahash,1024,iter-front,baseline,4,261.599060
string24,ahash,1024,iter-front,quick_cache,4,194.498383
string24,ahash,1024,iter-front,lru,4,1.178904
string24,ahash,1024,iter-back,micro,0,254.340278
string24,ahash,1024,iter-back,baseline,0,254.269732
string24,ahash,1024,iter-back,quick_cache,0,193.230774
string24,ahash,1024,iter-back,lru,0,1.183533
string24,ahash,1024,iter-back,hashlink,0,1.163975
string24,ahash,1024,iter-back,baseline,1,263.584094
string24,ahash,1024,iter-back,quick_cache,1,167.128509
string24,ahash,1024,iter-back,lru,1,1.186679
string24,ahash,1024,iter-back,hashlink,1,1.180091
string24,ahash,1024,iter-back,micro,1,260.680642
string24,ahash,1024,iter-back,quick_cache,2,165.677451
string24,ahash,1024,iter-back,lru,2,1.194953
string24,ahash,1024,iter-back,hashlink,2,1.185164
string24,ahash,1024,iter-back,micro,2,263.785288
string24,ahash,1024,iter-back,baseline,2,260.160578
string24,ahash,1024,iter-back,lru,3,1.202571
string24,ahash,1024,iter-back,hashlink,3,1.175917
string24,ahash,1024,iter-back,micro,3,262.380674
string24,ahash,1024,iter-back,baseline,3,259.003108
string24,ahash,1024,iter-back,quick_cache,3,165.594191
string24,ahash,1024,iter-back,hashlink,4,1.138862
string24,ahash,1024,iter-back,micro,4,260.691580
string24,ahash,1024,iter-back,baseline,4,261.722406
string24,ahash,1024,iter-back,quick_cache,4,168.947072
string24,ahash,1024,iter-back,lru,4,1.215354
string24,ahash,1024,iter-empty,micro,0,262.460719
string24,ahash,1024,iter-empty,baseline,0,262.195182
string24,ahash,1024,iter-empty,quick_cache,0,166.164270
string24,ahash,1024,iter-empty,lru,0,1.027172
string24,ahash,1024,iter-empty,hashlink,0,1.010509
string24,ahash,1024,iter-empty,baseline,1,263.613325
string24,ahash,1024,iter-empty,quick_cache,1,165.112401
string24,ahash,1024,iter-empty,lru,1,1.004479
string24,ahash,1024,iter-empty,hashlink,1,1.014588
string24,ahash,1024,iter-empty,micro,1,262.623249
string24,ahash,1024,iter-empty,quick_cache,2,164.790202
string24,ahash,1024,iter-empty,lru,2,1.013185
string24,ahash,1024,iter-empty,hashlink,2,1.039299
string24,ahash,1024,iter-empty,micro,2,250.825117
string24,ahash,1024,iter-empty,baseline,2,256.414361
string24,ahash,1024,iter-empty,lru,3,0.996016
string24,ahash,1024,iter-empty,hashlink,3,0.992778
string24,ahash,1024,iter-empty,micro,3,262.922356
string24,ahash,1024,iter-empty,baseline,3,259.121720
string24,ahash,1024,iter-empty,quick_cache,3,193.503028
string24,ahash,1024,iter-empty,hashlink,4,0.991518
string24,ahash,1024,iter-empty,micro,4,261.229109
string24,ahash,1024,iter-empty,baseline,4,260.590278
string24,ahash,1024,iter-empty,quick_cache,4,195.439974
string24,ahash,1024,iter-empty,lru,4,0.997171
string24,ahash,1024,iter-count,micro,0,270.870295
string24,ahash,1024,iter-count,baseline,0,259.065048
string24,ahash,1024,iter-count,quick_cache,0,480.377656
string24,ahash,1024,iter-count,lru,0,0.396118
string24,ahash,1024,iter-count,hashlink,0,0.397238
string24,ahash,1024,iter-count,baseline,1,261.621094
string24,ahash,1024,iter-count,quick_cache,1,486.054688
string24,ahash,1024,iter-count,lru,1,0.398977
string24,ahash,1024,iter-count,hashlink,1,0.403114
string24,ahash,1024,iter-count,micro,1,261.009896
string24,ahash,1024,iter-count,quick_cache,2,485.989531
string24,ahash,1024,iter-count,lru,2,0.396182
string24,ahash,1024,iter-count,hashlink,2,0.399431
string24,ahash,1024,iter-count,micro,2,261.776649
string24,ahash,1024,iter-count,baseline,2,281.204578
string24,ahash,1024,iter-count,lru,3,0.756840
string24,ahash,1024,iter-count,hashlink,3,0.403225
string24,ahash,1024,iter-count,micro,3,263.534375
string24,ahash,1024,iter-count,baseline,3,258.346722
string24,ahash,1024,iter-count,quick_cache,3,481.230469
string24,ahash,1024,iter-count,hashlink,4,0.393318
string24,ahash,1024,iter-count,micro,4,258.314963
string24,ahash,1024,iter-count,baseline,4,240.848932
string24,ahash,1024,iter-count,quick_cache,4,475.937500
string24,ahash,1024,iter-count,lru,4,0.398120
string24,ahash,16384,get-hit,micro,0,10.665747
string24,ahash,16384,get-hit,baseline,0,10.312680
string24,ahash,16384,get-hit,quick_cache,0,10.908386
string24,ahash,16384,get-hit,lru,0,11.632759
string24,ahash,16384,get-hit,hashlink,0,11.796951
string24,ahash,16384,get-hit,baseline,1,10.488749
string24,ahash,16384,get-hit,quick_cache,1,11.031656
string24,ahash,16384,get-hit,lru,1,11.923513
string24,ahash,16384,get-hit,hashlink,1,11.620998
string24,ahash,16384,get-hit,micro,1,10.573322
string24,ahash,16384,get-hit,quick_cache,2,10.785867
string24,ahash,16384,get-hit,lru,2,11.673290
string24,ahash,16384,get-hit,hashlink,2,11.401552
string24,ahash,16384,get-hit,micro,2,10.593230
string24,ahash,16384,get-hit,baseline,2,10.575213
string24,ahash,16384,get-hit,lru,3,11.594296
string24,ahash,16384,get-hit,hashlink,3,11.562187
string24,ahash,16384,get-hit,micro,3,10.567365
string24,ahash,16384,get-hit,baseline,3,10.514760
string24,ahash,16384,get-hit,quick_cache,3,10.952669
string24,ahash,16384,get-hit,hashlink,4,11.474926
string24,ahash,16384,get-hit,micro,4,10.889692
string24,ahash,16384,get-hit,baseline,4,10.733322
string24,ahash,16384,get-hit,quick_cache,4,10.888790
string24,ahash,16384,get-hit,lru,4,11.785824
string24,ahash,16384,get-miss,micro,0,6.023802
string24,ahash,16384,get-miss,baseline,0,5.997114
string24,ahash,16384,get-miss,quick_cache,0,5.807718
string24,ahash,16384,get-miss,lru,0,6.037978
string24,ahash,16384,get-miss,hashlink,0,5.924840
string24,ahash,16384,get-miss,baseline,1,6.004959
string24,ahash,16384,get-miss,quick_cache,1,5.904909
string24,ahash,16384,get-miss,lru,1,5.932470
string24,ahash,16384,get-miss,hashlink,1,5.864866
string24,ahash,16384,get-miss,micro,1,6.008961
string24,ahash,16384,get-miss,quick_cache,2,5.983085
string24,ahash,16384,get-miss,lru,2,5.946498
string24,ahash,16384,get-miss,hashlink,2,5.860665
string24,ahash,16384,get-miss,micro,2,6.000969
string24,ahash,16384,get-miss,baseline,2,6.020968
string24,ahash,16384,get-miss,lru,3,5.997277
string24,ahash,16384,get-miss,hashlink,3,5.890699
string24,ahash,16384,get-miss,micro,3,6.131744
string24,ahash,16384,get-miss,baseline,3,6.198545
string24,ahash,16384,get-miss,quick_cache,3,6.143526
string24,ahash,16384,get-miss,hashlink,4,5.868579
string24,ahash,16384,get-miss,micro,4,6.027638
string24,ahash,16384,get-miss,baseline,4,6.032225
string24,ahash,16384,get-miss,quick_cache,4,5.943954
string24,ahash,16384,get-miss,lru,4,5.989650
string24,ahash,16384,update,micro,0,26.541574
string24,ahash,16384,update,baseline,0,26.628767
string24,ahash,16384,update,quick_cache,0,81.497192
string24,ahash,16384,update,lru,0,31.198710
string24,ahash,16384,update,hashlink,0,27.595163
string24,ahash,16384,update,baseline,1,24.100304
string24,ahash,16384,update,quick_cache,1,70.022583
string24,ahash,16384,update,lru,1,32.228261
string24,ahash,16384,update,hashlink,1,27.713231
string24,ahash,16384,update,micro,1,23.851395
string24,ahash,16384,update,quick_cache,2,69.783529
string24,ahash,16384,update,lru,2,32.580912
string24,ahash,16384,update,hashlink,2,28.221332
string24,ahash,16384,update,micro,2,25.093587
string24,ahash,16384,update,baseline,2,24.512736
string24,ahash,16384,update,lru,3,33.089101
string24,ahash,16384,update,hashlink,3,26.825675
string24,ahash,16384,update,micro,3,23.841858
string24,ahash,16384,update,baseline,3,23.668610
string24,ahash,16384,update,quick_cache,3,64.541280
string24,ahash,16384,update,hashlink,4,28.122672
string24,ahash,16384,update,micro,4,24.664307
string24,ahash,16384,update,baseline,4,24.173737
string24,ahash,16384,update,quick_cache,4,73.303223
string24,ahash,16384,update,lru,4,32.709757
string24,ahash,16384,insert-cycle,micro,0,44.996470
string24,ahash,16384,insert-cycle,baseline,0,45.115153
string24,ahash,16384,insert-cycle,quick_cache,0,36.017527
string24,ahash,16384,insert-cycle,lru,0,52.627563
string24,ahash,16384,insert-cycle,hashlink,0,48.844025
string24,ahash,16384,insert-cycle,baseline,1,45.341919
string24,ahash,16384,insert-cycle,quick_cache,1,36.200633
string24,ahash,16384,insert-cycle,lru,1,52.614853
string24,ahash,16384,insert-cycle,hashlink,1,48.321411
string24,ahash,16384,insert-cycle,micro,1,45.056234
string24,ahash,16384,insert-cycle,quick_cache,2,35.161764
string24,ahash,16384,insert-cycle,lru,2,53.234726
string24,ahash,16384,insert-cycle,hashlink,2,49.583435
string24,ahash,16384,insert-cycle,micro,2,47.091171
string24,ahash,16384,insert-cycle,baseline,2,46.969742
string24,ahash,16384,insert-cycle,lru,3,55.960968
string24,ahash,16384,insert-cycle,hashlink,3,51.611588
string24,ahash,16384,insert-cycle,micro,3,47.998428
string24,ahash,16384,insert-cycle,baseline,3,44.878642
string24,ahash,16384,insert-cycle,quick_cache,3,36.817759
string24,ahash,16384,insert-cycle,hashlink,4,53.150177
string24,ahash,16384,insert-cycle,micro,4,46.695068
string24,ahash,16384,insert-cycle,baseline,4,46.659470
string24,ahash,16384,insert-cycle,quick_cache,4,37.396322
string24,ahash,16384,insert-cycle,lru,4,55.137634
string24,ahash,16384,mixed-95,micro,0,13.973912
string24,ahash,16384,mixed-95,baseline,0,12.923360
string24,ahash,16384,mixed-95,quick_cache,0,13.535202
string24,ahash,16384,mixed-95,lru,0,13.633033
string24,ahash,16384,mixed-95,hashlink,0,13.094088
string24,ahash,16384,mixed-95,baseline,1,12.691518
string24,ahash,16384,mixed-95,quick_cache,1,13.487279
string24,ahash,16384,mixed-95,lru,1,13.702293
string24,ahash,16384,mixed-95,hashlink,1,13.473372
string24,ahash,16384,mixed-95,micro,1,13.892075
string24,ahash,16384,mixed-95,quick_cache,2,14.666259
string24,ahash,16384,mixed-95,lru,2,14.857173
string24,ahash,16384,mixed-95,hashlink,2,14.190137
string24,ahash,16384,mixed-95,micro,2,14.553030
string24,ahash,16384,mixed-95,baseline,2,13.852596
string24,ahash,16384,mixed-95,lru,3,15.051702
string24,ahash,16384,mixed-95,hashlink,3,14.273206
string24,ahash,16384,mixed-95,micro,3,14.068723
string24,ahash,16384,mixed-95,baseline,3,13.868252
string24,ahash,16384,mixed-95,quick_cache,3,14.702221
string24,ahash,16384,mixed-95,hashlink,4,14.403005
string24,ahash,16384,mixed-95,micro,4,12.926003
string24,ahash,16384,mixed-95,baseline,4,12.712717
string24,ahash,16384,mixed-95,quick_cache,4,13.472219
string24,ahash,16384,mixed-95,lru,4,13.675869
string24,ahash,16384,load-hit,micro,0,24.306610
string24,ahash,16384,load-hit,baseline,0,24.427629
string24,ahash,16384,load-hit,quick_cache,0,12.344019
string24,ahash,16384,load-hit,lru,0,11.839997
string24,ahash,16384,load-hit,hashlink,0,10.377957
string24,ahash,16384,load-hit,baseline,1,24.305664
string24,ahash,16384,load-hit,quick_cache,1,12.372335
string24,ahash,16384,load-hit,lru,1,11.801083
string24,ahash,16384,load-hit,hashlink,1,10.343201
string24,ahash,16384,load-hit,micro,1,24.316788
string24,ahash,16384,load-hit,quick_cache,2,12.450834
string24,ahash,16384,load-hit,lru,2,12.122696
string24,ahash,16384,load-hit,hashlink,2,10.685512
string24,ahash,16384,load-hit,micro,2,24.290718
string24,ahash,16384,load-hit,baseline,2,24.520540
string24,ahash,16384,load-hit,lru,3,11.885612
string24,ahash,16384,load-hit,hashlink,3,10.366794
string24,ahash,16384,load-hit,micro,3,24.285629
string24,ahash,16384,load-hit,baseline,3,24.696183
string24,ahash,16384,load-hit,quick_cache,3,12.612915
string24,ahash,16384,load-hit,hashlink,4,10.602968
string24,ahash,16384,load-hit,micro,4,24.214424
string24,ahash,16384,load-hit,baseline,4,24.352715
string24,ahash,16384,load-hit,quick_cache,4,12.342155
string24,ahash,16384,load-hit,lru,4,11.818178
string24,ahash,16384,load-cycle,micro,0,50.767899
string24,ahash,16384,load-cycle,baseline,0,51.382065
string24,ahash,16384,load-cycle,quick_cache,0,25.033638
string24,ahash,16384,load-cycle,lru,0,58.844879
string24,ahash,16384,load-cycle,hashlink,0,57.892487
string24,ahash,16384,load-cycle,baseline,1,48.686340
string24,ahash,16384,load-cycle,quick_cache,1,24.779633
string24,ahash,16384,load-cycle,lru,1,57.008743
string24,ahash,16384,load-cycle,hashlink,1,55.079147
string24,ahash,16384,load-cycle,micro,1,48.633575
string24,ahash,16384,load-cycle,quick_cache,2,24.267838
string24,ahash,16384,load-cycle,lru,2,56.856781
string24,ahash,16384,load-cycle,hashlink,2,56.159332
string24,ahash,16384,load-cycle,micro,2,49.198151
string24,ahash,16384,load-cycle,baseline,2,48.903152
string24,ahash,16384,load-cycle,lru,3,56.679413
string24,ahash,16384,load-cycle,hashlink,3,56.109756
string24,ahash,16384,load-cycle,micro,3,48.207611
string24,ahash,16384,load-cycle,baseline,3,47.861725
string24,ahash,16384,load-cycle,quick_cache,3,23.691811
string24,ahash,16384,load-cycle,hashlink,4,56.386948
string24,ahash,16384,load-cycle,micro,4,48.470184
string24,ahash,16384,load-cycle,baseline,4,49.564362
string24,ahash,16384,load-cycle,quick_cache,4,23.775101
string24,ahash,16384,load-cycle,lru,4,56.357697
string24,ahash,16384,clear-refill,micro,0,376166.625000
string24,ahash,16384,clear-refill,baseline,0,387880.250000
string24,ahash,16384,clear-refill,quick_cache,0,467476.142857
string24,ahash,16384,clear-refill,lru,0,893260.250000
string24,ahash,16384,clear-refill,hashlink,0,588104.166667
string24,ahash,16384,clear-refill,baseline,1,388072.875000
string24,ahash,16384,clear-refill,quick_cache,1,465113.142857
string24,ahash,16384,clear-refill,lru,1,903052.250000
string24,ahash,16384,clear-refill,hashlink,1,565868.000000
string24,ahash,16384,clear-refill,micro,1,384224.000000
string24,ahash,16384,clear-refill,quick_cache,2,465892.857143
string24,ahash,16384,clear-refill,lru,2,888614.750000
string24,ahash,16384,clear-refill,hashlink,2,567715.333333
string24,ahash,16384,clear-refill,micro,2,380942.750000
string24,ahash,16384,clear-refill,baseline,2,388229.125000
string24,ahash,16384,clear-refill,lru,3,910302.000000
string24,ahash,16384,clear-refill,hashlink,3,602291.600000
string24,ahash,16384,clear-refill,micro,3,384145.750000
string24,ahash,16384,clear-refill,baseline,3,386135.375000
string24,ahash,16384,clear-refill,quick_cache,3,458565.428571
string24,ahash,16384,clear-refill,hashlink,4,566631.833333
string24,ahash,16384,clear-refill,micro,4,382270.875000
string24,ahash,16384,clear-refill,baseline,4,388286.375000
string24,ahash,16384,clear-refill,quick_cache,4,491970.285714
string24,ahash,16384,clear-refill,lru,4,882427.250000
string24,ahash,16384,clear-empty,micro,0,0.365617
string24,ahash,16384,clear-empty,baseline,0,311.082237
string24,ahash,16384,clear-empty,quick_cache,0,3.960980
string24,ahash,16384,clear-empty,lru,0,2.140708
string24,ahash,16384,clear-empty,hashlink,0,0.606098
string24,ahash,16384,clear-empty,baseline,1,320.123311
string24,ahash,16384,clear-empty,quick_cache,1,3.954958
string24,ahash,16384,clear-empty,lru,1,2.136987
string24,ahash,16384,clear-empty,hashlink,1,0.608941
string24,ahash,16384,clear-empty,micro,1,0.367768
string24,ahash,16384,clear-empty,quick_cache,2,4.015203
string24,ahash,16384,clear-empty,lru,2,2.205181
string24,ahash,16384,clear-empty,hashlink,2,0.610224
string24,ahash,16384,clear-empty,micro,2,0.369081
string24,ahash,16384,clear-empty,baseline,2,318.583720
string24,ahash,16384,clear-empty,lru,3,2.162830
string24,ahash,16384,clear-empty,hashlink,3,0.611124
string24,ahash,16384,clear-empty,micro,3,0.365041
string24,ahash,16384,clear-empty,baseline,3,321.812500
string24,ahash,16384,clear-empty,quick_cache,3,4.035774
string24,ahash,16384,clear-empty,hashlink,4,0.618462
string24,ahash,16384,clear-empty,micro,4,0.364326
string24,ahash,16384,clear-empty,baseline,4,319.344700
string24,ahash,16384,clear-empty,quick_cache,4,3.963768
string24,ahash,16384,clear-empty,lru,4,2.148801
string24,ahash,16384,iter-dense,micro,0,6077.066406
string24,ahash,16384,iter-dense,baseline,0,6091.308594
string24,ahash,16384,iter-dense,quick_cache,0,6907.457589
string24,ahash,16384,iter-dense,lru,0,26042.968750
string24,ahash,16384,iter-dense,hashlink,0,23947.593750
string24,ahash,16384,iter-dense,baseline,1,6067.464844
string24,ahash,16384,iter-dense,quick_cache,1,7017.486607
string24,ahash,16384,iter-dense,lru,1,28084.640625
string24,ahash,16384,iter-dense,hashlink,1,23581.054688
string24,ahash,16384,iter-dense,micro,1,6078.777344
string24,ahash,16384,iter-dense,quick_cache,2,6914.062500
string24,ahash,16384,iter-dense,lru,2,25850.585938
string24,ahash,16384,iter-dense,hashlink,2,25039.062500
string24,ahash,16384,iter-dense,micro,2,6158.935547
string24,ahash,16384,iter-dense,baseline,2,6186.361328
string24,ahash,16384,iter-dense,lru,3,24814.453125
string24,ahash,16384,iter-dense,hashlink,3,26661.132812
string24,ahash,16384,iter-dense,micro,3,6146.646484
string24,ahash,16384,iter-dense,baseline,3,6119.873047
string24,ahash,16384,iter-dense,quick_cache,3,6918.526786
string24,ahash,16384,iter-dense,hashlink,4,24383.132812
string24,ahash,16384,iter-dense,micro,4,6098.224609
string24,ahash,16384,iter-dense,baseline,4,6105.142578
string24,ahash,16384,iter-dense,quick_cache,4,6978.515625
string24,ahash,16384,iter-dense,lru,4,26404.953125
string24,ahash,16384,iter-dense-for,micro,0,6175.537109
string24,ahash,16384,iter-dense-for,baseline,0,6208.007812
string24,ahash,16384,iter-dense-for,quick_cache,0,8119.466146
string24,ahash,16384,iter-dense-for,lru,0,21277.600000
string24,ahash,16384,iter-dense-for,hashlink,0,26612.304688
string24,ahash,16384,iter-dense-for,baseline,1,7930.338542
string24,ahash,16384,iter-dense-for,quick_cache,1,8168.619792
string24,ahash,16384,iter-dense-for,lru,1,20430.731250
string24,ahash,16384,iter-dense-for,hashlink,1,27972.335938
string24,ahash,16384,iter-dense-for,micro,1,6111.083984
string24,ahash,16384,iter-dense-for,quick_cache,2,7081.845982
string24,ahash,16384,iter-dense-for,lru,2,21678.906250
string24,ahash,16384,iter-dense-for,hashlink,2,26808.593750
string24,ahash,16384,iter-dense-for,micro,2,6110.839844
string24,ahash,16384,iter-dense-for,baseline,2,6059.976562
string24,ahash,16384,iter-dense-for,lru,3,21537.237500
string24,ahash,16384,iter-dense-for,hashlink,3,26499.023438
string24,ahash,16384,iter-dense-for,micro,3,6080.404297
string24,ahash,16384,iter-dense-for,baseline,3,6132.732422
string24,ahash,16384,iter-dense-for,quick_cache,3,7167.131696
string24,ahash,16384,iter-dense-for,hashlink,4,24860.023438
string24,ahash,16384,iter-dense-for,micro,4,6070.964844
string24,ahash,16384,iter-dense-for,baseline,4,6069.091797
string24,ahash,16384,iter-dense-for,quick_cache,4,7056.732143
string24,ahash,16384,iter-dense-for,lru,4,24199.867188
string24,ahash,16384,iter-density-1pct,micro,0,6448.091667
string24,ahash,16384,iter-density-1pct,baseline,0,6571.787500
string24,ahash,16384,iter-density-1pct,quick_cache,0,7013.020089
string24,ahash,16384,iter-density-1pct,lru,0,183.764494
string24,ahash,16384,iter-density-1pct,hashlink,0,180.321034
string24,ahash,16384,iter-density-1pct,baseline,1,6426.997917
string24,ahash,16384,iter-density-1pct,quick_cache,1,6862.908482
string24,ahash,16384,iter-density-1pct,lru,1,182.804398
string24,ahash,16384,iter-density-1pct,hashlink,1,180.711103
string24,ahash,16384,iter-density-1pct,micro,1,6443.229167
string24,ahash,16384,iter-density-1pct,quick_cache,2,6913.877232
string24,ahash,16384,iter-density-1pct,lru,2,182.702031
string24,ahash,16384,iter-density-1pct,hashlink,2,181.326436
string24,ahash,16384,iter-density-1pct,micro,2,6498.089583
string24,ahash,16384,iter-density-1pct,baseline,2,6601.387500
string24,ahash,16384,iter-density-1pct,lru,3,183.237671
string24,ahash,16384,iter-density-1pct,hashlink,3,179.573016
string24,ahash,16384,iter-density-1pct,micro,3,6446.527083
string24,ahash,16384,iter-density-1pct,baseline,3,6463.108333
string24,ahash,16384,iter-density-1pct,quick_cache,3,6952.102679
string24,ahash,16384,iter-density-1pct,hashlink,4,181.208313
string24,ahash,16384,iter-density-1pct,micro,4,6476.129167
string24,ahash,16384,iter-density-1pct,baseline,4,6524.479167
string24,ahash,16384,iter-density-1pct,quick_cache,4,7005.486607
string24,ahash,16384,iter-density-1pct,lru,4,182.443701
string24,ahash,16384,iter-density-6pct,micro,0,5774.816176
string24,ahash,16384,iter-density-6pct,baseline,0,5744.715074
string24,ahash,16384,iter-density-6pct,quick_cache,0,6584.375000
string24,ahash,16384,iter-density-6pct,lru,0,1299.711045
string24,ahash,16384,iter-density-6pct,hashlink,0,1277.361064
string24,ahash,16384,iter-density-6pct,baseline,1,5595.970588
string24,ahash,16384,iter-density-6pct,quick_cache,1,6661.197917
string24,ahash,16384,iter-density-6pct,lru,1,1296.946490
string24,ahash,16384,iter-density-6pct,hashlink,1,1300.977312
string24,ahash,16384,iter-density-6pct,micro,1,5788.218750
string24,ahash,16384,iter-density-6pct,quick_cache,2,6587.760417
string24,ahash,16384,iter-density-6pct,lru,2,1304.000434
string24,ahash,16384,iter-density-6pct,hashlink,2,1231.754058
string24,ahash,16384,iter-density-6pct,micro,2,5494.213542
string24,ahash,16384,iter-density-6pct,baseline,2,5611.213235
string24,ahash,16384,iter-density-6pct,lru,3,1280.440456
string24,ahash,16384,iter-density-6pct,hashlink,3,1296.928510
string24,ahash,16384,iter-density-6pct,micro,3,5627.297794
string24,ahash,16384,iter-density-6pct,baseline,3,5684.512868
string24,ahash,16384,iter-density-6pct,quick_cache,3,6631.856250
string24,ahash,16384,iter-density-6pct,hashlink,4,1316.008681
string24,ahash,16384,iter-density-6pct,micro,4,5606.617647
string24,ahash,16384,iter-density-6pct,baseline,4,5604.933824
string24,ahash,16384,iter-density-6pct,quick_cache,4,6627.864583
string24,ahash,16384,iter-density-6pct,lru,4,1317.111545
string24,ahash,16384,iter-density-quarter,micro,0,6086.832031
string24,ahash,16384,iter-density-quarter,baseline,0,6088.623047
string24,ahash,16384,iter-density-quarter,quick_cache,0,6928.292411
string24,ahash,16384,iter-density-quarter,lru,0,10466.145833
string24,ahash,16384,iter-density-quarter,hashlink,0,12041.503906
string24,ahash,16384,iter-density-quarter,baseline,1,6125.326172
string24,ahash,16384,iter-density-quarter,quick_cache,1,7008.091518
string24,ahash,16384,iter-density-quarter,lru,1,10299.090625
string24,ahash,16384,iter-density-quarter,hashlink,1,11692.708333
string24,ahash,16384,iter-density-quarter,micro,1,6084.960938
string24,ahash,16384,iter-density-quarter,quick_cache,2,7019.995536
string24,ahash,16384,iter-density-quarter,lru,2,10590.711806
string24,ahash,16384,iter-density-quarter,hashlink,2,13141.277344
string24,ahash,16384,iter-density-quarter,micro,2,6333.160417
string24,ahash,16384,iter-density-quarter,baseline,2,6325.000000
string24,ahash,16384,iter-density-quarter,lru,3,10116.406250
string24,ahash,16384,iter-density-quarter,hashlink,3,11226.562500
string24,ahash,16384,iter-density-quarter,micro,3,5936.929688
string24,ahash,16384,iter-density-quarter,baseline,3,6073.974609
string24,ahash,16384,iter-density-quarter,quick_cache,3,6523.958333
string24,ahash,16384,iter-density-quarter,hashlink,4,7380.709135
string24,ahash,16384,iter-density-quarter,micro,4,5847.349265
string24,ahash,16384,iter-density-quarter,baseline,4,6072.021484
string24,ahash,16384,iter-density-quarter,quick_cache,4,7140.066964
string24,ahash,16384,iter-density-quarter,lru,4,10255.209375
string24,ahash,16384,iter-density-half,micro,0,8063.911458
string24,ahash,16384,iter-density-half,baseline,0,8125.867188
string24,ahash,16384,iter-density-half,quick_cache,0,7028.832589
string24,ahash,16384,iter-density-half,lru,0,13951.821429
string24,ahash,16384,iter-density-half,hashlink,0,18292.104167
string24,ahash,16384,iter-density-half,baseline,1,8146.158854
string24,ahash,16384,iter-density-half,quick_cache,1,7148.343750
string24,ahash,16384,iter-density-half,lru,1,14210.008929
string24,ahash,16384,iter-density-half,hashlink,1,18385.197917
string24,ahash,16384,iter-density-half,micro,1,8070.854167
string24,ahash,16384,iter-density-half,quick_cache,2,7014.415179
string24,ahash,16384,iter-density-half,lru,2,13948.102679
string24,ahash,16384,iter-density-half,hashlink,2,18589.625000
string24,ahash,16384,iter-density-half,micro,2,8131.726562
string24,ahash,16384,iter-density-half,baseline,2,8089.736979
string24,ahash,16384,iter-density-half,lru,3,13910.714286
string24,ahash,16384,iter-density-half,hashlink,3,18949.218750
string24,ahash,16384,iter-density-half,micro,3,8311.304688
string24,ahash,16384,iter-density-half,baseline,3,8132.705729
string24,ahash,16384,iter-density-half,quick_cache,3,6977.957589
string24,ahash,16384,iter-density-half,hashlink,4,13558.035714
string24,ahash,16384,iter-density-half,micro,4,8126.195312
string24,ahash,16384,iter-density-half,baseline,4,8109.158854
string24,ahash,16384,iter-density-half,quick_cache,4,7038.225446
string24,ahash,16384,iter-density-half,lru,4,20571.875000
string24,ahash,16384,iter-front,micro,0,5691.406250
string24,ahash,16384,iter-front,baseline,0,5493.633681
string24,ahash,16384,iter-front,quick_cache,0,7065.102679
string24,ahash,16384,iter-front,lru,0,1.189811
string24,ahash,16384,iter-front,hashlink,0,1.163440
string24,ahash,16384,iter-front,baseline,1,5597.656250
string24,ahash,16384,iter-front,quick_cache,1,7092.169643
string24,ahash,16384,iter-front,lru,1,1.186138
string24,ahash,16384,iter-front,hashlink,1,1.163888
string24,ahash,16384,iter-front,micro,1,5730.468750
string24,ahash,16384,iter-front,quick_cache,2,7141.928571
string24,ahash,16384,iter-front,lru,2,1.255541
string24,ahash,16384,iter-front,hashlink,2,1.184071
string24,ahash,16384,iter-front,micro,2,5305.048611
string24,ahash,16384,iter-front,baseline,2,5628.216912
string24,ahash,16384,iter-front,lru,3,1.218276
string24,ahash,16384,iter-front,hashlink,3,1.220274
string24,ahash,16384,iter-front,micro,3,5444.227431
string24,ahash,16384,iter-front,baseline,3,5669.042279
string24,ahash,16384,iter-front,quick_cache,3,6946.334821
string24,ahash,16384,iter-front,hashlink,4,1.166843
string24,ahash,16384,iter-front,micro,4,5457.031250
string24,ahash,16384,iter-front,baseline,4,5508.319444
string24,ahash,16384,iter-front,quick_cache,4,7211.401786
string24,ahash,16384,iter-front,lru,4,1.544278
string24,ahash,16384,iter-back,micro,0,5620.863971
string24,ahash,16384,iter-back,baseline,0,5640.854779
string24,ahash,16384,iter-back,quick_cache,0,6431.422917
string24,ahash,16384,iter-back,lru,0,1.180775
string24,ahash,16384,iter-back,hashlink,0,1.152428
string24,ahash,16384,iter-back,baseline,1,5331.814236
string24,ahash,16384,iter-back,quick_cache,1,7047.899554
string24,ahash,16384,iter-back,lru,1,1.210865
string24,ahash,16384,iter-back,hashlink,1,1.143781
string24,ahash,16384,iter-back,micro,1,5464.265625
string24,ahash,16384,iter-back,quick_cache,2,7132.069196
string24,ahash,16384,iter-back,lru,2,1.185748
string24,ahash,16384,iter-back,hashlink,2,1.154713
string24,ahash,16384,iter-back,micro,2,5559.742647
string24,ahash,16384,iter-back,baseline,2,5591.147059
string24,ahash,16384,iter-back,lru,3,1.208103
string24,ahash,16384,iter-back,hashlink,3,1.161934
string24,ahash,16384,iter-back,micro,3,5574.295956
string24,ahash,16384,iter-back,baseline,3,5594.744485
string24,ahash,16384,iter-back,quick_cache,3,7110.957589
string24,ahash,16384,iter-back,hashlink,4,1.180273
string24,ahash,16384,iter-back,micro,4,5535.615809
string24,ahash,16384,iter-back,baseline,4,5660.079044
string24,ahash,16384,iter-back,quick_cache,4,7088.448661
string24,ahash,16384,iter-back,lru,4,1.203775
string24,ahash,16384,iter-empty,micro,0,5830.577206
string24,ahash,16384,iter-empty,baseline,0,5840.992647
string24,ahash,16384,iter-empty,quick_cache,0,7264.923077
string24,ahash,16384,iter-empty,lru,0,0.993156
string24,ahash,16384,iter-empty,hashlink,0,0.998796
string24,ahash,16384,iter-empty,baseline,1,5711.244485
string24,ahash,16384,iter-empty,quick_cache,1,7095.609375
string24,ahash,16384,iter-empty,lru,1,0.985753
string24,ahash,16384,iter-empty,hashlink,1,1.002052
string24,ahash,16384,iter-empty,micro,1,5765.472426
string24,ahash,16384,iter-empty,quick_cache,2,7150.575893
string24,ahash,16384,iter-empty,lru,2,0.990523
string24,ahash,16384,iter-empty,hashlink,2,0.995847
string24,ahash,16384,iter-empty,micro,2,5488.208333
string24,ahash,16384,iter-empty,baseline,2,5569.545956
string24,ahash,16384,iter-empty,lru,3,0.990502
string24,ahash,16384,iter-empty,hashlink,3,0.995783
string24,ahash,16384,iter-empty,micro,3,5438.657986
string24,ahash,16384,iter-empty,baseline,3,5585.937500
string24,ahash,16384,iter-empty,quick_cache,3,7099.145089
string24,ahash,16384,iter-empty,hashlink,4,1.000021
string24,ahash,16384,iter-empty,micro,4,5608.455882
string24,ahash,16384,iter-empty,baseline,4,5903.484375
string24,ahash,16384,iter-empty,quick_cache,4,7134.765625
string24,ahash,16384,iter-empty,lru,4,0.983488
string24,ahash,16384,iter-count,micro,0,5506.835938
string24,ahash,16384,iter-count,baseline,0,5600.639323
string24,ahash,16384,iter-count,quick_cache,0,8162.677734
string24,ahash,16384,iter-count,lru,0,0.404617
string24,ahash,16384,iter-count,hashlink,0,0.399105
string24,ahash,16384,iter-count,baseline,1,5677.679688
string24,ahash,16384,iter-count,quick_cache,1,8043.050781
string24,ahash,16384,iter-count,lru,1,0.397893
string24,ahash,16384,iter-count,hashlink,1,0.397880
string24,ahash,16384,iter-count,micro,1,5460.937500
string24,ahash,16384,iter-count,quick_cache,2,8005.779297
string24,ahash,16384,iter-count,lru,2,0.400838
string24,ahash,16384,iter-count,hashlink,2,0.404087
string24,ahash,16384,iter-count,micro,2,5661.187500
string24,ahash,16384,iter-count,baseline,2,5415.907552
string24,ahash,16384,iter-count,lru,3,0.398773
string24,ahash,16384,iter-count,hashlink,3,0.403025
string24,ahash,16384,iter-count,micro,3,5592.175781
string24,ahash,16384,iter-count,baseline,3,5675.292969
string24,ahash,16384,iter-count,quick_cache,3,8134.439453
string24,ahash,16384,iter-count,hashlink,4,0.402269
string24,ahash,16384,iter-count,micro,4,5442.436198
string24,ahash,16384,iter-count,baseline,4,5518.445312
string24,ahash,16384,iter-count,quick_cache,4,8285.644531
string24,ahash,16384,iter-count,lru,4,0.404952
string128,sip,128,get-hit,micro,0,28.641526
string128,sip,128,get-hit,baseline,0,28.665790
string128,sip,128,get-hit,quick_cache,0,29.271052
string128,sip,128,get-hit,lru,0,29.220581
string128,sip,128,get-hit,hashlink,0,28.535109
string128,sip,128,get-hit,baseline,1,28.598886
string128,sip,128,get-hit,quick_cache,1,28.909152
string128,sip,128,get-hit,lru,1,28.580106
string128,sip,128,get-hit,hashlink,1,28.472900
string128,sip,128,get-hit,micro,1,29.074651
string128,sip,128,get-hit,quick_cache,2,29.156025
string128,sip,128,get-hit,lru,2,28.597318
string128,sip,128,get-hit,hashlink,2,28.223680
string128,sip,128,get-hit,micro,2,29.072294
string128,sip,128,get-hit,baseline,2,29.172457
string128,sip,128,get-hit,lru,3,28.986225
string128,sip,128,get-hit,hashlink,3,28.276884
string128,sip,128,get-hit,micro,3,28.749512
string128,sip,128,get-hit,baseline,3,29.089121
string128,sip,128,get-hit,quick_cache,3,29.334829
string128,sip,128,get-hit,hashlink,4,28.657180
string128,sip,128,get-hit,micro,4,28.673612
string128,sip,128,get-hit,baseline,4,28.718609
string128,sip,128,get-hit,quick_cache,4,28.892719
string128,sip,128,get-hit,lru,4,28.662663
string128,sip,128,get-miss,micro,0,22.401999
string128,sip,128,get-miss,baseline,0,22.703577
string128,sip,128,get-miss,quick_cache,0,22.824456
string128,sip,128,get-miss,lru,0,23.601532
string128,sip,128,get-miss,hashlink,0,22.981010
string128,sip,128,get-miss,baseline,1,22.470811
string128,sip,128,get-miss,quick_cache,1,22.500136
string128,sip,128,get-miss,lru,1,22.891998
string128,sip,128,get-miss,hashlink,1,22.654814
string128,sip,128,get-miss,micro,1,22.746072
string128,sip,128,get-miss,quick_cache,2,22.798720
string128,sip,128,get-miss,lru,2,22.903442
string128,sip,128,get-miss,hashlink,2,22.561466
string128,sip,128,get-miss,micro,2,22.394517
string128,sip,128,get-miss,baseline,2,22.764914
string128,sip,128,get-miss,lru,3,23.237869
string128,sip,128,get-miss,hashlink,3,22.760426
string128,sip,128,get-miss,micro,3,22.401396
string128,sip,128,get-miss,baseline,3,22.452859
string128,sip,128,get-miss,quick_cache,3,22.547701
string128,sip,128,get-miss,hashlink,4,22.677253
string128,sip,128,get-miss,micro,4,22.454360
string128,sip,128,get-miss,baseline,4,21.185981
string128,sip,128,get-miss,quick_cache,4,22.055836
string128,sip,128,get-miss,lru,4,22.811890
string128,sip,128,update,micro,0,39.008582
string128,sip,128,update,baseline,0,39.570117
string128,sip,128,update,quick_cache,0,60.276576
string128,sip,128,update,lru,0,38.609314
string128,sip,128,update,hashlink,0,39.408875
string128,sip,128,update,baseline,1,39.063013
string128,sip,128,update,quick_cache,1,60.861485
string128,sip,128,update,lru,1,38.800049
string128,sip,128,update,hashlink,1,39.355469
string128,sip,128,update,micro,1,39.658105
string128,sip,128,update,quick_cache,2,60.831700
string128,sip,128,update,lru,2,38.583374
string128,sip,128,update,hashlink,2,39.288843
string128,sip,128,update,micro,2,39.606213
string128,sip,128,update,baseline,2,39.111841
string128,sip,128,update,lru,3,38.680017
string128,sip,128,update,hashlink,3,38.905334
string128,sip,128,update,micro,3,39.612842
string128,sip,128,update,baseline,3,40.326941
string128,sip,128,update,quick_cache,3,61.044591
string128,sip,128,update,hashlink,4,40.026343
string128,sip,128,update,micro,4,40.631604
string128,sip,128,update,baseline,4,40.067041
string128,sip,128,update,quick_cache,4,61.647196
string128,sip,128,update,lru,4,40.013123
string128,sip,128,insert-cycle,micro,0,66.385086
string128,sip,128,insert-cycle,baseline,0,65.977396
string128,sip,128,insert-cycle,quick_cache,0,61.162313
string128,sip,128,insert-cycle,lru,0,121.785035
string128,sip,128,insert-cycle,hashlink,0,119.635523
string128,sip,128,insert-cycle,baseline,1,65.256076
string128,sip,128,insert-cycle,quick_cache,1,60.671049
string128,sip,128,insert-cycle,lru,1,121.867308
string128,sip,128,insert-cycle,hashlink,1,121.637403
string128,sip,128,insert-cycle,micro,1,65.618824
string128,sip,128,insert-cycle,quick_cache,2,61.480837
string128,sip,128,insert-cycle,lru,2,122.996012
string128,sip,128,insert-cycle,hashlink,2,120.578922
string128,sip,128,insert-cycle,micro,2,66.024052
string128,sip,128,insert-cycle,baseline,2,68.761993
string128,sip,128,insert-cycle,lru,3,131.233724
string128,sip,128,insert-cycle,hashlink,3,133.200906
string128,sip,128,insert-cycle,micro,3,75.091635
string128,sip,128,insert-cycle,baseline,3,75.757082
string128,sip,128,insert-cycle,quick_cache,3,68.212686
string128,sip,128,insert-cycle,hashlink,4,129.464286
string128,sip,128,insert-cycle,micro,4,74.088738
string128,sip,128,insert-cycle,baseline,4,73.416138
string128,sip,128,insert-cycle,quick_cache,4,64.747173
string128,sip,128,insert-cycle,lru,4,129.494677
string128,sip,128,mixed-95,micro,0,35.627762
string128,sip,128,mixed-95,baseline,0,36.056936
string128,sip,128,mixed-95,quick_cache,0,39.159199
string128,sip,128,mixed-95,lru,0,38.738430
string128,sip,128,mixed-95,hashlink,0,38.859387
string128,sip,128,mixed-95,baseline,1,35.156528
string128,sip,128,mixed-95,quick_cache,1,38.996259
string128,sip,128,mixed-95,lru,1,38.727542
string128,sip,128,mixed-95,hashlink,1,38.790802
string128,sip,128,mixed-95,micro,1,35.291831
string128,sip,128,mixed-95,quick_cache,2,39.038718
string128,sip,128,mixed-95,lru,2,44.986824
string128,sip,128,mixed-95,hashlink,2,38.872401
string128,sip,128,mixed-95,micro,2,35.404086
string128,sip,128,mixed-95,baseline,2,35.426299
string128,sip,128,mixed-95,lru,3,38.783153
string128,sip,128,mixed-95,hashlink,3,39.168259
string128,sip,128,mixed-95,micro,3,35.153349
string128,sip,128,mixed-95,baseline,3,35.233537
string128,sip,128,mixed-95,quick_cache,3,38.948298
string128,sip,128,mixed-95,hashlink,4,38.885633
string128,sip,128,mixed-95,micro,4,35.308401
string128,sip,128,mixed-95,baseline,4,35.701394
string128,sip,128,mixed-95,quick_cache,4,39.291084
string128,sip,128,mixed-95,lru,4,38.854857
string128,sip,128,load-hit,micro,0,40.145874
string128,sip,128,load-hit,baseline,0,40.720622
string128,sip,128,load-hit,quick_cache,0,32.606761
string128,sip,128,load-hit,lru,0,30.826569
string128,sip,128,load-hit,hashlink,0,29.025738
string128,sip,128,load-hit,baseline,1,39.743042
string128,sip,128,load-hit,quick_cache,1,32.080760
string128,sip,128,load-hit,lru,1,30.800720
string128,sip,128,load-hit,hashlink,1,29.185763
string128,sip,128,load-hit,micro,1,40.113831
string128,sip,128,load-hit,quick_cache,2,32.628805
string128,sip,128,load-hit,lru,2,30.997375
string128,sip,128,load-hit,hashlink,2,29.137245
string128,sip,128,load-hit,micro,2,39.500427
string128,sip,128,load-hit,baseline,2,39.540100
string128,sip,128,load-hit,lru,3,30.721873
string128,sip,128,load-hit,hashlink,3,28.989352
string128,sip,128,load-hit,micro,3,39.570105
string128,sip,128,load-hit,baseline,3,39.589954
string128,sip,128,load-hit,quick_cache,3,32.128225
string128,sip,128,load-hit,hashlink,4,29.068773
string128,sip,128,load-hit,micro,4,39.477026
string128,sip,128,load-hit,baseline,4,39.715063
string128,sip,128,load-hit,quick_cache,4,32.240977
string128,sip,128,load-hit,lru,4,31.194478
string128,sip,128,load-cycle,micro,0,66.692006
string128,sip,128,load-cycle,baseline,0,65.355534
string128,sip,128,load-cycle,quick_cache,0,52.220764
string128,sip,128,load-cycle,lru,0,117.653008
string128,sip,128,load-cycle,hashlink,0,140.022368
string128,sip,128,load-cycle,baseline,1,64.682048
string128,sip,128,load-cycle,quick_cache,1,51.702592
string128,sip,128,load-cycle,lru,1,117.571641
string128,sip,128,load-cycle,hashlink,1,140.960240
string128,sip,128,load-cycle,micro,1,65.960016
string128,sip,128,load-cycle,quick_cache,2,52.390695
string128,sip,128,load-cycle,lru,2,117.307930
string128,sip,128,load-cycle,hashlink,2,139.284605
string128,sip,128,load-cycle,micro,2,65.258789
string128,sip,128,load-cycle,baseline,2,64.598000
string128,sip,128,load-cycle,lru,3,117.073097
string128,sip,128,load-cycle,hashlink,3,139.477987
string128,sip,128,load-cycle,micro,3,65.123155
string128,sip,128,load-cycle,baseline,3,64.645390
string128,sip,128,load-cycle,quick_cache,3,51.721968
string128,sip,128,load-cycle,hashlink,4,139.206112
string128,sip,128,load-cycle,micro,4,64.906336
string128,sip,128,load-cycle,baseline,4,64.537174
string128,sip,128,load-cycle,quick_cache,4,51.641657
string128,sip,128,load-cycle,lru,4,117.262344
string128,sip,128,clear-refill,micro,0,4933.155993
string128,sip,128,clear-refill,baseline,0,4971.163907
string128,sip,128,clear-refill,quick_cache,0,5181.347150
string128,sip,128,clear-refill,lru,0,14823.891626
string128,sip,128,clear-refill,hashlink,0,9157.774390
string128,sip,128,clear-refill,baseline,1,5044.327731
string128,sip,128,clear-refill,quick_cache,1,5101.089983
string128,sip,128,clear-refill,lru,1,14727.534314
string128,sip,128,clear-refill,hashlink,1,9099.496970
string128,sip,128,clear-refill,micro,1,4903.117647
string128,sip,128,clear-refill,quick_cache,2,5139.840753
string128,sip,128,clear-refill,lru,2,14887.579208
string128,sip,128,clear-refill,hashlink,2,9383.593750
string128,sip,128,clear-refill,micro,2,4955.239274
string128,sip,128,clear-refill,baseline,2,5595.903166
string128,sip,128,clear-refill,lru,3,14826.354680
string128,sip,128,clear-refill,hashlink,3,9254.615385
string128,sip,128,clear-refill,micro,3,4898.654160
string128,sip,128,clear-refill,baseline,3,4941.269737
string128,sip,128,clear-refill,quick_cache,3,5101.371817
string128,sip,128,clear-refill,hashlink,4,9191.896024
string128,sip,128,clear-refill,micro,4,5351.233512
string128,sip,128,clear-refill,baseline,4,5370.379249
string128,sip,128,clear-refill,quick_cache,4,5090.113559
string128,sip,128,clear-refill,lru,4,14694.307317
string128,sip,128,clear-empty,micro,0,0.364882
string128,sip,128,clear-empty,baseline,0,48.821366
string128,sip,128,clear-empty,quick_cache,0,4.023809
string128,sip,128,clear-empty,lru,0,2.274634
string128,sip,128,clear-empty,hashlink,0,0.613524
string128,sip,128,clear-empty,baseline,1,48.656590
string128,sip,128,clear-empty,quick_cache,1,3.954024
string128,sip,128,clear-empty,lru,1,2.239457
string128,sip,128,clear-empty,hashlink,1,0.634887
string128,sip,128,clear-empty,micro,1,0.365650
string128,sip,128,clear-empty,quick_cache,2,3.968587
string128,sip,128,clear-empty,lru,2,2.212522
string128,sip,128,clear-empty,hashlink,2,0.627628
string128,sip,128,clear-empty,micro,2,0.370167
string128,sip,128,clear-empty,baseline,2,49.239442
string128,sip,128,clear-empty,lru,3,2.231997
string128,sip,128,clear-empty,hashlink,3,0.636577
string128,sip,128,clear-empty,micro,3,0.364235
string128,sip,128,clear-empty,baseline,3,48.627545
string128,sip,128,clear-empty,quick_cache,3,3.916310
string128,sip,128,clear-empty,hashlink,4,0.634690
string128,sip,128,clear-empty,micro,4,0.366016
string128,sip,128,clear-empty,baseline,4,42.300739
string128,sip,128,clear-empty,quick_cache,4,4.066017
string128,sip,128,clear-empty,lru,4,2.279406
string128,sip,128,iter-dense,micro,0,39.979224
string128,sip,128,iter-dense,baseline,0,40.257809
string128,sip,128,iter-dense,quick_cache,0,29.974974
string128,sip,128,iter-dense,lru,0,126.188173
string128,sip,128,iter-dense,hashlink,0,129.874697
string128,sip,128,iter-dense,baseline,1,37.951171
string128,sip,128,iter-dense,quick_cache,1,29.628258
string128,sip,128,iter-dense,lru,1,134.467138
string128,sip,128,iter-dense,hashlink,1,126.162088
string128,sip,128,iter-dense,micro,1,37.699688
string128,sip,128,iter-dense,quick_cache,2,29.253198
string128,sip,128,iter-dense,lru,2,129.387543
string128,sip,128,iter-dense,hashlink,2,128.144894
string128,sip,128,iter-dense,micro,2,37.858713
string128,sip,128,iter-dense,baseline,2,37.924169
string128,sip,128,iter-dense,lru,3,132.544006
string128,sip,128,iter-dense,hashlink,3,135.454230
string128,sip,128,iter-dense,micro,3,37.946429
string128,sip,128,iter-dense,baseline,3,37.794526
string128,sip,128,iter-dense,quick_cache,3,28.943625
string128,sip,128,iter-dense,hashlink,4,132.272567
string128,sip,128,iter-dense,micro,4,37.788757
string128,sip,128,iter-dense,baseline,4,37.986743
string128,sip,128,iter-dense,quick_cache,4,29.130825
string128,sip,128,iter-dense,lru,4,131.652875
string128,sip,128,iter-dense-for,micro,0,37.810295
string128,sip,128,iter-dense-for,baseline,0,38.068095
string128,sip,128,iter-dense-for,quick_cache,0,38.689163
string128,sip,128,iter-dense-for,lru,0,80.765046
string128,sip,128,iter-dense-for,hashlink,0,70.728837
string128,sip,128,iter-dense-for,baseline,1,37.957566
string128,sip,128,iter-dense-for,quick_cache,1,39.181114
string128,sip,128,iter-dense-for,lru,1,82.453826
string128,sip,128,iter-dense-for,hashlink,1,76.348967
string128,sip,128,iter-dense-for,micro,1,38.070214
string128,sip,128,iter-dense-for,quick_cache,2,38.592580
string128,sip,128,iter-dense-for,lru,2,80.488868
string128,sip,128,iter-dense-for,hashlink,2,72.082989
string128,sip,128,iter-dense-for,micro,2,37.786123
string128,sip,128,iter-dense-for,baseline,2,37.791906
string128,sip,128,iter-dense-for,lru,3,79.855196
string128,sip,128,iter-dense-for,hashlink,3,70.972914
string128,sip,128,iter-dense-for,micro,3,38.161058
string128,sip,128,iter-dense-for,baseline,3,38.467532
string128,sip,128,iter-dense-for,quick_cache,3,39.322917
string128,sip,128,iter-dense-for,hashlink,4,71.396571
string128,sip,128,iter-dense-for,micro,4,37.957578
string128,sip,128,iter-dense-for,baseline,4,38.171652
string128,sip,128,iter-dense-for,quick_cache,4,39.474237
string128,sip,128,iter-dense-for,lru,4,80.601643
string128,sip,128,iter-density-1pct,micro,0,37.339344
string128,sip,128,iter-density-1pct,baseline,0,37.053561
string128,sip,128,iter-density-1pct,quick_cache,0,22.882597
string128,sip,128,iter-density-1pct,lru,0,1.301649
string128,sip,128,iter-density-1pct,hashlink,0,1.265934
string128,sip,128,iter-density-1pct,baseline,1,38.263515
string128,sip,128,iter-density-1pct,quick_cache,1,22.683281
string128,sip,128,iter-density-1pct,lru,1,1.304239
string128,sip,128,iter-density-1pct,hashlink,1,1.257478
string128,sip,128,iter-density-1pct,micro,1,38.646538
string128,sip,128,iter-density-1pct,quick_cache,2,23.210280
string128,sip,128,iter-density-1pct,lru,2,1.322378
string128,sip,128,iter-density-1pct,hashlink,2,1.267971
string128,sip,128,iter-density-1pct,micro,2,38.026536
string128,sip,128,iter-density-1pct,baseline,2,37.820820
string128,sip,128,iter-density-1pct,lru,3,1.305838
string128,sip,128,iter-density-1pct,hashlink,3,1.264517
string128,sip,128,iter-density-1pct,micro,3,38.083024
string128,sip,128,iter-density-1pct,baseline,3,37.695526
string128,sip,128,iter-density-1pct,quick_cache,3,22.918380
string128,sip,128,iter-density-1pct,hashlink,4,1.287828
string128,sip,128,iter-density-1pct,micro,4,38.797993
string128,sip,128,iter-density-1pct,baseline,4,37.584544
string128,sip,128,iter-density-1pct,quick_cache,4,22.651660
string128,sip,128,iter-density-1pct,lru,4,1.303550
string128,sip,128,iter-density-6pct,micro,0,36.391638
string128,sip,128,iter-density-6pct,baseline,0,36.025643
string128,sip,128,iter-density-6pct,quick_cache,0,23.350911
string128,sip,128,iter-density-6pct,lru,0,3.557703
string128,sip,128,iter-density-6pct,hashlink,0,3.180554
string128,sip,128,iter-density-6pct,baseline,1,36.110380
string128,sip,128,iter-density-6pct,quick_cache,1,23.602677
string128,sip,128,iter-density-6pct,lru,1,3.575838
string128,sip,128,iter-density-6pct,hashlink,1,3.171945
string128,sip,128,iter-density-6pct,micro,1,36.440621
string128,sip,128,iter-density-6pct,quick_cache,2,23.661581
string128,sip,128,iter-density-6pct,lru,2,3.645874
string128,sip,128,iter-density-6pct,hashlink,2,3.245742
string128,sip,128,iter-density-6pct,micro,2,37.247765
string128,sip,128,iter-density-6pct,baseline,2,35.961378
string128,sip,128,iter-density-6pct,lru,3,3.559950
string128,sip,128,iter-density-6pct,hashlink,3,3.267575
string128,sip,128,iter-density-6pct,micro,3,39.342255
string128,sip,128,iter-density-6pct,baseline,3,35.148929
string128,sip,128,iter-density-6pct,quick_cache,3,23.392987
string128,sip,128,iter-density-6pct,hashlink,4,3.185633
string128,sip,128,iter-density-6pct,micro,4,36.403739
string128,sip,128,iter-density-6pct,baseline,4,35.936805
string128,sip,128,iter-density-6pct,quick_cache,4,26.373875
string128,sip,128,iter-density-6pct,lru,4,3.533168
string128,sip,128,iter-density-quarter,micro,0,37.170023
string128,sip,128,iter-density-quarter,baseline,0,37.239178
string128,sip,128,iter-density-quarter,quick_cache,0,22.029253
string128,sip,128,iter-density-quarter,lru,0,19.150416
string128,sip,128,iter-density-quarter,hashlink,0,18.828960
string128,sip,128,iter-density-quarter,baseline,1,37.115041
string128,sip,128,iter-density-quarter,quick_cache,1,21.851695
string128,sip,128,iter-density-quarter,lru,1,19.072239
string128,sip,128,iter-density-quarter,hashlink,1,19.017812
string128,sip,128,iter-density-quarter,micro,1,37.430876
string128,sip,128,iter-density-quarter,quick_cache,2,21.996445
string128,sip,128,iter-density-quarter,lru,2,19.059019
string128,sip,128,iter-density-quarter,hashlink,2,19.060867
string128,sip,128,iter-density-quarter,micro,2,37.211161
string128,sip,128,iter-density-quarter,baseline,2,37.692913
string128,sip,128,iter-density-quarter,lru,3,19.500110
string128,sip,128,iter-density-quarter,hashlink,3,18.775656
string128,sip,128,iter-density-quarter,micro,3,36.782194
string128,sip,128,iter-density-quarter,baseline,3,37.276864
string128,sip,128,iter-density-quarter,quick_cache,3,21.869351
string128,sip,128,iter-density-quarter,hashlink,4,19.147029
string128,sip,128,iter-density-quarter,micro,4,37.081319
string128,sip,128,iter-density-quarter,baseline,4,37.212202
string128,sip,128,iter-density-quarter,quick_cache,4,22.032315
string128,sip,128,iter-density-quarter,lru,4,19.283525
string128,sip,128,iter-density-half,micro,0,38.301356
string128,sip,128,iter-density-half,baseline,0,37.685063
string128,sip,128,iter-density-half,quick_cache,0,24.960064
string128,sip,128,iter-density-half,lru,0,51.726386
string128,sip,128,iter-density-half,hashlink,0,51.258235
string128,sip,128,iter-density-half,baseline,1,37.725324
string128,sip,128,iter-density-half,quick_cache,1,24.907014
string128,sip,128,iter-density-half,lru,1,51.933364
string128,sip,128,iter-density-half,hashlink,1,51.102691
string128,sip,128,iter-density-half,micro,1,37.593875
string128,sip,128,iter-density-half,quick_cache,2,24.683716
string128,sip,128,iter-density-half,lru,2,51.734280
string128,sip,128,iter-density-half,hashlink,2,51.044927
string128,sip,128,iter-density-half,micro,2,37.487093
string128,sip,128,iter-density-half,baseline,2,38.051593
string128,sip,128,iter-density-half,lru,3,51.759968
string128,sip,128,iter-density-half,hashlink,3,52.291028
string128,sip,128,iter-density-half,micro,3,38.912305
string128,sip,128,iter-density-half,baseline,3,38.133197
string128,sip,128,iter-density-half,quick_cache,3,24.982797
string128,sip,128,iter-density-half,hashlink,4,51.983007
string128,sip,128,iter-density-half,micro,4,37.556005
string128,sip,128,iter-density-half,baseline,4,37.678284
string128,sip,128,iter-density-half,quick_cache,4,25.045631
string128,sip,128,iter-density-half,lru,4,51.712734
string128,sip,128,iter-front,micro,0,37.386090
string128,sip,128,iter-front,baseline,0,36.953094
string128,sip,128,iter-front,quick_cache,0,22.568925
string128,sip,128,iter-front,lru,0,1.185089
string128,sip,128,iter-front,hashlink,0,1.139097
string128,sip,128,iter-front,baseline,1,35.814255
string128,sip,128,iter-front,quick_cache,1,21.761838
string128,sip,128,iter-front,lru,1,1.154017
string128,sip,128,iter-front,hashlink,1,1.133259
string128,sip,128,iter-front,micro,1,36.948791
string128,sip,128,iter-front,quick_cache,2,22.014352
string128,sip,128,iter-front,lru,2,1.158079
string128,sip,128,iter-front,hashlink,2,1.164944
string128,sip,128,iter-front,micro,2,37.081319
string128,sip,128,iter-front,baseline,2,36.744563
string128,sip,128,iter-front,lru,3,1.191550
string128,sip,128,iter-front,hashlink,3,1.145752
string128,sip,128,iter-front,micro,3,37.306531
string128,sip,128,iter-front,baseline,3,37.277895
string128,sip,128,iter-front,quick_cache,3,22.729167
string128,sip,128,iter-front,hashlink,4,1.150067
string128,sip,128,iter-front,micro,4,37.408793
string128,sip,128,iter-front,baseline,4,36.541553
string128,sip,128,iter-front,quick_cache,4,22.127729
string128,sip,128,iter-front,lru,4,1.165711
string128,sip,128,iter-back,micro,0,38.162113
string128,sip,128,iter-back,baseline,0,37.411263
string128,sip,128,iter-back,quick_cache,0,21.990978
string128,sip,128,iter-back,lru,0,1.151267
string128,sip,128,iter-back,hashlink,0,1.156009
string128,sip,128,iter-back,baseline,1,38.700836
string128,sip,128,iter-back,quick_cache,1,21.980361
string128,sip,128,iter-back,lru,1,1.143293
string128,sip,128,iter-back,hashlink,1,1.151267
string128,sip,128,iter-back,micro,1,38.638133
string128,sip,128,iter-back,quick_cache,2,22.154795
string128,sip,128,iter-back,lru,2,1.183383
string128,sip,128,iter-back,hashlink,2,1.173283
string128,sip,128,iter-back,micro,2,38.297105
string128,sip,128,iter-back,baseline,2,38.051580
string128,sip,128,iter-back,lru,3,1.173606
string128,sip,128,iter-back,hashlink,3,1.155781
string128,sip,128,iter-back,micro,3,38.359771
string128,sip,128,iter-back,baseline,3,37.676188
string128,sip,128,iter-back,quick_cache,3,22.025605
string128,sip,128,iter-back,hashlink,4,1.154813
string128,sip,128,iter-back,micro,4,39.442667
string128,sip,128,iter-back,baseline,4,38.396000
string128,sip,128,iter-back,quick_cache,4,21.915052
string128,sip,128,iter-back,lru,4,1.181162
string128,sip,128,iter-empty,micro,0,37.249305
string128,sip,128,iter-empty,baseline,0,37.034817
string128,sip,128,iter-empty,quick_cache,0,22.665435
string128,sip,128,iter-empty,lru,0,0.938467
string128,sip,128,iter-empty,hashlink,0,0.989164
string128,sip,128,iter-empty,baseline,1,36.614421
string128,sip,128,iter-empty,quick_cache,1,21.204644
string128,sip,128,iter-empty,lru,1,0.985266
string128,sip,128,iter-empty,hashlink,1,0.995329
string128,sip,128,iter-empty,micro,1,37.705443
string128,sip,128,iter-empty,quick_cache,2,20.996934
string128,sip,128,iter-empty,lru,2,0.980679
string128,sip,128,iter-empty,hashlink,2,0.990606
string128,sip,128,iter-empty,micro,2,38.085665
string128,sip,128,iter-empty,baseline,2,37.460772
string128,sip,128,iter-empty,lru,3,0.982313
string128,sip,128,iter-empty,hashlink,3,0.992252
string128,sip,128,iter-empty,micro,3,37.786639
string128,sip,128,iter-empty,baseline,3,37.429316
string128,sip,128,iter-empty,quick_cache,3,21.074490
string128,sip,128,iter-empty,hashlink,4,0.994168
string128,sip,128,iter-empty,micro,4,38.128965
string128,sip,128,iter-empty,baseline,4,37.931596
string128,sip,128,iter-empty,quick_cache,4,21.584492
string128,sip,128,iter-empty,lru,4,0.988882
string128,sip,128,iter-count,micro,0,37.846522
string128,sip,128,iter-count,baseline,0,36.803243
string128,sip,128,iter-count,quick_cache,0,55.294793
string128,sip,128,iter-count,lru,0,0.396024
string128,sip,128,iter-count,hashlink,0,0.396450
string128,sip,128,iter-count,baseline,1,37.137708
string128,sip,128,iter-count,quick_cache,1,54.972711
string128,sip,128,iter-count,lru,1,0.401999
string128,sip,128,iter-count,hashlink,1,0.401696
string128,sip,128,iter-count,micro,1,37.413652
string128,sip,128,iter-count,quick_cache,2,54.825168
string128,sip,128,iter-count,lru,2,0.397365
string128,sip,128,iter-count,hashlink,2,0.395596
string128,sip,128,iter-count,micro,2,37.075993
string128,sip,128,iter-count,baseline,2,36.760898
string128,sip,128,iter-count,lru,3,0.395588
string128,sip,128,iter-count,hashlink,3,0.398015
string128,sip,128,iter-count,micro,3,37.023117
string128,sip,128,iter-count,baseline,3,36.794059
string128,sip,128,iter-count,quick_cache,3,54.841888
string128,sip,128,iter-count,hashlink,4,0.398969
string128,sip,128,iter-count,micro,4,36.851207
string128,sip,128,iter-count,baseline,4,36.723840
string128,sip,128,iter-count,quick_cache,4,54.789409
string128,sip,128,iter-count,lru,4,0.403211
string128,sip,1024,get-hit,micro,0,35.006903
string128,sip,1024,get-hit,baseline,0,34.412731
string128,sip,1024,get-hit,quick_cache,0,35.094760
string128,sip,1024,get-hit,lru,0,35.925659
string128,sip,1024,get-hit,hashlink,0,34.666127
string128,sip,1024,get-hit,baseline,1,34.197721
string128,sip,1024,get-hit,quick_cache,1,34.619418
string128,sip,1024,get-hit,lru,1,36.121249
string128,sip,1024,get-hit,hashlink,1,36.010276
string128,sip,1024,get-hit,micro,1,33.889304
string128,sip,1024,get-hit,quick_cache,2,32.965759
string128,sip,1024,get-hit,lru,2,35.325029
string128,sip,1024,get-hit,hashlink,2,33.448187
string128,sip,1024,get-hit,micro,2,32.778422
string128,sip,1024,get-hit,baseline,2,31.719208
string128,sip,1024,get-hit,lru,3,34.130216
string128,sip,1024,get-hit,hashlink,3,32.095591
string128,sip,1024,get-hit,micro,3,32.555471
string128,sip,1024,get-hit,baseline,3,30.853271
string128,sip,1024,get-hit,quick_cache,3,32.399068
string128,sip,1024,get-hit,hashlink,4,33.747814
string128,sip,1024,get-hit,micro,4,33.809315
string128,sip,1024,get-hit,baseline,4,34.342452
string128,sip,1024,get-hit,quick_cache,4,35.288030
string128,sip,1024,get-hit,lru,4,36.170266
string128,sip,1024,get-miss,micro,0,24.081863
string128,sip,1024,get-miss,baseline,0,24.088860
string128,sip,1024,get-miss,quick_cache,0,24.124779
string128,sip,1024,get-miss,lru,0,24.407387
string128,sip,1024,get-miss,hashlink,0,24.156570
string128,sip,1024,get-miss,baseline,1,24.068512
string128,sip,1024,get-miss,quick_cache,1,24.371147
string128,sip,1024,get-miss,lru,1,24.765356
string128,sip,1024,get-miss,hashlink,1,24.171196
string128,sip,1024,get-miss,micro,1,23.878410
string128,sip,1024,get-miss,quick_cache,2,24.058975
string128,sip,1024,get-miss,lru,2,24.414062
string128,sip,1024,get-miss,hashlink,2,24.129234
string128,sip,1024,get-miss,micro,2,24.266876
string128,sip,1024,get-miss,baseline,2,24.537826
string128,sip,1024,get-miss,lru,3,24.722974
string128,sip,1024,get-miss,hashlink,3,24.042130
string128,sip,1024,get-miss,micro,3,23.895897
string128,sip,1024,get-miss,baseline,3,23.911797
string128,sip,1024,get-miss,quick_cache,3,24.087585
string128,sip,1024,get-miss,hashlink,4,24.405159
string128,sip,1024,get-miss,micro,4,24.530371
string128,sip,1024,get-miss,baseline,4,24.192810
string128,sip,1024,get-miss,quick_cache,4,23.986183
string128,sip,1024,get-miss,lru,4,24.500847
string128,sip,1024,update,micro,0,47.004074
string128,sip,1024,update,baseline,0,46.712875
string128,sip,1024,update,quick_cache,0,61.506490
string128,sip,1024,update,lru,0,47.030777
string128,sip,1024,update,hashlink,0,47.618866
string128,sip,1024,update,baseline,1,47.431946
string128,sip,1024,update,quick_cache,1,62.611898
string128,sip,1024,update,lru,1,47.190979
string128,sip,1024,update,hashlink,1,47.637299
string128,sip,1024,update,micro,1,46.926498
string128,sip,1024,update,quick_cache,2,61.290324
string128,sip,1024,update,lru,2,47.115326
string128,sip,1024,update,hashlink,2,47.183990
string128,sip,1024,update,micro,2,46.061829
string128,sip,1024,update,baseline,2,46.367645
string128,sip,1024,update,lru,3,47.184616
string128,sip,1024,update,hashlink,3,46.932861
string128,sip,1024,update,micro,3,46.436951
string128,sip,1024,update,baseline,3,47.352463
string128,sip,1024,update,quick_cache,3,62.621216
string128,sip,1024,update,hashlink,4,47.399521
string128,sip,1024,update,micro,4,46.548843
string128,sip,1024,update,baseline,4,46.672180
string128,sip,1024,update,quick_cache,4,62.335531
string128,sip,1024,update,lru,4,46.791702
string128,sip,1024,insert-cycle,micro,0,71.414039
string128,sip,1024,insert-cycle,baseline,0,71.167945
string128,sip,1024,insert-cycle,quick_cache,0,61.887105
string128,sip,1024,insert-cycle,lru,0,128.370483
string128,sip,1024,insert-cycle,hashlink,0,122.823079
string128,sip,1024,insert-cycle,baseline,1,71.514811
string128,sip,1024,insert-cycle,quick_cache,1,61.715861
string128,sip,1024,insert-cycle,lru,1,126.671712
string128,sip,1024,insert-cycle,hashlink,1,121.553861
string128,sip,1024,insert-cycle,micro,1,71.359770
string128,sip,1024,insert-cycle,quick_cache,2,61.502238
string128,sip,1024,insert-cycle,lru,2,126.169840
string128,sip,1024,insert-cycle,hashlink,2,121.679087
string128,sip,1024,insert-cycle,micro,2,70.866653
string128,sip,1024,insert-cycle,baseline,2,71.507045
string128,sip,1024,insert-cycle,lru,3,125.734131
string128,sip,1024,insert-cycle,hashlink,3,122.229696
string128,sip,1024,insert-cycle,micro,3,71.260975
string128,sip,1024,insert-cycle,baseline,3,72.648298
string128,sip,1024,insert-cycle,quick_cache,3,62.537292
string128,sip,1024,insert-cycle,hashlink,4,121.345703
string128,sip,1024,insert-cycle,micro,4,82.004123
string128,sip,1024,insert-cycle,baseline,4,71.633952
string128,sip,1024,insert-cycle,quick_cache,4,61.574300
string128,sip,1024,insert-cycle,lru,4,123.502930
string128,sip,1024,mixed-95,micro,0,40.783405
string128,sip,1024,mixed-95,baseline,0,39.211333
string128,sip,1024,mixed-95,quick_cache,0,42.551458
string128,sip,1024,mixed-95,lru,0,42.285740
string128,sip,1024,mixed-95,hashlink,0,41.491210
string128,sip,1024,mixed-95,baseline,1,38.850149
string128,sip,1024,mixed-95,quick_cache,1,42.710880
string128,sip,1024,mixed-95,lru,1,42.320013
string128,sip,1024,mixed-95,hashlink,1,42.637964
string128,sip,1024,mixed-95,micro,1,40.268382
string128,sip,1024,mixed-95,quick_cache,2,44.154247
string128,sip,1024,mixed-95,lru,2,43.735445
string128,sip,1024,mixed-95,hashlink,2,42.526583
string128,sip,1024,mixed-95,micro,2,39.000074
string128,sip,1024,mixed-95,baseline,2,38.863997
string128,sip,1024,mixed-95,lru,3,43.649594
string128,sip,1024,mixed-95,hashlink,3,42.706152
string128,sip,1024,mixed-95,micro,3,38.796306
string128,sip,1024,mixed-95,baseline,3,40.293097
string128,sip,1024,mixed-95,quick_cache,3,43.966949
string128,sip,1024,mixed-95,hashlink,4,43.430050
string128,sip,1024,mixed-95,micro,4,40.053626
string128,sip,1024,mixed-95,baseline,4,40.509006
string128,sip,1024,mixed-95,quick_cache,4,44.363519
string128,sip,1024,mixed-95,lru,4,42.461514
string128,sip,1024,load-hit,micro,0,44.057766
string128,sip,1024,load-hit,baseline,0,44.302477
string128,sip,1024,load-hit,quick_cache,0,36.637285
string128,sip,1024,load-hit,lru,0,36.159169
string128,sip,1024,load-hit,hashlink,0,33.134460
string128,sip,1024,load-hit,baseline,1,44.215441
string128,sip,1024,load-hit,quick_cache,1,36.951196
string128,sip,1024,load-hit,lru,1,36.333030
string128,sip,1024,load-hit,hashlink,1,33.588290
string128,sip,1024,load-hit,micro,1,44.169678
string128,sip,1024,load-hit,quick_cache,2,36.872351
string128,sip,1024,load-hit,lru,2,36.888123
string128,sip,1024,load-hit,hashlink,2,33.733021
string128,sip,1024,load-hit,micro,2,43.779717
string128,sip,1024,load-hit,baseline,2,43.940796
string128,sip,1024,load-hit,lru,3,36.720276
string128,sip,1024,load-hit,hashlink,3,33.665050
string128,sip,1024,load-hit,micro,3,43.670098
string128,sip,1024,load-hit,baseline,3,44.030653
string128,sip,1024,load-hit,quick_cache,3,37.417090
string128,sip,1024,load-hit,hashlink,4,34.943548
string128,sip,1024,load-hit,micro,4,44.590698
string128,sip,1024,load-hit,baseline,4,44.600871
string128,sip,1024,load-hit,quick_cache,4,36.922205
string128,sip,1024,load-hit,lru,4,36.328402
string128,sip,1024,load-cycle,micro,0,83.314128
string128,sip,1024,load-cycle,baseline,0,81.071829
string128,sip,1024,load-cycle,quick_cache,0,51.875673
string128,sip,1024,load-cycle,lru,0,137.785955
string128,sip,1024,load-cycle,hashlink,0,153.548145
string128,sip,1024,load-cycle,baseline,1,81.012927
string128,sip,1024,load-cycle,quick_cache,1,51.710096
string128,sip,1024,load-cycle,lru,1,138.085538
string128,sip,1024,load-cycle,hashlink,1,154.451514
string128,sip,1024,load-cycle,micro,1,81.680854
string128,sip,1024,load-cycle,quick_cache,2,53.245187
string128,sip,1024,load-cycle,lru,2,134.948730
string128,sip,1024,load-cycle,hashlink,2,154.260254
string128,sip,1024,load-cycle,micro,2,77.979364
string128,sip,1024,load-cycle,baseline,2,71.711472
string128,sip,1024,load-cycle,lru,3,135.980779
string128,sip,1024,load-cycle,hashlink,3,147.780371
string128,sip,1024,load-cycle,micro,3,78.677529
string128,sip,1024,load-cycle,baseline,3,81.681993
string128,sip,1024,load-cycle,quick_cache,3,52.159803
string128,sip,1024,load-cycle,hashlink,4,156.174756
string128,sip,1024,load-cycle,micro,4,81.672960
string128,sip,1024,load-cycle,baseline,4,80.729158
string128,sip,1024,load-cycle,quick_cache,4,51.618905
string128,sip,1024,load-cycle,lru,4,134.538130
string128,sip,1024,clear-refill,micro,0,48927.419355
string128,sip,1024,clear-refill,baseline,0,49526.639344
string128,sip,1024,clear-refill,quick_cache,0,50240.283333
string128,sip,1024,clear-refill,lru,0,134530.782609
string128,sip,1024,clear-refill,hashlink,0,84811.333333
string128,sip,1024,clear-refill,baseline,1,49134.403226
string128,sip,1024,clear-refill,quick_cache,1,52094.827586
string128,sip,1024,clear-refill,lru,1,130288.208333
string128,sip,1024,clear-refill,hashlink,1,84547.444444
string128,sip,1024,clear-refill,micro,1,50231.950000
string128,sip,1024,clear-refill,quick_cache,2,52170.982759
string128,sip,1024,clear-refill,lru,2,137274.636364
string128,sip,1024,clear-refill,hashlink,2,80990.131579
string128,sip,1024,clear-refill,micro,2,203130.600000
string128,sip,1024,clear-refill,baseline,2,192899.809524
string128,sip,1024,clear-refill,lru,3,136890.136364
string128,sip,1024,clear-refill,hashlink,3,278094.636364
string128,sip,1024,clear-refill,micro,3,149329.380952
string128,sip,1024,clear-refill,baseline,3,59221.392157
string128,sip,1024,clear-refill,quick_cache,3,113756.185185
string128,sip,1024,clear-refill,hashlink,4,86575.000000
string128,sip,1024,clear-refill,micro,4,51548.728814
string128,sip,1024,clear-refill,baseline,4,51273.305085
string128,sip,1024,clear-refill,quick_cache,4,49566.950820
string128,sip,1024,clear-refill,lru,4,137619.318182
string128,sip,1024,clear-empty,micro,0,0.355679
string128,sip,1024,clear-empty,baseline,0,45.907349
string128,sip,1024,clear-empty,quick_cache,0,4.005431
string128,sip,1024,clear-empty,lru,0,2.196915
string128,sip,1024,clear-empty,hashlink,0,0.640299
string128,sip,1024,clear-empty,baseline,1,46.299582
string128,sip,1024,clear-empty,quick_cache,1,3.905925
string128,sip,1024,clear-empty,lru,1,2.202756
string128,sip,1024,clear-empty,hashlink,1,0.643852
string128,sip,1024,clear-empty,micro,1,0.369181
string128,sip,1024,clear-empty,quick_cache,2,4.159574
string128,sip,1024,clear-empty,lru,2,2.251967
string128,sip,1024,clear-empty,hashlink,2,0.596824
string128,sip,1024,clear-empty,micro,2,0.355604
string128,sip,1024,clear-empty,baseline,2,46.089292
string128,sip,1024,clear-empty,lru,3,2.260066
string128,sip,1024,clear-empty,hashlink,3,0.635775
string128,sip,1024,clear-empty,micro,3,0.357890
string128,sip,1024,clear-empty,baseline,3,46.401510
string128,sip,1024,clear-empty,quick_cache,3,4.032338
string128,sip,1024,clear-empty,hashlink,4,0.638616
string128,sip,1024,clear-empty,micro,4,0.375233
string128,sip,1024,clear-empty,baseline,4,46.970062
string128,sip,1024,clear-empty,quick_cache,4,3.962704
string128,sip,1024,clear-empty,lru,4,2.169205
string128,sip,1024,iter-dense,micro,0,273.733601
string128,sip,1024,iter-dense,baseline,0,272.710756
string128,sip,1024,iter-dense,quick_cache,0,258.386450
string128,sip,1024,iter-dense,lru,0,1239.086760
string128,sip,1024,iter-dense,hashlink,0,1232.650162
string128,sip,1024,iter-dense,baseline,1,271.791938
string128,sip,1024,iter-dense,quick_cache,1,261.893331
string128,sip,1024,iter-dense,lru,1,1278.293919
string128,sip,1024,iter-dense,hashlink,1,1256.232917
string128,sip,1024,iter-dense,micro,1,274.830958
string128,sip,1024,iter-dense,quick_cache,2,254.220274
string128,sip,1024,iter-dense,lru,2,1350.018750
string128,sip,1024,iter-dense,hashlink,2,1250.225833
string128,sip,1024,iter-dense,micro,2,272.585847
string128,sip,1024,iter-dense,baseline,2,274.743421
string128,sip,1024,iter-dense,lru,3,1275.091639
string128,sip,1024,iter-dense,hashlink,3,1252.343750
string128,sip,1024,iter-dense,micro,3,274.335983
string128,sip,1024,iter-dense,baseline,3,272.752362
string128,sip,1024,iter-dense,quick_cache,3,254.724932
string128,sip,1024,iter-dense,hashlink,4,1292.719178
string128,sip,1024,iter-dense,micro,4,276.967275
string128,sip,1024,iter-dense,baseline,4,277.209255
string128,sip,1024,iter-dense,quick_cache,4,254.386094
string128,sip,1024,iter-dense,lru,4,1298.658818
string128,sip,1024,iter-dense-for,micro,0,273.350219
string128,sip,1024,iter-dense-for,baseline,0,273.684220
string128,sip,1024,iter-dense-for,quick_cache,0,507.516892
string128,sip,1024,iter-dense-for,lru,0,761.445565
string128,sip,1024,iter-dense-for,hashlink,0,901.773214
string128,sip,1024,iter-dense-for,baseline,1,270.840868
string128,sip,1024,iter-dense-for,quick_cache,1,504.529402
string128,sip,1024,iter-dense-for,lru,1,749.379960
string128,sip,1024,iter-dense-for,hashlink,1,905.260817
string128,sip,1024,iter-dense-for,micro,1,271.243497
string128,sip,1024,iter-dense-for,quick_cache,2,510.409477
string128,sip,1024,iter-dense-for,lru,2,787.782292
string128,sip,1024,iter-dense-for,hashlink,2,973.542204
string128,sip,1024,iter-dense-for,micro,2,271.138096
string128,sip,1024,iter-dense-for,baseline,2,272.918877
string128,sip,1024,iter-dense-for,lru,3,763.296240
string128,sip,1024,iter-dense-for,hashlink,3,901.537500
string128,sip,1024,iter-dense-for,micro,3,269.733297
string128,sip,1024,iter-dense-for,baseline,3,271.567197
string128,sip,1024,iter-dense-for,quick_cache,3,508.431926
string128,sip,1024,iter-dense-for,hashlink,4,902.744591
string128,sip,1024,iter-dense-for,micro,4,273.558947
string128,sip,1024,iter-dense-for,baseline,4,277.205476
string128,sip,1024,iter-dense-for,quick_cache,4,513.803449
string128,sip,1024,iter-dense-for,lru,4,769.787398
string128,sip,1024,iter-density-1pct,micro,0,342.704494
string128,sip,1024,iter-density-1pct,baseline,0,346.824954
string128,sip,1024,iter-density-1pct,quick_cache,0,203.458243
string128,sip,1024,iter-density-1pct,lru,0,4.287205
string128,sip,1024,iter-density-1pct,hashlink,0,4.209321
string128,sip,1024,iter-density-1pct,baseline,1,350.367304
string128,sip,1024,iter-density-1pct,quick_cache,1,203.791621
string128,sip,1024,iter-density-1pct,lru,1,4.306583
string128,sip,1024,iter-density-1pct,hashlink,1,4.200256
string128,sip,1024,iter-density-1pct,micro,1,348.109606
string128,sip,1024,iter-density-1pct,quick_cache,2,204.466844
string128,sip,1024,iter-density-1pct,lru,2,4.349944
string128,sip,1024,iter-density-1pct,hashlink,2,4.275026
string128,sip,1024,iter-density-1pct,micro,2,362.813707
string128,sip,1024,iter-density-1pct,baseline,2,343.878777
string128,sip,1024,iter-density-1pct,lru,3,4.380493
string128,sip,1024,iter-density-1pct,hashlink,3,4.216326
string128,sip,1024,iter-density-1pct,micro,3,348.524306
string128,sip,1024,iter-density-1pct,baseline,3,342.633212
string128,sip,1024,iter-density-1pct,quick_cache,3,203.943071
string128,sip,1024,iter-density-1pct,hashlink,4,4.220181
string128,sip,1024,iter-density-1pct,micro,4,347.395833
string128,sip,1024,iter-density-1pct,baseline,4,346.272486
string128,sip,1024,iter-density-1pct,quick_cache,4,205.222032
string128,sip,1024,iter-density-1pct,lru,4,4.377485
string128,sip,1024,iter-density-6pct,micro,0,302.154542
string128,sip,1024,iter-density-6pct,baseline,0,299.035529
string128,sip,1024,iter-density-6pct,quick_cache,0,208.137057
string128,sip,1024,iter-density-6pct,lru,0,51.448368
string128,sip,1024,iter-density-6pct,hashlink,0,51.026370
string128,sip,1024,iter-density-6pct,baseline,1,298.474702
string128,sip,1024,iter-density-6pct,quick_cache,1,208.677639
string128,sip,1024,iter-density-6pct,lru,1,50.688345
string128,sip,1024,iter-density-6pct,hashlink,1,50.708711
string128,sip,1024,iter-density-6pct,micro,1,296.258872
string128,sip,1024,iter-density-6pct,quick_cache,2,208.287140
string128,sip,1024,iter-density-6pct,lru,2,50.705195
string128,sip,1024,iter-density-6pct,hashlink,2,51.349569
string128,sip,1024,iter-density-6pct,micro,2,299.317377
string128,sip,1024,iter-density-6pct,baseline,2,309.870050
string128,sip,1024,iter-density-6pct,lru,3,51.417301
string128,sip,1024,iter-density-6pct,hashlink,3,50.424227
string128,sip,1024,iter-density-6pct,micro,3,301.177684
string128,sip,1024,iter-density-6pct,baseline,3,295.339524
string128,sip,1024,iter-density-6pct,quick_cache,3,208.852380
string128,sip,1024,iter-density-6pct,hashlink,4,51.019280
string128,sip,1024,iter-density-6pct,micro,4,295.638365
string128,sip,1024,iter-density-6pct,baseline,4,296.982100
string128,sip,1024,iter-density-6pct,quick_cache,4,209.472656
string128,sip,1024,iter-density-6pct,lru,4,51.465886
string128,sip,1024,iter-density-quarter,micro,0,259.330456
string128,sip,1024,iter-density-quarter,baseline,0,259.817954
string128,sip,1024,iter-density-quarter,quick_cache,0,196.336755
string128,sip,1024,iter-density-quarter,lru,0,296.599862
string128,sip,1024,iter-density-quarter,hashlink,0,294.768809
string128,sip,1024,iter-density-quarter,baseline,1,257.148973
string128,sip,1024,iter-density-quarter,quick_cache,1,196.811124
string128,sip,1024,iter-density-quarter,lru,1,297.743056
string128,sip,1024,iter-density-quarter,hashlink,1,293.448926
string128,sip,1024,iter-density-quarter,micro,1,257.298801
string128,sip,1024,iter-density-quarter,quick_cache,2,196.573637
string128,sip,1024,iter-density-quarter,lru,2,300.365216
string128,sip,1024,iter-density-quarter,hashlink,2,300.240515
string128,sip,1024,iter-density-quarter,micro,2,263.726738
string128,sip,1024,iter-density-quarter,baseline,2,260.724132
string128,sip,1024,iter-density-quarter,lru,3,294.042222
string128,sip,1024,iter-density-quarter,hashlink,3,296.603904
string128,sip,1024,iter-density-quarter,micro,3,258.946023
string128,sip,1024,iter-density-quarter,baseline,3,264.190845
string128,sip,1024,iter-density-quarter,quick_cache,3,198.522331
string128,sip,1024,iter-density-quarter,hashlink,4,294.458562
string128,sip,1024,iter-density-quarter,micro,4,257.554945
string128,sip,1024,iter-density-quarter,baseline,4,258.418647
string128,sip,1024,iter-density-quarter,quick_cache,4,197.722039
string128,sip,1024,iter-density-quarter,lru,4,301.928457
string128,sip,1024,iter-density-half,micro,0,262.925945
string128,sip,1024,iter-density-half,baseline,0,263.009891
string128,sip,1024,iter-density-half,quick_cache,0,201.384187
string128,sip,1024,iter-density-half,lru,0,633.546560
string128,sip,1024,iter-density-half,hashlink,0,624.465439
string128,sip,1024,iter-density-half,baseline,1,259.990997
string128,sip,1024,iter-density-half,quick_cache,1,199.235337
string128,sip,1024,iter-density-half,lru,1,629.331667
string128,sip,1024,iter-density-half,hashlink,1,622.042219
string128,sip,1024,iter-density-half,micro,1,260.272334
string128,sip,1024,iter-density-half,quick_cache,2,196.737421
string128,sip,1024,iter-density-half,lru,2,626.484375
string128,sip,1024,iter-density-half,hashlink,2,618.206826
string128,sip,1024,iter-density-half,micro,2,261.984288
string128,sip,1024,iter-density-half,baseline,2,261.809366
string128,sip,1024,iter-density-half,lru,3,631.929740
string128,sip,1024,iter-density-half,hashlink,3,639.110332
string128,sip,1024,iter-density-half,micro,3,264.539261
string128,sip,1024,iter-density-half,baseline,3,259.236878
string128,sip,1024,iter-density-half,quick_cache,3,196.041036
string128,sip,1024,iter-density-half,hashlink,4,632.611577
string128,sip,1024,iter-density-half,micro,4,253.376263
string128,sip,1024,iter-density-half,baseline,4,412.574449
string128,sip,1024,iter-density-half,quick_cache,4,303.895227
string128,sip,1024,iter-density-half,lru,4,605.143229
string128,sip,1024,iter-front,micro,0,269.606052
string128,sip,1024,iter-front,baseline,0,252.807783
string128,sip,1024,iter-front,quick_cache,0,166.150442
string128,sip,1024,iter-front,lru,0,1.210849
string128,sip,1024,iter-front,hashlink,0,1.187160
string128,sip,1024,iter-front,baseline,1,278.823535
string128,sip,1024,iter-front,quick_cache,1,172.324140
string128,sip,1024,iter-front,lru,1,1.188966
string128,sip,1024,iter-front,hashlink,1,1.174018
string128,sip,1024,iter-front,micro,1,249.684840
string128,sip,1024,iter-front,quick_cache,2,184.274190
string128,sip,1024,iter-front,lru,2,1.205741
string128,sip,1024,iter-front,hashlink,2,1.125389
string128,sip,1024,iter-front,micro,2,255.116338
string128,sip,1024,iter-front,baseline,2,255.169412
string128,sip,1024,iter-front,lru,3,1.211350
string128,sip,1024,iter-front,hashlink,3,1.150970
string128,sip,1024,iter-front,micro,3,267.398148
string128,sip,1024,iter-front,baseline,3,263.199492
string128,sip,1024,iter-front,quick_cache,3,165.628638
string128,sip,1024,iter-front,hashlink,4,1.149348
string128,sip,1024,iter-front,micro,4,264.689701
string128,sip,1024,iter-front,baseline,4,258.623192
string128,sip,1024,iter-front,quick_cache,4,165.192672
string128,sip,1024,iter-front,lru,4,1.204053
string128,sip,1024,iter-back,micro,0,306.299267
string128,sip,1024,iter-back,baseline,0,306.372549
string128,sip,1024,iter-back,quick_cache,0,168.928266
string128,sip,1024,iter-back,lru,0,1.226035
string128,sip,1024,iter-back,hashlink,0,1.181281
string128,sip,1024,iter-back,baseline,1,267.264601
string128,sip,1024,iter-back,quick_cache,1,167.018794
string128,sip,1024,iter-back,lru,1,1.215969
string128,sip,1024,iter-back,hashlink,1,1.149601
string128,sip,1024,iter-back,micro,1,267.761752
string128,sip,1024,iter-back,quick_cache,2,166.912255
string128,sip,1024,iter-back,lru,2,1.211146
string128,sip,1024,iter-back,hashlink,2,1.140442
string128,sip,1024,iter-back,micro,2,268.430089
string128,sip,1024,iter-back,baseline,2,263.880355
string128,sip,1024,iter-back,lru,3,1.209022
string128,sip,1024,iter-back,hashlink,3,1.139430
string128,sip,1024,iter-back,micro,3,270.251711
string128,sip,1024,iter-back,baseline,3,269.714619
string128,sip,1024,iter-back,quick_cache,3,167.104593
string128,sip,1024,iter-back,hashlink,4,1.166407
string128,sip,1024,iter-back,micro,4,267.119925
string128,sip,1024,iter-back,baseline,4,265.875797
string128,sip,1024,iter-back,quick_cache,4,165.105524
string128,sip,1024,iter-back,lru,4,1.215480
string128,sip,1024,iter-empty,micro,0,264.586972
string128,sip,1024,iter-empty,baseline,0,261.802228
string128,sip,1024,iter-empty,quick_cache,0,167.550223
string128,sip,1024,iter-empty,lru,0,1.002213
string128,sip,1024,iter-empty,hashlink,0,1.020441
string128,sip,1024,iter-empty,baseline,1,265.783640
string128,sip,1024,iter-empty,quick_cache,1,165.884496
string128,sip,1024,iter-empty,lru,1,0.988747
string128,sip,1024,iter-empty,hashlink,1,0.998722
string128,sip,1024,iter-empty,micro,1,263.002626
string128,sip,1024,iter-empty,quick_cache,2,164.870277
string128,sip,1024,iter-empty,lru,2,0.982643
string128,sip,1024,iter-empty,hashlink,2,0.998732
string128,sip,1024,iter-empty,micro,2,263.840151
string128,sip,1024,iter-empty,baseline,2,259.664969
string128,sip,1024,iter-empty,lru,3,0.982746
string128,sip,1024,iter-empty,hashlink,3,0.995170
string128,sip,1024,iter-empty,micro,3,264.601673
string128,sip,1024,iter-empty,baseline,3,263.982707
string128,sip,1024,iter-empty,quick_cache,3,169.800576
string128,sip,1024,iter-empty,hashlink,4,1.001250
string128,sip,1024,iter-empty,micro,4,262.951593
string128,sip,1024,iter-empty,baseline,4,260.705990
string128,sip,1024,iter-empty,quick_cache,4,165.447255
string128,sip,1024,iter-empty,lru,4,0.992631
string128,sip,1024,iter-count,micro,0,265.013802
string128,sip,1024,iter-count,baseline,0,260.023947
string128,sip,1024,iter-count,quick_cache,0,486.067813
string128,sip,1024,iter-count,lru,0,0.400674
string128,sip,1024,iter-count,hashlink,0,0.403761
string128,sip,1024,iter-count,baseline,1,261.979167
string128,sip,1024,iter-count,quick_cache,1,482.500000
string128,sip,1024,iter-count,lru,1,0.396365
string128,sip,1024,iter-count,hashlink,1,0.402361
string128,sip,1024,iter-count,micro,1,261.722396
string128,sip,1024,iter-count,quick_cache,2,497.592448
string128,sip,1024,iter-count,lru,2,0.396064
string128,sip,1024,iter-count,hashlink,2,0.397785
string128,sip,1024,iter-count,micro,2,249.535987
string128,sip,1024,iter-count,baseline,2,250.824136
string128,sip,1024,iter-count,lru,3,0.400414
string128,sip,1024,iter-count,hashlink,3,0.396652
string128,sip,1024,iter-count,micro,3,258.184018
string128,sip,1024,iter-count,baseline,3,263.389757
string128,sip,1024,iter-count,quick_cache,3,504.821777
string128,sip,1024,iter-count,hashlink,4,0.400523
string128,sip,1024,iter-count,micro,4,261.071354
string128,sip,1024,iter-count,baseline,4,259.185377
string128,sip,1024,iter-count,quick_cache,4,489.624023
string128,sip,1024,iter-count,lru,4,0.397440
string128,sip,16384,get-hit,micro,0,45.087457
string128,sip,16384,get-hit,baseline,0,45.620958
string128,sip,16384,get-hit,quick_cache,0,46.363205
string128,sip,16384,get-hit,lru,0,45.514716
string128,sip,16384,get-hit,hashlink,0,44.543226
string128,sip,16384,get-hit,baseline,1,44.998739
string128,sip,16384,get-hit,quick_cache,1,46.182632
string128,sip,16384,get-hit,lru,1,45.527140
string128,sip,16384,get-hit,hashlink,1,44.426242
string128,sip,16384,get-hit,micro,1,45.246270
string128,sip,16384,get-hit,quick_cache,2,47.421768
string128,sip,16384,get-hit,lru,2,45.822144
string128,sip,16384,get-hit,hashlink,2,44.494629
string128,sip,16384,get-hit,micro,2,44.915093
string128,sip,16384,get-hit,baseline,2,45.299954
string128,sip,16384,get-hit,lru,3,45.516968
string128,sip,16384,get-hit,hashlink,3,44.952393
string128,sip,16384,get-hit,micro,3,45.450277
string128,sip,16384,get-hit,baseline,3,45.131538
string128,sip,16384,get-hit,quick_cache,3,46.211868
string128,sip,16384,get-hit,hashlink,4,44.591268
string128,sip,16384,get-hit,micro,4,44.819010
string128,sip,16384,get-hit,baseline,4,44.783990
string128,sip,16384,get-hit,quick_cache,4,46.168640
string128,sip,16384,get-hit,lru,4,45.909882
string128,sip,16384,get-miss,micro,0,29.366521
string128,sip,16384,get-miss,baseline,0,29.935002
string128,sip,16384,get-miss,quick_cache,0,30.042988
string128,sip,16384,get-miss,lru,0,30.325477
string128,sip,16384,get-miss,hashlink,0,29.659565
string128,sip,16384,get-miss,baseline,1,29.160335
string128,sip,16384,get-miss,quick_cache,1,29.558622
string128,sip,16384,get-miss,lru,1,31.047394
string128,sip,16384,get-miss,hashlink,1,30.247615
string128,sip,16384,get-miss,micro,1,29.072688
string128,sip,16384,get-miss,quick_cache,2,29.567223
string128,sip,16384,get-miss,lru,2,30.438937
string128,sip,16384,get-miss,hashlink,2,29.928748
string128,sip,16384,get-miss,micro,2,29.069946
string128,sip,16384,get-miss,baseline,2,29.000310
string128,sip,16384,get-miss,lru,3,30.987213
string128,sip,16384,get-miss,hashlink,3,29.930307
string128,sip,16384,get-miss,micro,3,29.979210
string128,sip,16384,get-miss,baseline,3,29.226065
string128,sip,16384,get-miss,quick_cache,3,29.561364
string128,sip,16384,get-miss,hashlink,4,29.704167
string128,sip,16384,get-miss,micro,4,29.090294
string128,sip,16384,get-miss,baseline,4,29.034734
string128,sip,16384,get-miss,quick_cache,4,30.122023
string128,sip,16384,get-miss,lru,4,30.882090
string128,sip,16384,update,micro,0,58.447702
string128,sip,16384,update,baseline,0,54.575614
string128,sip,16384,update,quick_cache,0,200.391113
string128,sip,16384,update,lru,0,55.483852
string128,sip,16384,update,hashlink,0,55.539080
string128,sip,16384,update,baseline,1,56.071690
string128,sip,16384,update,quick_cache,1,193.445862
string128,sip,16384,update,lru,1,58.107649
string128,sip,16384,update,hashlink,1,55.630650
string128,sip,16384,update,micro,1,56.652257
string128,sip,16384,update,quick_cache,2,193.679810
string128,sip,16384,update,lru,2,55.446812
string128,sip,16384,update,hashlink,2,55.555804
string128,sip,16384,update,micro,2,58.356864
string128,sip,16384,update,baseline,2,57.507481
string128,sip,16384,update,lru,3,55.914028
string128,sip,16384,update,hashlink,3,55.225917
string128,sip,16384,update,micro,3,56.856428
string128,sip,16384,update,baseline,3,55.532558
string128,sip,16384,update,quick_cache,3,201.868652
string128,sip,16384,update,hashlink,4,55.263689
string128,sip,16384,update,micro,4,57.203735
string128,sip,16384,update,baseline,4,58.320539
string128,sip,16384,update,quick_cache,4,194.035828
string128,sip,16384,update,lru,4,56.092756
string128,sip,16384,insert-cycle,micro,0,72.183609
string128,sip,16384,insert-cycle,baseline,0,73.908493
string128,sip,16384,insert-cycle,quick_cache,0,99.992126
string128,sip,16384,insert-cycle,lru,0,131.104797
string128,sip,16384,insert-cycle,hashlink,0,125.713348
string128,sip,16384,insert-cycle,baseline,1,72.654724
string128,sip,16384,insert-cycle,quick_cache,1,76.628372
string128,sip,16384,insert-cycle,lru,1,129.465729
string128,sip,16384,insert-cycle,hashlink,1,123.703003
string128,sip,16384,insert-cycle,micro,1,72.820038
string128,sip,16384,insert-cycle,quick_cache,2,78.297287
string128,sip,16384,insert-cycle,lru,2,132.642090
string128,sip,16384,insert-cycle,hashlink,2,123.470306
string128,sip,16384,insert-cycle,micro,2,73.832199
string128,sip,16384,insert-cycle,baseline,2,71.919128
string128,sip,16384,insert-cycle,lru,3,128.042847
string128,sip,16384,insert-cycle,hashlink,3,122.782410
string128,sip,16384,insert-cycle,micro,3,75.527191
string128,sip,16384,insert-cycle,baseline,3,72.676971
string128,sip,16384,insert-cycle,quick_cache,3,97.237885
string128,sip,16384,insert-cycle,hashlink,4,122.556030
string128,sip,16384,insert-cycle,micro,4,75.251251
string128,sip,16384,insert-cycle,baseline,4,73.586151
string128,sip,16384,insert-cycle,quick_cache,4,78.807831
string128,sip,16384,insert-cycle,lru,4,132.790894
string128,sip,16384,mixed-95,micro,0,45.995355
string128,sip,16384,mixed-95,baseline,0,46.297232
string128,sip,16384,mixed-95,quick_cache,0,48.272153
string128,sip,16384,mixed-95,lru,0,45.520782
string128,sip,16384,mixed-95,hashlink,0,45.905630
string128,sip,16384,mixed-95,baseline,1,45.806766
string128,sip,16384,mixed-95,quick_cache,1,51.025788
string128,sip,16384,mixed-95,lru,1,49.099088
string128,sip,16384,mixed-95,hashlink,1,48.097074
string128,sip,16384,mixed-95,micro,1,49.667636
string128,sip,16384,mixed-95,quick_cache,2,51.805775
string128,sip,16384,mixed-95,lru,2,49.247742
string128,sip,16384,mixed-95,hashlink,2,46.833019
string128,sip,16384,mixed-95,micro,2,46.361526
string128,sip,16384,mixed-95,baseline,2,45.961162
string128,sip,16384,mixed-95,lru,3,47.029416
string128,sip,16384,mixed-95,hashlink,3,48.939029
string128,sip,16384,mixed-95,micro,3,46.955267
string128,sip,16384,mixed-95,baseline,3,46.036402
string128,sip,16384,mixed-95,quick_cache,3,47.846098
string128,sip,16384,mixed-95,hashlink,4,48.426509
string128,sip,16384,mixed-95,micro,4,45.791189
string128,sip,16384,mixed-95,baseline,4,49.176971
string128,sip,16384,mixed-95,quick_cache,4,51.842272
string128,sip,16384,mixed-95,lru,4,49.172223
string128,sip,16384,load-hit,micro,0,57.496582
string128,sip,16384,load-hit,baseline,0,56.139997
string128,sip,16384,load-hit,quick_cache,0,50.057739
string128,sip,16384,load-hit,lru,0,47.951385
string128,sip,16384,load-hit,hashlink,0,44.235786
string128,sip,16384,load-hit,baseline,1,55.610299
string128,sip,16384,load-hit,quick_cache,1,50.350189
string128,sip,16384,load-hit,lru,1,48.933029
string128,sip,16384,load-hit,hashlink,1,44.503106
string128,sip,16384,load-hit,micro,1,54.904750
string128,sip,16384,load-hit,quick_cache,2,44.942776
string128,sip,16384,load-hit,lru,2,44.197930
string128,sip,16384,load-hit,hashlink,2,41.307237
string128,sip,16384,load-hit,micro,2,52.454625
string128,sip,16384,load-hit,baseline,2,52.580340
string128,sip,16384,load-hit,lru,3,44.803196
string128,sip,16384,load-hit,hashlink,3,41.526516
string128,sip,16384,load-hit,micro,3,52.416120
string128,sip,16384,load-hit,baseline,3,52.122116
string128,sip,16384,load-hit,quick_cache,3,47.217682
string128,sip,16384,load-hit,hashlink,4,41.122437
string128,sip,16384,load-hit,micro,4,52.584699
string128,sip,16384,load-hit,baseline,4,52.347098
string128,sip,16384,load-hit,quick_cache,4,47.807068
string128,sip,16384,load-hit,lru,4,48.885971
string128,sip,16384,load-cycle,micro,0,74.725479
string128,sip,16384,load-cycle,baseline,0,72.783798
string128,sip,16384,load-cycle,quick_cache,0,69.397598
string128,sip,16384,load-cycle,lru,0,130.991608
string128,sip,16384,load-cycle,hashlink,0,165.152222
string128,sip,16384,load-cycle,baseline,1,75.096130
string128,sip,16384,load-cycle,quick_cache,1,69.915146
string128,sip,16384,load-cycle,lru,1,128.726959
string128,sip,16384,load-cycle,hashlink,1,153.541565
string128,sip,16384,load-cycle,micro,1,72.834656
string128,sip,16384,load-cycle,quick_cache,2,70.096344
string128,sip,16384,load-cycle,lru,2,130.235046
string128,sip,16384,load-cycle,hashlink,2,147.848785
string128,sip,16384,load-cycle,micro,2,76.016113
string128,sip,16384,load-cycle,baseline,2,72.686508
string128,sip,16384,load-cycle,lru,3,130.264282
string128,sip,16384,load-cycle,hashlink,3,147.918701
string128,sip,16384,load-cycle,micro,3,74.677780
string128,sip,16384,load-cycle,baseline,3,74.743912
string128,sip,16384,load-cycle,quick_cache,3,69.769547
string128,sip,16384,load-cycle,hashlink,4,149.174988
string128,sip,16384,load-cycle,micro,4,73.129013
string128,sip,16384,load-cycle,baseline,4,74.725464
string128,sip,16384,load-cycle,quick_cache,4,71.456268
string128,sip,16384,load-cycle,lru,4,128.957123
string128,sip,16384,clear-refill,micro,0,822593.750000
string128,sip,16384,clear-refill,baseline,0,855041.500000
string128,sip,16384,clear-refill,quick_cache,0,831406.250000
string128,sip,16384,clear-refill,lru,0,2302604.000000
string128,sip,16384,clear-refill,hashlink,0,1409458.333333
string128,sip,16384,clear-refill,baseline,1,853770.750000
string128,sip,16384,clear-refill,quick_cache,1,869833.250000
string128,sip,16384,clear-refill,lru,1,2300458.500000
string128,sip,16384,clear-refill,hashlink,1,1388319.333333
string128,sip,16384,clear-refill,micro,1,865833.250000
string128,sip,16384,clear-refill,quick_cache,2,876260.500000
string128,sip,16384,clear-refill,lru,2,2254645.500000
string128,sip,16384,clear-refill,hashlink,2,1448597.333333
string128,sip,16384,clear-refill,micro,2,839114.750000
string128,sip,16384,clear-refill,baseline,2,846312.500000
string128,sip,16384,clear-refill,lru,3,2315875.000000
string128,sip,16384,clear-refill,hashlink,3,1367166.666667
string128,sip,16384,clear-refill,micro,3,806198.000000
string128,sip,16384,clear-refill,baseline,3,825270.750000
string128,sip,16384,clear-refill,quick_cache,3,833562.500000
string128,sip,16384,clear-refill,hashlink,4,1416458.333333
string128,sip,16384,clear-refill,micro,4,842302.000000
string128,sip,16384,clear-refill,baseline,4,854406.250000
string128,sip,16384,clear-refill,quick_cache,4,845312.500000
string128,sip,16384,clear-refill,lru,4,2204521.000000
string128,sip,16384,clear-empty,micro,0,0.365799
string128,sip,16384,clear-empty,baseline,0,318.055849
string128,sip,16384,clear-empty,quick_cache,0,3.947091
string128,sip,16384,clear-empty,lru,0,2.215837
string128,sip,16384,clear-empty,hashlink,0,0.647016
string128,sip,16384,clear-empty,baseline,1,469.902344
string128,sip,16384,clear-empty,quick_cache,1,3.926043
string128,sip,16384,clear-empty,lru,1,2.218261
string128,sip,16384,clear-empty,hashlink,1,0.642158
string128,sip,16384,clear-empty,micro,1,0.367624
string128,sip,16384,clear-empty,quick_cache,2,3.970262
string128,sip,16384,clear-empty,lru,2,2.215837
string128,sip,16384,clear-empty,hashlink,2,0.637019
string128,sip,16384,clear-empty,micro,2,0.371734
string128,sip,16384,clear-empty,baseline,2,321.183488
string128,sip,16384,clear-empty,lru,3,2.214163
string128,sip,16384,clear-empty,hashlink,3,0.639958
string128,sip,16384,clear-empty,micro,3,0.366847
string128,sip,16384,clear-empty,baseline,3,319.283150
string128,sip,16384,clear-empty,quick_cache,3,3.987603
string128,sip,16384,clear-empty,hashlink,4,0.635637
string128,sip,16384,clear-empty,micro,4,0.370495
string128,sip,16384,clear-empty,baseline,4,340.141406
string128,sip,16384,clear-empty,quick_cache,4,4.002162
string128,sip,16384,clear-empty,lru,4,2.217126
string128,sip,16384,iter-dense,micro,0,6087.484375
string128,sip,16384,iter-dense,baseline,0,6084.636719
string128,sip,16384,iter-dense,quick_cache,0,6874.720982
string128,sip,16384,iter-dense,lru,0,25769.531250
string128,sip,16384,iter-dense,hashlink,0,41309.468750
string128,sip,16384,iter-dense,baseline,1,30317.706250
string128,sip,16384,iter-dense,quick_cache,1,12363.769531
string128,sip,16384,iter-dense,lru,1,24823.242188
string128,sip,16384,iter-dense,hashlink,1,23498.375000
string128,sip,16384,iter-dense,micro,1,6162.677734
string128,sip,16384,iter-dense,quick_cache,2,7178.386161
string128,sip,16384,iter-dense,lru,2,25526.695312
string128,sip,16384,iter-dense,hashlink,2,27728.187500
string128,sip,16384,iter-dense,micro,2,6110.025391
string128,sip,16384,iter-dense,baseline,2,6076.904297
string128,sip,16384,iter-dense,lru,3,27163.734375
string128,sip,16384,iter-dense,hashlink,3,25866.210938
string128,sip,16384,iter-dense,micro,3,5915.607422
string128,sip,16384,iter-dense,baseline,3,6107.095703
string128,sip,16384,iter-dense,quick_cache,3,6956.473214
string128,sip,16384,iter-dense,hashlink,4,22996.618750
string128,sip,16384,iter-dense,micro,4,6070.068359
string128,sip,16384,iter-dense,baseline,4,6067.056641
string128,sip,16384,iter-dense,quick_cache,4,6907.180804
string128,sip,16384,iter-dense,lru,4,25343.101562
string128,sip,16384,iter-dense-for,micro,0,6083.169922
string128,sip,16384,iter-dense-for,baseline,0,6204.345703
string128,sip,16384,iter-dense-for,quick_cache,0,8248.804688
string128,sip,16384,iter-dense-for,lru,0,20861.456250
string128,sip,16384,iter-dense-for,hashlink,0,26386.390625
string128,sip,16384,iter-dense-for,baseline,1,6240.478516
string128,sip,16384,iter-dense-for,quick_cache,1,8146.484375
string128,sip,16384,iter-dense-for,lru,1,20726.037500
string128,sip,16384,iter-dense-for,hashlink,1,25202.476562
string128,sip,16384,iter-dense-for,micro,1,6142.986328
string128,sip,16384,iter-dense-for,quick_cache,2,8141.382812
string128,sip,16384,iter-dense-for,lru,2,21004.168750
string128,sip,16384,iter-dense-for,hashlink,2,26614.257812
string128,sip,16384,iter-dense-for,micro,2,6083.822266
string128,sip,16384,iter-dense-for,baseline,2,6083.576172
string128,sip,16384,iter-dense-for,lru,3,21135.937500
string128,sip,16384,iter-dense-for,hashlink,3,27767.578125
string128,sip,16384,iter-dense-for,micro,3,6139.566406
string128,sip,16384,iter-dense-for,baseline,3,6081.867188
string128,sip,16384,iter-dense-for,quick_cache,3,7117.000000
string128,sip,16384,iter-dense-for,hashlink,4,23004.687500
string128,sip,16384,iter-dense-for,micro,4,6078.775391
string128,sip,16384,iter-dense-for,baseline,4,6079.507812
string128,sip,16384,iter-dense-for,quick_cache,4,7083.799107
string128,sip,16384,iter-dense-for,lru,4,23902.664062
string128,sip,16384,iter-density-1pct,micro,0,6500.000000
string128,sip,16384,iter-density-1pct,baseline,0,6416.491667
string128,sip,16384,iter-density-1pct,quick_cache,0,7050.966518
string128,sip,16384,iter-density-1pct,lru,0,181.218328
string128,sip,16384,iter-density-1pct,hashlink,0,178.051826
string128,sip,16384,iter-density-1pct,baseline,1,6400.606250
string128,sip,16384,iter-density-1pct,quick_cache,1,7035.343750
string128,sip,16384,iter-density-1pct,lru,1,191.584311
string128,sip,16384,iter-density-1pct,hashlink,1,178.432450
string128,sip,16384,iter-density-1pct,micro,1,6469.964583
string128,sip,16384,iter-density-1pct,quick_cache,2,6937.964286
string128,sip,16384,iter-density-1pct,lru,2,178.675595
string128,sip,16384,iter-density-1pct,hashlink,2,179.259321
string128,sip,16384,iter-density-1pct,micro,2,6386.285417
string128,sip,16384,iter-density-1pct,baseline,2,6419.358333
string128,sip,16384,iter-density-1pct,lru,3,185.124384
string128,sip,16384,iter-density-1pct,hashlink,3,177.240844
string128,sip,16384,iter-density-1pct,micro,3,6411.631250
string128,sip,16384,iter-density-1pct,baseline,3,6548.870833
string128,sip,16384,iter-density-1pct,quick_cache,3,6785.993304
string128,sip,16384,iter-density-1pct,hashlink,4,176.434739
string128,sip,16384,iter-density-1pct,micro,4,6368.141667
string128,sip,16384,iter-density-1pct,baseline,4,6745.225000
string128,sip,16384,iter-density-1pct,quick_cache,4,6727.120536
string128,sip,16384,iter-density-1pct,lru,4,179.403681
string128,sip,16384,iter-density-6pct,micro,0,5615.426471
string128,sip,16384,iter-density-6pct,baseline,0,5638.709559
string128,sip,16384,iter-density-6pct,quick_cache,0,6587.239583
string128,sip,16384,iter-density-6pct,lru,0,1297.980736
string128,sip,16384,iter-density-6pct,hashlink,0,1309.570312
string128,sip,16384,iter-density-6pct,baseline,1,5572.305147
string128,sip,16384,iter-density-6pct,quick_cache,1,6636.025000
string128,sip,16384,iter-density-6pct,lru,1,1304.090712
string128,sip,16384,iter-density-6pct,hashlink,1,1293.681935
string128,sip,16384,iter-density-6pct,micro,1,5701.134191
string128,sip,16384,iter-density-6pct,quick_cache,2,6582.118750
string128,sip,16384,iter-density-6pct,lru,2,1322.054577
string128,sip,16384,iter-density-6pct,hashlink,2,1359.658062
string128,sip,16384,iter-density-6pct,micro,2,5636.795956
string128,sip,16384,iter-density-6pct,baseline,2,5601.562500
string128,sip,16384,iter-density-6pct,lru,3,1302.390625
string128,sip,16384,iter-density-6pct,hashlink,3,1292.665668
string128,sip,16384,iter-density-6pct,micro,3,5651.654412
string128,sip,16384,iter-density-6pct,baseline,3,5628.216912
string128,sip,16384,iter-density-6pct,quick_cache,3,6684.895833
string128,sip,16384,iter-density-6pct,hashlink,4,1343.601339
string128,sip,16384,iter-density-6pct,micro,4,5685.202206
string128,sip,16384,iter-density-6pct,baseline,4,5578.507353
string128,sip,16384,iter-density-6pct,quick_cache,4,6605.120833
string128,sip,16384,iter-density-6pct,lru,4,1333.296655
string128,sip,16384,iter-density-quarter,micro,0,6045.166016
string128,sip,16384,iter-density-quarter,baseline,0,5931.152344
string128,sip,16384,iter-density-quarter,quick_cache,0,7054.129464
string128,sip,16384,iter-density-quarter,lru,0,12388.347656
string128,sip,16384,iter-density-quarter,hashlink,0,9629.687500
string128,sip,16384,iter-density-quarter,baseline,1,5924.234375
string128,sip,16384,iter-density-quarter,quick_cache,1,6906.714286
string128,sip,16384,iter-density-quarter,lru,1,11748.695312
string128,sip,16384,iter-density-quarter,hashlink,1,9700.650000
string128,sip,16384,iter-density-quarter,micro,1,5913.085938
string128,sip,16384,iter-density-quarter,quick_cache,2,7087.147321
string128,sip,16384,iter-density-quarter,lru,2,11718.315972
string128,sip,16384,iter-density-quarter,hashlink,2,9792.968750
string128,sip,16384,iter-density-quarter,micro,2,5885.333984
string128,sip,16384,iter-density-quarter,baseline,2,5876.873047
string128,sip,16384,iter-density-quarter,lru,3,11755.046875
string128,sip,16384,iter-density-quarter,hashlink,3,10111.718750
string128,sip,16384,iter-density-quarter,micro,3,6013.753906
string128,sip,16384,iter-density-quarter,baseline,3,5888.998047
string128,sip,16384,iter-density-quarter,quick_cache,3,7032.180804
string128,sip,16384,iter-density-quarter,hashlink,4,10212.762500
string128,sip,16384,iter-density-quarter,micro,4,5894.042969
string128,sip,16384,iter-density-quarter,baseline,4,5907.064453
string128,sip,16384,iter-density-quarter,quick_cache,4,6982.421875
string128,sip,16384,iter-density-quarter,lru,4,9720.312500
string128,sip,16384,iter-density-half,micro,0,6033.447266
string128,sip,16384,iter-density-half,baseline,0,6000.812500
string128,sip,16384,iter-density-half,quick_cache,0,6952.473214
string128,sip,16384,iter-density-half,lru,0,20424.481250
string128,sip,16384,iter-density-half,hashlink,0,13896.205357
string128,sip,16384,iter-density-half,baseline,1,5934.570312
string128,sip,16384,iter-density-half,quick_cache,1,7046.504464
string128,sip,16384,iter-density-half,lru,1,21234.112500
string128,sip,16384,iter-density-half,hashlink,1,13797.808036
string128,sip,16384,iter-density-half,micro,1,5958.414062
string128,sip,16384,iter-density-half,quick_cache,2,7039.714286
string128,sip,16384,iter-density-half,lru,2,20714.325000
string128,sip,16384,iter-density-half,hashlink,2,13893.227679
string128,sip,16384,iter-density-half,micro,2,5950.927734
string128,sip,16384,iter-density-half,baseline,2,5962.646484
string128,sip,16384,iter-density-half,lru,3,20836.975000
string128,sip,16384,iter-density-half,hashlink,3,14046.500000
string128,sip,16384,iter-density-half,micro,3,5936.117188
string128,sip,16384,iter-density-half,baseline,3,6156.494141
string128,sip,16384,iter-density-half,quick_cache,3,6851.841518
string128,sip,16384,iter-density-half,hashlink,4,16041.453125
string128,sip,16384,iter-density-half,micro,4,5979.492188
string128,sip,16384,iter-density-half,baseline,4,6073.974609
string128,sip,16384,iter-density-half,quick_cache,4,6956.845982
string128,sip,16384,iter-density-half,lru,4,12581.867188
string128,sip,16384,iter-front,micro,0,5525.198529
string128,sip,16384,iter-front,baseline,0,5389.322917
string128,sip,16384,iter-front,quick_cache,0,6795.388393
string128,sip,16384,iter-front,lru,0,1.202062
string128,sip,16384,iter-front,hashlink,0,1.170280
string128,sip,16384,iter-front,baseline,1,5475.477431
string128,sip,16384,iter-front,quick_cache,1,7032.087054
string128,sip,16384,iter-front,lru,1,1.205152
string128,sip,16384,iter-front,hashlink,1,1.132055
string128,sip,16384,iter-front,micro,1,5548.636029
string128,sip,16384,iter-front,quick_cache,2,6960.100446
string128,sip,16384,iter-front,lru,2,1.202787
string128,sip,16384,iter-front,hashlink,2,1.168079
string128,sip,16384,iter-front,micro,2,5580.270221
string128,sip,16384,iter-front,baseline,2,5514.858456
string128,sip,16384,iter-front,lru,3,1.209958
string128,sip,16384,iter-front,hashlink,3,1.160976
string128,sip,16384,iter-front,micro,3,5604.472426
string128,sip,16384,iter-front,baseline,3,5474.465278
string128,sip,16384,iter-front,quick_cache,3,6895.647321
string128,sip,16384,iter-front,hashlink,4,1.177128
string128,sip,16384,iter-front,micro,4,5489.149306
string128,sip,16384,iter-front,baseline,4,5536.150735
string128,sip,16384,iter-front,quick_cache,4,6995.720982
string128,sip,16384,iter-front,lru,4,1.205090
string128,sip,16384,iter-back,micro,0,5525.582721
string128,sip,16384,iter-back,baseline,0,5513.888889
string128,sip,16384,iter-back,quick_cache,0,7086.774554
string128,sip,16384,iter-back,lru,0,1.214190
string128,sip,16384,iter-back,hashlink,0,1.161868
string128,sip,16384,iter-back,baseline,1,5502.460069
string128,sip,16384,iter-back,quick_cache,1,7024.553571
string128,sip,16384,iter-back,lru,1,1.195364
string128,sip,16384,iter-back,hashlink,1,1.177660
string128,sip,16384,iter-back,micro,1,5516.314338
string128,sip,16384,iter-back,quick_cache,2,7158.669643
string128,sip,16384,iter-back,lru,2,1.217327
string128,sip,16384,iter-back,hashlink,2,1.142206
string128,sip,16384,iter-back,micro,2,5484.520833
string128,sip,16384,iter-back,baseline,2,5491.246528
string128,sip,16384,iter-back,lru,3,1.193659
string128,sip,16384,iter-back,hashlink,3,1.183742
string128,sip,16384,iter-back,micro,3,5617.187500
string128,sip,16384,iter-back,baseline,3,9075.400568
string128,sip,16384,iter-back,quick_cache,3,7149.368304
string128,sip,16384,iter-back,hashlink,4,1.146004
string128,sip,16384,iter-back,micro,4,5054.070724
string128,sip,16384,iter-back,baseline,4,5583.257353
string128,sip,16384,iter-back,quick_cache,4,6815.569196
string128,sip,16384,iter-back,lru,4,1.185074
string128,sip,16384,iter-empty,micro,0,5615.501838
string128,sip,16384,iter-empty,baseline,0,5434.173611
string128,sip,16384,iter-empty,quick_cache,0,7013.205357
string128,sip,16384,iter-empty,lru,0,0.990512
string128,sip,16384,iter-empty,hashlink,0,0.995603
string128,sip,16384,iter-empty,baseline,1,5622.702206
string128,sip,16384,iter-empty,quick_cache,1,6820.591518
string128,sip,16384,iter-empty,lru,1,0.988038
string128,sip,16384,iter-empty,hashlink,1,1.003780
string128,sip,16384,iter-empty,micro,1,5559.972426
string128,sip,16384,iter-empty,quick_cache,2,6848.957589
string128,sip,16384,iter-empty,lru,2,0.983426
string128,sip,16384,iter-empty,hashlink,2,0.999947
string128,sip,16384,iter-empty,micro,2,5613.281250
string128,sip,16384,iter-empty,baseline,2,5610.753676
string128,sip,16384,iter-empty,lru,3,0.994146
string128,sip,16384,iter-empty,hashlink,3,1.011501
string128,sip,16384,iter-empty,micro,3,5608.226103
string128,sip,16384,iter-empty,baseline,3,5657.321691
string128,sip,16384,iter-empty,quick_cache,3,7001.488839
string128,sip,16384,iter-empty,hashlink,4,1.004985
string128,sip,16384,iter-empty,micro,4,5482.927083
string128,sip,16384,iter-empty,baseline,4,5531.862132
string128,sip,16384,iter-empty,quick_cache,4,7085.379464
string128,sip,16384,iter-empty,lru,4,0.985918
string128,sip,16384,iter-count,micro,0,5641.059896
string128,sip,16384,iter-count,baseline,0,5426.595052
string128,sip,16384,iter-count,quick_cache,0,8030.761719
string128,sip,16384,iter-count,lru,0,0.397515
string128,sip,16384,iter-count,hashlink,0,0.404742
string128,sip,16384,iter-count,baseline,1,5404.080729
string128,sip,16384,iter-count,quick_cache,1,7979.492187
string128,sip,16384,iter-count,lru,1,0.399696
string128,sip,16384,iter-count,hashlink,1,0.399491
string128,sip,16384,iter-count,micro,1,5385.904948
string128,sip,16384,iter-count,quick_cache,2,7986.001953
string128,sip,16384,iter-count,lru,2,0.397980
string128,sip,16384,iter-count,hashlink,2,0.397953
string128,sip,16384,iter-count,micro,2,5460.828125
string128,sip,16384,iter-count,baseline,2,5461.641927
string128,sip,16384,iter-count,lru,3,0.400943
string128,sip,16384,iter-count,hashlink,3,0.405260
string128,sip,16384,iter-count,micro,3,5558.050781
string128,sip,16384,iter-count,baseline,3,5539.713542
string128,sip,16384,iter-count,quick_cache,3,8034.097656
string128,sip,16384,iter-count,hashlink,4,0.397826
string128,sip,16384,iter-count,micro,4,5488.063802
string128,sip,16384,iter-count,baseline,4,5732.096354
string128,sip,16384,iter-count,quick_cache,4,8091.388672
string128,sip,16384,iter-count,lru,4,0.398210
string128,ahash,128,get-hit,micro,0,11.269461
string128,ahash,128,get-hit,baseline,0,11.198875
string128,ahash,128,get-hit,quick_cache,0,11.365179
string128,ahash,128,get-hit,lru,0,11.965025
string128,ahash,128,get-hit,hashlink,0,11.269461
string128,ahash,128,get-hit,baseline,1,11.301828
string128,ahash,128,get-hit,quick_cache,1,11.522614
string128,ahash,128,get-hit,lru,1,12.078231
string128,ahash,128,get-hit,hashlink,1,11.411569
string128,ahash,128,get-hit,micro,1,11.274240
string128,ahash,128,get-hit,quick_cache,2,11.328495
string128,ahash,128,get-hit,lru,2,12.239921
string128,ahash,128,get-hit,hashlink,2,11.262681
string128,ahash,128,get-hit,micro,2,11.160493
string128,ahash,128,get-hit,baseline,2,11.250041
string128,ahash,128,get-hit,lru,3,11.494797
string128,ahash,128,get-hit,hashlink,3,11.207505
string128,ahash,128,get-hit,micro,3,11.239099
string128,ahash,128,get-hit,baseline,3,11.343754
string128,ahash,128,get-hit,quick_cache,3,11.449177
string128,ahash,128,get-hit,hashlink,4,11.351152
string128,ahash,128,get-hit,micro,4,11.261756
string128,ahash,128,get-hit,baseline,4,10.994708
string128,ahash,128,get-hit,quick_cache,4,11.164654
string128,ahash,128,get-hit,lru,4,12.018346
string128,ahash,128,get-miss,micro,0,6.929987
string128,ahash,128,get-miss,baseline,0,7.056310
string128,ahash,128,get-miss,quick_cache,0,6.971348
string128,ahash,128,get-miss,lru,0,7.223391
string128,ahash,128,get-miss,hashlink,0,6.809751
string128,ahash,128,get-miss,baseline,1,7.057289
string128,ahash,128,get-miss,quick_cache,1,6.958008
string128,ahash,128,get-miss,lru,1,7.172805
string128,ahash,128,get-miss,hashlink,1,6.891791
string128,ahash,128,get-miss,micro,1,7.057777
string128,ahash,128,get-miss,quick_cache,2,7.012327
string128,ahash,128,get-miss,lru,2,7.214016
string128,ahash,128,get-miss,hashlink,2,6.826330
string128,ahash,128,get-miss,micro,2,6.918374
string128,ahash,128,get-miss,baseline,2,7.080372
string128,ahash,128,get-miss,lru,3,7.223092
string128,ahash,128,get-miss,hashlink,3,6.823599
string128,ahash,128,get-miss,micro,3,6.935743
string128,ahash,128,get-miss,baseline,3,7.086632
string128,ahash,128,get-miss,quick_cache,3,7.046138
string128,ahash,128,get-miss,hashlink,4,6.913671
string128,ahash,128,get-miss,micro,4,7.117443
string128,ahash,128,get-miss,baseline,4,7.098858
string128,ahash,128,get-miss,quick_cache,4,6.954265
string128,ahash,128,get-miss,lru,4,7.221395
string128,ahash,128,update,micro,0,22.863949
string128,ahash,128,update,baseline,0,22.962891
string128,ahash,128,update,quick_cache,0,41.627672
string128,ahash,128,update,lru,0,23.530319
string128,ahash,128,update,hashlink,0,23.369156
string128,ahash,128,update,baseline,1,22.566255
string128,ahash,128,update,quick_cache,1,40.816691
string128,ahash,128,update,lru,1,23.635231
string128,ahash,128,update,hashlink,1,23.088768
string128,ahash,128,update,micro,1,22.912025
string128,ahash,128,update,quick_cache,2,40.772610
string128,ahash,128,update,lru,2,23.549080
string128,ahash,128,update,hashlink,2,23.170471
string128,ahash,128,update,micro,2,22.635663
string128,ahash,128,update,baseline,2,22.525563
string128,ahash,128,update,lru,3,23.550674
string128,ahash,128,update,hashlink,3,23.054764
string128,ahash,128,update,micro,3,22.603350
string128,ahash,128,update,baseline,3,22.497738
string128,ahash,128,update,quick_cache,3,40.998671
string128,ahash,128,update,hashlink,4,23.742676
string128,ahash,128,update,micro,4,23.276649
string128,ahash,128,update,baseline,4,22.623399
string128,ahash,128,update,quick_cache,4,40.001941
string128,ahash,128,update,lru,4,23.303345
string128,ahash,128,insert-cycle,micro,0,50.712503
string128,ahash,128,insert-cycle,baseline,0,51.399448
string128,ahash,128,insert-cycle,quick_cache,0,38.000607
string128,ahash,128,insert-cycle,lru,0,67.538097
string128,ahash,128,insert-cycle,hashlink,0,60.922158
string128,ahash,128,insert-cycle,baseline,1,51.143563
string128,ahash,128,insert-cycle,quick_cache,1,37.308817
string128,ahash,128,insert-cycle,lru,1,67.876739
string128,ahash,128,insert-cycle,hashlink,1,59.262054
string128,ahash,128,insert-cycle,micro,1,51.797976
string128,ahash,128,insert-cycle,quick_cache,2,37.817124
string128,ahash,128,insert-cycle,lru,2,70.404098
string128,ahash,128,insert-cycle,hashlink,2,59.412484
string128,ahash,128,insert-cycle,micro,2,51.407312
string128,ahash,128,insert-cycle,baseline,2,50.126035
string128,ahash,128,insert-cycle,lru,3,68.075257
string128,ahash,128,insert-cycle,hashlink,3,60.224679
string128,ahash,128,insert-cycle,micro,3,51.387520
string128,ahash,128,insert-cycle,baseline,3,50.602354
string128,ahash,128,insert-cycle,quick_cache,3,37.759885
string128,ahash,128,insert-cycle,hashlink,4,58.705234
string128,ahash,128,insert-cycle,micro,4,51.898956
string128,ahash,128,insert-cycle,baseline,4,51.238981
string128,ahash,128,insert-cycle,quick_cache,4,38.480840
string128,ahash,128,insert-cycle,lru,4,68.392510
string128,ahash,128,mixed-95,micro,0,16.020278
string128,ahash,128,mixed-95,baseline,0,16.048888
string128,ahash,128,mixed-95,quick_cache,0,18.848002
string128,ahash,128,mixed-95,lru,0,17.389973
string128,ahash,128,mixed-95,hashlink,0,17.108937
string128,ahash,128,mixed-95,baseline,1,15.989959
string128,ahash,128,mixed-95,quick_cache,1,18.737932
string128,ahash,128,mixed-95,lru,1,17.309824
string128,ahash,128,mixed-95,hashlink,1,17.156998
string128,ahash,128,mixed-95,micro,1,15.932003
string128,ahash,128,mixed-95,quick_cache,2,18.845797
string128,ahash,128,mixed-95,lru,2,17.332176
string128,ahash,128,mixed-95,hashlink,2,17.120183
string128,ahash,128,mixed-95,micro,2,15.984635
string128,ahash,128,mixed-95,baseline,2,16.022663
string128,ahash,128,mixed-95,lru,3,17.414530
string128,ahash,128,mixed-95,hashlink,3,17.215152
string128,ahash,128,mixed-95,micro,3,16.097109
string128,ahash,128,mixed-95,baseline,3,16.091764
string128,ahash,128,mixed-95,quick_cache,3,18.888156
string128,ahash,128,mixed-95,hashlink,4,17.094990
string128,ahash,128,mixed-95,micro,4,16.042133
string128,ahash,128,mixed-95,baseline,4,15.986820
string128,ahash,128,mixed-95,quick_cache,4,18.813252
string128,ahash,128,mixed-95,lru,4,17.379642
string128,ahash,128,load-hit,micro,0,22.584207
string128,ahash,128,load-hit,baseline,0,22.545611
string128,ahash,128,load-hit,quick_cache,0,13.173785
string128,ahash,128,load-hit,lru,0,12.797212
string128,ahash,128,load-hit,hashlink,0,11.378740
string128,ahash,128,load-hit,baseline,1,23.119926
string128,ahash,128,load-hit,quick_cache,1,13.466971
string128,ahash,128,load-hit,lru,1,12.920861
string128,ahash,128,load-hit,hashlink,1,11.370417
string128,ahash,128,load-hit,micro,1,22.628483
string128,ahash,128,load-hit,quick_cache,2,13.173423
string128,ahash,128,load-hit,lru,2,12.718110
string128,ahash,128,load-hit,hashlink,2,11.307687
string128,ahash,128,load-hit,micro,2,22.621000
string128,ahash,128,load-hit,baseline,2,22.881003
string128,ahash,128,load-hit,lru,3,12.766168
string128,ahash,128,load-hit,hashlink,3,11.366411
string128,ahash,128,load-hit,micro,3,22.565954
string128,ahash,128,load-hit,baseline,3,22.756836
string128,ahash,128,load-hit,quick_cache,3,13.372328
string128,ahash,128,load-hit,hashlink,4,11.500679
string128,ahash,128,load-hit,micro,4,22.722728
string128,ahash,128,load-hit,baseline,4,22.967339
string128,ahash,128,load-hit,quick_cache,4,13.154894
string128,ahash,128,load-hit,lru,4,12.777045
string128,ahash,128,load-cycle,micro,0,56.238786
string128,ahash,128,load-cycle,baseline,0,53.045903
string128,ahash,128,load-cycle,quick_cache,0,24.219024
string128,ahash,128,load-cycle,lru,0,63.309413
string128,ahash,128,load-cycle,hashlink,0,64.015264
string128,ahash,128,load-cycle,baseline,1,52.593505
string128,ahash,128,load-cycle,quick_cache,1,24.554688
string128,ahash,128,load-cycle,lru,1,65.927120
string128,ahash,128,load-cycle,hashlink,1,64.848778
string128,ahash,128,load-cycle,micro,1,52.944046
string128,ahash,128,load-cycle,quick_cache,2,24.330994
string128,ahash,128,load-cycle,lru,2,62.707136
string128,ahash,128,load-cycle,hashlink,2,64.208525
string128,ahash,128,load-cycle,micro,2,53.704998
string128,ahash,128,load-cycle,baseline,2,52.413208
string128,ahash,128,load-cycle,lru,3,63.264806
string128,ahash,128,load-cycle,hashlink,3,64.076012
string128,ahash,128,load-cycle,micro,3,52.301076
string128,ahash,128,load-cycle,baseline,3,52.427752
string128,ahash,128,load-cycle,quick_cache,3,24.202642
string128,ahash,128,load-cycle,hashlink,4,64.564024
string128,ahash,128,load-cycle,micro,4,54.238209
string128,ahash,128,load-cycle,baseline,4,52.711761
string128,ahash,128,load-cycle,quick_cache,4,24.336059
string128,ahash,128,load-cycle,lru,4,62.727168
string128,ahash,128,clear-refill,micro,0,2805.763551
string128,ahash,128,clear-refill,baseline,0,2861.296473
string128,ahash,128,clear-refill,quick_cache,0,3313.879691
string128,ahash,128,clear-refill,lru,0,6696.707589
string128,ahash,128,clear-refill,hashlink,0,4035.450269
string128,ahash,128,clear-refill,baseline,1,2855.177926
string128,ahash,128,clear-refill,quick_cache,1,2930.419922
string128,ahash,128,clear-refill,lru,1,6736.919283
string128,ahash,128,clear-refill,hashlink,1,4092.882674
string128,ahash,128,clear-refill,micro,1,2880.077735
string128,ahash,128,clear-refill,quick_cache,2,3364.910314
string128,ahash,128,clear-refill,lru,2,6696.269488
string128,ahash,128,clear-refill,hashlink,2,4033.602151
string128,ahash,128,clear-refill,micro,2,2837.625709
string128,ahash,128,clear-refill,baseline,2,2880.878119
string128,ahash,128,clear-refill,lru,3,6700.892857
string128,ahash,128,clear-refill,hashlink,3,4089.521798
string128,ahash,128,clear-refill,micro,3,2857.000951
string128,ahash,128,clear-refill,baseline,3,2873.245933
string128,ahash,128,clear-refill,quick_cache,3,2960.017751
string128,ahash,128,clear-refill,hashlink,4,4089.634877
string128,ahash,128,clear-refill,micro,4,2854.464320
string128,ahash,128,clear-refill,baseline,4,2886.938462
string128,ahash,128,clear-refill,quick_cache,4,3206.686966
string128,ahash,128,clear-refill,lru,4,6826.988636
string128,ahash,128,clear-empty,micro,0,0.370343
string128,ahash,128,clear-empty,baseline,0,48.950195
string128,ahash,128,clear-empty,quick_cache,0,3.941330
string128,ahash,128,clear-empty,lru,0,2.138034
string128,ahash,128,clear-empty,hashlink,0,0.610559
string128,ahash,128,clear-empty,baseline,1,48.921712
string128,ahash,128,clear-empty,quick_cache,1,3.983123
string128,ahash,128,clear-empty,lru,1,2.146649
string128,ahash,128,clear-empty,hashlink,1,0.611802
string128,ahash,128,clear-empty,micro,1,0.369292
string128,ahash,128,clear-empty,quick_cache,2,4.020059
string128,ahash,128,clear-empty,lru,2,2.179016
string128,ahash,128,clear-empty,hashlink,2,0.623769
string128,ahash,128,clear-empty,micro,2,0.368403
string128,ahash,128,clear-empty,baseline,2,48.740340
string128,ahash,128,clear-empty,lru,3,2.170169
string128,ahash,128,clear-empty,hashlink,3,0.611005
string128,ahash,128,clear-empty,micro,3,0.365166
string128,ahash,128,clear-empty,baseline,3,48.930534
string128,ahash,128,clear-empty,quick_cache,3,3.965441
string128,ahash,128,clear-empty,hashlink,4,0.608965
string128,ahash,128,clear-empty,micro,4,0.369635
string128,ahash,128,clear-empty,baseline,4,42.380584
string128,ahash,128,clear-empty,quick_cache,4,3.961933
string128,ahash,128,clear-empty,lru,4,2.162161
string128,ahash,128,iter-dense,micro,0,39.214986
string128,ahash,128,iter-dense,baseline,0,39.201309
string128,ahash,128,iter-dense,quick_cache,0,29.365174
string128,ahash,128,iter-dense,lru,0,135.110816
string128,ahash,128,iter-dense,hashlink,0,132.037843
string128,ahash,128,iter-dense,baseline,1,38.121392
string128,ahash,128,iter-dense,quick_cache,1,29.165455
string128,ahash,128,iter-dense,lru,1,136.819379
string128,ahash,128,iter-dense,hashlink,1,135.784144
string128,ahash,128,iter-dense,micro,1,39.096708
string128,ahash,128,iter-dense,quick_cache,2,29.286305
string128,ahash,128,iter-dense,lru,2,135.163410
string128,ahash,128,iter-dense,hashlink,2,134.194698
string128,ahash,128,iter-dense,micro,2,37.311704
string128,ahash,128,iter-dense,baseline,2,38.210893
string128,ahash,128,iter-dense,lru,3,139.975933
string128,ahash,128,iter-dense,hashlink,3,129.166322
string128,ahash,128,iter-dense,micro,3,36.481128
string128,ahash,128,iter-dense,baseline,3,37.990440
string128,ahash,128,iter-dense,quick_cache,3,28.901510
string128,ahash,128,iter-dense,hashlink,4,129.555508
string128,ahash,128,iter-dense,micro,4,37.898318
string128,ahash,128,iter-dense,baseline,4,38.150821
string128,ahash,128,iter-dense,quick_cache,4,29.452271
string128,ahash,128,iter-dense,lru,4,133.113564
string128,ahash,128,iter-dense-for,micro,0,37.860290
string128,ahash,128,iter-dense-for,baseline,0,38.013225
string128,ahash,128,iter-dense-for,quick_cache,0,39.232479
string128,ahash,128,iter-dense-for,lru,0,82.844495
string128,ahash,128,iter-dense-for,hashlink,0,74.311609
string128,ahash,128,iter-dense-for,baseline,1,37.748365
string128,ahash,128,iter-dense-for,quick_cache,1,38.631155
string128,ahash,128,iter-dense-for,lru,1,80.636232
string128,ahash,128,iter-dense-for,hashlink,1,70.609587
string128,ahash,128,iter-dense-for,micro,1,38.202934
string128,ahash,128,iter-dense-for,quick_cache,2,38.624897
string128,ahash,128,iter-dense-for,lru,2,79.928397
string128,ahash,128,iter-dense-for,hashlink,2,71.124953
string128,ahash,128,iter-dense-for,micro,2,37.716940
string128,ahash,128,iter-dense-for,baseline,2,38.042495
string128,ahash,128,iter-dense-for,lru,3,81.437853
string128,ahash,128,iter-dense-for,hashlink,3,75.994606
string128,ahash,128,iter-dense-for,micro,3,38.114520
string128,ahash,128,iter-dense-for,baseline,3,37.827652
string128,ahash,128,iter-dense-for,quick_cache,3,38.706756
string128,ahash,128,iter-dense-for,hashlink,4,73.519764
string128,ahash,128,iter-dense-for,micro,4,37.859772
string128,ahash,128,iter-dense-for,baseline,4,38.037208
string128,ahash,128,iter-dense-for,quick_cache,4,38.668930
string128,ahash,128,iter-dense-for,lru,4,80.725796
string128,ahash,128,iter-density-1pct,micro,0,33.103814
string128,ahash,128,iter-density-1pct,baseline,0,32.966432
string128,ahash,128,iter-density-1pct,quick_cache,0,26.442277
string128,ahash,128,iter-density-1pct,lru,0,1.291056
string128,ahash,128,iter-density-1pct,hashlink,0,1.286061
string128,ahash,128,iter-density-1pct,baseline,1,34.278828
string128,ahash,128,iter-density-1pct,quick_cache,1,26.595745
string128,ahash,128,iter-density-1pct,lru,1,1.301415
string128,ahash,128,iter-density-1pct,hashlink,1,1.267817
string128,ahash,128,iter-density-1pct,micro,1,33.898884
string128,ahash,128,iter-density-1pct,quick_cache,2,26.462100
string128,ahash,128,iter-density-1pct,lru,2,1.297326
string128,ahash,128,iter-density-1pct,hashlink,2,1.267628
string128,ahash,128,iter-density-1pct,micro,2,33.850869
string128,ahash,128,iter-density-1pct,baseline,2,33.336207
string128,ahash,128,iter-density-1pct,lru,3,1.293924
string128,ahash,128,iter-density-1pct,hashlink,3,1.270050
string128,ahash,128,iter-density-1pct,micro,3,34.387502
string128,ahash,128,iter-density-1pct,baseline,3,34.497068
string128,ahash,128,iter-density-1pct,quick_cache,3,26.998452
string128,ahash,128,iter-density-1pct,hashlink,4,1.264824
string128,ahash,128,iter-density-1pct,micro,4,33.544835
string128,ahash,128,iter-density-1pct,baseline,4,33.535631
string128,ahash,128,iter-density-1pct,quick_cache,4,26.499497
string128,ahash,128,iter-density-1pct,lru,4,1.305892
string128,ahash,128,iter-density-6pct,micro,0,36.291034
string128,ahash,128,iter-density-6pct,baseline,0,35.619125
string128,ahash,128,iter-density-6pct,quick_cache,0,26.993676
string128,ahash,128,iter-density-6pct,lru,0,3.301103
string128,ahash,128,iter-density-6pct,hashlink,0,3.219814
string128,ahash,128,iter-density-6pct,baseline,1,36.036486
string128,ahash,128,iter-density-6pct,quick_cache,1,27.360848
string128,ahash,128,iter-density-6pct,lru,1,3.333497
string128,ahash,128,iter-density-6pct,hashlink,1,3.263935
string128,ahash,128,iter-density-6pct,micro,1,36.511573
string128,ahash,128,iter-density-6pct,quick_cache,2,27.189339
string128,ahash,128,iter-density-6pct,lru,2,3.312253
string128,ahash,128,iter-density-6pct,hashlink,2,3.236084
string128,ahash,128,iter-density-6pct,micro,2,35.956564
string128,ahash,128,iter-density-6pct,baseline,2,35.635322
string128,ahash,128,iter-density-6pct,lru,3,3.275796
string128,ahash,128,iter-density-6pct,hashlink,3,3.202371
string128,ahash,128,iter-density-6pct,micro,3,35.888765
string128,ahash,128,iter-density-6pct,baseline,3,35.550133
string128,ahash,128,iter-density-6pct,quick_cache,3,27.170195
string128,ahash,128,iter-density-6pct,hashlink,4,3.250130
string128,ahash,128,iter-density-6pct,micro,4,37.244862
string128,ahash,128,iter-density-6pct,baseline,4,35.501858
string128,ahash,128,iter-density-6pct,quick_cache,4,27.117445
string128,ahash,128,iter-density-6pct,lru,4,3.275727
string128,ahash,128,iter-density-quarter,micro,0,50.131263
string128,ahash,128,iter-density-quarter,baseline,0,50.513958
string128,ahash,128,iter-density-quarter,quick_cache,0,25.673005
string128,ahash,128,iter-density-quarter,lru,0,18.684822
string128,ahash,128,iter-density-quarter,hashlink,0,18.493695
string128,ahash,128,iter-density-quarter,baseline,1,49.479172
string128,ahash,128,iter-density-quarter,quick_cache,1,25.280214
string128,ahash,128,iter-density-quarter,lru,1,18.668639
string128,ahash,128,iter-density-quarter,hashlink,1,18.793953
string128,ahash,128,iter-density-quarter,micro,1,49.141362
string128,ahash,128,iter-density-quarter,quick_cache,2,25.441325
string128,ahash,128,iter-density-quarter,lru,2,18.910933
string128,ahash,128,iter-density-quarter,hashlink,2,18.629651
string128,ahash,128,iter-density-quarter,micro,2,49.595535
string128,ahash,128,iter-density-quarter,baseline,2,50.466597
string128,ahash,128,iter-density-quarter,lru,3,28.351319
string128,ahash,128,iter-density-quarter,hashlink,3,18.114706
string128,ahash,128,iter-density-quarter,micro,3,48.232671
string128,ahash,128,iter-density-quarter,baseline,3,51.017155
string128,ahash,128,iter-density-quarter,quick_cache,3,25.867095
string128,ahash,128,iter-density-quarter,hashlink,4,18.730130
string128,ahash,128,iter-density-quarter,micro,4,50.034318
string128,ahash,128,iter-density-quarter,baseline,4,49.687550
string128,ahash,128,iter-density-quarter,quick_cache,4,25.905663
string128,ahash,128,iter-density-quarter,lru,4,18.331500
string128,ahash,128,iter-density-half,micro,0,63.142719
string128,ahash,128,iter-density-half,baseline,0,62.767570
string128,ahash,128,iter-density-half,quick_cache,0,24.782935
string128,ahash,128,iter-density-half,lru,0,51.516003
string128,ahash,128,iter-density-half,hashlink,0,51.542176
string128,ahash,128,iter-density-half,baseline,1,63.195797
string128,ahash,128,iter-density-half,quick_cache,1,24.697050
string128,ahash,128,iter-density-half,lru,1,51.009368
string128,ahash,128,iter-density-half,hashlink,1,50.923411
string128,ahash,128,iter-density-half,micro,1,63.675662
string128,ahash,128,iter-density-half,quick_cache,2,25.218321
string128,ahash,128,iter-density-half,lru,2,54.420741
string128,ahash,128,iter-density-half,hashlink,2,53.475235
string128,ahash,128,iter-density-half,micro,2,64.580449
string128,ahash,128,iter-density-half,baseline,2,62.771921
string128,ahash,128,iter-density-half,lru,3,51.223580
string128,ahash,128,iter-density-half,hashlink,3,51.264378
string128,ahash,128,iter-density-half,micro,3,63.767569
string128,ahash,128,iter-density-half,baseline,3,63.462026
string128,ahash,128,iter-density-half,quick_cache,3,24.747493
string128,ahash,128,iter-density-half,hashlink,4,51.613236
string128,ahash,128,iter-density-half,micro,4,63.802083
string128,ahash,128,iter-density-half,baseline,4,63.620103
string128,ahash,128,iter-density-half,quick_cache,4,25.241487
string128,ahash,128,iter-density-half,lru,4,52.333287
string128,ahash,128,iter-front,micro,0,38.116629
string128,ahash,128,iter-front,baseline,0,37.693956
string128,ahash,128,iter-front,quick_cache,0,22.864088
string128,ahash,128,iter-front,lru,0,1.185838
string128,ahash,128,iter-front,hashlink,0,1.151607
string128,ahash,128,iter-front,baseline,1,37.576190
string128,ahash,128,iter-front,quick_cache,1,22.719727
string128,ahash,128,iter-front,lru,1,1.218688
string128,ahash,128,iter-front,hashlink,1,1.180745
string128,ahash,128,iter-front,micro,1,37.612603
string128,ahash,128,iter-front,quick_cache,2,22.344569
string128,ahash,128,iter-front,lru,2,1.191354
string128,ahash,128,iter-front,hashlink,2,1.153761
string128,ahash,128,iter-front,micro,2,37.987287
string128,ahash,128,iter-front,baseline,2,37.461296
string128,ahash,128,iter-front,lru,3,1.200938
string128,ahash,128,iter-front,hashlink,3,1.200061
string128,ahash,128,iter-front,micro,3,37.806628
string128,ahash,128,iter-front,baseline,3,37.208581
string128,ahash,128,iter-front,quick_cache,3,22.332681
string128,ahash,128,iter-front,hashlink,4,1.154870
string128,ahash,128,iter-front,micro,4,37.539407
string128,ahash,128,iter-front,baseline,4,37.054586
string128,ahash,128,iter-front,quick_cache,4,22.384392
string128,ahash,128,iter-front,lru,4,1.184699
string128,ahash,128,iter-back,micro,0,38.469968
string128,ahash,128,iter-back,baseline,0,38.495908
string128,ahash,128,iter-back,quick_cache,0,22.455719
string128,ahash,128,iter-back,lru,0,1.215291
string128,ahash,128,iter-back,hashlink,0,1.148475
string128,ahash,128,iter-back,baseline,1,38.615785
string128,ahash,128,iter-back,quick_cache,1,22.409589
string128,ahash,128,iter-back,lru,1,1.179958
string128,ahash,128,iter-back,hashlink,1,1.179038
string128,ahash,128,iter-back,micro,1,38.794218
string128,ahash,128,iter-back,quick_cache,2,21.178048
string128,ahash,128,iter-back,lru,2,1.172300
string128,ahash,128,iter-back,hashlink,2,1.152314
string128,ahash,128,iter-back,micro,2,37.556005
string128,ahash,128,iter-back,baseline,2,37.250857
string128,ahash,128,iter-back,lru,3,1.192172
string128,ahash,128,iter-back,hashlink,3,1.151975
string128,ahash,128,iter-back,micro,3,38.768603
string128,ahash,128,iter-back,baseline,3,37.787183
string128,ahash,128,iter-back,quick_cache,3,21.582391
string128,ahash,128,iter-back,hashlink,4,1.158251
string128,ahash,128,iter-back,micro,4,38.272755
string128,ahash,128,iter-back,baseline,4,37.675146
string128,ahash,128,iter-back,quick_cache,4,21.861885
string128,ahash,128,iter-back,lru,4,1.176611
string128,ahash,128,iter-empty,micro,0,37.445300
string128,ahash,128,iter-empty,baseline,0,37.081826
string128,ahash,128,iter-empty,quick_cache,0,22.016487
string128,ahash,128,iter-empty,lru,0,0.999318
string128,ahash,128,iter-empty,hashlink,0,1.015094
string128,ahash,128,iter-empty,baseline,1,38.410129
string128,ahash,128,iter-empty,quick_cache,1,22.440522
string128,ahash,128,iter-empty,lru,1,0.986572
string128,ahash,128,iter-empty,hashlink,1,1.006225
string128,ahash,128,iter-empty,micro,1,37.592835
string128,ahash,128,iter-empty,quick_cache,2,22.202330
string128,ahash,128,iter-empty,lru,2,0.986749
string128,ahash,128,iter-empty,hashlink,2,1.000662
string128,ahash,128,iter-empty,micro,2,37.496451
string128,ahash,128,iter-empty,baseline,2,37.090313
string128,ahash,128,iter-empty,lru,3,0.985825
string128,ahash,128,iter-empty,hashlink,3,1.007696
string128,ahash,128,iter-empty,micro,3,37.806615
string128,ahash,128,iter-empty,baseline,3,37.545136
string128,ahash,128,iter-empty,quick_cache,3,22.421240
string128,ahash,128,iter-empty,hashlink,4,0.999254
string128,ahash,128,iter-empty,micro,4,37.595442
string128,ahash,128,iter-empty,baseline,4,37.150641
string128,ahash,128,iter-empty,quick_cache,4,21.177166
string128,ahash,128,iter-empty,lru,4,0.982190
string128,ahash,128,iter-count,micro,0,36.681116
string128,ahash,128,iter-count,baseline,0,34.156977
string128,ahash,128,iter-count,quick_cache,0,52.345633
string128,ahash,128,iter-count,lru,0,0.395329
string128,ahash,128,iter-count,hashlink,0,0.397359
string128,ahash,128,iter-count,baseline,1,36.669409
string128,ahash,128,iter-count,quick_cache,1,55.082545
string128,ahash,128,iter-count,lru,1,0.405878
string128,ahash,128,iter-count,hashlink,1,0.397899
string128,ahash,128,iter-count,micro,1,37.351438
string128,ahash,128,iter-count,quick_cache,2,54.213476
string128,ahash,128,iter-count,lru,2,0.397434
string128,ahash,128,iter-count,hashlink,2,0.397642
string128,ahash,128,iter-count,micro,2,36.744049
string128,ahash,128,iter-count,baseline,2,36.599798
string128,ahash,128,iter-count,lru,3,0.395936
string128,ahash,128,iter-count,hashlink,3,0.399037
string128,ahash,128,iter-count,micro,3,36.778250
string128,ahash,128,iter-count,baseline,3,36.451257
string128,ahash,128,iter-count,quick_cache,3,54.517932
string128,ahash,128,iter-count,hashlink,4,0.391288
string128,ahash,128,iter-count,micro,4,36.733496
string128,ahash,128,iter-count,baseline,4,35.783965
string128,ahash,128,iter-count,quick_cache,4,53.287021
string128,ahash,128,iter-count,lru,4,0.399846
string128,ahash,1024,get-hit,micro,0,16.450301
string128,ahash,1024,get-hit,baseline,0,16.340613
string128,ahash,1024,get-hit,quick_cache,0,16.387939
string128,ahash,1024,get-hit,lru,0,18.667859
string128,ahash,1024,get-hit,hashlink,0,17.356873
string128,ahash,1024,get-hit,baseline,1,16.598022
string128,ahash,1024,get-hit,quick_cache,1,16.458703
string128,ahash,1024,get-hit,lru,1,18.523151
string128,ahash,1024,get-hit,hashlink,1,17.764864
string128,ahash,1024,get-hit,micro,1,16.469987
string128,ahash,1024,get-hit,quick_cache,2,16.522392
string128,ahash,1024,get-hit,lru,2,18.580884
string128,ahash,1024,get-hit,hashlink,2,17.576428
string128,ahash,1024,get-hit,micro,2,16.291079
string128,ahash,1024,get-hit,baseline,2,16.371354
string128,ahash,1024,get-hit,lru,3,18.367261
string128,ahash,1024,get-hit,hashlink,3,17.375599
string128,ahash,1024,get-hit,micro,3,16.627654
string128,ahash,1024,get-hit,baseline,3,16.383736
string128,ahash,1024,get-hit,quick_cache,3,16.607756
string128,ahash,1024,get-hit,hashlink,4,17.541550
string128,ahash,1024,get-hit,micro,4,16.765248
string128,ahash,1024,get-hit,baseline,4,16.549152
string128,ahash,1024,get-hit,quick_cache,4,16.366487
string128,ahash,1024,get-hit,lru,4,18.426263
string128,ahash,1024,get-miss,micro,0,8.676218
string128,ahash,1024,get-miss,baseline,0,9.009012
string128,ahash,1024,get-miss,quick_cache,0,8.960509
string128,ahash,1024,get-miss,lru,0,9.009757
string128,ahash,1024,get-miss,hashlink,0,8.760966
string128,ahash,1024,get-miss,baseline,1,8.986063
string128,ahash,1024,get-miss,quick_cache,1,8.964227
string128,ahash,1024,get-miss,lru,1,8.925787
string128,ahash,1024,get-miss,hashlink,1,8.502846
string128,ahash,1024,get-miss,micro,1,8.910406
string128,ahash,1024,get-miss,quick_cache,2,8.800688
string128,ahash,1024,get-miss,lru,2,8.830479
string128,ahash,1024,get-miss,hashlink,2,8.193292
string128,ahash,1024,get-miss,micro,2,8.415452
string128,ahash,1024,get-miss,baseline,2,8.473600
string128,ahash,1024,get-miss,lru,3,8.481112
string128,ahash,1024,get-miss,hashlink,3,8.297502
string128,ahash,1024,get-miss,micro,3,8.382394
string128,ahash,1024,get-miss,baseline,3,8.437187
string128,ahash,1024,get-miss,quick_cache,3,8.426666
string128,ahash,1024,get-miss,hashlink,4,8.385282
string128,ahash,1024,get-miss,micro,4,8.526824
string128,ahash,1024,get-miss,baseline,4,8.645227
string128,ahash,1024,get-miss,quick_cache,4,8.421697
string128,ahash,1024,get-miss,lru,4,8.426203
string128,ahash,1024,update,micro,0,28.762432
string128,ahash,1024,update,baseline,0,28.384475
string128,ahash,1024,update,quick_cache,0,45.047906
string128,ahash,1024,update,lru,0,29.846576
string128,ahash,1024,update,hashlink,0,28.905621
string128,ahash,1024,update,baseline,1,28.631357
string128,ahash,1024,update,quick_cache,1,44.439806
string128,ahash,1024,update,lru,1,31.738281
string128,ahash,1024,update,hashlink,1,30.289091
string128,ahash,1024,update,micro,1,29.003042
string128,ahash,1024,update,quick_cache,2,44.227878
string128,ahash,1024,update,lru,2,30.688822
string128,ahash,1024,update,hashlink,2,28.792941
string128,ahash,1024,update,micro,2,28.648963
string128,ahash,1024,update,baseline,2,28.589487
string128,ahash,1024,update,lru,3,29.806678
string128,ahash,1024,update,hashlink,3,29.355957
string128,ahash,1024,update,micro,3,28.723304
string128,ahash,1024,update,baseline,3,28.634878
string128,ahash,1024,update,quick_cache,3,45.342339
string128,ahash,1024,update,hashlink,4,29.768724
string128,ahash,1024,update,micro,4,29.338341
string128,ahash,1024,update,baseline,4,28.757728
string128,ahash,1024,update,quick_cache,4,43.822103
string128,ahash,1024,update,lru,4,29.816453
string128,ahash,1024,insert-cycle,micro,0,56.110153
string128,ahash,1024,insert-cycle,baseline,0,57.855074
string128,ahash,1024,insert-cycle,quick_cache,0,34.977504
string128,ahash,1024,insert-cycle,lru,0,74.398804
string128,ahash,1024,insert-cycle,hashlink,0,65.801206
string128,ahash,1024,insert-cycle,baseline,1,56.390231
string128,ahash,1024,insert-cycle,quick_cache,1,35.660993
string128,ahash,1024,insert-cycle,lru,1,75.255322
string128,ahash,1024,insert-cycle,hashlink,1,66.352306
string128,ahash,1024,insert-cycle,micro,1,56.512301
string128,ahash,1024,insert-cycle,quick_cache,2,34.808968
string128,ahash,1024,insert-cycle,lru,2,74.207568
string128,ahash,1024,insert-cycle,hashlink,2,64.815791
string128,ahash,1024,insert-cycle,micro,2,56.420729
string128,ahash,1024,insert-cycle,baseline,2,56.422110
string128,ahash,1024,insert-cycle,lru,3,73.596191
string128,ahash,1024,insert-cycle,hashlink,3,65.344769
string128,ahash,1024,insert-cycle,micro,3,56.436392
string128,ahash,1024,insert-cycle,baseline,3,54.687500
string128,ahash,1024,insert-cycle,quick_cache,3,37.247717
string128,ahash,1024,insert-cycle,hashlink,4,66.125849
string128,ahash,1024,insert-cycle,micro,4,57.508413
string128,ahash,1024,insert-cycle,baseline,4,58.488112
string128,ahash,1024,insert-cycle,quick_cache,4,36.326839
string128,ahash,1024,insert-cycle,lru,4,76.108813
string128,ahash,1024,mixed-95,micro,0,19.636810
string128,ahash,1024,mixed-95,baseline,0,19.580364
string128,ahash,1024,mixed-95,quick_cache,0,22.506396
string128,ahash,1024,mixed-95,lru,0,22.050083
string128,ahash,1024,mixed-95,hashlink,0,21.576723
string128,ahash,1024,mixed-95,baseline,1,20.805399
string128,ahash,1024,mixed-95,quick_cache,1,23.402154
string128,ahash,1024,mixed-95,lru,1,22.184491
string128,ahash,1024,mixed-95,hashlink,1,21.475216
string128,ahash,1024,mixed-95,micro,1,20.414432
string128,ahash,1024,mixed-95,quick_cache,2,23.396432
string128,ahash,1024,mixed-95,lru,2,22.236288
string128,ahash,1024,mixed-95,hashlink,2,21.368603
string128,ahash,1024,mixed-95,micro,2,20.415167
string128,ahash,1024,mixed-95,baseline,2,20.598769
string128,ahash,1024,mixed-95,lru,3,22.297621
string128,ahash,1024,mixed-95,hashlink,3,20.195941
string128,ahash,1024,mixed-95,micro,3,19.511521
string128,ahash,1024,mixed-95,baseline,3,19.437909
string128,ahash,1024,mixed-95,quick_cache,3,22.520304
string128,ahash,1024,mixed-95,hashlink,4,20.375629
string128,ahash,1024,mixed-95,micro,4,19.362867
string128,ahash,1024,mixed-95,baseline,4,19.388338
string128,ahash,1024,mixed-95,quick_cache,4,22.423883
string128,ahash,1024,mixed-95,lru,4,20.753006
string128,ahash,1024,load-hit,micro,0,29.352830
string128,ahash,1024,load-hit,baseline,0,29.361826
string128,ahash,1024,load-hit,quick_cache,0,17.664591
string128,ahash,1024,load-hit,lru,0,18.040004
string128,ahash,1024,load-hit,hashlink,0,16.014654
string128,ahash,1024,load-hit,baseline,1,29.589534
string128,ahash,1024,load-hit,quick_cache,1,17.829532
string128,ahash,1024,load-hit,lru,1,18.682098
string128,ahash,1024,load-hit,hashlink,1,16.699357
string128,ahash,1024,load-hit,micro,1,29.436157
string128,ahash,1024,load-hit,quick_cache,2,17.573765
string128,ahash,1024,load-hit,lru,2,18.201556
string128,ahash,1024,load-hit,hashlink,2,16.008460
string128,ahash,1024,load-hit,micro,2,29.463933
string128,ahash,1024,load-hit,baseline,2,30.573527
string128,ahash,1024,load-hit,lru,3,20.839267
string128,ahash,1024,load-hit,hashlink,3,17.676705
string128,ahash,1024,load-hit,micro,3,37.170923
string128,ahash,1024,load-hit,baseline,3,30.711700
string128,ahash,1024,load-hit,quick_cache,3,18.955481
string128,ahash,1024,load-hit,hashlink,4,17.258151
string128,ahash,1024,load-hit,micro,4,29.889620
string128,ahash,1024,load-hit,baseline,4,30.272658
string128,ahash,1024,load-hit,quick_cache,4,17.718605
string128,ahash,1024,load-hit,lru,4,19.188434
string128,ahash,1024,load-cycle,micro,0,57.537372
string128,ahash,1024,load-cycle,baseline,0,57.290884
string128,ahash,1024,load-cycle,quick_cache,0,25.481479
string128,ahash,1024,load-cycle,lru,0,68.097656
string128,ahash,1024,load-cycle,hashlink,0,70.003464
string128,ahash,1024,load-cycle,baseline,1,57.547551
string128,ahash,1024,load-cycle,quick_cache,1,25.676152
string128,ahash,1024,load-cycle,lru,1,72.151321
string128,ahash,1024,load-cycle,hashlink,1,72.852725
string128,ahash,1024,load-cycle,micro,1,58.376991
string128,ahash,1024,load-cycle,quick_cache,2,25.441482
string128,ahash,1024,load-cycle,lru,2,70.922852
string128,ahash,1024,load-cycle,hashlink,2,69.942406
string128,ahash,1024,load-cycle,micro,2,59.307441
string128,ahash,1024,load-cycle,baseline,2,59.841309
string128,ahash,1024,load-cycle,lru,3,69.380327
string128,ahash,1024,load-cycle,hashlink,3,69.993769
string128,ahash,1024,load-cycle,micro,3,58.117206
string128,ahash,1024,load-cycle,baseline,3,57.559289
string128,ahash,1024,load-cycle,quick_cache,3,25.540409
string128,ahash,1024,load-cycle,hashlink,4,69.401611
string128,ahash,1024,load-cycle,micro,4,59.991855
string128,ahash,1024,load-cycle,baseline,4,59.305000
string128,ahash,1024,load-cycle,quick_cache,4,25.915313
string128,ahash,1024,load-cycle,lru,4,71.125326
string128,ahash,1024,clear-refill,micro,0,30143.330000
string128,ahash,1024,clear-refill,baseline,0,30210.000000
string128,ahash,1024,clear-refill,quick_cache,0,32272.849462
string128,ahash,1024,clear-refill,lru,0,73274.390244
string128,ahash,1024,clear-refill,hashlink,0,43088.685714
string128,ahash,1024,clear-refill,baseline,1,31526.479167
string128,ahash,1024,clear-refill,quick_cache,1,31974.287234
string128,ahash,1024,clear-refill,lru,1,73544.731707
string128,ahash,1024,clear-refill,hashlink,1,43264.285714
string128,ahash,1024,clear-refill,micro,1,33397.222222
string128,ahash,1024,clear-refill,quick_cache,2,33305.406593
string128,ahash,1024,clear-refill,lru,2,73138.880952
string128,ahash,1024,clear-refill,hashlink,2,44317.411765
string128,ahash,1024,clear-refill,micro,2,31416.229167
string128,ahash,1024,clear-refill,baseline,2,32462.817204
string128,ahash,1024,clear-refill,lru,3,74553.878049
string128,ahash,1024,clear-refill,hashlink,3,43908.217391
string128,ahash,1024,clear-refill,micro,3,31565.968750
string128,ahash,1024,clear-refill,baseline,3,32759.967391
string128,ahash,1024,clear-refill,quick_cache,3,32811.141304
string128,ahash,1024,clear-refill,hashlink,4,42649.056338
string128,ahash,1024,clear-refill,micro,4,31882.894737
string128,ahash,1024,clear-refill,baseline,4,32673.000000
string128,ahash,1024,clear-refill,quick_cache,4,33959.269663
string128,ahash,1024,clear-refill,lru,4,74959.341463
string128,ahash,1024,clear-empty,micro,0,0.369717
string128,ahash,1024,clear-empty,baseline,0,48.621643
string128,ahash,1024,clear-empty,quick_cache,0,3.958910
string128,ahash,1024,clear-empty,lru,0,2.138547
string128,ahash,1024,clear-empty,hashlink,0,0.610051
string128,ahash,1024,clear-empty,baseline,1,49.013932
string128,ahash,1024,clear-empty,quick_cache,1,3.958030
string128,ahash,1024,clear-empty,lru,1,2.135997
string128,ahash,1024,clear-empty,hashlink,1,0.610678
string128,ahash,1024,clear-empty,micro,1,0.370875
string128,ahash,1024,clear-empty,quick_cache,2,4.074102
string128,ahash,1024,clear-empty,lru,2,2.159372
string128,ahash,1024,clear-empty,hashlink,2,0.608341
string128,ahash,1024,clear-empty,micro,2,0.367352
string128,ahash,1024,clear-empty,baseline,2,49.451015
string128,ahash,1024,clear-empty,lru,3,2.140950
string128,ahash,1024,clear-empty,hashlink,3,0.606492
string128,ahash,1024,clear-empty,micro,3,0.365423
string128,ahash,1024,clear-empty,baseline,3,48.572540
string128,ahash,1024,clear-empty,quick_cache,3,3.946200
string128,ahash,1024,clear-empty,hashlink,4,0.611611
string128,ahash,1024,clear-empty,micro,4,0.364491
string128,ahash,1024,clear-empty,baseline,4,48.820021
string128,ahash,1024,clear-empty,quick_cache,4,3.967298
string128,ahash,1024,clear-empty,lru,4,2.167079
string128,ahash,1024,iter-dense,micro,0,280.321082
string128,ahash,1024,iter-dense,baseline,0,280.449254
string128,ahash,1024,iter-dense,quick_cache,0,253.200809
string128,ahash,1024,iter-dense,lru,0,1334.048415
string128,ahash,1024,iter-dense,hashlink,0,1306.767361
string128,ahash,1024,iter-dense,baseline,1,275.659824
string128,ahash,1024,iter-dense,quick_cache,1,255.130520
string128,ahash,1024,iter-dense,lru,1,1324.310739
string128,ahash,1024,iter-dense,hashlink,1,1283.079814
string128,ahash,1024,iter-dense,micro,1,276.102941
string128,ahash,1024,iter-dense,quick_cache,2,258.436639
string128,ahash,1024,iter-dense,lru,2,1350.967411
string128,ahash,1024,iter-dense,hashlink,2,1347.191518
string128,ahash,1024,iter-dense,micro,2,274.450292
string128,ahash,1024,iter-dense,baseline,2,276.462868
string128,ahash,1024,iter-dense,lru,3,1284.906678
string128,ahash,1024,iter-dense,hashlink,3,1273.824324
string128,ahash,1024,iter-dense,micro,3,277.825351
string128,ahash,1024,iter-dense,baseline,3,275.811857
string128,ahash,1024,iter-dense,quick_cache,3,248.836124
string128,ahash,1024,iter-dense,hashlink,4,1309.099826
string128,ahash,1024,iter-dense,micro,4,276.497335
string128,ahash,1024,iter-dense,baseline,4,276.990321
string128,ahash,1024,iter-dense,quick_cache,4,249.719498
string128,ahash,1024,iter-dense,lru,4,1304.904514
string128,ahash,1024,iter-dense-for,micro,0,278.638168
string128,ahash,1024,iter-dense-for,baseline,0,281.191523
string128,ahash,1024,iter-dense-for,quick_cache,0,522.403125
string128,ahash,1024,iter-dense-for,lru,0,791.382353
string128,ahash,1024,iter-dense-for,hashlink,0,903.633113
string128,ahash,1024,iter-dense-for,baseline,1,275.995680
string128,ahash,1024,iter-dense-for,quick_cache,1,512.686305
string128,ahash,1024,iter-dense-for,lru,1,765.021596
string128,ahash,1024,iter-dense-for,hashlink,1,889.777417
string128,ahash,1024,iter-dense-for,micro,1,275.384897
string128,ahash,1024,iter-dense-for,quick_cache,2,515.091359
string128,ahash,1024,iter-dense-for,lru,2,769.285861
string128,ahash,1024,iter-dense-for,hashlink,2,911.547027
string128,ahash,1024,iter-dense-for,micro,2,276.590892
string128,ahash,1024,iter-dense-for,baseline,2,277.120944
string128,ahash,1024,iter-dense-for,lru,3,736.195801
string128,ahash,1024,iter-dense-for,hashlink,3,873.215856
string128,ahash,1024,iter-dense-for,micro,3,273.429938
string128,ahash,1024,iter-dense-for,baseline,3,273.410897
string128,ahash,1024,iter-dense-for,quick_cache,3,507.784459
string128,ahash,1024,iter-dense-for,hashlink,4,908.541166
string128,ahash,1024,iter-dense-for,micro,4,273.896866
string128,ahash,1024,iter-dense-for,baseline,4,276.087592
string128,ahash,1024,iter-dense-for,quick_cache,4,272.365670
string128,ahash,1024,iter-dense-for,lru,4,761.225302
string128,ahash,1024,iter-density-1pct,micro,0,331.400950
string128,ahash,1024,iter-density-1pct,baseline,0,330.885013
string128,ahash,1024,iter-density-1pct,quick_cache,0,205.515454
string128,ahash,1024,iter-density-1pct,lru,0,4.294668
string128,ahash,1024,iter-density-1pct,hashlink,0,4.300519
string128,ahash,1024,iter-density-1pct,baseline,1,340.136322
string128,ahash,1024,iter-density-1pct,quick_cache,1,174.624651
string128,ahash,1024,iter-density-1pct,lru,1,4.257746
string128,ahash,1024,iter-density-1pct,hashlink,1,4.253749
string128,ahash,1024,iter-density-1pct,micro,1,339.289034
string128,ahash,1024,iter-density-1pct,quick_cache,2,175.583743
string128,ahash,1024,iter-density-1pct,lru,2,4.258325
string128,ahash,1024,iter-density-1pct,hashlink,2,4.229510
string128,ahash,1024,iter-density-1pct,micro,2,340.598619
string128,ahash,1024,iter-density-1pct,baseline,2,336.072321
string128,ahash,1024,iter-density-1pct,lru,3,4.355462
string128,ahash,1024,iter-density-1pct,hashlink,3,4.293232
string128,ahash,1024,iter-density-1pct,micro,3,337.900067
string128,ahash,1024,iter-density-1pct,baseline,3,332.017447
string128,ahash,1024,iter-density-1pct,quick_cache,3,175.416180
string128,ahash,1024,iter-density-1pct,hashlink,4,4.227984
string128,ahash,1024,iter-density-1pct,micro,4,340.801404
string128,ahash,1024,iter-density-1pct,baseline,4,331.100572
string128,ahash,1024,iter-density-1pct,quick_cache,4,174.416241
string128,ahash,1024,iter-density-1pct,lru,4,4.277170
string128,ahash,1024,iter-density-6pct,micro,0,284.990027
string128,ahash,1024,iter-density-6pct,baseline,0,297.344739
string128,ahash,1024,iter-density-6pct,quick_cache,0,178.849226
string128,ahash,1024,iter-density-6pct,lru,0,53.644647
string128,ahash,1024,iter-density-6pct,hashlink,0,62.772800
string128,ahash,1024,iter-density-6pct,baseline,1,308.328996
string128,ahash,1024,iter-density-6pct,quick_cache,1,218.095930
string128,ahash,1024,iter-density-6pct,lru,1,61.606850
string128,ahash,1024,iter-density-6pct,hashlink,1,50.598556
string128,ahash,1024,iter-density-6pct,micro,1,300.685296
string128,ahash,1024,iter-density-6pct,quick_cache,2,199.753391
string128,ahash,1024,iter-density-6pct,lru,2,48.801021
string128,ahash,1024,iter-density-6pct,hashlink,2,49.701345
string128,ahash,1024,iter-density-6pct,micro,2,280.674720
string128,ahash,1024,iter-density-6pct,baseline,2,281.766141
string128,ahash,1024,iter-density-6pct,lru,3,51.814296
string128,ahash,1024,iter-density-6pct,hashlink,3,54.774971
string128,ahash,1024,iter-density-6pct,micro,3,299.986621
string128,ahash,1024,iter-density-6pct,baseline,3,276.686947
string128,ahash,1024,iter-density-6pct,quick_cache,3,206.129808
string128,ahash,1024,iter-density-6pct,hashlink,4,49.486032
string128,ahash,1024,iter-density-6pct,micro,4,293.640137
string128,ahash,1024,iter-density-6pct,baseline,4,291.654503
string128,ahash,1024,iter-density-6pct,quick_cache,4,177.948055
string128,ahash,1024,iter-density-6pct,lru,4,50.289745
string128,ahash,1024,iter-density-quarter,micro,0,368.269975
string128,ahash,1024,iter-density-quarter,baseline,0,369.960876
string128,ahash,1024,iter-density-quarter,quick_cache,0,192.649512
string128,ahash,1024,iter-density-quarter,lru,0,292.299455
string128,ahash,1024,iter-density-quarter,hashlink,0,285.635163
string128,ahash,1024,iter-density-quarter,baseline,1,372.803943
string128,ahash,1024,iter-density-quarter,quick_cache,1,196.331328
string128,ahash,1024,iter-density-quarter,lru,1,309.642224
string128,ahash,1024,iter-density-quarter,hashlink,1,296.197259
string128,ahash,1024,iter-density-quarter,micro,1,367.289185
string128,ahash,1024,iter-density-quarter,quick_cache,2,193.795196
string128,ahash,1024,iter-density-quarter,lru,2,289.138654
string128,ahash,1024,iter-density-quarter,hashlink,2,292.080413
string128,ahash,1024,iter-density-quarter,micro,2,372.054812
string128,ahash,1024,iter-density-quarter,baseline,2,370.903409
string128,ahash,1024,iter-density-quarter,lru,3,286.104992
string128,ahash,1024,iter-density-quarter,hashlink,3,295.163522
string128,ahash,1024,iter-density-quarter,micro,3,379.567792
string128,ahash,1024,iter-density-quarter,baseline,3,385.518058
string128,ahash,1024,iter-density-quarter,quick_cache,3,164.206162
string128,ahash,1024,iter-density-quarter,hashlink,4,292.372469
string128,ahash,1024,iter-density-quarter,micro,4,372.726562
string128,ahash,1024,iter-density-quarter,baseline,4,373.817231
string128,ahash,1024,iter-density-quarter,quick_cache,4,164.715844
string128,ahash,1024,iter-density-quarter,lru,4,291.836568
string128,ahash,1024,iter-density-half,micro,0,491.764889
string128,ahash,1024,iter-density-half,baseline,0,488.599935
string128,ahash,1024,iter-density-half,quick_cache,0,195.499674
string128,ahash,1024,iter-density-half,lru,0,619.808799
string128,ahash,1024,iter-density-half,hashlink,0,602.029848
string128,ahash,1024,iter-density-half,baseline,1,491.812664
string128,ahash,1024,iter-density-half,quick_cache,1,194.880252
string128,ahash,1024,iter-density-half,lru,1,627.812500
string128,ahash,1024,iter-density-half,hashlink,1,626.701458
string128,ahash,1024,iter-density-half,micro,1,509.808084
string128,ahash,1024,iter-density-half,quick_cache,2,194.363548
string128,ahash,1024,iter-density-half,lru,2,616.532271
string128,ahash,1024,iter-density-half,hashlink,2,602.906250
string128,ahash,1024,iter-density-half,micro,2,489.434082
string128,ahash,1024,iter-density-half,baseline,2,487.518944
string128,ahash,1024,iter-density-half,lru,3,606.199597
string128,ahash,1024,iter-density-half,hashlink,3,605.594758
string128,ahash,1024,iter-density-half,micro,3,491.008181
string128,ahash,1024,iter-density-half,baseline,3,489.542643
string128,ahash,1024,iter-density-half,quick_cache,3,200.221015
string128,ahash,1024,iter-density-half,hashlink,4,636.014780
string128,ahash,1024,iter-density-half,micro,4,487.525583
string128,ahash,1024,iter-density-half,baseline,4,488.348769
string128,ahash,1024,iter-density-half,quick_cache,4,194.718166
string128,ahash,1024,iter-density-half,lru,4,619.834498
string128,ahash,1024,iter-front,micro,0,255.105724
string128,ahash,1024,iter-front,baseline,0,255.176461
string128,ahash,1024,iter-front,quick_cache,0,163.120435
string128,ahash,1024,iter-front,lru,0,1.187806
string128,ahash,1024,iter-front,hashlink,0,1.161912
string128,ahash,1024,iter-front,baseline,1,259.781856
string128,ahash,1024,iter-front,quick_cache,1,164.142155
string128,ahash,1024,iter-front,lru,1,1.198481
string128,ahash,1024,iter-front,hashlink,1,1.177246
string128,ahash,1024,iter-front,micro,1,262.158781
string128,ahash,1024,iter-front,quick_cache,2,165.898299
string128,ahash,1024,iter-front,lru,2,1.214284
string128,ahash,1024,iter-front,hashlink,2,1.185104
string128,ahash,1024,iter-front,micro,2,261.787692
string128,ahash,1024,iter-front,baseline,2,258.282369
string128,ahash,1024,iter-front,lru,3,1.189902
string128,ahash,1024,iter-front,hashlink,3,1.181683
string128,ahash,1024,iter-front,micro,3,261.432277
string128,ahash,1024,iter-front,baseline,3,259.821589
string128,ahash,1024,iter-front,quick_cache,3,164.906909
string128,ahash,1024,iter-front,hashlink,4,1.218609
string128,ahash,1024,iter-front,micro,4,263.404933
string128,ahash,1024,iter-front,baseline,4,257.755237
string128,ahash,1024,iter-front,quick_cache,4,165.396715
string128,ahash,1024,iter-front,lru,4,1.191202
string128,ahash,1024,iter-back,micro,0,263.031775
string128,ahash,1024,iter-back,baseline,0,260.583073
string128,ahash,1024,iter-back,quick_cache,0,166.403480
string128,ahash,1024,iter-back,lru,0,1.200246
string128,ahash,1024,iter-back,hashlink,0,1.151904
string128,ahash,1024,iter-back,baseline,1,263.862008
string128,ahash,1024,iter-back,quick_cache,1,165.502370
string128,ahash,1024,iter-back,lru,1,1.203234
string128,ahash,1024,iter-back,hashlink,1,1.147168
string128,ahash,1024,iter-back,micro,1,263.810832
string128,ahash,1024,iter-back,quick_cache,2,168.206765
string128,ahash,1024,iter-back,lru,2,1.213875
string128,ahash,1024,iter-back,hashlink,2,1.185538
string128,ahash,1024,iter-back,micro,2,266.266820
string128,ahash,1024,iter-back,baseline,2,259.720568
string128,ahash,1024,iter-back,lru,3,1.207558
string128,ahash,1024,iter-back,hashlink,3,1.168734
string128,ahash,1024,iter-back,micro,3,263.470681
string128,ahash,1024,iter-back,baseline,3,260.713281
string128,ahash,1024,iter-back,quick_cache,3,165.956858
string128,ahash,1024,iter-back,hashlink,4,1.192414
string128,ahash,1024,iter-back,micro,4,266.372248
string128,ahash,1024,iter-back,baseline,4,270.010237
string128,ahash,1024,iter-back,quick_cache,4,167.055883
string128,ahash,1024,iter-back,lru,4,1.190340
string128,ahash,1024,iter-empty,micro,0,261.174704
string128,ahash,1024,iter-empty,baseline,0,263.028099
string128,ahash,1024,iter-empty,quick_cache,0,168.104111
string128,ahash,1024,iter-empty,lru,0,1.005233
string128,ahash,1024,iter-empty,hashlink,0,1.013251
string128,ahash,1024,iter-empty,baseline,1,260.901302
string128,ahash,1024,iter-empty,quick_cache,1,165.401345
string128,ahash,1024,iter-empty,lru,1,0.993872
string128,ahash,1024,iter-empty,hashlink,1,0.995498
string128,ahash,1024,iter-empty,micro,1,262.267982
string128,ahash,1024,iter-empty,quick_cache,2,164.142209
string128,ahash,1024,iter-empty,lru,2,0.979767
string128,ahash,1024,iter-empty,hashlink,2,1.242265
string128,ahash,1024,iter-empty,micro,2,250.741561
string128,ahash,1024,iter-empty,baseline,2,265.470516
string128,ahash,1024,iter-empty,lru,3,0.964139
string128,ahash,1024,iter-empty,hashlink,3,0.995265
string128,ahash,1024,iter-empty,micro,3,267.394498
string128,ahash,1024,iter-empty,baseline,3,247.625989
string128,ahash,1024,iter-empty,quick_cache,3,164.092056
string128,ahash,1024,iter-empty,hashlink,4,0.994874
string128,ahash,1024,iter-empty,micro,4,261.508357
string128,ahash,1024,iter-empty,baseline,4,259.850416
string128,ahash,1024,iter-empty,quick_cache,4,166.288717
string128,ahash,1024,iter-empty,lru,4,1.003672
string128,ahash,1024,iter-count,micro,0,258.392833
string128,ahash,1024,iter-count,baseline,0,259.093325
string128,ahash,1024,iter-count,quick_cache,0,483.307344
string128,ahash,1024,iter-count,lru,0,0.398380
string128,ahash,1024,iter-count,hashlink,0,0.398467
string128,ahash,1024,iter-count,baseline,1,257.193359
string128,ahash,1024,iter-count,quick_cache,1,479.707031
string128,ahash,1024,iter-count,lru,1,0.396606
string128,ahash,1024,iter-count,hashlink,1,0.398833
string128,ahash,1024,iter-count,micro,1,258.881029
string128,ahash,1024,iter-count,quick_cache,2,479.622344
string128,ahash,1024,iter-count,lru,2,0.397758
string128,ahash,1024,iter-count,hashlink,2,0.397488
string128,ahash,1024,iter-count,micro,2,263.085938
string128,ahash,1024,iter-count,baseline,2,258.272503
string128,ahash,1024,iter-count,lru,3,0.400299
string128,ahash,1024,iter-count,hashlink,3,0.398101
string128,ahash,1024,iter-count,micro,3,258.336107
string128,ahash,1024,iter-count,baseline,3,257.065897
string128,ahash,1024,iter-count,quick_cache,3,481.171875
string128,ahash,1024,iter-count,hashlink,4,0.396003
string128,ahash,1024,iter-count,micro,4,257.161515
string128,ahash,1024,iter-count,baseline,4,257.621433
string128,ahash,1024,iter-count,quick_cache,4,488.315104
string128,ahash,1024,iter-count,lru,4,0.408515
string128,ahash,16384,get-hit,micro,0,23.491859
string128,ahash,16384,get-hit,baseline,0,23.299530
string128,ahash,16384,get-hit,quick_cache,0,24.310432
string128,ahash,16384,get-hit,lru,0,24.880981
string128,ahash,16384,get-hit,hashlink,0,23.828506
string128,ahash,16384,get-hit,baseline,1,23.285233
string128,ahash,16384,get-hit,quick_cache,1,29.091468
string128,ahash,16384,get-hit,lru,1,25.302458
string128,ahash,16384,get-hit,hashlink,1,23.327827
string128,ahash,16384,get-hit,micro,1,22.400506
string128,ahash,16384,get-hit,quick_cache,2,23.545906
string128,ahash,16384,get-hit,lru,2,24.471362
string128,ahash,16384,get-hit,hashlink,2,23.406029
string128,ahash,16384,get-hit,micro,2,22.889771
string128,ahash,16384,get-hit,baseline,2,24.081863
string128,ahash,16384,get-hit,lru,3,22.597671
string128,ahash,16384,get-hit,hashlink,3,21.724322
string128,ahash,16384,get-hit,micro,3,21.159417
string128,ahash,16384,get-hit,baseline,3,21.549000
string128,ahash,16384,get-hit,quick_cache,3,21.864653
string128,ahash,16384,get-hit,hashlink,4,21.751551
string128,ahash,16384,get-hit,micro,4,21.547953
string128,ahash,16384,get-hit,baseline,4,21.325290
string128,ahash,16384,get-hit,quick_cache,4,21.951114
string128,ahash,16384,get-hit,lru,4,22.837618
string128,ahash,16384,get-miss,micro,0,12.203420
string128,ahash,16384,get-miss,baseline,0,12.191607
string128,ahash,16384,get-miss,quick_cache,0,11.893649
string128,ahash,16384,get-miss,lru,0,11.970112
string128,ahash,16384,get-miss,hashlink,0,11.784554
string128,ahash,16384,get-miss,baseline,1,11.924498
string128,ahash,16384,get-miss,quick_cache,1,12.259762
string128,ahash,16384,get-miss,lru,1,12.366231
string128,ahash,16384,get-miss,hashlink,1,12.358431
string128,ahash,16384,get-miss,micro,1,12.824400
string128,ahash,16384,get-miss,quick_cache,2,12.795987
string128,ahash,16384,get-miss,lru,2,12.844916
string128,ahash,16384,get-miss,hashlink,2,12.746001
string128,ahash,16384,get-miss,micro,2,12.913844
string128,ahash,16384,get-miss,baseline,2,12.927179
string128,ahash,16384,get-miss,lru,3,12.882274
string128,ahash,16384,get-miss,hashlink,3,12.765292
string128,ahash,16384,get-miss,micro,3,13.004171
string128,ahash,16384,get-miss,baseline,3,12.986808
string128,ahash,16384,get-miss,quick_cache,3,13.002067
string128,ahash,16384,get-miss,hashlink,4,12.921564
string128,ahash,16384,get-miss,micro,4,13.162707
string128,ahash,16384,get-miss,baseline,4,12.988563
string128,ahash,16384,get-miss,quick_cache,4,12.925070
string128,ahash,16384,get-miss,lru,4,12.919985
string128,ahash,16384,update,micro,0,38.943994
string128,ahash,16384,update,baseline,0,38.962805
string128,ahash,16384,update,quick_cache,0,202.044189
string128,ahash,16384,update,lru,0,40.913330
string128,ahash,16384,update,hashlink,0,39.413452
string128,ahash,16384,update,baseline,1,38.626611
string128,ahash,16384,update,quick_cache,1,186.711670
string128,ahash,16384,update,lru,1,40.046179
string128,ahash,16384,update,hashlink,1,35.940918
string128,ahash,16384,update,micro,1,38.477576
string128,ahash,16384,update,quick_cache,2,160.274943
string128,ahash,16384,update,lru,2,36.798096
string128,ahash,16384,update,hashlink,2,37.241626
string128,ahash,16384,update,micro,2,37.123108
string128,ahash,16384,update,baseline,2,35.777244
string128,ahash,16384,update,lru,3,37.005103
string128,ahash,16384,update,hashlink,3,36.291881
string128,ahash,16384,update,micro,3,35.792958
string128,ahash,16384,update,baseline,3,35.728227
string128,ahash,16384,update,quick_cache,3,171.340942
string128,ahash,16384,update,hashlink,4,37.115479
string128,ahash,16384,update,micro,4,35.990390
string128,ahash,16384,update,baseline,4,36.020907
string128,ahash,16384,update,quick_cache,4,188.934326
string128,ahash,16384,update,lru,4,36.960852
string128,ahash,16384,insert-cycle,micro,0,51.465988
string128,ahash,16384,insert-cycle,baseline,0,53.306580
string128,ahash,16384,insert-cycle,quick_cache,0,46.140671
string128,ahash,16384,insert-cycle,lru,0,71.276993
string128,ahash,16384,insert-cycle,hashlink,0,62.724442
string128,ahash,16384,insert-cycle,baseline,1,53.623840
string128,ahash,16384,insert-cycle,quick_cache,1,46.580002
string128,ahash,16384,insert-cycle,lru,1,71.154282
string128,ahash,16384,insert-cycle,hashlink,1,63.231140
string128,ahash,16384,insert-cycle,micro,1,55.585220
string128,ahash,16384,insert-cycle,quick_cache,2,47.805786
string128,ahash,16384,insert-cycle,lru,2,71.149185
string128,ahash,16384,insert-cycle,hashlink,2,61.333984
string128,ahash,16384,insert-cycle,micro,2,53.388596
string128,ahash,16384,insert-cycle,baseline,2,51.507309
string128,ahash,16384,insert-cycle,lru,3,72.937653
string128,ahash,16384,insert-cycle,hashlink,3,61.645508
string128,ahash,16384,insert-cycle,micro,3,54.452896
string128,ahash,16384,insert-cycle,baseline,3,52.967072
string128,ahash,16384,insert-cycle,quick_cache,3,48.138290
string128,ahash,16384,insert-cycle,hashlink,4,66.474915
string128,ahash,16384,insert-cycle,micro,4,51.998779
string128,ahash,16384,insert-cycle,baseline,4,53.776428
string128,ahash,16384,insert-cycle,quick_cache,4,49.474075
string128,ahash,16384,insert-cycle,lru,4,71.479172
string128,ahash,16384,mixed-95,micro,0,24.842659
string128,ahash,16384,mixed-95,baseline,0,24.663627
string128,ahash,16384,mixed-95,quick_cache,0,26.550472
string128,ahash,16384,mixed-95,lru,0,27.107318
string128,ahash,16384,mixed-95,hashlink,0,26.333392
string128,ahash,16384,mixed-95,baseline,1,27.031918
string128,ahash,16384,mixed-95,quick_cache,1,28.430820
string128,ahash,16384,mixed-95,lru,1,27.256886
string128,ahash,16384,mixed-95,hashlink,1,25.900185
string128,ahash,16384,mixed-95,micro,1,26.911318
string128,ahash,16384,mixed-95,quick_cache,2,28.318386
string128,ahash,16384,mixed-95,lru,2,27.037859
string128,ahash,16384,mixed-95,hashlink,2,26.646515
string128,ahash,16384,mixed-95,micro,2,25.648296
string128,ahash,16384,mixed-95,baseline,2,24.872819
string128,ahash,16384,mixed-95,lru,3,24.978717
string128,ahash,16384,mixed-95,hashlink,3,24.621030
string128,ahash,16384,mixed-95,micro,3,24.744511
string128,ahash,16384,mixed-95,baseline,3,24.579386
string128,ahash,16384,mixed-95,quick_cache,3,26.214937
string128,ahash,16384,mixed-95,hashlink,4,24.486005
string128,ahash,16384,mixed-95,micro,4,24.663508
string128,ahash,16384,mixed-95,baseline,4,24.582148
string128,ahash,16384,mixed-95,quick_cache,4,26.222110
string128,ahash,16384,mixed-95,lru,4,27.173102
string128,ahash,16384,load-hit,micro,0,40.830824
string128,ahash,16384,load-hit,baseline,0,40.577698
string128,ahash,16384,load-hit,quick_cache,0,27.066912
string128,ahash,16384,load-hit,lru,0,25.968424
string128,ahash,16384,load-hit,hashlink,0,23.832954
string128,ahash,16384,load-hit,baseline,1,40.873779
string128,ahash,16384,load-hit,quick_cache,1,27.154471
string128,ahash,16384,load-hit,lru,1,26.162036
string128,ahash,16384,load-hit,hashlink,1,24.133362
string128,ahash,16384,load-hit,micro,1,40.840441
string128,ahash,16384,load-hit,quick_cache,2,26.894339
string128,ahash,16384,load-hit,lru,2,25.848722
string128,ahash,16384,load-hit,hashlink,2,24.029732
string128,ahash,16384,load-hit,micro,2,42.169081
string128,ahash,16384,load-hit,baseline,2,41.586426
string128,ahash,16384,load-hit,lru,3,26.075578
string128,ahash,16384,load-hit,hashlink,3,24.035774
string128,ahash,16384,load-hit,micro,3,40.459692
string128,ahash,16384,load-hit,baseline,3,40.374243
string128,ahash,16384,load-hit,quick_cache,3,27.027318
string128,ahash,16384,load-hit,hashlink,4,23.735046
string128,ahash,16384,load-hit,micro,4,40.556335
string128,ahash,16384,load-hit,baseline,4,40.409351
string128,ahash,16384,load-hit,quick_cache,4,26.913600
string128,ahash,16384,load-hit,lru,4,25.872119
string128,ahash,16384,load-cycle,micro,0,56.465149
string128,ahash,16384,load-cycle,baseline,0,57.941437
string128,ahash,16384,load-cycle,quick_cache,0,34.859121
string128,ahash,16384,load-cycle,lru,0,73.520020
string128,ahash,16384,load-cycle,hashlink,0,71.688965
string128,ahash,16384,load-cycle,baseline,1,58.066696
string128,ahash,16384,load-cycle,quick_cache,1,35.311808
string128,ahash,16384,load-cycle,lru,1,72.812393
string128,ahash,16384,load-cycle,hashlink,1,70.212677
string128,ahash,16384,load-cycle,micro,1,57.511017
string128,ahash,16384,load-cycle,quick_cache,2,35.015106
string128,ahash,16384,load-cycle,lru,2,72.402954
string128,ahash,16384,load-cycle,hashlink,2,69.612503
string128,ahash,16384,load-cycle,micro,2,58.826447
string128,ahash,16384,load-cycle,baseline,2,56.268051
string128,ahash,16384,load-cycle,lru,3,73.980331
string128,ahash,16384,load-cycle,hashlink,3,69.802597
string128,ahash,16384,load-cycle,micro,3,58.614731
string128,ahash,16384,load-cycle,baseline,3,55.851624
string128,ahash,16384,load-cycle,quick_cache,3,35.445323
string128,ahash,16384,load-cycle,hashlink,4,72.042465
string128,ahash,16384,load-cycle,micro,4,58.029175
string128,ahash,16384,load-cycle,baseline,4,57.195663
string128,ahash,16384,load-cycle,quick_cache,4,34.918467
string128,ahash,16384,load-cycle,lru,4,72.326660
string128,ahash,16384,clear-refill,micro,0,584770.833333
string128,ahash,16384,clear-refill,baseline,0,566527.833333
string128,ahash,16384,clear-refill,quick_cache,0,630991.600000
string128,ahash,16384,clear-refill,lru,0,1398972.333333
string128,ahash,16384,clear-refill,hashlink,0,741908.400000
string128,ahash,16384,clear-refill,baseline,1,586264.000000
string128,ahash,16384,clear-refill,quick_cache,1,600507.000000
string128,ahash,16384,clear-refill,lru,1,1376736.333333
string128,ahash,16384,clear-refill,hashlink,1,752583.400000
string128,ahash,16384,clear-refill,micro,1,581062.500000
string128,ahash,16384,clear-refill,quick_cache,2,590041.666667
string128,ahash,16384,clear-refill,lru,2,1395097.000000
string128,ahash,16384,clear-refill,hashlink,2,770229.000000
string128,ahash,16384,clear-refill,micro,2,592104.166667
string128,ahash,16384,clear-refill,baseline,2,589298.666667
string128,ahash,16384,clear-refill,lru,3,1351347.333333
string128,ahash,16384,clear-refill,hashlink,3,720583.400000
string128,ahash,16384,clear-refill,micro,3,576132.000000
string128,ahash,16384,clear-refill,baseline,3,560284.666667
string128,ahash,16384,clear-refill,quick_cache,3,577659.666667
string128,ahash,16384,clear-refill,hashlink,4,726108.200000
string128,ahash,16384,clear-refill,micro,4,535041.666667
string128,ahash,16384,clear-refill,baseline,4,576076.333333
string128,ahash,16384,clear-refill,quick_cache,4,578645.833333
string128,ahash,16384,clear-refill,lru,4,1317139.000000
string128,ahash,16384,clear-empty,micro,0,0.367301
string128,ahash,16384,clear-empty,baseline,0,4480.902344
string128,ahash,16384,clear-empty,quick_cache,0,3.988849
string128,ahash,16384,clear-empty,lru,0,2.140258
string128,ahash,16384,clear-empty,hashlink,0,0.610106
string128,ahash,16384,clear-empty,baseline,1,323.945946
string128,ahash,16384,clear-empty,quick_cache,1,3.965660
string128,ahash,16384,clear-empty,lru,1,2.141312
string128,ahash,16384,clear-empty,hashlink,1,0.611069
string128,ahash,16384,clear-empty,micro,1,0.367543
string128,ahash,16384,clear-empty,quick_cache,2,3.998209
string128,ahash,16384,clear-empty,lru,2,2.179573
string128,ahash,16384,clear-empty,hashlink,2,0.608395
string128,ahash,16384,clear-empty,micro,2,0.365291
string128,ahash,16384,clear-empty,baseline,2,322.564823
string128,ahash,16384,clear-empty,lru,3,2.148527
string128,ahash,16384,clear-empty,hashlink,3,0.617598
string128,ahash,16384,clear-empty,micro,3,0.375806
string128,ahash,16384,clear-empty,baseline,3,323.778822
string128,ahash,16384,clear-empty,quick_cache,3,3.956127
string128,ahash,16384,clear-empty,hashlink,4,0.608815
string128,ahash,16384,clear-empty,micro,4,0.370828
string128,ahash,16384,clear-empty,baseline,4,4542.045573
string128,ahash,16384,clear-empty,quick_cache,4,3.959148
string128,ahash,16384,clear-empty,lru,4,2.140619
string128,ahash,16384,iter-dense,micro,0,6062.011719
string128,ahash,16384,iter-dense,baseline,0,6057.453125
string128,ahash,16384,iter-dense,quick_cache,0,6882.069196
string128,ahash,16384,iter-dense,lru,0,27581.054688
string128,ahash,16384,iter-dense,hashlink,0,25798.171875
string128,ahash,16384,iter-dense,baseline,1,6166.177734
string128,ahash,16384,iter-dense,quick_cache,1,6916.109375
string128,ahash,16384,iter-dense,lru,1,27219.078125
string128,ahash,16384,iter-dense,hashlink,1,24621.093750
string128,ahash,16384,iter-dense,micro,1,6129.070312
string128,ahash,16384,iter-dense,quick_cache,2,7393.629808
string128,ahash,16384,iter-dense,lru,2,27921.218750
string128,ahash,16384,iter-dense,hashlink,2,24928.390625
string128,ahash,16384,iter-dense,micro,2,5952.880859
string128,ahash,16384,iter-dense,baseline,2,6467.968750
string128,ahash,16384,iter-dense,lru,3,24731.117188
string128,ahash,16384,iter-dense,hashlink,3,23185.937500
string128,ahash,16384,iter-dense,micro,3,6296.702083
string128,ahash,16384,iter-dense,baseline,3,6005.371094
string128,ahash,16384,iter-dense,quick_cache,3,6908.573661
string128,ahash,16384,iter-dense,hashlink,4,24817.710938
string128,ahash,16384,iter-dense,micro,4,6140.462891
string128,ahash,16384,iter-dense,baseline,4,6166.341797
string128,ahash,16384,iter-dense,quick_cache,4,6963.263393
string128,ahash,16384,iter-dense,lru,4,23813.804688
string128,ahash,16384,iter-dense-for,micro,0,6085.449219
string128,ahash,16384,iter-dense-for,baseline,0,6060.302734
string128,ahash,16384,iter-dense-for,quick_cache,0,8228.734375
string128,ahash,16384,iter-dense-for,lru,0,25414.390625
string128,ahash,16384,iter-dense-for,hashlink,0,23267.706250
string128,ahash,16384,iter-dense-for,baseline,1,6086.996094
string128,ahash,16384,iter-dense-for,quick_cache,1,7093.379464
string128,ahash,16384,iter-dense-for,lru,1,23664.710938
string128,ahash,16384,iter-dense-for,hashlink,1,23456.054688
string128,ahash,16384,iter-dense-for,micro,1,6065.753906
string128,ahash,16384,iter-dense-for,quick_cache,2,7078.497768
string128,ahash,16384,iter-dense-for,lru,2,23555.992188
string128,ahash,16384,iter-dense-for,hashlink,2,23318.225000
string128,ahash,16384,iter-dense-for,micro,2,6076.171875
string128,ahash,16384,iter-dense-for,baseline,2,6173.666016
string128,ahash,16384,iter-dense-for,lru,3,25151.039062
string128,ahash,16384,iter-dense-for,hashlink,3,23601.562500
string128,ahash,16384,iter-dense-for,micro,3,6080.160156
string128,ahash,16384,iter-dense-for,baseline,3,6080.242188
string128,ahash,16384,iter-dense-for,quick_cache,3,7134.020089
string128,ahash,16384,iter-dense-for,hashlink,4,27408.859375
string128,ahash,16384,iter-dense-for,micro,4,6128.173828
string128,ahash,16384,iter-dense-for,baseline,4,6103.353516
string128,ahash,16384,iter-dense-for,quick_cache,4,7075.428571
string128,ahash,16384,iter-dense-for,lru,4,21252.343750
string128,ahash,16384,iter-density-1pct,micro,0,6461.979167
string128,ahash,16384,iter-density-1pct,baseline,0,6459.895833
string128,ahash,16384,iter-density-1pct,quick_cache,0,6872.674107
string128,ahash,16384,iter-density-1pct,lru,0,180.731214
string128,ahash,16384,iter-density-1pct,hashlink,0,178.516635
string128,ahash,16384,iter-density-1pct,baseline,1,6412.933333
string128,ahash,16384,iter-density-1pct,quick_cache,1,6841.051339
string128,ahash,16384,iter-density-1pct,lru,1,182.580435
string128,ahash,16384,iter-density-1pct,hashlink,1,184.514673
string128,ahash,16384,iter-density-1pct,micro,1,6384.983333
string128,ahash,16384,iter-density-1pct,quick_cache,2,6895.738839
string128,ahash,16384,iter-density-1pct,lru,2,179.301625
string128,ahash,16384,iter-density-1pct,hashlink,2,179.533162
string128,ahash,16384,iter-density-1pct,micro,2,6450.087500
string128,ahash,16384,iter-density-1pct,baseline,2,6511.458333
string128,ahash,16384,iter-density-1pct,lru,3,182.223362
string128,ahash,16384,iter-density-1pct,hashlink,3,178.638393
string128,ahash,16384,iter-density-1pct,micro,3,6405.902083
string128,ahash,16384,iter-density-1pct,baseline,3,6432.291667
string128,ahash,16384,iter-density-1pct,quick_cache,3,6975.075893
string128,ahash,16384,iter-density-1pct,hashlink,4,178.626012
string128,ahash,16384,iter-density-1pct,micro,4,14780.133929
string128,ahash,16384,iter-density-1pct,baseline,4,13951.450893
string128,ahash,16384,iter-density-1pct,quick_cache,4,13755.580357
string128,ahash,16384,iter-density-1pct,lru,4,173.888368
string128,ahash,16384,iter-density-6pct,micro,0,6195.880859
string128,ahash,16384,iter-density-6pct,baseline,0,5584.865809
string128,ahash,16384,iter-density-6pct,quick_cache,0,6608.333333
string128,ahash,16384,iter-density-6pct,lru,0,1254.583333
string128,ahash,16384,iter-density-6pct,hashlink,0,1269.390625
string128,ahash,16384,iter-density-6pct,baseline,1,5676.623162
string128,ahash,16384,iter-density-6pct,quick_cache,1,6605.989583
string128,ahash,16384,iter-density-6pct,lru,1,1313.024306
string128,ahash,16384,iter-density-6pct,hashlink,1,1309.497830
string128,ahash,16384,iter-density-6pct,micro,1,5514.783088
string128,ahash,16384,iter-density-6pct,quick_cache,2,6452.429167
string128,ahash,16384,iter-density-6pct,lru,2,1277.625000
string128,ahash,16384,iter-density-6pct,hashlink,2,1267.472551
string128,ahash,16384,iter-density-6pct,micro,2,5561.121324
string128,ahash,16384,iter-density-6pct,baseline,2,5611.365809
string128,ahash,16384,iter-density-6pct,lru,3,1289.633134
string128,ahash,16384,iter-density-6pct,hashlink,3,1277.343750
string128,ahash,16384,iter-density-6pct,micro,3,5579.886029
string128,ahash,16384,iter-density-6pct,baseline,3,5620.939338
string128,ahash,16384,iter-density-6pct,quick_cache,3,6641.579167
string128,ahash,16384,iter-density-6pct,hashlink,4,1300.781250
string128,ahash,16384,iter-density-6pct,micro,4,5571.845588
string128,ahash,16384,iter-density-6pct,baseline,4,5593.213235
string128,ahash,16384,iter-density-6pct,quick_cache,4,6638.887500
string128,ahash,16384,iter-density-6pct,lru,4,1364.526721
string128,ahash,16384,iter-density-quarter,micro,0,6026.367188
string128,ahash,16384,iter-density-quarter,baseline,0,6145.587891
string128,ahash,16384,iter-density-quarter,quick_cache,0,7034.506696
string128,ahash,16384,iter-density-quarter,lru,0,8901.161932
string128,ahash,16384,iter-density-quarter,hashlink,0,9116.357955
string128,ahash,16384,iter-density-quarter,baseline,1,6042.806641
string128,ahash,16384,iter-density-quarter,quick_cache,1,7057.571429
string128,ahash,16384,iter-density-quarter,lru,1,8838.778409
string128,ahash,16384,iter-density-quarter,hashlink,1,9081.911932
string128,ahash,16384,iter-density-quarter,micro,1,6042.724609
string128,ahash,16384,iter-density-quarter,quick_cache,2,7161.272321
string128,ahash,16384,iter-density-quarter,lru,2,9259.704545
string128,ahash,16384,iter-density-quarter,hashlink,2,9084.517045
string128,ahash,16384,iter-density-quarter,micro,2,6046.142578
string128,ahash,16384,iter-density-quarter,baseline,2,6085.123047
string128,ahash,16384,iter-density-quarter,lru,3,8962.948864
string128,ahash,16384,iter-density-quarter,hashlink,3,9888.018750
string128,ahash,16384,iter-density-quarter,micro,3,6070.392578
string128,ahash,16384,iter-density-quarter,baseline,3,6068.603516
string128,ahash,16384,iter-density-quarter,quick_cache,3,7075.986607
string128,ahash,16384,iter-density-quarter,hashlink,4,9535.415625
string128,ahash,16384,iter-density-quarter,micro,4,6055.990234
string128,ahash,16384,iter-density-quarter,baseline,4,6058.755859
string128,ahash,16384,iter-density-quarter,quick_cache,4,7026.879464
string128,ahash,16384,iter-density-quarter,lru,4,10830.875000
string128,ahash,16384,iter-density-half,micro,0,8000.109375
string128,ahash,16384,iter-density-half,baseline,0,8012.914062
string128,ahash,16384,iter-density-half,quick_cache,0,6854.258929
string128,ahash,16384,iter-density-half,lru,0,13858.816964
string128,ahash,16384,iter-density-half,hashlink,0,17745.880208
string128,ahash,16384,iter-density-half,baseline,1,8012.588542
string128,ahash,16384,iter-density-half,quick_cache,1,7001.674107
string128,ahash,16384,iter-density-half,lru,1,13577.379464
string128,ahash,16384,iter-density-half,hashlink,1,17324.437500
string128,ahash,16384,iter-density-half,micro,1,8206.270833
string128,ahash,16384,iter-density-half,quick_cache,2,7037.015625
string128,ahash,16384,iter-density-half,lru,2,13556.549107
string128,ahash,16384,iter-density-half,hashlink,2,16836.151042
string128,ahash,16384,iter-density-half,micro,2,8032.986979
string128,ahash,16384,iter-density-half,baseline,2,8062.932292
string128,ahash,16384,iter-density-half,lru,3,13550.223214
string128,ahash,16384,iter-density-half,hashlink,3,16759.114583
string128,ahash,16384,iter-density-half,micro,3,8007.921875
string128,ahash,16384,iter-density-half,baseline,3,8017.471354
string128,ahash,16384,iter-density-half,quick_cache,3,7032.087054
string128,ahash,16384,iter-density-half,hashlink,4,13328.937500
string128,ahash,16384,iter-density-half,micro,4,8105.033854
string128,ahash,16384,iter-density-half,baseline,4,8112.304688
string128,ahash,16384,iter-density-half,quick_cache,4,7044.178571
string128,ahash,16384,iter-density-half,lru,4,17473.088542
string128,ahash,16384,iter-front,micro,0,5461.154514
string128,ahash,16384,iter-front,baseline,0,5431.640625
string128,ahash,16384,iter-front,quick_cache,0,7237.778846
string128,ahash,16384,iter-front,lru,0,1.195471
string128,ahash,16384,iter-front,hashlink,0,1.159426
string128,ahash,16384,iter-front,baseline,1,5460.213542
string128,ahash,16384,iter-front,quick_cache,1,7045.758929
string128,ahash,16384,iter-front,lru,1,1.184550
string128,ahash,16384,iter-front,hashlink,1,1.165001
string128,ahash,16384,iter-front,micro,1,5661.841912
string128,ahash,16384,iter-front,quick_cache,2,7083.332589
string128,ahash,16384,iter-front,lru,2,1.218102
string128,ahash,16384,iter-front,hashlink,2,1.195410
string128,ahash,16384,iter-front,micro,2,5774.356618
string128,ahash,16384,iter-front,baseline,2,5485.677083
string128,ahash,16384,iter-front,lru,3,1.179171
string128,ahash,16384,iter-front,hashlink,3,1.160057
string128,ahash,16384,iter-front,micro,3,5477.647569
string128,ahash,16384,iter-front,baseline,3,5432.001736
string128,ahash,16384,iter-front,quick_cache,3,6859.002232
string128,ahash,16384,iter-front,hashlink,4,1.204131
string128,ahash,16384,iter-front,micro,4,5600.795956
string128,ahash,16384,iter-front,baseline,4,5447.121528
string128,ahash,16384,iter-front,quick_cache,4,6867.281250
string128,ahash,16384,iter-front,lru,4,1.200338
string128,ahash,16384,iter-back,micro,0,5734.604779
string128,ahash,16384,iter-back,baseline,0,5602.022059
string128,ahash,16384,iter-back,quick_cache,0,6855.747768
string128,ahash,16384,iter-back,lru,0,1.191763
string128,ahash,16384,iter-back,hashlink,0,1.146130
string128,ahash,16384,iter-back,baseline,1,5463.758681
string128,ahash,16384,iter-back,quick_cache,1,7044.828125
string128,ahash,16384,iter-back,lru,1,1.201507
string128,ahash,16384,iter-back,hashlink,1,1.160588
string128,ahash,16384,iter-back,micro,1,5426.359375
string128,ahash,16384,iter-back,quick_cache,2,7018.415179
string128,ahash,16384,iter-back,lru,2,1.185149
string128,ahash,16384,iter-back,hashlink,2,1.181877
string128,ahash,16384,iter-back,micro,2,5491.390625
string128,ahash,16384,iter-back,baseline,2,5711.244485
string128,ahash,16384,iter-back,lru,3,1.190809
string128,ahash,16384,iter-back,hashlink,3,1.147084
string128,ahash,16384,iter-back,micro,3,5478.949653
string128,ahash,16384,iter-back,baseline,3,5495.876736
string128,ahash,16384,iter-back,quick_cache,3,7042.783482
string128,ahash,16384,iter-back,hashlink,4,1.191293
string128,ahash,16384,iter-back,micro,4,5483.506944
string128,ahash,16384,iter-back,baseline,4,5495.442708
string128,ahash,16384,iter-back,quick_cache,4,6921.966518
string128,ahash,16384,iter-back,lru,4,1.192627
string128,ahash,16384,iter-empty,micro,0,5607.229779
string128,ahash,16384,iter-empty,baseline,0,5567.555147
string128,ahash,16384,iter-empty,quick_cache,0,7012.183036
string128,ahash,16384,iter-empty,lru,0,0.991896
string128,ahash,16384,iter-empty,hashlink,0,1.002534
string128,ahash,16384,iter-empty,baseline,1,5773.819853
string128,ahash,16384,iter-empty,quick_cache,1,7104.537946
string128,ahash,16384,iter-empty,lru,1,1.007122
string128,ahash,16384,iter-empty,hashlink,1,0.999030
string128,ahash,16384,iter-empty,micro,1,5631.433824
string128,ahash,16384,iter-empty,quick_cache,2,7084.542411
string128,ahash,16384,iter-empty,lru,2,0.983725
string128,ahash,16384,iter-empty,hashlink,2,1.000320
string128,ahash,16384,iter-empty,micro,2,5636.488971
string128,ahash,16384,iter-empty,baseline,2,5740.654412
string128,ahash,16384,iter-empty,lru,3,0.988768
string128,ahash,16384,iter-empty,hashlink,3,1.001143
string128,ahash,16384,iter-empty,micro,3,5527.726103
string128,ahash,16384,iter-empty,baseline,3,5816.251838
string128,ahash,16384,iter-empty,quick_cache,3,7105.933036
string128,ahash,16384,iter-empty,hashlink,4,0.997287
string128,ahash,16384,iter-empty,micro,4,5525.735294
string128,ahash,16384,iter-empty,baseline,4,5431.206597
string128,ahash,16384,iter-empty,quick_cache,4,6877.604911
string128,ahash,16384,iter-empty,lru,4,0.998403
string128,ahash,16384,iter-count,micro,0,5509.873698
string128,ahash,16384,iter-count,baseline,0,5481.988281
string128,ahash,16384,iter-count,quick_cache,0,8084.146484
string128,ahash,16384,iter-count,lru,0,0.396391
string128,ahash,16384,iter-count,hashlink,0,0.400518
string128,ahash,16384,iter-count,baseline,1,5384.548177
string128,ahash,16384,iter-count,quick_cache,1,8011.962891
string128,ahash,16384,iter-count,lru,1,0.399587
string128,ahash,16384,iter-count,hashlink,1,0.400655
string128,ahash,16384,iter-count,micro,1,5668.890625
string128,ahash,16384,iter-count,quick_cache,2,7985.759766
string128,ahash,16384,iter-count,lru,2,0.394810
string128,ahash,16384,iter-count,hashlink,2,0.397513
string128,ahash,16384,iter-count,micro,2,5666.666667
string128,ahash,16384,iter-count,baseline,2,5520.562500
string128,ahash,16384,iter-count,lru,3,0.404095
string128,ahash,16384,iter-count,hashlink,3,0.405948
string128,ahash,16384,iter-count,micro,3,5636.881510
string128,ahash,16384,iter-count,baseline,3,5518.011719
string128,ahash,16384,iter-count,quick_cache,3,8173.748047
string128,ahash,16384,iter-count,hashlink,4,0.400031
string128,ahash,16384,iter-count,micro,4,5545.300781
string128,ahash,16384,iter-count,baseline,4,5478.841146
string128,ahash,16384,iter-count,quick_cache,4,8125.406250
string128,ahash,16384,iter-count,lru,4,0.398312
