key,hasher,capacity,operation,library,sample,ns_per_op
u64,sip,128,iter-dense,micro,0,43.157173
u64,sip,128,iter-dense,baseline,0,41.960023
u64,sip,128,iter-dense,quick_cache,0,29.563156
u64,sip,128,iter-dense,lru,0,140.760942
u64,sip,128,iter-dense,hashlink,0,137.737472
u64,sip,128,iter-dense,baseline,1,38.369737
u64,sip,128,iter-dense,quick_cache,1,27.570947
u64,sip,128,iter-dense,lru,1,127.813905
u64,sip,128,iter-dense,hashlink,1,127.840530
u64,sip,128,iter-dense,micro,1,36.934110
u64,sip,128,iter-dense,quick_cache,2,28.133581
u64,sip,128,iter-dense,lru,2,130.164967
u64,sip,128,iter-dense,hashlink,2,132.415254
u64,sip,128,iter-dense,micro,2,37.176132
u64,sip,128,iter-dense,baseline,2,38.439168
u64,sip,128,iter-dense,lru,3,132.968617
u64,sip,128,iter-dense,hashlink,3,129.606965
u64,sip,128,iter-dense,micro,3,36.752616
u64,sip,128,iter-dense,baseline,3,38.059775
u64,sip,128,iter-dense,quick_cache,3,29.137965
u64,sip,128,iter-dense,hashlink,4,130.913892
u64,sip,128,iter-dense,micro,4,37.286619
u64,sip,128,iter-dense,baseline,4,37.926972
u64,sip,128,iter-dense,quick_cache,4,28.349130
u64,sip,128,iter-dense,lru,4,128.127126
u64,sip,128,iter-dense,micro,5,37.114014
u64,sip,128,iter-dense,baseline,5,37.836077
u64,sip,128,iter-dense,quick_cache,5,27.934042
u64,sip,128,iter-dense,lru,5,135.896739
u64,sip,128,iter-dense,hashlink,5,127.918499
u64,sip,128,iter-dense,baseline,6,37.184674
u64,sip,128,iter-dense,quick_cache,6,28.537168
u64,sip,128,iter-dense,lru,6,127.370721
u64,sip,128,iter-dense,hashlink,6,126.760417
u64,sip,128,iter-dense,micro,6,37.466345
u64,sip,128,iter-dense,quick_cache,7,28.698445
u64,sip,128,iter-dense,lru,7,134.711746
u64,sip,128,iter-dense,hashlink,7,127.175092
u64,sip,128,iter-dense,micro,7,37.946022
u64,sip,128,iter-dense,baseline,7,38.127318
u64,sip,128,iter-dense,lru,8,135.138694
u64,sip,128,iter-dense,hashlink,8,127.827754
u64,sip,128,iter-dense,micro,8,37.712657
u64,sip,128,iter-dense,baseline,8,38.717945
u64,sip,128,iter-dense,quick_cache,8,28.500496
u64,sip,128,iter-dense-for,micro,0,38.686610
u64,sip,128,iter-dense-for,baseline,0,39.336490
u64,sip,128,iter-dense-for,quick_cache,0,67.627204
u64,sip,128,iter-dense-for,lru,0,78.977040
u64,sip,128,iter-dense-for,hashlink,0,68.447492
u64,sip,128,iter-dense-for,baseline,1,38.121592
u64,sip,128,iter-dense-for,quick_cache,1,65.884209
u64,sip,128,iter-dense-for,lru,1,77.697223
u64,sip,128,iter-dense-for,hashlink,1,68.623284
u64,sip,128,iter-dense-for,micro,1,37.710455
u64,sip,128,iter-dense-for,quick_cache,2,65.619647
u64,sip,128,iter-dense-for,lru,2,78.332550
u64,sip,128,iter-dense-for,hashlink,2,73.203308
u64,sip,128,iter-dense-for,micro,2,37.559834
u64,sip,128,iter-dense-for,baseline,2,38.098161
u64,sip,128,iter-dense-for,lru,3,80.737910
u64,sip,128,iter-dense-for,hashlink,3,70.991637
u64,sip,128,iter-dense-for,micro,3,37.584739
u64,sip,128,iter-dense-for,baseline,3,38.845645
u64,sip,128,iter-dense-for,quick_cache,3,68.506012
u64,sip,128,iter-dense-for,hashlink,4,69.297977
u64,sip,128,iter-dense-for,micro,4,38.228313
u64,sip,128,iter-dense-for,baseline,4,38.813788
u64,sip,128,iter-dense-for,quick_cache,4,67.355321
u64,sip,128,iter-dense-for,lru,4,77.709318
u64,sip,128,iter-dense-for,micro,5,37.967938
u64,sip,128,iter-dense-for,baseline,5,38.244792
u64,sip,128,iter-dense-for,quick_cache,5,66.223623
u64,sip,128,iter-dense-for,lru,5,81.981375
u64,sip,128,iter-dense-for,hashlink,5,68.651142
u64,sip,128,iter-dense-for,baseline,6,38.344517
u64,sip,128,iter-dense-for,quick_cache,6,67.490191
u64,sip,128,iter-dense-for,lru,6,79.413189
u64,sip,128,iter-dense-for,hashlink,6,69.533446
u64,sip,128,iter-dense-for,micro,6,38.171967
u64,sip,128,iter-dense-for,quick_cache,7,68.734430
u64,sip,128,iter-dense-for,lru,7,78.428798
u64,sip,128,iter-dense-for,hashlink,7,68.722405
u64,sip,128,iter-dense-for,micro,7,38.008734
u64,sip,128,iter-dense-for,baseline,7,38.260016
u64,sip,128,iter-dense-for,lru,8,81.016719
u64,sip,128,iter-dense-for,hashlink,8,71.478185
u64,sip,128,iter-dense-for,micro,8,37.718931
u64,sip,128,iter-dense-for,baseline,8,38.422501
u64,sip,128,iter-dense-for,quick_cache,8,66.225278
u64,sip,128,iter-density-1pct,micro,0,32.558327
u64,sip,128,iter-density-1pct,baseline,0,31.683502
u64,sip,128,iter-density-1pct,quick_cache,0,21.890248
u64,sip,128,iter-density-1pct,lru,0,1.304116
u64,sip,128,iter-density-1pct,hashlink,0,1.266947
u64,sip,128,iter-density-1pct,baseline,1,33.400012
u64,sip,128,iter-density-1pct,quick_cache,1,23.163226
u64,sip,128,iter-density-1pct,lru,1,1.289660
u64,sip,128,iter-density-1pct,hashlink,1,1.261607
u64,sip,128,iter-density-1pct,micro,1,34.209904
u64,sip,128,iter-density-1pct,quick_cache,2,23.191113
u64,sip,128,iter-density-1pct,lru,2,1.289266
u64,sip,128,iter-density-1pct,hashlink,2,1.256645
u64,sip,128,iter-density-1pct,micro,2,33.612175
u64,sip,128,iter-density-1pct,baseline,2,32.917718
u64,sip,128,iter-density-1pct,lru,3,1.276980
u64,sip,128,iter-density-1pct,hashlink,3,1.263065
u64,sip,128,iter-density-1pct,micro,3,34.499745
u64,sip,128,iter-density-1pct,baseline,3,32.870346
u64,sip,128,iter-density-1pct,quick_cache,3,22.514353
u64,sip,128,iter-density-1pct,hashlink,4,1.284834
u64,sip,128,iter-density-1pct,micro,4,34.089926
u64,sip,128,iter-density-1pct,baseline,4,32.751854
u64,sip,128,iter-density-1pct,quick_cache,4,22.575398
u64,sip,128,iter-density-1pct,lru,4,1.284000
u64,sip,128,iter-density-1pct,micro,5,33.624966
u64,sip,128,iter-density-1pct,baseline,5,32.888635
u64,sip,128,iter-density-1pct,quick_cache,5,22.526398
u64,sip,128,iter-density-1pct,lru,5,1.307914
u64,sip,128,iter-density-1pct,hashlink,5,1.271317
u64,sip,128,iter-density-1pct,baseline,6,33.282861
u64,sip,128,iter-density-1pct,quick_cache,6,22.733229
u64,sip,128,iter-density-1pct,lru,6,1.306788
u64,sip,128,iter-density-1pct,hashlink,6,1.274959
u64,sip,128,iter-density-1pct,micro,6,33.574174
u64,sip,128,iter-density-1pct,quick_cache,7,22.725104
u64,sip,128,iter-density-1pct,lru,7,1.294360
u64,sip,128,iter-density-1pct,hashlink,7,1.270852
u64,sip,128,iter-density-1pct,micro,7,34.465007
u64,sip,128,iter-density-1pct,baseline,7,33.384627
u64,sip,128,iter-density-1pct,lru,8,1.273898
u64,sip,128,iter-density-1pct,hashlink,8,1.264199
u64,sip,128,iter-density-1pct,micro,8,33.658135
u64,sip,128,iter-density-1pct,baseline,8,34.733413
u64,sip,128,iter-density-1pct,quick_cache,8,22.650855
u64,sip,128,iter-density-6pct,micro,0,36.771441
u64,sip,128,iter-density-6pct,baseline,0,35.755149
u64,sip,128,iter-density-6pct,quick_cache,0,19.684618
u64,sip,128,iter-density-6pct,lru,0,3.239510
u64,sip,128,iter-density-6pct,hashlink,0,3.165673
u64,sip,128,iter-density-6pct,baseline,1,36.452560
u64,sip,128,iter-density-6pct,quick_cache,1,20.659965
u64,sip,128,iter-density-6pct,lru,1,3.230108
u64,sip,128,iter-density-6pct,hashlink,1,3.139998
u64,sip,128,iter-density-6pct,micro,1,35.944329
u64,sip,128,iter-density-6pct,quick_cache,2,20.671240
u64,sip,128,iter-density-6pct,lru,2,3.194251
u64,sip,128,iter-density-6pct,hashlink,2,3.146675
u64,sip,128,iter-density-6pct,micro,2,35.448389
u64,sip,128,iter-density-6pct,baseline,2,36.953114
u64,sip,128,iter-density-6pct,lru,3,3.159719
u64,sip,128,iter-density-6pct,hashlink,3,3.144232
u64,sip,128,iter-density-6pct,micro,3,35.672506
u64,sip,128,iter-density-6pct,baseline,3,37.226306
u64,sip,128,iter-density-6pct,quick_cache,3,20.361301
u64,sip,128,iter-density-6pct,hashlink,4,3.139909
u64,sip,128,iter-density-6pct,micro,4,35.014459
u64,sip,128,iter-density-6pct,baseline,4,36.845179
u64,sip,128,iter-density-6pct,quick_cache,4,20.888856
u64,sip,128,iter-density-6pct,lru,4,3.184773
u64,sip,128,iter-density-6pct,micro,5,35.258786
u64,sip,128,iter-density-6pct,baseline,5,37.525323
u64,sip,128,iter-density-6pct,quick_cache,5,20.879961
u64,sip,128,iter-density-6pct,lru,5,3.179458
u64,sip,128,iter-density-6pct,hashlink,5,3.151790
u64,sip,128,iter-density-6pct,baseline,6,37.102883
u64,sip,128,iter-density-6pct,quick_cache,6,21.073904
u64,sip,128,iter-density-6pct,lru,6,3.372909
u64,sip,128,iter-density-6pct,hashlink,6,3.134016
u64,sip,128,iter-density-6pct,micro,6,35.311617
u64,sip,128,iter-density-6pct,quick_cache,7,22.916781
u64,sip,128,iter-density-6pct,lru,7,3.172551
u64,sip,128,iter-density-6pct,hashlink,7,3.130123
u64,sip,128,iter-density-6pct,micro,7,34.851346
u64,sip,128,iter-density-6pct,baseline,7,35.738066
u64,sip,128,iter-density-6pct,lru,8,3.211638
u64,sip,128,iter-density-6pct,hashlink,8,3.155227
u64,sip,128,iter-density-6pct,micro,8,35.357162
u64,sip,128,iter-density-6pct,baseline,8,34.943992
u64,sip,128,iter-density-6pct,quick_cache,8,20.444054
u64,sip,128,iter-density-quarter,micro,0,36.485393
u64,sip,128,iter-density-quarter,baseline,0,36.024903
u64,sip,128,iter-density-quarter,quick_cache,0,24.394654
u64,sip,128,iter-density-quarter,lru,0,18.467391
u64,sip,128,iter-density-quarter,hashlink,0,18.274854
u64,sip,128,iter-density-quarter,baseline,1,35.797301
u64,sip,128,iter-density-quarter,quick_cache,1,24.327655
u64,sip,128,iter-density-quarter,lru,1,18.403372
u64,sip,128,iter-density-quarter,hashlink,1,18.411740
u64,sip,128,iter-density-quarter,micro,1,35.809679
u64,sip,128,iter-density-quarter,quick_cache,2,24.399018
u64,sip,128,iter-density-quarter,lru,2,19.108953
u64,sip,128,iter-density-quarter,hashlink,2,18.093319
u64,sip,128,iter-density-quarter,micro,2,36.061368
u64,sip,128,iter-density-quarter,baseline,2,36.677130
u64,sip,128,iter-density-quarter,lru,3,18.559211
u64,sip,128,iter-density-quarter,hashlink,3,18.241631
u64,sip,128,iter-density-quarter,micro,3,36.241224
u64,sip,128,iter-density-quarter,baseline,3,35.992918
u64,sip,128,iter-density-quarter,quick_cache,3,24.738142
u64,sip,128,iter-density-quarter,hashlink,4,18.412680
u64,sip,128,iter-density-quarter,micro,4,36.653816
u64,sip,128,iter-density-quarter,baseline,4,36.249928
u64,sip,128,iter-density-quarter,quick_cache,4,24.300156
u64,sip,128,iter-density-quarter,lru,4,19.126438
u64,sip,128,iter-density-quarter,micro,5,36.097395
u64,sip,128,iter-density-quarter,baseline,5,35.932290
u64,sip,128,iter-density-quarter,quick_cache,5,24.630389
u64,sip,128,iter-density-quarter,lru,5,19.001581
u64,sip,128,iter-density-quarter,hashlink,5,18.388669
u64,sip,128,iter-density-quarter,baseline,6,36.192067
u64,sip,128,iter-density-quarter,quick_cache,6,24.919192
u64,sip,128,iter-density-quarter,lru,6,18.574811
u64,sip,128,iter-density-quarter,hashlink,6,18.292580
u64,sip,128,iter-density-quarter,micro,6,36.919738
u64,sip,128,iter-density-quarter,quick_cache,7,23.530634
u64,sip,128,iter-density-quarter,lru,7,17.370762
u64,sip,128,iter-density-quarter,hashlink,7,17.788767
u64,sip,128,iter-density-quarter,micro,7,36.439810
u64,sip,128,iter-density-quarter,baseline,7,35.315148
u64,sip,128,iter-density-quarter,lru,8,18.191575
u64,sip,128,iter-density-quarter,hashlink,8,18.450714
u64,sip,128,iter-density-quarter,micro,8,35.912779
u64,sip,128,iter-density-quarter,baseline,8,35.524175
u64,sip,128,iter-density-quarter,quick_cache,8,24.438399
u64,sip,128,iter-density-half,micro,0,41.773172
u64,sip,128,iter-density-half,baseline,0,36.877102
u64,sip,128,iter-density-half,quick_cache,0,28.731063
u64,sip,128,iter-density-half,lru,0,49.331617
u64,sip,128,iter-density-half,hashlink,0,50.891485
u64,sip,128,iter-density-half,baseline,1,36.670104
u64,sip,128,iter-density-half,quick_cache,1,28.707313
u64,sip,128,iter-density-half,lru,1,49.024173
u64,sip,128,iter-density-half,hashlink,1,58.450589
u64,sip,128,iter-density-half,micro,1,37.911094
u64,sip,128,iter-density-half,quick_cache,2,28.054169
u64,sip,128,iter-density-half,lru,2,50.310468
u64,sip,128,iter-density-half,hashlink,2,49.336135
u64,sip,128,iter-density-half,micro,2,36.883349
u64,sip,128,iter-density-half,baseline,2,37.444337
u64,sip,128,iter-density-half,lru,3,51.356772
u64,sip,128,iter-density-half,hashlink,3,48.822634
u64,sip,128,iter-density-half,micro,3,37.717671
u64,sip,128,iter-density-half,baseline,3,38.119686
u64,sip,128,iter-density-half,quick_cache,3,29.167684
u64,sip,128,iter-density-half,hashlink,4,49.103224
u64,sip,128,iter-density-half,micro,4,36.624949
u64,sip,128,iter-density-half,baseline,4,37.761358
u64,sip,128,iter-density-half,quick_cache,4,29.563895
u64,sip,128,iter-density-half,lru,4,48.657048
u64,sip,128,iter-density-half,micro,5,36.651017
u64,sip,128,iter-density-half,baseline,5,38.907845
u64,sip,128,iter-density-half,quick_cache,5,27.897267
u64,sip,128,iter-density-half,lru,5,48.360453
u64,sip,128,iter-density-half,hashlink,5,49.422340
u64,sip,128,iter-density-half,baseline,6,36.920351
u64,sip,128,iter-density-half,quick_cache,6,28.678811
u64,sip,128,iter-density-half,lru,6,48.655433
u64,sip,128,iter-density-half,hashlink,6,52.912293
u64,sip,128,iter-density-half,micro,6,36.614844
u64,sip,128,iter-density-half,quick_cache,7,28.830097
u64,sip,128,iter-density-half,lru,7,49.787781
u64,sip,128,iter-density-half,hashlink,7,47.972865
u64,sip,128,iter-density-half,micro,7,36.866559
u64,sip,128,iter-density-half,baseline,7,37.388479
u64,sip,128,iter-density-half,lru,8,48.686565
u64,sip,128,iter-density-half,hashlink,8,48.742027
u64,sip,128,iter-density-half,micro,8,37.681607
u64,sip,128,iter-density-half,baseline,8,37.553886
u64,sip,128,iter-density-half,quick_cache,8,28.778200
u64,sip,128,iter-front,micro,0,36.565571
u64,sip,128,iter-front,baseline,0,36.941305
u64,sip,128,iter-front,quick_cache,0,20.282856
u64,sip,128,iter-front,lru,0,1.174547
u64,sip,128,iter-front,hashlink,0,1.167526
u64,sip,128,iter-front,baseline,1,36.411922
u64,sip,128,iter-front,quick_cache,1,20.394035
u64,sip,128,iter-front,lru,1,1.167447
u64,sip,128,iter-front,hashlink,1,1.142512
u64,sip,128,iter-front,micro,1,36.501825
u64,sip,128,iter-front,quick_cache,2,20.333507
u64,sip,128,iter-front,lru,2,1.168705
u64,sip,128,iter-front,hashlink,2,1.154534
u64,sip,128,iter-front,micro,2,36.128071
u64,sip,128,iter-front,baseline,2,35.361917
u64,sip,128,iter-front,lru,3,1.165984
u64,sip,128,iter-front,hashlink,3,1.137514
u64,sip,128,iter-front,micro,3,41.295033
u64,sip,128,iter-front,baseline,3,35.799685
u64,sip,128,iter-front,quick_cache,3,20.280054
u64,sip,128,iter-front,hashlink,4,1.153349
u64,sip,128,iter-front,micro,4,43.310153
u64,sip,128,iter-front,baseline,4,35.149516
u64,sip,128,iter-front,quick_cache,4,20.355376
u64,sip,128,iter-front,lru,4,1.188864
u64,sip,128,iter-front,micro,5,40.625203
u64,sip,128,iter-front,baseline,5,35.311914
u64,sip,128,iter-front,quick_cache,5,20.454931
u64,sip,128,iter-front,lru,5,1.183874
u64,sip,128,iter-front,hashlink,5,1.145276
u64,sip,128,iter-front,baseline,6,35.914876
u64,sip,128,iter-front,quick_cache,6,20.479911
u64,sip,128,iter-front,lru,6,1.178551
u64,sip,128,iter-front,hashlink,6,1.169370
u64,sip,128,iter-front,micro,6,40.480619
u64,sip,128,iter-front,quick_cache,7,20.477227
u64,sip,128,iter-front,lru,7,1.189796
u64,sip,128,iter-front,hashlink,7,1.178240
u64,sip,128,iter-front,micro,7,36.053646
u64,sip,128,iter-front,baseline,7,34.925752
u64,sip,128,iter-front,lru,8,1.180698
u64,sip,128,iter-front,hashlink,8,1.142822
u64,sip,128,iter-front,micro,8,35.670431
u64,sip,128,iter-front,baseline,8,35.079377
u64,sip,128,iter-front,quick_cache,8,20.172710
u64,sip,128,iter-back,micro,0,39.157440
u64,sip,128,iter-back,baseline,0,36.397071
u64,sip,128,iter-back,quick_cache,0,20.470666
u64,sip,128,iter-back,lru,0,1.183918
u64,sip,128,iter-back,hashlink,0,1.144781
u64,sip,128,iter-back,baseline,1,37.662818
u64,sip,128,iter-back,quick_cache,1,20.565996
u64,sip,128,iter-back,lru,1,1.170289
u64,sip,128,iter-back,hashlink,1,1.159994
u64,sip,128,iter-back,micro,1,38.609495
u64,sip,128,iter-back,quick_cache,2,20.440410
u64,sip,128,iter-back,lru,2,1.175829
u64,sip,128,iter-back,hashlink,2,1.131926
u64,sip,128,iter-back,micro,2,37.261505
u64,sip,128,iter-back,baseline,2,37.332403
u64,sip,128,iter-back,lru,3,1.168679
u64,sip,128,iter-back,hashlink,3,1.137613
u64,sip,128,iter-back,micro,3,36.929804
u64,sip,128,iter-back,baseline,3,35.899272
u64,sip,128,iter-back,quick_cache,3,20.667322
u64,sip,128,iter-back,hashlink,4,1.131754
u64,sip,128,iter-back,micro,4,38.140522
u64,sip,128,iter-back,baseline,4,36.567122
u64,sip,128,iter-back,quick_cache,4,20.638477
u64,sip,128,iter-back,lru,4,1.166219
u64,sip,128,iter-back,micro,5,37.085585
u64,sip,128,iter-back,baseline,5,36.449528
u64,sip,128,iter-back,quick_cache,5,20.618584
u64,sip,128,iter-back,lru,5,1.181046
u64,sip,128,iter-back,hashlink,5,1.408698
u64,sip,128,iter-back,baseline,6,37.945073
u64,sip,128,iter-back,quick_cache,6,19.832851
u64,sip,128,iter-back,lru,6,1.155670
u64,sip,128,iter-back,hashlink,6,1.186228
u64,sip,128,iter-back,micro,6,36.415849
u64,sip,128,iter-back,quick_cache,7,19.594436
u64,sip,128,iter-back,lru,7,1.194335
u64,sip,128,iter-back,hashlink,7,1.132895
u64,sip,128,iter-back,micro,7,36.652900
u64,sip,128,iter-back,baseline,7,36.592806
u64,sip,128,iter-back,lru,8,1.207552
u64,sip,128,iter-back,hashlink,8,1.156311
u64,sip,128,iter-back,micro,8,37.272567
u64,sip,128,iter-back,baseline,8,37.690070
u64,sip,128,iter-back,quick_cache,8,20.796076
u64,sip,128,iter-empty,micro,0,0.919204
u64,sip,128,iter-empty,baseline,0,36.330882
u64,sip,128,iter-empty,quick_cache,0,20.381415
u64,sip,128,iter-empty,lru,0,0.974625
u64,sip,128,iter-empty,hashlink,0,0.943470
u64,sip,128,iter-empty,baseline,1,34.903807
u64,sip,128,iter-empty,quick_cache,1,20.310063
u64,sip,128,iter-empty,lru,1,0.965877
u64,sip,128,iter-empty,hashlink,1,0.982828
u64,sip,128,iter-empty,micro,1,0.914813
u64,sip,128,iter-empty,quick_cache,2,20.749133
u64,sip,128,iter-empty,lru,2,0.977259
u64,sip,128,iter-empty,hashlink,2,0.987299
u64,sip,128,iter-empty,micro,2,0.949785
u64,sip,128,iter-empty,baseline,2,37.258397
u64,sip,128,iter-empty,lru,3,0.957514
u64,sip,128,iter-empty,hashlink,3,0.975946
u64,sip,128,iter-empty,micro,3,0.924896
u64,sip,128,iter-empty,baseline,3,34.969785
u64,sip,128,iter-empty,quick_cache,3,20.253095
u64,sip,128,iter-empty,hashlink,4,0.980700
u64,sip,128,iter-empty,micro,4,0.946574
u64,sip,128,iter-empty,baseline,4,35.609966
u64,sip,128,iter-empty,quick_cache,4,20.208226
u64,sip,128,iter-empty,lru,4,0.970232
u64,sip,128,iter-empty,micro,5,0.932474
u64,sip,128,iter-empty,baseline,5,35.804308
u64,sip,128,iter-empty,quick_cache,5,20.390075
u64,sip,128,iter-empty,lru,5,0.964339
u64,sip,128,iter-empty,hashlink,5,1.002226
u64,sip,128,iter-empty,baseline,6,35.199665
u64,sip,128,iter-empty,quick_cache,6,21.723051
u64,sip,128,iter-empty,lru,6,0.970816
u64,sip,128,iter-empty,hashlink,6,0.985208
u64,sip,128,iter-empty,micro,6,0.940715
u64,sip,128,iter-empty,quick_cache,7,21.955024
u64,sip,128,iter-empty,lru,7,0.971493
u64,sip,128,iter-empty,hashlink,7,0.996613
u64,sip,128,iter-empty,micro,7,0.922335
u64,sip,128,iter-empty,baseline,7,36.816682
u64,sip,128,iter-empty,lru,8,0.974455
u64,sip,128,iter-empty,hashlink,8,1.010339
u64,sip,128,iter-empty,micro,8,0.932557
u64,sip,128,iter-empty,baseline,8,37.341950
u64,sip,128,iter-empty,quick_cache,8,22.005959
u64,sip,128,iter-count,micro,0,0.396714
u64,sip,128,iter-count,baseline,0,36.271720
u64,sip,128,iter-count,quick_cache,0,53.338843
u64,sip,128,iter-count,lru,0,0.400152
u64,sip,128,iter-count,hashlink,0,0.389961
u64,sip,128,iter-count,baseline,1,35.504218
u64,sip,128,iter-count,quick_cache,1,51.938277
u64,sip,128,iter-count,lru,1,0.384534
u64,sip,128,iter-count,hashlink,1,0.396372
u64,sip,128,iter-count,micro,1,0.397041
u64,sip,128,iter-count,quick_cache,2,54.090858
u64,sip,128,iter-count,lru,2,0.399829
u64,sip,128,iter-count,hashlink,2,0.396807
u64,sip,128,iter-count,micro,2,0.399639
u64,sip,128,iter-count,baseline,2,37.656611
u64,sip,128,iter-count,lru,3,0.394658
u64,sip,128,iter-count,hashlink,3,0.401754
u64,sip,128,iter-count,micro,3,0.400098
u64,sip,128,iter-count,baseline,3,36.913753
u64,sip,128,iter-count,quick_cache,3,54.311339
u64,sip,128,iter-count,hashlink,4,0.392114
u64,sip,128,iter-count,micro,4,0.956102
u64,sip,128,iter-count,baseline,4,44.125434
u64,sip,128,iter-count,quick_cache,4,73.663152
u64,sip,128,iter-count,lru,4,0.424270
u64,sip,128,iter-count,micro,5,0.374176
u64,sip,128,iter-count,baseline,5,36.353959
u64,sip,128,iter-count,quick_cache,5,50.826055
u64,sip,128,iter-count,lru,5,0.379111
u64,sip,128,iter-count,hashlink,5,0.411982
u64,sip,128,iter-count,baseline,6,34.073354
u64,sip,128,iter-count,quick_cache,6,51.356679
u64,sip,128,iter-count,lru,6,0.402585
u64,sip,128,iter-count,hashlink,6,0.382889
u64,sip,128,iter-count,micro,6,0.395285
u64,sip,128,iter-count,quick_cache,7,53.388533
u64,sip,128,iter-count,lru,7,0.397664
u64,sip,128,iter-count,hashlink,7,0.396316
u64,sip,128,iter-count,micro,7,0.397647
u64,sip,128,iter-count,baseline,7,37.006414
u64,sip,128,iter-count,lru,8,0.391322
u64,sip,128,iter-count,hashlink,8,0.397064
u64,sip,128,iter-count,micro,8,0.400173
u64,sip,128,iter-count,baseline,8,36.623837
u64,sip,128,iter-count,quick_cache,8,52.618427
u64,sip,1024,iter-dense,micro,0,275.090339
u64,sip,1024,iter-dense,baseline,0,272.101467
u64,sip,1024,iter-dense,quick_cache,0,250.347900
u64,sip,1024,iter-dense,lru,0,1242.053075
u64,sip,1024,iter-dense,hashlink,0,1257.166750
u64,sip,1024,iter-dense,baseline,1,276.315426
u64,sip,1024,iter-dense,quick_cache,1,246.796136
u64,sip,1024,iter-dense,lru,1,1259.604250
u64,sip,1024,iter-dense,hashlink,1,1270.801575
u64,sip,1024,iter-dense,micro,1,270.946166
u64,sip,1024,iter-dense,quick_cache,2,249.420604
u64,sip,1024,iter-dense,lru,2,1244.709077
u64,sip,1024,iter-dense,hashlink,2,1318.375788
u64,sip,1024,iter-dense,micro,2,268.533451
u64,sip,1024,iter-dense,baseline,2,272.673073
u64,sip,1024,iter-dense,lru,3,1220.855713
u64,sip,1024,iter-dense,hashlink,3,1275.882876
u64,sip,1024,iter-dense,micro,3,273.704302
u64,sip,1024,iter-dense,baseline,3,272.942136
u64,sip,1024,iter-dense,quick_cache,3,249.231609
u64,sip,1024,iter-dense,hashlink,4,1277.544970
u64,sip,1024,iter-dense,micro,4,269.190620
u64,sip,1024,iter-dense,baseline,4,272.182989
u64,sip,1024,iter-dense,quick_cache,4,248.718651
u64,sip,1024,iter-dense,lru,4,1318.682248
u64,sip,1024,iter-dense,micro,5,271.278646
u64,sip,1024,iter-dense,baseline,5,272.384963
u64,sip,1024,iter-dense,quick_cache,5,249.981280
u64,sip,1024,iter-dense,lru,5,1230.143311
u64,sip,1024,iter-dense,hashlink,5,1222.778320
u64,sip,1024,iter-dense,baseline,6,271.407498
u64,sip,1024,iter-dense,quick_cache,6,247.804427
u64,sip,1024,iter-dense,lru,6,1282.968494
u64,sip,1024,iter-dense,hashlink,6,1264.354335
u64,sip,1024,iter-dense,micro,6,270.551741
u64,sip,1024,iter-dense,quick_cache,7,248.594396
u64,sip,1024,iter-dense,lru,7,1249.328373
u64,sip,1024,iter-dense,hashlink,7,1317.084559
u64,sip,1024,iter-dense,micro,7,259.088731
u64,sip,1024,iter-dense,baseline,7,260.553385
u64,sip,1024,iter-dense,lru,8,1250.754216
u64,sip,1024,iter-dense,hashlink,8,1262.170363
u64,sip,1024,iter-dense,micro,8,256.621562
u64,sip,1024,iter-dense,baseline,8,266.831538
u64,sip,1024,iter-dense,quick_cache,8,246.136811
u64,sip,1024,iter-dense-for,micro,0,267.649454
u64,sip,1024,iter-dense-for,baseline,0,272.634473
u64,sip,1024,iter-dense-for,quick_cache,0,488.013532
u64,sip,1024,iter-dense-for,lru,0,728.476163
u64,sip,1024,iter-dense-for,hashlink,0,905.068280
u64,sip,1024,iter-dense-for,baseline,1,268.191199
u64,sip,1024,iter-dense-for,quick_cache,1,486.255338
u64,sip,1024,iter-dense-for,lru,1,778.807680
u64,sip,1024,iter-dense-for,hashlink,1,945.210655
u64,sip,1024,iter-dense-for,micro,1,261.864845
u64,sip,1024,iter-dense-for,quick_cache,2,482.445988
u64,sip,1024,iter-dense-for,lru,2,726.913808
u64,sip,1024,iter-dense-for,hashlink,2,873.086767
u64,sip,1024,iter-dense-for,micro,2,263.626844
u64,sip,1024,iter-dense-for,baseline,2,265.188030
u64,sip,1024,iter-dense-for,lru,3,725.887442
u64,sip,1024,iter-dense-for,hashlink,3,915.585526
u64,sip,1024,iter-dense-for,micro,3,263.123895
u64,sip,1024,iter-dense-for,baseline,3,267.225321
u64,sip,1024,iter-dense-for,quick_cache,3,504.821976
u64,sip,1024,iter-dense-for,hashlink,4,904.744762
u64,sip,1024,iter-dense-for,micro,4,260.768229
u64,sip,1024,iter-dense-for,baseline,4,267.467949
u64,sip,1024,iter-dense-for,quick_cache,4,487.599786
u64,sip,1024,iter-dense-for,lru,4,732.646904
u64,sip,1024,iter-dense-for,micro,5,270.738754
u64,sip,1024,iter-dense-for,baseline,5,266.882626
u64,sip,1024,iter-dense-for,quick_cache,5,484.141254
u64,sip,1024,iter-dense-for,lru,5,735.304284
u64,sip,1024,iter-dense-for,hashlink,5,872.771875
u64,sip,1024,iter-dense-for,baseline,6,268.043793
u64,sip,1024,iter-dense-for,quick_cache,6,485.600252
u64,sip,1024,iter-dense-for,lru,6,724.633536
u64,sip,1024,iter-dense-for,hashlink,6,903.337247
u64,sip,1024,iter-dense-for,micro,6,282.218355
u64,sip,1024,iter-dense-for,quick_cache,7,432.521927
u64,sip,1024,iter-dense-for,lru,7,750.230413
u64,sip,1024,iter-dense-for,hashlink,7,875.123603
u64,sip,1024,iter-dense-for,micro,7,264.719490
u64,sip,1024,iter-dense-for,baseline,7,276.686947
u64,sip,1024,iter-dense-for,lru,8,735.774795
u64,sip,1024,iter-dense-for,hashlink,8,885.644597
u64,sip,1024,iter-dense-for,micro,8,262.749475
u64,sip,1024,iter-dense-for,baseline,8,268.605026
u64,sip,1024,iter-dense-for,quick_cache,8,486.445361
u64,sip,1024,iter-density-1pct,micro,0,296.556274
u64,sip,1024,iter-density-1pct,baseline,0,288.196881
u64,sip,1024,iter-density-1pct,quick_cache,0,168.017776
u64,sip,1024,iter-density-1pct,lru,0,4.227156
u64,sip,1024,iter-density-1pct,hashlink,0,4.173971
u64,sip,1024,iter-density-1pct,baseline,1,282.858217
u64,sip,1024,iter-density-1pct,quick_cache,1,167.025574
u64,sip,1024,iter-density-1pct,lru,1,4.283909
u64,sip,1024,iter-density-1pct,hashlink,1,4.210490
u64,sip,1024,iter-density-1pct,micro,1,288.976015
u64,sip,1024,iter-density-1pct,quick_cache,2,168.651396
u64,sip,1024,iter-density-1pct,lru,2,4.293562
u64,sip,1024,iter-density-1pct,hashlink,2,4.183400
u64,sip,1024,iter-density-1pct,micro,2,291.453270
u64,sip,1024,iter-density-1pct,baseline,2,291.776003
u64,sip,1024,iter-density-1pct,lru,3,4.194138
u64,sip,1024,iter-density-1pct,hashlink,3,4.173601
u64,sip,1024,iter-density-1pct,micro,3,289.286333
u64,sip,1024,iter-density-1pct,baseline,3,290.270408
u64,sip,1024,iter-density-1pct,quick_cache,3,162.882487
u64,sip,1024,iter-density-1pct,hashlink,4,4.199245
u64,sip,1024,iter-density-1pct,micro,4,288.382668
u64,sip,1024,iter-density-1pct,baseline,4,291.676364
u64,sip,1024,iter-density-1pct,quick_cache,4,165.802293
u64,sip,1024,iter-density-1pct,lru,4,4.232697
u64,sip,1024,iter-density-1pct,micro,5,289.021546
u64,sip,1024,iter-density-1pct,baseline,5,301.368316
u64,sip,1024,iter-density-1pct,quick_cache,5,162.866211
u64,sip,1024,iter-density-1pct,lru,5,4.236059
u64,sip,1024,iter-density-1pct,hashlink,5,4.518845
u64,sip,1024,iter-density-1pct,baseline,6,308.637389
u64,sip,1024,iter-density-1pct,quick_cache,6,160.471734
u64,sip,1024,iter-density-1pct,lru,6,4.124610
u64,sip,1024,iter-density-1pct,hashlink,6,4.253241
u64,sip,1024,iter-density-1pct,micro,6,306.681495
u64,sip,1024,iter-density-1pct,quick_cache,7,163.158664
u64,sip,1024,iter-density-1pct,lru,7,4.254086
u64,sip,1024,iter-density-1pct,hashlink,7,4.285907
u64,sip,1024,iter-density-1pct,micro,7,292.644429
u64,sip,1024,iter-density-1pct,baseline,7,293.720160
u64,sip,1024,iter-density-1pct,lru,8,4.329334
u64,sip,1024,iter-density-1pct,hashlink,8,4.215900
u64,sip,1024,iter-density-1pct,micro,8,297.144843
u64,sip,1024,iter-density-1pct,baseline,8,305.516602
u64,sip,1024,iter-density-1pct,quick_cache,8,167.610095
u64,sip,1024,iter-density-6pct,micro,0,275.678792
u64,sip,1024,iter-density-6pct,baseline,0,307.486063
u64,sip,1024,iter-density-6pct,quick_cache,0,162.485642
u64,sip,1024,iter-density-6pct,lru,0,49.766959
u64,sip,1024,iter-density-6pct,hashlink,0,49.487413
u64,sip,1024,iter-density-6pct,baseline,1,287.470818
u64,sip,1024,iter-density-6pct,quick_cache,1,162.599181
u64,sip,1024,iter-density-6pct,lru,1,49.675759
u64,sip,1024,iter-density-6pct,hashlink,1,49.568774
u64,sip,1024,iter-density-6pct,micro,1,290.127841
u64,sip,1024,iter-density-6pct,quick_cache,2,166.916789
u64,sip,1024,iter-density-6pct,lru,2,50.870687
u64,sip,1024,iter-density-6pct,hashlink,2,49.308240
u64,sip,1024,iter-density-6pct,micro,2,290.103722
u64,sip,1024,iter-density-6pct,baseline,2,293.340056
u64,sip,1024,iter-density-6pct,lru,3,49.721932
u64,sip,1024,iter-density-6pct,hashlink,3,49.094643
u64,sip,1024,iter-density-6pct,micro,3,298.534948
u64,sip,1024,iter-density-6pct,baseline,3,308.959116
u64,sip,1024,iter-density-6pct,quick_cache,3,162.877083
u64,sip,1024,iter-density-6pct,hashlink,4,50.392434
u64,sip,1024,iter-density-6pct,micro,4,295.246167
u64,sip,1024,iter-density-6pct,baseline,4,267.390064
u64,sip,1024,iter-density-6pct,quick_cache,4,174.986597
u64,sip,1024,iter-density-6pct,lru,4,49.065443
u64,sip,1024,iter-density-6pct,micro,5,280.442596
u64,sip,1024,iter-density-6pct,baseline,5,293.058989
u64,sip,1024,iter-density-6pct,quick_cache,5,164.648380
u64,sip,1024,iter-density-6pct,lru,5,49.007575
u64,sip,1024,iter-density-6pct,hashlink,5,48.783201
u64,sip,1024,iter-density-6pct,baseline,6,296.080907
u64,sip,1024,iter-density-6pct,quick_cache,6,162.243095
u64,sip,1024,iter-density-6pct,lru,6,49.266118
u64,sip,1024,iter-density-6pct,hashlink,6,49.217933
u64,sip,1024,iter-density-6pct,micro,6,287.609605
u64,sip,1024,iter-density-6pct,quick_cache,7,164.945642
u64,sip,1024,iter-density-6pct,lru,7,49.542327
u64,sip,1024,iter-density-6pct,hashlink,7,49.463497
u64,sip,1024,iter-density-6pct,micro,7,281.430306
u64,sip,1024,iter-density-6pct,baseline,7,285.896538
u64,sip,1024,iter-density-6pct,lru,8,49.131641
u64,sip,1024,iter-density-6pct,hashlink,8,48.694025
u64,sip,1024,iter-density-6pct,micro,8,286.893177
u64,sip,1024,iter-density-6pct,baseline,8,295.130719
u64,sip,1024,iter-density-6pct,quick_cache,8,162.788900
u64,sip,1024,iter-density-quarter,micro,0,253.711749
u64,sip,1024,iter-density-quarter,baseline,0,262.922374
u64,sip,1024,iter-density-quarter,quick_cache,0,195.382461
u64,sip,1024,iter-density-quarter,lru,0,283.700544
u64,sip,1024,iter-density-quarter,hashlink,0,283.505038
u64,sip,1024,iter-density-quarter,baseline,1,252.810329
u64,sip,1024,iter-density-quarter,quick_cache,1,197.830973
u64,sip,1024,iter-density-quarter,lru,1,285.021061
u64,sip,1024,iter-density-quarter,hashlink,1,285.834666
u64,sip,1024,iter-density-quarter,micro,1,256.574559
u64,sip,1024,iter-density-quarter,quick_cache,2,193.417389
u64,sip,1024,iter-density-quarter,lru,2,285.272696
u64,sip,1024,iter-density-quarter,hashlink,2,286.072726
u64,sip,1024,iter-density-quarter,micro,2,251.519795
u64,sip,1024,iter-density-quarter,baseline,2,261.337688
u64,sip,1024,iter-density-quarter,lru,3,290.778404
u64,sip,1024,iter-density-quarter,hashlink,3,289.759317
u64,sip,1024,iter-density-quarter,micro,3,249.008907
u64,sip,1024,iter-density-quarter,baseline,3,252.578908
u64,sip,1024,iter-density-quarter,quick_cache,3,193.510868
u64,sip,1024,iter-density-quarter,hashlink,4,311.503984
u64,sip,1024,iter-density-quarter,micro,4,252.337450
u64,sip,1024,iter-density-quarter,baseline,4,255.314747
u64,sip,1024,iter-density-quarter,quick_cache,4,193.260391
u64,sip,1024,iter-density-quarter,lru,4,285.820384
u64,sip,1024,iter-density-quarter,micro,5,253.652597
u64,sip,1024,iter-density-quarter,baseline,5,259.449264
u64,sip,1024,iter-density-quarter,quick_cache,5,192.886521
u64,sip,1024,iter-density-quarter,lru,5,284.698486
u64,sip,1024,iter-density-quarter,hashlink,5,288.163271
u64,sip,1024,iter-density-quarter,baseline,6,257.317794
u64,sip,1024,iter-density-quarter,quick_cache,6,192.562385
u64,sip,1024,iter-density-quarter,lru,6,290.183384
u64,sip,1024,iter-density-quarter,hashlink,6,283.776146
u64,sip,1024,iter-density-quarter,micro,6,255.187092
u64,sip,1024,iter-density-quarter,quick_cache,7,191.869594
u64,sip,1024,iter-density-quarter,lru,7,287.470818
u64,sip,1024,iter-density-quarter,hashlink,7,294.980837
u64,sip,1024,iter-density-quarter,micro,7,251.498895
u64,sip,1024,iter-density-quarter,baseline,7,255.591299
u64,sip,1024,iter-density-quarter,lru,8,283.847096
u64,sip,1024,iter-density-quarter,hashlink,8,282.537963
u64,sip,1024,iter-density-quarter,micro,8,252.098034
u64,sip,1024,iter-density-quarter,baseline,8,253.229925
u64,sip,1024,iter-density-quarter,quick_cache,8,192.827142
u64,sip,1024,iter-density-half,micro,0,258.771782
u64,sip,1024,iter-density-half,baseline,0,263.657620
u64,sip,1024,iter-density-half,quick_cache,0,224.553251
u64,sip,1024,iter-density-half,lru,0,602.223558
u64,sip,1024,iter-density-half,hashlink,0,600.020953
u64,sip,1024,iter-density-half,baseline,1,252.276512
u64,sip,1024,iter-density-half,quick_cache,1,213.206361
u64,sip,1024,iter-density-half,lru,1,600.789272
u64,sip,1024,iter-density-half,hashlink,1,595.987761
u64,sip,1024,iter-density-half,micro,1,249.671376
u64,sip,1024,iter-density-half,quick_cache,2,220.202465
u64,sip,1024,iter-density-half,lru,2,596.072006
u64,sip,1024,iter-density-half,hashlink,2,621.450273
u64,sip,1024,iter-density-half,micro,2,253.266815
u64,sip,1024,iter-density-half,baseline,2,255.618975
u64,sip,1024,iter-density-half,lru,3,599.926125
u64,sip,1024,iter-density-half,hashlink,3,606.644743
u64,sip,1024,iter-density-half,micro,3,258.141244
u64,sip,1024,iter-density-half,baseline,3,255.627451
u64,sip,1024,iter-density-half,quick_cache,3,223.773918
u64,sip,1024,iter-density-half,hashlink,4,636.898755
u64,sip,1024,iter-density-half,micro,4,255.329606
u64,sip,1024,iter-density-half,baseline,4,257.118627
u64,sip,1024,iter-density-half,quick_cache,4,224.866996
u64,sip,1024,iter-density-half,lru,4,600.145594
u64,sip,1024,iter-density-half,micro,5,255.527471
u64,sip,1024,iter-density-half,baseline,5,264.397843
u64,sip,1024,iter-density-half,quick_cache,5,225.463076
u64,sip,1024,iter-density-half,lru,5,599.322557
u64,sip,1024,iter-density-half,hashlink,5,595.557153
u64,sip,1024,iter-density-half,baseline,6,255.453023
u64,sip,1024,iter-density-half,quick_cache,6,221.706915
u64,sip,1024,iter-density-half,lru,6,595.958056
u64,sip,1024,iter-density-half,hashlink,6,625.098481
u64,sip,1024,iter-density-half,micro,6,255.952077
u64,sip,1024,iter-density-half,quick_cache,7,221.271305
u64,sip,1024,iter-density-half,lru,7,611.816406
u64,sip,1024,iter-density-half,hashlink,7,642.380763
u64,sip,1024,iter-density-half,micro,7,252.484299
u64,sip,1024,iter-density-half,baseline,7,256.717826
u64,sip,1024,iter-density-half,lru,8,645.672582
u64,sip,1024,iter-density-half,hashlink,8,610.058974
u64,sip,1024,iter-density-half,micro,8,253.189877
u64,sip,1024,iter-density-half,baseline,8,258.838680
u64,sip,1024,iter-density-half,quick_cache,8,223.417009
u64,sip,1024,iter-front,micro,0,248.112996
u64,sip,1024,iter-front,baseline,0,247.360809
u64,sip,1024,iter-front,quick_cache,0,162.564157
u64,sip,1024,iter-front,lru,0,1.203052
u64,sip,1024,iter-front,hashlink,0,1.141953
u64,sip,1024,iter-front,baseline,1,254.145528
u64,sip,1024,iter-front,quick_cache,1,164.800678
u64,sip,1024,iter-front,lru,1,1.180323
u64,sip,1024,iter-front,hashlink,1,1.153707
u64,sip,1024,iter-front,micro,1,255.657271
u64,sip,1024,iter-front,quick_cache,2,161.897774
u64,sip,1024,iter-front,lru,2,1.177379
u64,sip,1024,iter-front,hashlink,2,1.137141
u64,sip,1024,iter-front,micro,2,251.245529
u64,sip,1024,iter-front,baseline,2,250.446514
u64,sip,1024,iter-front,lru,3,1.208010
u64,sip,1024,iter-front,hashlink,3,1.149785
u64,sip,1024,iter-front,micro,3,255.809278
u64,sip,1024,iter-front,baseline,3,255.903028
u64,sip,1024,iter-front,quick_cache,3,162.183675
u64,sip,1024,iter-front,hashlink,4,1.135967
u64,sip,1024,iter-front,micro,4,268.502094
u64,sip,1024,iter-front,baseline,4,322.363595
u64,sip,1024,iter-front,quick_cache,4,156.200581
u64,sip,1024,iter-front,lru,4,1.226337
u64,sip,1024,iter-front,micro,5,245.189606
u64,sip,1024,iter-front,baseline,5,244.671459
u64,sip,1024,iter-front,quick_cache,5,159.129964
u64,sip,1024,iter-front,lru,5,1.258589
u64,sip,1024,iter-front,hashlink,5,1.105428
u64,sip,1024,iter-front,baseline,6,245.617494
u64,sip,1024,iter-front,quick_cache,6,163.200776
u64,sip,1024,iter-front,lru,6,1.185391
u64,sip,1024,iter-front,hashlink,6,1.168609
u64,sip,1024,iter-front,micro,6,254.858459
u64,sip,1024,iter-front,quick_cache,7,162.780762
u64,sip,1024,iter-front,lru,7,1.195586
u64,sip,1024,iter-front,hashlink,7,1.171606
u64,sip,1024,iter-front,micro,7,257.825371
u64,sip,1024,iter-front,baseline,7,252.207208
u64,sip,1024,iter-front,lru,8,1.182870
u64,sip,1024,iter-front,hashlink,8,1.154235
u64,sip,1024,iter-front,micro,8,258.331147
u64,sip,1024,iter-front,baseline,8,257.415671
u64,sip,1024,iter-front,quick_cache,8,162.878418
u64,sip,1024,iter-back,micro,0,255.476409
u64,sip,1024,iter-back,baseline,0,250.663562
u64,sip,1024,iter-back,quick_cache,0,166.305153
u64,sip,1024,iter-back,lru,0,1.197694
u64,sip,1024,iter-back,hashlink,0,1.142061
u64,sip,1024,iter-back,baseline,1,257.424856
u64,sip,1024,iter-back,quick_cache,1,163.168156
u64,sip,1024,iter-back,lru,1,1.193313
u64,sip,1024,iter-back,hashlink,1,1.153741
u64,sip,1024,iter-back,micro,1,257.204307
u64,sip,1024,iter-back,quick_cache,2,163.380845
u64,sip,1024,iter-back,lru,2,1.326480
u64,sip,1024,iter-back,hashlink,2,1.219484
u64,sip,1024,iter-back,micro,2,252.343750
u64,sip,1024,iter-back,baseline,2,242.544816
u64,sip,1024,iter-back,lru,3,1.148348
u64,sip,1024,iter-back,hashlink,3,1.129227
u64,sip,1024,iter-back,micro,3,246.212648
u64,sip,1024,iter-back,baseline,3,250.402744
u64,sip,1024,iter-back,quick_cache,3,160.971550
u64,sip,1024,iter-back,hashlink,4,1.127150
u64,sip,1024,iter-back,micro,4,249.754593
u64,sip,1024,iter-back,baseline,4,243.317457
u64,sip,1024,iter-back,quick_cache,4,160.915799
u64,sip,1024,iter-back,lru,4,1.192848
u64,sip,1024,iter-back,micro,5,249.578399
u64,sip,1024,iter-back,baseline,5,248.928045
u64,sip,1024,iter-back,quick_cache,5,160.185611
u64,sip,1024,iter-back,lru,5,1.173074
u64,sip,1024,iter-back,hashlink,5,1.137182
u64,sip,1024,iter-back,baseline,6,249.260666
u64,sip,1024,iter-back,quick_cache,6,160.056295
u64,sip,1024,iter-back,lru,6,1.167648
u64,sip,1024,iter-back,hashlink,6,1.126013
u64,sip,1024,iter-back,micro,6,249.451754
u64,sip,1024,iter-back,quick_cache,7,159.937692
u64,sip,1024,iter-back,lru,7,1.182270
u64,sip,1024,iter-back,hashlink,7,1.145116
u64,sip,1024,iter-back,micro,7,250.097900
u64,sip,1024,iter-back,baseline,7,247.381428
u64,sip,1024,iter-back,lru,8,1.192348
u64,sip,1024,iter-back,hashlink,8,1.125218
u64,sip,1024,iter-back,micro,8,251.928996
u64,sip,1024,iter-back,baseline,8,246.366486
u64,sip,1024,iter-back,quick_cache,8,161.099936
u64,sip,1024,iter-empty,micro,0,0.922411
u64,sip,1024,iter-empty,baseline,0,248.336260
u64,sip,1024,iter-empty,quick_cache,0,159.867363
u64,sip,1024,iter-empty,lru,0,0.971837
u64,sip,1024,iter-empty,hashlink,0,0.987518
u64,sip,1024,iter-empty,baseline,1,243.256707
u64,sip,1024,iter-empty,quick_cache,1,160.426303
u64,sip,1024,iter-empty,lru,1,0.973490
u64,sip,1024,iter-empty,hashlink,1,0.981772
u64,sip,1024,iter-empty,micro,1,0.924781
u64,sip,1024,iter-empty,quick_cache,2,161.730319
u64,sip,1024,iter-empty,lru,2,0.997256
u64,sip,1024,iter-empty,hashlink,2,0.985276
u64,sip,1024,iter-empty,micro,2,0.926607
u64,sip,1024,iter-empty,baseline,2,251.057534
u64,sip,1024,iter-empty,lru,3,0.972635
u64,sip,1024,iter-empty,hashlink,3,0.992870
u64,sip,1024,iter-empty,micro,3,0.917089
u64,sip,1024,iter-empty,baseline,3,248.051042
u64,sip,1024,iter-empty,quick_cache,3,161.152255
u64,sip,1024,iter-empty,hashlink,4,1.002206
u64,sip,1024,iter-empty,micro,4,0.920162
u64,sip,1024,iter-empty,baseline,4,248.915605
u64,sip,1024,iter-empty,quick_cache,4,160.200275
u64,sip,1024,iter-empty,lru,4,0.978673
u64,sip,1024,iter-empty,micro,5,0.921883
u64,sip,1024,iter-empty,baseline,5,259.164231
u64,sip,1024,iter-empty,quick_cache,5,160.196273
u64,sip,1024,iter-empty,lru,5,0.970810
u64,sip,1024,iter-empty,hashlink,5,1.000064
u64,sip,1024,iter-empty,baseline,6,248.187401
u64,sip,1024,iter-empty,quick_cache,6,160.743737
u64,sip,1024,iter-empty,lru,6,0.995591
u64,sip,1024,iter-empty,hashlink,6,1.002097
u64,sip,1024,iter-empty,micro,6,0.920352
u64,sip,1024,iter-empty,quick_cache,7,161.714193
u64,sip,1024,iter-empty,lru,7,0.976593
u64,sip,1024,iter-empty,hashlink,7,1.001282
u64,sip,1024,iter-empty,micro,7,0.922869
u64,sip,1024,iter-empty,baseline,7,248.629620
u64,sip,1024,iter-empty,lru,8,0.976209
u64,sip,1024,iter-empty,hashlink,8,0.991522
u64,sip,1024,iter-empty,micro,8,0.880897
u64,sip,1024,iter-empty,baseline,8,247.315516
u64,sip,1024,iter-empty,quick_cache,8,160.574660
u64,sip,1024,iter-count,micro,0,0.385825
u64,sip,1024,iter-count,baseline,0,245.745850
u64,sip,1024,iter-count,quick_cache,0,478.710175
u64,sip,1024,iter-count,lru,0,0.390675
u64,sip,1024,iter-count,hashlink,0,0.394152
u64,sip,1024,iter-count,baseline,1,251.108023
u64,sip,1024,iter-count,quick_cache,1,460.082031
u64,sip,1024,iter-count,lru,1,0.398288
u64,sip,1024,iter-count,hashlink,1,0.391454
u64,sip,1024,iter-count,micro,1,0.396911
u64,sip,1024,iter-count,quick_cache,2,469.350632
u64,sip,1024,iter-count,lru,2,0.388724
u64,sip,1024,iter-count,hashlink,2,0.393937
u64,sip,1024,iter-count,micro,2,0.400414
u64,sip,1024,iter-count,baseline,2,250.993239
u64,sip,1024,iter-count,lru,3,0.391725
u64,sip,1024,iter-count,hashlink,3,0.401498
u64,sip,1024,iter-count,micro,3,0.397497
u64,sip,1024,iter-count,baseline,3,252.366286
u64,sip,1024,iter-count,quick_cache,3,465.603330
u64,sip,1024,iter-count,hashlink,4,0.390691
u64,sip,1024,iter-count,micro,4,0.390844
u64,sip,1024,iter-count,baseline,4,248.417722
u64,sip,1024,iter-count,quick_cache,4,486.911681
u64,sip,1024,iter-count,lru,4,0.392347
u64,sip,1024,iter-count,micro,5,0.396175
u64,sip,1024,iter-count,baseline,5,250.423628
u64,sip,1024,iter-count,quick_cache,5,462.224473
u64,sip,1024,iter-count,lru,5,0.390508
u64,sip,1024,iter-count,hashlink,5,0.384992
u64,sip,1024,iter-count,baseline,6,257.238590
u64,sip,1024,iter-count,quick_cache,6,460.615734
u64,sip,1024,iter-count,lru,6,0.390961
u64,sip,1024,iter-count,hashlink,6,0.391192
u64,sip,1024,iter-count,micro,6,0.397203
u64,sip,1024,iter-count,quick_cache,7,479.527915
u64,sip,1024,iter-count,lru,7,0.393529
u64,sip,1024,iter-count,hashlink,7,0.394555
u64,sip,1024,iter-count,micro,7,0.396196
u64,sip,1024,iter-count,baseline,7,251.126803
u64,sip,1024,iter-count,lru,8,0.389056
u64,sip,1024,iter-count,hashlink,8,0.392722
u64,sip,1024,iter-count,micro,8,0.402734
u64,sip,1024,iter-count,baseline,8,257.869572
u64,sip,1024,iter-count,quick_cache,8,550.338216
u64,sip,16384,iter-dense,micro,0,4583.370536
u64,sip,16384,iter-dense,baseline,0,4590.588393
u64,sip,16384,iter-dense,quick_cache,0,5046.101562
u64,sip,16384,iter-dense,lru,0,23529.388393
u64,sip,16384,iter-dense,hashlink,0,22055.175781
u64,sip,16384,iter-dense,baseline,1,4686.964154
u64,sip,16384,iter-dense,quick_cache,1,5368.011458
u64,sip,16384,iter-dense,lru,1,22012.207031
u64,sip,16384,iter-dense,hashlink,1,21407.062500
u64,sip,16384,iter-dense,micro,1,4783.933712
u64,sip,16384,iter-dense,quick_cache,2,5400.727371
u64,sip,16384,iter-dense,lru,2,22040.199219
u64,sip,16384,iter-dense,hashlink,2,21706.054688
u64,sip,16384,iter-dense,micro,2,4652.190257
u64,sip,16384,iter-dense,baseline,2,4767.361742
u64,sip,16384,iter-dense,lru,3,22545.758929
u64,sip,16384,iter-dense,hashlink,3,21783.367188
u64,sip,16384,iter-dense,micro,3,4636.642463
u64,sip,16384,iter-dense,baseline,3,4694.623162
u64,sip,16384,iter-dense,quick_cache,3,5452.766164
u64,sip,16384,iter-dense,hashlink,4,22586.312500
u64,sip,16384,iter-dense,micro,4,4679.955882
u64,sip,16384,iter-dense,baseline,4,4730.698529
u64,sip,16384,iter-dense,quick_cache,4,5371.223958
u64,sip,16384,iter-dense,lru,4,22234.699219
u64,sip,16384,iter-dense,micro,5,4708.678309
u64,sip,16384,iter-dense,baseline,5,4678.998162
u64,sip,16384,iter-dense,quick_cache,5,5371.181250
u64,sip,16384,iter-dense,lru,5,24019.901786
u64,sip,16384,iter-dense,hashlink,5,21189.128906
u64,sip,16384,iter-dense,baseline,6,4821.732955
u64,sip,16384,iter-dense,quick_cache,6,5533.539871
u64,sip,16384,iter-dense,lru,6,24607.700893
u64,sip,16384,iter-dense,hashlink,6,22042.968750
u64,sip,16384,iter-dense,micro,6,4567.299107
u64,sip,16384,iter-dense,quick_cache,7,5310.633333
u64,sip,16384,iter-dense,lru,7,21738.281250
u64,sip,16384,iter-dense,hashlink,7,21918.457031
u64,sip,16384,iter-dense,micro,7,4733.188419
u64,sip,16384,iter-dense,baseline,7,4628.752757
u64,sip,16384,iter-dense,lru,8,23139.138393
u64,sip,16384,iter-dense,hashlink,8,21979.328125
u64,sip,16384,iter-dense,micro,8,4623.545037
u64,sip,16384,iter-dense,baseline,8,4722.120404
u64,sip,16384,iter-dense,quick_cache,8,5305.729167
u64,sip,16384,iter-dense-for,micro,0,4672.871324
u64,sip,16384,iter-dense-for,baseline,0,4721.047794
u64,sip,16384,iter-dense-for,quick_cache,0,5428.475216
u64,sip,16384,iter-dense-for,lru,0,18961.371528
u64,sip,16384,iter-dense-for,hashlink,0,17489.440972
u64,sip,16384,iter-dense-for,baseline,1,4605.353860
u64,sip,16384,iter-dense-for,quick_cache,1,5396.596983
u64,sip,16384,iter-dense-for,lru,1,18109.229167
u64,sip,16384,iter-dense-for,hashlink,1,17247.656250
u64,sip,16384,iter-dense-for,micro,1,4635.034007
u64,sip,16384,iter-dense-for,quick_cache,2,5518.677802
u64,sip,16384,iter-dense-for,lru,2,17894.677083
u64,sip,16384,iter-dense-for,hashlink,2,17841.434028
u64,sip,16384,iter-dense-for,micro,2,4678.730699
u64,sip,16384,iter-dense-for,baseline,2,4492.671429
u64,sip,16384,iter-dense-for,lru,3,16918.228125
u64,sip,16384,iter-dense-for,hashlink,3,16498.178125
u64,sip,16384,iter-dense-for,micro,3,4600.106618
u64,sip,16384,iter-dense-for,baseline,3,4571.428571
u64,sip,16384,iter-dense-for,quick_cache,3,7923.957812
u64,sip,16384,iter-dense-for,hashlink,4,17304.559375
u64,sip,16384,iter-dense-for,micro,4,4724.800551
u64,sip,16384,iter-dense-for,baseline,4,4886.149414
u64,sip,16384,iter-dense-for,quick_cache,4,7936.003125
u64,sip,16384,iter-dense-for,lru,4,15223.485795
u64,sip,16384,iter-dense-for,micro,5,4834.122159
u64,sip,16384,iter-dense-for,baseline,5,4801.412879
u64,sip,16384,iter-dense-for,quick_cache,5,7966.926562
u64,sip,16384,iter-dense-for,lru,5,17448.496528
u64,sip,16384,iter-dense-for,hashlink,5,17071.353125
u64,sip,16384,iter-dense-for,baseline,6,4746.962121
u64,sip,16384,iter-dense-for,quick_cache,6,7953.254687
u64,sip,16384,iter-dense-for,lru,6,16490.625000
u64,sip,16384,iter-dense-for,hashlink,6,17306.250000
u64,sip,16384,iter-dense-for,micro,6,4678.308824
u64,sip,16384,iter-dense-for,quick_cache,7,8001.431250
u64,sip,16384,iter-dense-for,lru,7,16614.712500
u64,sip,16384,iter-dense-for,hashlink,7,17043.096875
u64,sip,16384,iter-dense-for,micro,7,4703.852941
u64,sip,16384,iter-dense-for,baseline,7,4880.287879
u64,sip,16384,iter-dense-for,lru,8,17086.456250
u64,sip,16384,iter-dense-for,hashlink,8,16376.043750
u64,sip,16384,iter-dense-for,micro,8,4795.375947
u64,sip,16384,iter-dense-for,baseline,8,4778.607008
u64,sip,16384,iter-dense-for,quick_cache,8,8020.637500
u64,sip,16384,iter-density-1pct,micro,0,5092.322581
u64,sip,16384,iter-density-1pct,baseline,0,5046.833669
u64,sip,16384,iter-density-1pct,quick_cache,0,5410.964440
u64,sip,16384,iter-density-1pct,lru,0,172.495861
u64,sip,16384,iter-density-1pct,hashlink,0,173.813646
u64,sip,16384,iter-density-1pct,baseline,1,4756.628788
u64,sip,16384,iter-density-1pct,quick_cache,1,4747.947917
u64,sip,16384,iter-density-1pct,lru,1,175.179863
u64,sip,16384,iter-density-1pct,hashlink,1,174.319468
u64,sip,16384,iter-density-1pct,micro,1,4884.196289
u64,sip,16384,iter-density-1pct,quick_cache,2,4933.389648
u64,sip,16384,iter-density-1pct,lru,2,174.348523
u64,sip,16384,iter-density-1pct,hashlink,2,175.525498
u64,sip,16384,iter-density-1pct,micro,2,5022.908203
u64,sip,16384,iter-density-1pct,baseline,2,4879.301136
u64,sip,16384,iter-density-1pct,lru,3,173.696493
u64,sip,16384,iter-density-1pct,hashlink,3,173.089113
u64,sip,16384,iter-density-1pct,micro,3,4843.513258
u64,sip,16384,iter-density-1pct,baseline,3,4890.380859
u64,sip,16384,iter-density-1pct,quick_cache,3,5027.872070
u64,sip,16384,iter-density-1pct,hashlink,4,171.784856
u64,sip,16384,iter-density-1pct,micro,4,4892.497070
u64,sip,16384,iter-density-1pct,baseline,4,5069.766129
u64,sip,16384,iter-density-1pct,quick_cache,4,4913.777344
u64,sip,16384,iter-density-1pct,lru,4,174.907369
u64,sip,16384,iter-density-1pct,micro,5,5195.479839
u64,sip,16384,iter-density-1pct,baseline,5,4862.294508
u64,sip,16384,iter-density-1pct,quick_cache,5,4968.017578
u64,sip,16384,iter-density-1pct,lru,5,184.943602
u64,sip,16384,iter-density-1pct,hashlink,5,171.773420
u64,sip,16384,iter-density-1pct,baseline,6,4887.232008
u64,sip,16384,iter-density-1pct,quick_cache,6,4934.082031
u64,sip,16384,iter-density-1pct,lru,6,179.436352
u64,sip,16384,iter-density-1pct,hashlink,6,176.268637
u64,sip,16384,iter-density-1pct,micro,6,4819.089015
u64,sip,16384,iter-density-1pct,quick_cache,7,5079.175403
u64,sip,16384,iter-density-1pct,lru,7,176.706674
u64,sip,16384,iter-density-1pct,hashlink,7,172.078383
u64,sip,16384,iter-density-1pct,micro,7,4849.708333
u64,sip,16384,iter-density-1pct,baseline,7,4898.153320
u64,sip,16384,iter-density-1pct,lru,8,176.385264
u64,sip,16384,iter-density-1pct,hashlink,8,172.609409
u64,sip,16384,iter-density-1pct,micro,8,4872.080492
u64,sip,16384,iter-density-1pct,baseline,8,4895.222656
u64,sip,16384,iter-density-1pct,quick_cache,8,4911.051758
u64,sip,16384,iter-density-6pct,micro,0,4641.199449
u64,sip,16384,iter-density-6pct,baseline,0,4645.680147
u64,sip,16384,iter-density-6pct,quick_cache,0,4809.857008
u64,sip,16384,iter-density-6pct,lru,0,4690.870404
u64,sip,16384,iter-density-6pct,hashlink,0,4859.295455
u64,sip,16384,iter-density-6pct,baseline,1,5049.436492
u64,sip,16384,iter-density-6pct,quick_cache,1,5058.467742
u64,sip,16384,iter-density-6pct,lru,1,5924.527778
u64,sip,16384,iter-density-6pct,hashlink,1,5064.935484
u64,sip,16384,iter-density-6pct,micro,1,4667.279412
u64,sip,16384,iter-density-6pct,quick_cache,2,4772.293561
u64,sip,16384,iter-density-6pct,lru,2,4633.961397
u64,sip,16384,iter-density-6pct,hashlink,2,4560.900000
u64,sip,16384,iter-density-6pct,micro,2,4581.435714
u64,sip,16384,iter-density-6pct,baseline,2,4674.785846
u64,sip,16384,iter-density-6pct,lru,3,5212.457292
u64,sip,16384,iter-density-6pct,hashlink,3,4739.858902
u64,sip,16384,iter-density-6pct,micro,3,4574.739286
u64,sip,16384,iter-density-6pct,baseline,3,4676.087316
u64,sip,16384,iter-density-6pct,quick_cache,3,4987.345703
u64,sip,16384,iter-density-6pct,hashlink,4,5122.648185
u64,sip,16384,iter-density-6pct,micro,4,4776.080492
u64,sip,16384,iter-density-6pct,baseline,4,4737.821691
u64,sip,16384,iter-density-6pct,quick_cache,4,5020.792969
u64,sip,16384,iter-density-6pct,lru,4,5374.131250
u64,sip,16384,iter-density-6pct,micro,5,4681.794118
u64,sip,16384,iter-density-6pct,baseline,5,4770.281250
u64,sip,16384,iter-density-6pct,quick_cache,5,5135.248992
u64,sip,16384,iter-density-6pct,lru,5,5627.000000
u64,sip,16384,iter-density-6pct,hashlink,5,4730.659926
u64,sip,16384,iter-density-6pct,baseline,6,4675.704963
u64,sip,16384,iter-density-6pct,quick_cache,6,5117.984879
u64,sip,16384,iter-density-6pct,lru,6,5368.489583
u64,sip,16384,iter-density-6pct,hashlink,6,4736.782197
u64,sip,16384,iter-density-6pct,micro,6,4823.942235
u64,sip,16384,iter-density-6pct,quick_cache,7,4685.431985
u64,sip,16384,iter-density-6pct,lru,7,5714.146205
u64,sip,16384,iter-density-6pct,hashlink,7,5223.958333
u64,sip,16384,iter-density-6pct,micro,7,4801.096591
u64,sip,16384,iter-density-6pct,baseline,7,4692.134191
u64,sip,16384,iter-density-6pct,lru,8,5518.497845
u64,sip,16384,iter-density-6pct,hashlink,8,4944.416992
u64,sip,16384,iter-density-6pct,micro,8,4605.775735
u64,sip,16384,iter-density-6pct,baseline,8,4668.696691
u64,sip,16384,iter-density-6pct,quick_cache,8,4855.192235
u64,sip,16384,iter-density-quarter,micro,0,4224.099662
u64,sip,16384,iter-density-quarter,baseline,0,4171.566612
u64,sip,16384,iter-density-quarter,quick_cache,0,4953.491211
u64,sip,16384,iter-density-quarter,lru,0,7427.319602
u64,sip,16384,iter-density-quarter,hashlink,0,6650.932292
u64,sip,16384,iter-density-quarter,baseline,1,4186.849507
u64,sip,16384,iter-density-quarter,quick_cache,1,4960.531250
u64,sip,16384,iter-density-quarter,lru,1,7074.953804
u64,sip,16384,iter-density-quarter,hashlink,1,6686.848958
u64,sip,16384,iter-density-quarter,micro,1,4176.877467
u64,sip,16384,iter-density-quarter,quick_cache,2,4859.690341
u64,sip,16384,iter-density-quarter,lru,2,7380.089489
u64,sip,16384,iter-density-quarter,hashlink,2,6950.407609
u64,sip,16384,iter-density-quarter,micro,2,4139.562500
u64,sip,16384,iter-density-quarter,baseline,2,4209.634868
u64,sip,16384,iter-density-quarter,lru,3,6707.356771
u64,sip,16384,iter-density-quarter,hashlink,3,6098.156250
u64,sip,16384,iter-density-quarter,micro,3,4418.584201
u64,sip,16384,iter-density-quarter,baseline,3,4191.611842
u64,sip,16384,iter-density-quarter,quick_cache,3,4776.870265
u64,sip,16384,iter-density-quarter,hashlink,4,6179.887019
u64,sip,16384,iter-density-quarter,micro,4,4313.555743
u64,sip,16384,iter-density-quarter,baseline,4,4102.697917
u64,sip,16384,iter-density-quarter,quick_cache,4,4835.740530
u64,sip,16384,iter-density-quarter,lru,4,6720.052083
u64,sip,16384,iter-density-quarter,micro,5,4147.101151
u64,sip,16384,iter-density-quarter,baseline,5,4190.035362
u64,sip,16384,iter-density-quarter,quick_cache,5,5198.462702
u64,sip,16384,iter-density-quarter,lru,5,6370.260000
u64,sip,16384,iter-density-quarter,hashlink,5,6840.862772
u64,sip,16384,iter-density-quarter,baseline,6,4313.661318
u64,sip,16384,iter-density-quarter,quick_cache,6,5625.976562
u64,sip,16384,iter-density-quarter,lru,6,6641.817708
u64,sip,16384,iter-density-quarter,hashlink,6,7349.017045
u64,sip,16384,iter-density-quarter,micro,6,4131.750822
u64,sip,16384,iter-density-quarter,quick_cache,7,4869.830492
u64,sip,16384,iter-density-quarter,lru,7,6731.933594
u64,sip,16384,iter-density-quarter,hashlink,7,7449.901786
u64,sip,16384,iter-density-quarter,micro,7,4152.035362
u64,sip,16384,iter-density-quarter,baseline,7,4174.068257
u64,sip,16384,iter-density-quarter,lru,8,6632.269531
u64,sip,16384,iter-density-quarter,hashlink,8,7582.340774
u64,sip,16384,iter-density-quarter,micro,8,4167.454770
u64,sip,16384,iter-density-quarter,baseline,8,4212.856086
u64,sip,16384,iter-density-quarter,quick_cache,8,5005.453125
u64,sip,16384,iter-density-half,micro,0,4336.957770
u64,sip,16384,iter-density-half,baseline,0,4349.500868
u64,sip,16384,iter-density-half,quick_cache,0,5004.760742
u64,sip,16384,iter-density-half,lru,0,14653.764205
u64,sip,16384,iter-density-half,hashlink,0,15304.687500
u64,sip,16384,iter-density-half,baseline,1,4307.854730
u64,sip,16384,iter-density-half,quick_cache,1,5134.870968
u64,sip,16384,iter-density-half,lru,1,16077.862500
u64,sip,16384,iter-density-half,hashlink,1,14617.897727
u64,sip,16384,iter-density-half,micro,1,4494.642857
u64,sip,16384,iter-density-half,quick_cache,2,6206.180288
u64,sip,16384,iter-density-half,lru,2,18482.784722
u64,sip,16384,iter-density-half,hashlink,2,16060.415625
u64,sip,16384,iter-density-half,micro,2,5310.330208
u64,sip,16384,iter-density-half,baseline,2,4467.633929
u64,sip,16384,iter-density-half,lru,3,16682.681250
u64,sip,16384,iter-density-half,hashlink,3,17168.359375
u64,sip,16384,iter-density-half,micro,3,5631.929688
u64,sip,16384,iter-density-half,baseline,3,10537.066667
u64,sip,16384,iter-density-half,quick_cache,3,14863.466518
u64,sip,16384,iter-density-half,hashlink,4,55493.489583
u64,sip,16384,iter-density-half,micro,4,5671.782366
u64,sip,16384,iter-density-half,baseline,4,4484.040179
u64,sip,16384,iter-density-half,quick_cache,4,5070.060484
u64,sip,16384,iter-density-half,lru,4,14122.179688
u64,sip,16384,iter-density-half,micro,5,4459.418403
u64,sip,16384,iter-density-half,baseline,5,4458.441840
u64,sip,16384,iter-density-half,quick_cache,5,5110.509073
u64,sip,16384,iter-density-half,lru,5,15318.656250
u64,sip,16384,iter-density-half,hashlink,5,14219.579545
u64,sip,16384,iter-density-half,baseline,6,4465.784722
u64,sip,16384,iter-density-half,quick_cache,6,5078.083669
u64,sip,16384,iter-density-half,lru,6,13606.770833
u64,sip,16384,iter-density-half,hashlink,6,14569.718750
u64,sip,16384,iter-density-half,micro,6,4142.406250
u64,sip,16384,iter-density-half,quick_cache,7,4816.524621
u64,sip,16384,iter-density-half,lru,7,14719.579545
u64,sip,16384,iter-density-half,hashlink,7,13355.359375
u64,sip,16384,iter-density-half,micro,7,4199.629934
u64,sip,16384,iter-density-half,baseline,7,4193.702303
u64,sip,16384,iter-density-half,lru,8,14778.647727
u64,sip,16384,iter-density-half,hashlink,8,13665.039062
u64,sip,16384,iter-density-half,micro,8,4170.675987
u64,sip,16384,iter-density-half,baseline,8,4189.041941
u64,sip,16384,iter-density-half,quick_cache,8,4846.946023
u64,sip,16384,iter-front,micro,0,4066.940705
u64,sip,16384,iter-front,baseline,0,4121.231086
u64,sip,16384,iter-front,quick_cache,0,4968.261719
u64,sip,16384,iter-front,lru,0,1.180394
u64,sip,16384,iter-front,hashlink,0,1.147277
u64,sip,16384,iter-front,baseline,1,4146.038651
u64,sip,16384,iter-front,quick_cache,1,4900.431641
u64,sip,16384,iter-front,lru,1,1.179192
u64,sip,16384,iter-front,hashlink,1,1.139272
u64,sip,16384,iter-front,micro,1,4190.721217
u64,sip,16384,iter-front,quick_cache,2,4889.933594
u64,sip,16384,iter-front,lru,2,1.194344
u64,sip,16384,iter-front,hashlink,2,1.139081
u64,sip,16384,iter-front,micro,2,4192.913651
u64,sip,16384,iter-front,baseline,2,4113.931743
u64,sip,16384,iter-front,lru,3,1.179361
u64,sip,16384,iter-front,hashlink,3,1.197327
u64,sip,16384,iter-front,micro,3,4422.309028
u64,sip,16384,iter-front,baseline,3,4230.468750
u64,sip,16384,iter-front,quick_cache,3,5389.278017
u64,sip,16384,iter-front,hashlink,4,1.230234
u64,sip,16384,iter-front,micro,4,4499.962500
u64,sip,16384,iter-front,baseline,4,4201.377467
u64,sip,16384,iter-front,quick_cache,4,4875.828598
u64,sip,16384,iter-front,lru,4,1.189552
u64,sip,16384,iter-front,micro,5,4230.046453
u64,sip,16384,iter-front,baseline,5,4119.825658
u64,sip,16384,iter-front,quick_cache,5,4868.410985
u64,sip,16384,iter-front,lru,5,1.179397
u64,sip,16384,iter-front,hashlink,5,1.131541
u64,sip,16384,iter-front,baseline,6,4227.970439
u64,sip,16384,iter-front,quick_cache,6,4862.295455
u64,sip,16384,iter-front,lru,6,1.226144
u64,sip,16384,iter-front,hashlink,6,1.155319
u64,sip,16384,iter-front,micro,6,4150.356086
u64,sip,16384,iter-front,quick_cache,7,4974.121094
u64,sip,16384,iter-front,lru,7,1.202293
u64,sip,16384,iter-front,hashlink,7,1.134853
u64,sip,16384,iter-front,micro,7,4151.795230
u64,sip,16384,iter-front,baseline,7,4253.096284
u64,sip,16384,iter-front,lru,8,1.189769
u64,sip,16384,iter-front,hashlink,8,1.134845
u64,sip,16384,iter-front,micro,8,4232.017736
u64,sip,16384,iter-front,baseline,8,4131.064967
u64,sip,16384,iter-front,quick_cache,8,4987.997070
u64,sip,16384,iter-back,micro,0,4140.864309
u64,sip,16384,iter-back,baseline,0,4099.158654
u64,sip,16384,iter-back,quick_cache,0,5070.564516
u64,sip,16384,iter-back,lru,0,1.200022
u64,sip,16384,iter-back,hashlink,0,1.134820
u64,sip,16384,iter-back,baseline,1,4110.509615
u64,sip,16384,iter-back,quick_cache,1,5015.991211
u64,sip,16384,iter-back,lru,1,1.191357
u64,sip,16384,iter-back,hashlink,1,1.155499
u64,sip,16384,iter-back,micro,1,4190.207237
u64,sip,16384,iter-back,quick_cache,2,5008.749023
u64,sip,16384,iter-back,lru,2,1.182727
u64,sip,16384,iter-back,hashlink,2,1.145855
u64,sip,16384,iter-back,micro,2,4097.121795
u64,sip,16384,iter-back,baseline,2,4080.528846
u64,sip,16384,iter-back,lru,3,1.192848
u64,sip,16384,iter-back,hashlink,3,1.141294
u64,sip,16384,iter-back,micro,3,4119.928454
u64,sip,16384,iter-back,baseline,3,4155.907895
u64,sip,16384,iter-back,quick_cache,3,5017.008789
u64,sip,16384,iter-back,hashlink,4,1.137124
u64,sip,16384,iter-back,micro,4,4139.220395
u64,sip,16384,iter-back,baseline,4,4223.887669
u64,sip,16384,iter-back,quick_cache,4,5078.082661
u64,sip,16384,iter-back,lru,4,1.202265
u64,sip,16384,iter-back,micro,5,4129.591283
u64,sip,16384,iter-back,baseline,5,4133.258224
u64,sip,16384,iter-back,quick_cache,5,5025.634766
u64,sip,16384,iter-back,lru,5,1.195577
u64,sip,16384,iter-back,hashlink,5,1.175059
u64,sip,16384,iter-back,baseline,6,4157.722862
u64,sip,16384,iter-back,quick_cache,6,5007.690430
u64,sip,16384,iter-back,lru,6,1.195696
u64,sip,16384,iter-back,hashlink,6,1.148188
u64,sip,16384,iter-back,micro,6,4064.436699
u64,sip,16384,iter-back,quick_cache,7,4788.707386
u64,sip,16384,iter-back,lru,7,1.191130
u64,sip,16384,iter-back,hashlink,7,1.161218
u64,sip,16384,iter-back,micro,7,4136.342105
u64,sip,16384,iter-back,baseline,7,4157.004112
u64,sip,16384,iter-back,lru,8,1.194691
u64,sip,16384,iter-back,hashlink,8,1.147791
u64,sip,16384,iter-back,micro,8,4112.680288
u64,sip,16384,iter-back,baseline,8,4137.610197
u64,sip,16384,iter-back,quick_cache,8,5006.225586
u64,sip,16384,iter-empty,micro,0,0.938935
u64,sip,16384,iter-empty,baseline,0,4059.929487
u64,sip,16384,iter-empty,quick_cache,0,4994.669922
u64,sip,16384,iter-empty,lru,0,0.991604
u64,sip,16384,iter-empty,hashlink,0,1.010477
u64,sip,16384,iter-empty,baseline,1,4035.689904
u64,sip,16384,iter-empty,quick_cache,1,4981.242188
u64,sip,16384,iter-empty,lru,1,0.992656
u64,sip,16384,iter-empty,hashlink,1,0.995578
u64,sip,16384,iter-empty,micro,1,0.935164
u64,sip,16384,iter-empty,quick_cache,2,5079.385081
u64,sip,16384,iter-empty,lru,2,0.989200
u64,sip,16384,iter-empty,hashlink,2,0.994760
u64,sip,16384,iter-empty,micro,2,0.935298
u64,sip,16384,iter-empty,baseline,2,4176.809211
u64,sip,16384,iter-empty,lru,3,0.951062
u64,sip,16384,iter-empty,hashlink,3,0.974303
u64,sip,16384,iter-empty,micro,3,0.926497
u64,sip,16384,iter-empty,baseline,3,3922.428906
u64,sip,16384,iter-empty,quick_cache,3,5058.510081
u64,sip,16384,iter-empty,hashlink,4,0.990717
u64,sip,16384,iter-empty,micro,4,0.926277
u64,sip,16384,iter-empty,baseline,4,3983.951562
u64,sip,16384,iter-empty,quick_cache,4,5071.740927
u64,sip,16384,iter-empty,lru,4,0.974504
u64,sip,16384,iter-empty,micro,5,0.926502
u64,sip,16384,iter-empty,baseline,5,3969.042969
u64,sip,16384,iter-empty,quick_cache,5,5117.272177
u64,sip,16384,iter-empty,lru,5,0.982599
u64,sip,16384,iter-empty,hashlink,5,1.000743
u64,sip,16384,iter-empty,baseline,6,4205.250000
u64,sip,16384,iter-empty,quick_cache,6,5142.599798
u64,sip,16384,iter-empty,lru,6,0.977381
u64,sip,16384,iter-empty,hashlink,6,0.992978
u64,sip,16384,iter-empty,micro,6,0.940512
u64,sip,16384,iter-empty,quick_cache,7,5187.038306
u64,sip,16384,iter-empty,lru,7,0.975100
u64,sip,16384,iter-empty,hashlink,7,1.008956
u64,sip,16384,iter-empty,micro,7,0.924037
u64,sip,16384,iter-empty,baseline,7,3982.226562
u64,sip,16384,iter-empty,lru,8,0.990648
u64,sip,16384,iter-empty,hashlink,8,1.013308
u64,sip,16384,iter-empty,micro,8,0.919334
u64,sip,16384,iter-empty,baseline,8,4039.129808
u64,sip,16384,iter-empty,quick_cache,8,5290.364583
u64,sip,16384,iter-count,micro,0,0.383650
u64,sip,16384,iter-count,baseline,0,4059.212500
u64,sip,16384,iter-count,quick_cache,0,7924.479167
u64,sip,16384,iter-count,lru,0,0.396923
u64,sip,16384,iter-count,hashlink,0,0.395866
u64,sip,16384,iter-count,baseline,1,4076.888281
u64,sip,16384,iter-count,quick_cache,1,7755.587240
u64,sip,16384,iter-count,lru,1,0.397300
u64,sip,16384,iter-count,hashlink,1,0.397727
u64,sip,16384,iter-count,micro,1,0.403650
u64,sip,16384,iter-count,quick_cache,2,7796.875000
u64,sip,16384,iter-count,lru,2,0.402104
u64,sip,16384,iter-count,hashlink,2,0.395706
u64,sip,16384,iter-count,micro,2,0.397761
u64,sip,16384,iter-count,baseline,2,6932.006836
u64,sip,16384,iter-count,lru,3,1.293985
u64,sip,16384,iter-count,hashlink,3,0.663484
u64,sip,16384,iter-count,micro,3,0.381074
u64,sip,16384,iter-count,baseline,3,4128.027344
u64,sip,16384,iter-count,quick_cache,3,7800.130208
u64,sip,16384,iter-count,hashlink,4,0.399690
u64,sip,16384,iter-count,micro,4,0.387232
u64,sip,16384,iter-count,baseline,4,4009.505469
u64,sip,16384,iter-count,quick_cache,4,7489.420573
u64,sip,16384,iter-count,lru,4,0.396864
u64,sip,16384,iter-count,micro,5,0.408843
u64,sip,16384,iter-count,baseline,5,3927.214063
u64,sip,16384,iter-count,quick_cache,5,7709.092448
u64,sip,16384,iter-count,lru,5,0.380185
u64,sip,16384,iter-count,hashlink,5,0.393783
u64,sip,16384,iter-count,baseline,6,4039.485156
u64,sip,16384,iter-count,quick_cache,6,7981.554688
u64,sip,16384,iter-count,lru,6,0.393065
u64,sip,16384,iter-count,hashlink,6,0.395834
u64,sip,16384,iter-count,micro,6,0.400970
u64,sip,16384,iter-count,quick_cache,7,7699.652344
u64,sip,16384,iter-count,lru,7,0.399796
u64,sip,16384,iter-count,hashlink,7,0.394235
u64,sip,16384,iter-count,micro,7,0.398002
u64,sip,16384,iter-count,baseline,7,4049.544531
u64,sip,16384,iter-count,lru,8,0.394577
u64,sip,16384,iter-count,hashlink,8,0.396815
u64,sip,16384,iter-count,micro,8,0.394853
u64,sip,16384,iter-count,baseline,8,4049.251563
u64,sip,16384,iter-count,quick_cache,8,7894.966146
u64,ahash,128,iter-dense,micro,0,38.303271
u64,ahash,128,iter-dense,baseline,0,38.598134
u64,ahash,128,iter-dense,quick_cache,0,28.552331
u64,ahash,128,iter-dense,lru,0,136.264658
u64,ahash,128,iter-dense,hashlink,0,127.087576
u64,ahash,128,iter-dense,baseline,1,37.674723
u64,ahash,128,iter-dense,quick_cache,1,29.051055
u64,ahash,128,iter-dense,lru,1,129.012608
u64,ahash,128,iter-dense,hashlink,1,128.465463
u64,ahash,128,iter-dense,micro,1,37.542097
u64,ahash,128,iter-dense,quick_cache,2,34.604102
u64,ahash,128,iter-dense,lru,2,144.070421
u64,ahash,128,iter-dense,hashlink,2,127.236524
u64,ahash,128,iter-dense,micro,2,36.499394
u64,ahash,128,iter-dense,baseline,2,37.760102
u64,ahash,128,iter-dense,lru,3,129.598336
u64,ahash,128,iter-dense,hashlink,3,127.476728
u64,ahash,128,iter-dense,micro,3,37.606235
u64,ahash,128,iter-dense,baseline,3,38.025585
u64,ahash,128,iter-dense,quick_cache,3,29.059925
u64,ahash,128,iter-dense,hashlink,4,132.912149
u64,ahash,128,iter-dense,micro,4,38.426981
u64,ahash,128,iter-dense,baseline,4,38.231619
u64,ahash,128,iter-dense,quick_cache,4,29.019655
u64,ahash,128,iter-dense,lru,4,130.147611
u64,ahash,128,iter-dense,micro,5,38.064928
u64,ahash,128,iter-dense,baseline,5,38.356483
u64,ahash,128,iter-dense,quick_cache,5,28.815105
u64,ahash,128,iter-dense,lru,5,128.106865
u64,ahash,128,iter-dense,hashlink,5,131.475373
u64,ahash,128,iter-dense,baseline,6,38.125091
u64,ahash,128,iter-dense,quick_cache,6,28.654193
u64,ahash,128,iter-dense,lru,6,127.911058
u64,ahash,128,iter-dense,hashlink,6,126.709380
u64,ahash,128,iter-dense,micro,6,37.949186
u64,ahash,128,iter-dense,quick_cache,7,28.585576
u64,ahash,128,iter-dense,lru,7,135.283631
u64,ahash,128,iter-dense,hashlink,7,126.905565
u64,ahash,128,iter-dense,micro,7,37.911731
u64,ahash,128,iter-dense,baseline,7,39.163017
u64,ahash,128,iter-dense,lru,8,129.765301
u64,ahash,128,iter-dense,hashlink,8,128.377078
u64,ahash,128,iter-dense,micro,8,38.164873
u64,ahash,128,iter-dense,baseline,8,38.333686
u64,ahash,128,iter-dense,quick_cache,8,28.937593
u64,ahash,128,iter-dense-for,micro,0,38.890742
u64,ahash,128,iter-dense-for,baseline,0,37.909836
u64,ahash,128,iter-dense-for,quick_cache,0,38.685960
u64,ahash,128,iter-dense-for,lru,0,78.914789
u64,ahash,128,iter-dense-for,hashlink,0,68.596013
u64,ahash,128,iter-dense-for,baseline,1,37.747841
u64,ahash,128,iter-dense-for,quick_cache,1,38.393543
u64,ahash,128,iter-dense-for,lru,1,83.879881
u64,ahash,128,iter-dense-for,hashlink,1,69.081220
u64,ahash,128,iter-dense-for,micro,1,38.306915
u64,ahash,128,iter-dense-for,quick_cache,2,38.745777
u64,ahash,128,iter-dense-for,lru,2,78.719301
u64,ahash,128,iter-dense-for,hashlink,2,68.786903
u64,ahash,128,iter-dense-for,micro,2,38.522030
u64,ahash,128,iter-dense-for,baseline,2,37.735579
u64,ahash,128,iter-dense-for,lru,3,80.885530
u64,ahash,128,iter-dense-for,hashlink,3,68.501219
u64,ahash,128,iter-dense-for,micro,3,38.296435
u64,ahash,128,iter-dense-for,baseline,3,42.671141
u64,ahash,128,iter-dense-for,quick_cache,3,41.362422
u64,ahash,128,iter-dense-for,hashlink,4,69.922176
u64,ahash,128,iter-dense-for,micro,4,38.329217
u64,ahash,128,iter-dense-for,baseline,4,37.088513
u64,ahash,128,iter-dense-for,quick_cache,4,38.116105
u64,ahash,128,iter-dense-for,lru,4,79.493976
u64,ahash,128,iter-dense-for,micro,5,37.876235
u64,ahash,128,iter-dense-for,baseline,5,37.827554
u64,ahash,128,iter-dense-for,quick_cache,5,38.219285
u64,ahash,128,iter-dense-for,lru,5,80.879464
u64,ahash,128,iter-dense-for,hashlink,5,70.511691
u64,ahash,128,iter-dense-for,baseline,6,37.527453
u64,ahash,128,iter-dense-for,quick_cache,6,38.417220
u64,ahash,128,iter-dense-for,lru,6,78.964550
u64,ahash,128,iter-dense-for,hashlink,6,69.924497
u64,ahash,128,iter-dense-for,micro,6,39.159398
u64,ahash,128,iter-dense-for,quick_cache,7,38.125724
u64,ahash,128,iter-dense-for,lru,7,80.027778
u64,ahash,128,iter-dense-for,hashlink,7,69.277648
u64,ahash,128,iter-dense-for,micro,7,38.029767
u64,ahash,128,iter-dense-for,baseline,7,37.858202
u64,ahash,128,iter-dense-for,lru,8,82.594196
u64,ahash,128,iter-dense-for,hashlink,8,68.218136
u64,ahash,128,iter-dense-for,micro,8,36.565264
u64,ahash,128,iter-dense-for,baseline,8,38.313933
u64,ahash,128,iter-dense-for,quick_cache,8,37.233939
u64,ahash,128,iter-density-1pct,micro,0,32.106913
u64,ahash,128,iter-density-1pct,baseline,0,32.105840
u64,ahash,128,iter-density-1pct,quick_cache,0,20.581043
u64,ahash,128,iter-density-1pct,lru,0,1.322852
u64,ahash,128,iter-density-1pct,hashlink,0,1.284296
u64,ahash,128,iter-density-1pct,baseline,1,32.565105
u64,ahash,128,iter-density-1pct,quick_cache,1,20.557020
u64,ahash,128,iter-density-1pct,lru,1,1.287481
u64,ahash,128,iter-density-1pct,hashlink,1,1.295369
u64,ahash,128,iter-density-1pct,micro,1,32.946579
u64,ahash,128,iter-density-1pct,quick_cache,2,20.896016
u64,ahash,128,iter-density-1pct,lru,2,1.313445
u64,ahash,128,iter-density-1pct,hashlink,2,1.282577
u64,ahash,128,iter-density-1pct,micro,2,32.676521
u64,ahash,128,iter-density-1pct,baseline,2,32.208316
u64,ahash,128,iter-density-1pct,lru,3,1.290554
u64,ahash,128,iter-density-1pct,hashlink,3,1.282767
u64,ahash,128,iter-density-1pct,micro,3,32.581676
u64,ahash,128,iter-density-1pct,baseline,3,34.248247
u64,ahash,128,iter-density-1pct,quick_cache,3,20.959960
u64,ahash,128,iter-density-1pct,hashlink,4,1.275937
u64,ahash,128,iter-density-1pct,micro,4,32.898296
u64,ahash,128,iter-density-1pct,baseline,4,32.222133
u64,ahash,128,iter-density-1pct,quick_cache,4,20.595982
u64,ahash,128,iter-density-1pct,lru,4,1.292989
u64,ahash,128,iter-density-1pct,micro,5,32.573523
u64,ahash,128,iter-density-1pct,baseline,5,32.197114
u64,ahash,128,iter-density-1pct,quick_cache,5,21.103418
u64,ahash,128,iter-density-1pct,lru,5,1.284328
u64,ahash,128,iter-density-1pct,hashlink,5,1.281441
u64,ahash,128,iter-density-1pct,baseline,6,33.488320
u64,ahash,128,iter-density-1pct,quick_cache,6,20.660308
u64,ahash,128,iter-density-1pct,lru,6,1.283020
u64,ahash,128,iter-density-1pct,hashlink,6,1.280035
u64,ahash,128,iter-density-1pct,micro,6,32.612407
u64,ahash,128,iter-density-1pct,quick_cache,7,20.716467
u64,ahash,128,iter-density-1pct,lru,7,1.296207
u64,ahash,128,iter-density-1pct,hashlink,7,1.295799
u64,ahash,128,iter-density-1pct,micro,7,33.034375
u64,ahash,128,iter-density-1pct,baseline,7,34.087942
u64,ahash,128,iter-density-1pct,lru,8,1.294071
u64,ahash,128,iter-density-1pct,hashlink,8,1.298297
u64,ahash,128,iter-density-1pct,micro,8,32.765596
u64,ahash,128,iter-density-1pct,baseline,8,34.320894
u64,ahash,128,iter-density-1pct,quick_cache,8,21.560008
u64,ahash,128,iter-density-6pct,micro,0,34.407447
u64,ahash,128,iter-density-6pct,baseline,0,35.846274
u64,ahash,128,iter-density-6pct,quick_cache,0,23.221745
u64,ahash,128,iter-density-6pct,lru,0,3.281419
u64,ahash,128,iter-density-6pct,hashlink,0,3.228066
u64,ahash,128,iter-density-6pct,baseline,1,35.371987
u64,ahash,128,iter-density-6pct,quick_cache,1,20.738288
u64,ahash,128,iter-density-6pct,lru,1,3.274857
u64,ahash,128,iter-density-6pct,hashlink,1,3.224296
u64,ahash,128,iter-density-6pct,micro,1,36.724258
u64,ahash,128,iter-density-6pct,quick_cache,2,20.618584
u64,ahash,128,iter-density-6pct,lru,2,3.255303
u64,ahash,128,iter-density-6pct,hashlink,2,3.207287
u64,ahash,128,iter-density-6pct,micro,2,35.459978
u64,ahash,128,iter-density-6pct,baseline,2,36.252044
u64,ahash,128,iter-density-6pct,lru,3,3.965467
u64,ahash,128,iter-density-6pct,hashlink,3,3.260058
u64,ahash,128,iter-density-6pct,micro,3,35.478150
u64,ahash,128,iter-density-6pct,baseline,3,36.424643
u64,ahash,128,iter-density-6pct,quick_cache,3,20.641030
u64,ahash,128,iter-density-6pct,hashlink,4,3.332365
u64,ahash,128,iter-density-6pct,micro,4,36.633534
u64,ahash,128,iter-density-6pct,baseline,4,35.042365
u64,ahash,128,iter-density-6pct,quick_cache,4,20.782422
u64,ahash,128,iter-density-6pct,lru,4,3.244987
u64,ahash,128,iter-density-6pct,micro,5,36.586382
u64,ahash,128,iter-density-6pct,baseline,5,34.939918
u64,ahash,128,iter-density-6pct,quick_cache,5,20.960484
u64,ahash,128,iter-density-6pct,lru,5,3.226639
u64,ahash,128,iter-density-6pct,hashlink,5,3.331869
u64,ahash,128,iter-density-6pct,baseline,6,35.534618
u64,ahash,128,iter-density-6pct,quick_cache,6,20.978962
u64,ahash,128,iter-density-6pct,lru,6,3.239013
u64,ahash,128,iter-density-6pct,hashlink,6,3.353940
u64,ahash,128,iter-density-6pct,micro,6,37.310530
u64,ahash,128,iter-density-6pct,quick_cache,7,20.892006
u64,ahash,128,iter-density-6pct,lru,7,3.241970
u64,ahash,128,iter-density-6pct,hashlink,7,3.318282
u64,ahash,128,iter-density-6pct,micro,7,36.786613
u64,ahash,128,iter-density-6pct,baseline,7,36.620672
u64,ahash,128,iter-density-6pct,lru,8,3.204931
u64,ahash,128,iter-density-6pct,hashlink,8,3.161893
u64,ahash,128,iter-density-6pct,micro,8,35.309817
u64,ahash,128,iter-density-6pct,baseline,8,35.386238
u64,ahash,128,iter-density-6pct,quick_cache,8,23.845829
u64,ahash,128,iter-density-quarter,micro,0,36.640292
u64,ahash,128,iter-density-quarter,baseline,0,37.017165
u64,ahash,128,iter-density-quarter,quick_cache,0,25.549236
u64,ahash,128,iter-density-quarter,lru,0,19.229687
u64,ahash,128,iter-density-quarter,hashlink,0,18.743159
u64,ahash,128,iter-density-quarter,baseline,1,36.911018
u64,ahash,128,iter-density-quarter,quick_cache,1,25.370012
u64,ahash,128,iter-density-quarter,lru,1,19.391800
u64,ahash,128,iter-density-quarter,hashlink,1,18.940341
u64,ahash,128,iter-density-quarter,micro,1,36.486910
u64,ahash,128,iter-density-quarter,quick_cache,2,25.763649
u64,ahash,128,iter-density-quarter,lru,2,19.447795
u64,ahash,128,iter-density-quarter,hashlink,2,18.586011
u64,ahash,128,iter-density-quarter,micro,2,36.658398
u64,ahash,128,iter-density-quarter,baseline,2,37.096546
u64,ahash,128,iter-density-quarter,lru,3,18.881464
u64,ahash,128,iter-density-quarter,hashlink,3,18.670559
u64,ahash,128,iter-density-quarter,micro,3,36.409796
u64,ahash,128,iter-density-quarter,baseline,3,37.252935
u64,ahash,128,iter-density-quarter,quick_cache,3,25.801292
u64,ahash,128,iter-density-quarter,hashlink,4,18.774845
u64,ahash,128,iter-density-quarter,micro,4,36.626817
u64,ahash,128,iter-density-quarter,baseline,4,37.634973
u64,ahash,128,iter-density-quarter,quick_cache,4,25.469473
u64,ahash,128,iter-density-quarter,lru,4,18.996551
u64,ahash,128,iter-density-quarter,micro,5,36.687933
u64,ahash,128,iter-density-quarter,baseline,5,38.172287
u64,ahash,128,iter-density-quarter,quick_cache,5,25.463505
u64,ahash,128,iter-density-quarter,lru,5,19.109274
u64,ahash,128,iter-density-quarter,hashlink,5,18.756501
u64,ahash,128,iter-density-quarter,baseline,6,36.933497
u64,ahash,128,iter-density-quarter,quick_cache,6,25.349433
u64,ahash,128,iter-density-quarter,lru,6,19.772950
u64,ahash,128,iter-density-quarter,hashlink,6,18.795481
u64,ahash,128,iter-density-quarter,micro,6,37.264794
u64,ahash,128,iter-density-quarter,quick_cache,7,25.979323
u64,ahash,128,iter-density-quarter,lru,7,19.168034
u64,ahash,128,iter-density-quarter,hashlink,7,18.790802
u64,ahash,128,iter-density-quarter,micro,7,37.157052
u64,ahash,128,iter-density-quarter,baseline,7,36.970295
u64,ahash,128,iter-density-quarter,lru,8,18.886740
u64,ahash,128,iter-density-quarter,hashlink,8,18.964116
u64,ahash,128,iter-density-quarter,micro,8,36.684822
u64,ahash,128,iter-density-quarter,baseline,8,38.631474
u64,ahash,128,iter-density-quarter,quick_cache,8,25.689334
u64,ahash,128,iter-density-half,micro,0,37.894603
u64,ahash,128,iter-density-half,baseline,0,38.014755
u64,ahash,128,iter-density-half,quick_cache,0,29.595762
u64,ahash,128,iter-density-half,lru,0,51.006487
u64,ahash,128,iter-density-half,hashlink,0,49.889907
u64,ahash,128,iter-density-half,baseline,1,38.214508
u64,ahash,128,iter-density-half,quick_cache,1,29.863319
u64,ahash,128,iter-density-half,lru,1,50.692558
u64,ahash,128,iter-density-half,hashlink,1,50.231286
u64,ahash,128,iter-density-half,micro,1,38.399939
u64,ahash,128,iter-density-half,quick_cache,2,28.610073
u64,ahash,128,iter-density-half,lru,2,49.384106
u64,ahash,128,iter-density-half,hashlink,2,49.351299
u64,ahash,128,iter-density-half,micro,2,38.414339
u64,ahash,128,iter-density-half,baseline,2,37.760105
u64,ahash,128,iter-density-half,lru,3,50.368756
u64,ahash,128,iter-density-half,hashlink,3,49.355368
u64,ahash,128,iter-density-half,micro,3,37.133206
u64,ahash,128,iter-density-half,baseline,3,38.042509
u64,ahash,128,iter-density-half,quick_cache,3,29.806856
u64,ahash,128,iter-density-half,hashlink,4,49.300079
u64,ahash,128,iter-density-half,micro,4,37.181091
u64,ahash,128,iter-density-half,baseline,4,37.582860
u64,ahash,128,iter-density-half,quick_cache,4,29.615239
u64,ahash,128,iter-density-half,lru,4,50.060148
u64,ahash,128,iter-density-half,micro,5,37.137536
u64,ahash,128,iter-density-half,baseline,5,37.980012
u64,ahash,128,iter-density-half,quick_cache,5,29.454330
u64,ahash,128,iter-density-half,lru,5,49.861399
u64,ahash,128,iter-density-half,hashlink,5,49.437975
u64,ahash,128,iter-density-half,baseline,6,37.590021
u64,ahash,128,iter-density-half,quick_cache,6,29.187920
u64,ahash,128,iter-density-half,lru,6,49.592391
u64,ahash,128,iter-density-half,hashlink,6,49.131228
u64,ahash,128,iter-density-half,micro,6,38.180018
u64,ahash,128,iter-density-half,quick_cache,7,28.901100
u64,ahash,128,iter-density-half,lru,7,50.230874
u64,ahash,128,iter-density-half,hashlink,7,48.883309
u64,ahash,128,iter-density-half,micro,7,37.101956
u64,ahash,128,iter-density-half,baseline,7,38.412419
u64,ahash,128,iter-density-half,lru,8,50.539113
u64,ahash,128,iter-density-half,hashlink,8,48.865580
u64,ahash,128,iter-density-half,micro,8,37.260260
u64,ahash,128,iter-density-half,baseline,8,37.594404
u64,ahash,128,iter-density-half,quick_cache,8,27.986975
u64,ahash,128,iter-front,micro,0,35.163282
u64,ahash,128,iter-front,baseline,0,35.196136
u64,ahash,128,iter-front,quick_cache,0,20.467350
u64,ahash,128,iter-front,lru,0,1.211832
u64,ahash,128,iter-front,hashlink,0,1.152864
u64,ahash,128,iter-front,baseline,1,36.078316
u64,ahash,128,iter-front,quick_cache,1,20.503756
u64,ahash,128,iter-front,lru,1,1.192976
u64,ahash,128,iter-front,hashlink,1,1.153060
u64,ahash,128,iter-front,micro,1,36.538403
u64,ahash,128,iter-front,quick_cache,2,20.778270
u64,ahash,128,iter-front,lru,2,1.186931
u64,ahash,128,iter-front,hashlink,2,1.138898
u64,ahash,128,iter-front,micro,2,36.472010
u64,ahash,128,iter-front,baseline,2,35.666265
u64,ahash,128,iter-front,lru,3,1.177237
u64,ahash,128,iter-front,hashlink,3,1.139771
u64,ahash,128,iter-front,micro,3,36.294444
u64,ahash,128,iter-front,baseline,3,37.561035
u64,ahash,128,iter-front,quick_cache,3,20.747241
u64,ahash,128,iter-front,hashlink,4,1.138085
u64,ahash,128,iter-front,micro,4,36.712202
u64,ahash,128,iter-front,baseline,4,35.658126
u64,ahash,128,iter-front,quick_cache,4,20.415183
u64,ahash,128,iter-front,lru,4,1.179450
u64,ahash,128,iter-front,micro,5,36.454689
u64,ahash,128,iter-front,baseline,5,36.579032
u64,ahash,128,iter-front,quick_cache,5,20.538105
u64,ahash,128,iter-front,lru,5,1.204109
u64,ahash,128,iter-front,hashlink,5,1.168923
u64,ahash,128,iter-front,baseline,6,36.485386
u64,ahash,128,iter-front,quick_cache,6,20.805248
u64,ahash,128,iter-front,lru,6,1.198007
u64,ahash,128,iter-front,hashlink,6,1.176342
u64,ahash,128,iter-front,micro,6,36.710374
u64,ahash,128,iter-front,quick_cache,7,20.737600
u64,ahash,128,iter-front,lru,7,1.192985
u64,ahash,128,iter-front,hashlink,7,1.151386
u64,ahash,128,iter-front,micro,7,36.793737
u64,ahash,128,iter-front,baseline,7,35.650582
u64,ahash,128,iter-front,lru,8,1.194782
u64,ahash,128,iter-front,hashlink,8,1.173295
u64,ahash,128,iter-front,micro,8,36.548169
u64,ahash,128,iter-front,baseline,8,35.681662
u64,ahash,128,iter-front,quick_cache,8,20.822749
u64,ahash,128,iter-back,micro,0,37.189010
u64,ahash,128,iter-back,baseline,0,37.168530
u64,ahash,128,iter-back,quick_cache,0,20.826045
u64,ahash,128,iter-back,lru,0,1.205521
u64,ahash,128,iter-back,hashlink,0,1.170342
u64,ahash,128,iter-back,baseline,1,37.126544
u64,ahash,128,iter-back,quick_cache,1,21.069487
u64,ahash,128,iter-back,lru,1,1.193049
u64,ahash,128,iter-back,hashlink,1,1.149345
u64,ahash,128,iter-back,micro,1,37.729607
u64,ahash,128,iter-back,quick_cache,2,20.931710
u64,ahash,128,iter-back,lru,2,1.211287
u64,ahash,128,iter-back,hashlink,2,1.135571
u64,ahash,128,iter-back,micro,2,37.760102
u64,ahash,128,iter-back,baseline,2,38.581852
u64,ahash,128,iter-back,lru,3,1.186237
u64,ahash,128,iter-back,hashlink,3,1.150928
u64,ahash,128,iter-back,micro,3,37.647178
u64,ahash,128,iter-back,baseline,3,37.729924
u64,ahash,128,iter-back,quick_cache,3,20.015091
u64,ahash,128,iter-back,hashlink,4,1.138417
u64,ahash,128,iter-back,micro,4,36.592813
u64,ahash,128,iter-back,baseline,4,36.569557
u64,ahash,128,iter-back,quick_cache,4,20.698449
u64,ahash,128,iter-back,lru,4,1.186436
u64,ahash,128,iter-back,micro,5,38.582176
u64,ahash,128,iter-back,baseline,5,36.498788
u64,ahash,128,iter-back,quick_cache,5,20.634400
u64,ahash,128,iter-back,lru,5,1.179601
u64,ahash,128,iter-back,hashlink,5,1.149446
u64,ahash,128,iter-back,baseline,6,42.427131
u64,ahash,128,iter-back,quick_cache,6,21.611705
u64,ahash,128,iter-back,lru,6,1.313389
u64,ahash,128,iter-back,hashlink,6,1.168880
u64,ahash,128,iter-back,micro,6,39.554195
u64,ahash,128,iter-back,quick_cache,7,21.576610
u64,ahash,128,iter-back,lru,7,1.191248
u64,ahash,128,iter-back,hashlink,7,1.133997
u64,ahash,128,iter-back,micro,7,38.462574
u64,ahash,128,iter-back,baseline,7,38.829841
u64,ahash,128,iter-back,lru,8,1.156123
u64,ahash,128,iter-back,hashlink,8,1.108258
u64,ahash,128,iter-back,micro,8,36.759733
u64,ahash,128,iter-back,baseline,8,36.557018
u64,ahash,128,iter-back,quick_cache,8,20.434210
u64,ahash,128,iter-empty,micro,0,0.914069
u64,ahash,128,iter-empty,baseline,0,35.836104
u64,ahash,128,iter-empty,quick_cache,0,20.516191
u64,ahash,128,iter-empty,lru,0,0.995445
u64,ahash,128,iter-empty,hashlink,0,1.018201
u64,ahash,128,iter-empty,baseline,1,35.880992
u64,ahash,128,iter-empty,quick_cache,1,20.336495
u64,ahash,128,iter-empty,lru,1,0.995350
u64,ahash,128,iter-empty,hashlink,1,1.146932
u64,ahash,128,iter-empty,micro,1,0.917348
u64,ahash,128,iter-empty,quick_cache,2,22.091603
u64,ahash,128,iter-empty,lru,2,0.995451
u64,ahash,128,iter-empty,hashlink,2,0.991359
u64,ahash,128,iter-empty,micro,2,0.896973
u64,ahash,128,iter-empty,baseline,2,35.306287
u64,ahash,128,iter-empty,lru,3,0.968194
u64,ahash,128,iter-empty,hashlink,3,1.026205
u64,ahash,128,iter-empty,micro,3,0.922237
u64,ahash,128,iter-empty,baseline,3,36.419191
u64,ahash,128,iter-empty,quick_cache,3,22.138734
u64,ahash,128,iter-empty,hashlink,4,1.011916
u64,ahash,128,iter-empty,micro,4,0.924863
u64,ahash,128,iter-empty,baseline,4,36.478693
u64,ahash,128,iter-empty,quick_cache,4,20.527994
u64,ahash,128,iter-empty,lru,4,1.000948
u64,ahash,128,iter-empty,micro,5,0.918826
u64,ahash,128,iter-empty,baseline,5,36.575682
u64,ahash,128,iter-empty,quick_cache,5,20.870722
u64,ahash,128,iter-empty,lru,5,1.022338
u64,ahash,128,iter-empty,hashlink,5,1.024100
u64,ahash,128,iter-empty,baseline,6,36.436480
u64,ahash,128,iter-empty,quick_cache,6,20.921371
u64,ahash,128,iter-empty,lru,6,1.002772
u64,ahash,128,iter-empty,hashlink,6,1.019696
u64,ahash,128,iter-empty,micro,6,0.947291
u64,ahash,128,iter-empty,quick_cache,7,21.836462
u64,ahash,128,iter-empty,lru,7,0.981527
u64,ahash,128,iter-empty,hashlink,7,1.013827
u64,ahash,128,iter-empty,micro,7,0.918831
u64,ahash,128,iter-empty,baseline,7,35.513430
u64,ahash,128,iter-empty,lru,8,1.002277
u64,ahash,128,iter-empty,hashlink,8,1.031878
u64,ahash,128,iter-empty,micro,8,0.920130
u64,ahash,128,iter-empty,baseline,8,36.233422
u64,ahash,128,iter-empty,quick_cache,8,21.847036
u64,ahash,128,iter-count,micro,0,0.392213
u64,ahash,128,iter-count,baseline,0,35.057075
u64,ahash,128,iter-count,quick_cache,0,52.315727
u64,ahash,128,iter-count,lru,0,0.391098
u64,ahash,128,iter-count,hashlink,0,0.389558
u64,ahash,128,iter-count,baseline,1,35.719514
u64,ahash,128,iter-count,quick_cache,1,54.373741
u64,ahash,128,iter-count,lru,1,0.387944
u64,ahash,128,iter-count,hashlink,1,0.390703
u64,ahash,128,iter-count,micro,1,0.403378
u64,ahash,128,iter-count,quick_cache,2,52.431101
u64,ahash,128,iter-count,lru,2,0.389860
u64,ahash,128,iter-count,hashlink,2,0.391361
u64,ahash,128,iter-count,micro,2,0.393942
u64,ahash,128,iter-count,baseline,2,35.357567
u64,ahash,128,iter-count,lru,3,0.394726
u64,ahash,128,iter-count,hashlink,3,0.392683
u64,ahash,128,iter-count,micro,3,0.392904
u64,ahash,128,iter-count,baseline,3,35.420438
u64,ahash,128,iter-count,quick_cache,3,54.127986
u64,ahash,128,iter-count,hashlink,4,0.381932
u64,ahash,128,iter-count,micro,4,0.394829
u64,ahash,128,iter-count,baseline,4,36.322796
u64,ahash,128,iter-count,quick_cache,4,51.990702
u64,ahash,128,iter-count,lru,4,0.389954
u64,ahash,128,iter-count,micro,5,0.390714
u64,ahash,128,iter-count,baseline,5,35.820105
u64,ahash,128,iter-count,quick_cache,5,51.959099
u64,ahash,128,iter-count,lru,5,0.389740
u64,ahash,128,iter-count,hashlink,5,0.394120
u64,ahash,128,iter-count,baseline,6,35.437542
u64,ahash,128,iter-count,quick_cache,6,53.565571
u64,ahash,128,iter-count,lru,6,0.398356
u64,ahash,128,iter-count,hashlink,6,0.397704
u64,ahash,128,iter-count,micro,6,0.396677
u64,ahash,128,iter-count,quick_cache,7,54.120315
u64,ahash,128,iter-count,lru,7,0.400929
u64,ahash,128,iter-count,hashlink,7,0.395570
u64,ahash,128,iter-count,micro,7,0.398421
u64,ahash,128,iter-count,baseline,7,37.174972
u64,ahash,128,iter-count,lru,8,0.390428
u64,ahash,128,iter-count,hashlink,8,0.398853
u64,ahash,128,iter-count,micro,8,0.400633
u64,ahash,128,iter-count,baseline,8,36.497814
u64,ahash,128,iter-count,quick_cache,8,52.171438
u64,ahash,1024,iter-dense,micro,0,271.534071
u64,ahash,1024,iter-dense,baseline,0,272.418990
u64,ahash,1024,iter-dense,quick_cache,0,250.690655
u64,ahash,1024,iter-dense,lru,0,1320.060924
u64,ahash,1024,iter-dense,hashlink,0,1275.649898
u64,ahash,1024,iter-dense,baseline,1,269.067341
u64,ahash,1024,iter-dense,quick_cache,1,246.746845
u64,ahash,1024,iter-dense,lru,1,1238.025098
u64,ahash,1024,iter-dense,hashlink,1,1220.294331
u64,ahash,1024,iter-dense,micro,1,273.968859
u64,ahash,1024,iter-dense,quick_cache,2,247.996335
u64,ahash,1024,iter-dense,lru,2,1240.430804
u64,ahash,1024,iter-dense,hashlink,2,1230.244873
u64,ahash,1024,iter-dense,micro,2,267.671768
u64,ahash,1024,iter-dense,baseline,2,271.203423
u64,ahash,1024,iter-dense,lru,3,1220.566860
u64,ahash,1024,iter-dense,hashlink,3,1221.832275
u64,ahash,1024,iter-dense,micro,3,270.587803
u64,ahash,1024,iter-dense,baseline,3,264.448498
u64,ahash,1024,iter-dense,quick_cache,3,242.810268
u64,ahash,1024,iter-dense,hashlink,4,1318.123950
u64,ahash,1024,iter-dense,micro,4,264.721711
u64,ahash,1024,iter-dense,baseline,4,265.757866
u64,ahash,1024,iter-dense,quick_cache,4,244.470215
u64,ahash,1024,iter-dense,lru,4,1236.712598
u64,ahash,1024,iter-dense,micro,5,269.656950
u64,ahash,1024,iter-dense,baseline,5,270.799524
u64,ahash,1024,iter-dense,quick_cache,5,249.389454
u64,ahash,1024,iter-dense,lru,5,1248.243056
u64,ahash,1024,iter-dense,hashlink,5,1233.083169
u64,ahash,1024,iter-dense,baseline,6,266.820446
u64,ahash,1024,iter-dense,quick_cache,6,244.111203
u64,ahash,1024,iter-dense,lru,6,1229.380371
u64,ahash,1024,iter-dense,hashlink,6,1236.722933
u64,ahash,1024,iter-dense,micro,6,287.470818
u64,ahash,1024,iter-dense,quick_cache,7,263.600495
u64,ahash,1024,iter-dense,lru,7,1269.153226
u64,ahash,1024,iter-dense,hashlink,7,1260.698000
u64,ahash,1024,iter-dense,micro,7,272.539199
u64,ahash,1024,iter-dense,baseline,7,263.077809
u64,ahash,1024,iter-dense,lru,8,1266.538558
u64,ahash,1024,iter-dense,hashlink,8,1264.606351
u64,ahash,1024,iter-dense,micro,8,263.765177
u64,ahash,1024,iter-dense,baseline,8,267.510256
u64,ahash,1024,iter-dense,quick_cache,8,248.057192
u64,ahash,1024,iter-dense-for,micro,0,272.146739
u64,ahash,1024,iter-dense-for,baseline,0,274.778449
u64,ahash,1024,iter-dense-for,quick_cache,0,493.892054
u64,ahash,1024,iter-dense-for,lru,0,753.273888
u64,ahash,1024,iter-dense-for,hashlink,0,810.489637
u64,ahash,1024,iter-dense-for,baseline,1,268.030392
u64,ahash,1024,iter-dense-for,quick_cache,1,492.097386
u64,ahash,1024,iter-dense-for,lru,1,721.312212
u64,ahash,1024,iter-dense-for,hashlink,1,737.777565
u64,ahash,1024,iter-dense-for,micro,1,272.074239
u64,ahash,1024,iter-dense-for,quick_cache,2,484.782121
u64,ahash,1024,iter-dense-for,lru,2,730.389603
u64,ahash,1024,iter-dense-for,hashlink,2,812.790155
u64,ahash,1024,iter-dense-for,micro,2,270.403060
u64,ahash,1024,iter-dense-for,baseline,2,269.879858
u64,ahash,1024,iter-dense-for,lru,3,740.258992
u64,ahash,1024,iter-dense-for,hashlink,3,845.981250
u64,ahash,1024,iter-dense-for,micro,3,267.852365
u64,ahash,1024,iter-dense-for,baseline,3,270.828802
u64,ahash,1024,iter-dense-for,quick_cache,3,489.457227
u64,ahash,1024,iter-dense-for,hashlink,4,781.744844
u64,ahash,1024,iter-dense-for,micro,4,269.421282
u64,ahash,1024,iter-dense-for,baseline,4,270.327342
u64,ahash,1024,iter-dense-for,quick_cache,4,491.610161
u64,ahash,1024,iter-dense-for,lru,4,763.281250
u64,ahash,1024,iter-dense-for,micro,5,267.852365
u64,ahash,1024,iter-dense-for,baseline,5,269.179432
u64,ahash,1024,iter-dense-for,quick_cache,5,485.992430
u64,ahash,1024,iter-dense-for,lru,5,731.868283
u64,ahash,1024,iter-dense-for,hashlink,5,825.383717
u64,ahash,1024,iter-dense-for,baseline,6,265.448164
u64,ahash,1024,iter-dense-for,quick_cache,6,487.486176
u64,ahash,1024,iter-dense-for,lru,6,760.581007
u64,ahash,1024,iter-dense-for,hashlink,6,797.778540
u64,ahash,1024,iter-dense-for,micro,6,266.034705
u64,ahash,1024,iter-dense-for,quick_cache,7,479.797738
u64,ahash,1024,iter-dense-for,lru,7,724.989149
u64,ahash,1024,iter-dense-for,hashlink,7,248.928095
u64,ahash,1024,iter-dense-for,micro,7,280.384241
u64,ahash,1024,iter-dense-for,baseline,7,270.295877
u64,ahash,1024,iter-dense-for,lru,8,730.152453
u64,ahash,1024,iter-dense-for,hashlink,8,676.728220
u64,ahash,1024,iter-dense-for,micro,8,272.645851
u64,ahash,1024,iter-dense-for,baseline,8,270.154145
u64,ahash,1024,iter-dense-for,quick_cache,8,496.631151
u64,ahash,1024,iter-density-1pct,micro,0,304.888036
u64,ahash,1024,iter-density-1pct,baseline,0,295.015212
u64,ahash,1024,iter-density-1pct,quick_cache,0,171.956649
u64,ahash,1024,iter-density-1pct,lru,0,4.390721
u64,ahash,1024,iter-density-1pct,hashlink,0,4.421160
u64,ahash,1024,iter-density-1pct,baseline,1,297.911667
u64,ahash,1024,iter-density-1pct,quick_cache,1,172.569157
u64,ahash,1024,iter-density-1pct,lru,1,4.421071
u64,ahash,1024,iter-density-1pct,hashlink,1,4.480233
u64,ahash,1024,iter-density-1pct,micro,1,330.262131
u64,ahash,1024,iter-density-1pct,quick_cache,2,181.176673
u64,ahash,1024,iter-density-1pct,lru,2,4.269592
u64,ahash,1024,iter-density-1pct,hashlink,2,4.190131
u64,ahash,1024,iter-density-1pct,micro,2,298.961281
u64,ahash,1024,iter-density-1pct,baseline,2,284.114602
u64,ahash,1024,iter-density-1pct,lru,3,4.183099
u64,ahash,1024,iter-density-1pct,hashlink,3,4.337217
u64,ahash,1024,iter-density-1pct,micro,3,301.922418
u64,ahash,1024,iter-density-1pct,baseline,3,289.064868
u64,ahash,1024,iter-density-1pct,quick_cache,3,162.369646
u64,ahash,1024,iter-density-1pct,hashlink,4,4.351677
u64,ahash,1024,iter-density-1pct,micro,4,292.294568
u64,ahash,1024,iter-density-1pct,baseline,4,291.441166
u64,ahash,1024,iter-density-1pct,quick_cache,4,163.623462
u64,ahash,1024,iter-density-1pct,lru,4,4.383049
u64,ahash,1024,iter-density-1pct,micro,5,296.105587
u64,ahash,1024,iter-density-1pct,baseline,5,294.052984
u64,ahash,1024,iter-density-1pct,quick_cache,5,167.508206
u64,ahash,1024,iter-density-1pct,lru,5,4.381046
u64,ahash,1024,iter-density-1pct,hashlink,5,4.330538
u64,ahash,1024,iter-density-1pct,baseline,6,302.181407
u64,ahash,1024,iter-density-1pct,quick_cache,6,162.570946
u64,ahash,1024,iter-density-1pct,lru,6,4.392253
u64,ahash,1024,iter-density-1pct,hashlink,6,4.416410
u64,ahash,1024,iter-density-1pct,micro,6,302.508946
u64,ahash,1024,iter-density-1pct,quick_cache,7,164.221179
u64,ahash,1024,iter-density-1pct,lru,7,4.424377
u64,ahash,1024,iter-density-1pct,hashlink,7,4.361880
u64,ahash,1024,iter-density-1pct,micro,7,296.823114
u64,ahash,1024,iter-density-1pct,baseline,7,297.773586
u64,ahash,1024,iter-density-1pct,lru,8,4.435770
u64,ahash,1024,iter-density-1pct,hashlink,8,4.366879
u64,ahash,1024,iter-density-1pct,micro,8,296.946632
u64,ahash,1024,iter-density-1pct,baseline,8,296.270774
u64,ahash,1024,iter-density-1pct,quick_cache,8,162.750911
u64,ahash,1024,iter-density-6pct,micro,0,289.348891
u64,ahash,1024,iter-density-6pct,baseline,0,292.382185
u64,ahash,1024,iter-density-6pct,quick_cache,0,164.547697
u64,ahash,1024,iter-density-6pct,lru,0,51.070598
u64,ahash,1024,iter-density-6pct,hashlink,0,50.517721
u64,ahash,1024,iter-density-6pct,baseline,1,297.864583
u64,ahash,1024,iter-density-6pct,quick_cache,1,162.694036
u64,ahash,1024,iter-density-6pct,lru,1,49.640069
u64,ahash,1024,iter-density-6pct,hashlink,1,50.693825
u64,ahash,1024,iter-density-6pct,micro,1,293.095506
u64,ahash,1024,iter-density-6pct,quick_cache,2,162.411572
u64,ahash,1024,iter-density-6pct,lru,2,49.985665
u64,ahash,1024,iter-density-6pct,hashlink,2,49.405479
u64,ahash,1024,iter-density-6pct,micro,2,290.287280
u64,ahash,1024,iter-density-6pct,baseline,2,290.696155
u64,ahash,1024,iter-density-6pct,lru,3,51.713652
u64,ahash,1024,iter-density-6pct,hashlink,3,48.903493
u64,ahash,1024,iter-density-6pct,micro,3,288.550796
u64,ahash,1024,iter-density-6pct,baseline,3,293.007783
u64,ahash,1024,iter-density-6pct,quick_cache,3,165.253105
u64,ahash,1024,iter-density-6pct,hashlink,4,49.837911
u64,ahash,1024,iter-density-6pct,micro,4,291.288408
u64,ahash,1024,iter-density-6pct,baseline,4,300.333913
u64,ahash,1024,iter-density-6pct,quick_cache,4,161.569957
u64,ahash,1024,iter-density-6pct,lru,4,49.823677
u64,ahash,1024,iter-density-6pct,micro,5,286.971961
u64,ahash,1024,iter-density-6pct,baseline,5,287.647920
u64,ahash,1024,iter-density-6pct,quick_cache,5,165.615632
u64,ahash,1024,iter-density-6pct,lru,5,50.628563
u64,ahash,1024,iter-density-6pct,hashlink,5,49.873574
u64,ahash,1024,iter-density-6pct,baseline,6,288.478725
u64,ahash,1024,iter-density-6pct,quick_cache,6,163.638482
u64,ahash,1024,iter-density-6pct,lru,6,51.256139
u64,ahash,1024,iter-density-6pct,hashlink,6,48.916764
u64,ahash,1024,iter-density-6pct,micro,6,289.137130
u64,ahash,1024,iter-density-6pct,quick_cache,7,162.473460
u64,ahash,1024,iter-density-6pct,lru,7,52.032166
u64,ahash,1024,iter-density-6pct,hashlink,7,49.354558
u64,ahash,1024,iter-density-6pct,micro,7,288.752595
u64,ahash,1024,iter-density-6pct,baseline,7,280.297939
u64,ahash,1024,iter-density-6pct,lru,8,51.267388
u64,ahash,1024,iter-density-6pct,hashlink,8,48.276037
u64,ahash,1024,iter-density-6pct,micro,8,282.218355
u64,ahash,1024,iter-density-6pct,baseline,8,287.312845
u64,ahash,1024,iter-density-6pct,quick_cache,8,178.824907
u64,ahash,1024,iter-density-quarter,micro,0,266.109960
u64,ahash,1024,iter-density-quarter,baseline,0,256.352459
u64,ahash,1024,iter-density-quarter,quick_cache,0,194.719022
u64,ahash,1024,iter-density-quarter,lru,0,290.746980
u64,ahash,1024,iter-density-quarter,hashlink,0,293.010241
u64,ahash,1024,iter-density-quarter,baseline,1,255.964863
u64,ahash,1024,iter-density-quarter,quick_cache,1,195.307623
u64,ahash,1024,iter-density-quarter,lru,1,293.840108
u64,ahash,1024,iter-density-quarter,hashlink,1,310.502914
u64,ahash,1024,iter-density-quarter,micro,1,254.090447
u64,ahash,1024,iter-density-quarter,quick_cache,2,195.483398
u64,ahash,1024,iter-density-quarter,lru,2,287.186984
u64,ahash,1024,iter-density-quarter,hashlink,2,292.905314
u64,ahash,1024,iter-density-quarter,micro,2,259.373704
u64,ahash,1024,iter-density-quarter,baseline,2,262.529258
u64,ahash,1024,iter-density-quarter,lru,3,294.533251
u64,ahash,1024,iter-density-quarter,hashlink,3,300.158949
u64,ahash,1024,iter-density-quarter,micro,3,257.266396
u64,ahash,1024,iter-density-quarter,baseline,3,264.287743
u64,ahash,1024,iter-density-quarter,quick_cache,3,197.351128
u64,ahash,1024,iter-density-quarter,hashlink,4,293.808212
u64,ahash,1024,iter-density-quarter,micro,4,257.803954
u64,ahash,1024,iter-density-quarter,baseline,4,257.131476
u64,ahash,1024,iter-density-quarter,quick_cache,4,198.342997
u64,ahash,1024,iter-density-quarter,lru,4,311.273157
u64,ahash,1024,iter-density-quarter,micro,5,255.163744
u64,ahash,1024,iter-density-quarter,baseline,5,259.097320
u64,ahash,1024,iter-density-quarter,quick_cache,5,195.755749
u64,ahash,1024,iter-density-quarter,lru,5,285.837066
u64,ahash,1024,iter-density-quarter,hashlink,5,295.201946
u64,ahash,1024,iter-density-quarter,baseline,6,256.271363
u64,ahash,1024,iter-density-quarter,quick_cache,6,195.286478
u64,ahash,1024,iter-density-quarter,lru,6,291.293238
u64,ahash,1024,iter-density-quarter,hashlink,6,303.037185
u64,ahash,1024,iter-density-quarter,micro,6,257.473538
u64,ahash,1024,iter-density-quarter,quick_cache,7,196.547445
u64,ahash,1024,iter-density-quarter,lru,7,287.461225
u64,ahash,1024,iter-density-quarter,hashlink,7,296.458215
u64,ahash,1024,iter-density-quarter,micro,7,258.207818
u64,ahash,1024,iter-density-quarter,baseline,7,263.117266
u64,ahash,1024,iter-density-quarter,lru,8,288.216045
u64,ahash,1024,iter-density-quarter,hashlink,8,292.238610
u64,ahash,1024,iter-density-quarter,micro,8,262.459365
u64,ahash,1024,iter-density-quarter,baseline,8,258.991670
u64,ahash,1024,iter-density-quarter,quick_cache,8,195.620502
u64,ahash,1024,iter-density-half,micro,0,264.693052
u64,ahash,1024,iter-density-half,baseline,0,266.711551
u64,ahash,1024,iter-density-half,quick_cache,0,227.170013
u64,ahash,1024,iter-density-half,lru,0,605.473697
u64,ahash,1024,iter-density-half,hashlink,0,610.114664
u64,ahash,1024,iter-density-half,baseline,1,262.594799
u64,ahash,1024,iter-density-half,quick_cache,1,209.167154
u64,ahash,1024,iter-density-half,lru,1,628.195030
u64,ahash,1024,iter-density-half,hashlink,1,631.011593
u64,ahash,1024,iter-density-half,micro,1,254.586981
u64,ahash,1024,iter-density-half,quick_cache,2,224.257263
u64,ahash,1024,iter-density-half,lru,2,647.119318
u64,ahash,1024,iter-density-half,hashlink,2,605.398407
u64,ahash,1024,iter-density-half,micro,2,259.168584
u64,ahash,1024,iter-density-half,baseline,2,263.327757
u64,ahash,1024,iter-density-half,lru,3,626.020750
u64,ahash,1024,iter-density-half,hashlink,3,633.271129
u64,ahash,1024,iter-density-half,micro,3,259.516221
u64,ahash,1024,iter-density-half,baseline,3,260.416667
u64,ahash,1024,iter-density-half,quick_cache,3,226.016799
u64,ahash,1024,iter-density-half,hashlink,4,626.494750
u64,ahash,1024,iter-density-half,micro,4,260.007228
u64,ahash,1024,iter-density-half,baseline,4,261.559835
u64,ahash,1024,iter-density-half,quick_cache,4,229.680984
u64,ahash,1024,iter-density-half,lru,4,651.128516
u64,ahash,1024,iter-density-half,micro,5,257.988655
u64,ahash,1024,iter-density-half,baseline,5,261.300690
u64,ahash,1024,iter-density-half,quick_cache,5,230.970735
u64,ahash,1024,iter-density-half,lru,5,620.881944
u64,ahash,1024,iter-density-half,hashlink,5,598.004055
u64,ahash,1024,iter-density-half,baseline,6,261.249217
u64,ahash,1024,iter-density-half,quick_cache,6,228.567023
u64,ahash,1024,iter-density-half,lru,6,600.549689
u64,ahash,1024,iter-density-half,hashlink,6,602.218630
u64,ahash,1024,iter-density-half,micro,6,260.176165
u64,ahash,1024,iter-density-half,quick_cache,7,224.459021
u64,ahash,1024,iter-density-half,lru,7,624.009213
u64,ahash,1024,iter-density-half,hashlink,7,611.658691
u64,ahash,1024,iter-density-half,micro,7,252.665186
u64,ahash,1024,iter-density-half,baseline,7,257.450010
u64,ahash,1024,iter-density-half,lru,8,631.946195
u64,ahash,1024,iter-density-half,hashlink,8,609.045720
u64,ahash,1024,iter-density-half,micro,8,255.252957
u64,ahash,1024,iter-density-half,baseline,8,261.775492
u64,ahash,1024,iter-density-half,quick_cache,8,226.460598
u64,ahash,1024,iter-front,micro,0,247.889015
u64,ahash,1024,iter-front,baseline,0,249.325110
u64,ahash,1024,iter-front,quick_cache,0,165.423810
u64,ahash,1024,iter-front,lru,0,1.186643
u64,ahash,1024,iter-front,hashlink,0,1.151522
u64,ahash,1024,iter-front,baseline,1,254.595430
u64,ahash,1024,iter-front,quick_cache,1,161.409959
u64,ahash,1024,iter-front,lru,1,1.213677
u64,ahash,1024,iter-front,hashlink,1,1.159847
u64,ahash,1024,iter-front,micro,1,255.076621
u64,ahash,1024,iter-front,quick_cache,2,164.238938
u64,ahash,1024,iter-front,lru,2,1.190875
u64,ahash,1024,iter-front,hashlink,2,1.153349
u64,ahash,1024,iter-front,micro,2,253.657263
u64,ahash,1024,iter-front,baseline,2,250.692808
u64,ahash,1024,iter-front,lru,3,1.222996
u64,ahash,1024,iter-front,hashlink,3,1.278025
u64,ahash,1024,iter-front,micro,3,245.911557
u64,ahash,1024,iter-front,baseline,3,252.440125
u64,ahash,1024,iter-front,quick_cache,3,169.424600
u64,ahash,1024,iter-front,hashlink,4,1.143340
u64,ahash,1024,iter-front,micro,4,245.843947
u64,ahash,1024,iter-front,baseline,4,253.273146
u64,ahash,1024,iter-front,quick_cache,4,156.615324
u64,ahash,1024,iter-front,lru,4,1.167029
u64,ahash,1024,iter-front,micro,5,253.206766
u64,ahash,1024,iter-front,baseline,5,256.726344
u64,ahash,1024,iter-front,quick_cache,5,161.885611
u64,ahash,1024,iter-front,lru,5,1.185373
u64,ahash,1024,iter-front,hashlink,5,1.167587
u64,ahash,1024,iter-front,baseline,6,254.771478
u64,ahash,1024,iter-front,quick_cache,6,162.685907
u64,ahash,1024,iter-front,lru,6,1.205782
u64,ahash,1024,iter-front,hashlink,6,1.162194
u64,ahash,1024,iter-front,micro,6,251.230908
u64,ahash,1024,iter-front,quick_cache,7,164.410259
u64,ahash,1024,iter-front,lru,7,1.204582
u64,ahash,1024,iter-front,hashlink,7,1.145713
u64,ahash,1024,iter-front,micro,7,251.813708
u64,ahash,1024,iter-front,baseline,7,251.235078
u64,ahash,1024,iter-front,lru,8,1.191621
u64,ahash,1024,iter-front,hashlink,8,1.176856
u64,ahash,1024,iter-front,micro,8,252.627322
u64,ahash,1024,iter-front,baseline,8,248.617200
u64,ahash,1024,iter-front,quick_cache,8,161.851935
u64,ahash,1024,iter-back,micro,0,262.249633
u64,ahash,1024,iter-back,baseline,0,249.549342
u64,ahash,1024,iter-back,quick_cache,0,162.818717
u64,ahash,1024,iter-back,lru,0,1.197612
u64,ahash,1024,iter-back,hashlink,0,1.160838
u64,ahash,1024,iter-back,baseline,1,254.709945
u64,ahash,1024,iter-back,quick_cache,1,163.300581
u64,ahash,1024,iter-back,lru,1,1.202025
u64,ahash,1024,iter-back,hashlink,1,1.142329
u64,ahash,1024,iter-back,micro,1,252.719861
u64,ahash,1024,iter-back,quick_cache,2,164.653846
u64,ahash,1024,iter-back,lru,2,1.200151
u64,ahash,1024,iter-back,hashlink,2,1.142379
u64,ahash,1024,iter-back,micro,2,255.291191
u64,ahash,1024,iter-back,baseline,2,254.900855
u64,ahash,1024,iter-back,lru,3,1.173251
u64,ahash,1024,iter-back,hashlink,3,1.135538
u64,ahash,1024,iter-back,micro,3,256.955152
u64,ahash,1024,iter-back,baseline,3,259.019712
u64,ahash,1024,iter-back,quick_cache,3,163.921908
u64,ahash,1024,iter-back,hashlink,4,1.145881
u64,ahash,1024,iter-back,micro,4,255.450878
u64,ahash,1024,iter-back,baseline,4,259.867317
u64,ahash,1024,iter-back,quick_cache,4,162.389960
u64,ahash,1024,iter-back,lru,4,1.184969
u64,ahash,1024,iter-back,micro,5,251.677436
u64,ahash,1024,iter-back,baseline,5,250.848565
u64,ahash,1024,iter-back,quick_cache,5,164.181493
u64,ahash,1024,iter-back,lru,5,1.198448
u64,ahash,1024,iter-back,hashlink,5,1.164290
u64,ahash,1024,iter-back,baseline,6,259.726692
u64,ahash,1024,iter-back,quick_cache,6,163.293789
u64,ahash,1024,iter-back,lru,6,1.181376
u64,ahash,1024,iter-back,hashlink,6,1.148222
u64,ahash,1024,iter-back,micro,6,264.245935
u64,ahash,1024,iter-back,quick_cache,7,162.607310
u64,ahash,1024,iter-back,lru,7,1.179735
u64,ahash,1024,iter-back,hashlink,7,1.169011
u64,ahash,1024,iter-back,micro,7,252.240827
u64,ahash,1024,iter-back,baseline,7,251.981431
u64,ahash,1024,iter-back,lru,8,1.179352
u64,ahash,1024,iter-back,hashlink,8,1.134853
u64,ahash,1024,iter-back,micro,8,252.339567
u64,ahash,1024,iter-back,baseline,8,253.460950
u64,ahash,1024,iter-back,quick_cache,8,169.189090
u64,ahash,1024,iter-empty,micro,0,0.925049
u64,ahash,1024,iter-empty,baseline,0,246.734523
u64,ahash,1024,iter-empty,quick_cache,0,159.642875
u64,ahash,1024,iter-empty,lru,0,0.991950
u64,ahash,1024,iter-empty,hashlink,0,1.014031
u64,ahash,1024,iter-empty,baseline,1,253.849178
u64,ahash,1024,iter-empty,quick_cache,1,164.867385
u64,ahash,1024,iter-empty,lru,1,0.999981
u64,ahash,1024,iter-empty,hashlink,1,1.026684
u64,ahash,1024,iter-empty,micro,1,0.923114
u64,ahash,1024,iter-empty,quick_cache,2,163.300581
u64,ahash,1024,iter-empty,lru,2,1.004377
u64,ahash,1024,iter-empty,hashlink,2,1.016049
u64,ahash,1024,iter-empty,micro,2,0.931468
u64,ahash,1024,iter-empty,baseline,2,260.362521
u64,ahash,1024,iter-empty,lru,3,1.007687
u64,ahash,1024,iter-empty,hashlink,3,1.019509
u64,ahash,1024,iter-empty,micro,3,0.931985
u64,ahash,1024,iter-empty,baseline,3,258.372107
u64,ahash,1024,iter-empty,quick_cache,3,162.541158
u64,ahash,1024,iter-empty,hashlink,4,1.017948
u64,ahash,1024,iter-empty,micro,4,0.933209
u64,ahash,1024,iter-empty,baseline,4,260.914441
u64,ahash,1024,iter-empty,quick_cache,4,161.663004
u64,ahash,1024,iter-empty,lru,4,0.995318
u64,ahash,1024,iter-empty,micro,5,0.927652
u64,ahash,1024,iter-empty,baseline,5,254.883907
u64,ahash,1024,iter-empty,quick_cache,5,161.810138
u64,ahash,1024,iter-empty,lru,5,1.023778
u64,ahash,1024,iter-empty,hashlink,5,1.022820
u64,ahash,1024,iter-empty,baseline,6,253.536923
u64,ahash,1024,iter-empty,quick_cache,6,163.546319
u64,ahash,1024,iter-empty,lru,6,1.007051
u64,ahash,1024,iter-empty,hashlink,6,1.018632
u64,ahash,1024,iter-empty,micro,6,0.918777
u64,ahash,1024,iter-empty,quick_cache,7,163.306791
u64,ahash,1024,iter-empty,lru,7,1.000910
u64,ahash,1024,iter-empty,hashlink,7,1.037324
u64,ahash,1024,iter-empty,micro,7,0.935416
u64,ahash,1024,iter-empty,baseline,7,252.721931
u64,ahash,1024,iter-empty,lru,8,1.003384
u64,ahash,1024,iter-empty,hashlink,8,1.036202
u64,ahash,1024,iter-empty,micro,8,0.921117
u64,ahash,1024,iter-empty,baseline,8,255.800736
u64,ahash,1024,iter-empty,quick_cache,8,161.405928
u64,ahash,1024,iter-count,micro,0,0.391690
u64,ahash,1024,iter-count,baseline,0,257.844624
u64,ahash,1024,iter-count,quick_cache,0,469.393229
u64,ahash,1024,iter-count,lru,0,0.396263
u64,ahash,1024,iter-count,hashlink,0,0.395050
u64,ahash,1024,iter-count,baseline,1,249.243869
u64,ahash,1024,iter-count,quick_cache,1,466.393880
u64,ahash,1024,iter-count,lru,1,0.390980
u64,ahash,1024,iter-count,hashlink,1,0.400949
u64,ahash,1024,iter-count,micro,1,0.386421
u64,ahash,1024,iter-count,quick_cache,2,459.101744
u64,ahash,1024,iter-count,lru,2,0.389320
u64,ahash,1024,iter-count,hashlink,2,0.394598
u64,ahash,1024,iter-count,micro,2,0.394821
u64,ahash,1024,iter-count,baseline,2,250.020619
u64,ahash,1024,iter-count,lru,3,0.392399
u64,ahash,1024,iter-count,hashlink,3,0.394240
u64,ahash,1024,iter-count,micro,3,0.394646
u64,ahash,1024,iter-count,baseline,3,251.502404
u64,ahash,1024,iter-count,quick_cache,3,469.931920
u64,ahash,1024,iter-count,hashlink,4,0.391086
u64,ahash,1024,iter-count,micro,4,0.392858
u64,ahash,1024,iter-count,baseline,4,250.788762
u64,ahash,1024,iter-count,quick_cache,4,465.304874
u64,ahash,1024,iter-count,lru,4,0.393315
u64,ahash,1024,iter-count,micro,5,0.401443
u64,ahash,1024,iter-count,baseline,5,250.103046
u64,ahash,1024,iter-count,quick_cache,5,470.253534
u64,ahash,1024,iter-count,lru,5,0.400510
u64,ahash,1024,iter-count,hashlink,5,0.398898
u64,ahash,1024,iter-count,baseline,6,251.537861
u64,ahash,1024,iter-count,quick_cache,6,462.845203
u64,ahash,1024,iter-count,lru,6,0.393331
u64,ahash,1024,iter-count,hashlink,6,0.401562
u64,ahash,1024,iter-count,micro,6,0.399314
u64,ahash,1024,iter-count,quick_cache,7,484.152725
u64,ahash,1024,iter-count,lru,7,0.396537
u64,ahash,1024,iter-count,hashlink,7,0.396070
u64,ahash,1024,iter-count,micro,7,0.396300
u64,ahash,1024,iter-count,baseline,7,254.460075
u64,ahash,1024,iter-count,lru,8,0.395898
u64,ahash,1024,iter-count,hashlink,8,0.402776
u64,ahash,1024,iter-count,micro,8,0.398613
u64,ahash,1024,iter-count,baseline,8,254.730621
u64,ahash,1024,iter-count,quick_cache,8,483.704173
u64,ahash,16384,iter-dense,micro,0,4662.224265
u64,ahash,16384,iter-dense,baseline,0,4684.015625
u64,ahash,16384,iter-dense,quick_cache,0,5305.772917
u64,ahash,16384,iter-dense,lru,0,22190.265625
u64,ahash,16384,iter-dense,hashlink,0,21386.230469
u64,ahash,16384,iter-dense,baseline,1,4707.031250
u64,ahash,16384,iter-dense,quick_cache,1,5512.392241
u64,ahash,16384,iter-dense,lru,1,23954.424107
u64,ahash,16384,iter-dense,hashlink,1,22106.121094
u64,ahash,16384,iter-dense,micro,1,4554.984821
u64,ahash,16384,iter-dense,quick_cache,2,5272.483333
u64,ahash,16384,iter-dense,lru,2,23032.553571
u64,ahash,16384,iter-dense,hashlink,2,23166.107143
u64,ahash,16384,iter-dense,micro,2,4677.658088
u64,ahash,16384,iter-dense,baseline,2,4668.045037
u64,ahash,16384,iter-dense,lru,3,21800.132812
u64,ahash,16384,iter-dense,hashlink,3,22104.167969
u64,ahash,16384,iter-dense,micro,3,4670.688419
u64,ahash,16384,iter-dense,baseline,3,4685.738971
u64,ahash,16384,iter-dense,quick_cache,3,5390.894397
u64,ahash,16384,iter-dense,hashlink,4,21881.835938
u64,ahash,16384,iter-dense,micro,4,4703.890625
u64,ahash,16384,iter-dense,baseline,4,4710.937500
u64,ahash,16384,iter-dense,quick_cache,4,5334.505208
u64,ahash,16384,iter-dense,lru,4,23923.549107
u64,ahash,16384,iter-dense,micro,5,4654.564338
u64,ahash,16384,iter-dense,baseline,5,4706.839154
u64,ahash,16384,iter-dense,quick_cache,5,5299.262500
u64,ahash,16384,iter-dense,lru,5,25356.772321
u64,ahash,16384,iter-dense,hashlink,5,22399.928571
u64,ahash,16384,iter-dense,baseline,6,4701.018382
u64,ahash,16384,iter-dense,quick_cache,6,5413.164871
u64,ahash,16384,iter-dense,lru,6,23424.107143
u64,ahash,16384,iter-dense,hashlink,6,22643.227679
u64,ahash,16384,iter-dense,micro,6,4649.241728
u64,ahash,16384,iter-dense,quick_cache,7,5319.747917
u64,ahash,16384,iter-dense,lru,7,26213.109375
u64,ahash,16384,iter-dense,hashlink,7,22402.714286
u64,ahash,16384,iter-dense,micro,7,4735.913826
u64,ahash,16384,iter-dense,baseline,7,4649.816176
u64,ahash,16384,iter-dense,lru,8,22160.480469
u64,ahash,16384,iter-dense,hashlink,8,22401.602679
u64,ahash,16384,iter-dense,micro,8,4758.207386
u64,ahash,16384,iter-dense,baseline,8,4611.175551
u64,ahash,16384,iter-dense,quick_cache,8,5128.947581
u64,ahash,16384,iter-dense-for,micro,0,4517.857143
u64,ahash,16384,iter-dense-for,baseline,0,4609.758272
u64,ahash,16384,iter-dense-for,quick_cache,0,8023.567187
u64,ahash,16384,iter-dense-for,lru,0,15636.978125
u64,ahash,16384,iter-dense-for,hashlink,0,16756.903125
u64,ahash,16384,iter-dense-for,baseline,1,4741.910985
u64,ahash,16384,iter-dense-for,quick_cache,1,8033.267187
u64,ahash,16384,iter-dense-for,lru,1,17599.392361
u64,ahash,16384,iter-dense-for,hashlink,1,16982.943750
u64,ahash,16384,iter-dense-for,micro,1,4718.827206
u64,ahash,16384,iter-dense-for,quick_cache,2,8092.448438
u64,ahash,16384,iter-dense-for,lru,2,16819.662500
u64,ahash,16384,iter-dense-for,hashlink,2,16951.690625
u64,ahash,16384,iter-dense-for,micro,2,4720.166360
u64,ahash,16384,iter-dense-for,baseline,2,4776.948864
u64,ahash,16384,iter-dense-for,lru,3,16951.171875
u64,ahash,16384,iter-dense-for,hashlink,3,17204.946875
u64,ahash,16384,iter-dense-for,micro,3,4720.473346
u64,ahash,16384,iter-dense-for,baseline,3,4773.122159
u64,ahash,16384,iter-dense-for,quick_cache,3,8002.800000
u64,ahash,16384,iter-dense-for,hashlink,4,17369.659375
u64,ahash,16384,iter-dense-for,micro,4,5024.087891
u64,ahash,16384,iter-dense-for,baseline,4,4770.083333
u64,ahash,16384,iter-dense-for,quick_cache,4,8018.620313
u64,ahash,16384,iter-dense-for,lru,4,16666.275000
u64,ahash,16384,iter-dense-for,micro,5,4714.078125
u64,ahash,16384,iter-dense-for,baseline,5,4797.821970
u64,ahash,16384,iter-dense-for,quick_cache,5,8024.739062
u64,ahash,16384,iter-dense-for,lru,5,16565.625000
u64,ahash,16384,iter-dense-for,hashlink,5,16470.312500
u64,ahash,16384,iter-dense-for,baseline,6,4834.161932
u64,ahash,16384,iter-dense-for,quick_cache,6,7963.737500
u64,ahash,16384,iter-dense-for,lru,6,16705.990625
u64,ahash,16384,iter-dense-for,hashlink,6,16706.509375
u64,ahash,16384,iter-dense-for,micro,6,4715.418199
u64,ahash,16384,iter-dense-for,quick_cache,7,8191.731250
u64,ahash,16384,iter-dense-for,lru,7,17012.109375
u64,ahash,16384,iter-dense-for,hashlink,7,16660.287500
u64,ahash,16384,iter-dense-for,micro,7,4731.962316
u64,ahash,16384,iter-dense-for,baseline,7,4876.420455
u64,ahash,16384,iter-dense-for,lru,8,16782.031250
u64,ahash,16384,iter-dense-for,hashlink,8,16910.937500
u64,ahash,16384,iter-dense-for,micro,8,4708.869485
u64,ahash,16384,iter-dense-for,baseline,8,4784.170455
u64,ahash,16384,iter-dense-for,quick_cache,8,8082.617188
u64,ahash,16384,iter-density-1pct,micro,0,4820.430871
u64,ahash,16384,iter-density-1pct,baseline,0,4937.947266
u64,ahash,16384,iter-density-1pct,quick_cache,0,4822.640152
u64,ahash,16384,iter-density-1pct,lru,0,182.897770
u64,ahash,16384,iter-density-1pct,hashlink,0,171.475260
u64,ahash,16384,iter-density-1pct,baseline,1,5111.600806
u64,ahash,16384,iter-density-1pct,quick_cache,1,4843.039773
u64,ahash,16384,iter-density-1pct,lru,1,172.749793
u64,ahash,16384,iter-density-1pct,hashlink,1,174.694483
u64,ahash,16384,iter-density-1pct,micro,1,5054.183468
u64,ahash,16384,iter-density-1pct,quick_cache,2,4825.560606
u64,ahash,16384,iter-density-1pct,lru,2,175.901364
u64,ahash,16384,iter-density-1pct,hashlink,2,190.085158
u64,ahash,16384,iter-density-1pct,micro,2,5531.339440
u64,ahash,16384,iter-density-1pct,baseline,2,5293.315625
u64,ahash,16384,iter-density-1pct,lru,3,200.269086
u64,ahash,16384,iter-density-1pct,hashlink,3,200.437380
u64,ahash,16384,iter-density-1pct,micro,3,5320.355208
u64,ahash,16384,iter-density-1pct,baseline,3,5209.173387
u64,ahash,16384,iter-density-1pct,quick_cache,3,5009.846680
u64,ahash,16384,iter-density-1pct,hashlink,4,173.959226
u64,ahash,16384,iter-density-1pct,micro,4,5254.947917
u64,ahash,16384,iter-density-1pct,baseline,4,5036.824219
u64,ahash,16384,iter-density-1pct,quick_cache,4,4885.574811
u64,ahash,16384,iter-density-1pct,lru,4,182.612624
u64,ahash,16384,iter-density-1pct,micro,5,5012.125977
u64,ahash,16384,iter-density-1pct,baseline,5,4965.373047
u64,ahash,16384,iter-density-1pct,quick_cache,5,4924.723633
u64,ahash,16384,iter-density-1pct,lru,5,176.271526
u64,ahash,16384,iter-density-1pct,hashlink,5,176.781391
u64,ahash,16384,iter-density-1pct,baseline,6,4917.846680
u64,ahash,16384,iter-density-1pct,quick_cache,6,4935.873047
u64,ahash,16384,iter-density-1pct,lru,6,173.849138
u64,ahash,16384,iter-density-1pct,hashlink,6,181.271727
u64,ahash,16384,iter-density-1pct,micro,6,4888.101562
u64,ahash,16384,iter-density-1pct,quick_cache,7,4947.428711
u64,ahash,16384,iter-density-1pct,lru,7,174.473354
u64,ahash,16384,iter-density-1pct,hashlink,7,172.708046
u64,ahash,16384,iter-density-1pct,micro,7,4867.582386
u64,ahash,16384,iter-density-1pct,baseline,7,4931.681641
u64,ahash,16384,iter-density-1pct,lru,8,173.156873
u64,ahash,16384,iter-density-1pct,hashlink,8,173.960651
u64,ahash,16384,iter-density-1pct,micro,8,4863.991477
u64,ahash,16384,iter-density-1pct,baseline,8,4944.091797
u64,ahash,16384,iter-density-1pct,quick_cache,8,4957.519531
u64,ahash,16384,iter-density-6pct,micro,0,4666.590074
u64,ahash,16384,iter-density-6pct,baseline,0,4685.125000
u64,ahash,16384,iter-density-6pct,quick_cache,0,4866.358902
u64,ahash,16384,iter-density-6pct,lru,0,4772.806818
u64,ahash,16384,iter-density-6pct,hashlink,0,4283.150338
u64,ahash,16384,iter-density-6pct,baseline,1,4642.654412
u64,ahash,16384,iter-density-6pct,quick_cache,1,4880.839015
u64,ahash,16384,iter-density-6pct,lru,1,4604.013787
u64,ahash,16384,iter-density-6pct,hashlink,1,4341.072917
u64,ahash,16384,iter-density-6pct,micro,1,4552.864286
u64,ahash,16384,iter-density-6pct,quick_cache,2,4885.009766
u64,ahash,16384,iter-density-6pct,lru,2,4597.120404
u64,ahash,16384,iter-density-6pct,hashlink,2,4292.440878
u64,ahash,16384,iter-density-6pct,micro,2,4630.132353
u64,ahash,16384,iter-density-6pct,baseline,2,4646.714154
u64,ahash,16384,iter-density-6pct,lru,3,4589.583036
u64,ahash,16384,iter-density-6pct,hashlink,3,4299.408784
u64,ahash,16384,iter-density-6pct,micro,3,4732.766544
u64,ahash,16384,iter-density-6pct,baseline,3,4792.179924
u64,ahash,16384,iter-density-6pct,quick_cache,3,4736.466856
u64,ahash,16384,iter-density-6pct,hashlink,4,4183.079770
u64,ahash,16384,iter-density-6pct,micro,4,4603.554228
u64,ahash,16384,iter-density-6pct,baseline,4,4652.191176
u64,ahash,16384,iter-density-6pct,quick_cache,4,4771.109848
u64,ahash,16384,iter-density-6pct,lru,4,4399.449653
u64,ahash,16384,iter-density-6pct,micro,5,4584.263393
u64,ahash,16384,iter-density-6pct,baseline,5,4668.083640
u64,ahash,16384,iter-density-6pct,quick_cache,5,4955.810547
u64,ahash,16384,iter-density-6pct,lru,5,5434.177802
u64,ahash,16384,iter-density-6pct,hashlink,5,4596.009191
u64,ahash,16384,iter-density-6pct,baseline,6,4472.692857
u64,ahash,16384,iter-density-6pct,quick_cache,6,4639.361213
u64,ahash,16384,iter-density-6pct,lru,6,5556.258621
u64,ahash,16384,iter-density-6pct,hashlink,6,4658.700368
u64,ahash,16384,iter-density-6pct,micro,6,4402.994792
u64,ahash,16384,iter-density-6pct,quick_cache,7,4726.829963
u64,ahash,16384,iter-density-6pct,lru,7,5478.089440
u64,ahash,16384,iter-density-6pct,hashlink,7,4573.250893
u64,ahash,16384,iter-density-6pct,micro,7,4671.875000
u64,ahash,16384,iter-density-6pct,baseline,7,4684.321691
u64,ahash,16384,iter-density-6pct,lru,8,5456.987069
u64,ahash,16384,iter-density-6pct,hashlink,8,4647.748162
u64,ahash,16384,iter-density-6pct,micro,8,4703.545956
u64,ahash,16384,iter-density-6pct,baseline,8,4701.707721
u64,ahash,16384,iter-density-6pct,quick_cache,8,4659.389706
u64,ahash,16384,iter-density-quarter,micro,0,4179.755757
u64,ahash,16384,iter-density-quarter,baseline,0,4220.908717
u64,ahash,16384,iter-density-quarter,quick_cache,0,4943.237305
u64,ahash,16384,iter-density-quarter,lru,0,7269.886364
u64,ahash,16384,iter-density-quarter,hashlink,0,6568.141927
u64,ahash,16384,iter-density-quarter,baseline,1,4198.293586
u64,ahash,16384,iter-density-quarter,quick_cache,1,4832.543561
u64,ahash,16384,iter-density-quarter,lru,1,6740.777344
u64,ahash,16384,iter-density-quarter,hashlink,1,7201.467330
u64,ahash,16384,iter-density-quarter,micro,1,4122.601974
u64,ahash,16384,iter-density-quarter,quick_cache,2,4782.709280
u64,ahash,16384,iter-density-quarter,lru,2,6809.555707
u64,ahash,16384,iter-density-quarter,hashlink,2,7369.198864
u64,ahash,16384,iter-density-quarter,micro,2,4152.720395
u64,ahash,16384,iter-density-quarter,baseline,2,4167.283717
u64,ahash,16384,iter-density-quarter,lru,3,6744.846354
u64,ahash,16384,iter-density-quarter,hashlink,3,7317.649148
u64,ahash,16384,iter-density-quarter,micro,3,5738.652902
u64,ahash,16384,iter-density-quarter,baseline,3,4041.733173
u64,ahash,16384,iter-density-quarter,quick_cache,3,4995.483398
u64,ahash,16384,iter-density-quarter,hashlink,4,7164.299716
u64,ahash,16384,iter-density-quarter,micro,4,4159.881579
u64,ahash,16384,iter-density-quarter,baseline,4,4176.569901
u64,ahash,16384,iter-density-quarter,quick_cache,4,4852.351326
u64,ahash,16384,iter-density-quarter,lru,4,6855.694293
u64,ahash,16384,iter-density-quarter,micro,5,4178.420230
u64,ahash,16384,iter-density-quarter,baseline,5,4249.120777
u64,ahash,16384,iter-density-quarter,quick_cache,5,4896.647461
u64,ahash,16384,iter-density-quarter,lru,5,7399.207386
u64,ahash,16384,iter-density-quarter,hashlink,5,6616.915365
u64,ahash,16384,iter-density-quarter,baseline,6,4200.246711
u64,ahash,16384,iter-density-quarter,quick_cache,6,4930.746094
u64,ahash,16384,iter-density-quarter,lru,6,7335.404830
u64,ahash,16384,iter-density-quarter,hashlink,6,7649.986607
u64,ahash,16384,iter-density-quarter,micro,6,4119.037829
u64,ahash,16384,iter-density-quarter,quick_cache,7,4776.002841
u64,ahash,16384,iter-density-quarter,lru,7,6694.063802
u64,ahash,16384,iter-density-quarter,hashlink,7,7158.913352
u64,ahash,16384,iter-density-quarter,micro,7,4150.939145
u64,ahash,16384,iter-density-quarter,baseline,7,8813.078125
u64,ahash,16384,iter-density-quarter,lru,8,8436.610197
u64,ahash,16384,iter-density-quarter,hashlink,8,8145.117188
u64,ahash,16384,iter-density-quarter,micro,8,4329.744088
u64,ahash,16384,iter-density-quarter,baseline,8,4321.086993
u64,ahash,16384,iter-density-quarter,quick_cache,8,5200.856855
u64,ahash,16384,iter-density-half,micro,0,4441.153646
u64,ahash,16384,iter-density-half,baseline,0,4443.648438
u64,ahash,16384,iter-density-half,quick_cache,0,5071.572581
u64,ahash,16384,iter-density-half,lru,0,22597.843750
u64,ahash,16384,iter-density-half,hashlink,0,14419.863636
u64,ahash,16384,iter-density-half,baseline,1,4299.796453
u64,ahash,16384,iter-density-half,quick_cache,1,4902.505859
u64,ahash,16384,iter-density-half,lru,1,14949.218750
u64,ahash,16384,iter-density-half,hashlink,1,15641.537500
u64,ahash,16384,iter-density-half,micro,1,4344.799479
u64,ahash,16384,iter-density-half,quick_cache,2,4953.166016
u64,ahash,16384,iter-density-half,lru,2,16810.287500
u64,ahash,16384,iter-density-half,hashlink,2,15689.712500
u64,ahash,16384,iter-density-half,micro,2,4312.956926
u64,ahash,16384,iter-density-half,baseline,2,4366.282986
u64,ahash,16384,iter-density-half,lru,3,17031.903125
u64,ahash,16384,iter-density-half,hashlink,3,15641.335227
u64,ahash,16384,iter-density-half,micro,3,4305.391047
u64,ahash,16384,iter-density-half,baseline,3,4336.183277
u64,ahash,16384,iter-density-half,quick_cache,3,4927.001953
u64,ahash,16384,iter-density-half,hashlink,4,14793.678977
u64,ahash,16384,iter-density-half,micro,4,4304.054054
u64,ahash,16384,iter-density-half,baseline,4,4306.833615
u64,ahash,16384,iter-density-half,quick_cache,4,4936.279297
u64,ahash,16384,iter-density-half,lru,4,16925.000000
u64,ahash,16384,iter-density-half,micro,5,4267.032939
u64,ahash,16384,iter-density-half,baseline,5,4268.862331
u64,ahash,16384,iter-density-half,quick_cache,5,4881.945076
u64,ahash,16384,iter-density-half,lru,5,15982.031250
u64,ahash,16384,iter-density-half,hashlink,5,14865.056818
u64,ahash,16384,iter-density-half,baseline,6,4287.443412
u64,ahash,16384,iter-density-half,quick_cache,6,4877.683712
u64,ahash,16384,iter-density-half,lru,6,15544.272727
u64,ahash,16384,iter-density-half,hashlink,6,14461.292614
u64,ahash,16384,iter-density-half,micro,6,4290.118243
u64,ahash,16384,iter-density-half,quick_cache,7,4891.316406
u64,ahash,16384,iter-density-half,lru,7,18936.197917
u64,ahash,16384,iter-density-half,hashlink,7,14538.471591
u64,ahash,16384,iter-density-half,micro,7,4348.234375
u64,ahash,16384,iter-density-half,baseline,7,4313.414696
u64,ahash,16384,iter-density-half,lru,8,16016.796875
u64,ahash,16384,iter-density-half,hashlink,8,14524.383523
u64,ahash,16384,iter-density-half,micro,8,4318.834459
u64,ahash,16384,iter-density-half,baseline,8,4378.544271
u64,ahash,16384,iter-density-half,quick_cache,8,4940.267578
u64,ahash,16384,iter-front,micro,0,4089.476763
u64,ahash,16384,iter-front,baseline,0,4086.939103
u64,ahash,16384,iter-front,quick_cache,0,4862.452652
u64,ahash,16384,iter-front,lru,0,1.185050
u64,ahash,16384,iter-front,hashlink,0,1.145729
u64,ahash,16384,iter-front,baseline,1,4121.299342
u64,ahash,16384,iter-front,quick_cache,1,4961.384766
u64,ahash,16384,iter-front,lru,1,1.199358
u64,ahash,16384,iter-front,hashlink,1,1.163735
u64,ahash,16384,iter-front,micro,1,4115.542763
u64,ahash,16384,iter-front,quick_cache,2,4950.154297
u64,ahash,16384,iter-front,lru,2,1.194736
u64,ahash,16384,iter-front,hashlink,2,1.155841
u64,ahash,16384,iter-front,micro,2,4158.339638
u64,ahash,16384,iter-front,baseline,2,4154.570724
u64,ahash,16384,iter-front,lru,3,1.191457
u64,ahash,16384,iter-front,hashlink,3,1.149091
u64,ahash,16384,iter-front,micro,3,4140.933388
u64,ahash,16384,iter-front,baseline,3,4123.252467
u64,ahash,16384,iter-front,quick_cache,3,4931.274414
u64,ahash,16384,iter-front,hashlink,4,1.141077
u64,ahash,16384,iter-front,micro,4,4123.800164
u64,ahash,16384,iter-front,baseline,4,4144.497533
u64,ahash,16384,iter-front,quick_cache,4,5006.347656
u64,ahash,16384,iter-front,lru,4,1.198016
u64,ahash,16384,iter-front,micro,5,4114.950321
u64,ahash,16384,iter-front,baseline,5,4112.424342
u64,ahash,16384,iter-front,quick_cache,5,5043.935484
u64,ahash,16384,iter-front,lru,5,1.199552
u64,ahash,16384,iter-front,hashlink,5,1.161684
u64,ahash,16384,iter-front,baseline,6,4140.316612
u64,ahash,16384,iter-front,quick_cache,6,4922.891602
u64,ahash,16384,iter-front,lru,6,1.201498
u64,ahash,16384,iter-front,hashlink,6,1.142437
u64,ahash,16384,iter-front,micro,6,4136.067434
u64,ahash,16384,iter-front,quick_cache,7,4983.317383
u64,ahash,16384,iter-front,lru,7,1.191920
u64,ahash,16384,iter-front,hashlink,7,1.153400
u64,ahash,16384,iter-front,micro,7,4117.529605
u64,ahash,16384,iter-front,baseline,7,4122.738487
u64,ahash,16384,iter-front,lru,8,1.192958
u64,ahash,16384,iter-front,hashlink,8,1.146301
u64,ahash,16384,iter-front,micro,8,4186.437500
u64,ahash,16384,iter-front,baseline,8,4134.114309
u64,ahash,16384,iter-front,quick_cache,8,4956.990234
u64,ahash,16384,iter-back,micro,0,4110.510417
u64,ahash,16384,iter-back,baseline,0,4099.426282
u64,ahash,16384,iter-back,quick_cache,0,4988.891602
u64,ahash,16384,iter-back,lru,0,1.198117
u64,ahash,16384,iter-back,hashlink,0,1.153026
u64,ahash,16384,iter-back,baseline,1,4093.549679
u64,ahash,16384,iter-back,quick_cache,1,4990.397461
u64,ahash,16384,iter-back,lru,1,1.214092
u64,ahash,16384,iter-back,hashlink,1,1.148804
u64,ahash,16384,iter-back,micro,1,4109.040865
u64,ahash,16384,iter-back,quick_cache,2,4970.336914
u64,ahash,16384,iter-back,lru,2,1.203654
u64,ahash,16384,iter-back,hashlink,2,1.171720
u64,ahash,16384,iter-back,micro,2,4100.994391
u64,ahash,16384,iter-back,baseline,2,4135.176809
u64,ahash,16384,iter-back,lru,3,1.213394
u64,ahash,16384,iter-back,hashlink,3,1.137803
u64,ahash,16384,iter-back,micro,3,4003.483594
u64,ahash,16384,iter-back,baseline,3,4026.642628
u64,ahash,16384,iter-back,quick_cache,3,4953.409180
u64,ahash,16384,iter-back,hashlink,4,1.155704
u64,ahash,16384,iter-back,micro,4,4187.397204
u64,ahash,16384,iter-back,baseline,4,4107.505609
u64,ahash,16384,iter-back,quick_cache,4,4852.154356
u64,ahash,16384,iter-back,lru,4,1.180600
u64,ahash,16384,iter-back,micro,5,4056.123397
u64,ahash,16384,iter-back,baseline,5,4092.915064
u64,ahash,16384,iter-back,quick_cache,5,5081.233871
u64,ahash,16384,iter-back,lru,5,1.210658
u64,ahash,16384,iter-back,hashlink,5,1.136132
u64,ahash,16384,iter-back,baseline,6,4342.629340
u64,ahash,16384,iter-back,quick_cache,6,4976.887695
u64,ahash,16384,iter-back,lru,6,1.185833
u64,ahash,16384,iter-back,hashlink,6,1.151174
u64,ahash,16384,iter-back,micro,6,4319.714527
u64,ahash,16384,iter-back,quick_cache,7,5047.505040
u64,ahash,16384,iter-back,lru,7,1.190503
u64,ahash,16384,iter-back,hashlink,7,1.158987
u64,ahash,16384,iter-back,micro,7,4295.115709
u64,ahash,16384,iter-back,baseline,7,4092.681891
u64,ahash,16384,iter-back,lru,8,1.183031
u64,ahash,16384,iter-back,hashlink,8,1.145158
u64,ahash,16384,iter-back,micro,8,4161.184211
u64,ahash,16384,iter-back,baseline,8,4334.353885
u64,ahash,16384,iter-back,quick_cache,8,4696.193934
u64,ahash,16384,iter-empty,micro,0,0.894944
u64,ahash,16384,iter-empty,baseline,0,3912.435156
u64,ahash,16384,iter-empty,quick_cache,0,4860.716856
u64,ahash,16384,iter-empty,lru,0,1.007187
u64,ahash,16384,iter-empty,hashlink,0,1.014149
u64,ahash,16384,iter-empty,baseline,1,4096.354167
u64,ahash,16384,iter-empty,quick_cache,1,5007.405273
u64,ahash,16384,iter-empty,lru,1,1.016597
u64,ahash,16384,iter-empty,hashlink,1,1.013985
u64,ahash,16384,iter-empty,micro,1,0.923305
u64,ahash,16384,iter-empty,quick_cache,2,4999.633789
u64,ahash,16384,iter-empty,lru,2,1.027636
u64,ahash,16384,iter-empty,hashlink,2,1.029328
u64,ahash,16384,iter-empty,micro,2,0.920412
u64,ahash,16384,iter-empty,baseline,2,4117.838816
u64,ahash,16384,iter-empty,lru,3,1.008344
u64,ahash,16384,iter-empty,hashlink,3,1.018619
u64,ahash,16384,iter-empty,micro,3,0.929351
u64,ahash,16384,iter-empty,baseline,3,4049.612179
u64,ahash,16384,iter-empty,quick_cache,3,4991.128906
u64,ahash,16384,iter-empty,hashlink,4,1.013656
u64,ahash,16384,iter-empty,micro,4,0.929235
u64,ahash,16384,iter-empty,baseline,4,4166.015625
u64,ahash,16384,iter-empty,quick_cache,4,4989.339844
u64,ahash,16384,iter-empty,lru,4,1.007369
u64,ahash,16384,iter-empty,micro,5,0.919480
u64,ahash,16384,iter-empty,baseline,5,4194.216283
u64,ahash,16384,iter-empty,quick_cache,5,5057.502016
u64,ahash,16384,iter-empty,lru,5,1.006636
u64,ahash,16384,iter-empty,hashlink,5,1.017067
u64,ahash,16384,iter-empty,baseline,6,4031.083333
u64,ahash,16384,iter-empty,quick_cache,6,4990.234375
u64,ahash,16384,iter-empty,lru,6,1.005095
u64,ahash,16384,iter-empty,hashlink,6,1.016981
u64,ahash,16384,iter-empty,micro,6,0.919973
u64,ahash,16384,iter-empty,quick_cache,7,5007.243164
u64,ahash,16384,iter-empty,lru,7,1.014782
u64,ahash,16384,iter-empty,hashlink,7,1.024140
u64,ahash,16384,iter-empty,micro,7,0.920764
u64,ahash,16384,iter-empty,baseline,7,4120.956414
u64,ahash,16384,iter-empty,lru,8,1.006234
u64,ahash,16384,iter-empty,hashlink,8,1.033844
u64,ahash,16384,iter-empty,micro,8,0.931484
u64,ahash,16384,iter-empty,baseline,8,4071.414263
u64,ahash,16384,iter-empty,quick_cache,8,4657.436581
u64,ahash,16384,iter-count,micro,0,0.380670
u64,ahash,16384,iter-count,baseline,0,3976.562500
u64,ahash,16384,iter-count,quick_cache,0,7593.424479
u64,ahash,16384,iter-count,lru,0,0.388836
u64,ahash,16384,iter-count,hashlink,0,0.389587
u64,ahash,16384,iter-count,baseline,1,4046.484375
u64,ahash,16384,iter-count,quick_cache,1,7697.049479
u64,ahash,16384,iter-count,lru,1,0.393917
u64,ahash,16384,iter-count,hashlink,1,0.394729
u64,ahash,16384,iter-count,micro,1,0.394065
u64,ahash,16384,iter-count,quick_cache,2,7866.373698
u64,ahash,16384,iter-count,lru,2,0.393504
u64,ahash,16384,iter-count,hashlink,2,0.393509
u64,ahash,16384,iter-count,micro,2,0.396646
u64,ahash,16384,iter-count,baseline,2,4063.867188
u64,ahash,16384,iter-count,lru,3,0.392801
u64,ahash,16384,iter-count,hashlink,3,0.392670
u64,ahash,16384,iter-count,micro,3,0.394077
u64,ahash,16384,iter-count,baseline,3,4056.412500
u64,ahash,16384,iter-count,quick_cache,3,7774.739583
u64,ahash,16384,iter-count,hashlink,4,0.391634
u64,ahash,16384,iter-count,micro,4,0.392091
u64,ahash,16384,iter-count,baseline,4,4063.899219
u64,ahash,16384,iter-count,quick_cache,4,8017.957031
u64,ahash,16384,iter-count,lru,4,0.388499
u64,ahash,16384,iter-count,micro,5,0.387709
u64,ahash,16384,iter-count,baseline,5,4082.682031
u64,ahash,16384,iter-count,quick_cache,5,7739.854167
u64,ahash,16384,iter-count,lru,5,0.394989
u64,ahash,16384,iter-count,hashlink,5,0.394057
u64,ahash,16384,iter-count,baseline,6,4277.376562
u64,ahash,16384,iter-count,quick_cache,6,7780.815104
u64,ahash,16384,iter-count,lru,6,0.399469
u64,ahash,16384,iter-count,hashlink,6,0.400759
u64,ahash,16384,iter-count,micro,6,0.396725
u64,ahash,16384,iter-count,quick_cache,7,7815.972656
u64,ahash,16384,iter-count,lru,7,0.400152
u64,ahash,16384,iter-count,hashlink,7,0.392343
u64,ahash,16384,iter-count,micro,7,0.397777
u64,ahash,16384,iter-count,baseline,7,4074.902344
u64,ahash,16384,iter-count,lru,8,0.394817
u64,ahash,16384,iter-count,hashlink,8,0.392883
u64,ahash,16384,iter-count,micro,8,0.395506
u64,ahash,16384,iter-count,baseline,8,4107.324219
u64,ahash,16384,iter-count,quick_cache,8,7754.178385
string24,sip,128,iter-dense,micro,0,38.271943
string24,sip,128,iter-dense,baseline,0,37.905052
string24,sip,128,iter-dense,quick_cache,0,29.390793
string24,sip,128,iter-dense,lru,0,129.945319
string24,sip,128,iter-dense,hashlink,0,128.169826
string24,sip,128,iter-dense,baseline,1,37.984178
string24,sip,128,iter-dense,quick_cache,1,29.474432
string24,sip,128,iter-dense,lru,1,128.595703
string24,sip,128,iter-dense,hashlink,1,128.773244
string24,sip,128,iter-dense,micro,1,37.518450
string24,sip,128,iter-dense,quick_cache,2,29.037836
string24,sip,128,iter-dense,lru,2,128.839680
string24,sip,128,iter-dense,hashlink,2,126.480127
string24,sip,128,iter-dense,micro,2,37.648744
string24,sip,128,iter-dense,baseline,2,37.669389
string24,sip,128,iter-dense,lru,3,127.215343
string24,sip,128,iter-dense,hashlink,3,128.528243
string24,sip,128,iter-dense,micro,3,37.273997
string24,sip,128,iter-dense,baseline,3,37.607491
string24,sip,128,iter-dense,quick_cache,3,28.924472
string24,sip,128,iter-dense,hashlink,4,127.741396
string24,sip,128,iter-dense,micro,4,37.626851
string24,sip,128,iter-dense,baseline,4,38.314254
string24,sip,128,iter-dense,quick_cache,4,28.981495
string24,sip,128,iter-dense,lru,4,130.032836
string24,sip,128,iter-dense,micro,5,37.543609
string24,sip,128,iter-dense,baseline,5,37.550179
string24,sip,128,iter-dense,quick_cache,5,29.013298
string24,sip,128,iter-dense,lru,5,128.393771
string24,sip,128,iter-dense,hashlink,5,127.025589
string24,sip,128,iter-dense,baseline,6,37.651544
string24,sip,128,iter-dense,quick_cache,6,28.946873
string24,sip,128,iter-dense,lru,6,129.263829
string24,sip,128,iter-dense,hashlink,6,131.890585
string24,sip,128,iter-dense,micro,6,37.273378
string24,sip,128,iter-dense,quick_cache,7,28.927608
string24,sip,128,iter-dense,lru,7,128.025415
string24,sip,128,iter-dense,hashlink,7,126.811106
string24,sip,128,iter-dense,micro,7,38.147606
string24,sip,128,iter-dense,baseline,7,37.733375
string24,sip,128,iter-dense,lru,8,127.576531
string24,sip,128,iter-dense,hashlink,8,129.391298
string24,sip,128,iter-dense,micro,8,35.835803
string24,sip,128,iter-dense,baseline,8,37.158145
string24,sip,128,iter-dense,quick_cache,8,28.760635
string24,sip,128,iter-dense-for,micro,0,37.160003
string24,sip,128,iter-dense-for,baseline,0,37.550809
string24,sip,128,iter-dense-for,quick_cache,0,65.898477
string24,sip,128,iter-dense-for,lru,0,77.299441
string24,sip,128,iter-dense-for,hashlink,0,69.795500
string24,sip,128,iter-dense-for,baseline,1,36.524376
string24,sip,128,iter-dense-for,quick_cache,1,66.679554
string24,sip,128,iter-dense-for,lru,1,77.199250
string24,sip,128,iter-dense-for,hashlink,1,68.291084
string24,sip,128,iter-dense-for,micro,1,37.431078
string24,sip,128,iter-dense-for,quick_cache,2,67.699315
string24,sip,128,iter-dense-for,lru,2,77.362438
string24,sip,128,iter-dense-for,hashlink,2,68.519495
string24,sip,128,iter-dense-for,micro,2,37.480571
string24,sip,128,iter-dense-for,baseline,2,37.718305
string24,sip,128,iter-dense-for,lru,3,78.181669
string24,sip,128,iter-dense-for,hashlink,3,69.101362
string24,sip,128,iter-dense-for,micro,3,36.222002
string24,sip,128,iter-dense-for,baseline,3,36.852336
string24,sip,128,iter-dense-for,quick_cache,3,66.416211
string24,sip,128,iter-dense-for,hashlink,4,71.684461
string24,sip,128,iter-dense-for,micro,4,36.801490
string24,sip,128,iter-dense-for,baseline,4,37.557956
string24,sip,128,iter-dense-for,quick_cache,4,66.588224
string24,sip,128,iter-dense-for,lru,4,77.117122
string24,sip,128,iter-dense-for,micro,5,37.568547
string24,sip,128,iter-dense-for,baseline,5,40.773586
string24,sip,128,iter-dense-for,quick_cache,5,64.958580
string24,sip,128,iter-dense-for,lru,5,77.108781
string24,sip,128,iter-dense-for,hashlink,5,69.499055
string24,sip,128,iter-dense-for,baseline,6,36.483868
string24,sip,128,iter-dense-for,quick_cache,6,66.462742
string24,sip,128,iter-dense-for,lru,6,77.256720
string24,sip,128,iter-dense-for,hashlink,6,68.534704
string24,sip,128,iter-dense-for,micro,6,36.858483
string24,sip,128,iter-dense-for,quick_cache,7,66.829882
string24,sip,128,iter-dense-for,lru,7,78.392725
string24,sip,128,iter-dense-for,hashlink,7,70.571741
string24,sip,128,iter-dense-for,micro,7,36.986257
string24,sip,128,iter-dense-for,baseline,7,37.299873
string24,sip,128,iter-dense-for,lru,8,77.019930
string24,sip,128,iter-dense-for,hashlink,8,68.313852
string24,sip,128,iter-dense-for,micro,8,37.614664
string24,sip,128,iter-dense-for,baseline,8,37.235175
string24,sip,128,iter-dense-for,quick_cache,8,66.562633
string24,sip,128,iter-density-1pct,micro,0,32.589559
string24,sip,128,iter-density-1pct,baseline,0,43.374584
string24,sip,128,iter-density-1pct,quick_cache,0,25.965292
string24,sip,128,iter-density-1pct,lru,0,1.259136
string24,sip,128,iter-density-1pct,hashlink,0,1.275083
string24,sip,128,iter-density-1pct,baseline,1,57.037899
string24,sip,128,iter-density-1pct,quick_cache,1,45.937289
string24,sip,128,iter-density-1pct,lru,1,3.670425
string24,sip,128,iter-density-1pct,hashlink,1,2.673774
string24,sip,128,iter-density-1pct,micro,1,59.496836
string24,sip,128,iter-density-1pct,quick_cache,2,25.984510
string24,sip,128,iter-density-1pct,lru,2,1.233657
string24,sip,128,iter-density-1pct,hashlink,2,1.268160
string24,sip,128,iter-density-1pct,micro,2,32.942928
string24,sip,128,iter-density-1pct,baseline,2,38.945990
string24,sip,128,iter-density-1pct,lru,3,1.252917
string24,sip,128,iter-density-1pct,hashlink,3,1.255706
string24,sip,128,iter-density-1pct,micro,3,31.923519
string24,sip,128,iter-density-1pct,baseline,3,36.897690
string24,sip,128,iter-density-1pct,quick_cache,3,25.990987
string24,sip,128,iter-density-1pct,hashlink,4,1.235793
string24,sip,128,iter-density-1pct,micro,4,32.122514
string24,sip,128,iter-density-1pct,baseline,4,35.961177
string24,sip,128,iter-density-1pct,quick_cache,4,25.780007
string24,sip,128,iter-density-1pct,lru,4,1.297801
string24,sip,128,iter-density-1pct,micro,5,32.680057
string24,sip,128,iter-density-1pct,baseline,5,36.635705
string24,sip,128,iter-density-1pct,quick_cache,5,26.276379
string24,sip,128,iter-density-1pct,lru,5,1.268572
string24,sip,128,iter-density-1pct,hashlink,5,1.289011
string24,sip,128,iter-density-1pct,baseline,6,38.713517
string24,sip,128,iter-density-1pct,quick_cache,6,21.664984
string24,sip,128,iter-density-1pct,lru,6,1.261210
string24,sip,128,iter-density-1pct,hashlink,6,1.283505
string24,sip,128,iter-density-1pct,micro,6,33.775091
string24,sip,128,iter-density-1pct,quick_cache,7,21.388846
string24,sip,128,iter-density-1pct,lru,7,1.261179
string24,sip,128,iter-density-1pct,hashlink,7,1.284064
string24,sip,128,iter-density-1pct,micro,7,33.531719
string24,sip,128,iter-density-1pct,baseline,7,36.960627
string24,sip,128,iter-density-1pct,lru,8,1.272715
string24,sip,128,iter-density-1pct,hashlink,8,1.286548
string24,sip,128,iter-density-1pct,micro,8,33.174376
string24,sip,128,iter-density-1pct,baseline,8,36.894923
string24,sip,128,iter-density-1pct,quick_cache,8,22.239939
string24,sip,128,iter-density-6pct,micro,0,34.069619
string24,sip,128,iter-density-6pct,baseline,0,35.925826
string24,sip,128,iter-density-6pct,quick_cache,0,22.918236
string24,sip,128,iter-density-6pct,lru,0,3.150609
string24,sip,128,iter-density-6pct,hashlink,0,2.967510
string24,sip,128,iter-density-6pct,baseline,1,34.674645
string24,sip,128,iter-density-6pct,quick_cache,1,25.008003
string24,sip,128,iter-density-6pct,lru,1,3.167625
string24,sip,128,iter-density-6pct,hashlink,1,3.024350
string24,sip,128,iter-density-6pct,micro,1,35.008366
string24,sip,128,iter-density-6pct,quick_cache,2,22.906131
string24,sip,128,iter-density-6pct,lru,2,3.081246
string24,sip,128,iter-density-6pct,hashlink,2,3.028537
string24,sip,128,iter-density-6pct,micro,2,34.852218
string24,sip,128,iter-density-6pct,baseline,2,34.641882
string24,sip,128,iter-density-6pct,lru,3,3.078505
string24,sip,128,iter-density-6pct,hashlink,3,2.989687
string24,sip,128,iter-density-6pct,micro,3,35.104471
string24,sip,128,iter-density-6pct,baseline,3,35.360149
string24,sip,128,iter-density-6pct,quick_cache,3,23.202603
string24,sip,128,iter-density-6pct,hashlink,4,2.956953
string24,sip,128,iter-density-6pct,micro,4,34.690622
string24,sip,128,iter-density-6pct,baseline,4,33.612181
string24,sip,128,iter-density-6pct,quick_cache,4,25.855745
string24,sip,128,iter-density-6pct,lru,4,3.170040
string24,sip,128,iter-density-6pct,micro,5,35.651473
string24,sip,128,iter-density-6pct,baseline,5,34.991813
string24,sip,128,iter-density-6pct,quick_cache,5,26.113255
string24,sip,128,iter-density-6pct,lru,5,3.144015
string24,sip,128,iter-density-6pct,hashlink,5,3.829971
string24,sip,128,iter-density-6pct,baseline,6,38.802536
string24,sip,128,iter-density-6pct,quick_cache,6,23.022143
string24,sip,128,iter-density-6pct,lru,6,3.285075
string24,sip,128,iter-density-6pct,hashlink,6,3.266901
string24,sip,128,iter-density-6pct,micro,6,35.895984
string24,sip,128,iter-density-6pct,quick_cache,7,22.603853
string24,sip,128,iter-density-6pct,lru,7,3.337562
string24,sip,128,iter-density-6pct,hashlink,7,3.169500
string24,sip,128,iter-density-6pct,micro,7,35.853904
string24,sip,128,iter-density-6pct,baseline,7,35.793575
string24,sip,128,iter-density-6pct,lru,8,3.136506
string24,sip,128,iter-density-6pct,hashlink,8,3.135939
string24,sip,128,iter-density-6pct,micro,8,35.876643
string24,sip,128,iter-density-6pct,baseline,8,36.576903
string24,sip,128,iter-density-6pct,quick_cache,8,23.214261
string24,sip,128,iter-density-quarter,micro,0,36.667608
string24,sip,128,iter-density-quarter,baseline,0,36.644912
string24,sip,128,iter-density-quarter,quick_cache,0,21.521407
string24,sip,128,iter-density-quarter,lru,0,18.622538
string24,sip,128,iter-density-quarter,hashlink,0,18.491124
string24,sip,128,iter-density-quarter,baseline,1,37.234557
string24,sip,128,iter-density-quarter,quick_cache,1,21.525899
string24,sip,128,iter-density-quarter,lru,1,18.869046
string24,sip,128,iter-density-quarter,hashlink,1,18.259443
string24,sip,128,iter-density-quarter,micro,1,36.695632
string24,sip,128,iter-density-quarter,quick_cache,2,21.500499
string24,sip,128,iter-density-quarter,lru,2,18.604800
string24,sip,128,iter-density-quarter,hashlink,2,18.324755
string24,sip,128,iter-density-quarter,micro,2,36.901380
string24,sip,128,iter-density-quarter,baseline,2,36.413423
string24,sip,128,iter-density-quarter,lru,3,18.523356
string24,sip,128,iter-density-quarter,hashlink,3,18.588687
string24,sip,128,iter-density-quarter,micro,3,36.685739
string24,sip,128,iter-density-quarter,baseline,3,36.356547
string24,sip,128,iter-density-quarter,quick_cache,3,21.536595
string24,sip,128,iter-density-quarter,hashlink,4,18.511610
string24,sip,128,iter-density-quarter,micro,4,37.147292
string24,sip,128,iter-density-quarter,baseline,4,37.052269
string24,sip,128,iter-density-quarter,quick_cache,4,21.532012
string24,sip,128,iter-density-quarter,lru,4,18.920647
string24,sip,128,iter-density-quarter,micro,5,36.877508
string24,sip,128,iter-density-quarter,baseline,5,35.193792
string24,sip,128,iter-density-quarter,quick_cache,5,24.810495
string24,sip,128,iter-density-quarter,lru,5,18.417171
string24,sip,128,iter-density-quarter,hashlink,5,18.379256
string24,sip,128,iter-density-quarter,baseline,6,36.410094
string24,sip,128,iter-density-quarter,quick_cache,6,25.215281
string24,sip,128,iter-density-quarter,lru,6,18.933142
string24,sip,128,iter-density-quarter,hashlink,6,18.538895
string24,sip,128,iter-density-quarter,micro,6,36.152244
string24,sip,128,iter-density-quarter,quick_cache,7,25.901381
string24,sip,128,iter-density-quarter,lru,7,18.661792
string24,sip,128,iter-density-quarter,hashlink,7,18.699295
string24,sip,128,iter-density-quarter,micro,7,37.143890
string24,sip,128,iter-density-quarter,baseline,7,36.478693
string24,sip,128,iter-density-quarter,lru,8,18.799375
string24,sip,128,iter-density-quarter,hashlink,8,19.822950
string24,sip,128,iter-density-quarter,micro,8,36.143949
string24,sip,128,iter-density-quarter,baseline,8,34.771772
string24,sip,128,iter-density-quarter,quick_cache,8,24.076305
string24,sip,128,iter-density-half,micro,0,59.683967
string24,sip,128,iter-density-half,baseline,0,35.472233
string24,sip,128,iter-density-half,quick_cache,0,24.678301
string24,sip,128,iter-density-half,lru,0,51.044048
string24,sip,128,iter-density-half,hashlink,0,49.069123
string24,sip,128,iter-density-half,baseline,1,35.228458
string24,sip,128,iter-density-half,quick_cache,1,24.754644
string24,sip,128,iter-density-half,lru,1,50.312570
string24,sip,128,iter-density-half,hashlink,1,49.688245
string24,sip,128,iter-density-half,micro,1,64.712189
string24,sip,128,iter-density-half,quick_cache,2,24.878060
string24,sip,128,iter-density-half,lru,2,50.592404
string24,sip,128,iter-density-half,hashlink,2,49.835409
string24,sip,128,iter-density-half,micro,2,61.997446
string24,sip,128,iter-density-half,baseline,2,37.124072
string24,sip,128,iter-density-half,lru,3,50.144827
string24,sip,128,iter-density-half,hashlink,3,49.641310
string24,sip,128,iter-density-half,micro,3,62.382011
string24,sip,128,iter-density-half,baseline,3,37.186221
string24,sip,128,iter-density-half,quick_cache,3,25.104856
string24,sip,128,iter-density-half,hashlink,4,50.755450
string24,sip,128,iter-density-half,micro,4,62.524475
string24,sip,128,iter-density-half,baseline,4,37.235801
string24,sip,128,iter-density-half,quick_cache,4,24.857237
string24,sip,128,iter-density-half,lru,4,50.793945
string24,sip,128,iter-density-half,micro,5,62.487505
string24,sip,128,iter-density-half,baseline,5,37.652169
string24,sip,128,iter-density-half,quick_cache,5,24.968041
string24,sip,128,iter-density-half,lru,5,50.491801
string24,sip,128,iter-density-half,hashlink,5,50.450896
string24,sip,128,iter-density-half,baseline,6,37.022233
string24,sip,128,iter-density-half,quick_cache,6,24.975567
string24,sip,128,iter-density-half,lru,6,50.810458
string24,sip,128,iter-density-half,hashlink,6,49.667067
string24,sip,128,iter-density-half,micro,6,62.188607
string24,sip,128,iter-density-half,quick_cache,7,24.862644
string24,sip,128,iter-density-half,lru,7,51.896079
string24,sip,128,iter-density-half,hashlink,7,49.329141
string24,sip,128,iter-density-half,micro,7,62.770344
string24,sip,128,iter-density-half,baseline,7,37.535844
string24,sip,128,iter-density-half,lru,8,50.883008
string24,sip,128,iter-density-half,hashlink,8,49.905432
string24,sip,128,iter-density-half,micro,8,64.321309
string24,sip,128,iter-density-half,baseline,8,36.818214
string24,sip,128,iter-density-half,quick_cache,8,24.857859
string24,sip,128,iter-front,micro,0,37.427642
string24,sip,128,iter-front,baseline,0,36.652592
string24,sip,128,iter-front,quick_cache,0,22.071416
string24,sip,128,iter-front,lru,0,1.185832
string24,sip,128,iter-front,hashlink,0,1.141311
string24,sip,128,iter-front,baseline,1,37.210134
string24,sip,128,iter-front,quick_cache,1,22.327408
string24,sip,128,iter-front,lru,1,1.201590
string24,sip,128,iter-front,hashlink,1,1.157047
string24,sip,128,iter-front,micro,1,37.720507
string24,sip,128,iter-front,quick_cache,2,22.495712
string24,sip,128,iter-front,lru,2,1.227734
string24,sip,128,iter-front,hashlink,2,1.160976
string24,sip,128,iter-front,micro,2,38.246390
string24,sip,128,iter-front,baseline,2,37.719874
string24,sip,128,iter-front,lru,3,1.179103
string24,sip,128,iter-front,hashlink,3,1.142103
string24,sip,128,iter-front,micro,3,38.108716
string24,sip,128,iter-front,baseline,3,36.575957
string24,sip,128,iter-front,quick_cache,3,22.171072
string24,sip,128,iter-front,hashlink,4,1.152082
string24,sip,128,iter-front,micro,4,37.863271
string24,sip,128,iter-front,baseline,4,36.568643
string24,sip,128,iter-front,quick_cache,4,22.628457
string24,sip,128,iter-front,lru,4,1.196804
string24,sip,128,iter-front,micro,5,37.675657
string24,sip,128,iter-front,baseline,5,36.547248
string24,sip,128,iter-front,quick_cache,5,22.157761
string24,sip,128,iter-front,lru,5,1.179610
string24,sip,128,iter-front,hashlink,5,1.154082
string24,sip,128,iter-front,baseline,6,38.146973
string24,sip,128,iter-front,quick_cache,6,21.235390
string24,sip,128,iter-front,lru,6,1.158506
string24,sip,128,iter-front,hashlink,6,1.163830
string24,sip,128,iter-front,micro,6,36.371647
string24,sip,128,iter-front,quick_cache,7,21.827490
string24,sip,128,iter-front,lru,7,1.174476
string24,sip,128,iter-front,hashlink,7,1.138309
string24,sip,128,iter-front,micro,7,36.292325
string24,sip,128,iter-front,baseline,7,35.766909
string24,sip,128,iter-front,lru,8,1.181725
string24,sip,128,iter-front,hashlink,8,1.152890
string24,sip,128,iter-front,micro,8,36.650409
string24,sip,128,iter-front,baseline,8,35.692489
string24,sip,128,iter-front,quick_cache,8,21.925131
string24,sip,128,iter-back,micro,0,37.253553
string24,sip,128,iter-back,baseline,0,38.070311
string24,sip,128,iter-back,quick_cache,0,21.611231
string24,sip,128,iter-back,lru,0,1.175431
string24,sip,128,iter-back,hashlink,0,1.151081
string24,sip,128,iter-back,baseline,1,35.463005
string24,sip,128,iter-back,quick_cache,1,26.547586
string24,sip,128,iter-back,lru,1,1.178712
string24,sip,128,iter-back,hashlink,1,1.099678
string24,sip,128,iter-back,micro,1,36.084933
string24,sip,128,iter-back,quick_cache,2,20.466327
string24,sip,128,iter-back,lru,2,1.178925
string24,sip,128,iter-back,hashlink,2,1.135959
string24,sip,128,iter-back,micro,2,37.180474
string24,sip,128,iter-back,baseline,2,36.242427
string24,sip,128,iter-back,lru,3,1.167029
string24,sip,128,iter-back,hashlink,3,1.133199
string24,sip,128,iter-back,micro,3,38.229582
string24,sip,128,iter-back,baseline,3,37.323792
string24,sip,128,iter-back,quick_cache,3,20.635751
string24,sip,128,iter-back,hashlink,4,1.133265
string24,sip,128,iter-back,micro,4,37.290347
string24,sip,128,iter-back,baseline,4,36.563743
string24,sip,128,iter-back,quick_cache,4,20.515377
string24,sip,128,iter-back,lru,4,1.172749
string24,sip,128,iter-back,micro,5,37.270391
string24,sip,128,iter-back,baseline,5,36.280568
string24,sip,128,iter-back,quick_cache,5,20.590723
string24,sip,128,iter-back,lru,5,1.184735
string24,sip,128,iter-back,hashlink,5,1.139895
string24,sip,128,iter-back,baseline,6,36.851325
string24,sip,128,iter-back,quick_cache,6,20.521408
string24,sip,128,iter-back,lru,6,1.177264
string24,sip,128,iter-back,hashlink,6,1.189506
string24,sip,128,iter-back,micro,6,38.322056
string24,sip,128,iter-back,quick_cache,7,20.642235
string24,sip,128,iter-back,lru,7,1.180992
string24,sip,128,iter-back,hashlink,7,1.151929
string24,sip,128,iter-back,micro,7,37.380697
string24,sip,128,iter-back,baseline,7,36.369553
string24,sip,128,iter-back,lru,8,1.212246
string24,sip,128,iter-back,hashlink,8,1.135752
string24,sip,128,iter-back,micro,8,37.524638
string24,sip,128,iter-back,baseline,8,36.410102
string24,sip,128,iter-back,quick_cache,8,20.598697
string24,sip,128,iter-empty,micro,0,0.920433
string24,sip,128,iter-empty,baseline,0,45.052690
string24,sip,128,iter-empty,quick_cache,0,20.729690
string24,sip,128,iter-empty,lru,0,0.993856
string24,sip,128,iter-empty,hashlink,0,0.996003
string24,sip,128,iter-empty,baseline,1,47.438287
string24,sip,128,iter-empty,quick_cache,1,20.505934
string24,sip,128,iter-empty,lru,1,1.000871
string24,sip,128,iter-empty,hashlink,1,0.988549
string24,sip,128,iter-empty,micro,1,0.920471
string24,sip,128,iter-empty,quick_cache,2,20.693832
string24,sip,128,iter-empty,lru,2,0.993672
string24,sip,128,iter-empty,hashlink,2,0.988030
string24,sip,128,iter-empty,micro,2,1.014507
string24,sip,128,iter-empty,baseline,2,44.430401
string24,sip,128,iter-empty,lru,3,0.998505
string24,sip,128,iter-empty,hashlink,3,0.970340
string24,sip,128,iter-empty,micro,3,0.926316
string24,sip,128,iter-empty,baseline,3,34.821155
string24,sip,128,iter-empty,quick_cache,3,21.063422
string24,sip,128,iter-empty,hashlink,4,1.029708
string24,sip,128,iter-empty,micro,4,0.915231
string24,sip,128,iter-empty,baseline,4,35.605705
string24,sip,128,iter-empty,quick_cache,4,25.334260
string24,sip,128,iter-empty,lru,4,0.983193
string24,sip,128,iter-empty,micro,5,0.935455
string24,sip,128,iter-empty,baseline,5,36.416460
string24,sip,128,iter-empty,quick_cache,5,21.869712
string24,sip,128,iter-empty,lru,5,0.972666
string24,sip,128,iter-empty,hashlink,5,0.990058
string24,sip,128,iter-empty,baseline,6,36.154052
string24,sip,128,iter-empty,quick_cache,6,21.798994
string24,sip,128,iter-empty,lru,6,0.989945
string24,sip,128,iter-empty,hashlink,6,0.970352
string24,sip,128,iter-empty,micro,6,0.913134
string24,sip,128,iter-empty,quick_cache,7,21.091852
string24,sip,128,iter-empty,lru,7,0.955827
string24,sip,128,iter-empty,hashlink,7,0.991170
string24,sip,128,iter-empty,micro,7,0.932563
string24,sip,128,iter-empty,baseline,7,36.037023
string24,sip,128,iter-empty,lru,8,0.985481
string24,sip,128,iter-empty,hashlink,8,0.992706
string24,sip,128,iter-empty,micro,8,0.919274
string24,sip,128,iter-empty,baseline,8,36.472316
string24,sip,128,iter-empty,quick_cache,8,21.826036
string24,sip,128,iter-count,micro,0,0.393406
string24,sip,128,iter-count,baseline,0,35.589097
string24,sip,128,iter-count,quick_cache,0,52.564611
string24,sip,128,iter-count,lru,0,0.394348
string24,sip,128,iter-count,hashlink,0,0.392110
string24,sip,128,iter-count,baseline,1,35.753435
string24,sip,128,iter-count,quick_cache,1,52.420639
string24,sip,128,iter-count,lru,1,0.390179
string24,sip,128,iter-count,hashlink,1,0.387648
string24,sip,128,iter-count,micro,1,0.402876
string24,sip,128,iter-count,quick_cache,2,53.572699
string24,sip,128,iter-count,lru,2,0.391879
string24,sip,128,iter-count,hashlink,2,0.389978
string24,sip,128,iter-count,micro,2,0.396332
string24,sip,128,iter-count,baseline,2,36.408018
string24,sip,128,iter-count,lru,3,0.390028
string24,sip,128,iter-count,hashlink,3,0.386906
string24,sip,128,iter-count,micro,3,0.395449
string24,sip,128,iter-count,baseline,3,36.298593
string24,sip,128,iter-count,quick_cache,3,54.207778
string24,sip,128,iter-count,hashlink,4,0.381611
string24,sip,128,iter-count,micro,4,0.379115
string24,sip,128,iter-count,baseline,4,35.236311
string24,sip,128,iter-count,quick_cache,4,51.240132
string24,sip,128,iter-count,lru,4,0.389814
string24,sip,128,iter-count,micro,5,0.403158
string24,sip,128,iter-count,baseline,5,35.784341
string24,sip,128,iter-count,quick_cache,5,52.352711
string24,sip,128,iter-count,lru,5,0.403675
string24,sip,128,iter-count,hashlink,5,0.396956
string24,sip,128,iter-count,baseline,6,35.685818
string24,sip,128,iter-count,quick_cache,6,52.485653
string24,sip,128,iter-count,lru,6,0.393921
string24,sip,128,iter-count,hashlink,6,0.384404
string24,sip,128,iter-count,micro,6,0.396896
string24,sip,128,iter-count,quick_cache,7,54.714855
string24,sip,128,iter-count,lru,7,0.389382
string24,sip,128,iter-count,hashlink,7,0.385917
string24,sip,128,iter-count,micro,7,0.395918
string24,sip,128,iter-count,baseline,7,36.416201
string24,sip,128,iter-count,lru,8,0.388059
string24,sip,128,iter-count,hashlink,8,0.391588
string24,sip,128,iter-count,micro,8,0.405045
string24,sip,128,iter-count,baseline,8,36.598849
string24,sip,128,iter-count,quick_cache,8,52.373073
string24,sip,1024,iter-dense,micro,0,270.506704
string24,sip,1024,iter-dense,baseline,0,270.984510
string24,sip,1024,iter-dense,quick_cache,0,248.069593
string24,sip,1024,iter-dense,lru,0,1251.302250
string24,sip,1024,iter-dense,hashlink,0,1218.679506
string24,sip,1024,iter-dense,baseline,1,268.233651
string24,sip,1024,iter-dense,quick_cache,1,255.208299
string24,sip,1024,iter-dense,lru,1,1263.860887
string24,sip,1024,iter-dense,hashlink,1,1223.907471
string24,sip,1024,iter-dense,micro,1,268.573722
string24,sip,1024,iter-dense,quick_cache,2,256.062909
string24,sip,1024,iter-dense,lru,2,1252.771000
string24,sip,1024,iter-dense,hashlink,2,1294.733729
string24,sip,1024,iter-dense,micro,2,270.486429
string24,sip,1024,iter-dense,baseline,2,269.580657
string24,sip,1024,iter-dense,lru,3,1232.150098
string24,sip,1024,iter-dense,hashlink,3,1228.322266
string24,sip,1024,iter-dense,micro,3,268.979938
string24,sip,1024,iter-dense,baseline,3,269.096493
string24,sip,1024,iter-dense,quick_cache,3,255.885996
string24,sip,1024,iter-dense,hashlink,4,1233.052411
string24,sip,1024,iter-dense,micro,4,269.432435
string24,sip,1024,iter-dense,baseline,4,271.348741
string24,sip,1024,iter-dense,quick_cache,4,252.953883
string24,sip,1024,iter-dense,lru,4,1240.823413
string24,sip,1024,iter-dense,micro,5,269.578394
string24,sip,1024,iter-dense,baseline,5,269.555927
string24,sip,1024,iter-dense,quick_cache,5,257.092928
string24,sip,1024,iter-dense,lru,5,1270.526423
string24,sip,1024,iter-dense,hashlink,5,1276.750762
string24,sip,1024,iter-dense,baseline,6,269.679418
string24,sip,1024,iter-dense,quick_cache,6,259.300321
string24,sip,1024,iter-dense,lru,6,1244.523065
string24,sip,1024,iter-dense,hashlink,6,1225.097656
string24,sip,1024,iter-dense,micro,6,269.931563
string24,sip,1024,iter-dense,quick_cache,7,256.942323
string24,sip,1024,iter-dense,lru,7,1248.253720
string24,sip,1024,iter-dense,hashlink,7,1223.205566
string24,sip,1024,iter-dense,micro,7,270.302623
string24,sip,1024,iter-dense,baseline,7,271.511502
string24,sip,1024,iter-dense,lru,8,1228.841309
string24,sip,1024,iter-dense,hashlink,8,1219.698886
string24,sip,1024,iter-dense,micro,8,269.356444
string24,sip,1024,iter-dense,baseline,8,260.962281
string24,sip,1024,iter-dense,quick_cache,8,244.618496
string24,sip,1024,iter-dense-for,micro,0,273.893553
string24,sip,1024,iter-dense-for,baseline,0,272.721695
string24,sip,1024,iter-dense-for,quick_cache,0,471.899379
string24,sip,1024,iter-dense-for,lru,0,722.410282
string24,sip,1024,iter-dense-for,hashlink,0,878.152739
string24,sip,1024,iter-dense-for,baseline,1,259.966777
string24,sip,1024,iter-dense-for,quick_cache,1,260.722656
string24,sip,1024,iter-dense-for,lru,1,732.221086
string24,sip,1024,iter-dense-for,hashlink,1,899.432651
string24,sip,1024,iter-dense-for,micro,1,259.739670
string24,sip,1024,iter-dense-for,quick_cache,2,491.134404
string24,sip,1024,iter-dense-for,lru,2,724.470631
string24,sip,1024,iter-dense-for,hashlink,2,873.312500
string24,sip,1024,iter-dense-for,micro,2,263.393519
string24,sip,1024,iter-dense-for,baseline,2,267.047088
string24,sip,1024,iter-dense-for,lru,3,731.357039
string24,sip,1024,iter-dense-for,hashlink,3,916.072734
string24,sip,1024,iter-dense-for,micro,3,264.274546
string24,sip,1024,iter-dense-for,baseline,3,269.327291
string24,sip,1024,iter-dense-for,quick_cache,3,488.655566
string24,sip,1024,iter-dense-for,hashlink,4,876.316690
string24,sip,1024,iter-dense-for,micro,4,264.885699
string24,sip,1024,iter-dense-for,baseline,4,258.214315
string24,sip,1024,iter-dense-for,quick_cache,4,485.677116
string24,sip,1024,iter-dense-for,lru,4,725.302517
string24,sip,1024,iter-dense-for,micro,5,268.014794
string24,sip,1024,iter-dense-for,baseline,5,267.116293
string24,sip,1024,iter-dense-for,quick_cache,5,488.773535
string24,sip,1024,iter-dense-for,lru,5,727.616279
string24,sip,1024,iter-dense-for,hashlink,5,869.950868
string24,sip,1024,iter-dense-for,baseline,6,265.786671
string24,sip,1024,iter-dense-for,quick_cache,6,499.087679
string24,sip,1024,iter-dense-for,lru,6,750.710227
string24,sip,1024,iter-dense-for,hashlink,6,884.453037
string24,sip,1024,iter-dense-for,micro,6,264.734930
string24,sip,1024,iter-dense-for,quick_cache,7,487.522683
string24,sip,1024,iter-dense-for,lru,7,728.149128
string24,sip,1024,iter-dense-for,hashlink,7,876.294693
string24,sip,1024,iter-dense-for,micro,7,264.265731
string24,sip,1024,iter-dense-for,baseline,7,266.647078
string24,sip,1024,iter-dense-for,lru,8,733.659771
string24,sip,1024,iter-dense-for,hashlink,8,888.864169
string24,sip,1024,iter-dense-for,micro,8,262.317376
string24,sip,1024,iter-dense-for,baseline,8,265.461428
string24,sip,1024,iter-dense-for,quick_cache,8,486.966998
string24,sip,1024,iter-density-1pct,micro,0,326.657098
string24,sip,1024,iter-density-1pct,baseline,0,332.340831
string24,sip,1024,iter-density-1pct,quick_cache,0,171.962390
string24,sip,1024,iter-density-1pct,lru,0,4.470800
string24,sip,1024,iter-density-1pct,hashlink,0,4.146832
string24,sip,1024,iter-density-1pct,baseline,1,334.772016
string24,sip,1024,iter-density-1pct,quick_cache,1,197.753674
string24,sip,1024,iter-density-1pct,lru,1,4.290026
string24,sip,1024,iter-density-1pct,hashlink,1,4.223693
string24,sip,1024,iter-density-1pct,micro,1,326.926451
string24,sip,1024,iter-density-1pct,quick_cache,2,172.390367
string24,sip,1024,iter-density-1pct,lru,2,4.355072
string24,sip,1024,iter-density-1pct,hashlink,2,4.247806
string24,sip,1024,iter-density-1pct,micro,2,332.230295
string24,sip,1024,iter-density-1pct,baseline,2,339.665808
string24,sip,1024,iter-density-1pct,lru,3,4.315941
string24,sip,1024,iter-density-1pct,hashlink,3,4.202754
string24,sip,1024,iter-density-1pct,micro,3,329.629934
string24,sip,1024,iter-density-1pct,baseline,3,342.867667
string24,sip,1024,iter-density-1pct,quick_cache,3,178.616071
string24,sip,1024,iter-density-1pct,hashlink,4,4.218255
string24,sip,1024,iter-density-1pct,micro,4,337.917387
string24,sip,1024,iter-density-1pct,baseline,4,372.795759
string24,sip,1024,iter-density-1pct,quick_cache,4,188.019606
string24,sip,1024,iter-density-1pct,lru,4,4.414465
string24,sip,1024,iter-density-1pct,micro,5,317.684515
string24,sip,1024,iter-density-1pct,baseline,5,331.239473
string24,sip,1024,iter-density-1pct,quick_cache,5,199.792845
string24,sip,1024,iter-density-1pct,lru,5,4.331171
string24,sip,1024,iter-density-1pct,hashlink,5,4.235716
string24,sip,1024,iter-density-1pct,baseline,6,339.869226
string24,sip,1024,iter-density-1pct,quick_cache,6,201.780927
string24,sip,1024,iter-density-1pct,lru,6,4.328567
string24,sip,1024,iter-density-1pct,hashlink,6,4.215261
string24,sip,1024,iter-density-1pct,micro,6,330.921842
string24,sip,1024,iter-density-1pct,quick_cache,7,205.905838
string24,sip,1024,iter-density-1pct,lru,7,4.372464
string24,sip,1024,iter-density-1pct,hashlink,7,4.204373
string24,sip,1024,iter-density-1pct,micro,7,331.176046
string24,sip,1024,iter-density-1pct,baseline,7,340.036209
string24,sip,1024,iter-density-1pct,lru,8,4.333092
string24,sip,1024,iter-density-1pct,hashlink,8,4.208981
string24,sip,1024,iter-density-1pct,micro,8,341.347707
string24,sip,1024,iter-density-1pct,baseline,8,343.221765
string24,sip,1024,iter-density-1pct,quick_cache,8,206.523819
string24,sip,1024,iter-density-6pct,micro,0,309.462624
string24,sip,1024,iter-density-6pct,baseline,0,271.714952
string24,sip,1024,iter-density-6pct,quick_cache,0,187.717249
string24,sip,1024,iter-density-6pct,lru,0,49.565067
string24,sip,1024,iter-density-6pct,hashlink,0,49.430975
string24,sip,1024,iter-density-6pct,baseline,1,290.183442
string24,sip,1024,iter-density-6pct,quick_cache,1,210.218204
string24,sip,1024,iter-density-6pct,lru,1,50.746581
string24,sip,1024,iter-density-6pct,hashlink,1,49.518774
string24,sip,1024,iter-density-6pct,micro,1,306.525735
string24,sip,1024,iter-density-6pct,quick_cache,2,205.619490
string24,sip,1024,iter-density-6pct,lru,2,50.532877
string24,sip,1024,iter-density-6pct,hashlink,2,49.989004
string24,sip,1024,iter-density-6pct,micro,2,302.832788
string24,sip,1024,iter-density-6pct,baseline,2,291.863456
string24,sip,1024,iter-density-6pct,lru,3,50.717857
string24,sip,1024,iter-density-6pct,hashlink,3,54.478738
string24,sip,1024,iter-density-6pct,micro,3,329.748484
string24,sip,1024,iter-density-6pct,baseline,3,313.217623
string24,sip,1024,iter-density-6pct,quick_cache,3,207.084685
string24,sip,1024,iter-density-6pct,hashlink,4,52.629336
string24,sip,1024,iter-density-6pct,micro,4,291.707964
string24,sip,1024,iter-density-6pct,baseline,4,298.505129
string24,sip,1024,iter-density-6pct,quick_cache,4,175.618855
string24,sip,1024,iter-density-6pct,lru,4,50.138765
string24,sip,1024,iter-density-6pct,micro,5,301.375843
string24,sip,1024,iter-density-6pct,baseline,5,287.439683
string24,sip,1024,iter-density-6pct,quick_cache,5,177.325432
string24,sip,1024,iter-density-6pct,lru,5,49.633812
string24,sip,1024,iter-density-6pct,hashlink,5,49.334487
string24,sip,1024,iter-density-6pct,baseline,6,287.163131
string24,sip,1024,iter-density-6pct,quick_cache,6,178.617536
string24,sip,1024,iter-density-6pct,lru,6,51.015906
string24,sip,1024,iter-density-6pct,hashlink,6,49.183664
string24,sip,1024,iter-density-6pct,micro,6,288.685309
string24,sip,1024,iter-density-6pct,quick_cache,7,177.650036
string24,sip,1024,iter-density-6pct,lru,7,49.828354
string24,sip,1024,iter-density-6pct,hashlink,7,49.276797
string24,sip,1024,iter-density-6pct,micro,7,294.422846
string24,sip,1024,iter-density-6pct,baseline,7,292.085280
string24,sip,1024,iter-density-6pct,lru,8,49.478754
string24,sip,1024,iter-density-6pct,hashlink,8,49.604821
string24,sip,1024,iter-density-6pct,micro,8,288.762223
string24,sip,1024,iter-density-6pct,baseline,8,288.076945
string24,sip,1024,iter-density-6pct,quick_cache,8,176.349352
string24,sip,1024,iter-density-quarter,micro,0,253.477867
string24,sip,1024,iter-density-quarter,baseline,0,252.581028
string24,sip,1024,iter-density-quarter,quick_cache,0,164.996473
string24,sip,1024,iter-density-quarter,lru,0,299.621348
string24,sip,1024,iter-density-quarter,hashlink,0,284.674806
string24,sip,1024,iter-density-quarter,baseline,1,252.488489
string24,sip,1024,iter-density-quarter,quick_cache,1,164.258075
string24,sip,1024,iter-density-quarter,lru,1,289.793113
string24,sip,1024,iter-density-quarter,hashlink,1,286.046561
string24,sip,1024,iter-density-quarter,micro,1,252.848193
string24,sip,1024,iter-density-quarter,quick_cache,2,188.726600
string24,sip,1024,iter-density-quarter,lru,2,288.365775
string24,sip,1024,iter-density-quarter,hashlink,2,284.862136
string24,sip,1024,iter-density-quarter,micro,2,248.617200
string24,sip,1024,iter-density-quarter,baseline,2,250.154200
string24,sip,1024,iter-density-quarter,lru,3,288.829020
string24,sip,1024,iter-density-quarter,hashlink,3,287.827578
string24,sip,1024,iter-density-quarter,micro,3,250.911216
string24,sip,1024,iter-density-quarter,baseline,3,252.671496
string24,sip,1024,iter-density-quarter,quick_cache,3,165.389385
string24,sip,1024,iter-density-quarter,hashlink,4,289.973214
string24,sip,1024,iter-density-quarter,micro,4,252.822950
string24,sip,1024,iter-density-quarter,baseline,4,253.242567
string24,sip,1024,iter-density-quarter,quick_cache,4,164.635428
string24,sip,1024,iter-density-quarter,lru,4,288.308118
string24,sip,1024,iter-density-quarter,micro,5,251.118178
string24,sip,1024,iter-density-quarter,baseline,5,258.832161
string24,sip,1024,iter-density-quarter,quick_cache,5,164.544934
string24,sip,1024,iter-density-quarter,lru,5,296.246153
string24,sip,1024,iter-density-quarter,hashlink,5,293.027271
string24,sip,1024,iter-density-quarter,baseline,6,252.852801
string24,sip,1024,iter-density-quarter,quick_cache,6,165.231072
string24,sip,1024,iter-density-quarter,lru,6,289.590567
string24,sip,1024,iter-density-quarter,hashlink,6,284.412898
string24,sip,1024,iter-density-quarter,micro,6,251.660628
string24,sip,1024,iter-density-quarter,quick_cache,7,165.763620
string24,sip,1024,iter-density-quarter,lru,7,294.680320
string24,sip,1024,iter-density-quarter,hashlink,7,283.587114
string24,sip,1024,iter-density-quarter,micro,7,250.856892
string24,sip,1024,iter-density-quarter,baseline,7,253.870333
string24,sip,1024,iter-density-quarter,lru,8,285.320198
string24,sip,1024,iter-density-quarter,hashlink,8,287.786775
string24,sip,1024,iter-density-quarter,micro,8,255.949980
string24,sip,1024,iter-density-quarter,baseline,8,253.640346
string24,sip,1024,iter-density-quarter,quick_cache,8,163.926035
string24,sip,1024,iter-density-half,micro,0,484.096846
string24,sip,1024,iter-density-half,baseline,0,258.391426
string24,sip,1024,iter-density-half,quick_cache,0,196.513152
string24,sip,1024,iter-density-half,lru,0,614.481250
string24,sip,1024,iter-density-half,hashlink,0,602.203486
string24,sip,1024,iter-density-half,baseline,1,255.170065
string24,sip,1024,iter-density-half,quick_cache,1,202.222146
string24,sip,1024,iter-density-half,lru,1,636.729294
string24,sip,1024,iter-density-half,hashlink,1,629.742972
string24,sip,1024,iter-density-half,micro,1,469.551520
string24,sip,1024,iter-density-half,quick_cache,2,192.981597
string24,sip,1024,iter-density-half,lru,2,629.261923
string24,sip,1024,iter-density-half,hashlink,2,611.740112
string24,sip,1024,iter-density-half,micro,2,489.286230
string24,sip,1024,iter-density-half,baseline,2,257.015831
string24,sip,1024,iter-density-half,lru,3,609.065905
string24,sip,1024,iter-density-half,hashlink,3,596.657323
string24,sip,1024,iter-density-half,micro,3,478.565367
string24,sip,1024,iter-density-half,baseline,3,255.440257
string24,sip,1024,iter-density-half,quick_cache,3,193.831320
string24,sip,1024,iter-density-half,hashlink,4,608.250243
string24,sip,1024,iter-density-half,micro,4,475.454312
string24,sip,1024,iter-density-half,baseline,4,257.752420
string24,sip,1024,iter-density-half,quick_cache,4,194.857894
string24,sip,1024,iter-density-half,lru,4,606.992975
string24,sip,1024,iter-density-half,micro,5,478.378249
string24,sip,1024,iter-density-half,baseline,5,255.896686
string24,sip,1024,iter-density-half,quick_cache,5,194.723887
string24,sip,1024,iter-density-half,lru,5,606.468023
string24,sip,1024,iter-density-half,hashlink,5,633.471407
string24,sip,1024,iter-density-half,baseline,6,257.561522
string24,sip,1024,iter-density-half,quick_cache,6,195.317383
string24,sip,1024,iter-density-half,lru,6,604.830357
string24,sip,1024,iter-density-half,hashlink,6,601.141827
string24,sip,1024,iter-density-half,micro,6,474.554167
string24,sip,1024,iter-density-half,quick_cache,7,186.817092
string24,sip,1024,iter-density-half,lru,7,607.694404
string24,sip,1024,iter-density-half,hashlink,7,603.044832
string24,sip,1024,iter-density-half,micro,7,468.839633
string24,sip,1024,iter-density-half,baseline,7,250.507061
string24,sip,1024,iter-density-half,lru,8,612.121582
string24,sip,1024,iter-density-half,hashlink,8,601.267067
string24,sip,1024,iter-density-half,micro,8,466.829851
string24,sip,1024,iter-density-half,baseline,8,252.400454
string24,sip,1024,iter-density-half,quick_cache,8,194.399098
string24,sip,1024,iter-front,micro,0,253.574959
string24,sip,1024,iter-front,baseline,0,251.005317
string24,sip,1024,iter-front,quick_cache,0,163.953289
string24,sip,1024,iter-front,lru,0,1.178347
string24,sip,1024,iter-front,hashlink,0,1.167578
string24,sip,1024,iter-front,baseline,1,254.077744
string24,sip,1024,iter-front,quick_cache,1,162.337195
string24,sip,1024,iter-front,lru,1,1.176369
string24,sip,1024,iter-front,hashlink,1,1.150538
string24,sip,1024,iter-front,micro,1,263.349642
string24,sip,1024,iter-front,quick_cache,2,161.584928
string24,sip,1024,iter-front,lru,2,1.174238
string24,sip,1024,iter-front,hashlink,2,1.176289
string24,sip,1024,iter-front,micro,2,251.987721
string24,sip,1024,iter-front,baseline,2,250.523788
string24,sip,1024,iter-front,lru,3,1.204183
string24,sip,1024,iter-front,hashlink,3,1.176333
string24,sip,1024,iter-front,micro,3,258.812759
string24,sip,1024,iter-front,baseline,3,250.886186
string24,sip,1024,iter-front,quick_cache,3,162.742813
string24,sip,1024,iter-front,hashlink,4,1.144127
string24,sip,1024,iter-front,micro,4,251.461164
string24,sip,1024,iter-front,baseline,4,250.300000
string24,sip,1024,iter-front,quick_cache,4,162.203903
string24,sip,1024,iter-front,lru,4,1.173832
string24,sip,1024,iter-front,micro,5,251.658514
string24,sip,1024,iter-front,baseline,5,252.017059
string24,sip,1024,iter-front,quick_cache,5,162.139101
string24,sip,1024,iter-front,lru,5,1.174706
string24,sip,1024,iter-front,hashlink,5,1.169448
string24,sip,1024,iter-front,baseline,6,253.344864
string24,sip,1024,iter-front,quick_cache,6,162.045272
string24,sip,1024,iter-front,lru,6,1.185203
string24,sip,1024,iter-front,hashlink,6,1.176936
string24,sip,1024,iter-front,micro,6,252.087550
string24,sip,1024,iter-front,quick_cache,7,163.886432
string24,sip,1024,iter-front,lru,7,1.184681
string24,sip,1024,iter-front,hashlink,7,1.162825
string24,sip,1024,iter-front,micro,7,253.701197
string24,sip,1024,iter-front,baseline,7,252.553716
string24,sip,1024,iter-front,lru,8,1.225577
string24,sip,1024,iter-front,hashlink,8,1.159908
string24,sip,1024,iter-front,micro,8,253.897778
string24,sip,1024,iter-front,baseline,8,249.391497
string24,sip,1024,iter-front,quick_cache,8,158.069483
string24,sip,1024,iter-back,micro,0,241.527386
string24,sip,1024,iter-back,baseline,0,247.535947
string24,sip,1024,iter-back,quick_cache,0,160.571997
string24,sip,1024,iter-back,lru,0,1.172546
string24,sip,1024,iter-back,hashlink,0,1.192284
string24,sip,1024,iter-back,baseline,1,260.325655
string24,sip,1024,iter-back,quick_cache,1,175.737360
string24,sip,1024,iter-back,lru,1,1.214658
string24,sip,1024,iter-back,hashlink,1,1.135481
string24,sip,1024,iter-back,micro,1,249.812800
string24,sip,1024,iter-back,quick_cache,2,161.645489
string24,sip,1024,iter-back,lru,2,1.145007
string24,sip,1024,iter-back,hashlink,2,1.116654
string24,sip,1024,iter-back,micro,2,254.820236
string24,sip,1024,iter-back,baseline,2,245.447802
string24,sip,1024,iter-back,lru,3,1.199920
string24,sip,1024,iter-back,hashlink,3,1.149210
string24,sip,1024,iter-back,micro,3,259.121068
string24,sip,1024,iter-back,baseline,3,256.647219
string24,sip,1024,iter-back,quick_cache,3,165.483069
string24,sip,1024,iter-back,hashlink,4,1.166001
string24,sip,1024,iter-back,micro,4,260.494792
string24,sip,1024,iter-back,baseline,4,257.107936
string24,sip,1024,iter-back,quick_cache,4,165.902302
string24,sip,1024,iter-back,lru,4,1.176068
string24,sip,1024,iter-back,micro,5,261.123174
string24,sip,1024,iter-back,baseline,5,257.941419
string24,sip,1024,iter-back,quick_cache,5,165.185650
string24,sip,1024,iter-back,lru,5,1.178996
string24,sip,1024,iter-back,hashlink,5,1.162073
string24,sip,1024,iter-back,baseline,6,262.579541
string24,sip,1024,iter-back,quick_cache,6,165.458267
string24,sip,1024,iter-back,lru,6,1.181948
string24,sip,1024,iter-back,hashlink,6,1.162436
string24,sip,1024,iter-back,micro,6,260.620677
string24,sip,1024,iter-back,quick_cache,7,163.934192
string24,sip,1024,iter-back,lru,7,1.224837
string24,sip,1024,iter-back,hashlink,7,1.175882
string24,sip,1024,iter-back,micro,7,242.399467
string24,sip,1024,iter-back,baseline,7,246.963863
string24,sip,1024,iter-back,lru,8,1.168976
string24,sip,1024,iter-back,hashlink,8,1.139779
string24,sip,1024,iter-back,micro,8,253.300547
string24,sip,1024,iter-back,baseline,8,248.888684
string24,sip,1024,iter-back,quick_cache,8,162.679110
string24,sip,1024,iter-empty,micro,0,0.927448
string24,sip,1024,iter-empty,baseline,0,255.440257
string24,sip,1024,iter-empty,quick_cache,0,163.127381
string24,sip,1024,iter-empty,lru,0,0.979593
string24,sip,1024,iter-empty,hashlink,0,0.990441
string24,sip,1024,iter-empty,baseline,1,254.433435
string24,sip,1024,iter-empty,quick_cache,1,162.206626
string24,sip,1024,iter-empty,lru,1,0.995635
string24,sip,1024,iter-empty,hashlink,1,0.993161
string24,sip,1024,iter-empty,micro,1,0.920764
string24,sip,1024,iter-empty,quick_cache,2,164.014658
string24,sip,1024,iter-empty,lru,2,0.995255
string24,sip,1024,iter-empty,hashlink,2,0.993546
string24,sip,1024,iter-empty,micro,2,0.921992
string24,sip,1024,iter-empty,baseline,2,257.688066
string24,sip,1024,iter-empty,lru,3,0.982809
string24,sip,1024,iter-empty,hashlink,3,0.997727
string24,sip,1024,iter-empty,micro,3,0.929288
string24,sip,1024,iter-empty,baseline,3,256.531762
string24,sip,1024,iter-empty,quick_cache,3,163.591233
string24,sip,1024,iter-empty,hashlink,4,0.991629
string24,sip,1024,iter-empty,micro,4,0.911057
string24,sip,1024,iter-empty,baseline,4,256.173156
string24,sip,1024,iter-empty,quick_cache,4,164.538092
string24,sip,1024,iter-empty,lru,4,1.002457
string24,sip,1024,iter-empty,micro,5,0.921209
string24,sip,1024,iter-empty,baseline,5,255.684947
string24,sip,1024,iter-empty,quick_cache,5,163.557204
string24,sip,1024,iter-empty,lru,5,1.002715
string24,sip,1024,iter-empty,hashlink,5,0.974552
string24,sip,1024,iter-empty,baseline,6,244.791667
string24,sip,1024,iter-empty,quick_cache,6,174.595531
string24,sip,1024,iter-empty,lru,6,0.955757
string24,sip,1024,iter-empty,hashlink,6,0.989319
string24,sip,1024,iter-empty,micro,6,0.917283
string24,sip,1024,iter-empty,quick_cache,7,165.874635
string24,sip,1024,iter-empty,lru,7,0.980780
string24,sip,1024,iter-empty,hashlink,7,0.996422
string24,sip,1024,iter-empty,micro,7,0.916143
string24,sip,1024,iter-empty,baseline,7,260.447031
string24,sip,1024,iter-empty,lru,8,0.999431
string24,sip,1024,iter-empty,hashlink,8,0.996734
string24,sip,1024,iter-empty,micro,8,0.920070
string24,sip,1024,iter-empty,baseline,8,258.671229
string24,sip,1024,iter-empty,quick_cache,8,164.941522
string24,sip,1024,iter-count,micro,0,0.399244
string24,sip,1024,iter-count,baseline,0,260.436198
string24,sip,1024,iter-count,quick_cache,0,477.697885
string24,sip,1024,iter-count,lru,0,0.398914
string24,sip,1024,iter-count,hashlink,0,0.390574
string24,sip,1024,iter-count,baseline,1,259.127416
string24,sip,1024,iter-count,quick_cache,1,475.957961
string24,sip,1024,iter-count,lru,1,0.393898
string24,sip,1024,iter-count,hashlink,1,0.388195
string24,sip,1024,iter-count,micro,1,0.399383
string24,sip,1024,iter-count,quick_cache,2,488.350391
string24,sip,1024,iter-count,lru,2,0.402209
string24,sip,1024,iter-count,hashlink,2,0.391356
string24,sip,1024,iter-count,micro,2,0.399996
string24,sip,1024,iter-count,baseline,2,258.392887
string24,sip,1024,iter-count,lru,3,0.395032
string24,sip,1024,iter-count,hashlink,3,0.387190
string24,sip,1024,iter-count,micro,3,0.399399
string24,sip,1024,iter-count,baseline,3,259.013929
string24,sip,1024,iter-count,quick_cache,3,476.934524
string24,sip,1024,iter-count,hashlink,4,0.389441
string24,sip,1024,iter-count,micro,4,0.397583
string24,sip,1024,iter-count,baseline,4,257.253546
string24,sip,1024,iter-count,quick_cache,4,474.659691
string24,sip,1024,iter-count,lru,4,0.394300
string24,sip,1024,iter-count,micro,5,0.399854
string24,sip,1024,iter-count,baseline,5,259.476511
string24,sip,1024,iter-count,quick_cache,5,495.788574
string24,sip,1024,iter-count,lru,5,0.396448
string24,sip,1024,iter-count,hashlink,5,0.386949
string24,sip,1024,iter-count,baseline,6,258.377878
string24,sip,1024,iter-count,quick_cache,6,474.807013
string24,sip,1024,iter-count,lru,6,0.394171
string24,sip,1024,iter-count,hashlink,6,0.387221
string24,sip,1024,iter-count,micro,6,0.400393
string24,sip,1024,iter-count,quick_cache,7,485.939120
string24,sip,1024,iter-count,lru,7,0.395493
string24,sip,1024,iter-count,hashlink,7,0.387271
string24,sip,1024,iter-count,micro,7,0.400459
string24,sip,1024,iter-count,baseline,7,258.793329
string24,sip,1024,iter-count,lru,8,0.393651
string24,sip,1024,iter-count,hashlink,8,0.391424
string24,sip,1024,iter-count,micro,8,0.395425
string24,sip,1024,iter-count,baseline,8,260.211092
string24,sip,1024,iter-count,quick_cache,8,461.652889
string24,sip,16384,iter-dense,micro,0,6028.645433
string24,sip,16384,iter-dense,baseline,0,6045.772837
string24,sip,16384,iter-dense,quick_cache,0,6896.004076
string24,sip,16384,iter-dense,lru,0,25764.696429
string24,sip,16384,iter-dense,hashlink,0,24987.723214
string24,sip,16384,iter-dense,baseline,1,6061.448317
string24,sip,16384,iter-dense,quick_cache,1,6891.304348
string24,sip,16384,iter-dense,lru,1,27181.859375
string24,sip,16384,iter-dense,hashlink,1,23636.906250
string24,sip,16384,iter-dense,micro,1,6042.568510
string24,sip,16384,iter-dense,quick_cache,2,7014.493207
string24,sip,16384,iter-dense,lru,2,26464.625000
string24,sip,16384,iter-dense,hashlink,2,24305.062500
string24,sip,16384,iter-dense,micro,2,6034.003606
string24,sip,16384,iter-dense,baseline,2,6072.415865
string24,sip,16384,iter-dense,lru,3,26377.171875
string24,sip,16384,iter-dense,hashlink,3,24888.767857
string24,sip,16384,iter-dense,micro,3,6094.901442
string24,sip,16384,iter-dense,baseline,3,6098.356971
string24,sip,16384,iter-dense,quick_cache,3,6949.388587
string24,sip,16384,iter-dense,hashlink,4,26315.104167
string24,sip,16384,iter-dense,micro,4,6046.373798
string24,sip,16384,iter-dense,baseline,4,6093.198317
string24,sip,16384,iter-dense,quick_cache,4,7027.399457
string24,sip,16384,iter-dense,lru,4,24261.160714
string24,sip,16384,iter-dense,micro,5,6066.406250
string24,sip,16384,iter-dense,baseline,5,6075.069712
string24,sip,16384,iter-dense,quick_cache,5,7116.004261
string24,sip,16384,iter-dense,lru,5,27406.901042
string24,sip,16384,iter-dense,hashlink,5,24683.964286
string24,sip,16384,iter-dense,baseline,6,6134.566106
string24,sip,16384,iter-dense,quick_cache,6,6901.607337
string24,sip,16384,iter-dense,lru,6,28456.161458
string24,sip,16384,iter-dense,hashlink,6,27872.395833
string24,sip,16384,iter-dense,micro,6,5781.017857
string24,sip,16384,iter-dense,quick_cache,7,6837.805707
string24,sip,16384,iter-dense,lru,7,24322.732143
string24,sip,16384,iter-dense,hashlink,7,26729.166667
string24,sip,16384,iter-dense,micro,7,6038.862981
string24,sip,16384,iter-dense,baseline,7,6065.604567
string24,sip,16384,iter-dense,lru,8,23981.209821
string24,sip,16384,iter-dense,hashlink,8,26358.291667
string24,sip,16384,iter-dense,micro,8,6127.653846
string24,sip,16384,iter-dense,baseline,8,6114.582933
string24,sip,16384,iter-dense,quick_cache,8,6960.372283
string24,sip,16384,iter-dense-for,micro,0,6096.704327
string24,sip,16384,iter-dense-for,baseline,0,6114.682692
string24,sip,16384,iter-dense-for,quick_cache,0,8069.076563
string24,sip,16384,iter-dense-for,lru,0,22838.915179
string24,sip,16384,iter-dense-for,hashlink,0,27179.687500
string24,sip,16384,iter-dense-for,baseline,1,6077.424279
string24,sip,16384,iter-dense-for,quick_cache,1,7060.631793
string24,sip,16384,iter-dense-for,lru,1,21400.066406
string24,sip,16384,iter-dense-for,hashlink,1,27273.656250
string24,sip,16384,iter-dense-for,micro,1,6046.824519
string24,sip,16384,iter-dense-for,quick_cache,2,7132.752841
string24,sip,16384,iter-dense-for,lru,2,20478.515625
string24,sip,16384,iter-dense-for,hashlink,2,27391.489583
string24,sip,16384,iter-dense-for,micro,2,6029.246394
string24,sip,16384,iter-dense-for,baseline,2,6124.748798
string24,sip,16384,iter-dense-for,lru,3,21149.578125
string24,sip,16384,iter-dense-for,hashlink,3,27278.213542
string24,sip,16384,iter-dense-for,micro,3,6153.295673
string24,sip,16384,iter-dense-for,baseline,3,6135.066106
string24,sip,16384,iter-dense-for,quick_cache,3,8223.684211
string24,sip,16384,iter-dense-for,hashlink,4,26109.187500
string24,sip,16384,iter-dense-for,micro,4,5926.745370
string24,sip,16384,iter-dense-for,baseline,4,5841.001157
string24,sip,16384,iter-dense-for,quick_cache,4,7847.590625
string24,sip,16384,iter-dense-for,lru,4,18324.364583
string24,sip,16384,iter-dense-for,micro,5,6019.981971
string24,sip,16384,iter-dense-for,baseline,5,6018.629808
string24,sip,16384,iter-dense-for,quick_cache,5,7029.381793
string24,sip,16384,iter-dense-for,lru,5,24231.955357
string24,sip,16384,iter-dense-for,hashlink,5,17928.531250
string24,sip,16384,iter-dense-for,baseline,6,6009.306713
string24,sip,16384,iter-dense-for,quick_cache,6,7988.281250
string24,sip,16384,iter-dense-for,lru,6,21876.953125
string24,sip,16384,iter-dense-for,hashlink,6,17990.017361
string24,sip,16384,iter-dense-for,micro,6,6010.417067
string24,sip,16384,iter-dense-for,quick_cache,7,7109.670455
string24,sip,16384,iter-dense-for,lru,7,22352.678571
string24,sip,16384,iter-dense-for,hashlink,7,17970.631944
string24,sip,16384,iter-dense-for,micro,7,6010.116587
string24,sip,16384,iter-dense-for,baseline,7,6030.899038
string24,sip,16384,iter-dense-for,lru,8,21984.210938
string24,sip,16384,iter-dense-for,hashlink,8,18695.166667
string24,sip,16384,iter-dense-for,micro,8,6006.655093
string24,sip,16384,iter-dense-for,baseline,8,6018.228365
string24,sip,16384,iter-dense-for,quick_cache,8,7022.701087
string24,sip,16384,iter-density-1pct,micro,0,6252.760000
string24,sip,16384,iter-density-1pct,baseline,0,6256.145000
string24,sip,16384,iter-density-1pct,quick_cache,0,6664.605469
string24,sip,16384,iter-density-1pct,lru,0,178.511737
string24,sip,16384,iter-density-1pct,hashlink,0,172.315704
string24,sip,16384,iter-density-1pct,baseline,1,6219.200721
string24,sip,16384,iter-density-1pct,quick_cache,1,6624.782552
string24,sip,16384,iter-density-1pct,lru,1,173.132371
string24,sip,16384,iter-density-1pct,hashlink,1,174.445731
string24,sip,16384,iter-density-1pct,micro,1,6353.542500
string24,sip,16384,iter-density-1pct,quick_cache,2,6659.505208
string24,sip,16384,iter-density-1pct,lru,2,174.681390
string24,sip,16384,iter-density-1pct,hashlink,2,174.405064
string24,sip,16384,iter-density-1pct,micro,2,6197.616587
string24,sip,16384,iter-density-1pct,baseline,2,6244.790865
string24,sip,16384,iter-density-1pct,lru,3,174.819980
string24,sip,16384,iter-density-1pct,hashlink,3,176.543983
string24,sip,16384,iter-density-1pct,micro,3,6147.486779
string24,sip,16384,iter-density-1pct,baseline,3,6226.512019
string24,sip,16384,iter-density-1pct,quick_cache,3,6611.653646
string24,sip,16384,iter-density-1pct,hashlink,4,173.262230
string24,sip,16384,iter-density-1pct,micro,4,6230.568510
string24,sip,16384,iter-density-1pct,baseline,4,6331.146250
string24,sip,16384,iter-density-1pct,quick_cache,4,6513.750000
string24,sip,16384,iter-density-1pct,lru,4,174.207706
string24,sip,16384,iter-density-1pct,micro,5,6234.725962
string24,sip,16384,iter-density-1pct,baseline,5,6265.260000
string24,sip,16384,iter-density-1pct,quick_cache,5,6687.825521
string24,sip,16384,iter-density-1pct,lru,5,175.116356
string24,sip,16384,iter-density-1pct,hashlink,5,177.392203
string24,sip,16384,iter-density-1pct,baseline,6,6434.375000
string24,sip,16384,iter-density-1pct,quick_cache,6,6739.800781
string24,sip,16384,iter-density-1pct,lru,6,178.036909
string24,sip,16384,iter-density-1pct,hashlink,6,174.038384
string24,sip,16384,iter-density-1pct,micro,6,6285.573750
string24,sip,16384,iter-density-1pct,quick_cache,7,6937.047554
string24,sip,16384,iter-density-1pct,lru,7,176.320004
string24,sip,16384,iter-density-1pct,hashlink,7,173.547031
string24,sip,16384,iter-density-1pct,micro,7,6272.187500
string24,sip,16384,iter-density-1pct,baseline,7,6292.448750
string24,sip,16384,iter-density-1pct,lru,8,175.138228
string24,sip,16384,iter-density-1pct,hashlink,8,175.066769
string24,sip,16384,iter-density-1pct,micro,8,6480.676250
string24,sip,16384,iter-density-1pct,baseline,8,6302.605000
string24,sip,16384,iter-density-1pct,quick_cache,8,6893.172554
string24,sip,16384,iter-density-6pct,micro,0,5577.226293
string24,sip,16384,iter-density-6pct,baseline,0,5616.814732
string24,sip,16384,iter-density-6pct,quick_cache,0,6755.045573
string24,sip,16384,iter-density-6pct,lru,0,1328.720869
string24,sip,16384,iter-density-6pct,hashlink,0,1265.205141
string24,sip,16384,iter-density-6pct,baseline,1,5566.630388
string24,sip,16384,iter-density-6pct,quick_cache,1,6418.542500
string24,sip,16384,iter-density-6pct,lru,1,1252.000000
string24,sip,16384,iter-density-6pct,hashlink,1,1240.823413
string24,sip,16384,iter-density-6pct,micro,1,5796.827546
string24,sip,16384,iter-density-6pct,quick_cache,2,6736.490885
string24,sip,16384,iter-density-6pct,lru,2,2190.154627
string24,sip,16384,iter-density-6pct,hashlink,2,4535.677679
string24,sip,16384,iter-density-6pct,micro,2,9253.216912
string24,sip,16384,iter-density-6pct,baseline,2,5571.928879
string24,sip,16384,iter-density-6pct,lru,3,1275.194868
string24,sip,16384,iter-density-6pct,hashlink,3,1266.570060
string24,sip,16384,iter-density-6pct,micro,3,5424.299569
string24,sip,16384,iter-density-6pct,baseline,3,5588.272629
string24,sip,16384,iter-density-6pct,quick_cache,3,6377.707500
string24,sip,16384,iter-density-6pct,hashlink,4,1252.291500
string24,sip,16384,iter-density-6pct,micro,4,5364.540625
string24,sip,16384,iter-density-6pct,baseline,4,5315.841667
string24,sip,16384,iter-density-6pct,quick_cache,4,6535.644531
string24,sip,16384,iter-density-6pct,lru,4,1339.287126
string24,sip,16384,iter-density-6pct,micro,5,5756.370536
string24,sip,16384,iter-density-6pct,baseline,5,5554.687500
string24,sip,16384,iter-density-6pct,quick_cache,5,6532.226562
string24,sip,16384,iter-density-6pct,lru,5,1264.091986
string24,sip,16384,iter-density-6pct,hashlink,5,1270.917937
string24,sip,16384,iter-density-6pct,baseline,6,5236.632292
string24,sip,16384,iter-density-6pct,quick_cache,6,6438.750000
string24,sip,16384,iter-density-6pct,lru,6,1262.527218
string24,sip,16384,iter-density-6pct,hashlink,6,1249.276786
string24,sip,16384,iter-density-6pct,micro,6,5656.900670
string24,sip,16384,iter-density-6pct,quick_cache,7,6488.697500
string24,sip,16384,iter-density-6pct,lru,7,1272.135417
string24,sip,16384,iter-density-6pct,hashlink,7,1245.835565
string24,sip,16384,iter-density-6pct,micro,7,5579.697198
string24,sip,16384,iter-density-6pct,baseline,7,5401.692708
string24,sip,16384,iter-density-6pct,lru,8,1599.011480
string24,sip,16384,iter-density-6pct,hashlink,8,1237.727608
string24,sip,16384,iter-density-6pct,micro,8,5440.778017
string24,sip,16384,iter-density-6pct,baseline,8,5410.875000
string24,sip,16384,iter-density-6pct,quick_cache,8,6189.152644
string24,sip,16384,iter-density-quarter,micro,0,5874.565972
string24,sip,16384,iter-density-quarter,baseline,0,5766.275670
string24,sip,16384,iter-density-quarter,quick_cache,0,6936.311141
string24,sip,16384,iter-density-quarter,lru,0,9605.316176
string24,sip,16384,iter-density-quarter,hashlink,0,9197.073529
string24,sip,16384,iter-density-quarter,baseline,1,5791.377315
string24,sip,16384,iter-density-quarter,quick_cache,1,6725.152344
string24,sip,16384,iter-density-quarter,lru,1,9756.356618
string24,sip,16384,iter-density-quarter,hashlink,1,9480.851103
string24,sip,16384,iter-density-quarter,micro,1,5973.090278
string24,sip,16384,iter-density-quarter,quick_cache,2,7006.623641
string24,sip,16384,iter-density-quarter,lru,2,9697.687500
string24,sip,16384,iter-density-quarter,hashlink,2,9399.279412
string24,sip,16384,iter-density-quarter,micro,2,6015.324519
string24,sip,16384,iter-density-quarter,baseline,2,5841.869213
string24,sip,16384,iter-density-quarter,lru,3,9801.351562
string24,sip,16384,iter-density-quarter,hashlink,3,9338.617647
string24,sip,16384,iter-density-quarter,micro,3,6017.628606
string24,sip,16384,iter-density-quarter,baseline,3,5817.321759
string24,sip,16384,iter-density-quarter,quick_cache,3,6783.691406
string24,sip,16384,iter-density-quarter,hashlink,4,9229.779412
string24,sip,16384,iter-density-quarter,micro,4,5998.119213
string24,sip,16384,iter-density-quarter,baseline,4,5837.577546
string24,sip,16384,iter-density-quarter,quick_cache,4,7024.286685
string24,sip,16384,iter-density-quarter,lru,4,10107.830078
string24,sip,16384,iter-density-quarter,micro,5,6055.739183
string24,sip,16384,iter-density-quarter,baseline,5,5796.971065
string24,sip,16384,iter-density-quarter,quick_cache,5,6887.737772
string24,sip,16384,iter-density-quarter,lru,5,9897.542969
string24,sip,16384,iter-density-quarter,hashlink,5,9275.428309
string24,sip,16384,iter-density-quarter,baseline,6,6028.545673
string24,sip,16384,iter-density-quarter,quick_cache,6,6558.647135
string24,sip,16384,iter-density-quarter,lru,6,11849.330357
string24,sip,16384,iter-density-quarter,hashlink,6,10228.597656
string24,sip,16384,iter-density-quarter,micro,6,5763.718750
string24,sip,16384,iter-density-quarter,quick_cache,7,6813.122283
string24,sip,16384,iter-density-quarter,lru,7,12492.187500
string24,sip,16384,iter-density-quarter,hashlink,7,9669.194853
string24,sip,16384,iter-density-quarter,micro,7,5827.931713
string24,sip,16384,iter-density-quarter,baseline,7,5844.569444
string24,sip,16384,iter-density-quarter,lru,8,12656.151442
string24,sip,16384,iter-density-quarter,hashlink,8,9669.654412
string24,sip,16384,iter-density-quarter,micro,8,5813.946759
string24,sip,16384,iter-density-quarter,baseline,8,5845.388889
string24,sip,16384,iter-density-quarter,quick_cache,8,6803.384511
string24,sip,16384,iter-density-half,micro,0,7990.039062
string24,sip,16384,iter-density-half,baseline,0,6051.031250
string24,sip,16384,iter-density-half,quick_cache,0,6995.641304
string24,sip,16384,iter-density-half,lru,0,18216.725694
string24,sip,16384,iter-density-half,hashlink,0,15030.065341
string24,sip,16384,iter-density-half,baseline,1,5927.180556
string24,sip,16384,iter-density-half,quick_cache,1,6807.461957
string24,sip,16384,iter-density-half,lru,1,18091.000000
string24,sip,16384,iter-density-half,hashlink,1,15317.710227
string24,sip,16384,iter-density-half,micro,1,7908.528125
string24,sip,16384,iter-density-half,quick_cache,2,6807.065217
string24,sip,16384,iter-density-half,lru,2,18245.947917
string24,sip,16384,iter-density-half,hashlink,2,14905.539773
string24,sip,16384,iter-density-half,micro,2,8064.387500
string24,sip,16384,iter-density-half,baseline,2,6005.883102
string24,sip,16384,iter-density-half,lru,3,18276.041667
string24,sip,16384,iter-density-half,hashlink,3,15133.877841
string24,sip,16384,iter-density-half,micro,3,7930.403125
string24,sip,16384,iter-density-half,baseline,3,5951.099537
string24,sip,16384,iter-density-half,quick_cache,3,6819.860054
string24,sip,16384,iter-density-half,hashlink,4,17689.961806
string24,sip,16384,iter-density-half,micro,4,7924.089063
string24,sip,16384,iter-density-half,baseline,4,5957.368056
string24,sip,16384,iter-density-half,quick_cache,4,6935.292120
string24,sip,16384,iter-density-half,lru,4,15409.090909
string24,sip,16384,iter-density-half,micro,5,7983.853125
string24,sip,16384,iter-density-half,baseline,5,6066.256010
string24,sip,16384,iter-density-half,quick_cache,5,6926.403533
string24,sip,16384,iter-density-half,lru,5,18230.034722
string24,sip,16384,iter-density-half,hashlink,5,14905.894886
string24,sip,16384,iter-density-half,baseline,6,5917.582176
string24,sip,16384,iter-density-half,quick_cache,6,6796.987772
string24,sip,16384,iter-density-half,lru,6,18961.805556
string24,sip,16384,iter-density-half,hashlink,6,14939.036932
string24,sip,16384,iter-density-half,micro,6,7954.948438
string24,sip,16384,iter-density-half,quick_cache,7,6860.110054
string24,sip,16384,iter-density-half,lru,7,18070.312500
string24,sip,16384,iter-density-half,hashlink,7,14853.693182
string24,sip,16384,iter-density-half,micro,7,8094.596875
string24,sip,16384,iter-density-half,baseline,7,5990.306713
string24,sip,16384,iter-density-half,lru,8,18302.663194
string24,sip,16384,iter-density-half,hashlink,8,15009.116477
string24,sip,16384,iter-density-half,micro,8,7985.937500
string24,sip,16384,iter-density-half,baseline,8,5675.594866
string24,sip,16384,iter-density-half,quick_cache,8,6609.483073
string24,sip,16384,iter-front,micro,0,5294.053125
string24,sip,16384,iter-front,baseline,0,5403.735991
string24,sip,16384,iter-front,quick_cache,0,6591.959635
string24,sip,16384,iter-front,lru,0,1.173145
string24,sip,16384,iter-front,hashlink,0,1.164602
string24,sip,16384,iter-front,baseline,1,5373.394792
string24,sip,16384,iter-front,quick_cache,1,6935.347826
string24,sip,16384,iter-front,lru,1,1.185176
string24,sip,16384,iter-front,hashlink,1,1.131205
string24,sip,16384,iter-front,micro,1,5286.892708
string24,sip,16384,iter-front,quick_cache,2,6690.592448
string24,sip,16384,iter-front,lru,2,1.183927
string24,sip,16384,iter-front,hashlink,2,1.150648
string24,sip,16384,iter-front,micro,2,5465.517241
string24,sip,16384,iter-front,baseline,2,5334.635417
string24,sip,16384,iter-front,lru,3,1.176227
string24,sip,16384,iter-front,hashlink,3,1.132846
string24,sip,16384,iter-front,micro,3,5500.629310
string24,sip,16384,iter-front,baseline,3,5413.434267
string24,sip,16384,iter-front,quick_cache,3,7162.404830
string24,sip,16384,iter-front,hashlink,4,1.144052
string24,sip,16384,iter-front,micro,4,5477.505388
string24,sip,16384,iter-front,baseline,4,5350.216667
string24,sip,16384,iter-front,quick_cache,4,6837.013587
string24,sip,16384,iter-front,lru,4,1.176537
string24,sip,16384,iter-front,micro,5,5425.870690
string24,sip,16384,iter-front,baseline,5,5415.813578
string24,sip,16384,iter-front,quick_cache,5,6868.771739
string24,sip,16384,iter-front,lru,5,1.181573
string24,sip,16384,iter-front,hashlink,5,1.143558
string24,sip,16384,iter-front,baseline,6,5466.998922
string24,sip,16384,iter-front,quick_cache,6,6890.115489
string24,sip,16384,iter-front,lru,6,1.198484
string24,sip,16384,iter-front,hashlink,6,1.134351
string24,sip,16384,iter-front,micro,6,5481.142241
string24,sip,16384,iter-front,quick_cache,7,6861.073370
string24,sip,16384,iter-front,lru,7,1.174892
string24,sip,16384,iter-front,hashlink,7,1.130158
string24,sip,16384,iter-front,micro,7,5558.459052
string24,sip,16384,iter-front,baseline,7,5376.866667
string24,sip,16384,iter-front,lru,8,1.178418
string24,sip,16384,iter-front,hashlink,8,1.141603
string24,sip,16384,iter-front,micro,8,5453.529095
string24,sip,16384,iter-front,baseline,8,5368.619792
string24,sip,16384,iter-front,quick_cache,8,6845.788043
string24,sip,16384,iter-back,micro,0,5673.176339
string24,sip,16384,iter-back,baseline,0,5503.906250
string24,sip,16384,iter-back,quick_cache,0,6969.938859
string24,sip,16384,iter-back,lru,0,1.183049
string24,sip,16384,iter-back,hashlink,0,1.121100
string24,sip,16384,iter-back,baseline,1,5373.393750
string24,sip,16384,iter-back,quick_cache,1,6687.933594
string24,sip,16384,iter-back,lru,1,1.200252
string24,sip,16384,iter-back,hashlink,1,1.166219
string24,sip,16384,iter-back,micro,1,5392.735991
string24,sip,16384,iter-back,quick_cache,2,6745.171875
string24,sip,16384,iter-back,lru,2,1.181769
string24,sip,16384,iter-back,hashlink,2,1.144135
string24,sip,16384,iter-back,micro,2,5553.519397
string24,sip,16384,iter-back,baseline,2,5326.259375
string24,sip,16384,iter-back,lru,3,1.193659
string24,sip,16384,iter-back,hashlink,3,1.132788
string24,sip,16384,iter-back,micro,3,5420.932112
string24,sip,16384,iter-back,baseline,3,5549.254310
string24,sip,16384,iter-back,quick_cache,3,6796.932065
string24,sip,16384,iter-back,hashlink,4,1.154346
string24,sip,16384,iter-back,micro,4,5493.445043
string24,sip,16384,iter-back,baseline,4,5443.965517
string24,sip,16384,iter-back,quick_cache,4,6914.005435
string24,sip,16384,iter-back,lru,4,1.177042
string24,sip,16384,iter-back,micro,5,5580.729911
string24,sip,16384,iter-back,baseline,5,5714.704241
string24,sip,16384,iter-back,quick_cache,5,6942.822011
string24,sip,16384,iter-back,lru,5,1.224808
string24,sip,16384,iter-back,hashlink,5,1.162574
string24,sip,16384,iter-back,baseline,6,5462.284483
string24,sip,16384,iter-back,quick_cache,6,6955.218750
string24,sip,16384,iter-back,lru,6,1.224904
string24,sip,16384,iter-back,hashlink,6,1.131345
string24,sip,16384,iter-back,micro,6,5548.087284
string24,sip,16384,iter-back,quick_cache,7,6694.553385
string24,sip,16384,iter-back,lru,7,1.190113
string24,sip,16384,iter-back,hashlink,7,1.144437
string24,sip,16384,iter-back,micro,7,5516.567888
string24,sip,16384,iter-back,baseline,7,5696.428571
string24,sip,16384,iter-back,lru,8,1.181653
string24,sip,16384,iter-back,hashlink,8,1.152499
string24,sip,16384,iter-back,micro,8,5557.741379
string24,sip,16384,iter-back,baseline,8,5475.530172
string24,sip,16384,iter-back,quick_cache,8,7086.504076
string24,sip,16384,iter-empty,micro,0,0.928733
string24,sip,16384,iter-empty,baseline,0,5563.353448
string24,sip,16384,iter-empty,quick_cache,0,7084.918478
string24,sip,16384,iter-empty,lru,0,0.991403
string24,sip,16384,iter-empty,hashlink,0,0.997701
string24,sip,16384,iter-empty,baseline,1,5471.309267
string24,sip,16384,iter-empty,quick_cache,1,6902.853261
string24,sip,16384,iter-empty,lru,1,1.048742
string24,sip,16384,iter-empty,hashlink,1,0.960486
string24,sip,16384,iter-empty,micro,1,0.924545
string24,sip,16384,iter-empty,quick_cache,2,6941.180707
string24,sip,16384,iter-empty,lru,2,0.988592
string24,sip,16384,iter-empty,hashlink,2,1.018473
string24,sip,16384,iter-empty,micro,2,0.932135
string24,sip,16384,iter-empty,baseline,2,5585.425223
string24,sip,16384,iter-empty,lru,3,0.990253
string24,sip,16384,iter-empty,hashlink,3,0.991648
string24,sip,16384,iter-empty,micro,3,0.921122
string24,sip,16384,iter-empty,baseline,3,5436.332974
string24,sip,16384,iter-empty,quick_cache,3,6902.513587
string24,sip,16384,iter-empty,hashlink,4,1.013091
string24,sip,16384,iter-empty,micro,4,0.922651
string24,sip,16384,iter-empty,baseline,4,5414.331897
string24,sip,16384,iter-empty,quick_cache,4,6870.528533
string24,sip,16384,iter-empty,lru,4,0.983051
string24,sip,16384,iter-empty,micro,5,0.921095
string24,sip,16384,iter-empty,baseline,5,5630.348214
string24,sip,16384,iter-empty,quick_cache,5,7158.321023
string24,sip,16384,iter-empty,lru,5,0.956348
string24,sip,16384,iter-empty,hashlink,5,0.952297
string24,sip,16384,iter-empty,baseline,6,5224.088542
string24,sip,16384,iter-empty,quick_cache,6,6652.127604
string24,sip,16384,iter-empty,lru,6,0.973478
string24,sip,16384,iter-empty,hashlink,6,1.007220
string24,sip,16384,iter-empty,micro,6,0.930021
string24,sip,16384,iter-empty,quick_cache,7,6920.629076
string24,sip,16384,iter-empty,lru,7,0.993843
string24,sip,16384,iter-empty,hashlink,7,0.994697
string24,sip,16384,iter-empty,micro,7,0.917978
string24,sip,16384,iter-empty,baseline,7,5403.241379
string24,sip,16384,iter-empty,lru,8,0.989268
string24,sip,16384,iter-empty,hashlink,8,0.989908
string24,sip,16384,iter-empty,micro,8,0.919442
string24,sip,16384,iter-empty,baseline,8,5581.752232
string24,sip,16384,iter-empty,quick_cache,8,6848.902174
string24,sip,16384,iter-count,micro,0,0.397785
string24,sip,16384,iter-count,baseline,0,5428.873047
string24,sip,16384,iter-count,quick_cache,0,7888.726562
string24,sip,16384,iter-count,lru,0,0.394192
string24,sip,16384,iter-count,hashlink,0,0.395397
string24,sip,16384,iter-count,baseline,1,5429.931641
string24,sip,16384,iter-count,quick_cache,1,7913.736979
string24,sip,16384,iter-count,lru,1,0.393307
string24,sip,16384,iter-count,hashlink,1,0.393831
string24,sip,16384,iter-count,micro,1,0.396665
string24,sip,16384,iter-count,quick_cache,2,7835.503906
string24,sip,16384,iter-count,lru,2,0.394327
string24,sip,16384,iter-count,hashlink,2,0.401778
string24,sip,16384,iter-count,micro,2,0.398173
string24,sip,16384,iter-count,baseline,2,5407.876953
string24,sip,16384,iter-count,lru,3,0.393726
string24,sip,16384,iter-count,hashlink,3,0.394666
string24,sip,16384,iter-count,micro,3,0.396617
string24,sip,16384,iter-count,baseline,3,5397.949219
string24,sip,16384,iter-count,quick_cache,3,7875.488281
string24,sip,16384,iter-count,hashlink,4,0.394697
string24,sip,16384,iter-count,micro,4,0.397219
string24,sip,16384,iter-count,baseline,4,5339.640625
string24,sip,16384,iter-count,quick_cache,4,7927.734375
string24,sip,16384,iter-count,lru,4,0.397340
string24,sip,16384,iter-count,micro,5,0.404466
string24,sip,16384,iter-count,baseline,5,5431.884766
string24,sip,16384,iter-count,quick_cache,5,7924.641927
string24,sip,16384,iter-count,lru,5,0.393445
string24,sip,16384,iter-count,hashlink,5,0.395618
string24,sip,16384,iter-count,baseline,6,5370.849609
string24,sip,16384,iter-count,quick_cache,6,7844.347656
string24,sip,16384,iter-count,lru,6,0.394874
string24,sip,16384,iter-count,hashlink,6,0.393192
string24,sip,16384,iter-count,micro,6,0.396537
string24,sip,16384,iter-count,quick_cache,7,8015.516927
string24,sip,16384,iter-count,lru,7,0.393937
string24,sip,16384,iter-count,hashlink,7,0.394965
string24,sip,16384,iter-count,micro,7,0.400081
string24,sip,16384,iter-count,baseline,7,5213.704102
string24,sip,16384,iter-count,lru,8,0.388437
string24,sip,16384,iter-count,hashlink,8,0.445899
string24,sip,16384,iter-count,micro,8,0.400222
string24,sip,16384,iter-count,baseline,8,5102.742188
string24,sip,16384,iter-count,quick_cache,8,7619.195312
string24,ahash,128,iter-dense,micro,0,37.521264
string24,ahash,128,iter-dense,baseline,0,37.587202
string24,ahash,128,iter-dense,quick_cache,0,29.931209
string24,ahash,128,iter-dense,lru,0,132.799225
string24,ahash,128,iter-dense,hashlink,0,126.361030
string24,ahash,128,iter-dense,baseline,1,38.180338
string24,ahash,128,iter-dense,quick_cache,1,29.502501
string24,ahash,128,iter-dense,lru,1,128.906250
string24,ahash,128,iter-dense,hashlink,1,127.174024
string24,ahash,128,iter-dense,micro,1,37.753496
string24,ahash,128,iter-dense,quick_cache,2,31.762633
string24,ahash,128,iter-dense,lru,2,133.244299
string24,ahash,128,iter-dense,hashlink,2,127.666922
string24,ahash,128,iter-dense,micro,2,37.621562
string24,ahash,128,iter-dense,baseline,2,37.822498
string24,ahash,128,iter-dense,lru,3,128.454756
string24,ahash,128,iter-dense,hashlink,3,127.540452
string24,ahash,128,iter-dense,micro,3,37.559203
string24,ahash,128,iter-dense,baseline,3,38.033889
string24,ahash,128,iter-dense,quick_cache,3,35.353330
string24,ahash,128,iter-dense,hashlink,4,128.775407
string24,ahash,128,iter-dense,micro,4,37.900952
string24,ahash,128,iter-dense,baseline,4,38.327301
string24,ahash,128,iter-dense,quick_cache,4,32.591189
string24,ahash,128,iter-dense,lru,4,129.433335
string24,ahash,128,iter-dense,micro,5,37.854734
string24,ahash,128,iter-dense,baseline,5,37.734635
string24,ahash,128,iter-dense,quick_cache,5,35.299780
string24,ahash,128,iter-dense,lru,5,132.306441
string24,ahash,128,iter-dense,hashlink,5,126.276833
string24,ahash,128,iter-dense,baseline,6,37.778674
string24,ahash,128,iter-dense,quick_cache,6,34.998775
string24,ahash,128,iter-dense,lru,6,131.287390
string24,ahash,128,iter-dense,hashlink,6,126.648172
string24,ahash,128,iter-dense,micro,6,36.641208
string24,ahash,128,iter-dense,quick_cache,7,29.833566
string24,ahash,128,iter-dense,lru,7,129.841700
string24,ahash,128,iter-dense,hashlink,7,127.327438
string24,ahash,128,iter-dense,micro,7,37.313642
string24,ahash,128,iter-dense,baseline,7,37.651544
string24,ahash,128,iter-dense,lru,8,127.115091
string24,ahash,128,iter-dense,hashlink,8,127.067454
string24,ahash,128,iter-dense,micro,8,37.162790
string24,ahash,128,iter-dense,baseline,8,37.538659
string24,ahash,128,iter-dense,quick_cache,8,29.623572
string24,ahash,128,iter-dense-for,micro,0,37.885098
string24,ahash,128,iter-dense-for,baseline,0,37.369978
string24,ahash,128,iter-dense-for,quick_cache,0,67.029374
string24,ahash,128,iter-dense-for,lru,0,78.299834
string24,ahash,128,iter-dense-for,hashlink,0,68.245647
string24,ahash,128,iter-dense-for,baseline,1,37.250447
string24,ahash,128,iter-dense-for,quick_cache,1,68.924832
string24,ahash,128,iter-dense-for,lru,1,80.385561
string24,ahash,128,iter-dense-for,hashlink,1,69.268409
string24,ahash,128,iter-dense-for,micro,1,37.116486
string24,ahash,128,iter-dense-for,quick_cache,2,67.745584
string24,ahash,128,iter-dense-for,lru,2,77.132697
string24,ahash,128,iter-dense-for,hashlink,2,68.512645
string24,ahash,128,iter-dense-for,micro,2,37.235183
string24,ahash,128,iter-dense-for,baseline,2,37.415026
string24,ahash,128,iter-dense-for,lru,3,78.218844
string24,ahash,128,iter-dense-for,hashlink,3,69.157909
string24,ahash,128,iter-dense-for,micro,3,37.101028
string24,ahash,128,iter-dense-for,baseline,3,37.260573
string24,ahash,128,iter-dense-for,quick_cache,3,66.840088
string24,ahash,128,iter-dense-for,hashlink,4,68.807450
string24,ahash,128,iter-dense-for,micro,4,37.239707
string24,ahash,128,iter-dense-for,baseline,4,37.524331
string24,ahash,128,iter-dense-for,quick_cache,4,69.379716
string24,ahash,128,iter-dense-for,lru,4,78.354746
string24,ahash,128,iter-dense-for,micro,5,37.177686
string24,ahash,128,iter-dense-for,baseline,5,37.489256
string24,ahash,128,iter-dense-for,quick_cache,5,67.327984
string24,ahash,128,iter-dense-for,lru,5,78.237096
string24,ahash,128,iter-dense-for,hashlink,5,68.933461
string24,ahash,128,iter-dense-for,baseline,6,37.296450
string24,ahash,128,iter-dense-for,quick_cache,6,67.282905
string24,ahash,128,iter-dense-for,lru,6,79.298262
string24,ahash,128,iter-dense-for,hashlink,6,68.421519
string24,ahash,128,iter-dense-for,micro,6,37.026066
string24,ahash,128,iter-dense-for,quick_cache,7,67.251708
string24,ahash,128,iter-dense-for,lru,7,76.508061
string24,ahash,128,iter-dense-for,hashlink,7,68.414104
string24,ahash,128,iter-dense-for,micro,7,37.211241
string24,ahash,128,iter-dense-for,baseline,7,37.981337
string24,ahash,128,iter-dense-for,lru,8,79.147547
string24,ahash,128,iter-dense-for,hashlink,8,68.398400
string24,ahash,128,iter-dense-for,micro,8,37.208579
string24,ahash,128,iter-dense-for,baseline,8,37.124065
string24,ahash,128,iter-dense-for,quick_cache,8,65.066754
string24,ahash,128,iter-density-1pct,micro,0,36.365000
string24,ahash,128,iter-density-1pct,baseline,0,33.218345
string24,ahash,128,iter-density-1pct,quick_cache,0,22.768906
string24,ahash,128,iter-density-1pct,lru,0,1.286909
string24,ahash,128,iter-density-1pct,hashlink,0,1.501047
string24,ahash,128,iter-density-1pct,baseline,1,34.800132
string24,ahash,128,iter-density-1pct,quick_cache,1,22.914678
string24,ahash,128,iter-density-1pct,lru,1,1.280549
string24,ahash,128,iter-density-1pct,hashlink,1,1.497723
string24,ahash,128,iter-density-1pct,micro,1,39.993985
string24,ahash,128,iter-density-1pct,quick_cache,2,27.288945
string24,ahash,128,iter-density-1pct,lru,2,1.281526
string24,ahash,128,iter-density-1pct,hashlink,2,1.492416
string24,ahash,128,iter-density-1pct,micro,2,36.948503
string24,ahash,128,iter-density-1pct,baseline,2,31.249481
string24,ahash,128,iter-density-1pct,lru,3,1.282420
string24,ahash,128,iter-density-1pct,hashlink,3,1.488109
string24,ahash,128,iter-density-1pct,micro,3,38.029775
string24,ahash,128,iter-density-1pct,baseline,3,33.020136
string24,ahash,128,iter-density-1pct,quick_cache,3,22.762655
string24,ahash,128,iter-density-1pct,hashlink,4,1.511239
string24,ahash,128,iter-density-1pct,micro,4,38.357764
string24,ahash,128,iter-density-1pct,baseline,4,33.127630
string24,ahash,128,iter-density-1pct,quick_cache,4,22.430376
string24,ahash,128,iter-density-1pct,lru,4,1.275260
string24,ahash,128,iter-density-1pct,micro,5,38.595564
string24,ahash,128,iter-density-1pct,baseline,5,33.159612
string24,ahash,128,iter-density-1pct,quick_cache,5,22.904986
string24,ahash,128,iter-density-1pct,lru,5,1.282072
string24,ahash,128,iter-density-1pct,hashlink,5,1.496332
string24,ahash,128,iter-density-1pct,baseline,6,33.608589
string24,ahash,128,iter-density-1pct,quick_cache,6,21.850637
string24,ahash,128,iter-density-1pct,lru,6,1.275896
string24,ahash,128,iter-density-1pct,hashlink,6,1.495056
string24,ahash,128,iter-density-1pct,micro,6,38.912055
string24,ahash,128,iter-density-1pct,quick_cache,7,21.924951
string24,ahash,128,iter-density-1pct,lru,7,1.290693
string24,ahash,128,iter-density-1pct,hashlink,7,1.494629
string24,ahash,128,iter-density-1pct,micro,7,39.118891
string24,ahash,128,iter-density-1pct,baseline,7,33.346504
string24,ahash,128,iter-density-1pct,lru,8,1.277993
string24,ahash,128,iter-density-1pct,hashlink,8,1.493843
string24,ahash,128,iter-density-1pct,micro,8,38.882037
string24,ahash,128,iter-density-1pct,baseline,8,33.959135
string24,ahash,128,iter-density-1pct,quick_cache,8,21.874563
string24,ahash,128,iter-density-6pct,micro,0,36.290206
string24,ahash,128,iter-density-6pct,baseline,0,35.612630
string24,ahash,128,iter-density-6pct,quick_cache,0,23.310090
string24,ahash,128,iter-density-6pct,lru,0,3.228627
string24,ahash,128,iter-density-6pct,hashlink,0,4.562653
string24,ahash,128,iter-density-6pct,baseline,1,35.831625
string24,ahash,128,iter-density-6pct,quick_cache,1,23.344520
string24,ahash,128,iter-density-6pct,lru,1,3.267447
string24,ahash,128,iter-density-6pct,hashlink,1,4.565910
string24,ahash,128,iter-density-6pct,micro,1,36.090567
string24,ahash,128,iter-density-6pct,quick_cache,2,23.360223
string24,ahash,128,iter-density-6pct,lru,2,3.218398
string24,ahash,128,iter-density-6pct,hashlink,2,4.567721
string24,ahash,128,iter-density-6pct,micro,2,36.257432
string24,ahash,128,iter-density-6pct,baseline,2,35.652364
string24,ahash,128,iter-density-6pct,lru,3,3.273417
string24,ahash,128,iter-density-6pct,hashlink,3,4.530862
string24,ahash,128,iter-density-6pct,micro,3,36.145985
string24,ahash,128,iter-density-6pct,baseline,3,35.537959
string24,ahash,128,iter-density-6pct,quick_cache,3,23.348775
string24,ahash,128,iter-density-6pct,hashlink,4,4.552455
string24,ahash,128,iter-density-6pct,micro,4,36.036122
string24,ahash,128,iter-density-6pct,baseline,4,35.804609
string24,ahash,128,iter-density-6pct,quick_cache,4,23.778078
string24,ahash,128,iter-density-6pct,lru,4,3.247887
string24,ahash,128,iter-density-6pct,micro,5,36.076300
string24,ahash,128,iter-density-6pct,baseline,5,35.576645
string24,ahash,128,iter-density-6pct,quick_cache,5,23.327096
string24,ahash,128,iter-density-6pct,lru,5,3.220985
string24,ahash,128,iter-density-6pct,hashlink,5,4.540831
string24,ahash,128,iter-density-6pct,baseline,6,35.954995
string24,ahash,128,iter-density-6pct,quick_cache,6,23.800857
string24,ahash,128,iter-density-6pct,lru,6,3.224628
string24,ahash,128,iter-density-6pct,hashlink,6,4.567683
string24,ahash,128,iter-density-6pct,micro,6,35.996710
string24,ahash,128,iter-density-6pct,quick_cache,7,23.352848
string24,ahash,128,iter-density-6pct,lru,7,3.243815
string24,ahash,128,iter-density-6pct,hashlink,7,4.577681
string24,ahash,128,iter-density-6pct,micro,7,36.121222
string24,ahash,128,iter-density-6pct,baseline,7,36.175007
string24,ahash,128,iter-density-6pct,lru,8,3.249589
string24,ahash,128,iter-density-6pct,hashlink,8,4.575785
string24,ahash,128,iter-density-6pct,micro,8,36.086352
string24,ahash,128,iter-density-6pct,baseline,8,35.726623
string24,ahash,128,iter-density-6pct,quick_cache,8,23.410974
string24,ahash,128,iter-density-quarter,micro,0,37.022847
string24,ahash,128,iter-density-quarter,baseline,0,37.080327
string24,ahash,128,iter-density-quarter,quick_cache,0,22.134127
string24,ahash,128,iter-density-quarter,lru,0,19.013461
string24,ahash,128,iter-density-quarter,hashlink,0,18.814908
string24,ahash,128,iter-density-quarter,baseline,1,37.041938
string24,ahash,128,iter-density-quarter,quick_cache,1,25.382589
string24,ahash,128,iter-density-quarter,lru,1,18.805696
string24,ahash,128,iter-density-quarter,hashlink,1,18.789709
string24,ahash,128,iter-density-quarter,micro,1,36.997788
string24,ahash,128,iter-density-quarter,quick_cache,2,21.928212
string24,ahash,128,iter-density-quarter,lru,2,19.073486
string24,ahash,128,iter-density-quarter,hashlink,2,18.719087
string24,ahash,128,iter-density-quarter,micro,2,36.972454
string24,ahash,128,iter-density-quarter,baseline,2,36.769610
string24,ahash,128,iter-density-quarter,lru,3,18.682497
string24,ahash,128,iter-density-quarter,hashlink,3,18.741065
string24,ahash,128,iter-density-quarter,micro,3,36.722114
string24,ahash,128,iter-density-quarter,baseline,3,34.697456
string24,ahash,128,iter-density-quarter,quick_cache,3,24.915213
string24,ahash,128,iter-density-quarter,hashlink,4,18.096772
string24,ahash,128,iter-density-quarter,micro,4,35.588306
string24,ahash,128,iter-density-quarter,baseline,4,36.412220
string24,ahash,128,iter-density-quarter,quick_cache,4,21.443727
string24,ahash,128,iter-density-quarter,lru,4,18.939712
string24,ahash,128,iter-density-quarter,micro,5,35.961472
string24,ahash,128,iter-density-quarter,baseline,5,36.241224
string24,ahash,128,iter-density-quarter,quick_cache,5,22.460516
string24,ahash,128,iter-density-quarter,lru,5,18.976671
string24,ahash,128,iter-density-quarter,hashlink,5,18.505033
string24,ahash,128,iter-density-quarter,baseline,6,36.189353
string24,ahash,128,iter-density-quarter,quick_cache,6,21.803492
string24,ahash,128,iter-density-quarter,lru,6,19.017517
string24,ahash,128,iter-density-quarter,hashlink,6,18.551014
string24,ahash,128,iter-density-quarter,micro,6,36.049539
string24,ahash,128,iter-density-quarter,quick_cache,7,25.892792
string24,ahash,128,iter-density-quarter,lru,7,18.896035
string24,ahash,128,iter-density-quarter,hashlink,7,18.605620
string24,ahash,128,iter-density-quarter,micro,7,35.760512
string24,ahash,128,iter-density-quarter,baseline,7,36.219286
string24,ahash,128,iter-density-quarter,lru,8,18.778107
string24,ahash,128,iter-density-quarter,hashlink,8,18.480341
string24,ahash,128,iter-density-quarter,micro,8,36.028706
string24,ahash,128,iter-density-quarter,baseline,8,36.530162
string24,ahash,128,iter-density-quarter,quick_cache,8,25.401628
string24,ahash,128,iter-density-half,micro,0,37.151473
string24,ahash,128,iter-density-half,baseline,0,61.677338
string24,ahash,128,iter-density-half,quick_cache,0,24.528871
string24,ahash,128,iter-density-half,lru,0,51.415361
string24,ahash,128,iter-density-half,hashlink,0,49.706952
string24,ahash,128,iter-density-half,baseline,1,61.371724
string24,ahash,128,iter-density-half,quick_cache,1,25.058215
string24,ahash,128,iter-density-half,lru,1,52.276754
string24,ahash,128,iter-density-half,hashlink,1,49.922624
string24,ahash,128,iter-density-half,micro,1,36.556411
string24,ahash,128,iter-density-half,quick_cache,2,24.570480
string24,ahash,128,iter-density-half,lru,2,51.278933
string24,ahash,128,iter-density-half,hashlink,2,49.736106
string24,ahash,128,iter-density-half,micro,2,36.734419
string24,ahash,128,iter-density-half,baseline,2,61.896139
string24,ahash,128,iter-density-half,lru,3,51.504388
string24,ahash,128,iter-density-half,hashlink,3,49.776075
string24,ahash,128,iter-density-half,micro,3,36.524064
string24,ahash,128,iter-density-half,baseline,3,61.403598
string24,ahash,128,iter-density-half,quick_cache,3,24.596726
string24,ahash,128,iter-density-half,hashlink,4,50.166372
string24,ahash,128,iter-density-half,micro,4,36.646129
string24,ahash,128,iter-density-half,baseline,4,62.560986
string24,ahash,128,iter-density-half,quick_cache,4,25.258861
string24,ahash,128,iter-density-half,lru,4,50.675280
string24,ahash,128,iter-density-half,micro,5,36.640900
string24,ahash,128,iter-density-half,baseline,5,61.384586
string24,ahash,128,iter-density-half,quick_cache,5,23.989196
string24,ahash,128,iter-density-half,lru,5,48.277244
string24,ahash,128,iter-density-half,hashlink,5,48.343421
string24,ahash,128,iter-density-half,baseline,6,60.090074
string24,ahash,128,iter-density-half,quick_cache,6,24.728868
string24,ahash,128,iter-density-half,lru,6,49.113745
string24,ahash,128,iter-density-half,hashlink,6,49.067072
string24,ahash,128,iter-density-half,micro,6,36.221401
string24,ahash,128,iter-density-half,quick_cache,7,24.341048
string24,ahash,128,iter-density-half,lru,7,49.322976
string24,ahash,128,iter-density-half,hashlink,7,49.242872
string24,ahash,128,iter-density-half,micro,7,36.227740
string24,ahash,128,iter-density-half,baseline,7,64.424142
string24,ahash,128,iter-density-half,lru,8,49.217933
string24,ahash,128,iter-density-half,hashlink,8,48.969925
string24,ahash,128,iter-density-half,micro,8,37.876235
string24,ahash,128,iter-density-half,baseline,8,61.219839
string24,ahash,128,iter-density-half,quick_cache,8,24.621416
string24,ahash,128,iter-front,micro,0,36.389803
string24,ahash,128,iter-front,baseline,0,35.597594
string24,ahash,128,iter-front,quick_cache,0,22.127120
string24,ahash,128,iter-front,lru,0,1.185490
string24,ahash,128,iter-front,hashlink,0,1.166811
string24,ahash,128,iter-front,baseline,1,36.420102
string24,ahash,128,iter-front,quick_cache,1,21.931101
string24,ahash,128,iter-front,lru,1,1.170684
string24,ahash,128,iter-front,hashlink,1,1.162030
string24,ahash,128,iter-front,micro,1,36.805780
string24,ahash,128,iter-front,quick_cache,2,22.352212
string24,ahash,128,iter-front,lru,2,1.173735
string24,ahash,128,iter-front,hashlink,2,1.165723
string24,ahash,128,iter-front,micro,2,36.808009
string24,ahash,128,iter-front,baseline,2,35.598484
string24,ahash,128,iter-front,lru,3,1.171904
string24,ahash,128,iter-front,hashlink,3,1.152660
string24,ahash,128,iter-front,micro,3,36.588511
string24,ahash,128,iter-front,baseline,3,36.220489
string24,ahash,128,iter-front,quick_cache,3,22.022015
string24,ahash,128,iter-front,hashlink,4,1.150259
string24,ahash,128,iter-front,micro,4,36.652893
string24,ahash,128,iter-front,baseline,4,35.626204
string24,ahash,128,iter-front,quick_cache,4,21.820124
string24,ahash,128,iter-front,lru,4,1.180609
string24,ahash,128,iter-front,micro,5,37.770176
string24,ahash,128,iter-front,baseline,5,35.614709
string24,ahash,128,iter-front,quick_cache,5,21.833773
string24,ahash,128,iter-front,lru,5,1.199671
string24,ahash,128,iter-front,hashlink,5,1.160020
string24,ahash,128,iter-front,baseline,6,36.254416
string24,ahash,128,iter-front,quick_cache,6,22.014159
string24,ahash,128,iter-front,lru,6,1.171746
string24,ahash,128,iter-front,hashlink,6,1.157407
string24,ahash,128,iter-front,micro,6,36.768993
string24,ahash,128,iter-front,quick_cache,7,22.207220
string24,ahash,128,iter-front,lru,7,1.174097
string24,ahash,128,iter-front,hashlink,7,1.152159
string24,ahash,128,iter-front,micro,7,37.286619
string24,ahash,128,iter-front,baseline,7,39.667428
string24,ahash,128,iter-front,lru,8,1.234485
string24,ahash,128,iter-front,hashlink,8,1.134903
string24,ahash,128,iter-front,micro,8,35.737466
string24,ahash,128,iter-front,baseline,8,37.534906
string24,ahash,128,iter-front,quick_cache,8,20.942409
string24,ahash,128,iter-back,micro,0,36.766846
string24,ahash,128,iter-back,baseline,0,36.283898
string24,ahash,128,iter-back,quick_cache,0,24.812565
string24,ahash,128,iter-back,lru,0,1.190331
string24,ahash,128,iter-back,hashlink,0,1.158858
string24,ahash,128,iter-back,baseline,1,37.470331
string24,ahash,128,iter-back,quick_cache,1,20.947311
string24,ahash,128,iter-back,lru,1,1.210433
string24,ahash,128,iter-back,hashlink,1,1.154705
string24,ahash,128,iter-back,micro,1,37.850917
string24,ahash,128,iter-back,quick_cache,2,20.858015
string24,ahash,128,iter-back,lru,2,1.194271
string24,ahash,128,iter-back,hashlink,2,1.172617
string24,ahash,128,iter-back,micro,2,37.806731
string24,ahash,128,iter-back,baseline,2,38.404576
string24,ahash,128,iter-back,lru,3,1.180020
string24,ahash,128,iter-back,hashlink,3,1.181251
string24,ahash,128,iter-back,micro,3,37.825980
string24,ahash,128,iter-back,baseline,3,37.120509
string24,ahash,128,iter-back,quick_cache,3,20.740526
string24,ahash,128,iter-back,hashlink,4,1.176652
string24,ahash,128,iter-back,micro,4,37.744059
string24,ahash,128,iter-back,baseline,4,37.277724
string24,ahash,128,iter-back,quick_cache,4,20.972789
string24,ahash,128,iter-back,lru,4,1.173039
string24,ahash,128,iter-back,micro,5,37.524638
string24,ahash,128,iter-back,baseline,5,36.883342
string24,ahash,128,iter-back,quick_cache,5,20.822399
string24,ahash,128,iter-back,lru,5,1.178489
string24,ahash,128,iter-back,hashlink,5,1.166149
string24,ahash,128,iter-back,baseline,6,38.423462
string24,ahash,128,iter-back,quick_cache,6,20.985470
string24,ahash,128,iter-back,lru,6,1.181734
string24,ahash,128,iter-back,hashlink,6,1.163561
string24,ahash,128,iter-back,micro,6,37.747207
string24,ahash,128,iter-back,quick_cache,7,20.774129
string24,ahash,128,iter-back,lru,7,1.229328
string24,ahash,128,iter-back,hashlink,7,1.158678
string24,ahash,128,iter-back,micro,7,37.956188
string24,ahash,128,iter-back,baseline,7,37.201894
string24,ahash,128,iter-back,lru,8,1.193149
string24,ahash,128,iter-back,hashlink,8,1.161175
string24,ahash,128,iter-back,micro,8,37.629680
string24,ahash,128,iter-back,baseline,8,37.087439
string24,ahash,128,iter-back,quick_cache,8,20.853668
string24,ahash,128,iter-empty,micro,0,0.915349
string24,ahash,128,iter-empty,baseline,0,36.741227
string24,ahash,128,iter-empty,quick_cache,0,21.072678
string24,ahash,128,iter-empty,lru,0,0.987493
string24,ahash,128,iter-empty,hashlink,0,0.998039
string24,ahash,128,iter-empty,baseline,1,36.542687
string24,ahash,128,iter-empty,quick_cache,1,20.726771
string24,ahash,128,iter-empty,lru,1,0.986035
string24,ahash,128,iter-empty,hashlink,1,0.997230
string24,ahash,128,iter-empty,micro,1,0.916777
string24,ahash,128,iter-empty,quick_cache,2,21.132882
string24,ahash,128,iter-empty,lru,2,1.000570
string24,ahash,128,iter-empty,hashlink,2,1.004649
string24,ahash,128,iter-empty,micro,2,0.915306
string24,ahash,128,iter-empty,baseline,2,36.943454
string24,ahash,128,iter-empty,lru,3,0.984364
string24,ahash,128,iter-empty,hashlink,3,1.002477
string24,ahash,128,iter-empty,micro,3,0.912393
string24,ahash,128,iter-empty,baseline,3,37.685684
string24,ahash,128,iter-empty,quick_cache,3,20.885542
string24,ahash,128,iter-empty,hashlink,4,0.995775
string24,ahash,128,iter-empty,micro,4,0.916455
string24,ahash,128,iter-empty,baseline,4,36.636013
string24,ahash,128,iter-empty,quick_cache,4,20.808193
string24,ahash,128,iter-empty,lru,4,0.987025
string24,ahash,128,iter-empty,micro,5,0.913465
string24,ahash,128,iter-empty,baseline,5,36.521625
string24,ahash,128,iter-empty,quick_cache,5,21.053330
string24,ahash,128,iter-empty,lru,5,0.985102
string24,ahash,128,iter-empty,hashlink,5,0.996950
string24,ahash,128,iter-empty,baseline,6,36.548775
string24,ahash,128,iter-empty,quick_cache,6,20.950467
string24,ahash,128,iter-empty,lru,6,0.985425
string24,ahash,128,iter-empty,hashlink,6,0.994957
string24,ahash,128,iter-empty,micro,6,0.921601
string24,ahash,128,iter-empty,quick_cache,7,21.430531
string24,ahash,128,iter-empty,lru,7,0.986944
string24,ahash,128,iter-empty,hashlink,7,0.996899
string24,ahash,128,iter-empty,micro,7,0.914968
string24,ahash,128,iter-empty,baseline,7,36.581168
string24,ahash,128,iter-empty,lru,8,0.982575
string24,ahash,128,iter-empty,hashlink,8,0.995673
string24,ahash,128,iter-empty,micro,8,0.914973
string24,ahash,128,iter-empty,baseline,8,36.640592
string24,ahash,128,iter-empty,quick_cache,8,20.794862
string24,ahash,128,iter-count,micro,0,0.395112
string24,ahash,128,iter-count,baseline,0,35.670371
string24,ahash,128,iter-count,quick_cache,0,52.509482
string24,ahash,128,iter-count,lru,0,0.394052
string24,ahash,128,iter-count,hashlink,0,0.394009
string24,ahash,128,iter-count,baseline,1,35.718621
string24,ahash,128,iter-count,quick_cache,1,54.773667
string24,ahash,128,iter-count,lru,1,0.392115
string24,ahash,128,iter-count,hashlink,1,0.394909
string24,ahash,128,iter-count,micro,1,0.395971
string24,ahash,128,iter-count,quick_cache,2,53.684560
string24,ahash,128,iter-count,lru,2,0.391471
string24,ahash,128,iter-count,hashlink,2,0.395293
string24,ahash,128,iter-count,micro,2,0.395493
string24,ahash,128,iter-count,baseline,2,34.749202
string24,ahash,128,iter-count,lru,3,0.391160
string24,ahash,128,iter-count,hashlink,3,0.393390
string24,ahash,128,iter-count,micro,3,0.398478
string24,ahash,128,iter-count,baseline,3,36.598234
string24,ahash,128,iter-count,quick_cache,3,52.510525
string24,ahash,128,iter-count,hashlink,4,0.392107
string24,ahash,128,iter-count,micro,4,0.396711
string24,ahash,128,iter-count,baseline,4,37.479174
string24,ahash,128,iter-count,quick_cache,4,54.258442
string24,ahash,128,iter-count,lru,4,0.384419
string24,ahash,128,iter-count,micro,5,0.394372
string24,ahash,128,iter-count,baseline,5,35.161519
string24,ahash,128,iter-count,quick_cache,5,50.220588
string24,ahash,128,iter-count,lru,5,0.380507
string24,ahash,128,iter-count,hashlink,5,0.386229
string24,ahash,128,iter-count,baseline,6,34.895543
string24,ahash,128,iter-count,quick_cache,6,52.478228
string24,ahash,128,iter-count,lru,6,0.386179
string24,ahash,128,iter-count,hashlink,6,0.389092
string24,ahash,128,iter-count,micro,6,0.393696
string24,ahash,128,iter-count,quick_cache,7,52.792884
string24,ahash,128,iter-count,lru,7,0.388280
string24,ahash,128,iter-count,hashlink,7,0.389815
string24,ahash,128,iter-count,micro,7,0.396461
string24,ahash,128,iter-count,baseline,7,36.140033
string24,ahash,128,iter-count,lru,8,0.393385
string24,ahash,128,iter-count,hashlink,8,0.391524
string24,ahash,128,iter-count,micro,8,0.394157
string24,ahash,128,iter-count,baseline,8,35.320192
string24,ahash,128,iter-count,quick_cache,8,51.745319
string24,ahash,1024,iter-dense,micro,0,267.476870
string24,ahash,1024,iter-dense,baseline,0,267.997324
string24,ahash,1024,iter-dense,quick_cache,0,254.555171
string24,ahash,1024,iter-dense,lru,0,1227.925781
string24,ahash,1024,iter-dense,hashlink,0,1235.738435
string24,ahash,1024,iter-dense,baseline,1,264.923199
string24,ahash,1024,iter-dense,quick_cache,1,253.399767
string24,ahash,1024,iter-dense,lru,1,1238.137795
string24,ahash,1024,iter-dense,hashlink,1,1245.422123
string24,ahash,1024,iter-dense,micro,1,261.967389
string24,ahash,1024,iter-dense,quick_cache,2,259.440661
string24,ahash,1024,iter-dense,lru,2,1334.624470
string24,ahash,1024,iter-dense,hashlink,2,1241.443452
string24,ahash,1024,iter-dense,micro,2,265.552048
string24,ahash,1024,iter-dense,baseline,2,269.618804
string24,ahash,1024,iter-dense,lru,3,1229.675293
string24,ahash,1024,iter-dense,hashlink,3,1233.421506
string24,ahash,1024,iter-dense,micro,3,267.075939
string24,ahash,1024,iter-dense,baseline,3,270.707180
string24,ahash,1024,iter-dense,quick_cache,3,255.208350
string24,ahash,1024,iter-dense,hashlink,4,1241.608879
string24,ahash,1024,iter-dense,micro,4,268.779532
string24,ahash,1024,iter-dense,baseline,4,271.391656
string24,ahash,1024,iter-dense,quick_cache,4,255.265701
string24,ahash,1024,iter-dense,lru,4,1235.390010
string24,ahash,1024,iter-dense,micro,5,269.654741
string24,ahash,1024,iter-dense,baseline,5,275.230139
string24,ahash,1024,iter-dense,quick_cache,5,254.893964
string24,ahash,1024,iter-dense,lru,5,1242.817956
string24,ahash,1024,iter-dense,hashlink,5,1222.534180
string24,ahash,1024,iter-dense,baseline,6,268.200150
string24,ahash,1024,iter-dense,quick_cache,6,252.196724
string24,ahash,1024,iter-dense,lru,6,1231.022392
string24,ahash,1024,iter-dense,hashlink,6,1239.614173
string24,ahash,1024,iter-dense,micro,6,268.450257
string24,ahash,1024,iter-dense,quick_cache,7,254.405894
string24,ahash,1024,iter-dense,lru,7,1243.747768
string24,ahash,1024,iter-dense,hashlink,7,1241.577877
string24,ahash,1024,iter-dense,micro,7,268.481959
string24,ahash,1024,iter-dense,baseline,7,269.938256
string24,ahash,1024,iter-dense,lru,8,1241.887897
string24,ahash,1024,iter-dense,hashlink,8,1238.957923
string24,ahash,1024,iter-dense,micro,8,270.337695
string24,ahash,1024,iter-dense,baseline,8,270.637327
string24,ahash,1024,iter-dense,quick_cache,8,254.811787
string24,ahash,1024,iter-dense-for,micro,0,270.980015
string24,ahash,1024,iter-dense-for,baseline,0,272.912576
string24,ahash,1024,iter-dense-for,quick_cache,0,497.735868
string24,ahash,1024,iter-dense-for,lru,0,726.387731
string24,ahash,1024,iter-dense-for,hashlink,0,872.178819
string24,ahash,1024,iter-dense-for,baseline,1,269.286951
string24,ahash,1024,iter-dense-for,quick_cache,1,500.486721
string24,ahash,1024,iter-dense-for,lru,1,723.214286
string24,ahash,1024,iter-dense-for,hashlink,1,879.747542
string24,ahash,1024,iter-dense-for,micro,1,268.542418
string24,ahash,1024,iter-dense-for,quick_cache,2,491.995086
string24,ahash,1024,iter-dense-for,lru,2,734.399354
string24,ahash,1024,iter-dense-for,hashlink,2,1031.250000
string24,ahash,1024,iter-dense-for,micro,2,260.968802
string24,ahash,1024,iter-dense-for,baseline,2,268.068343
string24,ahash,1024,iter-dense-for,lru,3,732.367114
string24,ahash,1024,iter-dense-for,hashlink,3,880.530197
string24,ahash,1024,iter-dense-for,micro,3,267.631635
string24,ahash,1024,iter-dense-for,baseline,3,270.223877
string24,ahash,1024,iter-dense-for,quick_cache,3,500.316094
string24,ahash,1024,iter-dense-for,hashlink,4,868.880208
string24,ahash,1024,iter-dense-for,micro,4,271.766304
string24,ahash,1024,iter-dense-for,baseline,4,266.538863
string24,ahash,1024,iter-dense-for,quick_cache,4,475.335676
string24,ahash,1024,iter-dense-for,lru,4,727.410320
string24,ahash,1024,iter-dense-for,micro,5,266.054634
string24,ahash,1024,iter-dense-for,baseline,5,265.842049
string24,ahash,1024,iter-dense-for,quick_cache,5,261.162250
string24,ahash,1024,iter-dense-for,lru,5,723.379630
string24,ahash,1024,iter-dense-for,hashlink,5,885.593220
string24,ahash,1024,iter-dense-for,baseline,6,268.866785
string24,ahash,1024,iter-dense-for,quick_cache,6,261.744923
string24,ahash,1024,iter-dense-for,lru,6,817.199707
string24,ahash,1024,iter-dense-for,hashlink,6,1403.366908
string24,ahash,1024,iter-dense-for,micro,6,672.154700
string24,ahash,1024,iter-dense-for,quick_cache,7,758.189915
string24,ahash,1024,iter-dense-for,lru,7,1047.048542
string24,ahash,1024,iter-dense-for,hashlink,7,1088.894314
string24,ahash,1024,iter-dense-for,micro,7,257.934973
string24,ahash,1024,iter-dense-for,baseline,7,262.797637
string24,ahash,1024,iter-dense-for,lru,8,724.193432
string24,ahash,1024,iter-dense-for,hashlink,8,875.152758
string24,ahash,1024,iter-dense-for,micro,8,260.384151
string24,ahash,1024,iter-dense-for,baseline,8,262.310770
string24,ahash,1024,iter-dense-for,quick_cache,8,470.380537
string24,ahash,1024,iter-density-1pct,micro,0,329.921545
string24,ahash,1024,iter-density-1pct,baseline,0,342.000615
string24,ahash,1024,iter-density-1pct,quick_cache,0,195.841165
string24,ahash,1024,iter-density-1pct,lru,0,4.214999
string24,ahash,1024,iter-density-1pct,hashlink,0,5.628446
string24,ahash,1024,iter-density-1pct,baseline,1,315.788068
string24,ahash,1024,iter-density-1pct,quick_cache,1,191.495596
string24,ahash,1024,iter-density-1pct,lru,1,4.213180
string24,ahash,1024,iter-density-1pct,hashlink,1,5.859082
string24,ahash,1024,iter-density-1pct,micro,1,336.444288
string24,ahash,1024,iter-density-1pct,quick_cache,2,171.769093
string24,ahash,1024,iter-density-1pct,lru,2,4.336652
string24,ahash,1024,iter-density-1pct,hashlink,2,5.935246
string24,ahash,1024,iter-density-1pct,micro,2,332.382365
string24,ahash,1024,iter-density-1pct,baseline,2,324.340314
string24,ahash,1024,iter-density-1pct,lru,3,4.363221
string24,ahash,1024,iter-density-1pct,hashlink,3,5.957573
string24,ahash,1024,iter-density-1pct,micro,3,348.410217
string24,ahash,1024,iter-density-1pct,baseline,3,323.201834
string24,ahash,1024,iter-density-1pct,quick_cache,3,172.586403
string24,ahash,1024,iter-density-1pct,hashlink,4,5.986052
string24,ahash,1024,iter-density-1pct,micro,4,330.858549
string24,ahash,1024,iter-density-1pct,baseline,4,323.306754
string24,ahash,1024,iter-density-1pct,quick_cache,4,176.762231
string24,ahash,1024,iter-density-1pct,lru,4,4.160011
string24,ahash,1024,iter-density-1pct,micro,5,329.002237
string24,ahash,1024,iter-density-1pct,baseline,5,321.229594
string24,ahash,1024,iter-density-1pct,quick_cache,5,169.887908
string24,ahash,1024,iter-density-1pct,lru,5,4.246039
string24,ahash,1024,iter-density-1pct,hashlink,5,5.892989
string24,ahash,1024,iter-density-1pct,baseline,6,325.363825
string24,ahash,1024,iter-density-1pct,quick_cache,6,170.394199
string24,ahash,1024,iter-density-1pct,lru,6,4.277296
string24,ahash,1024,iter-density-1pct,hashlink,6,6.011516
string24,ahash,1024,iter-density-1pct,micro,6,328.261752
string24,ahash,1024,iter-density-1pct,quick_cache,7,172.477166
string24,ahash,1024,iter-density-1pct,lru,7,4.303495
string24,ahash,1024,iter-density-1pct,hashlink,7,5.898230
string24,ahash,1024,iter-density-1pct,micro,7,330.360333
string24,ahash,1024,iter-density-1pct,baseline,7,322.110211
string24,ahash,1024,iter-density-1pct,lru,8,4.217843
string24,ahash,1024,iter-density-1pct,hashlink,8,5.939759
string24,ahash,1024,iter-density-1pct,micro,8,334.234776
string24,ahash,1024,iter-density-1pct,baseline,8,323.295971
string24,ahash,1024,iter-density-1pct,quick_cache,8,171.224671
string24,ahash,1024,iter-density-6pct,micro,0,274.144429
string24,ahash,1024,iter-density-6pct,baseline,0,288.373040
string24,ahash,1024,iter-density-6pct,quick_cache,0,174.691550
string24,ahash,1024,iter-density-6pct,lru,0,49.552235
string24,ahash,1024,iter-density-6pct,hashlink,0,54.358239
string24,ahash,1024,iter-density-6pct,baseline,1,285.241788
string24,ahash,1024,iter-density-6pct,quick_cache,1,175.060960
string24,ahash,1024,iter-density-6pct,lru,1,49.457328
string24,ahash,1024,iter-density-6pct,hashlink,1,49.628444
string24,ahash,1024,iter-density-6pct,micro,1,285.139599
string24,ahash,1024,iter-density-6pct,quick_cache,2,174.844729
string24,ahash,1024,iter-density-6pct,lru,2,49.222028
string24,ahash,1024,iter-density-6pct,hashlink,2,49.571252
string24,ahash,1024,iter-density-6pct,micro,2,289.064868
string24,ahash,1024,iter-density-6pct,baseline,2,287.375057
string24,ahash,1024,iter-density-6pct,lru,3,48.845430
string24,ahash,1024,iter-density-6pct,hashlink,3,49.475457
string24,ahash,1024,iter-density-6pct,micro,3,287.662282
string24,ahash,1024,iter-density-6pct,baseline,3,285.751371
string24,ahash,1024,iter-density-6pct,quick_cache,3,176.268602
string24,ahash,1024,iter-density-6pct,hashlink,4,50.898310
string24,ahash,1024,iter-density-6pct,micro,4,294.993160
string24,ahash,1024,iter-density-6pct,baseline,4,284.221080
string24,ahash,1024,iter-density-6pct,quick_cache,4,175.374965
string24,ahash,1024,iter-density-6pct,lru,4,49.247725
string24,ahash,1024,iter-density-6pct,micro,5,277.764654
string24,ahash,1024,iter-density-6pct,baseline,5,265.563084
string24,ahash,1024,iter-density-6pct,quick_cache,5,175.421752
string24,ahash,1024,iter-density-6pct,lru,5,49.498971
string24,ahash,1024,iter-density-6pct,hashlink,5,50.284387
string24,ahash,1024,iter-density-6pct,baseline,6,286.828670
string24,ahash,1024,iter-density-6pct,quick_cache,6,177.684055
string24,ahash,1024,iter-density-6pct,lru,6,50.051389
string24,ahash,1024,iter-density-6pct,hashlink,6,50.017666
string24,ahash,1024,iter-density-6pct,micro,6,290.446852
string24,ahash,1024,iter-density-6pct,quick_cache,7,179.128186
string24,ahash,1024,iter-density-6pct,lru,7,50.379543
string24,ahash,1024,iter-density-6pct,hashlink,7,53.120751
string24,ahash,1024,iter-density-6pct,micro,7,290.055369
string24,ahash,1024,iter-density-6pct,baseline,7,292.530666
string24,ahash,1024,iter-density-6pct,lru,8,49.873983
string24,ahash,1024,iter-density-6pct,hashlink,8,50.432942
string24,ahash,1024,iter-density-6pct,micro,8,291.011988
string24,ahash,1024,iter-density-6pct,baseline,8,291.586462
string24,ahash,1024,iter-density-6pct,quick_cache,8,178.970895
string24,ahash,1024,iter-density-quarter,micro,0,257.443523
string24,ahash,1024,iter-density-quarter,baseline,0,256.890959
string24,ahash,1024,iter-density-quarter,quick_cache,0,195.023496
string24,ahash,1024,iter-density-quarter,lru,0,292.634714
string24,ahash,1024,iter-density-quarter,hashlink,0,291.661847
string24,ahash,1024,iter-density-quarter,baseline,1,254.308537
string24,ahash,1024,iter-density-quarter,quick_cache,1,194.286995
string24,ahash,1024,iter-density-quarter,lru,1,296.127782
string24,ahash,1024,iter-density-quarter,hashlink,1,308.537229
string24,ahash,1024,iter-density-quarter,micro,1,255.489175
string24,ahash,1024,iter-density-quarter,quick_cache,2,194.541628
string24,ahash,1024,iter-density-quarter,lru,2,288.877137
string24,ahash,1024,iter-density-quarter,hashlink,2,290.374246
string24,ahash,1024,iter-density-quarter,micro,2,254.538223
string24,ahash,1024,iter-density-quarter,baseline,2,256.126790
string24,ahash,1024,iter-density-quarter,lru,3,311.239376
string24,ahash,1024,iter-density-quarter,hashlink,3,351.149930
string24,ahash,1024,iter-density-quarter,micro,3,251.540746
string24,ahash,1024,iter-density-quarter,baseline,3,269.244352
string24,ahash,1024,iter-density-quarter,quick_cache,3,167.284993
string24,ahash,1024,iter-density-quarter,hashlink,4,288.886841
string24,ahash,1024,iter-density-quarter,micro,4,243.064298
string24,ahash,1024,iter-density-quarter,baseline,4,241.190876
string24,ahash,1024,iter-density-quarter,quick_cache,4,164.499737
string24,ahash,1024,iter-density-quarter,lru,4,308.894825
string24,ahash,1024,iter-density-quarter,micro,5,245.594976
string24,ahash,1024,iter-density-quarter,baseline,5,242.737481
string24,ahash,1024,iter-density-quarter,quick_cache,5,160.970230
string24,ahash,1024,iter-density-quarter,lru,5,287.351835
string24,ahash,1024,iter-density-quarter,hashlink,5,283.243207
string24,ahash,1024,iter-density-quarter,baseline,6,252.480059
string24,ahash,1024,iter-density-quarter,quick_cache,6,165.155590
string24,ahash,1024,iter-density-quarter,lru,6,298.524988
string24,ahash,1024,iter-density-quarter,hashlink,6,286.682521
string24,ahash,1024,iter-density-quarter,micro,6,253.916802
string24,ahash,1024,iter-density-quarter,quick_cache,7,165.155590
string24,ahash,1024,iter-density-quarter,lru,7,288.855534
string24,ahash,1024,iter-density-quarter,hashlink,7,289.334450
string24,ahash,1024,iter-density-quarter,micro,7,278.889539
string24,ahash,1024,iter-density-quarter,baseline,7,254.637877
string24,ahash,1024,iter-density-quarter,lru,8,301.175096
string24,ahash,1024,iter-density-quarter,hashlink,8,294.579802
string24,ahash,1024,iter-density-quarter,micro,8,255.858275
string24,ahash,1024,iter-density-quarter,baseline,8,256.337500
string24,ahash,1024,iter-density-quarter,quick_cache,8,165.008481
string24,ahash,1024,iter-density-half,micro,0,261.997959
string24,ahash,1024,iter-density-half,baseline,0,489.445020
string24,ahash,1024,iter-density-half,quick_cache,0,195.805294
string24,ahash,1024,iter-density-half,lru,0,628.498368
string24,ahash,1024,iter-density-half,hashlink,0,610.221060
string24,ahash,1024,iter-density-half,baseline,1,486.328125
string24,ahash,1024,iter-density-half,quick_cache,1,195.504570
string24,ahash,1024,iter-density-half,lru,1,609.096304
string24,ahash,1024,iter-density-half,hashlink,1,606.649709
string24,ahash,1024,iter-density-half,micro,1,258.890366
string24,ahash,1024,iter-density-half,quick_cache,2,196.202870
string24,ahash,1024,iter-density-half,lru,2,637.327363
string24,ahash,1024,iter-density-half,hashlink,2,616.387795
string24,ahash,1024,iter-density-half,micro,2,258.546384
string24,ahash,1024,iter-density-half,baseline,2,486.975078
string24,ahash,1024,iter-density-half,lru,3,595.433222
string24,ahash,1024,iter-density-half,hashlink,3,632.696951
string24,ahash,1024,iter-density-half,micro,3,258.550723
string24,ahash,1024,iter-density-half,baseline,3,485.543575
string24,ahash,1024,iter-density-half,quick_cache,3,198.730662
string24,ahash,1024,iter-density-half,hashlink,4,625.234375
string24,ahash,1024,iter-density-half,micro,4,259.259277
string24,ahash,1024,iter-density-half,baseline,4,488.745117
string24,ahash,1024,iter-density-half,quick_cache,4,196.776730
string24,ahash,1024,iter-density-half,lru,4,611.261963
string24,ahash,1024,iter-density-half,micro,5,259.261401
string24,ahash,1024,iter-density-half,baseline,5,489.497949
string24,ahash,1024,iter-density-half,quick_cache,5,198.220334
string24,ahash,1024,iter-density-half,lru,5,639.684311
string24,ahash,1024,iter-density-half,hashlink,5,603.493002
string24,ahash,1024,iter-density-half,baseline,6,491.925511
string24,ahash,1024,iter-density-half,quick_cache,6,192.391221
string24,ahash,1024,iter-density-half,lru,6,595.502614
string24,ahash,1024,iter-density-half,hashlink,6,600.893918
string24,ahash,1024,iter-density-half,micro,6,254.308486
string24,ahash,1024,iter-density-half,quick_cache,7,196.630936
string24,ahash,1024,iter-density-half,lru,7,617.686635
string24,ahash,1024,iter-density-half,hashlink,7,602.273678
string24,ahash,1024,iter-density-half,micro,7,255.442402
string24,ahash,1024,iter-density-half,baseline,7,479.003345
string24,ahash,1024,iter-density-half,lru,8,603.265264
string24,ahash,1024,iter-density-half,hashlink,8,602.348798
string24,ahash,1024,iter-density-half,micro,8,254.001370
string24,ahash,1024,iter-density-half,baseline,8,482.719232
string24,ahash,1024,iter-density-half,quick_cache,8,197.467842
string24,ahash,1024,iter-front,micro,0,253.336457
string24,ahash,1024,iter-front,baseline,0,251.228798
string24,ahash,1024,iter-front,quick_cache,0,162.451826
string24,ahash,1024,iter-front,lru,0,1.179290
string24,ahash,1024,iter-front,hashlink,0,1.165332
string24,ahash,1024,iter-front,baseline,1,254.431301
string24,ahash,1024,iter-front,quick_cache,1,163.787107
string24,ahash,1024,iter-front,lru,1,1.211522
string24,ahash,1024,iter-front,hashlink,1,1.160425
string24,ahash,1024,iter-front,micro,1,260.070040
string24,ahash,1024,iter-front,quick_cache,2,162.637129
string24,ahash,1024,iter-front,lru,2,1.193131
string24,ahash,1024,iter-front,hashlink,2,1.151895
string24,ahash,1024,iter-front,micro,2,256.568144
string24,ahash,1024,iter-front,baseline,2,250.459085
string24,ahash,1024,iter-front,lru,3,1.213253
string24,ahash,1024,iter-front,hashlink,3,1.159107
string24,ahash,1024,iter-front,micro,3,260.024542
string24,ahash,1024,iter-front,baseline,3,250.871539
string24,ahash,1024,iter-front,quick_cache,3,163.109734
string24,ahash,1024,iter-front,hashlink,4,1.165106
string24,ahash,1024,iter-front,micro,4,260.601094
string24,ahash,1024,iter-front,baseline,4,292.085280
string24,ahash,1024,iter-front,quick_cache,4,173.197259
string24,ahash,1024,iter-front,lru,4,1.227107
string24,ahash,1024,iter-front,micro,5,255.544526
string24,ahash,1024,iter-front,baseline,5,254.441870
string24,ahash,1024,iter-front,quick_cache,5,165.053821
string24,ahash,1024,iter-front,lru,5,1.138666
string24,ahash,1024,iter-front,hashlink,5,1.125388
string24,ahash,1024,iter-front,baseline,6,240.091350
string24,ahash,1024,iter-front,quick_cache,6,163.713449
string24,ahash,1024,iter-front,lru,6,1.185104
string24,ahash,1024,iter-front,hashlink,6,1.158557
string24,ahash,1024,iter-front,micro,6,254.204776
string24,ahash,1024,iter-front,quick_cache,7,162.670981
string24,ahash,1024,iter-front,lru,7,1.177619
string24,ahash,1024,iter-front,hashlink,7,1.154577
string24,ahash,1024,iter-front,micro,7,252.564166
string24,ahash,1024,iter-front,baseline,7,250.108350
string24,ahash,1024,iter-front,lru,8,1.177548
string24,ahash,1024,iter-front,hashlink,8,1.158497
string24,ahash,1024,iter-front,micro,8,254.495776
string24,ahash,1024,iter-front,baseline,8,249.262759
string24,ahash,1024,iter-front,quick_cache,8,162.508673
string24,ahash,1024,iter-back,micro,0,251.511455
string24,ahash,1024,iter-back,baseline,0,250.000000
string24,ahash,1024,iter-back,quick_cache,0,167.220922
string24,ahash,1024,iter-back,lru,0,1.194572
string24,ahash,1024,iter-back,hashlink,0,1.154218
string24,ahash,1024,iter-back,baseline,1,255.335989
string24,ahash,1024,iter-back,quick_cache,1,162.896029
string24,ahash,1024,iter-back,lru,1,1.174794
string24,ahash,1024,iter-back,hashlink,1,1.154159
string24,ahash,1024,iter-back,micro,1,256.009615
string24,ahash,1024,iter-back,quick_cache,2,165.034616
string24,ahash,1024,iter-back,lru,2,1.218200
string24,ahash,1024,iter-back,hashlink,2,1.153750
string24,ahash,1024,iter-back,micro,2,252.398337
string24,ahash,1024,iter-back,baseline,2,250.187500
string24,ahash,1024,iter-back,lru,3,1.171685
string24,ahash,1024,iter-back,hashlink,3,1.151038
string24,ahash,1024,iter-back,micro,3,252.856998
string24,ahash,1024,iter-back,baseline,3,254.642152
string24,ahash,1024,iter-back,quick_cache,3,165.345271
string24,ahash,1024,iter-back,hashlink,4,1.150411
string24,ahash,1024,iter-back,micro,4,256.322592
string24,ahash,1024,iter-back,baseline,4,251.859803
string24,ahash,1024,iter-back,quick_cache,4,163.445509
string24,ahash,1024,iter-back,lru,4,1.179984
string24,ahash,1024,iter-back,micro,5,254.242886
string24,ahash,1024,iter-back,baseline,5,250.854835
string24,ahash,1024,iter-back,quick_cache,5,164.564145
string24,ahash,1024,iter-back,lru,5,1.224041
string24,ahash,1024,iter-back,hashlink,5,1.189987
string24,ahash,1024,iter-back,baseline,6,254.497913
string24,ahash,1024,iter-back,quick_cache,6,164.046104
string24,ahash,1024,iter-back,lru,6,1.177716
string24,ahash,1024,iter-back,hashlink,6,1.150657
string24,ahash,1024,iter-back,micro,6,256.137480
string24,ahash,1024,iter-back,quick_cache,7,167.513766
string24,ahash,1024,iter-back,lru,7,1.173136
string24,ahash,1024,iter-back,hashlink,7,1.155995
string24,ahash,1024,iter-back,micro,7,256.843955
string24,ahash,1024,iter-back,baseline,7,250.343750
string24,ahash,1024,iter-back,lru,8,1.168486
string24,ahash,1024,iter-back,hashlink,8,1.152507
string24,ahash,1024,iter-back,micro,8,254.718445
string24,ahash,1024,iter-back,baseline,8,254.274644
string24,ahash,1024,iter-back,quick_cache,8,163.593979
string24,ahash,1024,iter-empty,micro,0,0.926371
string24,ahash,1024,iter-empty,baseline,0,254.830822
string24,ahash,1024,iter-empty,quick_cache,0,162.919108
string24,ahash,1024,iter-empty,lru,0,0.983700
string24,ahash,1024,iter-empty,hashlink,0,0.996067
string24,ahash,1024,iter-empty,baseline,1,253.804789
string24,ahash,1024,iter-empty,quick_cache,1,165.156976
string24,ahash,1024,iter-empty,lru,1,0.988649
string24,ahash,1024,iter-empty,hashlink,1,1.001506
string24,ahash,1024,iter-empty,micro,1,0.912745
string24,ahash,1024,iter-empty,quick_cache,2,164.417127
string24,ahash,1024,iter-empty,lru,2,0.987175
string24,ahash,1024,iter-empty,hashlink,2,0.996016
string24,ahash,1024,iter-empty,micro,2,0.914920
string24,ahash,1024,iter-empty,baseline,2,256.807625
string24,ahash,1024,iter-empty,lru,3,0.982037
string24,ahash,1024,iter-empty,hashlink,3,0.995559
string24,ahash,1024,iter-empty,micro,3,0.915215
string24,ahash,1024,iter-empty,baseline,3,254.217480
string24,ahash,1024,iter-empty,quick_cache,3,162.300720
string24,ahash,1024,iter-empty,hashlink,4,0.997262
string24,ahash,1024,iter-empty,micro,4,0.915912
string24,ahash,1024,iter-empty,baseline,4,265.013665
string24,ahash,1024,iter-empty,quick_cache,4,163.505426
string24,ahash,1024,iter-empty,lru,4,0.983874
string24,ahash,1024,iter-empty,micro,5,0.912937
string24,ahash,1024,iter-empty,baseline,5,255.208350
string24,ahash,1024,iter-empty,quick_cache,5,162.791602
string24,ahash,1024,iter-empty,lru,5,0.982179
string24,ahash,1024,iter-empty,hashlink,5,0.994077
string24,ahash,1024,iter-empty,baseline,6,254.995922
string24,ahash,1024,iter-empty,quick_cache,6,163.519057
string24,ahash,1024,iter-empty,lru,6,0.985332
string24,ahash,1024,iter-empty,hashlink,6,0.997841
string24,ahash,1024,iter-empty,micro,6,0.914326
string24,ahash,1024,iter-empty,quick_cache,7,167.010250
string24,ahash,1024,iter-empty,lru,7,1.017498
string24,ahash,1024,iter-empty,hashlink,7,0.971619
string24,ahash,1024,iter-empty,micro,7,0.909647
string24,ahash,1024,iter-empty,baseline,7,253.334329
string24,ahash,1024,iter-empty,lru,8,0.978183
string24,ahash,1024,iter-empty,hashlink,8,0.989701
string24,ahash,1024,iter-empty,micro,8,0.914021
string24,ahash,1024,iter-empty,baseline,8,254.665411
string24,ahash,1024,iter-empty,quick_cache,8,162.002105
string24,ahash,1024,iter-count,micro,0,0.394446
string24,ahash,1024,iter-count,baseline,0,253.778996
string24,ahash,1024,iter-count,quick_cache,0,473.218099
string24,ahash,1024,iter-count,lru,0,0.394259
string24,ahash,1024,iter-count,hashlink,0,0.393061
string24,ahash,1024,iter-count,baseline,1,254.844765
string24,ahash,1024,iter-count,quick_cache,1,469.300316
string24,ahash,1024,iter-count,lru,1,0.391384
string24,ahash,1024,iter-count,hashlink,1,0.393251
string24,ahash,1024,iter-count,micro,1,0.402093
string24,ahash,1024,iter-count,quick_cache,2,482.644245
string24,ahash,1024,iter-count,lru,2,0.397157
string24,ahash,1024,iter-count,hashlink,2,0.394379
string24,ahash,1024,iter-count,micro,2,0.398714
string24,ahash,1024,iter-count,baseline,2,260.900573
string24,ahash,1024,iter-count,lru,3,0.391359
string24,ahash,1024,iter-count,hashlink,3,0.394085
string24,ahash,1024,iter-count,micro,3,0.398272
string24,ahash,1024,iter-count,baseline,3,258.724815
string24,ahash,1024,iter-count,quick_cache,3,468.780971
string24,ahash,1024,iter-count,hashlink,4,0.390246
string24,ahash,1024,iter-count,micro,4,0.395498
string24,ahash,1024,iter-count,baseline,4,251.421024
string24,ahash,1024,iter-count,quick_cache,4,468.374163
string24,ahash,1024,iter-count,lru,4,0.397009
string24,ahash,1024,iter-count,micro,5,0.402610
string24,ahash,1024,iter-count,baseline,5,254.745384
string24,ahash,1024,iter-count,quick_cache,5,476.383861
string24,ahash,1024,iter-count,lru,5,0.399509
string24,ahash,1024,iter-count,hashlink,5,0.392710
string24,ahash,1024,iter-count,baseline,6,253.796317
string24,ahash,1024,iter-count,quick_cache,6,492.293359
string24,ahash,1024,iter-count,lru,6,0.392650
string24,ahash,1024,iter-count,hashlink,6,0.395817
string24,ahash,1024,iter-count,micro,6,0.404159
string24,ahash,1024,iter-count,quick_cache,7,491.996289
string24,ahash,1024,iter-count,lru,7,0.394375
string24,ahash,1024,iter-count,hashlink,7,0.397262
string24,ahash,1024,iter-count,micro,7,0.404922
string24,ahash,1024,iter-count,baseline,7,254.481179
string24,ahash,1024,iter-count,lru,8,0.395176
string24,ahash,1024,iter-count,hashlink,8,0.407349
string24,ahash,1024,iter-count,micro,8,0.406723
string24,ahash,1024,iter-count,baseline,8,260.581615
string24,ahash,1024,iter-count,quick_cache,8,476.653773
string24,ahash,16384,iter-dense,micro,0,6051.182692
string24,ahash,16384,iter-dense,baseline,0,6121.645433
string24,ahash,16384,iter-dense,quick_cache,0,7005.377717
string24,ahash,16384,iter-dense,lru,0,25789.062500
string24,ahash,16384,iter-dense,hashlink,0,25514.508929
string24,ahash,16384,iter-dense,baseline,1,5973.331019
string24,ahash,16384,iter-dense,quick_cache,1,6852.127717
string24,ahash,16384,iter-dense,lru,1,24719.678571
string24,ahash,16384,iter-dense,hashlink,1,23171.504464
string24,ahash,16384,iter-dense,micro,1,6357.656250
string24,ahash,16384,iter-dense,quick_cache,2,6929.631793
string24,ahash,16384,iter-dense,lru,2,26045.383929
string24,ahash,16384,iter-dense,hashlink,2,23588.169643
string24,ahash,16384,iter-dense,micro,2,6283.228750
string24,ahash,16384,iter-dense,baseline,2,6428.750000
string24,ahash,16384,iter-dense,lru,3,25109.933036
string24,ahash,16384,iter-dense,hashlink,3,24723.214286
string24,ahash,16384,iter-dense,micro,3,7339.901989
string24,ahash,16384,iter-dense,baseline,3,6030.399038
string24,ahash,16384,iter-dense,quick_cache,3,7176.433239
string24,ahash,16384,iter-dense,hashlink,4,25098.214286
string24,ahash,16384,iter-dense,micro,4,6314.791250
string24,ahash,16384,iter-dense,baseline,4,6442.343750
string24,ahash,16384,iter-dense,quick_cache,4,6898.324728
string24,ahash,16384,iter-dense,lru,4,25971.169643
string24,ahash,16384,iter-dense,micro,5,6175.631010
string24,ahash,16384,iter-dense,baseline,5,6091.596154
string24,ahash,16384,iter-dense,quick_cache,5,7030.513587
string24,ahash,16384,iter-dense,lru,5,25630.580357
string24,ahash,16384,iter-dense,hashlink,5,26125.218750
string24,ahash,16384,iter-dense,baseline,6,6282.343750
string24,ahash,16384,iter-dense,quick_cache,6,7027.910326
string24,ahash,16384,iter-dense,lru,6,24024.553571
string24,ahash,16384,iter-dense,hashlink,6,25082.589286
string24,ahash,16384,iter-dense,micro,6,6398.125000
string24,ahash,16384,iter-dense,quick_cache,7,6942.595109
string24,ahash,16384,iter-dense,lru,7,23983.441964
string24,ahash,16384,iter-dense,hashlink,7,25857.325893
string24,ahash,16384,iter-dense,micro,7,6271.978750
string24,ahash,16384,iter-dense,baseline,7,6391.666250
string24,ahash,16384,iter-dense,lru,8,24244.044643
string24,ahash,16384,iter-dense,hashlink,8,25156.625000
string24,ahash,16384,iter-dense,micro,8,6297.343750
string24,ahash,16384,iter-dense,baseline,8,6318.542500
string24,ahash,16384,iter-dense,quick_cache,8,7000.792120
string24,ahash,16384,iter-dense-for,micro,0,6098.508413
string24,ahash,16384,iter-dense-for,baseline,0,6140.575721
string24,ahash,16384,iter-dense-for,quick_cache,0,7948.568750
string24,ahash,16384,iter-dense-for,lru,0,25460.008929
string24,ahash,16384,iter-dense-for,hashlink,0,21144.859375
string24,ahash,16384,iter-dense-for,baseline,1,6036.408654
string24,ahash,16384,iter-dense-for,quick_cache,1,8655.975329
string24,ahash,16384,iter-dense-for,lru,1,25136.160714
string24,ahash,16384,iter-dense-for,hashlink,1,21905.437500
string24,ahash,16384,iter-dense-for,micro,1,6116.736779
string24,ahash,16384,iter-dense-for,quick_cache,2,8192.382812
string24,ahash,16384,iter-dense-for,lru,2,22714.285714
string24,ahash,16384,iter-dense-for,hashlink,2,19917.320312
string24,ahash,16384,iter-dense-for,micro,2,6056.941106
string24,ahash,16384,iter-dense-for,baseline,2,6106.971154
string24,ahash,16384,iter-dense-for,lru,3,25094.866071
string24,ahash,16384,iter-dense-for,hashlink,3,20365.558594
string24,ahash,16384,iter-dense-for,micro,3,6048.777644
string24,ahash,16384,iter-dense-for,baseline,3,6057.192308
string24,ahash,16384,iter-dense-for,quick_cache,3,8075.456250
string24,ahash,16384,iter-dense-for,hashlink,4,27191.187500
string24,ahash,16384,iter-dense-for,micro,4,6137.469952
string24,ahash,16384,iter-dense-for,baseline,4,6066.406250
string24,ahash,16384,iter-dense-for,quick_cache,4,8054.557813
string24,ahash,16384,iter-dense-for,lru,4,20580.402344
string24,ahash,16384,iter-dense-for,micro,5,5867.766204
string24,ahash,16384,iter-dense-for,baseline,5,5967.929398
string24,ahash,16384,iter-dense-for,quick_cache,5,7988.151563
string24,ahash,16384,iter-dense-for,lru,5,24201.450893
string24,ahash,16384,iter-dense-for,hashlink,5,19674.480469
string24,ahash,16384,iter-dense-for,baseline,6,6058.743990
string24,ahash,16384,iter-dense-for,quick_cache,6,8037.045313
string24,ahash,16384,iter-dense-for,lru,6,23232.330357
string24,ahash,16384,iter-dense-for,hashlink,6,19006.368056
string24,ahash,16384,iter-dense-for,micro,6,6037.811298
string24,ahash,16384,iter-dense-for,quick_cache,7,8022.265625
string24,ahash,16384,iter-dense-for,lru,7,23349.142857
string24,ahash,16384,iter-dense-for,hashlink,7,19240.017361
string24,ahash,16384,iter-dense-for,micro,7,6012.669471
string24,ahash,16384,iter-dense-for,baseline,7,6017.527644
string24,ahash,16384,iter-dense-for,lru,8,23127.232143
string24,ahash,16384,iter-dense-for,hashlink,8,20485.351562
string24,ahash,16384,iter-dense-for,micro,8,6000.530093
string24,ahash,16384,iter-dense-for,baseline,8,6070.763221
string24,ahash,16384,iter-dense-for,quick_cache,8,8229.851974
string24,ahash,16384,iter-density-1pct,micro,0,6372.240000
string24,ahash,16384,iter-density-1pct,baseline,0,6284.011250
string24,ahash,16384,iter-density-1pct,quick_cache,0,6675.998698
string24,ahash,16384,iter-density-1pct,lru,0,173.920085
string24,ahash,16384,iter-density-1pct,hashlink,0,176.993382
string24,ahash,16384,iter-density-1pct,baseline,1,6206.730769
string24,ahash,16384,iter-density-1pct,quick_cache,1,6777.018229
string24,ahash,16384,iter-density-1pct,lru,1,173.741319
string24,ahash,16384,iter-density-1pct,hashlink,1,174.168882
string24,ahash,16384,iter-density-1pct,micro,1,6290.730000
string24,ahash,16384,iter-density-1pct,quick_cache,2,6699.002604
string24,ahash,16384,iter-density-1pct,lru,2,176.174676
string24,ahash,16384,iter-density-1pct,hashlink,2,174.049972
string24,ahash,16384,iter-density-1pct,micro,2,6203.975962
string24,ahash,16384,iter-density-1pct,baseline,2,6402.552500
string24,ahash,16384,iter-density-1pct,lru,3,173.838988
string24,ahash,16384,iter-density-1pct,hashlink,3,174.974909
string24,ahash,16384,iter-density-1pct,micro,3,6394.115000
string24,ahash,16384,iter-density-1pct,baseline,3,6474.322500
string24,ahash,16384,iter-density-1pct,quick_cache,3,6679.036458
string24,ahash,16384,iter-density-1pct,hashlink,4,175.241136
string24,ahash,16384,iter-density-1pct,micro,4,6280.261250
string24,ahash,16384,iter-density-1pct,baseline,4,6304.375000
string24,ahash,16384,iter-density-1pct,quick_cache,4,6866.960598
string24,ahash,16384,iter-density-1pct,lru,4,173.876634
string24,ahash,16384,iter-density-1pct,micro,5,6370.781250
string24,ahash,16384,iter-density-1pct,baseline,5,6458.855000
string24,ahash,16384,iter-density-1pct,quick_cache,5,6754.069010
string24,ahash,16384,iter-density-1pct,lru,5,179.312715
string24,ahash,16384,iter-density-1pct,hashlink,5,179.642601
string24,ahash,16384,iter-density-1pct,baseline,6,6334.218750
string24,ahash,16384,iter-density-1pct,quick_cache,6,6703.233073
string24,ahash,16384,iter-density-1pct,lru,6,172.981195
string24,ahash,16384,iter-density-1pct,hashlink,6,177.488295
string24,ahash,16384,iter-density-1pct,micro,6,6558.756510
string24,ahash,16384,iter-density-1pct,quick_cache,7,6758.951823
string24,ahash,16384,iter-density-1pct,lru,7,181.994579
string24,ahash,16384,iter-density-1pct,hashlink,7,178.114038
string24,ahash,16384,iter-density-1pct,micro,7,6504.010000
string24,ahash,16384,iter-density-1pct,baseline,7,6391.613750
string24,ahash,16384,iter-density-1pct,lru,8,181.594512
string24,ahash,16384,iter-density-1pct,hashlink,8,174.505301
string24,ahash,16384,iter-density-1pct,micro,8,6446.822500
string24,ahash,16384,iter-density-1pct,baseline,8,6546.984375
string24,ahash,16384,iter-density-1pct,quick_cache,8,7018.172554
string24,ahash,16384,iter-density-6pct,micro,0,5697.916295
string24,ahash,16384,iter-density-6pct,baseline,0,5627.279018
string24,ahash,16384,iter-density-6pct,quick_cache,0,6306.302500
string24,ahash,16384,iter-density-6pct,lru,0,1290.097592
string24,ahash,16384,iter-density-6pct,hashlink,0,1294.206353
string24,ahash,16384,iter-density-6pct,baseline,1,5371.266667
string24,ahash,16384,iter-density-6pct,quick_cache,1,6646.266927
string24,ahash,16384,iter-density-6pct,lru,1,1282.466701
string24,ahash,16384,iter-density-6pct,hashlink,1,1239.368110
string24,ahash,16384,iter-density-6pct,micro,1,5325.304167
string24,ahash,16384,iter-density-6pct,quick_cache,2,6577.040365
string24,ahash,16384,iter-density-6pct,lru,2,1263.304435
string24,ahash,16384,iter-density-6pct,hashlink,2,1274.019563
string24,ahash,16384,iter-density-6pct,micro,2,5404.185345
string24,ahash,16384,iter-density-6pct,baseline,2,5373.828125
string24,ahash,16384,iter-density-6pct,lru,3,1267.567792
string24,ahash,16384,iter-density-6pct,hashlink,3,1326.469809
string24,ahash,16384,iter-density-6pct,micro,3,5220.877083
string24,ahash,16384,iter-density-6pct,baseline,3,5523.976293
string24,ahash,16384,iter-density-6pct,quick_cache,3,6319.843750
string24,ahash,16384,iter-density-6pct,hashlink,4,1255.229000
string24,ahash,16384,iter-density-6pct,micro,4,5448.230603
string24,ahash,16384,iter-density-6pct,baseline,4,5422.772629
string24,ahash,16384,iter-density-6pct,quick_cache,4,6531.683594
string24,ahash,16384,iter-density-6pct,lru,4,1342.202991
string24,ahash,16384,iter-density-6pct,micro,5,5468.031250
string24,ahash,16384,iter-density-6pct,baseline,5,5547.908405
string24,ahash,16384,iter-density-6pct,quick_cache,5,6716.253906
string24,ahash,16384,iter-density-6pct,lru,5,1281.858350
string24,ahash,16384,iter-density-6pct,hashlink,5,1281.292520
string24,ahash,16384,iter-density-6pct,baseline,6,5454.741379
string24,ahash,16384,iter-density-6pct,quick_cache,6,6598.197917
string24,ahash,16384,iter-density-6pct,lru,6,1294.787190
string24,ahash,16384,iter-density-6pct,hashlink,6,1283.160348
string24,ahash,16384,iter-density-6pct,micro,6,5482.849138
string24,ahash,16384,iter-density-6pct,quick_cache,7,6569.552083
string24,ahash,16384,iter-density-6pct,lru,7,1279.672764
string24,ahash,16384,iter-density-6pct,hashlink,7,1353.773707
string24,ahash,16384,iter-density-6pct,micro,7,5910.253472
string24,ahash,16384,iter-density-6pct,baseline,7,6446.250000
string24,ahash,16384,iter-density-6pct,lru,8,2236.607143
string24,ahash,16384,iter-density-6pct,hashlink,8,1390.417588
string24,ahash,16384,iter-density-6pct,micro,8,5781.900670
string24,ahash,16384,iter-density-6pct,baseline,8,5715.262277
string24,ahash,16384,iter-density-6pct,quick_cache,8,6766.548177
string24,ahash,16384,iter-density-quarter,micro,0,6022.134615
string24,ahash,16384,iter-density-quarter,baseline,0,6160.306490
string24,ahash,16384,iter-density-quarter,quick_cache,0,7047.044837
string24,ahash,16384,iter-density-quarter,lru,0,11385.229911
string24,ahash,16384,iter-density-quarter,hashlink,0,10500.868750
string24,ahash,16384,iter-density-quarter,baseline,1,6031.550481
string24,ahash,16384,iter-density-quarter,quick_cache,1,6829.710598
string24,ahash,16384,iter-density-quarter,lru,1,11614.303571
string24,ahash,16384,iter-density-quarter,hashlink,1,9706.648897
string24,ahash,16384,iter-density-quarter,micro,1,5844.520833
string24,ahash,16384,iter-density-quarter,quick_cache,2,6859.997283
string24,ahash,16384,iter-density-quarter,lru,2,11344.866071
string24,ahash,16384,iter-density-quarter,hashlink,2,9499.770221
string24,ahash,16384,iter-density-quarter,micro,2,5896.459491
string24,ahash,16384,iter-density-quarter,baseline,2,5932.195602
string24,ahash,16384,iter-density-quarter,lru,3,11497.953125
string24,ahash,16384,iter-density-quarter,hashlink,3,9330.727941
string24,ahash,16384,iter-density-quarter,micro,3,5875.434028
string24,ahash,16384,iter-density-quarter,baseline,3,5865.451389
string24,ahash,16384,iter-density-quarter,quick_cache,3,6830.332880
string24,ahash,16384,iter-density-quarter,hashlink,4,10309.650391
string24,ahash,16384,iter-density-quarter,micro,4,5912.229167
string24,ahash,16384,iter-density-quarter,baseline,4,5877.363426
string24,ahash,16384,iter-density-quarter,quick_cache,4,6808.536685
string24,ahash,16384,iter-density-quarter,lru,4,10735.850000
string24,ahash,16384,iter-density-quarter,micro,5,5891.975694
string24,ahash,16384,iter-density-quarter,baseline,5,5955.584491
string24,ahash,16384,iter-density-quarter,quick_cache,5,6820.085598
string24,ahash,16384,iter-density-quarter,lru,5,11685.176339
string24,ahash,16384,iter-density-quarter,hashlink,5,9395.987132
string24,ahash,16384,iter-density-quarter,baseline,6,5821.952546
string24,ahash,16384,iter-density-quarter,quick_cache,6,6782.932292
string24,ahash,16384,iter-density-quarter,lru,6,11558.500000
string24,ahash,16384,iter-density-quarter,hashlink,6,9387.255515
string24,ahash,16384,iter-density-quarter,micro,6,5891.975694
string24,ahash,16384,iter-density-quarter,quick_cache,7,6837.521739
string24,ahash,16384,iter-density-quarter,lru,7,11161.921875
string24,ahash,16384,iter-density-quarter,hashlink,7,9545.803309
string24,ahash,16384,iter-density-quarter,micro,7,5835.888889
string24,ahash,16384,iter-density-quarter,baseline,7,5921.296296
string24,ahash,16384,iter-density-quarter,lru,8,11765.160714
string24,ahash,16384,iter-density-quarter,hashlink,8,9947.671875
string24,ahash,16384,iter-density-quarter,micro,8,5768.415179
string24,ahash,16384,iter-density-quarter,baseline,8,5794.946759
string24,ahash,16384,iter-density-quarter,quick_cache,8,6737.902344
string24,ahash,16384,iter-density-half,micro,0,5886.622685
string24,ahash,16384,iter-density-half,baseline,0,7946.614062
string24,ahash,16384,iter-density-half,quick_cache,0,6879.020380
string24,ahash,16384,iter-density-half,lru,0,14799.360795
string24,ahash,16384,iter-density-half,hashlink,0,17354.037500
string24,ahash,16384,iter-density-half,baseline,1,7941.601562
string24,ahash,16384,iter-density-half,quick_cache,1,6859.432065
string24,ahash,16384,iter-density-half,lru,1,16374.350000
string24,ahash,16384,iter-density-half,hashlink,1,17357.290625
string24,ahash,16384,iter-density-half,micro,1,5914.930556
string24,ahash,16384,iter-density-half,quick_cache,2,6832.088315
string24,ahash,16384,iter-density-half,lru,2,15218.750000
string24,ahash,16384,iter-density-half,hashlink,2,17334.765625
string24,ahash,16384,iter-density-half,micro,2,5896.267361
string24,ahash,16384,iter-density-half,baseline,2,7972.785937
string24,ahash,16384,iter-density-half,lru,3,16243.750000
string24,ahash,16384,iter-density-half,hashlink,3,16769.793750
string24,ahash,16384,iter-density-half,micro,3,5906.056713
string24,ahash,16384,iter-density-half,baseline,3,7918.685938
string24,ahash,16384,iter-density-half,quick_cache,3,6928.441576
string24,ahash,16384,iter-density-half,hashlink,4,15338.068182
string24,ahash,16384,iter-density-half,micro,4,5843.797454
string24,ahash,16384,iter-density-half,baseline,4,7909.635938
string24,ahash,16384,iter-density-half,quick_cache,4,6754.069010
string24,ahash,16384,iter-density-half,lru,4,14515.389205
string24,ahash,16384,iter-density-half,micro,5,6113.782452
string24,ahash,16384,iter-density-half,baseline,5,7988.281250
string24,ahash,16384,iter-density-half,quick_cache,5,7041.949728
string24,ahash,16384,iter-density-half,lru,5,17333.071875
string24,ahash,16384,iter-density-half,hashlink,5,14472.539773
string24,ahash,16384,iter-density-half,baseline,6,7965.493750
string24,ahash,16384,iter-density-half,quick_cache,6,6782.171875
string24,ahash,16384,iter-density-half,lru,6,16530.337500
string24,ahash,16384,iter-density-half,hashlink,6,15204.190341
string24,ahash,16384,iter-density-half,micro,6,6105.769231
string24,ahash,16384,iter-density-half,quick_cache,7,6927.479620
string24,ahash,16384,iter-density-half,lru,7,16566.275000
string24,ahash,16384,iter-density-half,hashlink,7,14165.039062
string24,ahash,16384,iter-density-half,micro,7,6081.280048
string24,ahash,16384,iter-density-half,baseline,7,8011.718750
string24,ahash,16384,iter-density-half,lru,8,16818.750000
string24,ahash,16384,iter-density-half,hashlink,8,14432.528409
string24,ahash,16384,iter-density-half,micro,8,6074.368990
string24,ahash,16384,iter-density-half,baseline,8,7983.984375
string24,ahash,16384,iter-density-half,quick_cache,8,6735.622396
string24,ahash,16384,iter-front,micro,0,5561.511853
string24,ahash,16384,iter-front,baseline,0,5620.722098
string24,ahash,16384,iter-front,quick_cache,0,6517.656250
string24,ahash,16384,iter-front,lru,0,1.186544
string24,ahash,16384,iter-front,hashlink,0,1.161097
string24,ahash,16384,iter-front,baseline,1,5492.636853
string24,ahash,16384,iter-front,quick_cache,1,6733.615885
string24,ahash,16384,iter-front,lru,1,1.181215
string24,ahash,16384,iter-front,hashlink,1,1.157922
string24,ahash,16384,iter-front,micro,1,5655.133929
string24,ahash,16384,iter-front,quick_cache,2,6692.437500
string24,ahash,16384,iter-front,lru,2,1.174971
string24,ahash,16384,iter-front,hashlink,2,1.154167
string24,ahash,16384,iter-front,micro,2,5665.410714
string24,ahash,16384,iter-front,baseline,2,5547.413793
string24,ahash,16384,iter-front,lru,3,1.190449
string24,ahash,16384,iter-front,hashlink,3,1.170140
string24,ahash,16384,iter-front,micro,3,5522.585129
string24,ahash,16384,iter-front,baseline,3,5471.130388
string24,ahash,16384,iter-front,quick_cache,3,6683.105469
string24,ahash,16384,iter-front,hashlink,4,1.154287
string24,ahash,16384,iter-front,micro,4,5383.637500
string24,ahash,16384,iter-front,baseline,4,5620.629464
string24,ahash,16384,iter-front,quick_cache,4,6721.625000
string24,ahash,16384,iter-front,lru,4,1.177255
string24,ahash,16384,iter-front,micro,5,5479.885776
string24,ahash,16384,iter-front,baseline,5,5225.000000
string24,ahash,16384,iter-front,quick_cache,5,6984.544837
string24,ahash,16384,iter-front,lru,5,1.227666
string24,ahash,16384,iter-front,hashlink,5,1.200464
string24,ahash,16384,iter-front,baseline,6,6150.040865
string24,ahash,16384,iter-front,quick_cache,6,6874.830163
string24,ahash,16384,iter-front,lru,6,1.184161
string24,ahash,16384,iter-front,hashlink,6,1.183757
string24,ahash,16384,iter-front,micro,6,5765.532366
string24,ahash,16384,iter-front,quick_cache,7,6986.752717
string24,ahash,16384,iter-front,lru,7,1.200353
string24,ahash,16384,iter-front,hashlink,7,1.153767
string24,ahash,16384,iter-front,micro,7,5725.957589
string24,ahash,16384,iter-front,baseline,7,5394.307112
string24,ahash,16384,iter-front,lru,8,1.189099
string24,ahash,16384,iter-front,hashlink,8,1.184017
string24,ahash,16384,iter-front,micro,8,5772.136161
string24,ahash,16384,iter-front,baseline,8,5393.272917
string24,ahash,16384,iter-front,quick_cache,8,6878.623641
string24,ahash,16384,iter-back,micro,0,5641.555804
string24,ahash,16384,iter-back,baseline,0,5605.143973
string24,ahash,16384,iter-back,quick_cache,0,6728.678385
string24,ahash,16384,iter-back,lru,0,1.156148
string24,ahash,16384,iter-back,hashlink,0,1.148998
string24,ahash,16384,iter-back,baseline,1,5520.429957
string24,ahash,16384,iter-back,quick_cache,1,6515.354167
string24,ahash,16384,iter-back,lru,1,1.157330
string24,ahash,16384,iter-back,hashlink,1,1.157099
string24,ahash,16384,iter-back,micro,1,5314.931250
string24,ahash,16384,iter-back,quick_cache,2,6772.570312
string24,ahash,16384,iter-back,lru,2,1.188385
string24,ahash,16384,iter-back,hashlink,2,1.162998
string24,ahash,16384,iter-back,micro,2,5583.007812
string24,ahash,16384,iter-back,baseline,2,5433.099138
string24,ahash,16384,iter-back,lru,3,1.189905
string24,ahash,16384,iter-back,hashlink,3,1.173436
string24,ahash,16384,iter-back,micro,3,5536.412716
string24,ahash,16384,iter-back,baseline,3,5882.908565
string24,ahash,16384,iter-back,quick_cache,3,7124.586648
string24,ahash,16384,iter-back,hashlink,4,1.165436
string24,ahash,16384,iter-back,micro,4,5349.218750
string24,ahash,16384,iter-back,baseline,4,5382.682292
string24,ahash,16384,iter-back,quick_cache,4,6804.573370
string24,ahash,16384,iter-back,lru,4,1.180386
string24,ahash,16384,iter-back,micro,5,5663.179688
string24,ahash,16384,iter-back,baseline,5,5389.591595
string24,ahash,16384,iter-back,quick_cache,5,6708.658854
string24,ahash,16384,iter-back,lru,5,1.199349
string24,ahash,16384,iter-back,hashlink,5,1.159236
string24,ahash,16384,iter-back,baseline,6,5394.621767
string24,ahash,16384,iter-back,quick_cache,6,6781.304688
string24,ahash,16384,iter-back,lru,6,1.191875
string24,ahash,16384,iter-back,hashlink,6,1.160020
string24,ahash,16384,iter-back,micro,6,5427.532328
string24,ahash,16384,iter-back,quick_cache,7,6663.464844
string24,ahash,16384,iter-back,lru,7,1.188629
string24,ahash,16384,iter-back,hashlink,7,1.182404
string24,ahash,16384,iter-back,micro,7,5496.587284
string24,ahash,16384,iter-back,baseline,7,5557.740302
string24,ahash,16384,iter-back,lru,8,1.186129
string24,ahash,16384,iter-back,hashlink,8,1.287397
string24,ahash,16384,iter-back,micro,8,5528.915948
string24,ahash,16384,iter-back,baseline,8,5423.536638
string24,ahash,16384,iter-back,quick_cache,8,6760.036458
string24,ahash,16384,iter-empty,micro,0,0.938799
string24,ahash,16384,iter-empty,baseline,0,5587.426339
string24,ahash,16384,iter-empty,quick_cache,0,6729.654948
string24,ahash,16384,iter-empty,lru,0,0.981778
string24,ahash,16384,iter-empty,hashlink,0,0.994469
string24,ahash,16384,iter-empty,baseline,1,5695.033482
string24,ahash,16384,iter-empty,quick_cache,1,6820.934783
string24,ahash,16384,iter-empty,lru,1,0.991736
string24,ahash,16384,iter-empty,hashlink,1,0.993906
string24,ahash,16384,iter-empty,micro,1,0.916089
string24,ahash,16384,iter-empty,quick_cache,2,6677.843750
string24,ahash,16384,iter-empty,lru,2,0.977809
string24,ahash,16384,iter-empty,hashlink,2,0.989964
string24,ahash,16384,iter-empty,micro,2,0.916696
string24,ahash,16384,iter-empty,baseline,2,5454.471983
string24,ahash,16384,iter-empty,lru,3,0.978244
string24,ahash,16384,iter-empty,hashlink,3,0.996708
string24,ahash,16384,iter-empty,micro,3,0.921476
string24,ahash,16384,iter-empty,baseline,3,5340.494792
string24,ahash,16384,iter-empty,quick_cache,3,7427.734375
string24,ahash,16384,iter-empty,hashlink,4,0.993028
string24,ahash,16384,iter-empty,micro,4,0.935035
string24,ahash,16384,iter-empty,baseline,4,5337.195833
string24,ahash,16384,iter-empty,quick_cache,4,6626.682292
string24,ahash,16384,iter-empty,lru,4,0.985736
string24,ahash,16384,iter-empty,micro,5,0.913054
string24,ahash,16384,iter-empty,baseline,5,5472.925647
string24,ahash,16384,iter-empty,quick_cache,5,6775.281250
string24,ahash,16384,iter-empty,lru,5,0.990209
string24,ahash,16384,iter-empty,hashlink,5,0.992839
string24,ahash,16384,iter-empty,baseline,6,5611.003348
string24,ahash,16384,iter-empty,quick_cache,6,6946.841033
string24,ahash,16384,iter-empty,lru,6,1.004035
string24,ahash,16384,iter-empty,hashlink,6,1.010627
string24,ahash,16384,iter-empty,micro,6,0.917941
string24,ahash,16384,iter-empty,quick_cache,7,6987.658967
string24,ahash,16384,iter-empty,lru,7,0.982859
string24,ahash,16384,iter-empty,hashlink,7,0.991472
string24,ahash,16384,iter-empty,micro,7,0.915992
string24,ahash,16384,iter-empty,baseline,7,5504.714440
string24,ahash,16384,iter-empty,lru,8,0.982167
string24,ahash,16384,iter-empty,hashlink,8,1.007096
string24,ahash,16384,iter-empty,micro,8,0.911775
string24,ahash,16384,iter-empty,baseline,8,5521.866379
string24,ahash,16384,iter-empty,quick_cache,8,6738.335938
string24,ahash,16384,iter-count,micro,0,0.395730
string24,ahash,16384,iter-count,baseline,0,5743.123047
string24,ahash,16384,iter-count,quick_cache,0,7875.868490
string24,ahash,16384,iter-count,lru,0,0.399146
string24,ahash,16384,iter-count,hashlink,0,0.393632
string24,ahash,16384,iter-count,baseline,1,5609.252930
string24,ahash,16384,iter-count,quick_cache,1,8027.126302
string24,ahash,16384,iter-count,lru,1,0.393870
string24,ahash,16384,iter-count,hashlink,1,0.402859
string24,ahash,16384,iter-count,micro,1,0.395690
string24,ahash,16384,iter-count,quick_cache,2,8014.485677
string24,ahash,16384,iter-count,lru,2,0.395653
string24,ahash,16384,iter-count,hashlink,2,0.396864
string24,ahash,16384,iter-count,micro,2,0.403503
string24,ahash,16384,iter-count,baseline,2,5456.991211
string24,ahash,16384,iter-count,lru,3,0.386320
string24,ahash,16384,iter-count,hashlink,3,0.389286
string24,ahash,16384,iter-count,micro,3,0.394220
string24,ahash,16384,iter-count,baseline,3,5330.241211
string24,ahash,16384,iter-count,quick_cache,3,7795.898438
string24,ahash,16384,iter-count,hashlink,4,0.395514
string24,ahash,16384,iter-count,micro,4,0.397939
string24,ahash,16384,iter-count,baseline,4,5361.491211
string24,ahash,16384,iter-count,quick_cache,4,7853.135417
string24,ahash,16384,iter-count,lru,4,0.396159
string24,ahash,16384,iter-count,micro,5,0.403625
string24,ahash,16384,iter-count,baseline,5,5363.322266
string24,ahash,16384,iter-count,quick_cache,5,7888.725260
string24,ahash,16384,iter-count,lru,5,0.394912
string24,ahash,16384,iter-count,hashlink,5,0.393081
string24,ahash,16384,iter-count,baseline,6,5337.809570
string24,ahash,16384,iter-count,quick_cache,6,7905.436198
string24,ahash,16384,iter-count,lru,6,0.398597
string24,ahash,16384,iter-count,hashlink,6,0.394141
string24,ahash,16384,iter-count,micro,6,0.395042
string24,ahash,16384,iter-count,quick_cache,7,7840.440104
string24,ahash,16384,iter-count,lru,7,0.399620
string24,ahash,16384,iter-count,hashlink,7,0.399927
string24,ahash,16384,iter-count,micro,7,0.396218
string24,ahash,16384,iter-count,baseline,7,5438.924805
string24,ahash,16384,iter-count,lru,8,0.396151
string24,ahash,16384,iter-count,hashlink,8,0.394340
string24,ahash,16384,iter-count,micro,8,0.394499
string24,ahash,16384,iter-count,baseline,8,5526.245117
string24,ahash,16384,iter-count,quick_cache,8,7933.593750
string128,sip,128,iter-dense,micro,0,37.874023
string128,sip,128,iter-dense,baseline,0,37.865164
string128,sip,128,iter-dense,quick_cache,0,28.981251
string128,sip,128,iter-dense,lru,0,130.616254
string128,sip,128,iter-dense,hashlink,0,129.270291
string128,sip,128,iter-dense,baseline,1,38.405536
string128,sip,128,iter-dense,quick_cache,1,29.271142
string128,sip,128,iter-dense,lru,1,131.285212
string128,sip,128,iter-dense,hashlink,1,127.742468
string128,sip,128,iter-dense,micro,1,37.770803
string128,sip,128,iter-dense,quick_cache,2,28.981500
string128,sip,128,iter-dense,lru,2,141.696878
string128,sip,128,iter-dense,hashlink,2,130.345157
string128,sip,128,iter-dense,micro,2,37.294899
string128,sip,128,iter-dense,baseline,2,38.111982
string128,sip,128,iter-dense,lru,3,133.716932
string128,sip,128,iter-dense,hashlink,3,126.955752
string128,sip,128,iter-dense,micro,3,38.000122
string128,sip,128,iter-dense,baseline,3,38.207709
string128,sip,128,iter-dense,quick_cache,3,29.465438
string128,sip,128,iter-dense,hashlink,4,131.099701
string128,sip,128,iter-dense,micro,4,38.705769
string128,sip,128,iter-dense,baseline,4,38.080227
string128,sip,128,iter-dense,quick_cache,4,29.214234
string128,sip,128,iter-dense,lru,4,133.622676
string128,sip,128,iter-dense,micro,5,38.043787
string128,sip,128,iter-dense,baseline,5,39.043959
string128,sip,128,iter-dense,quick_cache,5,28.800377
string128,sip,128,iter-dense,lru,5,127.648801
string128,sip,128,iter-dense,hashlink,5,127.234413
string128,sip,128,iter-dense,baseline,6,36.595858
string128,sip,128,iter-dense,quick_cache,6,28.440116
string128,sip,128,iter-dense,lru,6,129.198941
string128,sip,128,iter-dense,hashlink,6,128.310807
string128,sip,128,iter-dense,micro,6,37.331776
string128,sip,128,iter-dense,quick_cache,7,29.184517
string128,sip,128,iter-dense,lru,7,131.337526
string128,sip,128,iter-dense,hashlink,7,133.898109
string128,sip,128,iter-dense,micro,7,38.243522
string128,sip,128,iter-dense,baseline,7,38.697158
string128,sip,128,iter-dense,lru,8,131.590436
string128,sip,128,iter-dense,hashlink,8,128.050983
string128,sip,128,iter-dense,micro,8,38.108403
string128,sip,128,iter-dense,baseline,8,38.347707
string128,sip,128,iter-dense,quick_cache,8,29.055248
string128,sip,128,iter-dense-for,micro,0,38.434833
string128,sip,128,iter-dense-for,baseline,0,38.315351
string128,sip,128,iter-dense-for,quick_cache,0,69.020774
string128,sip,128,iter-dense-for,lru,0,80.376865
string128,sip,128,iter-dense-for,hashlink,0,70.862854
string128,sip,128,iter-dense-for,baseline,1,37.883205
string128,sip,128,iter-dense-for,quick_cache,1,70.058620
string128,sip,128,iter-dense-for,lru,1,77.359870
string128,sip,128,iter-dense-for,hashlink,1,73.008509
string128,sip,128,iter-dense-for,micro,1,36.441632
string128,sip,128,iter-dense-for,quick_cache,2,65.773293
string128,sip,128,iter-dense-for,lru,2,78.325360
string128,sip,128,iter-dense-for,hashlink,2,68.324361
string128,sip,128,iter-dense-for,micro,2,36.877508
string128,sip,128,iter-dense-for,baseline,2,37.217753
string128,sip,128,iter-dense-for,lru,3,76.815878
string128,sip,128,iter-dense-for,hashlink,3,68.592584
string128,sip,128,iter-dense-for,micro,3,36.888360
string128,sip,128,iter-dense-for,baseline,3,37.286619
string128,sip,128,iter-dense-for,quick_cache,3,66.770010
string128,sip,128,iter-dense-for,hashlink,4,68.666589
string128,sip,128,iter-dense-for,micro,4,37.215274
string128,sip,128,iter-dense-for,baseline,4,37.178927
string128,sip,128,iter-dense-for,quick_cache,4,66.805392
string128,sip,128,iter-dense-for,lru,4,78.815762
string128,sip,128,iter-dense-for,micro,5,37.864535
string128,sip,128,iter-dense-for,baseline,5,37.395557
string128,sip,128,iter-dense-for,quick_cache,5,67.036894
string128,sip,128,iter-dense-for,lru,5,78.382272
string128,sip,128,iter-dense-for,hashlink,5,68.717252
string128,sip,128,iter-dense-for,baseline,6,37.104738
string128,sip,128,iter-dense-for,quick_cache,6,66.574350
string128,sip,128,iter-dense-for,lru,6,77.740858
string128,sip,128,iter-dense-for,hashlink,6,68.475775
string128,sip,128,iter-dense-for,micro,6,37.383186
string128,sip,128,iter-dense-for,quick_cache,7,66.937125
string128,sip,128,iter-dense-for,lru,7,76.651775
string128,sip,128,iter-dense-for,hashlink,7,68.741287
string128,sip,128,iter-dense-for,micro,7,37.312396
string128,sip,128,iter-dense-for,baseline,7,37.429828
string128,sip,128,iter-dense-for,lru,8,78.530025
string128,sip,128,iter-dense-for,hashlink,8,72.883264
string128,sip,128,iter-dense-for,micro,8,36.823435
string128,sip,128,iter-dense-for,baseline,8,37.297382
string128,sip,128,iter-dense-for,quick_cache,8,66.845661
string128,sip,128,iter-density-1pct,micro,0,32.310568
string128,sip,128,iter-density-1pct,baseline,0,36.628948
string128,sip,128,iter-density-1pct,quick_cache,0,26.471355
string128,sip,128,iter-density-1pct,lru,0,1.264650
string128,sip,128,iter-density-1pct,hashlink,0,1.277857
string128,sip,128,iter-density-1pct,baseline,1,37.390883
string128,sip,128,iter-density-1pct,quick_cache,1,26.150842
string128,sip,128,iter-density-1pct,lru,1,1.258964
string128,sip,128,iter-density-1pct,hashlink,1,1.281158
string128,sip,128,iter-density-1pct,micro,1,32.793645
string128,sip,128,iter-density-1pct,quick_cache,2,26.007854
string128,sip,128,iter-density-1pct,lru,2,1.263453
string128,sip,128,iter-density-1pct,hashlink,2,1.302376
string128,sip,128,iter-density-1pct,micro,2,32.934062
string128,sip,128,iter-density-1pct,baseline,2,36.845489
string128,sip,128,iter-density-1pct,lru,3,1.263739
string128,sip,128,iter-density-1pct,hashlink,3,1.285458
string128,sip,128,iter-density-1pct,micro,3,32.723881
string128,sip,128,iter-density-1pct,baseline,3,36.843035
string128,sip,128,iter-density-1pct,quick_cache,3,25.982780
string128,sip,128,iter-density-1pct,hashlink,4,1.273182
string128,sip,128,iter-density-1pct,micro,4,32.771098
string128,sip,128,iter-density-1pct,baseline,4,37.133199
string128,sip,128,iter-density-1pct,quick_cache,4,26.510450
string128,sip,128,iter-density-1pct,lru,4,1.258974
string128,sip,128,iter-density-1pct,micro,5,32.871444
string128,sip,128,iter-density-1pct,baseline,5,36.970606
string128,sip,128,iter-density-1pct,quick_cache,5,26.032119
string128,sip,128,iter-density-1pct,lru,5,1.290341
string128,sip,128,iter-density-1pct,hashlink,5,1.297650
string128,sip,128,iter-density-1pct,baseline,6,37.274004
string128,sip,128,iter-density-1pct,quick_cache,6,25.351755
string128,sip,128,iter-density-1pct,lru,6,1.232849
string128,sip,128,iter-density-1pct,hashlink,6,1.288957
string128,sip,128,iter-density-1pct,micro,6,32.647305
string128,sip,128,iter-density-1pct,quick_cache,7,22.575777
string128,sip,128,iter-density-1pct,lru,7,1.269304
string128,sip,128,iter-density-1pct,hashlink,7,1.277084
string128,sip,128,iter-density-1pct,micro,7,35.250247
string128,sip,128,iter-density-1pct,baseline,7,37.824082
string128,sip,128,iter-density-1pct,lru,8,1.255333
string128,sip,128,iter-density-1pct,hashlink,8,1.278171
string128,sip,128,iter-density-1pct,micro,8,33.694703
string128,sip,128,iter-density-1pct,baseline,8,37.367804
string128,sip,128,iter-density-1pct,quick_cache,8,22.834311
string128,sip,128,iter-density-6pct,micro,0,38.352186
string128,sip,128,iter-density-6pct,baseline,0,35.592554
string128,sip,128,iter-density-6pct,quick_cache,0,24.541007
string128,sip,128,iter-density-6pct,lru,0,3.223311
string128,sip,128,iter-density-6pct,hashlink,0,3.174033
string128,sip,128,iter-density-6pct,baseline,1,37.654051
string128,sip,128,iter-density-6pct,quick_cache,1,23.317807
string128,sip,128,iter-density-6pct,lru,1,3.233249
string128,sip,128,iter-density-6pct,hashlink,1,3.165673
string128,sip,128,iter-density-6pct,micro,1,37.577272
string128,sip,128,iter-density-6pct,quick_cache,2,23.581325
string128,sip,128,iter-density-6pct,lru,2,3.248063
string128,sip,128,iter-density-6pct,hashlink,2,3.168113
string128,sip,128,iter-density-6pct,micro,2,37.547055
string128,sip,128,iter-density-6pct,baseline,2,37.328670
string128,sip,128,iter-density-6pct,lru,3,3.216013
string128,sip,128,iter-density-6pct,hashlink,3,3.230442
string128,sip,128,iter-density-6pct,micro,3,37.875606
string128,sip,128,iter-density-6pct,baseline,3,37.353880
string128,sip,128,iter-density-6pct,quick_cache,3,23.496828
string128,sip,128,iter-density-6pct,hashlink,4,3.181050
string128,sip,128,iter-density-6pct,micro,4,37.606235
string128,sip,128,iter-density-6pct,baseline,4,37.210134
string128,sip,128,iter-density-6pct,quick_cache,4,23.330966
string128,sip,128,iter-density-6pct,lru,4,3.237496
string128,sip,128,iter-density-6pct,micro,5,39.677501
string128,sip,128,iter-density-6pct,baseline,5,33.856139
string128,sip,128,iter-density-6pct,quick_cache,5,24.873274
string128,sip,128,iter-density-6pct,lru,5,3.195493
string128,sip,128,iter-density-6pct,hashlink,5,3.116399
string128,sip,128,iter-density-6pct,baseline,6,34.952388
string128,sip,128,iter-density-6pct,quick_cache,6,22.646816
string128,sip,128,iter-density-6pct,lru,6,3.228466
string128,sip,128,iter-density-6pct,hashlink,6,3.171997
string128,sip,128,iter-density-6pct,micro,6,35.630351
string128,sip,128,iter-density-6pct,quick_cache,7,23.209686
string128,sip,128,iter-density-6pct,lru,7,3.222500
string128,sip,128,iter-density-6pct,hashlink,7,3.179679
string128,sip,128,iter-density-6pct,micro,7,35.469502
string128,sip,128,iter-density-6pct,baseline,7,34.976444
string128,sip,128,iter-density-6pct,lru,8,3.203814
string128,sip,128,iter-density-6pct,hashlink,8,3.176059
string128,sip,128,iter-density-6pct,micro,8,35.565779
string128,sip,128,iter-density-6pct,baseline,8,35.056654
string128,sip,128,iter-density-6pct,quick_cache,8,23.184811
string128,sip,128,iter-density-quarter,micro,0,38.767908
string128,sip,128,iter-density-quarter,baseline,0,35.444191
string128,sip,128,iter-density-quarter,quick_cache,0,25.767681
string128,sip,128,iter-density-quarter,lru,0,18.206712
string128,sip,128,iter-density-quarter,hashlink,0,19.227156
string128,sip,128,iter-density-quarter,baseline,1,34.609462
string128,sip,128,iter-density-quarter,quick_cache,1,25.863875
string128,sip,128,iter-density-quarter,lru,1,18.472991
string128,sip,128,iter-density-quarter,hashlink,1,18.372005
string128,sip,128,iter-density-quarter,micro,1,36.538703
string128,sip,128,iter-density-quarter,quick_cache,2,25.438848
string128,sip,128,iter-density-quarter,lru,2,18.643826
string128,sip,128,iter-density-quarter,hashlink,2,18.410337
string128,sip,128,iter-density-quarter,micro,2,36.395872
string128,sip,128,iter-density-quarter,baseline,2,36.540836
string128,sip,128,iter-density-quarter,lru,3,18.588222
string128,sip,128,iter-density-quarter,hashlink,3,18.404159
string128,sip,128,iter-density-quarter,micro,3,36.879042
string128,sip,128,iter-density-quarter,baseline,3,36.813840
string128,sip,128,iter-density-quarter,quick_cache,3,25.240773
string128,sip,128,iter-density-quarter,hashlink,4,18.983024
string128,sip,128,iter-density-quarter,micro,4,36.900760
string128,sip,128,iter-density-quarter,baseline,4,37.094076
string128,sip,128,iter-density-quarter,quick_cache,4,25.187042
string128,sip,128,iter-density-quarter,lru,4,18.734171
string128,sip,128,iter-density-quarter,micro,5,36.716547
string128,sip,128,iter-density-quarter,baseline,5,37.319449
string128,sip,128,iter-density-quarter,quick_cache,5,25.227710
string128,sip,128,iter-density-quarter,lru,5,18.684107
string128,sip,128,iter-density-quarter,hashlink,5,18.445745
string128,sip,128,iter-density-quarter,baseline,6,36.872493
string128,sip,128,iter-density-quarter,quick_cache,6,25.277727
string128,sip,128,iter-density-quarter,lru,6,18.759755
string128,sip,128,iter-density-quarter,hashlink,6,18.503308
string128,sip,128,iter-density-quarter,micro,6,36.402530
string128,sip,128,iter-density-quarter,quick_cache,7,25.146509
string128,sip,128,iter-density-quarter,lru,7,19.174018
string128,sip,128,iter-density-quarter,hashlink,7,18.564705
string128,sip,128,iter-density-quarter,micro,7,36.577810
string128,sip,128,iter-density-quarter,baseline,7,37.142649
string128,sip,128,iter-density-quarter,lru,8,18.612735
string128,sip,128,iter-density-quarter,hashlink,8,18.388058
string128,sip,128,iter-density-quarter,micro,8,36.537789
string128,sip,128,iter-density-quarter,baseline,8,36.586067
string128,sip,128,iter-density-quarter,quick_cache,8,25.100345
string128,sip,128,iter-density-half,micro,0,63.029447
string128,sip,128,iter-density-half,baseline,0,38.538456
string128,sip,128,iter-density-half,quick_cache,0,24.888268
string128,sip,128,iter-density-half,lru,0,50.203612
string128,sip,128,iter-density-half,hashlink,0,49.883129
string128,sip,128,iter-density-half,baseline,1,37.035768
string128,sip,128,iter-density-half,quick_cache,1,24.814852
string128,sip,128,iter-density-half,lru,1,50.907217
string128,sip,128,iter-density-half,hashlink,1,50.947669
string128,sip,128,iter-density-half,micro,1,61.508449
string128,sip,128,iter-density-half,quick_cache,2,24.714875
string128,sip,128,iter-density-half,lru,2,50.398722
string128,sip,128,iter-density-half,hashlink,2,49.338145
string128,sip,128,iter-density-half,micro,2,62.318294
string128,sip,128,iter-density-half,baseline,2,36.717773
string128,sip,128,iter-density-half,lru,3,49.817451
string128,sip,128,iter-density-half,hashlink,3,49.242055
string128,sip,128,iter-density-half,micro,3,61.882735
string128,sip,128,iter-density-half,baseline,3,52.715746
string128,sip,128,iter-density-half,quick_cache,3,61.957387
string128,sip,128,iter-density-half,hashlink,4,97.666836
string128,sip,128,iter-density-half,micro,4,74.909409
string128,sip,128,iter-density-half,baseline,4,73.673606
string128,sip,128,iter-density-half,quick_cache,4,23.901336
string128,sip,128,iter-density-half,lru,4,52.430581
string128,sip,128,iter-density-half,micro,5,61.151042
string128,sip,128,iter-density-half,baseline,5,35.925826
string128,sip,128,iter-density-half,quick_cache,5,23.994165
string128,sip,128,iter-density-half,lru,5,48.786050
string128,sip,128,iter-density-half,hashlink,5,50.962166
string128,sip,128,iter-density-half,baseline,6,36.427375
string128,sip,128,iter-density-half,quick_cache,6,24.594680
string128,sip,128,iter-density-half,lru,6,48.515436
string128,sip,128,iter-density-half,hashlink,6,48.237770
string128,sip,128,iter-density-half,micro,6,61.307241
string128,sip,128,iter-density-half,quick_cache,7,24.448644
string128,sip,128,iter-density-half,lru,7,48.872508
string128,sip,128,iter-density-half,hashlink,7,48.793777
string128,sip,128,iter-density-half,micro,7,59.750490
string128,sip,128,iter-density-half,baseline,7,35.933792
string128,sip,128,iter-density-half,lru,8,51.649166
string128,sip,128,iter-density-half,hashlink,8,49.567951
string128,sip,128,iter-density-half,micro,8,61.322050
string128,sip,128,iter-density-half,baseline,8,36.657782
string128,sip,128,iter-density-half,quick_cache,8,24.878682
string128,sip,128,iter-front,micro,0,36.471098
string128,sip,128,iter-front,baseline,0,35.901067
string128,sip,128,iter-front,quick_cache,0,25.555540
string128,sip,128,iter-front,lru,0,1.172854
string128,sip,128,iter-front,hashlink,0,1.144320
string128,sip,128,iter-front,baseline,1,36.699910
string128,sip,128,iter-front,quick_cache,1,25.856580
string128,sip,128,iter-front,lru,1,1.171799
string128,sip,128,iter-front,hashlink,1,1.135777
string128,sip,128,iter-front,micro,1,36.953735
string128,sip,128,iter-front,quick_cache,2,25.563052
string128,sip,128,iter-front,lru,2,1.187987
string128,sip,128,iter-front,hashlink,2,1.133725
string128,sip,128,iter-front,micro,2,35.878904
string128,sip,128,iter-front,baseline,2,35.807287
string128,sip,128,iter-front,lru,3,1.181358
string128,sip,128,iter-front,hashlink,3,1.133487
string128,sip,128,iter-front,micro,3,37.277724
string128,sip,128,iter-front,baseline,3,36.619148
string128,sip,128,iter-front,quick_cache,3,25.843533
string128,sip,128,iter-front,hashlink,4,1.133890
string128,sip,128,iter-front,micro,4,37.445661
string128,sip,128,iter-front,baseline,4,37.027918
string128,sip,128,iter-front,quick_cache,4,25.650530
string128,sip,128,iter-front,lru,4,1.226885
string128,sip,128,iter-front,micro,5,37.761993
string128,sip,128,iter-front,baseline,5,34.766060
string128,sip,128,iter-front,quick_cache,5,25.049555
string128,sip,128,iter-front,lru,5,1.192157
string128,sip,128,iter-front,hashlink,5,1.136843
string128,sip,128,iter-front,baseline,6,36.492695
string128,sip,128,iter-front,quick_cache,6,22.078935
string128,sip,128,iter-front,lru,6,1.188303
string128,sip,128,iter-front,hashlink,6,1.190830
string128,sip,128,iter-front,micro,6,37.813029
string128,sip,128,iter-front,quick_cache,7,22.365379
string128,sip,128,iter-front,lru,7,1.181028
string128,sip,128,iter-front,hashlink,7,1.136240
string128,sip,128,iter-front,micro,7,38.127943
string128,sip,128,iter-front,baseline,7,36.968136
string128,sip,128,iter-front,lru,8,1.179281
string128,sip,128,iter-front,hashlink,8,1.181207
string128,sip,128,iter-front,micro,8,37.863271
string128,sip,128,iter-front,baseline,8,36.872803
string128,sip,128,iter-front,quick_cache,8,21.318464
string128,sip,128,iter-back,micro,0,48.805766
string128,sip,128,iter-back,baseline,0,37.428892
string128,sip,128,iter-back,quick_cache,0,21.002571
string128,sip,128,iter-back,lru,0,1.199220
string128,sip,128,iter-back,hashlink,0,1.153128
string128,sip,128,iter-back,baseline,1,38.238309
string128,sip,128,iter-back,quick_cache,1,20.860971
string128,sip,128,iter-back,lru,1,1.200888
string128,sip,128,iter-back,hashlink,1,1.152099
string128,sip,128,iter-back,micro,1,48.996962
string128,sip,128,iter-back,quick_cache,2,21.318993
string128,sip,128,iter-back,lru,2,1.200768
string128,sip,128,iter-back,hashlink,2,1.147665
string128,sip,128,iter-back,micro,2,44.472779
string128,sip,128,iter-back,baseline,2,38.144977
string128,sip,128,iter-back,lru,3,1.202552
string128,sip,128,iter-back,hashlink,3,1.144462
string128,sip,128,iter-back,micro,3,39.083995
string128,sip,128,iter-back,baseline,3,37.893027
string128,sip,128,iter-back,quick_cache,3,21.003797
string128,sip,128,iter-back,hashlink,4,1.136760
string128,sip,128,iter-back,micro,4,38.792903
string128,sip,128,iter-back,baseline,4,37.639677
string128,sip,128,iter-back,quick_cache,4,21.089006
string128,sip,128,iter-back,lru,4,1.185580
string128,sip,128,iter-back,micro,5,38.850448
string128,sip,128,iter-back,baseline,5,37.907622
string128,sip,128,iter-back,quick_cache,5,20.911042
string128,sip,128,iter-back,lru,5,1.183013
string128,sip,128,iter-back,hashlink,5,1.138027
string128,sip,128,iter-back,baseline,6,47.021545
string128,sip,128,iter-back,quick_cache,6,23.687576
string128,sip,128,iter-back,lru,6,1.193887
string128,sip,128,iter-back,hashlink,6,1.170833
string128,sip,128,iter-back,micro,6,37.946341
string128,sip,128,iter-back,quick_cache,7,20.330528
string128,sip,128,iter-back,lru,7,1.179281
string128,sip,128,iter-back,hashlink,7,1.142838
string128,sip,128,iter-back,micro,7,38.094344
string128,sip,128,iter-back,baseline,7,36.816992
string128,sip,128,iter-back,lru,8,1.173991
string128,sip,128,iter-back,hashlink,8,1.160735
string128,sip,128,iter-back,micro,8,38.228955
string128,sip,128,iter-back,baseline,8,37.190252
string128,sip,128,iter-back,quick_cache,8,20.584269
string128,sip,128,iter-empty,micro,0,0.918248
string128,sip,128,iter-empty,baseline,0,36.663641
string128,sip,128,iter-empty,quick_cache,0,20.968922
string128,sip,128,iter-empty,lru,0,0.992877
string128,sip,128,iter-empty,hashlink,0,1.005030
string128,sip,128,iter-empty,baseline,1,36.429196
string128,sip,128,iter-empty,quick_cache,1,20.708579
string128,sip,128,iter-empty,lru,1,0.987069
string128,sip,128,iter-empty,hashlink,1,0.998843
string128,sip,128,iter-empty,micro,1,0.917655
string128,sip,128,iter-empty,quick_cache,2,20.853839
string128,sip,128,iter-empty,lru,2,0.988880
string128,sip,128,iter-empty,hashlink,2,1.000487
string128,sip,128,iter-empty,micro,2,0.930403
string128,sip,128,iter-empty,baseline,2,36.601078
string128,sip,128,iter-empty,lru,3,0.984742
string128,sip,128,iter-empty,hashlink,3,0.995521
string128,sip,128,iter-empty,micro,3,0.921313
string128,sip,128,iter-empty,baseline,3,37.598434
string128,sip,128,iter-empty,quick_cache,3,20.678088
string128,sip,128,iter-empty,hashlink,4,0.994627
string128,sip,128,iter-empty,micro,4,0.925822
string128,sip,128,iter-empty,baseline,4,36.543594
string128,sip,128,iter-empty,quick_cache,4,20.819107
string128,sip,128,iter-empty,lru,4,0.943596
string128,sip,128,iter-empty,micro,5,0.909837
string128,sip,128,iter-empty,baseline,5,35.619864
string128,sip,128,iter-empty,quick_cache,5,20.515890
string128,sip,128,iter-empty,lru,5,0.971432
string128,sip,128,iter-empty,hashlink,5,0.996410
string128,sip,128,iter-empty,baseline,6,36.535356
string128,sip,128,iter-empty,quick_cache,6,20.592412
string128,sip,128,iter-empty,lru,6,0.976947
string128,sip,128,iter-empty,hashlink,6,0.991107
string128,sip,128,iter-empty,micro,6,0.925920
string128,sip,128,iter-empty,quick_cache,7,21.156652
string128,sip,128,iter-empty,lru,7,0.982105
string128,sip,128,iter-empty,hashlink,7,1.001448
string128,sip,128,iter-empty,micro,7,0.919453
string128,sip,128,iter-empty,baseline,7,36.722422
string128,sip,128,iter-empty,lru,8,0.977938
string128,sip,128,iter-empty,hashlink,8,0.994735
string128,sip,128,iter-empty,micro,8,0.921524
string128,sip,128,iter-empty,baseline,8,36.592813
string128,sip,128,iter-empty,quick_cache,8,20.740008
string128,sip,128,iter-count,micro,0,0.398360
string128,sip,128,iter-count,baseline,0,35.987432
string128,sip,128,iter-count,quick_cache,0,52.691385
string128,sip,128,iter-count,lru,0,0.391317
string128,sip,128,iter-count,hashlink,0,0.385110
string128,sip,128,iter-count,baseline,1,36.356384
string128,sip,128,iter-count,quick_cache,1,54.474876
string128,sip,128,iter-count,lru,1,0.391184
string128,sip,128,iter-count,hashlink,1,0.398140
string128,sip,128,iter-count,micro,1,0.401481
string128,sip,128,iter-count,quick_cache,2,51.707434
string128,sip,128,iter-count,lru,2,0.383199
string128,sip,128,iter-count,hashlink,2,0.393303
string128,sip,128,iter-count,micro,2,0.396204
string128,sip,128,iter-count,baseline,2,36.340047
string128,sip,128,iter-count,lru,3,0.389654
string128,sip,128,iter-count,hashlink,3,0.397745
string128,sip,128,iter-count,micro,3,0.399808
string128,sip,128,iter-count,baseline,3,36.364247
string128,sip,128,iter-count,quick_cache,3,52.691827
string128,sip,128,iter-count,hashlink,4,0.399919
string128,sip,128,iter-count,micro,4,0.396657
string128,sip,128,iter-count,baseline,4,36.310699
string128,sip,128,iter-count,quick_cache,4,53.286955
string128,sip,128,iter-count,lru,4,0.389965
string128,sip,128,iter-count,micro,5,0.392391
string128,sip,128,iter-count,baseline,5,36.589697
string128,sip,128,iter-count,quick_cache,5,52.424556
string128,sip,128,iter-count,lru,5,0.392737
string128,sip,128,iter-count,hashlink,5,0.394650
string128,sip,128,iter-count,baseline,6,36.318258
string128,sip,128,iter-count,quick_cache,6,53.190812
string128,sip,128,iter-count,lru,6,0.393791
string128,sip,128,iter-count,hashlink,6,0.379966
string128,sip,128,iter-count,micro,6,0.392433
string128,sip,128,iter-count,quick_cache,7,52.508611
string128,sip,128,iter-count,lru,7,0.389426
string128,sip,128,iter-count,hashlink,7,0.384254
string128,sip,128,iter-count,micro,7,0.395557
string128,sip,128,iter-count,baseline,7,37.158270
string128,sip,128,iter-count,lru,8,0.388311
string128,sip,128,iter-count,hashlink,8,0.390082
string128,sip,128,iter-count,micro,8,0.398365
string128,sip,128,iter-count,baseline,8,35.865826
string128,sip,128,iter-count,quick_cache,8,51.985071
string128,sip,1024,iter-dense,micro,0,269.866310
string128,sip,1024,iter-dense,baseline,0,269.511045
string128,sip,1024,iter-dense,quick_cache,0,257.464992
string128,sip,1024,iter-dense,lru,0,1237.255906
string128,sip,1024,iter-dense,hashlink,0,1278.667175
string128,sip,1024,iter-dense,baseline,1,265.516713
string128,sip,1024,iter-dense,quick_cache,1,259.194444
string128,sip,1024,iter-dense,lru,1,1245.969742
string128,sip,1024,iter-dense,hashlink,1,1224.711182
string128,sip,1024,iter-dense,micro,1,268.396655
string128,sip,1024,iter-dense,quick_cache,2,262.990179
string128,sip,1024,iter-dense,lru,2,1244.244048
string128,sip,1024,iter-dense,hashlink,2,1229.319336
string128,sip,1024,iter-dense,micro,2,266.050170
string128,sip,1024,iter-dense,baseline,2,269.569397
string128,sip,1024,iter-dense,lru,3,1248.790923
string128,sip,1024,iter-dense,hashlink,3,1235.195374
string128,sip,1024,iter-dense,micro,3,265.972683
string128,sip,1024,iter-dense,baseline,3,268.571467
string128,sip,1024,iter-dense,quick_cache,3,259.977627
string128,sip,1024,iter-dense,hashlink,4,1270.356961
string128,sip,1024,iter-dense,micro,4,260.661875
string128,sip,1024,iter-dense,baseline,4,266.507879
string128,sip,1024,iter-dense,quick_cache,4,254.900336
string128,sip,1024,iter-dense,lru,4,1248.387897
string128,sip,1024,iter-dense,micro,5,260.288842
string128,sip,1024,iter-dense,baseline,5,268.582689
string128,sip,1024,iter-dense,quick_cache,5,258.010159
string128,sip,1024,iter-dense,lru,5,1241.980903
string128,sip,1024,iter-dense,hashlink,5,1226.837158
string128,sip,1024,iter-dense,baseline,6,265.613964
string128,sip,1024,iter-dense,quick_cache,6,258.117626
string128,sip,1024,iter-dense,lru,6,1246.496776
string128,sip,1024,iter-dense,hashlink,6,1227.661133
string128,sip,1024,iter-dense,micro,6,266.969283
string128,sip,1024,iter-dense,quick_cache,7,253.317464
string128,sip,1024,iter-dense,lru,7,1286.106301
string128,sip,1024,iter-dense,hashlink,7,1228.851318
string128,sip,1024,iter-dense,micro,7,266.738215
string128,sip,1024,iter-dense,baseline,7,268.997902
string128,sip,1024,iter-dense,lru,8,1235.359252
string128,sip,1024,iter-dense,hashlink,8,1328.003708
string128,sip,1024,iter-dense,micro,8,282.999435
string128,sip,1024,iter-dense,baseline,8,266.003667
string128,sip,1024,iter-dense,quick_cache,8,251.652275
string128,sip,1024,iter-dense-for,micro,0,259.910559
string128,sip,1024,iter-dense-for,baseline,0,259.798069
string128,sip,1024,iter-dense-for,quick_cache,0,362.616662
string128,sip,1024,iter-dense-for,lru,0,723.747396
string128,sip,1024,iter-dense-for,hashlink,0,877.043994
string128,sip,1024,iter-dense-for,baseline,1,269.340738
string128,sip,1024,iter-dense-for,quick_cache,1,499.430112
string128,sip,1024,iter-dense-for,lru,1,729.427035
string128,sip,1024,iter-dense-for,hashlink,1,870.927431
string128,sip,1024,iter-dense-for,micro,1,271.995000
string128,sip,1024,iter-dense-for,quick_cache,2,502.528838
string128,sip,1024,iter-dense-for,lru,2,736.092870
string128,sip,1024,iter-dense-for,hashlink,2,912.048874
string128,sip,1024,iter-dense-for,micro,2,272.776233
string128,sip,1024,iter-dense-for,baseline,2,273.816057
string128,sip,1024,iter-dense-for,lru,3,743.643809
string128,sip,1024,iter-dense-for,hashlink,3,875.843750
string128,sip,1024,iter-dense-for,micro,3,273.137544
string128,sip,1024,iter-dense-for,baseline,3,272.407611
string128,sip,1024,iter-dense-for,quick_cache,3,502.826065
string128,sip,1024,iter-dense-for,hashlink,4,877.371334
string128,sip,1024,iter-dense-for,micro,4,271.705946
string128,sip,1024,iter-dense-for,baseline,4,272.362260
string128,sip,1024,iter-dense-for,quick_cache,4,508.163352
string128,sip,1024,iter-dense-for,lru,4,759.664593
string128,sip,1024,iter-dense-for,micro,5,271.473090
string128,sip,1024,iter-dense-for,baseline,5,272.652657
string128,sip,1024,iter-dense-for,quick_cache,5,510.387011
string128,sip,1024,iter-dense-for,lru,5,759.057646
string128,sip,1024,iter-dense-for,hashlink,5,914.153874
string128,sip,1024,iter-dense-for,baseline,6,273.094404
string128,sip,1024,iter-dense-for,quick_cache,6,504.771573
string128,sip,1024,iter-dense-for,lru,6,736.587881
string128,sip,1024,iter-dense-for,hashlink,6,875.872905
string128,sip,1024,iter-dense-for,micro,6,271.902174
string128,sip,1024,iter-dense-for,quick_cache,7,501.377204
string128,sip,1024,iter-dense-for,lru,7,739.853479
string128,sip,1024,iter-dense-for,hashlink,7,877.487779
string128,sip,1024,iter-dense-for,micro,7,272.523301
string128,sip,1024,iter-dense-for,baseline,7,274.591064
string128,sip,1024,iter-dense-for,lru,8,747.370982
string128,sip,1024,iter-dense-for,hashlink,8,874.679818
string128,sip,1024,iter-dense-for,micro,8,271.538628
string128,sip,1024,iter-dense-for,baseline,8,272.746673
string128,sip,1024,iter-dense-for,quick_cache,8,514.361534
string128,sip,1024,iter-density-1pct,micro,0,339.869226
string128,sip,1024,iter-density-1pct,baseline,0,340.010734
string128,sip,1024,iter-density-1pct,quick_cache,0,203.128409
string128,sip,1024,iter-density-1pct,lru,0,4.380136
string128,sip,1024,iter-density-1pct,hashlink,0,4.198568
string128,sip,1024,iter-density-1pct,baseline,1,344.183026
string128,sip,1024,iter-density-1pct,quick_cache,1,202.938961
string128,sip,1024,iter-density-1pct,lru,1,4.324973
string128,sip,1024,iter-density-1pct,hashlink,1,4.203163
string128,sip,1024,iter-density-1pct,micro,1,340.723175
string128,sip,1024,iter-density-1pct,quick_cache,2,204.449224
string128,sip,1024,iter-density-1pct,lru,2,4.243733
string128,sip,1024,iter-density-1pct,hashlink,2,4.154660
string128,sip,1024,iter-density-1pct,micro,2,324.867090
string128,sip,1024,iter-density-1pct,baseline,2,334.808284
string128,sip,1024,iter-density-1pct,lru,3,4.312880
string128,sip,1024,iter-density-1pct,hashlink,3,4.215375
string128,sip,1024,iter-density-1pct,micro,3,335.181879
string128,sip,1024,iter-density-1pct,baseline,3,339.521760
string128,sip,1024,iter-density-1pct,quick_cache,3,203.511556
string128,sip,1024,iter-density-1pct,hashlink,4,4.194068
string128,sip,1024,iter-density-1pct,micro,4,326.812043
string128,sip,1024,iter-density-1pct,baseline,4,335.259971
string128,sip,1024,iter-density-1pct,quick_cache,4,210.904099
string128,sip,1024,iter-density-1pct,lru,4,4.234188
string128,sip,1024,iter-density-1pct,micro,5,330.756673
string128,sip,1024,iter-density-1pct,baseline,5,330.946617
string128,sip,1024,iter-density-1pct,quick_cache,5,168.437399
string128,sip,1024,iter-density-1pct,lru,5,4.112200
string128,sip,1024,iter-density-1pct,hashlink,5,4.151610
string128,sip,1024,iter-density-1pct,baseline,6,327.512095
string128,sip,1024,iter-density-1pct,quick_cache,6,202.457092
string128,sip,1024,iter-density-1pct,lru,6,4.276289
string128,sip,1024,iter-density-1pct,hashlink,6,4.174528
string128,sip,1024,iter-density-1pct,micro,6,328.532563
string128,sip,1024,iter-density-1pct,quick_cache,7,199.581298
string128,sip,1024,iter-density-1pct,lru,7,4.245924
string128,sip,1024,iter-density-1pct,hashlink,7,4.138813
string128,sip,1024,iter-density-1pct,micro,7,325.112071
string128,sip,1024,iter-density-1pct,baseline,7,330.349300
string128,sip,1024,iter-density-1pct,lru,8,4.295368
string128,sip,1024,iter-density-1pct,hashlink,8,4.167403
string128,sip,1024,iter-density-1pct,micro,8,331.457428
string128,sip,1024,iter-density-1pct,baseline,8,329.237961
string128,sip,1024,iter-density-1pct,quick_cache,8,201.159307
string128,sip,1024,iter-density-6pct,micro,0,288.244820
string128,sip,1024,iter-density-6pct,baseline,0,287.803580
string128,sip,1024,iter-density-6pct,quick_cache,0,208.740112
string128,sip,1024,iter-density-6pct,lru,0,50.157784
string128,sip,1024,iter-density-6pct,hashlink,0,49.063403
string128,sip,1024,iter-density-6pct,baseline,1,289.802720
string128,sip,1024,iter-density-6pct,quick_cache,1,205.558065
string128,sip,1024,iter-density-6pct,lru,1,49.659974
string128,sip,1024,iter-density-6pct,hashlink,1,49.091777
string128,sip,1024,iter-density-6pct,micro,1,286.132255
string128,sip,1024,iter-density-6pct,quick_cache,2,203.596313
string128,sip,1024,iter-density-6pct,lru,2,49.613512
string128,sip,1024,iter-density-6pct,hashlink,2,48.857231
string128,sip,1024,iter-density-6pct,micro,2,287.669462
string128,sip,1024,iter-density-6pct,baseline,2,287.918681
string128,sip,1024,iter-density-6pct,lru,3,50.076598
string128,sip,1024,iter-density-6pct,hashlink,3,49.286995
string128,sip,1024,iter-density-6pct,micro,3,289.255083
string128,sip,1024,iter-density-6pct,baseline,3,293.884105
string128,sip,1024,iter-density-6pct,quick_cache,3,205.496468
string128,sip,1024,iter-density-6pct,hashlink,4,49.388215
string128,sip,1024,iter-density-6pct,micro,4,287.136869
string128,sip,1024,iter-density-6pct,baseline,4,288.329797
string128,sip,1024,iter-density-6pct,quick_cache,4,203.346798
string128,sip,1024,iter-density-6pct,lru,4,49.658733
string128,sip,1024,iter-density-6pct,micro,5,290.231679
string128,sip,1024,iter-density-6pct,baseline,5,287.241039
string128,sip,1024,iter-density-6pct,quick_cache,5,203.870233
string128,sip,1024,iter-density-6pct,lru,5,50.279772
string128,sip,1024,iter-density-6pct,hashlink,5,50.715322
string128,sip,1024,iter-density-6pct,baseline,6,285.009221
string128,sip,1024,iter-density-6pct,quick_cache,6,205.451996
string128,sip,1024,iter-density-6pct,lru,6,49.443333
string128,sip,1024,iter-density-6pct,hashlink,6,49.425215
string128,sip,1024,iter-density-6pct,micro,6,295.518785
string128,sip,1024,iter-density-6pct,quick_cache,7,206.781498
string128,sip,1024,iter-density-6pct,lru,7,49.399326
string128,sip,1024,iter-density-6pct,hashlink,7,50.769412
string128,sip,1024,iter-density-6pct,micro,7,295.260908
string128,sip,1024,iter-density-6pct,baseline,7,286.663462
string128,sip,1024,iter-density-6pct,lru,8,49.697629
string128,sip,1024,iter-density-6pct,hashlink,8,49.491539
string128,sip,1024,iter-density-6pct,micro,8,288.247238
string128,sip,1024,iter-density-6pct,baseline,8,286.759346
string128,sip,1024,iter-density-6pct,quick_cache,8,204.655432
string128,sip,1024,iter-density-quarter,micro,0,253.505267
string128,sip,1024,iter-density-quarter,baseline,0,252.663065
string128,sip,1024,iter-density-quarter,quick_cache,0,193.252356
string128,sip,1024,iter-density-quarter,lru,0,288.168048
string128,sip,1024,iter-density-quarter,hashlink,0,289.332082
string128,sip,1024,iter-density-quarter,baseline,1,253.882965
string128,sip,1024,iter-density-quarter,quick_cache,1,191.126108
string128,sip,1024,iter-density-quarter,lru,1,285.401004
string128,sip,1024,iter-density-quarter,hashlink,1,283.818739
string128,sip,1024,iter-density-quarter,micro,1,250.623948
string128,sip,1024,iter-density-quarter,quick_cache,2,191.332964
string128,sip,1024,iter-density-quarter,lru,2,289.888683
string128,sip,1024,iter-density-quarter,hashlink,2,325.011954
string128,sip,1024,iter-density-quarter,micro,2,252.553665
string128,sip,1024,iter-density-quarter,baseline,2,254.942802
string128,sip,1024,iter-density-quarter,lru,3,324.990255
string128,sip,1024,iter-density-quarter,hashlink,3,320.919405
string128,sip,1024,iter-density-quarter,micro,3,270.790495
string128,sip,1024,iter-density-quarter,baseline,3,304.783991
string128,sip,1024,iter-density-quarter,quick_cache,3,200.873956
string128,sip,1024,iter-density-quarter,hashlink,4,302.612246
string128,sip,1024,iter-density-quarter,micro,4,249.841953
string128,sip,1024,iter-density-quarter,baseline,4,254.688772
string128,sip,1024,iter-density-quarter,quick_cache,4,193.047531
string128,sip,1024,iter-density-quarter,lru,4,286.484604
string128,sip,1024,iter-density-quarter,micro,5,253.012945
string128,sip,1024,iter-density-quarter,baseline,5,252.085433
string128,sip,1024,iter-density-quarter,quick_cache,5,163.459140
string128,sip,1024,iter-density-quarter,lru,5,291.848881
string128,sip,1024,iter-density-quarter,hashlink,5,297.647338
string128,sip,1024,iter-density-quarter,baseline,6,252.977093
string128,sip,1024,iter-density-quarter,quick_cache,6,164.842662
string128,sip,1024,iter-density-quarter,lru,6,302.360372
string128,sip,1024,iter-density-quarter,hashlink,6,284.928563
string128,sip,1024,iter-density-quarter,micro,6,253.406098
string128,sip,1024,iter-density-quarter,quick_cache,7,165.011220
string128,sip,1024,iter-density-quarter,lru,7,309.419775
string128,sip,1024,iter-density-quarter,hashlink,7,283.577700
string128,sip,1024,iter-density-quarter,micro,7,253.652597
string128,sip,1024,iter-density-quarter,baseline,7,252.740913
string128,sip,1024,iter-density-quarter,lru,8,285.701383
string128,sip,1024,iter-density-quarter,hashlink,8,285.462762
string128,sip,1024,iter-density-quarter,micro,8,253.038178
string128,sip,1024,iter-density-quarter,baseline,8,252.901244
string128,sip,1024,iter-density-quarter,quick_cache,8,163.913719
string128,sip,1024,iter-density-half,micro,0,487.307730
string128,sip,1024,iter-density-half,baseline,0,256.940168
string128,sip,1024,iter-density-half,quick_cache,0,196.189813
string128,sip,1024,iter-density-half,lru,0,631.058846
string128,sip,1024,iter-density-half,hashlink,0,596.856035
string128,sip,1024,iter-density-half,baseline,1,248.749652
string128,sip,1024,iter-density-half,quick_cache,1,196.383912
string128,sip,1024,iter-density-half,lru,1,634.857794
string128,sip,1024,iter-density-half,hashlink,1,594.987643
string128,sip,1024,iter-density-half,micro,1,484.665248
string128,sip,1024,iter-density-half,quick_cache,2,193.770020
string128,sip,1024,iter-density-half,lru,2,604.015927
string128,sip,1024,iter-density-half,hashlink,2,599.556992
string128,sip,1024,iter-density-half,micro,2,478.696770
string128,sip,1024,iter-density-half,baseline,2,256.814039
string128,sip,1024,iter-density-half,lru,3,606.220688
string128,sip,1024,iter-density-half,hashlink,3,605.197273
string128,sip,1024,iter-density-half,micro,3,477.904339
string128,sip,1024,iter-density-half,baseline,3,256.617303
string128,sip,1024,iter-density-half,quick_cache,3,198.752184
string128,sip,1024,iter-density-half,hashlink,4,601.101803
string128,sip,1024,iter-density-half,micro,4,481.490385
string128,sip,1024,iter-density-half,baseline,4,262.135364
string128,sip,1024,iter-density-half,quick_cache,4,204.206103
string128,sip,1024,iter-density-half,lru,4,701.157231
string128,sip,1024,iter-density-half,micro,5,462.932970
string128,sip,1024,iter-density-half,baseline,5,253.484147
string128,sip,1024,iter-density-half,quick_cache,5,190.854586
string128,sip,1024,iter-density-half,lru,5,604.991071
string128,sip,1024,iter-density-half,hashlink,5,611.358643
string128,sip,1024,iter-density-half,baseline,6,248.100645
string128,sip,1024,iter-density-half,quick_cache,6,188.725015
string128,sip,1024,iter-density-half,lru,6,611.460327
string128,sip,1024,iter-density-half,hashlink,6,609.116610
string128,sip,1024,iter-density-half,micro,6,466.697761
string128,sip,1024,iter-density-half,quick_cache,7,193.702254
string128,sip,1024,iter-density-half,lru,7,609.430691
string128,sip,1024,iter-density-half,hashlink,7,603.281853
string128,sip,1024,iter-density-half,micro,7,473.049566
string128,sip,1024,iter-density-half,baseline,7,264.287743
string128,sip,1024,iter-density-half,lru,8,624.808142
string128,sip,1024,iter-density-half,hashlink,8,602.073317
string128,sip,1024,iter-density-half,micro,8,484.967589
string128,sip,1024,iter-density-half,baseline,8,255.655127
string128,sip,1024,iter-density-half,quick_cache,8,193.966811
string128,sip,1024,iter-front,micro,0,255.824212
string128,sip,1024,iter-front,baseline,0,251.994012
string128,sip,1024,iter-front,quick_cache,0,163.210301
string128,sip,1024,iter-front,lru,0,1.189950
string128,sip,1024,iter-front,hashlink,0,1.143323
string128,sip,1024,iter-front,baseline,1,260.787760
string128,sip,1024,iter-front,quick_cache,1,162.950502
string128,sip,1024,iter-front,lru,1,1.184223
string128,sip,1024,iter-front,hashlink,1,1.149193
string128,sip,1024,iter-front,micro,1,256.756260
string128,sip,1024,iter-front,quick_cache,2,166.114572
string128,sip,1024,iter-front,lru,2,1.187256
string128,sip,1024,iter-front,hashlink,2,1.150191
string128,sip,1024,iter-front,micro,2,257.419944
string128,sip,1024,iter-front,baseline,2,254.352998
string128,sip,1024,iter-front,lru,3,1.180029
string128,sip,1024,iter-front,hashlink,3,1.140553
string128,sip,1024,iter-front,micro,3,257.608731
string128,sip,1024,iter-front,baseline,3,252.991859
string128,sip,1024,iter-front,quick_cache,3,163.335946
string128,sip,1024,iter-front,hashlink,4,1.187211
string128,sip,1024,iter-front,micro,4,257.937139
string128,sip,1024,iter-front,baseline,4,257.604458
string128,sip,1024,iter-front,quick_cache,4,162.605977
string128,sip,1024,iter-front,lru,4,1.184367
string128,sip,1024,iter-front,micro,5,262.232173
string128,sip,1024,iter-front,baseline,5,261.666492
string128,sip,1024,iter-front,quick_cache,5,164.081617
string128,sip,1024,iter-front,lru,5,1.182118
string128,sip,1024,iter-front,hashlink,5,1.175201
string128,sip,1024,iter-front,baseline,6,259.466522
string128,sip,1024,iter-front,quick_cache,6,163.853675
string128,sip,1024,iter-front,lru,6,1.185346
string128,sip,1024,iter-front,hashlink,6,1.157433
string128,sip,1024,iter-front,micro,6,255.860423
string128,sip,1024,iter-front,quick_cache,7,163.008863
string128,sip,1024,iter-front,lru,7,1.190222
string128,sip,1024,iter-front,hashlink,7,1.157253
string128,sip,1024,iter-front,micro,7,258.440961
string128,sip,1024,iter-front,baseline,7,253.672002
string128,sip,1024,iter-front,lru,8,1.180823
string128,sip,1024,iter-front,hashlink,8,1.158600
string128,sip,1024,iter-front,micro,8,264.571859
string128,sip,1024,iter-front,baseline,8,254.841460
string128,sip,1024,iter-front,quick_cache,8,167.026976
string128,sip,1024,iter-back,micro,0,242.692983
string128,sip,1024,iter-back,baseline,0,248.795211
string128,sip,1024,iter-back,quick_cache,0,162.844499
string128,sip,1024,iter-back,lru,0,1.180189
string128,sip,1024,iter-back,hashlink,0,1.138375
string128,sip,1024,iter-back,baseline,1,257.947865
string128,sip,1024,iter-back,quick_cache,1,164.006493
string128,sip,1024,iter-back,lru,1,1.202090
string128,sip,1024,iter-back,hashlink,1,1.154474
string128,sip,1024,iter-back,micro,1,259.170709
string128,sip,1024,iter-back,quick_cache,2,164.152770
string128,sip,1024,iter-back,lru,2,1.179717
string128,sip,1024,iter-back,hashlink,2,1.151904
string128,sip,1024,iter-back,micro,2,265.254237
string128,sip,1024,iter-back,baseline,2,258.035943
string128,sip,1024,iter-back,lru,3,1.172705
string128,sip,1024,iter-back,hashlink,3,1.133421
string128,sip,1024,iter-back,micro,3,258.203538
string128,sip,1024,iter-back,baseline,3,256.683600
string128,sip,1024,iter-back,quick_cache,3,162.811947
string128,sip,1024,iter-back,hashlink,4,1.140469
string128,sip,1024,iter-back,micro,4,257.240697
string128,sip,1024,iter-back,baseline,4,255.849785
string128,sip,1024,iter-back,quick_cache,4,162.041224
string128,sip,1024,iter-back,lru,4,1.191048
string128,sip,1024,iter-back,micro,5,257.917801
string128,sip,1024,iter-back,baseline,5,256.544570
string128,sip,1024,iter-back,quick_cache,5,162.810579
string128,sip,1024,iter-back,lru,5,1.182834
string128,sip,1024,iter-back,hashlink,5,1.155721
string128,sip,1024,iter-back,baseline,6,263.624684
string128,sip,1024,iter-back,quick_cache,6,164.226628
string128,sip,1024,iter-back,lru,6,1.185499
string128,sip,1024,iter-back,hashlink,6,1.171166
string128,sip,1024,iter-back,micro,6,258.713576
string128,sip,1024,iter-back,quick_cache,7,163.244291
string128,sip,1024,iter-back,lru,7,1.177255
string128,sip,1024,iter-back,hashlink,7,1.136017
string128,sip,1024,iter-back,micro,7,257.334961
string128,sip,1024,iter-back,baseline,7,256.247900
string128,sip,1024,iter-back,lru,8,1.204982
string128,sip,1024,iter-back,hashlink,8,1.147631
string128,sip,1024,iter-back,micro,8,257.360609
string128,sip,1024,iter-back,baseline,8,266.372551
string128,sip,1024,iter-back,quick_cache,8,182.614157
string128,sip,1024,iter-empty,micro,0,0.922139
string128,sip,1024,iter-empty,baseline,0,249.827326
string128,sip,1024,iter-empty,quick_cache,0,160.971550
string128,sip,1024,iter-empty,lru,0,0.967115
string128,sip,1024,iter-empty,hashlink,0,0.983100
string128,sip,1024,iter-empty,baseline,1,254.667549
string128,sip,1024,iter-empty,quick_cache,1,163.769339
string128,sip,1024,iter-empty,lru,1,0.970479
string128,sip,1024,iter-empty,hashlink,1,0.993881
string128,sip,1024,iter-empty,micro,1,0.918102
string128,sip,1024,iter-empty,quick_cache,2,163.082215
string128,sip,1024,iter-empty,lru,2,0.983026
string128,sip,1024,iter-empty,hashlink,2,0.988236
string128,sip,1024,iter-empty,micro,2,0.918124
string128,sip,1024,iter-empty,baseline,2,255.939290
string128,sip,1024,iter-empty,lru,3,0.992334
string128,sip,1024,iter-empty,hashlink,3,0.989920
string128,sip,1024,iter-empty,micro,3,0.920742
string128,sip,1024,iter-empty,baseline,3,255.708333
string128,sip,1024,iter-empty,quick_cache,3,162.550611
string128,sip,1024,iter-empty,hashlink,4,0.983824
string128,sip,1024,iter-empty,micro,4,0.921133
string128,sip,1024,iter-empty,baseline,4,254.669686
string128,sip,1024,iter-empty,quick_cache,4,161.679162
string128,sip,1024,iter-empty,lru,4,0.974504
string128,sip,1024,iter-empty,micro,5,0.918075
string128,sip,1024,iter-empty,baseline,5,254.016132
string128,sip,1024,iter-empty,quick_cache,5,164.269039
string128,sip,1024,iter-empty,lru,5,0.977185
string128,sip,1024,iter-empty,hashlink,5,0.986022
string128,sip,1024,iter-empty,baseline,6,253.855519
string128,sip,1024,iter-empty,quick_cache,6,165.918856
string128,sip,1024,iter-empty,lru,6,0.970804
string128,sip,1024,iter-empty,hashlink,6,0.983317
string128,sip,1024,iter-empty,micro,6,0.926887
string128,sip,1024,iter-empty,quick_cache,7,162.680476
string128,sip,1024,iter-empty,lru,7,0.976276
string128,sip,1024,iter-empty,hashlink,7,0.987274
string128,sip,1024,iter-empty,micro,7,0.917612
string128,sip,1024,iter-empty,baseline,7,254.378404
string128,sip,1024,iter-empty,lru,8,0.971474
string128,sip,1024,iter-empty,hashlink,8,0.982933
string128,sip,1024,iter-empty,micro,8,0.908071
string128,sip,1024,iter-empty,baseline,8,247.389636
string128,sip,1024,iter-empty,quick_cache,8,188.522505
string128,sip,1024,iter-count,micro,0,0.390805
string128,sip,1024,iter-count,baseline,0,256.687957
string128,sip,1024,iter-count,quick_cache,0,496.162891
string128,sip,1024,iter-count,lru,0,0.395050
string128,sip,1024,iter-count,hashlink,0,0.396086
string128,sip,1024,iter-count,baseline,1,261.742604
string128,sip,1024,iter-count,quick_cache,1,474.082403
string128,sip,1024,iter-count,lru,1,0.396062
string128,sip,1024,iter-count,hashlink,1,0.398459
string128,sip,1024,iter-count,micro,1,0.397899
string128,sip,1024,iter-count,quick_cache,2,479.678735
string128,sip,1024,iter-count,lru,2,0.395769
string128,sip,1024,iter-count,hashlink,2,0.388206
string128,sip,1024,iter-count,micro,2,0.397915
string128,sip,1024,iter-count,baseline,2,264.437289
string128,sip,1024,iter-count,lru,3,0.396690
string128,sip,1024,iter-count,hashlink,3,0.389978
string128,sip,1024,iter-count,micro,3,0.400386
string128,sip,1024,iter-count,baseline,3,267.283361
string128,sip,1024,iter-count,quick_cache,3,475.523903
string128,sip,1024,iter-count,hashlink,4,0.390563
string128,sip,1024,iter-count,micro,4,0.399669
string128,sip,1024,iter-count,baseline,4,262.352448
string128,sip,1024,iter-count,quick_cache,4,475.601469
string128,sip,1024,iter-count,lru,4,0.399183
string128,sip,1024,iter-count,micro,5,0.396730
string128,sip,1024,iter-count,baseline,5,262.239583
string128,sip,1024,iter-count,quick_cache,5,477.884432
string128,sip,1024,iter-count,lru,5,0.397017
string128,sip,1024,iter-count,hashlink,5,0.389479
string128,sip,1024,iter-count,baseline,6,264.875000
string128,sip,1024,iter-count,quick_cache,6,481.175400
string128,sip,1024,iter-count,lru,6,0.461064
string128,sip,1024,iter-count,hashlink,6,0.400024
string128,sip,1024,iter-count,micro,6,0.429102
string128,sip,1024,iter-count,quick_cache,7,465.684710
string128,sip,1024,iter-count,lru,7,0.389708
string128,sip,1024,iter-count,hashlink,7,0.402101
string128,sip,1024,iter-count,micro,7,0.377864
string128,sip,1024,iter-count,baseline,7,253.146735
string128,sip,1024,iter-count,lru,8,0.390385
string128,sip,1024,iter-count,hashlink,8,0.394387
string128,sip,1024,iter-count,micro,8,0.395987
string128,sip,1024,iter-count,baseline,8,252.443510
string128,sip,1024,iter-count,quick_cache,8,467.490606
string128,sip,16384,iter-dense,micro,0,6082.782452
string128,sip,16384,iter-dense,baseline,0,6081.881010
string128,sip,16384,iter-dense,quick_cache,0,7006.680707
string128,sip,16384,iter-dense,lru,0,24876.491071
string128,sip,16384,iter-dense,hashlink,0,22915.361607
string128,sip,16384,iter-dense,baseline,1,6114.383413
string128,sip,16384,iter-dense,quick_cache,1,6893.908967
string128,sip,16384,iter-dense,lru,1,25111.419643
string128,sip,16384,iter-dense,hashlink,1,22845.424107
string128,sip,16384,iter-dense,micro,1,6042.768029
string128,sip,16384,iter-dense,quick_cache,2,6955.899457
string128,sip,16384,iter-dense,lru,2,25170.200893
string128,sip,16384,iter-dense,hashlink,2,22933.035714
string128,sip,16384,iter-dense,micro,2,6185.346154
string128,sip,16384,iter-dense,baseline,2,6085.737981
string128,sip,16384,iter-dense,lru,3,25035.343750
string128,sip,16384,iter-dense,hashlink,3,22984.000000
string128,sip,16384,iter-dense,micro,3,6056.340144
string128,sip,16384,iter-dense,baseline,3,6085.586538
string128,sip,16384,iter-dense,quick_cache,3,6891.758152
string128,sip,16384,iter-dense,hashlink,4,24646.763393
string128,sip,16384,iter-dense,micro,4,6292.396250
string128,sip,16384,iter-dense,baseline,4,6371.406250
string128,sip,16384,iter-dense,quick_cache,4,6888.756793
string128,sip,16384,iter-dense,lru,4,24005.205357
string128,sip,16384,iter-dense,micro,5,6064.703125
string128,sip,16384,iter-dense,baseline,5,6085.937500
string128,sip,16384,iter-dense,quick_cache,5,6965.183424
string128,sip,16384,iter-dense,lru,5,25174.665179
string128,sip,16384,iter-dense,hashlink,5,23775.482143
string128,sip,16384,iter-dense,baseline,6,6044.621394
string128,sip,16384,iter-dense,quick_cache,6,6915.478261
string128,sip,16384,iter-dense,lru,6,26082.682292
string128,sip,16384,iter-dense,hashlink,6,26909.937500
string128,sip,16384,iter-dense,micro,6,5984.906250
string128,sip,16384,iter-dense,quick_cache,7,6968.013587
string128,sip,16384,iter-dense,lru,7,24965.772321
string128,sip,16384,iter-dense,hashlink,7,27865.885417
string128,sip,16384,iter-dense,micro,7,6032.151442
string128,sip,16384,iter-dense,baseline,7,6098.858173
string128,sip,16384,iter-dense,lru,8,24993.861607
string128,sip,16384,iter-dense,hashlink,8,26383.682292
string128,sip,16384,iter-dense,micro,8,6040.463942
string128,sip,16384,iter-dense,baseline,8,6067.356971
string128,sip,16384,iter-dense,quick_cache,8,6981.203804
string128,sip,16384,iter-dense-for,micro,0,6120.393029
string128,sip,16384,iter-dense-for,baseline,0,6087.789663
string128,sip,16384,iter-dense-for,quick_cache,0,8137.564062
string128,sip,16384,iter-dense-for,lru,0,19942.058594
string128,sip,16384,iter-dense-for,hashlink,0,27151.041667
string128,sip,16384,iter-dense-for,baseline,1,6058.443510
string128,sip,16384,iter-dense-for,quick_cache,1,7056.782609
string128,sip,16384,iter-dense-for,lru,1,21561.847656
string128,sip,16384,iter-dense-for,hashlink,1,27305.989583
string128,sip,16384,iter-dense-for,micro,1,6044.120192
string128,sip,16384,iter-dense-for,quick_cache,2,7056.103261
string128,sip,16384,iter-dense-for,lru,2,22156.085938
string128,sip,16384,iter-dense-for,hashlink,2,27139.541667
string128,sip,16384,iter-dense-for,micro,2,6101.512019
string128,sip,16384,iter-dense-for,baseline,2,6075.670673
string128,sip,16384,iter-dense-for,lru,3,20344.074219
string128,sip,16384,iter-dense-for,hashlink,3,27384.114583
string128,sip,16384,iter-dense-for,micro,3,6053.134615
string128,sip,16384,iter-dense-for,baseline,3,6079.676683
string128,sip,16384,iter-dense-for,quick_cache,3,7033.570652
string128,sip,16384,iter-dense-for,hashlink,4,19800.945312
string128,sip,16384,iter-dense-for,micro,4,6047.276442
string128,sip,16384,iter-dense-for,baseline,4,6147.536058
string128,sip,16384,iter-dense-for,quick_cache,4,7072.407609
string128,sip,16384,iter-dense-for,lru,4,24895.830357
string128,sip,16384,iter-dense-for,micro,5,6175.980769
string128,sip,16384,iter-dense-for,baseline,5,6029.897837
string128,sip,16384,iter-dense-for,quick_cache,5,8058.203125
string128,sip,16384,iter-dense-for,lru,5,24315.665179
string128,sip,16384,iter-dense-for,hashlink,5,20471.843750
string128,sip,16384,iter-dense-for,baseline,6,6072.866587
string128,sip,16384,iter-dense-for,quick_cache,6,7065.726902
string128,sip,16384,iter-dense-for,lru,6,26063.583333
string128,sip,16384,iter-dense-for,hashlink,6,20566.570312
string128,sip,16384,iter-dense-for,micro,6,6081.830529
string128,sip,16384,iter-dense-for,quick_cache,7,7068.896739
string128,sip,16384,iter-dense-for,lru,7,25771.950893
string128,sip,16384,iter-dense-for,hashlink,7,22598.959821
string128,sip,16384,iter-dense-for,micro,7,6107.070913
string128,sip,16384,iter-dense-for,baseline,7,6065.756010
string128,sip,16384,iter-dense-for,lru,8,24859.933036
string128,sip,16384,iter-dense-for,hashlink,8,20654.136719
string128,sip,16384,iter-dense-for,micro,8,6093.750000
string128,sip,16384,iter-dense-for,baseline,8,6117.337740
string128,sip,16384,iter-dense-for,quick_cache,8,7110.735795
string128,sip,16384,iter-density-1pct,micro,0,6329.011250
string128,sip,16384,iter-density-1pct,baseline,0,6333.490000
string128,sip,16384,iter-density-1pct,quick_cache,0,6595.160156
string128,sip,16384,iter-density-1pct,lru,0,180.095514
string128,sip,16384,iter-density-1pct,hashlink,0,172.341545
string128,sip,16384,iter-density-1pct,baseline,1,6192.358173
string128,sip,16384,iter-density-1pct,quick_cache,1,6615.885417
string128,sip,16384,iter-density-1pct,lru,1,174.821449
string128,sip,16384,iter-density-1pct,hashlink,1,173.901279
string128,sip,16384,iter-density-1pct,micro,1,6455.833750
string128,sip,16384,iter-density-1pct,quick_cache,2,6757.757812
string128,sip,16384,iter-density-1pct,lru,2,181.436702
string128,sip,16384,iter-density-1pct,hashlink,2,174.174659
string128,sip,16384,iter-density-1pct,micro,2,6522.460938
string128,sip,16384,iter-density-1pct,baseline,2,6587.510417
string128,sip,16384,iter-density-1pct,lru,3,179.299276
string128,sip,16384,iter-density-1pct,hashlink,3,176.383782
string128,sip,16384,iter-density-1pct,micro,3,6456.458750
string128,sip,16384,iter-density-1pct,baseline,3,6511.770000
string128,sip,16384,iter-density-1pct,quick_cache,3,6729.980469
string128,sip,16384,iter-density-1pct,hashlink,4,177.207341
string128,sip,16384,iter-density-1pct,micro,4,6445.312500
string128,sip,16384,iter-density-1pct,baseline,4,6595.324219
string128,sip,16384,iter-density-1pct,quick_cache,4,6748.860677
string128,sip,16384,iter-density-1pct,lru,4,181.688262
string128,sip,16384,iter-density-1pct,micro,5,6655.110677
string128,sip,16384,iter-density-1pct,baseline,5,6540.201823
string128,sip,16384,iter-density-1pct,quick_cache,5,6988.168478
string128,sip,16384,iter-density-1pct,lru,5,178.911291
string128,sip,16384,iter-density-1pct,hashlink,5,176.684640
string128,sip,16384,iter-density-1pct,baseline,6,6483.906250
string128,sip,16384,iter-density-1pct,quick_cache,6,6744.846354
string128,sip,16384,iter-density-1pct,lru,6,178.416631
string128,sip,16384,iter-density-1pct,hashlink,6,180.440784
string128,sip,16384,iter-density-1pct,micro,6,6464.426250
string128,sip,16384,iter-density-1pct,quick_cache,7,6270.000000
string128,sip,16384,iter-density-1pct,lru,7,185.807744
string128,sip,16384,iter-density-1pct,hashlink,7,171.670623
string128,sip,16384,iter-density-1pct,micro,7,6114.532452
string128,sip,16384,iter-density-1pct,baseline,7,6188.200721
string128,sip,16384,iter-density-1pct,lru,8,174.835990
string128,sip,16384,iter-density-1pct,hashlink,8,173.252148
string128,sip,16384,iter-density-1pct,micro,8,6212.239183
string128,sip,16384,iter-density-1pct,baseline,8,6241.986779
string128,sip,16384,iter-density-1pct,quick_cache,8,6604.384115
string128,sip,16384,iter-density-6pct,micro,0,5524.380388
string128,sip,16384,iter-density-6pct,baseline,0,5585.398707
string128,sip,16384,iter-density-6pct,quick_cache,0,6523.382812
string128,sip,16384,iter-density-6pct,lru,0,1261.928679
string128,sip,16384,iter-density-6pct,hashlink,0,1238.619587
string128,sip,16384,iter-density-6pct,baseline,1,5547.009698
string128,sip,16384,iter-density-6pct,quick_cache,1,6416.406250
string128,sip,16384,iter-density-6pct,lru,1,1242.032490
string128,sip,16384,iter-density-6pct,hashlink,1,1258.948000
string128,sip,16384,iter-density-6pct,micro,1,5458.871767
string128,sip,16384,iter-density-6pct,quick_cache,2,6346.510000
string128,sip,16384,iter-density-6pct,lru,2,1278.370681
string128,sip,16384,iter-density-6pct,hashlink,2,1237.789124
string128,sip,16384,iter-density-6pct,micro,2,5515.938578
string128,sip,16384,iter-density-6pct,baseline,2,5509.024784
string128,sip,16384,iter-density-6pct,lru,3,1243.996032
string128,sip,16384,iter-density-6pct,hashlink,3,1232.211860
string128,sip,16384,iter-density-6pct,micro,3,5487.473060
string128,sip,16384,iter-density-6pct,baseline,3,5501.077586
string128,sip,16384,iter-density-6pct,quick_cache,3,6390.468750
string128,sip,16384,iter-density-6pct,hashlink,4,1244.843254
string128,sip,16384,iter-density-6pct,micro,4,5436.691810
string128,sip,16384,iter-density-6pct,baseline,4,5525.323276
string128,sip,16384,iter-density-6pct,quick_cache,4,6393.957500
string128,sip,16384,iter-density-6pct,lru,4,1252.854000
string128,sip,16384,iter-density-6pct,micro,5,5621.930804
string128,sip,16384,iter-density-6pct,baseline,5,5562.365302
string128,sip,16384,iter-density-6pct,quick_cache,5,6397.135000
string128,sip,16384,iter-density-6pct,lru,5,1256.510250
string128,sip,16384,iter-density-6pct,hashlink,5,1248.966766
string128,sip,16384,iter-density-6pct,baseline,6,5476.067888
string128,sip,16384,iter-density-6pct,quick_cache,6,6406.093750
string128,sip,16384,iter-density-6pct,lru,6,1254.666500
string128,sip,16384,iter-density-6pct,hashlink,6,1249.710565
string128,sip,16384,iter-density-6pct,micro,6,5447.557112
string128,sip,16384,iter-density-6pct,quick_cache,7,6531.033854
string128,sip,16384,iter-density-6pct,lru,7,1299.984762
string128,sip,16384,iter-density-6pct,hashlink,7,1261.351058
string128,sip,16384,iter-density-6pct,micro,7,5464.664871
string128,sip,16384,iter-density-6pct,baseline,7,5470.275862
string128,sip,16384,iter-density-6pct,lru,8,1257.281250
string128,sip,16384,iter-density-6pct,hashlink,8,1240.161954
string128,sip,16384,iter-density-6pct,micro,8,5464.887931
string128,sip,16384,iter-density-6pct,baseline,8,5471.398707
string128,sip,16384,iter-density-6pct,quick_cache,8,6358.802500
string128,sip,16384,iter-density-quarter,micro,0,5845.630787
string128,sip,16384,iter-density-quarter,baseline,0,5791.811343
string128,sip,16384,iter-density-quarter,quick_cache,0,6872.677989
string128,sip,16384,iter-density-quarter,lru,0,11190.939732
string128,sip,16384,iter-density-quarter,hashlink,0,8918.546875
string128,sip,16384,iter-density-quarter,baseline,1,5794.270833
string128,sip,16384,iter-density-quarter,quick_cache,1,6744.303385
string128,sip,16384,iter-density-quarter,lru,1,10670.052083
string128,sip,16384,iter-density-quarter,hashlink,1,8975.260417
string128,sip,16384,iter-density-quarter,micro,1,5791.328704
string128,sip,16384,iter-density-quarter,quick_cache,2,8250.715625
string128,sip,16384,iter-density-quarter,lru,2,10305.664062
string128,sip,16384,iter-density-quarter,hashlink,2,9205.078125
string128,sip,16384,iter-density-quarter,micro,2,5681.268973
string128,sip,16384,iter-density-quarter,baseline,2,5634.254464
string128,sip,16384,iter-density-quarter,lru,3,10352.539062
string128,sip,16384,iter-density-quarter,hashlink,3,8752.748264
string128,sip,16384,iter-density-quarter,micro,3,5823.976852
string128,sip,16384,iter-density-quarter,baseline,3,5860.002315
string128,sip,16384,iter-density-quarter,quick_cache,3,6789.876302
string128,sip,16384,iter-density-quarter,hashlink,4,8493.970395
string128,sip,16384,iter-density-quarter,micro,4,5876.591435
string128,sip,16384,iter-density-quarter,baseline,4,5810.136574
string128,sip,16384,iter-density-quarter,quick_cache,4,6726.671875
string128,sip,16384,iter-density-quarter,lru,4,11048.089583
string128,sip,16384,iter-density-quarter,micro,5,5808.641204
string128,sip,16384,iter-density-quarter,baseline,5,5869.164352
string128,sip,16384,iter-density-quarter,quick_cache,5,6551.920573
string128,sip,16384,iter-density-quarter,lru,5,9292.126838
string128,sip,16384,iter-density-quarter,hashlink,5,8362.458882
string128,sip,16384,iter-density-quarter,baseline,6,5794.366898
string128,sip,16384,iter-density-quarter,quick_cache,6,6737.195312
string128,sip,16384,iter-density-quarter,lru,6,10813.368750
string128,sip,16384,iter-density-quarter,hashlink,6,9202.742647
string128,sip,16384,iter-density-quarter,micro,6,5810.523148
string128,sip,16384,iter-density-quarter,quick_cache,7,6899.682065
string128,sip,16384,iter-density-quarter,lru,7,12540.466346
string128,sip,16384,iter-density-quarter,hashlink,7,10018.798828
string128,sip,16384,iter-density-quarter,micro,7,5655.180804
string128,sip,16384,iter-density-quarter,baseline,7,5801.504630
string128,sip,16384,iter-density-quarter,lru,8,10936.631250
string128,sip,16384,iter-density-quarter,hashlink,8,9923.339844
string128,sip,16384,iter-density-quarter,micro,8,5798.595982
string128,sip,16384,iter-density-quarter,baseline,8,5843.509259
string128,sip,16384,iter-density-quarter,quick_cache,8,6777.453125
string128,sip,16384,iter-density-half,micro,0,7909.506250
string128,sip,16384,iter-density-half,baseline,0,6015.865741
string128,sip,16384,iter-density-half,quick_cache,0,7117.305398
string128,sip,16384,iter-density-half,lru,0,17590.565972
string128,sip,16384,iter-density-half,hashlink,0,18272.569444
string128,sip,16384,iter-density-half,baseline,1,5985.435185
string128,sip,16384,iter-density-half,quick_cache,1,6853.375000
string128,sip,16384,iter-density-half,lru,1,18877.170139
string128,sip,16384,iter-density-half,hashlink,1,16158.203125
string128,sip,16384,iter-density-half,micro,1,8059.375000
string128,sip,16384,iter-density-half,quick_cache,2,6813.009511
string128,sip,16384,iter-density-half,lru,2,18317.708333
string128,sip,16384,iter-density-half,hashlink,2,17384.982639
string128,sip,16384,iter-density-half,micro,2,7922.265625
string128,sip,16384,iter-density-half,baseline,2,5929.302083
string128,sip,16384,iter-density-half,lru,3,18977.718750
string128,sip,16384,iter-density-half,hashlink,3,16471.093750
string128,sip,16384,iter-density-half,micro,3,7912.956250
string128,sip,16384,iter-density-half,baseline,3,5894.627315
string128,sip,16384,iter-density-half,quick_cache,3,6750.000000
string128,sip,16384,iter-density-half,hashlink,4,19583.913194
string128,sip,16384,iter-density-half,micro,4,7923.373438
string128,sip,16384,iter-density-half,baseline,4,5922.501157
string128,sip,16384,iter-density-half,quick_cache,4,6998.076087
string128,sip,16384,iter-density-half,lru,4,15339.372159
string128,sip,16384,iter-density-half,micro,5,7953.256250
string128,sip,16384,iter-density-half,baseline,5,5905.767361
string128,sip,16384,iter-density-half,quick_cache,5,6851.619565
string128,sip,16384,iter-density-half,lru,5,19391.059028
string128,sip,16384,iter-density-half,hashlink,5,16043.359375
string128,sip,16384,iter-density-half,baseline,6,5904.417824
string128,sip,16384,iter-density-half,quick_cache,6,6834.748641
string128,sip,16384,iter-density-half,lru,6,18117.475694
string128,sip,16384,iter-density-half,hashlink,6,17065.365625
string128,sip,16384,iter-density-half,micro,6,8031.640625
string128,sip,16384,iter-density-half,quick_cache,7,6859.657609
string128,sip,16384,iter-density-half,lru,7,18122.829861
string128,sip,16384,iter-density-half,hashlink,7,15923.956250
string128,sip,16384,iter-density-half,micro,7,7911.132812
string128,sip,16384,iter-density-half,baseline,7,5901.572917
string128,sip,16384,iter-density-half,lru,8,19447.336806
string128,sip,16384,iter-density-half,hashlink,8,15761.978125
string128,sip,16384,iter-density-half,micro,8,7691.903274
string128,sip,16384,iter-density-half,baseline,8,5944.444444
string128,sip,16384,iter-density-half,quick_cache,8,6862.149457
string128,sip,16384,iter-front,micro,0,5512.931034
string128,sip,16384,iter-front,baseline,0,5390.400862
string128,sip,16384,iter-front,quick_cache,0,6794.270380
string128,sip,16384,iter-front,lru,0,1.162946
string128,sip,16384,iter-front,hashlink,0,1.148095
string128,sip,16384,iter-front,baseline,1,5404.320043
string128,sip,16384,iter-front,quick_cache,1,6741.699219
string128,sip,16384,iter-front,lru,1,1.185481
string128,sip,16384,iter-front,hashlink,1,1.149404
string128,sip,16384,iter-front,micro,1,5429.462284
string128,sip,16384,iter-front,quick_cache,2,6894.588315
string128,sip,16384,iter-front,lru,2,1.202756
string128,sip,16384,iter-front,hashlink,2,1.131500
string128,sip,16384,iter-front,micro,2,5530.891164
string128,sip,16384,iter-front,baseline,2,5461.251078
string128,sip,16384,iter-front,lru,3,1.185275
string128,sip,16384,iter-front,hashlink,3,1.152116
string128,sip,16384,iter-front,micro,3,5471.129310
string128,sip,16384,iter-front,baseline,3,5591.193080
string128,sip,16384,iter-front,quick_cache,3,6930.027174
string128,sip,16384,iter-front,hashlink,4,1.131771
string128,sip,16384,iter-front,micro,4,5436.422414
string128,sip,16384,iter-front,baseline,4,6078.575721
string128,sip,16384,iter-front,quick_cache,4,11121.266667
string128,sip,16384,iter-front,lru,4,1.165540
string128,sip,16384,iter-front,micro,5,5495.375000
string128,sip,16384,iter-front,baseline,5,5434.671336
string128,sip,16384,iter-front,quick_cache,5,6639.377604
string128,sip,16384,iter-front,lru,5,1.203515
string128,sip,16384,iter-front,hashlink,5,1.143633
string128,sip,16384,iter-front,baseline,6,5217.910282
string128,sip,16384,iter-front,quick_cache,6,6645.127604
string128,sip,16384,iter-front,lru,6,1.169440
string128,sip,16384,iter-front,hashlink,6,1.161158
string128,sip,16384,iter-front,micro,6,5103.116935
string128,sip,16384,iter-front,quick_cache,7,6565.647135
string128,sip,16384,iter-front,lru,7,1.187581
string128,sip,16384,iter-front,hashlink,7,1.142329
string128,sip,16384,iter-front,micro,7,5457.525862
string128,sip,16384,iter-front,baseline,7,5580.953664
string128,sip,16384,iter-front,lru,8,1.202959
string128,sip,16384,iter-front,hashlink,8,1.147489
string128,sip,16384,iter-front,micro,8,5410.785560
string128,sip,16384,iter-front,baseline,8,5405.172414
string128,sip,16384,iter-front,quick_cache,8,6996.093750
string128,sip,16384,iter-back,micro,0,5459.904095
string128,sip,16384,iter-back,baseline,0,5391.657328
string128,sip,16384,iter-back,quick_cache,0,7096.184783
string128,sip,16384,iter-back,lru,0,1.187825
string128,sip,16384,iter-back,hashlink,0,1.141561
string128,sip,16384,iter-back,baseline,1,5500.538793
string128,sip,16384,iter-back,quick_cache,1,6947.917120
string128,sip,16384,iter-back,lru,1,1.174406
string128,sip,16384,iter-back,hashlink,1,1.148889
string128,sip,16384,iter-back,micro,1,5527.253233
string128,sip,16384,iter-back,quick_cache,2,7024.740489
string128,sip,16384,iter-back,lru,2,1.177104
string128,sip,16384,iter-back,hashlink,2,1.143884
string128,sip,16384,iter-back,micro,2,5451.508621
string128,sip,16384,iter-back,baseline,2,5327.257292
string128,sip,16384,iter-back,lru,3,1.180742
string128,sip,16384,iter-back,hashlink,3,1.139388
string128,sip,16384,iter-back,micro,3,5564.385776
string128,sip,16384,iter-back,baseline,3,5402.389009
string128,sip,16384,iter-back,quick_cache,3,6928.894022
string128,sip,16384,iter-back,hashlink,4,1.165036
string128,sip,16384,iter-back,micro,4,5341.450000
string128,sip,16384,iter-back,baseline,4,5625.650670
string128,sip,16384,iter-back,quick_cache,4,6926.233696
string128,sip,16384,iter-back,lru,4,1.185778
string128,sip,16384,iter-back,micro,5,5483.656250
string128,sip,16384,iter-back,baseline,5,5472.969828
string128,sip,16384,iter-back,quick_cache,5,6896.908967
string128,sip,16384,iter-back,lru,5,1.197749
string128,sip,16384,iter-back,hashlink,5,1.134730
string128,sip,16384,iter-back,baseline,6,5532.327586
string128,sip,16384,iter-back,quick_cache,6,7043.817935
string128,sip,16384,iter-back,lru,6,1.176564
string128,sip,16384,iter-back,hashlink,6,1.149573
string128,sip,16384,iter-back,micro,6,5397.135776
string128,sip,16384,iter-back,quick_cache,7,6960.540761
string128,sip,16384,iter-back,lru,7,1.219474
string128,sip,16384,iter-back,hashlink,7,1.139779
string128,sip,16384,iter-back,micro,7,5371.614583
string128,sip,16384,iter-back,baseline,7,5482.983836
string128,sip,16384,iter-back,lru,8,1.221829
string128,sip,16384,iter-back,hashlink,8,1.131017
string128,sip,16384,iter-back,micro,8,5415.230603
string128,sip,16384,iter-back,baseline,8,5444.684267
string128,sip,16384,iter-back,quick_cache,8,6923.233696
string128,sip,16384,iter-empty,micro,0,0.920612
string128,sip,16384,iter-empty,baseline,0,5492.052802
string128,sip,16384,iter-empty,quick_cache,0,6936.366848
string128,sip,16384,iter-empty,lru,0,0.982247
string128,sip,16384,iter-empty,hashlink,0,0.977724
string128,sip,16384,iter-empty,baseline,1,5290.320833
string128,sip,16384,iter-empty,quick_cache,1,6716.851562
string128,sip,16384,iter-empty,lru,1,0.976733
string128,sip,16384,iter-empty,hashlink,1,0.992467
string128,sip,16384,iter-empty,micro,1,0.938067
string128,sip,16384,iter-empty,quick_cache,2,6723.524740
string128,sip,16384,iter-empty,lru,2,0.980374
string128,sip,16384,iter-empty,hashlink,2,0.987225
string128,sip,16384,iter-empty,micro,2,0.942981
string128,sip,16384,iter-empty,baseline,2,5286.891667
string128,sip,16384,iter-empty,lru,3,0.953401
string128,sip,16384,iter-empty,hashlink,3,1.001583
string128,sip,16384,iter-empty,micro,3,0.929584
string128,sip,16384,iter-empty,baseline,3,5355.208333
string128,sip,16384,iter-empty,quick_cache,3,6836.164402
string128,sip,16384,iter-empty,hashlink,4,1.011176
string128,sip,16384,iter-empty,micro,4,0.916213
string128,sip,16384,iter-empty,baseline,4,5425.242457
string128,sip,16384,iter-empty,quick_cache,4,6800.894022
string128,sip,16384,iter-empty,lru,4,0.980724
string128,sip,16384,iter-empty,micro,5,0.921253
string128,sip,16384,iter-empty,baseline,5,5476.921336
string128,sip,16384,iter-empty,quick_cache,5,6852.129076
string128,sip,16384,iter-empty,lru,5,0.992322
string128,sip,16384,iter-empty,hashlink,5,0.992070
string128,sip,16384,iter-empty,baseline,6,5492.950431
string128,sip,16384,iter-empty,quick_cache,6,6933.989130
string128,sip,16384,iter-empty,lru,6,0.985357
string128,sip,16384,iter-empty,hashlink,6,0.997676
string128,sip,16384,iter-empty,micro,6,0.920574
string128,sip,16384,iter-empty,quick_cache,7,6964.107337
string128,sip,16384,iter-empty,lru,7,0.981131
string128,sip,16384,iter-empty,hashlink,7,0.988142
string128,sip,16384,iter-empty,micro,7,0.921562
string128,sip,16384,iter-empty,baseline,7,5409.752155
string128,sip,16384,iter-empty,lru,8,0.986975
string128,sip,16384,iter-empty,hashlink,8,0.960238
string128,sip,16384,iter-empty,micro,8,0.925273
string128,sip,16384,iter-empty,baseline,8,5482.174569
string128,sip,16384,iter-empty,quick_cache,8,6624.186198
string128,sip,16384,iter-count,micro,0,0.398140
string128,sip,16384,iter-count,baseline,0,5358.520508
string128,sip,16384,iter-count,quick_cache,0,7927.842448
string128,sip,16384,iter-count,lru,0,0.393636
string128,sip,16384,iter-count,hashlink,0,0.395600
string128,sip,16384,iter-count,baseline,1,5438.761719
string128,sip,16384,iter-count,quick_cache,1,8785.807292
string128,sip,16384,iter-count,lru,1,0.409306
string128,sip,16384,iter-count,hashlink,1,0.407788
string128,sip,16384,iter-count,micro,1,0.396738
string128,sip,16384,iter-count,quick_cache,2,7430.664062
string128,sip,16384,iter-count,lru,2,0.377787
string128,sip,16384,iter-count,hashlink,2,0.394566
string128,sip,16384,iter-count,micro,2,0.398597
string128,sip,16384,iter-count,baseline,2,5377.685547
string128,sip,16384,iter-count,lru,3,0.393683
string128,sip,16384,iter-count,hashlink,3,0.394435
string128,sip,16384,iter-count,micro,3,0.400221
string128,sip,16384,iter-count,baseline,3,5598.835938
string128,sip,16384,iter-count,quick_cache,3,7911.295573
string128,sip,16384,iter-count,hashlink,4,0.394821
string128,sip,16384,iter-count,micro,4,0.398931
string128,sip,16384,iter-count,baseline,4,5505.777344
string128,sip,16384,iter-count,quick_cache,4,7931.152344
string128,sip,16384,iter-count,lru,4,0.398321
string128,sip,16384,iter-count,micro,5,0.402834
string128,sip,16384,iter-count,baseline,5,5463.705078
string128,sip,16384,iter-count,quick_cache,5,8089.626302
string128,sip,16384,iter-count,lru,5,0.396006
string128,sip,16384,iter-count,hashlink,5,0.395987
string128,sip,16384,iter-count,baseline,6,5380.859375
string128,sip,16384,iter-count,quick_cache,6,7928.764323
string128,sip,16384,iter-count,lru,6,0.396147
string128,sip,16384,iter-count,hashlink,6,0.395586
string128,sip,16384,iter-count,micro,6,0.401861
string128,sip,16384,iter-count,quick_cache,7,7919.000000
string128,sip,16384,iter-count,lru,7,0.389771
string128,sip,16384,iter-count,hashlink,7,0.400641
string128,sip,16384,iter-count,micro,7,0.400579
string128,sip,16384,iter-count,baseline,7,5446.411133
string128,sip,16384,iter-count,lru,8,0.396255
string128,sip,16384,iter-count,hashlink,8,0.396694
string128,sip,16384,iter-count,micro,8,0.393117
string128,sip,16384,iter-count,baseline,8,5423.869141
string128,sip,16384,iter-count,quick_cache,8,7811.523438
string128,ahash,128,iter-dense,micro,0,38.369422
string128,ahash,128,iter-dense,baseline,0,38.010635
string128,ahash,128,iter-dense,quick_cache,0,34.641882
string128,ahash,128,iter-dense,lru,0,129.394531
string128,ahash,128,iter-dense,hashlink,0,130.383184
string128,ahash,128,iter-dense,baseline,1,39.672054
string128,ahash,128,iter-dense,quick_cache,1,29.759213
string128,ahash,128,iter-dense,lru,1,133.479665
string128,ahash,128,iter-dense,hashlink,1,126.812145
string128,ahash,128,iter-dense,micro,1,35.727516
string128,ahash,128,iter-dense,quick_cache,2,29.025527
string128,ahash,128,iter-dense,lru,2,127.872673
string128,ahash,128,iter-dense,hashlink,2,126.120258
string128,ahash,128,iter-dense,micro,2,37.500127
string128,ahash,128,iter-dense,baseline,2,37.987664
string128,ahash,128,iter-dense,lru,3,127.961129
string128,ahash,128,iter-dense,hashlink,3,130.712401
string128,ahash,128,iter-dense,micro,3,37.664068
string128,ahash,128,iter-dense,baseline,3,37.854099
string128,ahash,128,iter-dense,quick_cache,3,29.484080
string128,ahash,128,iter-dense,hashlink,4,130.272370
string128,ahash,128,iter-dense,micro,4,38.416582
string128,ahash,128,iter-dense,baseline,4,38.170379
string128,ahash,128,iter-dense,quick_cache,4,30.448503
string128,ahash,128,iter-dense,lru,4,128.056306
string128,ahash,128,iter-dense,micro,5,37.258084
string128,ahash,128,iter-dense,baseline,5,38.022734
string128,ahash,128,iter-dense,quick_cache,5,29.162001
string128,ahash,128,iter-dense,lru,5,126.716775
string128,ahash,128,iter-dense,hashlink,5,126.827364
string128,ahash,128,iter-dense,baseline,6,37.942818
string128,ahash,128,iter-dense,quick_cache,6,29.620853
string128,ahash,128,iter-dense,lru,6,130.531146
string128,ahash,128,iter-dense,hashlink,6,130.493114
string128,ahash,128,iter-dense,micro,6,37.747207
string128,ahash,128,iter-dense,quick_cache,7,29.575998
string128,ahash,128,iter-dense,lru,7,130.187734
string128,ahash,128,iter-dense,hashlink,7,132.832413
string128,ahash,128,iter-dense,micro,7,37.719874
string128,ahash,128,iter-dense,baseline,7,37.831336
string128,ahash,128,iter-dense,lru,8,129.455339
string128,ahash,128,iter-dense,hashlink,8,130.721102
string128,ahash,128,iter-dense,micro,8,38.291656
string128,ahash,128,iter-dense,baseline,8,40.349455
string128,ahash,128,iter-dense,quick_cache,8,29.951912
string128,ahash,128,iter-dense-for,micro,0,38.230976
string128,ahash,128,iter-dense-for,baseline,0,38.396100
string128,ahash,128,iter-dense-for,quick_cache,0,69.091581
string128,ahash,128,iter-dense-for,lru,0,79.444284
string128,ahash,128,iter-dense-for,hashlink,0,71.399854
string128,ahash,128,iter-dense-for,baseline,1,38.325707
string128,ahash,128,iter-dense-for,quick_cache,1,68.323226
string128,ahash,128,iter-dense-for,lru,1,78.769484
string128,ahash,128,iter-dense-for,hashlink,1,70.799827
string128,ahash,128,iter-dense-for,micro,1,38.440121
string128,ahash,128,iter-dense-for,quick_cache,2,68.291644
string128,ahash,128,iter-dense-for,lru,2,79.024220
string128,ahash,128,iter-dense-for,hashlink,2,70.325987
string128,ahash,128,iter-dense-for,micro,2,37.664701
string128,ahash,128,iter-dense-for,baseline,2,38.312983
string128,ahash,128,iter-dense-for,lru,3,79.415841
string128,ahash,128,iter-dense-for,hashlink,3,69.914597
string128,ahash,128,iter-dense-for,micro,3,37.614664
string128,ahash,128,iter-dense-for,baseline,3,38.546359
string128,ahash,128,iter-dense-for,quick_cache,3,68.691621
string128,ahash,128,iter-dense-for,hashlink,4,74.090950
string128,ahash,128,iter-dense-for,micro,4,39.821714
string128,ahash,128,iter-dense-for,baseline,4,39.740034
string128,ahash,128,iter-dense-for,quick_cache,4,64.531611
string128,ahash,128,iter-dense-for,lru,4,95.257598
string128,ahash,128,iter-dense-for,micro,5,39.735889
string128,ahash,128,iter-dense-for,baseline,5,38.082843
string128,ahash,128,iter-dense-for,quick_cache,5,67.866641
string128,ahash,128,iter-dense-for,lru,5,81.429407
string128,ahash,128,iter-dense-for,hashlink,5,75.274341
string128,ahash,128,iter-dense-for,baseline,6,36.537183
string128,ahash,128,iter-dense-for,quick_cache,6,38.565384
string128,ahash,128,iter-dense-for,lru,6,78.554224
string128,ahash,128,iter-dense-for,hashlink,6,69.586668
string128,ahash,128,iter-dense-for,micro,6,36.996863
string128,ahash,128,iter-dense-for,quick_cache,7,37.476888
string128,ahash,128,iter-dense-for,lru,7,77.762889
string128,ahash,128,iter-dense-for,hashlink,7,70.190896
string128,ahash,128,iter-dense-for,micro,7,37.114942
string128,ahash,128,iter-dense-for,baseline,7,37.721760
string128,ahash,128,iter-dense-for,lru,8,78.176463
string128,ahash,128,iter-dense-for,hashlink,8,72.724000
string128,ahash,128,iter-dense-for,micro,8,37.405756
string128,ahash,128,iter-dense-for,baseline,8,37.496124
string128,ahash,128,iter-dense-for,quick_cache,8,38.150154
string128,ahash,128,iter-density-1pct,micro,0,37.904423
string128,ahash,128,iter-density-1pct,baseline,0,32.758451
string128,ahash,128,iter-density-1pct,quick_cache,0,25.649458
string128,ahash,128,iter-density-1pct,lru,0,1.279207
string128,ahash,128,iter-density-1pct,hashlink,0,1.487968
string128,ahash,128,iter-density-1pct,baseline,1,32.861514
string128,ahash,128,iter-density-1pct,quick_cache,1,25.881009
string128,ahash,128,iter-density-1pct,lru,1,1.285913
string128,ahash,128,iter-density-1pct,hashlink,1,1.520474
string128,ahash,128,iter-density-1pct,micro,1,38.148880
string128,ahash,128,iter-density-1pct,quick_cache,2,26.051220
string128,ahash,128,iter-density-1pct,lru,2,1.279888
string128,ahash,128,iter-density-1pct,hashlink,2,1.514814
string128,ahash,128,iter-density-1pct,micro,2,38.630833
string128,ahash,128,iter-density-1pct,baseline,2,32.560494
string128,ahash,128,iter-density-1pct,lru,3,1.280108
string128,ahash,128,iter-density-1pct,hashlink,3,1.483405
string128,ahash,128,iter-density-1pct,micro,3,37.888284
string128,ahash,128,iter-density-1pct,baseline,3,32.599892
string128,ahash,128,iter-density-1pct,quick_cache,3,21.674838
string128,ahash,128,iter-density-1pct,hashlink,4,1.485914
string128,ahash,128,iter-density-1pct,micro,4,37.488319
string128,ahash,128,iter-density-1pct,baseline,4,32.535277
string128,ahash,128,iter-density-1pct,quick_cache,4,21.860538
string128,ahash,128,iter-density-1pct,lru,4,1.295423
string128,ahash,128,iter-density-1pct,micro,5,37.513187
string128,ahash,128,iter-density-1pct,baseline,5,32.545303
string128,ahash,128,iter-density-1pct,quick_cache,5,21.704102
string128,ahash,128,iter-density-1pct,lru,5,1.290629
string128,ahash,128,iter-density-1pct,hashlink,5,1.533261
string128,ahash,128,iter-density-1pct,baseline,6,32.962126
string128,ahash,128,iter-density-1pct,quick_cache,6,21.786840
string128,ahash,128,iter-density-1pct,lru,6,1.272964
string128,ahash,128,iter-density-1pct,hashlink,6,1.495444
string128,ahash,128,iter-density-1pct,micro,6,37.216822
string128,ahash,128,iter-density-1pct,quick_cache,7,21.729275
string128,ahash,128,iter-density-1pct,lru,7,1.278401
string128,ahash,128,iter-density-1pct,hashlink,7,1.493872
string128,ahash,128,iter-density-1pct,micro,7,37.486193
string128,ahash,128,iter-density-1pct,baseline,7,32.479552
string128,ahash,128,iter-density-1pct,lru,8,1.286824
string128,ahash,128,iter-density-1pct,hashlink,8,1.671588
string128,ahash,128,iter-density-1pct,micro,8,36.255924
string128,ahash,128,iter-density-1pct,baseline,8,32.341900
string128,ahash,128,iter-density-1pct,quick_cache,8,25.953870
string128,ahash,128,iter-density-6pct,micro,0,36.151110
string128,ahash,128,iter-density-6pct,baseline,0,35.680351
string128,ahash,128,iter-density-6pct,quick_cache,0,26.893960
string128,ahash,128,iter-density-6pct,lru,0,3.222274
string128,ahash,128,iter-density-6pct,hashlink,0,4.514498
string128,ahash,128,iter-density-6pct,baseline,1,36.780095
string128,ahash,128,iter-density-6pct,quick_cache,1,26.777266
string128,ahash,128,iter-density-6pct,lru,1,3.196173
string128,ahash,128,iter-density-6pct,hashlink,1,4.498086
string128,ahash,128,iter-density-6pct,micro,1,35.453416
string128,ahash,128,iter-density-6pct,quick_cache,2,26.702500
string128,ahash,128,iter-density-6pct,lru,2,3.217789
string128,ahash,128,iter-density-6pct,hashlink,2,4.547079
string128,ahash,128,iter-density-6pct,micro,2,35.426646
string128,ahash,128,iter-density-6pct,baseline,2,35.522697
string128,ahash,128,iter-density-6pct,lru,3,3.195754
string128,ahash,128,iter-density-6pct,hashlink,3,4.593271
string128,ahash,128,iter-density-6pct,micro,3,35.952600
string128,ahash,128,iter-density-6pct,baseline,3,34.420023
string128,ahash,128,iter-density-6pct,quick_cache,3,26.019122
string128,ahash,128,iter-density-6pct,hashlink,4,4.458082
string128,ahash,128,iter-density-6pct,micro,4,35.630351
string128,ahash,128,iter-density-6pct,baseline,4,35.237282
string128,ahash,128,iter-density-6pct,quick_cache,4,23.223482
string128,ahash,128,iter-density-6pct,lru,4,3.207814
string128,ahash,128,iter-density-6pct,micro,5,35.531655
string128,ahash,128,iter-density-6pct,baseline,5,34.961081
string128,ahash,128,iter-density-6pct,quick_cache,5,23.451960
string128,ahash,128,iter-density-6pct,lru,5,3.240316
string128,ahash,128,iter-density-6pct,hashlink,5,4.517593
string128,ahash,128,iter-density-6pct,baseline,6,35.624017
string128,ahash,128,iter-density-6pct,quick_cache,6,20.667496
string128,ahash,128,iter-density-6pct,lru,6,3.238570
string128,ahash,128,iter-density-6pct,hashlink,6,4.581210
string128,ahash,128,iter-density-6pct,micro,6,35.844022
string128,ahash,128,iter-density-6pct,quick_cache,7,21.305414
string128,ahash,128,iter-density-6pct,lru,7,3.216940
string128,ahash,128,iter-density-6pct,hashlink,7,4.500807
string128,ahash,128,iter-density-6pct,micro,7,35.808784
string128,ahash,128,iter-density-6pct,baseline,7,36.007402
string128,ahash,128,iter-density-6pct,lru,8,3.199838
string128,ahash,128,iter-density-6pct,hashlink,8,4.542661
string128,ahash,128,iter-density-6pct,micro,8,35.778081
string128,ahash,128,iter-density-6pct,baseline,8,35.521503
string128,ahash,128,iter-density-6pct,quick_cache,8,21.185157
string128,ahash,128,iter-density-quarter,micro,0,37.239089
string128,ahash,128,iter-density-quarter,baseline,0,36.691293
string128,ahash,128,iter-density-quarter,quick_cache,0,24.096473
string128,ahash,128,iter-density-quarter,lru,0,18.752468
string128,ahash,128,iter-density-quarter,hashlink,0,19.109908
string128,ahash,128,iter-density-quarter,baseline,1,36.599210
string128,ahash,128,iter-density-quarter,quick_cache,1,21.763288
string128,ahash,128,iter-density-quarter,lru,1,18.509880
string128,ahash,128,iter-density-quarter,hashlink,1,18.577636
string128,ahash,128,iter-density-quarter,micro,1,36.996552
string128,ahash,128,iter-density-quarter,quick_cache,2,24.750926
string128,ahash,128,iter-density-quarter,lru,2,18.593731
string128,ahash,128,iter-density-quarter,hashlink,2,18.590081
string128,ahash,128,iter-density-quarter,micro,2,36.810071
string128,ahash,128,iter-density-quarter,baseline,2,36.562215
string128,ahash,128,iter-density-quarter,lru,3,18.411276
string128,ahash,128,iter-density-quarter,hashlink,3,18.860169
string128,ahash,128,iter-density-quarter,micro,3,36.580561
string128,ahash,128,iter-density-quarter,baseline,3,36.565878
string128,ahash,128,iter-density-quarter,quick_cache,3,21.597309
string128,ahash,128,iter-density-quarter,hashlink,4,19.043742
string128,ahash,128,iter-density-quarter,micro,4,36.623118
string128,ahash,128,iter-density-quarter,baseline,4,36.484174
string128,ahash,128,iter-density-quarter,quick_cache,4,21.664802
string128,ahash,128,iter-density-quarter,lru,4,18.600215
string128,ahash,128,iter-density-quarter,micro,5,36.710367
string128,ahash,128,iter-density-quarter,baseline,5,34.782697
string128,ahash,128,iter-density-quarter,quick_cache,5,24.761864
string128,ahash,128,iter-density-quarter,lru,5,18.383577
string128,ahash,128,iter-density-quarter,hashlink,5,18.613665
string128,ahash,128,iter-density-quarter,baseline,6,36.527422
string128,ahash,128,iter-density-quarter,quick_cache,6,25.257723
string128,ahash,128,iter-density-quarter,lru,6,18.952456
string128,ahash,128,iter-density-quarter,hashlink,6,18.763884
string128,ahash,128,iter-density-quarter,micro,6,36.438600
string128,ahash,128,iter-density-quarter,quick_cache,7,21.914296
string128,ahash,128,iter-density-quarter,lru,7,18.987886
string128,ahash,128,iter-density-quarter,hashlink,7,19.091230
string128,ahash,128,iter-density-quarter,micro,7,36.445582
string128,ahash,128,iter-density-quarter,baseline,7,36.916349
string128,ahash,128,iter-density-quarter,lru,8,18.963642
string128,ahash,128,iter-density-quarter,hashlink,8,18.882647
string128,ahash,128,iter-density-quarter,micro,8,36.684822
string128,ahash,128,iter-density-quarter,baseline,8,36.919118
string128,ahash,128,iter-density-quarter,quick_cache,8,21.908301
string128,ahash,128,iter-density-half,micro,0,37.410971
string128,ahash,128,iter-density-half,baseline,0,63.085600
string128,ahash,128,iter-density-half,quick_cache,0,24.727632
string128,ahash,128,iter-density-half,lru,0,51.482903
string128,ahash,128,iter-density-half,hashlink,0,50.944640
string128,ahash,128,iter-density-half,baseline,1,62.857200
string128,ahash,128,iter-density-half,quick_cache,1,24.742267
string128,ahash,128,iter-density-half,lru,1,50.830382
string128,ahash,128,iter-density-half,hashlink,1,52.258832
string128,ahash,128,iter-density-half,micro,1,35.215820
string128,ahash,128,iter-density-half,quick_cache,2,24.191250
string128,ahash,128,iter-density-half,lru,2,48.602741
string128,ahash,128,iter-density-half,hashlink,2,49.144634
string128,ahash,128,iter-density-half,micro,2,36.150510
string128,ahash,128,iter-density-half,baseline,2,60.864790
string128,ahash,128,iter-density-half,lru,3,48.522314
string128,ahash,128,iter-density-half,hashlink,3,50.022257
string128,ahash,128,iter-density-half,micro,3,37.000377
string128,ahash,128,iter-density-half,baseline,3,61.873701
string128,ahash,128,iter-density-half,quick_cache,3,24.605913
string128,ahash,128,iter-density-half,hashlink,4,50.028509
string128,ahash,128,iter-density-half,micro,4,36.635404
string128,ahash,128,iter-density-half,baseline,4,61.165301
string128,ahash,128,iter-density-half,quick_cache,4,24.313526
string128,ahash,128,iter-density-half,lru,4,51.672123
string128,ahash,128,iter-density-half,micro,5,36.854179
string128,ahash,128,iter-density-half,baseline,5,61.353835
string128,ahash,128,iter-density-half,quick_cache,5,24.574746
string128,ahash,128,iter-density-half,lru,5,49.818278
string128,ahash,128,iter-density-half,hashlink,5,49.596934
string128,ahash,128,iter-density-half,baseline,6,61.269380
string128,ahash,128,iter-density-half,quick_cache,6,24.597547
string128,ahash,128,iter-density-half,lru,6,49.484523
string128,ahash,128,iter-density-half,hashlink,6,49.316868
string128,ahash,128,iter-density-half,micro,6,36.501526
string128,ahash,128,iter-density-half,quick_cache,7,24.718369
string128,ahash,128,iter-density-half,lru,7,50.669788
string128,ahash,128,iter-density-half,hashlink,7,49.295150
string128,ahash,128,iter-density-half,micro,7,36.419191
string128,ahash,128,iter-density-half,baseline,7,61.708362
string128,ahash,128,iter-density-half,lru,8,49.534885
string128,ahash,128,iter-density-half,hashlink,8,51.956927
string128,ahash,128,iter-density-half,micro,8,36.163923
string128,ahash,128,iter-density-half,baseline,8,61.480146
string128,ahash,128,iter-density-half,quick_cache,8,24.522157
string128,ahash,128,iter-front,micro,0,36.624341
string128,ahash,128,iter-front,baseline,0,35.744446
string128,ahash,128,iter-front,quick_cache,0,21.873141
string128,ahash,128,iter-front,lru,0,1.140802
string128,ahash,128,iter-front,hashlink,0,1.149692
string128,ahash,128,iter-front,baseline,1,35.528699
string128,ahash,128,iter-front,quick_cache,1,21.194481
string128,ahash,128,iter-front,lru,1,1.183936
string128,ahash,128,iter-front,hashlink,1,1.156876
string128,ahash,128,iter-front,micro,1,36.868806
string128,ahash,128,iter-front,quick_cache,2,22.244586
string128,ahash,128,iter-front,lru,2,1.186508
string128,ahash,128,iter-front,hashlink,2,1.173524
string128,ahash,128,iter-front,micro,2,37.993420
string128,ahash,128,iter-front,baseline,2,36.585160
string128,ahash,128,iter-front,lru,3,1.180198
string128,ahash,128,iter-front,hashlink,3,1.168705
string128,ahash,128,iter-front,micro,3,37.659677
string128,ahash,128,iter-front,baseline,3,36.604438
string128,ahash,128,iter-front,quick_cache,3,22.123248
string128,ahash,128,iter-front,hashlink,4,1.152201
string128,ahash,128,iter-front,micro,4,37.667518
string128,ahash,128,iter-front,baseline,4,36.543901
string128,ahash,128,iter-front,quick_cache,4,22.248883
string128,ahash,128,iter-front,lru,4,1.191166
string128,ahash,128,iter-front,micro,5,37.536782
string128,ahash,128,iter-front,baseline,5,36.844258
string128,ahash,128,iter-front,quick_cache,5,22.268647
string128,ahash,128,iter-front,lru,5,1.211062
string128,ahash,128,iter-front,hashlink,5,1.167064
string128,ahash,128,iter-front,baseline,6,37.981018
string128,ahash,128,iter-front,quick_cache,6,22.383111
string128,ahash,128,iter-front,lru,6,1.184493
string128,ahash,128,iter-front,hashlink,6,1.151692
string128,ahash,128,iter-front,micro,6,37.720191
string128,ahash,128,iter-front,quick_cache,7,22.630417
string128,ahash,128,iter-front,lru,7,1.190531
string128,ahash,128,iter-front,hashlink,7,1.161658
string128,ahash,128,iter-front,micro,7,37.890185
string128,ahash,128,iter-front,baseline,7,37.104122
string128,ahash,128,iter-front,lru,8,1.195495
string128,ahash,128,iter-front,hashlink,8,1.166236
string128,ahash,128,iter-front,micro,8,37.920294
string128,ahash,128,iter-front,baseline,8,37.096703
string128,ahash,128,iter-front,quick_cache,8,22.594798
string128,ahash,128,iter-back,micro,0,38.698443
string128,ahash,128,iter-back,baseline,0,37.544547
string128,ahash,128,iter-back,quick_cache,0,22.162379
string128,ahash,128,iter-back,lru,0,1.188665
string128,ahash,128,iter-back,hashlink,0,1.168486
string128,ahash,128,iter-back,baseline,1,38.551690
string128,ahash,128,iter-back,quick_cache,1,22.086462
string128,ahash,128,iter-back,lru,1,1.178169
string128,ahash,128,iter-back,hashlink,1,1.152711
string128,ahash,128,iter-back,micro,1,38.714716
string128,ahash,128,iter-back,quick_cache,2,22.156835
string128,ahash,128,iter-back,lru,2,1.188773
string128,ahash,128,iter-back,hashlink,2,1.161701
string128,ahash,128,iter-back,micro,2,38.802210
string128,ahash,128,iter-back,baseline,2,37.778357
string128,ahash,128,iter-back,lru,3,1.185670
string128,ahash,128,iter-back,hashlink,3,1.177397
string128,ahash,128,iter-back,micro,3,38.711582
string128,ahash,128,iter-back,baseline,3,38.118331
string128,ahash,128,iter-back,quick_cache,3,21.946142
string128,ahash,128,iter-back,hashlink,4,1.153477
string128,ahash,128,iter-back,micro,4,38.566024
string128,ahash,128,iter-back,baseline,4,36.637852
string128,ahash,128,iter-back,quick_cache,4,21.461754
string128,ahash,128,iter-back,lru,4,1.173850
string128,ahash,128,iter-back,micro,5,37.572253
string128,ahash,128,iter-back,baseline,5,36.953424
string128,ahash,128,iter-back,quick_cache,5,20.901606
string128,ahash,128,iter-back,lru,5,1.237232
string128,ahash,128,iter-back,hashlink,5,1.433315
string128,ahash,128,iter-back,baseline,6,37.584739
string128,ahash,128,iter-back,quick_cache,6,22.479904
string128,ahash,128,iter-back,lru,6,1.148475
string128,ahash,128,iter-back,hashlink,6,1.168626
string128,ahash,128,iter-back,micro,6,37.304107
string128,ahash,128,iter-back,quick_cache,7,21.529584
string128,ahash,128,iter-back,lru,7,1.147454
string128,ahash,128,iter-back,hashlink,7,1.131640
string128,ahash,128,iter-back,micro,7,35.861368
string128,ahash,128,iter-back,baseline,7,35.970052
string128,ahash,128,iter-back,lru,8,1.148677
string128,ahash,128,iter-back,hashlink,8,1.161175
string128,ahash,128,iter-back,micro,8,37.758849
string128,ahash,128,iter-back,baseline,8,36.769610
string128,ahash,128,iter-back,quick_cache,8,21.873320
string128,ahash,128,iter-empty,micro,0,0.918270
string128,ahash,128,iter-empty,baseline,0,36.530162
string128,ahash,128,iter-empty,quick_cache,0,21.836099
string128,ahash,128,iter-empty,lru,0,0.995160
string128,ahash,128,iter-empty,hashlink,0,1.013886
string128,ahash,128,iter-empty,baseline,1,36.456202
string128,ahash,128,iter-empty,quick_cache,1,22.063347
string128,ahash,128,iter-empty,lru,1,0.986084
string128,ahash,128,iter-empty,hashlink,1,0.988611
string128,ahash,128,iter-empty,micro,1,0.923169
string128,ahash,128,iter-empty,quick_cache,2,21.075870
string128,ahash,128,iter-empty,lru,2,0.958477
string128,ahash,128,iter-empty,hashlink,2,0.982365
string128,ahash,128,iter-empty,micro,2,0.912031
string128,ahash,128,iter-empty,baseline,2,36.533223
string128,ahash,128,iter-empty,lru,3,0.975386
string128,ahash,128,iter-empty,hashlink,3,1.001859
string128,ahash,128,iter-empty,micro,3,0.913049
string128,ahash,128,iter-empty,baseline,3,36.473229
string128,ahash,128,iter-empty,quick_cache,3,21.784888
string128,ahash,128,iter-empty,hashlink,4,1.010046
string128,ahash,128,iter-empty,micro,4,0.917655
string128,ahash,128,iter-empty,baseline,4,36.445276
string128,ahash,128,iter-empty,quick_cache,4,22.116985
string128,ahash,128,iter-empty,lru,4,0.980337
string128,ahash,128,iter-empty,micro,5,0.912531
string128,ahash,128,iter-empty,baseline,5,36.576896
string128,ahash,128,iter-empty,quick_cache,5,21.881783
string128,ahash,128,iter-empty,lru,5,0.977063
string128,ahash,128,iter-empty,hashlink,5,0.993312
string128,ahash,128,iter-empty,baseline,6,36.298330
string128,ahash,128,iter-empty,quick_cache,6,21.876203
string128,ahash,128,iter-empty,lru,6,0.986302
string128,ahash,128,iter-empty,hashlink,6,0.996105
string128,ahash,128,iter-empty,micro,6,0.911924
string128,ahash,128,iter-empty,quick_cache,7,22.043946
string128,ahash,128,iter-empty,lru,7,0.988474
string128,ahash,128,iter-empty,hashlink,7,1.009145
string128,ahash,128,iter-empty,micro,7,0.911610
string128,ahash,128,iter-empty,baseline,7,36.828037
string128,ahash,128,iter-empty,lru,8,0.982946
string128,ahash,128,iter-empty,hashlink,8,0.995071
string128,ahash,128,iter-empty,micro,8,0.916535
string128,ahash,128,iter-empty,baseline,8,36.535963
string128,ahash,128,iter-empty,quick_cache,8,21.890980
string128,ahash,128,iter-count,micro,0,0.393398
string128,ahash,128,iter-count,baseline,0,35.819812
string128,ahash,128,iter-count,quick_cache,0,52.515604
string128,ahash,128,iter-count,lru,0,0.395672
string128,ahash,128,iter-count,hashlink,0,0.394598
string128,ahash,128,iter-count,baseline,1,35.982936
string128,ahash,128,iter-count,quick_cache,1,52.503540
string128,ahash,128,iter-count,lru,1,0.393350
string128,ahash,128,iter-count,hashlink,1,0.399715
string128,ahash,128,iter-count,micro,1,0.396545
string128,ahash,128,iter-count,quick_cache,2,53.720328
string128,ahash,128,iter-count,lru,2,0.395629
string128,ahash,128,iter-count,hashlink,2,0.394901
string128,ahash,128,iter-count,micro,2,0.396371
string128,ahash,128,iter-count,baseline,2,36.316450
string128,ahash,128,iter-count,lru,3,0.412060
string128,ahash,128,iter-count,hashlink,3,0.399939
string128,ahash,128,iter-count,micro,3,0.397607
string128,ahash,128,iter-count,baseline,3,36.455297
string128,ahash,128,iter-count,quick_cache,3,51.306277
string128,ahash,128,iter-count,hashlink,4,0.383304
string128,ahash,128,iter-count,micro,4,0.394069
string128,ahash,128,iter-count,baseline,4,35.609254
string128,ahash,128,iter-count,quick_cache,4,52.230031
string128,ahash,128,iter-count,lru,4,0.393457
string128,ahash,128,iter-count,micro,5,0.400633
string128,ahash,128,iter-count,baseline,5,36.162293
string128,ahash,128,iter-count,quick_cache,5,52.491329
string128,ahash,128,iter-count,lru,5,0.388488
string128,ahash,128,iter-count,hashlink,5,0.392107
string128,ahash,128,iter-count,baseline,6,36.049628
string128,ahash,128,iter-count,quick_cache,6,52.895376
string128,ahash,128,iter-count,lru,6,0.389270
string128,ahash,128,iter-count,hashlink,6,0.396003
string128,ahash,128,iter-count,micro,6,0.398495
string128,ahash,128,iter-count,quick_cache,7,54.111745
string128,ahash,128,iter-count,lru,7,0.399705
string128,ahash,128,iter-count,hashlink,7,0.397622
string128,ahash,128,iter-count,micro,7,0.400592
string128,ahash,128,iter-count,baseline,7,36.280177
string128,ahash,128,iter-count,lru,8,0.394251
string128,ahash,128,iter-count,hashlink,8,0.399780
string128,ahash,128,iter-count,micro,8,0.409112
string128,ahash,128,iter-count,baseline,8,34.299616
string128,ahash,128,iter-count,quick_cache,8,51.117391
string128,ahash,1024,iter-dense,micro,0,267.296528
string128,ahash,1024,iter-dense,baseline,0,267.785477
string128,ahash,1024,iter-dense,quick_cache,0,260.457917
string128,ahash,1024,iter-dense,lru,0,1230.345719
string128,ahash,1024,iter-dense,hashlink,0,1225.687500
string128,ahash,1024,iter-dense,baseline,1,265.587436
string128,ahash,1024,iter-dense,quick_cache,1,260.575104
string128,ahash,1024,iter-dense,lru,1,1262.285786
string128,ahash,1024,iter-dense,hashlink,1,1223.083496
string128,ahash,1024,iter-dense,micro,1,265.771152
string128,ahash,1024,iter-dense,quick_cache,2,255.372141
string128,ahash,1024,iter-dense,lru,2,1261.120212
string128,ahash,1024,iter-dense,hashlink,2,1294.636622
string128,ahash,1024,iter-dense,micro,2,266.962617
string128,ahash,1024,iter-dense,baseline,2,267.702964
string128,ahash,1024,iter-dense,lru,3,1228.159668
string128,ahash,1024,iter-dense,hashlink,3,1228.627441
string128,ahash,1024,iter-dense,micro,3,266.470134
string128,ahash,1024,iter-dense,baseline,3,269.000108
string128,ahash,1024,iter-dense,quick_cache,3,249.810703
string128,ahash,1024,iter-dense,hashlink,4,1243.324157
string128,ahash,1024,iter-dense,micro,4,267.892498
string128,ahash,1024,iter-dense,baseline,4,270.693663
string128,ahash,1024,iter-dense,quick_cache,4,261.342078
string128,ahash,1024,iter-dense,lru,4,1228.129150
string128,ahash,1024,iter-dense,micro,5,268.596059
string128,ahash,1024,iter-dense,baseline,5,268.629618
string128,ahash,1024,iter-dense,quick_cache,5,260.960142
string128,ahash,1024,iter-dense,lru,5,1282.722848
string128,ahash,1024,iter-dense,hashlink,5,1245.225694
string128,ahash,1024,iter-dense,baseline,6,267.803296
string128,ahash,1024,iter-dense,quick_cache,6,255.514706
string128,ahash,1024,iter-dense,lru,6,1236.138533
string128,ahash,1024,iter-dense,hashlink,6,1227.986572
string128,ahash,1024,iter-dense,micro,6,267.365545
string128,ahash,1024,iter-dense,quick_cache,7,258.294576
string128,ahash,1024,iter-dense,lru,7,1232.888533
string128,ahash,1024,iter-dense,hashlink,7,1229.013916
string128,ahash,1024,iter-dense,micro,7,266.773784
string128,ahash,1024,iter-dense,baseline,7,270.549470
string128,ahash,1024,iter-dense,lru,8,1243.727431
string128,ahash,1024,iter-dense,hashlink,8,1240.844246
string128,ahash,1024,iter-dense,micro,8,265.216737
string128,ahash,1024,iter-dense,baseline,8,268.685567
string128,ahash,1024,iter-dense,quick_cache,8,249.993760
string128,ahash,1024,iter-dense-for,micro,0,271.207918
string128,ahash,1024,iter-dense-for,baseline,0,266.474606
string128,ahash,1024,iter-dense-for,quick_cache,0,470.640343
string128,ahash,1024,iter-dense-for,lru,0,724.585359
string128,ahash,1024,iter-dense-for,hashlink,0,872.685243
string128,ahash,1024,iter-dense-for,baseline,1,268.037093
string128,ahash,1024,iter-dense-for,quick_cache,1,497.972233
string128,ahash,1024,iter-dense-for,lru,1,731.077103
string128,ahash,1024,iter-dense-for,hashlink,1,876.432961
string128,ahash,1024,iter-dense-for,micro,1,269.239888
string128,ahash,1024,iter-dense-for,quick_cache,2,504.031853
string128,ahash,1024,iter-dense-for,lru,2,748.380084
string128,ahash,1024,iter-dense-for,hashlink,2,875.240049
string128,ahash,1024,iter-dense-for,micro,2,271.660699
string128,ahash,1024,iter-dense-for,baseline,2,273.046630
string128,ahash,1024,iter-dense-for,lru,3,783.196719
string128,ahash,1024,iter-dense-for,hashlink,3,876.789455
string128,ahash,1024,iter-dense-for,micro,3,272.155815
string128,ahash,1024,iter-dense-for,baseline,3,272.207880
string128,ahash,1024,iter-dense-for,quick_cache,3,503.491760
string128,ahash,1024,iter-dense-for,hashlink,4,884.291137
string128,ahash,1024,iter-dense-for,micro,4,270.295877
string128,ahash,1024,iter-dense-for,baseline,4,274.259868
string128,ahash,1024,iter-dense-for,quick_cache,4,509.305476
string128,ahash,1024,iter-dense-for,lru,4,744.661458
string128,ahash,1024,iter-dense-for,micro,5,270.409818
string128,ahash,1024,iter-dense-for,baseline,5,275.404379
string128,ahash,1024,iter-dense-for,quick_cache,5,507.499594
string128,ahash,1024,iter-dense-for,lru,5,742.897068
string128,ahash,1024,iter-dense-for,hashlink,5,870.370312
string128,ahash,1024,iter-dense-for,baseline,6,273.239456
string128,ahash,1024,iter-dense-for,quick_cache,6,515.222348
string128,ahash,1024,iter-dense-for,lru,6,746.657887
string128,ahash,1024,iter-dense-for,hashlink,6,888.442472
string128,ahash,1024,iter-dense-for,micro,6,270.250864
string128,ahash,1024,iter-dense-for,quick_cache,7,504.418649
string128,ahash,1024,iter-dense-for,lru,7,742.162767
string128,ahash,1024,iter-dense-for,hashlink,7,878.789326
string128,ahash,1024,iter-dense-for,micro,7,270.028282
string128,ahash,1024,iter-dense-for,baseline,7,272.203315
string128,ahash,1024,iter-dense-for,lru,8,747.575595
string128,ahash,1024,iter-dense-for,hashlink,8,882.775808
string128,ahash,1024,iter-dense-for,micro,8,274.080560
string128,ahash,1024,iter-dense-for,baseline,8,271.257582
string128,ahash,1024,iter-dense-for,quick_cache,8,504.977319
string128,ahash,1024,iter-density-1pct,micro,0,348.682837
string128,ahash,1024,iter-density-1pct,baseline,0,340.384375
string128,ahash,1024,iter-density-1pct,quick_cache,0,207.824260
string128,ahash,1024,iter-density-1pct,lru,0,4.388922
string128,ahash,1024,iter-density-1pct,hashlink,0,5.699115
string128,ahash,1024,iter-density-1pct,baseline,1,321.419405
string128,ahash,1024,iter-density-1pct,quick_cache,1,170.736388
string128,ahash,1024,iter-density-1pct,lru,1,4.215829
string128,ahash,1024,iter-density-1pct,hashlink,1,5.915472
string128,ahash,1024,iter-density-1pct,micro,1,331.338784
string128,ahash,1024,iter-density-1pct,quick_cache,2,174.659567
string128,ahash,1024,iter-density-1pct,lru,2,4.248339
string128,ahash,1024,iter-density-1pct,hashlink,2,5.939032
string128,ahash,1024,iter-density-1pct,micro,2,334.468483
string128,ahash,1024,iter-density-1pct,baseline,2,327.582897
string128,ahash,1024,iter-density-1pct,lru,3,4.229374
string128,ahash,1024,iter-density-1pct,hashlink,3,5.926692
string128,ahash,1024,iter-density-1pct,micro,3,335.262714
string128,ahash,1024,iter-density-1pct,baseline,3,337.163793
string128,ahash,1024,iter-density-1pct,quick_cache,3,172.720994
string128,ahash,1024,iter-density-1pct,hashlink,4,5.929390
string128,ahash,1024,iter-density-1pct,micro,4,339.151776
string128,ahash,1024,iter-density-1pct,baseline,4,325.583203
string128,ahash,1024,iter-density-1pct,quick_cache,4,172.651076
string128,ahash,1024,iter-density-1pct,lru,4,4.268812
string128,ahash,1024,iter-density-1pct,micro,5,337.146956
string128,ahash,1024,iter-density-1pct,baseline,5,326.888271
string128,ahash,1024,iter-density-1pct,quick_cache,5,174.695915
string128,ahash,1024,iter-density-1pct,lru,5,4.261744
string128,ahash,1024,iter-density-1pct,hashlink,5,5.812488
string128,ahash,1024,iter-density-1pct,baseline,6,326.314588
string128,ahash,1024,iter-density-1pct,quick_cache,6,171.258899
string128,ahash,1024,iter-density-1pct,lru,6,4.197934
string128,ahash,1024,iter-density-1pct,hashlink,6,5.892768
string128,ahash,1024,iter-density-1pct,micro,6,346.963345
string128,ahash,1024,iter-density-1pct,quick_cache,7,175.672999
string128,ahash,1024,iter-density-1pct,lru,7,4.233041
string128,ahash,1024,iter-density-1pct,hashlink,7,5.980683
string128,ahash,1024,iter-density-1pct,micro,7,335.641363
string128,ahash,1024,iter-density-1pct,baseline,7,334.309896
string128,ahash,1024,iter-density-1pct,lru,8,4.251274
string128,ahash,1024,iter-density-1pct,hashlink,8,5.935747
string128,ahash,1024,iter-density-1pct,micro,8,334.939307
string128,ahash,1024,iter-density-1pct,baseline,8,332.748737
string128,ahash,1024,iter-density-1pct,quick_cache,8,175.885229
string128,ahash,1024,iter-density-6pct,micro,0,278.224144
string128,ahash,1024,iter-density-6pct,baseline,0,291.780842
string128,ahash,1024,iter-density-6pct,quick_cache,0,176.363220
string128,ahash,1024,iter-density-6pct,lru,0,49.684519
string128,ahash,1024,iter-density-6pct,hashlink,0,50.074505
string128,ahash,1024,iter-density-6pct,baseline,1,296.186967
string128,ahash,1024,iter-density-6pct,quick_cache,1,177.939562
string128,ahash,1024,iter-density-6pct,lru,1,49.870124
string128,ahash,1024,iter-density-6pct,hashlink,1,50.181639
string128,ahash,1024,iter-density-6pct,micro,1,293.291217
string128,ahash,1024,iter-density-6pct,quick_cache,2,176.274486
string128,ahash,1024,iter-density-6pct,lru,2,49.992342
string128,ahash,1024,iter-density-6pct,hashlink,2,50.260252
string128,ahash,1024,iter-density-6pct,micro,2,288.995148
string128,ahash,1024,iter-density-6pct,baseline,2,290.120594
string128,ahash,1024,iter-density-6pct,lru,3,50.580674
string128,ahash,1024,iter-density-6pct,hashlink,3,56.614685
string128,ahash,1024,iter-density-6pct,micro,3,294.226797
string128,ahash,1024,iter-density-6pct,baseline,3,274.424342
string128,ahash,1024,iter-density-6pct,quick_cache,3,180.759249
string128,ahash,1024,iter-density-6pct,hashlink,4,49.016821
string128,ahash,1024,iter-density-6pct,micro,4,279.782536
string128,ahash,1024,iter-density-6pct,baseline,4,300.726202
string128,ahash,1024,iter-density-6pct,quick_cache,4,161.995369
string128,ahash,1024,iter-density-6pct,lru,4,48.673826
string128,ahash,1024,iter-density-6pct,micro,5,307.422151
string128,ahash,1024,iter-density-6pct,baseline,5,265.368580
string128,ahash,1024,iter-density-6pct,quick_cache,5,174.313685
string128,ahash,1024,iter-density-6pct,lru,5,49.253871
string128,ahash,1024,iter-density-6pct,hashlink,5,49.879808
string128,ahash,1024,iter-density-6pct,baseline,6,286.444025
string128,ahash,1024,iter-density-6pct,quick_cache,6,176.052506
string128,ahash,1024,iter-density-6pct,lru,6,50.062230
string128,ahash,1024,iter-density-6pct,hashlink,6,50.201524
string128,ahash,1024,iter-density-6pct,micro,6,278.578543
string128,ahash,1024,iter-density-6pct,quick_cache,7,176.397009
string128,ahash,1024,iter-density-6pct,lru,7,49.593214
string128,ahash,1024,iter-density-6pct,hashlink,7,50.510646
string128,ahash,1024,iter-density-6pct,micro,7,297.653750
string128,ahash,1024,iter-density-6pct,baseline,7,288.704509
string128,ahash,1024,iter-density-6pct,lru,8,49.531171
string128,ahash,1024,iter-density-6pct,hashlink,8,50.497274
string128,ahash,1024,iter-density-6pct,micro,8,290.841368
string128,ahash,1024,iter-density-6pct,baseline,8,290.323516
string128,ahash,1024,iter-density-6pct,quick_cache,8,177.667791
string128,ahash,1024,iter-density-quarter,micro,0,260.308340
string128,ahash,1024,iter-density-quarter,baseline,0,372.464063
string128,ahash,1024,iter-density-quarter,quick_cache,0,164.827532
string128,ahash,1024,iter-density-quarter,lru,0,306.696814
string128,ahash,1024,iter-density-quarter,hashlink,0,287.264993
string128,ahash,1024,iter-density-quarter,baseline,1,252.791397
string128,ahash,1024,iter-density-quarter,quick_cache,1,172.731077
string128,ahash,1024,iter-density-quarter,lru,1,284.940403
string128,ahash,1024,iter-density-quarter,hashlink,1,289.643576
string128,ahash,1024,iter-density-quarter,micro,1,256.363115
string128,ahash,1024,iter-density-quarter,quick_cache,2,163.456394
string128,ahash,1024,iter-density-quarter,lru,2,292.026178
string128,ahash,1024,iter-density-quarter,hashlink,2,285.798960
string128,ahash,1024,iter-density-quarter,micro,2,249.497408
string128,ahash,1024,iter-density-quarter,baseline,2,244.659184
string128,ahash,1024,iter-density-quarter,lru,3,285.772738
string128,ahash,1024,iter-density-quarter,hashlink,3,287.638327
string128,ahash,1024,iter-density-quarter,micro,3,247.338113
string128,ahash,1024,iter-density-quarter,baseline,3,250.358300
string128,ahash,1024,iter-density-quarter,quick_cache,3,193.178307
string128,ahash,1024,iter-density-quarter,hashlink,4,285.607721
string128,ahash,1024,iter-density-quarter,micro,4,251.237189
string128,ahash,1024,iter-density-quarter,baseline,4,251.128612
string128,ahash,1024,iter-density-quarter,quick_cache,4,164.411639
string128,ahash,1024,iter-density-quarter,lru,4,287.760417
string128,ahash,1024,iter-density-quarter,micro,5,256.869612
string128,ahash,1024,iter-density-quarter,baseline,5,254.194157
string128,ahash,1024,iter-density-quarter,quick_cache,5,163.886432
string128,ahash,1024,iter-density-quarter,lru,5,284.389205
string128,ahash,1024,iter-density-quarter,hashlink,5,286.308093
string128,ahash,1024,iter-density-quarter,baseline,6,250.973967
string128,ahash,1024,iter-density-quarter,quick_cache,6,164.042006
string128,ahash,1024,iter-density-quarter,lru,6,285.462762
string128,ahash,1024,iter-density-quarter,hashlink,6,284.710383
string128,ahash,1024,iter-density-quarter,micro,6,249.406051
string128,ahash,1024,iter-density-quarter,quick_cache,7,163.444136
string128,ahash,1024,iter-density-quarter,lru,7,289.137130
string128,ahash,1024,iter-density-quarter,hashlink,7,294.452272
string128,ahash,1024,iter-density-quarter,micro,7,247.713599
string128,ahash,1024,iter-density-quarter,baseline,7,251.099318
string128,ahash,1024,iter-density-quarter,lru,8,287.568934
string128,ahash,1024,iter-density-quarter,hashlink,8,305.183411
string128,ahash,1024,iter-density-quarter,micro,8,248.274206
string128,ahash,1024,iter-density-quarter,baseline,8,253.703328
string128,ahash,1024,iter-density-quarter,quick_cache,8,164.236213
string128,ahash,1024,iter-density-half,micro,0,257.649506
string128,ahash,1024,iter-density-half,baseline,0,481.746731
string128,ahash,1024,iter-density-half,quick_cache,0,193.679678
string128,ahash,1024,iter-density-half,lru,0,598.302362
string128,ahash,1024,iter-density-half,hashlink,0,603.064904
string128,ahash,1024,iter-density-half,baseline,1,474.952652
string128,ahash,1024,iter-density-half,quick_cache,1,192.975193
string128,ahash,1024,iter-density-half,lru,1,603.673986
string128,ahash,1024,iter-density-half,hashlink,1,608.934217
string128,ahash,1024,iter-density-half,micro,1,258.008045
string128,ahash,1024,iter-density-half,quick_cache,2,194.261102
string128,ahash,1024,iter-density-half,lru,2,602.223558
string128,ahash,1024,iter-density-half,hashlink,2,640.571721
string128,ahash,1024,iter-density-half,micro,2,253.596029
string128,ahash,1024,iter-density-half,baseline,2,485.592100
string128,ahash,1024,iter-density-half,lru,3,597.387882
string128,ahash,1024,iter-density-half,hashlink,3,598.058802
string128,ahash,1024,iter-density-half,micro,3,257.039371
string128,ahash,1024,iter-density-half,baseline,3,477.697885
string128,ahash,1024,iter-density-half,quick_cache,3,189.833965
string128,ahash,1024,iter-density-half,hashlink,4,604.156612
string128,ahash,1024,iter-density-half,micro,4,248.646165
string128,ahash,1024,iter-density-half,baseline,4,473.701894
string128,ahash,1024,iter-density-half,quick_cache,4,193.016975
string128,ahash,1024,iter-density-half,lru,4,615.670153
string128,ahash,1024,iter-density-half,micro,5,255.781608
string128,ahash,1024,iter-density-half,baseline,5,479.410276
string128,ahash,1024,iter-density-half,quick_cache,5,194.515703
string128,ahash,1024,iter-density-half,lru,5,637.205793
string128,ahash,1024,iter-density-half,hashlink,5,615.425858
string128,ahash,1024,iter-density-half,baseline,6,478.840119
string128,ahash,1024,iter-density-half,quick_cache,6,194.853024
string128,ahash,1024,iter-density-half,lru,6,601.407212
string128,ahash,1024,iter-density-half,hashlink,6,601.071635
string128,ahash,1024,iter-density-half,micro,6,257.268555
string128,ahash,1024,iter-density-half,quick_cache,7,195.002416
string128,ahash,1024,iter-density-half,lru,7,602.003125
string128,ahash,1024,iter-density-half,hashlink,7,603.119952
string128,ahash,1024,iter-density-half,micro,7,256.277766
string128,ahash,1024,iter-density-half,baseline,7,481.382212
string128,ahash,1024,iter-density-half,lru,8,621.651786
string128,ahash,1024,iter-density-half,hashlink,8,602.253606
string128,ahash,1024,iter-density-half,micro,8,255.734707
string128,ahash,1024,iter-density-half,baseline,8,482.035288
string128,ahash,1024,iter-density-half,quick_cache,8,197.285354
string128,ahash,1024,iter-front,micro,0,253.699067
string128,ahash,1024,iter-front,baseline,0,252.104335
string128,ahash,1024,iter-front,quick_cache,0,163.789505
string128,ahash,1024,iter-front,lru,0,1.180876
string128,ahash,1024,iter-front,hashlink,0,1.157570
string128,ahash,1024,iter-front,baseline,1,257.289988
string128,ahash,1024,iter-front,quick_cache,1,163.623462
string128,ahash,1024,iter-front,lru,1,1.179931
string128,ahash,1024,iter-front,hashlink,1,1.169807
string128,ahash,1024,iter-front,micro,1,256.634442
string128,ahash,1024,iter-front,quick_cache,2,164.059778
string128,ahash,1024,iter-front,lru,2,1.209890
string128,ahash,1024,iter-front,hashlink,2,1.181609
string128,ahash,1024,iter-front,micro,2,258.372107
string128,ahash,1024,iter-front,baseline,2,255.608303
string128,ahash,1024,iter-front,lru,3,1.207870
string128,ahash,1024,iter-front,hashlink,3,1.169273
string128,ahash,1024,iter-front,micro,3,256.457070
string128,ahash,1024,iter-front,baseline,3,257.210681
string128,ahash,1024,iter-front,quick_cache,3,163.554459
string128,ahash,1024,iter-front,hashlink,4,1.179361
string128,ahash,1024,iter-front,micro,4,256.378074
string128,ahash,1024,iter-front,baseline,4,253.366035
string128,ahash,1024,iter-front,quick_cache,4,163.380845
string128,ahash,1024,iter-front,lru,4,1.188792
string128,ahash,1024,iter-front,micro,5,255.971256
string128,ahash,1024,iter-front,baseline,5,245.008033
string128,ahash,1024,iter-front,quick_cache,5,164.304844
string128,ahash,1024,iter-front,lru,5,1.188358
string128,ahash,1024,iter-front,hashlink,5,1.153366
string128,ahash,1024,iter-front,baseline,6,260.423177
string128,ahash,1024,iter-front,quick_cache,6,166.591718
string128,ahash,1024,iter-front,lru,6,1.190376
string128,ahash,1024,iter-front,hashlink,6,1.167160
string128,ahash,1024,iter-front,micro,6,263.439499
string128,ahash,1024,iter-front,quick_cache,7,166.404586
string128,ahash,1024,iter-front,lru,7,1.180296
string128,ahash,1024,iter-front,hashlink,7,1.153239
string128,ahash,1024,iter-front,micro,7,261.548913
string128,ahash,1024,iter-front,baseline,7,256.568144
string128,ahash,1024,iter-front,lru,8,1.182691
string128,ahash,1024,iter-front,hashlink,8,1.155661
string128,ahash,1024,iter-front,micro,8,262.605042
string128,ahash,1024,iter-front,baseline,8,257.054379
string128,ahash,1024,iter-front,quick_cache,8,168.013542
string128,ahash,1024,iter-back,micro,0,260.538177
string128,ahash,1024,iter-back,baseline,0,257.197882
string128,ahash,1024,iter-back,quick_cache,0,165.117080
string128,ahash,1024,iter-back,lru,0,1.198677
string128,ahash,1024,iter-back,hashlink,0,1.155781
string128,ahash,1024,iter-back,baseline,1,261.275303
string128,ahash,1024,iter-back,quick_cache,1,165.359061
string128,ahash,1024,iter-back,lru,1,1.175448
string128,ahash,1024,iter-back,hashlink,1,1.433762
string128,ahash,1024,iter-back,micro,1,254.557309
string128,ahash,1024,iter-back,quick_cache,2,185.749443
string128,ahash,1024,iter-back,lru,2,1.158265
string128,ahash,1024,iter-back,hashlink,2,1.176652
string128,ahash,1024,iter-back,micro,2,262.505243
string128,ahash,1024,iter-back,baseline,2,261.646896
string128,ahash,1024,iter-back,lru,3,1.184717
string128,ahash,1024,iter-back,hashlink,3,1.164533
string128,ahash,1024,iter-back,micro,3,260.984036
string128,ahash,1024,iter-back,baseline,3,257.298520
string128,ahash,1024,iter-back,quick_cache,3,168.542598
string128,ahash,1024,iter-back,hashlink,4,1.166515
string128,ahash,1024,iter-back,micro,4,262.275849
string128,ahash,1024,iter-back,baseline,4,260.685781
string128,ahash,1024,iter-back,quick_cache,4,165.762228
string128,ahash,1024,iter-back,lru,4,1.191775
string128,ahash,1024,iter-back,micro,5,261.718750
string128,ahash,1024,iter-back,baseline,5,255.712571
string128,ahash,1024,iter-back,quick_cache,5,165.978304
string128,ahash,1024,iter-back,lru,5,1.180448
string128,ahash,1024,iter-back,hashlink,5,1.151522
string128,ahash,1024,iter-back,baseline,6,263.360585
string128,ahash,1024,iter-back,quick_cache,6,166.855656
string128,ahash,1024,iter-back,lru,6,1.180707
string128,ahash,1024,iter-back,hashlink,6,1.150598
string128,ahash,1024,iter-back,micro,6,263.104114
string128,ahash,1024,iter-back,quick_cache,7,169.588564
string128,ahash,1024,iter-back,lru,7,1.186706
string128,ahash,1024,iter-back,hashlink,7,1.157099
string128,ahash,1024,iter-back,micro,7,261.906302
string128,ahash,1024,iter-back,baseline,7,259.375829
string128,ahash,1024,iter-back,lru,8,1.177051
string128,ahash,1024,iter-back,hashlink,8,1.152431
string128,ahash,1024,iter-back,micro,8,262.683824
string128,ahash,1024,iter-back,baseline,8,258.673399
string128,ahash,1024,iter-back,quick_cache,8,165.401786
string128,ahash,1024,iter-empty,micro,0,0.914315
string128,ahash,1024,iter-empty,baseline,0,260.553385
string128,ahash,1024,iter-empty,quick_cache,0,166.800060
string128,ahash,1024,iter-empty,lru,0,0.990322
string128,ahash,1024,iter-empty,hashlink,0,0.997644
string128,ahash,1024,iter-empty,baseline,1,260.923153
string128,ahash,1024,iter-empty,quick_cache,1,168.037366
string128,ahash,1024,iter-empty,lru,1,1.001937
string128,ahash,1024,iter-empty,hashlink,1,0.995572
string128,ahash,1024,iter-empty,micro,1,0.913721
string128,ahash,1024,iter-empty,quick_cache,2,165.354927
string128,ahash,1024,iter-empty,lru,2,0.989914
string128,ahash,1024,iter-empty,hashlink,2,0.994615
string128,ahash,1024,iter-empty,micro,2,0.900141
string128,ahash,1024,iter-empty,baseline,2,243.254666
string128,ahash,1024,iter-empty,lru,3,0.960534
string128,ahash,1024,iter-empty,hashlink,3,0.986184
string128,ahash,1024,iter-empty,micro,3,0.919421
string128,ahash,1024,iter-empty,baseline,3,255.401961
string128,ahash,1024,iter-empty,quick_cache,3,162.756341
string128,ahash,1024,iter-empty,hashlink,4,0.991421
string128,ahash,1024,iter-empty,micro,4,0.913978
string128,ahash,1024,iter-empty,baseline,4,260.510000
string128,ahash,1024,iter-empty,quick_cache,4,166.568224
string128,ahash,1024,iter-empty,lru,4,0.979028
string128,ahash,1024,iter-empty,micro,5,0.924409
string128,ahash,1024,iter-empty,baseline,5,259.237666
string128,ahash,1024,iter-empty,quick_cache,5,163.099844
string128,ahash,1024,iter-empty,lru,5,0.981347
string128,ahash,1024,iter-empty,hashlink,5,0.991944
string128,ahash,1024,iter-empty,baseline,6,254.763029
string128,ahash,1024,iter-empty,quick_cache,6,163.193991
string128,ahash,1024,iter-empty,lru,6,0.979096
string128,ahash,1024,iter-empty,hashlink,6,1.006467
string128,ahash,1024,iter-empty,micro,6,0.933466
string128,ahash,1024,iter-empty,quick_cache,7,168.138138
string128,ahash,1024,iter-empty,lru,7,0.967816
string128,ahash,1024,iter-empty,hashlink,7,0.976416
string128,ahash,1024,iter-empty,micro,7,0.915960
string128,ahash,1024,iter-empty,baseline,7,261.949958
string128,ahash,1024,iter-empty,lru,8,0.983403
string128,ahash,1024,iter-empty,hashlink,8,0.994792
string128,ahash,1024,iter-empty,micro,8,0.913556
string128,ahash,1024,iter-empty,baseline,8,254.478827
string128,ahash,1024,iter-empty,quick_cache,8,191.529144
string128,ahash,1024,iter-count,micro,0,0.392575
string128,ahash,1024,iter-count,baseline,0,253.895698
string128,ahash,1024,iter-count,quick_cache,0,470.393136
string128,ahash,1024,iter-count,lru,0,0.392095
string128,ahash,1024,iter-count,hashlink,0,0.398465
string128,ahash,1024,iter-count,baseline,1,252.777394
string128,ahash,1024,iter-count,quick_cache,1,470.900763
string128,ahash,1024,iter-count,lru,1,0.392951
string128,ahash,1024,iter-count,hashlink,1,0.394590
string128,ahash,1024,iter-count,micro,1,0.399432
string128,ahash,1024,iter-count,quick_cache,2,490.299512
string128,ahash,1024,iter-count,lru,2,0.394316
string128,ahash,1024,iter-count,hashlink,2,0.396977
string128,ahash,1024,iter-count,micro,2,0.397057
string128,ahash,1024,iter-count,baseline,2,255.020191
string128,ahash,1024,iter-count,lru,3,0.393998
string128,ahash,1024,iter-count,hashlink,3,0.399432
string128,ahash,1024,iter-count,micro,3,0.400771
string128,ahash,1024,iter-count,baseline,3,253.240585
string128,ahash,1024,iter-count,quick_cache,3,469.877697
string128,ahash,1024,iter-count,hashlink,4,0.395408
string128,ahash,1024,iter-count,micro,4,0.398361
string128,ahash,1024,iter-count,baseline,4,255.092076
string128,ahash,1024,iter-count,quick_cache,4,471.361886
string128,ahash,1024,iter-count,lru,4,0.396078
string128,ahash,1024,iter-count,micro,5,0.397918
string128,ahash,1024,iter-count,baseline,5,257.908871
string128,ahash,1024,iter-count,quick_cache,5,477.408060
string128,ahash,1024,iter-count,lru,5,0.393284
string128,ahash,1024,iter-count,hashlink,5,0.394968
string128,ahash,1024,iter-count,baseline,6,254.658736
string128,ahash,1024,iter-count,quick_cache,6,472.419829
string128,ahash,1024,iter-count,lru,6,0.392951
string128,ahash,1024,iter-count,hashlink,6,0.395977
string128,ahash,1024,iter-count,micro,6,0.398516
string128,ahash,1024,iter-count,quick_cache,7,478.948266
string128,ahash,1024,iter-count,lru,7,0.396606
string128,ahash,1024,iter-count,hashlink,7,0.399862
string128,ahash,1024,iter-count,micro,7,0.395786
string128,ahash,1024,iter-count,baseline,7,253.730970
string128,ahash,1024,iter-count,lru,8,0.396030
string128,ahash,1024,iter-count,hashlink,8,0.402515
string128,ahash,1024,iter-count,micro,8,0.398267
string128,ahash,1024,iter-count,baseline,8,260.952708
string128,ahash,1024,iter-count,quick_cache,8,473.489397
string128,ahash,16384,iter-dense,micro,0,6064.703125
string128,ahash,16384,iter-dense,baseline,0,6067.957933
string128,ahash,16384,iter-dense,quick_cache,0,6885.983696
string128,ahash,16384,iter-dense,lru,0,24760.602679
string128,ahash,16384,iter-dense,hashlink,0,23586.495536
string128,ahash,16384,iter-dense,baseline,1,5972.366898
string128,ahash,16384,iter-dense,quick_cache,1,6794.497283
string128,ahash,16384,iter-dense,lru,1,25216.147321
string128,ahash,16384,iter-dense,hashlink,1,25082.218750
string128,ahash,16384,iter-dense,micro,1,6000.868056
string128,ahash,16384,iter-dense,quick_cache,2,6937.385870
string128,ahash,16384,iter-dense,lru,2,24968.562500
string128,ahash,16384,iter-dense,hashlink,2,23371.276786
string128,ahash,16384,iter-dense,micro,2,6039.112981
string128,ahash,16384,iter-dense,baseline,2,6058.143029
string128,ahash,16384,iter-dense,lru,3,25011.535714
string128,ahash,16384,iter-dense,hashlink,3,24099.888393
string128,ahash,16384,iter-dense,micro,3,6073.217548
string128,ahash,16384,iter-dense,baseline,3,6034.354567
string128,ahash,16384,iter-dense,quick_cache,3,6880.661685
string128,ahash,16384,iter-dense,hashlink,4,26927.515625
string128,ahash,16384,iter-dense,micro,4,6011.318510
string128,ahash,16384,iter-dense,baseline,4,6109.926683
string128,ahash,16384,iter-dense,quick_cache,4,6943.274457
string128,ahash,16384,iter-dense,lru,4,26125.869792
string128,ahash,16384,iter-dense,micro,5,6048.328125
string128,ahash,16384,iter-dense,baseline,5,6062.199519
string128,ahash,16384,iter-dense,quick_cache,5,6911.854620
string128,ahash,16384,iter-dense,lru,5,32212.237500
string128,ahash,16384,iter-dense,hashlink,5,29390.192708
string128,ahash,16384,iter-dense,baseline,6,5842.978009
string128,ahash,16384,iter-dense,quick_cache,6,6831.578804
string128,ahash,16384,iter-dense,lru,6,26962.026042
string128,ahash,16384,iter-dense,hashlink,6,24050.593750
string128,ahash,16384,iter-dense,micro,6,5887.442130
string128,ahash,16384,iter-dense,quick_cache,7,6860.054348
string128,ahash,16384,iter-dense,lru,7,25544.267857
string128,ahash,16384,iter-dense,hashlink,7,25017.857143
string128,ahash,16384,iter-dense,micro,7,5867.670139
string128,ahash,16384,iter-dense,baseline,7,6036.808894
string128,ahash,16384,iter-dense,lru,8,26497.828125
string128,ahash,16384,iter-dense,hashlink,8,26520.182292
string128,ahash,16384,iter-dense,micro,8,6862.601902
string128,ahash,16384,iter-dense,baseline,8,6007.427083
string128,ahash,16384,iter-dense,quick_cache,8,7372.691761
string128,ahash,16384,iter-dense-for,micro,0,6084.134615
string128,ahash,16384,iter-dense-for,baseline,0,6084.183894
string128,ahash,16384,iter-dense-for,quick_cache,0,7878.710938
string128,ahash,16384,iter-dense-for,lru,0,21810.222656
string128,ahash,16384,iter-dense-for,hashlink,0,27283.854167
string128,ahash,16384,iter-dense-for,baseline,1,5940.201389
string128,ahash,16384,iter-dense-for,quick_cache,1,8039.778125
string128,ahash,16384,iter-dense-for,lru,1,21068.523438
string128,ahash,16384,iter-dense-for,hashlink,1,27163.192708
string128,ahash,16384,iter-dense-for,micro,1,6084.784856
string128,ahash,16384,iter-dense-for,quick_cache,2,8043.945312
string128,ahash,16384,iter-dense-for,lru,2,22476.004464
string128,ahash,16384,iter-dense-for,hashlink,2,26843.531250
string128,ahash,16384,iter-dense-for,micro,2,6062.150240
string128,ahash,16384,iter-dense-for,baseline,2,6074.569712
string128,ahash,16384,iter-dense-for,lru,3,21005.371094
string128,ahash,16384,iter-dense-for,hashlink,3,26798.390625
string128,ahash,16384,iter-dense-for,micro,3,6051.231971
string128,ahash,16384,iter-dense-for,baseline,3,6057.792067
string128,ahash,16384,iter-dense-for,quick_cache,3,8065.429688
string128,ahash,16384,iter-dense-for,hashlink,4,21005.695312
string128,ahash,16384,iter-dense-for,micro,4,6047.376202
string128,ahash,16384,iter-dense-for,baseline,4,6075.070913
string128,ahash,16384,iter-dense-for,quick_cache,4,8106.250000
string128,ahash,16384,iter-dense-for,lru,4,25123.696429
string128,ahash,16384,iter-dense-for,micro,5,6063.751202
string128,ahash,16384,iter-dense-for,baseline,5,6058.544471
string128,ahash,16384,iter-dense-for,quick_cache,5,8075.846875
string128,ahash,16384,iter-dense-for,lru,5,20876.464844
string128,ahash,16384,iter-dense-for,hashlink,5,26695.963542
string128,ahash,16384,iter-dense-for,baseline,6,6045.973558
string128,ahash,16384,iter-dense-for,quick_cache,6,8049.935938
string128,ahash,16384,iter-dense-for,lru,6,21018.718750
string128,ahash,16384,iter-dense-for,hashlink,6,27286.020833
string128,ahash,16384,iter-dense-for,micro,6,6049.879808
string128,ahash,16384,iter-dense-for,quick_cache,7,8055.989062
string128,ahash,16384,iter-dense-for,lru,7,22019.859375
string128,ahash,16384,iter-dense-for,hashlink,7,27199.218750
string128,ahash,16384,iter-dense-for,micro,7,6058.643029
string128,ahash,16384,iter-dense-for,baseline,7,6082.231971
string128,ahash,16384,iter-dense-for,lru,8,20803.871094
string128,ahash,16384,iter-dense-for,hashlink,8,26976.781250
string128,ahash,16384,iter-dense-for,micro,8,6050.330529
string128,ahash,16384,iter-dense-for,baseline,8,6078.075721
string128,ahash,16384,iter-dense-for,quick_cache,8,8075.912500
string128,ahash,16384,iter-density-1pct,micro,0,6549.695312
string128,ahash,16384,iter-density-1pct,baseline,0,6474.792500
string128,ahash,16384,iter-density-1pct,quick_cache,0,6752.766927
string128,ahash,16384,iter-density-1pct,lru,0,180.400843
string128,ahash,16384,iter-density-1pct,hashlink,0,176.924279
string128,ahash,16384,iter-density-1pct,baseline,1,6438.750000
string128,ahash,16384,iter-density-1pct,quick_cache,1,6824.161685
string128,ahash,16384,iter-density-1pct,lru,1,174.691585
string128,ahash,16384,iter-density-1pct,hashlink,1,178.102185
string128,ahash,16384,iter-density-1pct,micro,1,6483.281250
string128,ahash,16384,iter-density-1pct,quick_cache,2,6637.369792
string128,ahash,16384,iter-density-1pct,lru,2,174.189170
string128,ahash,16384,iter-density-1pct,hashlink,2,179.031250
string128,ahash,16384,iter-density-1pct,micro,2,6489.687500
string128,ahash,16384,iter-density-1pct,baseline,2,6542.752604
string128,ahash,16384,iter-density-1pct,lru,3,177.511918
string128,ahash,16384,iter-density-1pct,hashlink,3,188.161252
string128,ahash,16384,iter-density-1pct,micro,3,6502.500000
string128,ahash,16384,iter-density-1pct,baseline,3,6514.115000
string128,ahash,16384,iter-density-1pct,quick_cache,3,6819.972826
string128,ahash,16384,iter-density-1pct,hashlink,4,179.928726
string128,ahash,16384,iter-density-1pct,micro,4,6482.760000
string128,ahash,16384,iter-density-1pct,baseline,4,6538.248698
string128,ahash,16384,iter-density-1pct,quick_cache,4,6803.838315
string128,ahash,16384,iter-density-1pct,lru,4,179.882300
string128,ahash,16384,iter-density-1pct,micro,5,6547.037760
string128,ahash,16384,iter-density-1pct,baseline,5,6519.205729
string128,ahash,16384,iter-density-1pct,quick_cache,5,6807.128906
string128,ahash,16384,iter-density-1pct,lru,5,181.281105
string128,ahash,16384,iter-density-1pct,hashlink,5,181.197784
string128,ahash,16384,iter-density-1pct,baseline,6,6541.015625
string128,ahash,16384,iter-density-1pct,quick_cache,6,6919.836957
string128,ahash,16384,iter-density-1pct,lru,6,178.314175
string128,ahash,16384,iter-density-1pct,hashlink,6,177.673722
string128,ahash,16384,iter-density-1pct,micro,6,6479.843750
string128,ahash,16384,iter-density-1pct,quick_cache,7,6773.763021
string128,ahash,16384,iter-density-1pct,lru,7,178.443386
string128,ahash,16384,iter-density-1pct,hashlink,7,178.884511
string128,ahash,16384,iter-density-1pct,micro,7,6221.304087
string128,ahash,16384,iter-density-1pct,baseline,7,6067.007212
string128,ahash,16384,iter-density-1pct,lru,8,174.454450
string128,ahash,16384,iter-density-1pct,hashlink,8,181.571828
string128,ahash,16384,iter-density-1pct,micro,8,6146.433894
string128,ahash,16384,iter-density-1pct,baseline,8,6323.541250
string128,ahash,16384,iter-density-1pct,quick_cache,8,6583.278646
string128,ahash,16384,iter-density-6pct,micro,0,5570.447198
string128,ahash,16384,iter-density-6pct,baseline,0,5557.112069
string128,ahash,16384,iter-density-6pct,quick_cache,0,6355.886250
string128,ahash,16384,iter-density-6pct,lru,0,1244.605655
string128,ahash,16384,iter-density-6pct,hashlink,0,1239.686024
string128,ahash,16384,iter-density-6pct,baseline,1,5539.286638
string128,ahash,16384,iter-density-6pct,quick_cache,1,6446.406250
string128,ahash,16384,iter-density-6pct,lru,1,1245.081101
string128,ahash,16384,iter-density-6pct,hashlink,1,1252.687500
string128,ahash,16384,iter-density-6pct,micro,1,5640.345982
string128,ahash,16384,iter-density-6pct,quick_cache,2,6391.666250
string128,ahash,16384,iter-density-6pct,lru,2,1259.635250
string128,ahash,16384,iter-density-6pct,hashlink,2,1245.091518
string128,ahash,16384,iter-density-6pct,micro,2,5521.192888
string128,ahash,16384,iter-density-6pct,baseline,2,5556.933190
string128,ahash,16384,iter-density-6pct,lru,3,1242.063492
string128,ahash,16384,iter-density-6pct,hashlink,3,1247.550843
string128,ahash,16384,iter-density-6pct,micro,3,5474.542026
string128,ahash,16384,iter-density-6pct,baseline,3,5638.532366
string128,ahash,16384,iter-density-6pct,quick_cache,3,6431.197500
string128,ahash,16384,iter-density-6pct,hashlink,4,1246.889633
string128,ahash,16384,iter-density-6pct,micro,4,5536.053879
string128,ahash,16384,iter-density-6pct,baseline,4,5634.905134
string128,ahash,16384,iter-density-6pct,quick_cache,4,6435.937500
string128,ahash,16384,iter-density-6pct,lru,4,1278.540142
string128,ahash,16384,iter-density-6pct,micro,5,5571.794181
string128,ahash,16384,iter-density-6pct,baseline,5,5604.816964
string128,ahash,16384,iter-density-6pct,quick_cache,5,6372.865000
string128,ahash,16384,iter-density-6pct,lru,5,1239.531988
string128,ahash,16384,iter-density-6pct,hashlink,5,1244.450645
string128,ahash,16384,iter-density-6pct,baseline,6,5526.400862
string128,ahash,16384,iter-density-6pct,quick_cache,6,6453.125000
string128,ahash,16384,iter-density-6pct,lru,6,1249.524554
string128,ahash,16384,iter-density-6pct,hashlink,6,1238.609498
string128,ahash,16384,iter-density-6pct,micro,6,5589.797991
string128,ahash,16384,iter-density-6pct,quick_cache,7,6382.500000
string128,ahash,16384,iter-density-6pct,lru,7,1250.020750
string128,ahash,16384,iter-density-6pct,hashlink,7,1251.146000
string128,ahash,16384,iter-density-6pct,micro,7,5593.889509
string128,ahash,16384,iter-density-6pct,baseline,7,5627.418527
string128,ahash,16384,iter-density-6pct,lru,8,1250.458500
string128,ahash,16384,iter-density-6pct,hashlink,8,1251.843750
string128,ahash,16384,iter-density-6pct,micro,8,5609.839286
string128,ahash,16384,iter-density-6pct,baseline,8,5606.213170
string128,ahash,16384,iter-density-6pct,quick_cache,8,6429.687500
string128,ahash,16384,iter-density-quarter,micro,0,5842.158565
string128,ahash,16384,iter-density-quarter,baseline,0,5832.947917
string128,ahash,16384,iter-density-quarter,quick_cache,0,6887.058424
string128,ahash,16384,iter-density-quarter,lru,0,9498.698529
string128,ahash,16384,iter-density-quarter,hashlink,0,9310.279412
string128,ahash,16384,iter-density-quarter,baseline,1,5838.975694
string128,ahash,16384,iter-density-quarter,quick_cache,1,6754.666667
string128,ahash,16384,iter-density-quarter,lru,1,9625.306985
string128,ahash,16384,iter-density-quarter,hashlink,1,9334.865809
string128,ahash,16384,iter-density-quarter,micro,1,5832.946759
string128,ahash,16384,iter-density-quarter,quick_cache,2,6709.364583
string128,ahash,16384,iter-density-quarter,lru,2,9794.515625
string128,ahash,16384,iter-density-quarter,hashlink,2,9325.750000
string128,ahash,16384,iter-density-quarter,micro,2,5819.540509
string128,ahash,16384,iter-density-quarter,baseline,2,5848.524306
string128,ahash,16384,iter-density-quarter,lru,3,10593.922917
string128,ahash,16384,iter-density-quarter,hashlink,3,9490.272059
string128,ahash,16384,iter-density-quarter,micro,3,5863.811343
string128,ahash,16384,iter-density-quarter,baseline,3,5647.879464
string128,ahash,16384,iter-density-quarter,quick_cache,3,6519.687500
string128,ahash,16384,iter-density-quarter,hashlink,4,9880.046875
string128,ahash,16384,iter-density-quarter,micro,4,5738.839286
string128,ahash,16384,iter-density-quarter,baseline,4,5932.629630
string128,ahash,16384,iter-density-quarter,quick_cache,4,6651.259115
string128,ahash,16384,iter-density-quarter,lru,4,11796.502232
string128,ahash,16384,iter-density-quarter,micro,5,5837.865741
string128,ahash,16384,iter-density-quarter,baseline,5,5832.224537
string128,ahash,16384,iter-density-quarter,quick_cache,5,6983.525815
string128,ahash,16384,iter-density-quarter,lru,5,10854.514583
string128,ahash,16384,iter-density-quarter,hashlink,5,9362.976103
string128,ahash,16384,iter-density-quarter,baseline,6,5840.037037
string128,ahash,16384,iter-density-quarter,quick_cache,6,6863.620924
string128,ahash,16384,iter-density-quarter,lru,6,10942.968750
string128,ahash,16384,iter-density-quarter,hashlink,6,9239.889706
string128,ahash,16384,iter-density-quarter,micro,6,5841.290509
string128,ahash,16384,iter-density-quarter,quick_cache,7,6864.809783
string128,ahash,16384,iter-density-quarter,lru,7,11672.154018
string128,ahash,16384,iter-density-quarter,hashlink,7,9299.172794
string128,ahash,16384,iter-density-quarter,micro,7,5851.754630
string128,ahash,16384,iter-density-quarter,baseline,7,5966.290509
string128,ahash,16384,iter-density-quarter,lru,8,11473.026786
string128,ahash,16384,iter-density-quarter,hashlink,8,9296.952206
string128,ahash,16384,iter-density-quarter,micro,8,5861.593750
string128,ahash,16384,iter-density-quarter,baseline,8,5900.510417
string128,ahash,16384,iter-density-quarter,quick_cache,8,6836.447011
string128,ahash,16384,iter-density-half,micro,0,5965.518519
string128,ahash,16384,iter-density-half,baseline,0,8011.132812
string128,ahash,16384,iter-density-half,quick_cache,0,6877.717391
string128,ahash,16384,iter-density-half,lru,0,17131.640625
string128,ahash,16384,iter-density-half,hashlink,0,17262.500000
string128,ahash,16384,iter-density-half,baseline,1,7990.103125
string128,ahash,16384,iter-density-half,quick_cache,1,6895.777174
string128,ahash,16384,iter-density-half,lru,1,16804.037500
string128,ahash,16384,iter-density-half,hashlink,1,16977.734375
string128,ahash,16384,iter-density-half,micro,1,5941.984954
string128,ahash,16384,iter-density-half,quick_cache,2,6930.366848
string128,ahash,16384,iter-density-half,lru,2,16601.693750
string128,ahash,16384,iter-density-half,hashlink,2,17022.003125
string128,ahash,16384,iter-density-half,micro,2,5932.774306
string128,ahash,16384,iter-density-half,baseline,2,7997.915625
string128,ahash,16384,iter-density-half,lru,3,16966.668750
string128,ahash,16384,iter-density-half,hashlink,3,16901.821875
string128,ahash,16384,iter-density-half,micro,3,5947.434028
string128,ahash,16384,iter-density-half,baseline,3,8152.864062
string128,ahash,16384,iter-density-half,quick_cache,3,6828.691576
string128,ahash,16384,iter-density-half,hashlink,4,13874.239583
string128,ahash,16384,iter-density-half,micro,4,5836.854167
string128,ahash,16384,iter-density-half,baseline,4,7860.676562
string128,ahash,16384,iter-density-half,quick_cache,4,6728.515625
string128,ahash,16384,iter-density-half,lru,4,16595.571875
string128,ahash,16384,iter-density-half,micro,5,6097.506010
string128,ahash,16384,iter-density-half,baseline,5,8058.007812
string128,ahash,16384,iter-density-half,quick_cache,5,6978.487772
string128,ahash,16384,iter-density-half,lru,5,15481.178977
string128,ahash,16384,iter-density-half,hashlink,5,15756.768750
string128,ahash,16384,iter-density-half,baseline,6,7914.193750
string128,ahash,16384,iter-density-half,quick_cache,6,6808.650815
string128,ahash,16384,iter-density-half,lru,6,15368.843750
string128,ahash,16384,iter-density-half,hashlink,6,15841.015625
string128,ahash,16384,iter-density-half,micro,6,5911.603009
string128,ahash,16384,iter-density-half,quick_cache,7,6796.081522
string128,ahash,16384,iter-density-half,lru,7,15069.127841
string128,ahash,16384,iter-density-half,hashlink,7,17664.638889
string128,ahash,16384,iter-density-half,micro,7,5879.195602
string128,ahash,16384,iter-density-half,baseline,7,7969.271875
string128,ahash,16384,iter-density-half,lru,8,15422.585227
string128,ahash,16384,iter-density-half,hashlink,8,15923.437500
string128,ahash,16384,iter-density-half,micro,8,5960.696759
string128,ahash,16384,iter-density-half,baseline,8,8057.617188
string128,ahash,16384,iter-density-half,quick_cache,8,6811.877717
string128,ahash,16384,iter-front,micro,0,5446.030172
string128,ahash,16384,iter-front,baseline,0,5547.772629
string128,ahash,16384,iter-front,quick_cache,0,6713.541667
string128,ahash,16384,iter-front,lru,0,1.187554
string128,ahash,16384,iter-front,hashlink,0,1.156208
string128,ahash,16384,iter-front,baseline,1,5589.658482
string128,ahash,16384,iter-front,quick_cache,1,7008.775815
string128,ahash,16384,iter-front,lru,1,1.198126
string128,ahash,16384,iter-front,hashlink,1,1.171386
string128,ahash,16384,iter-front,micro,1,5618.768973
string128,ahash,16384,iter-front,quick_cache,2,6807.517663
string128,ahash,16384,iter-front,lru,2,1.187608
string128,ahash,16384,iter-front,hashlink,2,1.185931
string128,ahash,16384,iter-front,micro,2,5381.336458
string128,ahash,16384,iter-front,baseline,2,5510.551724
string128,ahash,16384,iter-front,lru,3,1.194407
string128,ahash,16384,iter-front,hashlink,3,1.160192
string128,ahash,16384,iter-front,micro,3,5513.156250
string128,ahash,16384,iter-front,baseline,3,5428.295259
string128,ahash,16384,iter-front,quick_cache,3,6740.505208
string128,ahash,16384,iter-front,hashlink,4,1.222585
string128,ahash,16384,iter-front,micro,4,5350.346875
string128,ahash,16384,iter-front,baseline,4,5332.594792
string128,ahash,16384,iter-front,quick_cache,4,6795.139323
string128,ahash,16384,iter-front,lru,4,1.195221
string128,ahash,16384,iter-front,micro,5,5582.165948
string128,ahash,16384,iter-front,baseline,5,5548.536638
string128,ahash,16384,iter-front,quick_cache,5,6628.092448
string128,ahash,16384,iter-front,lru,5,1.180091
string128,ahash,16384,iter-front,hashlink,5,1.181073
string128,ahash,16384,iter-front,baseline,6,5342.057292
string128,ahash,16384,iter-front,quick_cache,6,6699.924479
string128,ahash,16384,iter-front,lru,6,1.186066
string128,ahash,16384,iter-front,hashlink,6,1.168600
string128,ahash,16384,iter-front,micro,6,5618.861607
string128,ahash,16384,iter-front,quick_cache,7,6697.808594
string128,ahash,16384,iter-front,lru,7,1.201489
string128,ahash,16384,iter-front,hashlink,7,1.159985
string128,ahash,16384,iter-front,micro,7,5349.609375
string128,ahash,16384,iter-front,baseline,7,5289.236458
string128,ahash,16384,iter-front,lru,8,1.177628
string128,ahash,16384,iter-front,hashlink,8,1.184798
string128,ahash,16384,iter-front,micro,8,5474.900862
string128,ahash,16384,iter-front,baseline,8,5515.175647
string128,ahash,16384,iter-front,quick_cache,8,6725.964844
string128,ahash,16384,iter-back,micro,0,5583.007812
string128,ahash,16384,iter-back,baseline,0,5385.677083
string128,ahash,16384,iter-back,quick_cache,0,6762.641927
string128,ahash,16384,iter-back,lru,0,1.216967
string128,ahash,16384,iter-back,hashlink,0,1.164836
string128,ahash,16384,iter-back,baseline,1,5564.160560
string128,ahash,16384,iter-back,quick_cache,1,6777.071615
string128,ahash,16384,iter-back,lru,1,1.185805
string128,ahash,16384,iter-back,hashlink,1,1.153068
string128,ahash,16384,iter-back,micro,1,5459.051724
string128,ahash,16384,iter-back,quick_cache,2,6759.440104
string128,ahash,16384,iter-back,lru,2,1.187175
string128,ahash,16384,iter-back,hashlink,2,1.162315
string128,ahash,16384,iter-back,micro,2,5654.296875
string128,ahash,16384,iter-back,baseline,2,5495.240302
string128,ahash,16384,iter-back,lru,3,1.198797
string128,ahash,16384,iter-back,hashlink,3,1.173400
string128,ahash,16384,iter-back,micro,3,5470.275862
string128,ahash,16384,iter-back,baseline,3,5408.898707
string128,ahash,16384,iter-back,quick_cache,3,6763.399740
string128,ahash,16384,iter-back,hashlink,4,1.171324
string128,ahash,16384,iter-back,micro,4,5562.949353
string128,ahash,16384,iter-back,baseline,4,5410.873922
string128,ahash,16384,iter-back,quick_cache,4,6793.131510
string128,ahash,16384,iter-back,lru,4,1.206135
string128,ahash,16384,iter-back,micro,5,5534.033405
string128,ahash,16384,iter-back,baseline,5,5482.129310
string128,ahash,16384,iter-back,quick_cache,5,6757.540365
string128,ahash,16384,iter-back,lru,5,1.214451
string128,ahash,16384,iter-back,hashlink,5,1.173145
string128,ahash,16384,iter-back,baseline,6,5435.299569
string128,ahash,16384,iter-back,quick_cache,6,6734.755208
string128,ahash,16384,iter-back,lru,6,1.177521
string128,ahash,16384,iter-back,hashlink,6,1.184412
string128,ahash,16384,iter-back,micro,6,5497.890086
string128,ahash,16384,iter-back,quick_cache,7,7379.558239
string128,ahash,16384,iter-back,lru,7,1.184663
string128,ahash,16384,iter-back,hashlink,7,1.159400
string128,ahash,16384,iter-back,micro,7,5271.354167
string128,ahash,16384,iter-back,baseline,7,5426.274784
string128,ahash,16384,iter-back,lru,8,1.181528
string128,ahash,16384,iter-back,hashlink,8,1.205977
string128,ahash,16384,iter-back,micro,8,5636.392857
string128,ahash,16384,iter-back,baseline,8,5500.987069
string128,ahash,16384,iter-back,quick_cache,8,6823.822011
string128,ahash,16384,iter-empty,micro,0,0.910192
string128,ahash,16384,iter-empty,baseline,0,5544.001078
string128,ahash,16384,iter-empty,quick_cache,0,6767.848958
string128,ahash,16384,iter-empty,lru,0,0.988036
string128,ahash,16384,iter-empty,hashlink,0,0.993824
string128,ahash,16384,iter-empty,baseline,1,5430.450431
string128,ahash,16384,iter-empty,quick_cache,1,6887.453804
string128,ahash,16384,iter-empty,lru,1,0.993331
string128,ahash,16384,iter-empty,hashlink,1,1.004306
string128,ahash,16384,iter-empty,micro,1,0.928484
string128,ahash,16384,iter-empty,quick_cache,2,6809.725543
string128,ahash,16384,iter-empty,lru,2,0.989350
string128,ahash,16384,iter-empty,hashlink,2,0.995413
string128,ahash,16384,iter-empty,micro,2,0.912947
string128,ahash,16384,iter-empty,baseline,2,5580.496652
string128,ahash,16384,iter-empty,lru,3,0.990184
string128,ahash,16384,iter-empty,hashlink,3,0.995071
string128,ahash,16384,iter-empty,micro,3,0.913358
string128,ahash,16384,iter-empty,baseline,3,5683.314732
string128,ahash,16384,iter-empty,quick_cache,3,6842.673913
string128,ahash,16384,iter-empty,hashlink,4,0.996658
string128,ahash,16384,iter-empty,micro,4,0.924616
string128,ahash,16384,iter-empty,baseline,4,5539.870690
string128,ahash,16384,iter-empty,quick_cache,4,6804.347826
string128,ahash,16384,iter-empty,lru,4,0.990460
string128,ahash,16384,iter-empty,micro,5,0.916030
string128,ahash,16384,iter-empty,baseline,5,5450.969828
string128,ahash,16384,iter-empty,quick_cache,5,6802.592391
string128,ahash,16384,iter-empty,lru,5,0.992839
string128,ahash,16384,iter-empty,hashlink,5,0.994900
string128,ahash,16384,iter-empty,baseline,6,5457.794181
string128,ahash,16384,iter-empty,quick_cache,6,6909.986413
string128,ahash,16384,iter-empty,lru,6,0.987081
string128,ahash,16384,iter-empty,hashlink,6,0.998945
string128,ahash,16384,iter-empty,micro,6,0.928209
string128,ahash,16384,iter-empty,quick_cache,7,6817.538043
string128,ahash,16384,iter-empty,lru,7,0.995096
string128,ahash,16384,iter-empty,hashlink,7,0.997752
string128,ahash,16384,iter-empty,micro,7,0.911026
string128,ahash,16384,iter-empty,baseline,7,5705.310268
string128,ahash,16384,iter-empty,lru,8,0.941957
string128,ahash,16384,iter-empty,hashlink,8,0.970196
string128,ahash,16384,iter-empty,micro,8,0.908520
string128,ahash,16384,iter-empty,baseline,8,5461.790948
string128,ahash,16384,iter-empty,quick_cache,8,6626.084635
string128,ahash,16384,iter-count,micro,0,0.393054
string128,ahash,16384,iter-count,baseline,0,5501.423828
string128,ahash,16384,iter-count,quick_cache,0,7794.541667
string128,ahash,16384,iter-count,lru,0,0.402622
string128,ahash,16384,iter-count,hashlink,0,0.393133
string128,ahash,16384,iter-count,baseline,1,5431.193359
string128,ahash,16384,iter-count,quick_cache,1,7789.713542
string128,ahash,16384,iter-count,lru,1,0.394941
string128,ahash,16384,iter-count,hashlink,1,0.392860
string128,ahash,16384,iter-count,micro,1,0.393493
string128,ahash,16384,iter-count,quick_cache,2,7910.699219
string128,ahash,16384,iter-count,lru,2,0.395717
string128,ahash,16384,iter-count,hashlink,2,0.399166
string128,ahash,16384,iter-count,micro,2,0.404344
string128,ahash,16384,iter-count,baseline,2,5341.756836
string128,ahash,16384,iter-count,lru,3,0.399125
string128,ahash,16384,iter-count,hashlink,3,0.394028
string128,ahash,16384,iter-count,micro,3,0.393902
string128,ahash,16384,iter-count,baseline,3,5501.179688
string128,ahash,16384,iter-count,quick_cache,3,7829.156250
string128,ahash,16384,iter-count,hashlink,4,0.396143
string128,ahash,16384,iter-count,micro,4,0.395285
string128,ahash,16384,iter-count,baseline,4,5509.318359
string128,ahash,16384,iter-count,quick_cache,4,7879.611979
string128,ahash,16384,iter-count,lru,4,0.402378
string128,ahash,16384,iter-count,micro,5,0.393715
string128,ahash,16384,iter-count,baseline,5,5362.507812
string128,ahash,16384,iter-count,quick_cache,5,7882.378906
string128,ahash,16384,iter-count,lru,5,0.387451
string128,ahash,16384,iter-count,hashlink,5,0.391788
string128,ahash,16384,iter-count,baseline,6,5406.778320
string128,ahash,16384,iter-count,quick_cache,6,7800.184896
string128,ahash,16384,iter-count,lru,6,0.394994
string128,ahash,16384,iter-count,hashlink,6,0.394603
string128,ahash,16384,iter-count,micro,6,0.395741
string128,ahash,16384,iter-count,quick_cache,7,8053.385417
string128,ahash,16384,iter-count,lru,7,0.396725
string128,ahash,16384,iter-count,hashlink,7,0.396114
string128,ahash,16384,iter-count,micro,7,0.395058
string128,ahash,16384,iter-count,baseline,7,5363.200195
string128,ahash,16384,iter-count,lru,8,0.396437
string128,ahash,16384,iter-count,hashlink,8,0.395441
string128,ahash,16384,iter-count,micro,8,0.396956
string128,ahash,16384,iter-count,baseline,8,5384.277344
string128,ahash,16384,iter-count,quick_cache,8,7932.128906
