key,hasher,capacity,operation,library,sample,ns_per_op
u64,sip,128,iter-dense,micro,0,49.018458
u64,sip,128,iter-dense,baseline,0,44.086812
u64,sip,128,iter-dense,quick_cache,0,31.628953
u64,sip,128,iter-dense,lru,0,146.467901
u64,sip,128,iter-dense,hashlink,0,143.621726
u64,sip,128,iter-dense,baseline,1,40.103966
u64,sip,128,iter-dense,quick_cache,1,28.562294
u64,sip,128,iter-dense,lru,1,136.502702
u64,sip,128,iter-dense,hashlink,1,128.757156
u64,sip,128,iter-dense,micro,1,36.892668
u64,sip,128,iter-dense,quick_cache,2,28.276602
u64,sip,128,iter-dense,lru,2,128.214084
u64,sip,128,iter-dense,hashlink,2,128.213033
u64,sip,128,iter-dense,micro,2,38.403938
u64,sip,128,iter-dense,baseline,2,36.201051
u64,sip,128,iter-dense,lru,3,129.288591
u64,sip,128,iter-dense,hashlink,3,128.610468
u64,sip,128,iter-dense,micro,3,36.677739
u64,sip,128,iter-dense,baseline,3,37.063664
u64,sip,128,iter-dense,quick_cache,3,28.448377
u64,sip,128,iter-dense,hashlink,4,128.429078
u64,sip,128,iter-dense,micro,4,37.448081
u64,sip,128,iter-dense,baseline,4,37.979063
u64,sip,128,iter-dense,quick_cache,4,28.316005
u64,sip,128,iter-dense,lru,4,128.029663
u64,sip,128,iter-dense,micro,5,37.524331
u64,sip,128,iter-dense,baseline,5,37.401082
u64,sip,128,iter-dense,quick_cache,5,28.291491
u64,sip,128,iter-dense,lru,5,129.305831
u64,sip,128,iter-dense,hashlink,5,132.313056
u64,sip,128,iter-dense,baseline,6,37.480264
u64,sip,128,iter-dense,quick_cache,6,28.354042
u64,sip,128,iter-dense,lru,6,129.750182
u64,sip,128,iter-dense,hashlink,6,126.618396
u64,sip,128,iter-dense,micro,6,37.544240
u64,sip,128,iter-dense,quick_cache,7,28.657299
u64,sip,128,iter-dense,lru,7,128.423711
u64,sip,128,iter-dense,hashlink,7,127.163446
u64,sip,128,iter-dense,micro,7,37.408479
u64,sip,128,iter-dense,baseline,7,37.895869
u64,sip,128,iter-dense,lru,8,128.315091
u64,sip,128,iter-dense,hashlink,8,127.441804
u64,sip,128,iter-dense,micro,8,37.487752
u64,sip,128,iter-dense,baseline,8,37.409721
u64,sip,128,iter-dense,quick_cache,8,28.442249
u64,sip,128,iter-dense-for,micro,0,38.622891
u64,sip,128,iter-dense-for,baseline,0,36.360480
u64,sip,128,iter-dense-for,quick_cache,0,64.874442
u64,sip,128,iter-dense-for,lru,0,77.063039
u64,sip,128,iter-dense-for,hashlink,0,69.486897
u64,sip,128,iter-dense-for,baseline,1,37.675032
u64,sip,128,iter-dense-for,quick_cache,1,69.027095
u64,sip,128,iter-dense-for,lru,1,81.690244
u64,sip,128,iter-dense-for,hashlink,1,68.202232
u64,sip,128,iter-dense-for,micro,1,38.290056
u64,sip,128,iter-dense-for,quick_cache,2,66.320071
u64,sip,128,iter-dense-for,lru,2,77.153258
u64,sip,128,iter-dense-for,hashlink,2,68.277755
u64,sip,128,iter-dense-for,micro,2,38.728508
u64,sip,128,iter-dense-for,baseline,2,38.519457
u64,sip,128,iter-dense-for,lru,3,81.927509
u64,sip,128,iter-dense-for,hashlink,3,69.817960
u64,sip,128,iter-dense-for,micro,3,39.473944
u64,sip,128,iter-dense-for,baseline,3,38.073876
u64,sip,128,iter-dense-for,quick_cache,3,66.019526
u64,sip,128,iter-dense-for,hashlink,4,69.335071
u64,sip,128,iter-dense-for,micro,4,38.348351
u64,sip,128,iter-dense-for,baseline,4,38.020522
u64,sip,128,iter-dense-for,quick_cache,4,66.934890
u64,sip,128,iter-dense-for,lru,4,77.875872
u64,sip,128,iter-dense-for,micro,5,38.217695
u64,sip,128,iter-dense-for,baseline,5,38.102048
u64,sip,128,iter-dense-for,quick_cache,5,66.383018
u64,sip,128,iter-dense-for,lru,5,77.344137
u64,sip,128,iter-dense-for,hashlink,5,68.463466
u64,sip,128,iter-dense-for,baseline,6,37.877492
u64,sip,128,iter-dense-for,quick_cache,6,66.462197
u64,sip,128,iter-dense-for,lru,6,79.841594
u64,sip,128,iter-dense-for,hashlink,6,74.223706
u64,sip,128,iter-dense-for,micro,6,36.745202
u64,sip,128,iter-dense-for,quick_cache,7,64.207041
u64,sip,128,iter-dense-for,lru,7,77.462339
u64,sip,128,iter-dense-for,hashlink,7,68.840047
u64,sip,128,iter-dense-for,micro,7,36.502745
u64,sip,128,iter-dense-for,baseline,7,36.868806
u64,sip,128,iter-dense-for,lru,8,77.747326
u64,sip,128,iter-dense-for,hashlink,8,68.554688
u64,sip,128,iter-dense-for,micro,8,36.911638
u64,sip,128,iter-dense-for,baseline,8,36.928772
u64,sip,128,iter-dense-for,quick_cache,8,37.320068
u64,sip,128,iter-density-1pct,micro,0,1.500038
u64,sip,128,iter-density-1pct,baseline,0,31.167680
u64,sip,128,iter-density-1pct,quick_cache,0,20.169437
u64,sip,128,iter-density-1pct,lru,0,1.261851
u64,sip,128,iter-density-1pct,hashlink,0,1.265572
u64,sip,128,iter-density-1pct,baseline,1,32.439096
u64,sip,128,iter-density-1pct,quick_cache,1,20.001448
u64,sip,128,iter-density-1pct,lru,1,1.263372
u64,sip,128,iter-density-1pct,hashlink,1,1.243346
u64,sip,128,iter-density-1pct,micro,1,1.506140
u64,sip,128,iter-density-1pct,quick_cache,2,20.433360
u64,sip,128,iter-density-1pct,lru,2,1.280108
u64,sip,128,iter-density-1pct,hashlink,2,1.255393
u64,sip,128,iter-density-1pct,micro,2,1.529778
u64,sip,128,iter-density-1pct,baseline,2,31.291193
u64,sip,128,iter-density-1pct,lru,3,1.246609
u64,sip,128,iter-density-1pct,hashlink,3,1.258497
u64,sip,128,iter-density-1pct,micro,3,1.531292
u64,sip,128,iter-density-1pct,baseline,3,31.409655
u64,sip,128,iter-density-1pct,quick_cache,3,20.294237
u64,sip,128,iter-density-1pct,hashlink,4,1.261872
u64,sip,128,iter-density-1pct,micro,4,1.538149
u64,sip,128,iter-density-1pct,baseline,4,31.804441
u64,sip,128,iter-density-1pct,quick_cache,4,20.157939
u64,sip,128,iter-density-1pct,lru,4,1.269046
u64,sip,128,iter-density-1pct,micro,5,1.533532
u64,sip,128,iter-density-1pct,baseline,5,31.274752
u64,sip,128,iter-density-1pct,quick_cache,5,20.318766
u64,sip,128,iter-density-1pct,lru,5,1.257414
u64,sip,128,iter-density-1pct,hashlink,5,1.250881
u64,sip,128,iter-density-1pct,baseline,6,31.437544
u64,sip,128,iter-density-1pct,quick_cache,6,20.162129
u64,sip,128,iter-density-1pct,lru,6,1.250901
u64,sip,128,iter-density-1pct,hashlink,6,1.247724
u64,sip,128,iter-density-1pct,micro,6,1.537621
u64,sip,128,iter-density-1pct,quick_cache,7,20.464498
u64,sip,128,iter-density-1pct,lru,7,1.304072
u64,sip,128,iter-density-1pct,hashlink,7,1.287290
u64,sip,128,iter-density-1pct,micro,7,1.545941
u64,sip,128,iter-density-1pct,baseline,7,32.051282
u64,sip,128,iter-density-1pct,lru,8,1.253771
u64,sip,128,iter-density-1pct,hashlink,8,1.264056
u64,sip,128,iter-density-1pct,micro,8,1.531953
u64,sip,128,iter-density-1pct,baseline,8,31.753791
u64,sip,128,iter-density-1pct,quick_cache,8,20.363333
u64,sip,128,iter-density-6pct,micro,0,34.002625
u64,sip,128,iter-density-6pct,baseline,0,33.981008
u64,sip,128,iter-density-6pct,quick_cache,0,20.579535
u64,sip,128,iter-density-6pct,lru,0,3.071796
u64,sip,128,iter-density-6pct,hashlink,0,3.088947
u64,sip,128,iter-density-6pct,baseline,1,33.938729
u64,sip,128,iter-density-6pct,quick_cache,1,20.083143
u64,sip,128,iter-density-6pct,lru,1,3.188060
u64,sip,128,iter-density-6pct,hashlink,1,3.173362
u64,sip,128,iter-density-6pct,micro,1,34.134038
u64,sip,128,iter-density-6pct,quick_cache,2,20.431199
u64,sip,128,iter-density-6pct,lru,2,3.179356
u64,sip,128,iter-density-6pct,hashlink,2,3.111708
u64,sip,128,iter-density-6pct,micro,2,34.466152
u64,sip,128,iter-density-6pct,baseline,2,33.540593
u64,sip,128,iter-density-6pct,lru,3,3.195754
u64,sip,128,iter-density-6pct,hashlink,3,3.122528
u64,sip,128,iter-density-6pct,micro,3,34.182531
u64,sip,128,iter-density-6pct,baseline,3,33.809376
u64,sip,128,iter-density-6pct,quick_cache,3,20.210416
u64,sip,128,iter-density-6pct,hashlink,4,3.112204
u64,sip,128,iter-density-6pct,micro,4,34.082490
u64,sip,128,iter-density-6pct,baseline,4,33.939292
u64,sip,128,iter-density-6pct,quick_cache,4,20.320119
u64,sip,128,iter-density-6pct,lru,4,3.197389
u64,sip,128,iter-density-6pct,micro,5,35.331704
u64,sip,128,iter-density-6pct,baseline,5,33.896251
u64,sip,128,iter-density-6pct,quick_cache,5,20.576825
u64,sip,128,iter-density-6pct,lru,5,3.166636
u64,sip,128,iter-density-6pct,hashlink,5,3.133423
u64,sip,128,iter-density-6pct,baseline,6,34.374313
u64,sip,128,iter-density-6pct,quick_cache,6,20.440067
u64,sip,128,iter-density-6pct,lru,6,3.190403
u64,sip,128,iter-density-6pct,hashlink,6,3.129935
u64,sip,128,iter-density-6pct,micro,6,34.210185
u64,sip,128,iter-density-6pct,quick_cache,7,20.267068
u64,sip,128,iter-density-6pct,lru,7,3.177647
u64,sip,128,iter-density-6pct,hashlink,7,3.118389
u64,sip,128,iter-density-6pct,micro,7,34.168509
u64,sip,128,iter-density-6pct,baseline,7,33.589101
u64,sip,128,iter-density-6pct,lru,8,3.048007
u64,sip,128,iter-density-6pct,hashlink,8,3.106362
u64,sip,128,iter-density-6pct,micro,8,34.646390
u64,sip,128,iter-density-6pct,baseline,8,33.802908
u64,sip,128,iter-density-6pct,quick_cache,8,22.557416
u64,sip,128,iter-density-quarter,micro,0,34.997319
u64,sip,128,iter-density-quarter,baseline,0,35.295078
u64,sip,128,iter-density-quarter,quick_cache,0,24.736905
u64,sip,128,iter-density-quarter,lru,0,18.207928
u64,sip,128,iter-density-quarter,hashlink,0,18.016434
u64,sip,128,iter-density-quarter,baseline,1,35.051978
u64,sip,128,iter-density-quarter,quick_cache,1,24.698628
u64,sip,128,iter-density-quarter,lru,1,18.089886
u64,sip,128,iter-density-quarter,hashlink,1,18.031286
u64,sip,128,iter-density-quarter,micro,1,35.326998
u64,sip,128,iter-density-quarter,quick_cache,2,25.198385
u64,sip,128,iter-density-quarter,lru,2,18.388213
u64,sip,128,iter-density-quarter,hashlink,2,18.546766
u64,sip,128,iter-density-quarter,micro,2,35.905431
u64,sip,128,iter-density-quarter,baseline,2,34.877232
u64,sip,128,iter-density-quarter,lru,3,18.361516
u64,sip,128,iter-density-quarter,hashlink,3,17.995084
u64,sip,128,iter-density-quarter,micro,3,35.212870
u64,sip,128,iter-density-quarter,baseline,3,35.188506
u64,sip,128,iter-density-quarter,quick_cache,3,28.369724
u64,sip,128,iter-density-quarter,hashlink,4,18.613818
u64,sip,128,iter-density-quarter,micro,4,34.304967
u64,sip,128,iter-density-quarter,baseline,4,34.699089
u64,sip,128,iter-density-quarter,quick_cache,4,24.405064
u64,sip,128,iter-density-quarter,lru,4,18.054051
u64,sip,128,iter-density-quarter,micro,5,35.485028
u64,sip,128,iter-density-quarter,baseline,5,35.066834
u64,sip,128,iter-density-quarter,quick_cache,5,24.664368
u64,sip,128,iter-density-quarter,lru,5,18.381264
u64,sip,128,iter-density-quarter,hashlink,5,18.587405
u64,sip,128,iter-density-quarter,baseline,6,34.801009
u64,sip,128,iter-density-quarter,quick_cache,6,24.690823
u64,sip,128,iter-density-quarter,lru,6,18.459436
u64,sip,128,iter-density-quarter,hashlink,6,17.927995
u64,sip,128,iter-density-quarter,micro,6,35.074116
u64,sip,128,iter-density-quarter,quick_cache,7,24.694315
u64,sip,128,iter-density-quarter,lru,7,18.258986
u64,sip,128,iter-density-quarter,hashlink,7,18.149470
u64,sip,128,iter-density-quarter,micro,7,35.177651
u64,sip,128,iter-density-quarter,baseline,7,35.166207
u64,sip,128,iter-density-quarter,lru,8,18.225975
u64,sip,128,iter-density-quarter,hashlink,8,17.926801
u64,sip,128,iter-density-quarter,micro,8,35.231701
u64,sip,128,iter-density-quarter,baseline,8,35.260837
u64,sip,128,iter-density-quarter,quick_cache,8,24.653504
u64,sip,128,iter-density-half,micro,0,37.225688
u64,sip,128,iter-density-half,baseline,0,37.140480
u64,sip,128,iter-density-half,quick_cache,0,28.674025
u64,sip,128,iter-density-half,lru,0,48.483721
u64,sip,128,iter-density-half,hashlink,0,48.024220
u64,sip,128,iter-density-half,baseline,1,36.470792
u64,sip,128,iter-density-half,quick_cache,1,28.517978
u64,sip,128,iter-density-half,lru,1,49.266118
u64,sip,128,iter-density-half,hashlink,1,48.180697
u64,sip,128,iter-density-half,micro,1,36.070890
u64,sip,128,iter-density-half,quick_cache,2,28.872950
u64,sip,128,iter-density-half,lru,2,48.247434
u64,sip,128,iter-density-half,hashlink,2,47.958870
u64,sip,128,iter-density-half,micro,2,36.111675
u64,sip,128,iter-density-half,baseline,2,36.451350
u64,sip,128,iter-density-half,lru,3,48.873944
u64,sip,128,iter-density-half,hashlink,3,49.739825
u64,sip,128,iter-density-half,micro,3,37.101956
u64,sip,128,iter-density-half,baseline,3,36.301053
u64,sip,128,iter-density-half,quick_cache,3,28.491977
u64,sip,128,iter-density-half,hashlink,4,48.174274
u64,sip,128,iter-density-half,micro,4,36.373465
u64,sip,128,iter-density-half,baseline,4,36.649493
u64,sip,128,iter-density-half,quick_cache,4,28.560392
u64,sip,128,iter-density-half,lru,4,48.485330
u64,sip,128,iter-density-half,micro,5,36.427979
u64,sip,128,iter-density-half,baseline,5,37.228167
u64,sip,128,iter-density-half,quick_cache,5,28.195907
u64,sip,128,iter-density-half,lru,5,48.251852
u64,sip,128,iter-density-half,hashlink,5,48.241799
u64,sip,128,iter-density-half,baseline,6,36.042421
u64,sip,128,iter-density-half,quick_cache,6,29.146410
u64,sip,128,iter-density-half,lru,6,50.408690
u64,sip,128,iter-density-half,hashlink,6,50.026418
u64,sip,128,iter-density-half,micro,6,36.738401
u64,sip,128,iter-density-half,quick_cache,7,29.560691
u64,sip,128,iter-density-half,lru,7,48.708385
u64,sip,128,iter-density-half,hashlink,7,48.759263
u64,sip,128,iter-density-half,micro,7,36.588204
u64,sip,128,iter-density-half,baseline,7,37.082804
u64,sip,128,iter-density-half,lru,8,49.599423
u64,sip,128,iter-density-half,hashlink,8,47.975994
u64,sip,128,iter-density-half,micro,8,36.494519
u64,sip,128,iter-density-half,baseline,8,37.171942
u64,sip,128,iter-density-half,quick_cache,8,29.629675
u64,sip,128,iter-front,micro,0,1.166497
u64,sip,128,iter-front,baseline,0,35.579306
u64,sip,128,iter-front,quick_cache,0,21.979915
u64,sip,128,iter-front,lru,0,1.184448
u64,sip,128,iter-front,hashlink,0,1.181358
u64,sip,128,iter-front,baseline,1,36.525903
u64,sip,128,iter-front,quick_cache,1,21.967186
u64,sip,128,iter-front,lru,1,1.189733
u64,sip,128,iter-front,hashlink,1,1.147395
u64,sip,128,iter-front,micro,1,1.166567
u64,sip,128,iter-front,quick_cache,2,22.240495
u64,sip,128,iter-front,lru,2,1.206545
u64,sip,128,iter-front,hashlink,2,1.164238
u64,sip,128,iter-front,micro,2,1.164619
u64,sip,128,iter-front,baseline,2,36.070897
u64,sip,128,iter-front,lru,3,1.174856
u64,sip,128,iter-front,hashlink,3,1.186760
u64,sip,128,iter-front,micro,3,1.166802
u64,sip,128,iter-front,baseline,3,35.835803
u64,sip,128,iter-front,quick_cache,3,21.993020
u64,sip,128,iter-front,hashlink,4,1.160425
u64,sip,128,iter-front,micro,4,1.182190
u64,sip,128,iter-front,baseline,4,36.114687
u64,sip,128,iter-front,quick_cache,4,21.966479
u64,sip,128,iter-front,lru,4,1.181037
u64,sip,128,iter-front,micro,5,1.167971
u64,sip,128,iter-front,baseline,5,35.915170
u64,sip,128,iter-front,quick_cache,5,21.944337
u64,sip,128,iter-front,lru,5,1.183443
u64,sip,128,iter-front,hashlink,5,1.142237
u64,sip,128,iter-front,baseline,6,36.003507
u64,sip,128,iter-front,quick_cache,6,22.023467
u64,sip,128,iter-front,lru,6,1.176440
u64,sip,128,iter-front,hashlink,6,1.186030
u64,sip,128,iter-front,micro,6,1.168338
u64,sip,128,iter-front,quick_cache,7,22.212042
u64,sip,128,iter-front,lru,7,1.187229
u64,sip,128,iter-front,hashlink,7,1.179308
u64,sip,128,iter-front,micro,7,1.178329
u64,sip,128,iter-front,baseline,7,35.967168
u64,sip,128,iter-front,lru,8,1.176041
u64,sip,128,iter-front,hashlink,8,1.175812
u64,sip,128,iter-front,micro,8,1.172256
u64,sip,128,iter-front,baseline,8,36.003204
u64,sip,128,iter-front,quick_cache,8,21.995386
u64,sip,128,iter-back,micro,0,1.178294
u64,sip,128,iter-back,baseline,0,36.805170
u64,sip,128,iter-back,quick_cache,0,20.741737
u64,sip,128,iter-back,lru,0,1.114901
u64,sip,128,iter-back,hashlink,0,1.159933
u64,sip,128,iter-back,baseline,1,35.345927
u64,sip,128,iter-back,quick_cache,1,19.846270
u64,sip,128,iter-back,lru,1,1.165714
u64,sip,128,iter-back,hashlink,1,1.204954
u64,sip,128,iter-back,micro,1,1.149996
u64,sip,128,iter-back,quick_cache,2,20.600210
u64,sip,128,iter-back,lru,2,1.172713
u64,sip,128,iter-back,hashlink,2,1.164151
u64,sip,128,iter-back,micro,2,1.139746
u64,sip,128,iter-back,baseline,2,35.672506
u64,sip,128,iter-back,lru,3,1.169230
u64,sip,128,iter-back,hashlink,3,1.202839
u64,sip,128,iter-back,micro,3,1.153128
u64,sip,128,iter-back,baseline,3,35.447801
u64,sip,128,iter-back,quick_cache,3,20.181200
u64,sip,128,iter-back,hashlink,4,1.189307
u64,sip,128,iter-back,micro,4,1.091169
u64,sip,128,iter-back,baseline,4,35.455256
u64,sip,128,iter-back,quick_cache,4,20.536778
u64,sip,128,iter-back,lru,4,1.173947
u64,sip,128,iter-back,micro,5,1.162895
u64,sip,128,iter-back,baseline,5,36.127168
u64,sip,128,iter-back,quick_cache,5,21.299606
u64,sip,128,iter-back,lru,5,1.170789
u64,sip,128,iter-back,hashlink,5,1.134804
u64,sip,128,iter-back,baseline,6,36.245397
u64,sip,128,iter-back,quick_cache,6,20.979483
u64,sip,128,iter-back,lru,6,1.172362
u64,sip,128,iter-back,hashlink,6,1.163492
u64,sip,128,iter-back,micro,6,1.145998
u64,sip,128,iter-back,quick_cache,7,21.364741
u64,sip,128,iter-back,lru,7,1.175873
u64,sip,128,iter-back,hashlink,7,1.131738
u64,sip,128,iter-back,micro,7,1.127451
u64,sip,128,iter-back,baseline,7,36.097395
u64,sip,128,iter-back,lru,8,1.182592
u64,sip,128,iter-back,hashlink,8,1.142320
u64,sip,128,iter-back,micro,8,1.130142
u64,sip,128,iter-back,baseline,8,37.115870
u64,sip,128,iter-back,quick_cache,8,21.157930
u64,sip,128,iter-empty,micro,0,0.819156
u64,sip,128,iter-empty,baseline,0,35.388891
u64,sip,128,iter-empty,quick_cache,0,21.265353
u64,sip,128,iter-empty,lru,0,0.972787
u64,sip,128,iter-empty,hashlink,0,0.973939
u64,sip,128,iter-empty,baseline,1,35.345333
u64,sip,128,iter-empty,quick_cache,1,21.754742
u64,sip,128,iter-empty,lru,1,0.967301
u64,sip,128,iter-empty,hashlink,1,0.976703
u64,sip,128,iter-empty,micro,1,0.824678
u64,sip,128,iter-empty,quick_cache,2,22.171072
u64,sip,128,iter-empty,lru,2,0.977094
u64,sip,128,iter-empty,hashlink,2,1.002869
u64,sip,128,iter-empty,micro,2,0.818406
u64,sip,128,iter-empty,baseline,2,35.415663
u64,sip,128,iter-empty,lru,3,0.975733
u64,sip,128,iter-empty,hashlink,3,0.974826
u64,sip,128,iter-empty,micro,3,0.814073
u64,sip,128,iter-empty,baseline,3,35.281786
u64,sip,128,iter-empty,quick_cache,3,21.948676
u64,sip,128,iter-empty,hashlink,4,0.974073
u64,sip,128,iter-empty,micro,4,0.818774
u64,sip,128,iter-empty,baseline,4,35.529587
u64,sip,128,iter-empty,quick_cache,4,23.395390
u64,sip,128,iter-empty,lru,4,0.939454
u64,sip,128,iter-empty,micro,5,0.800137
u64,sip,128,iter-empty,baseline,5,34.263552
u64,sip,128,iter-empty,quick_cache,5,19.202570
u64,sip,128,iter-empty,lru,5,0.961095
u64,sip,128,iter-empty,hashlink,5,0.971046
u64,sip,128,iter-empty,baseline,6,34.689463
u64,sip,128,iter-empty,quick_cache,6,19.949153
u64,sip,128,iter-empty,lru,6,0.973181
u64,sip,128,iter-empty,hashlink,6,0.966086
u64,sip,128,iter-empty,micro,6,0.826344
u64,sip,128,iter-empty,quick_cache,7,20.164562
u64,sip,128,iter-empty,lru,7,0.967372
u64,sip,128,iter-empty,hashlink,7,0.974881
u64,sip,128,iter-empty,micro,7,0.823478
u64,sip,128,iter-empty,baseline,7,34.549393
u64,sip,128,iter-empty,lru,8,0.962498
u64,sip,128,iter-empty,hashlink,8,0.966469
u64,sip,128,iter-empty,micro,8,0.820792
u64,sip,128,iter-empty,baseline,8,34.970904
u64,sip,128,iter-empty,quick_cache,8,20.269360
u64,sip,128,iter-count,micro,0,0.383755
u64,sip,128,iter-count,baseline,0,34.037627
u64,sip,128,iter-count,quick_cache,0,50.801116
u64,sip,128,iter-count,lru,0,0.380600
u64,sip,128,iter-count,hashlink,0,0.379845
u64,sip,128,iter-count,baseline,1,34.397468
u64,sip,128,iter-count,quick_cache,1,51.068099
u64,sip,128,iter-count,lru,1,0.380107
u64,sip,128,iter-count,hashlink,1,0.380933
u64,sip,128,iter-count,micro,1,0.384587
u64,sip,128,iter-count,quick_cache,2,51.292169
u64,sip,128,iter-count,lru,2,0.381704
u64,sip,128,iter-count,hashlink,2,0.382981
u64,sip,128,iter-count,micro,2,0.381895
u64,sip,128,iter-count,baseline,2,34.426118
u64,sip,128,iter-count,lru,3,0.388178
u64,sip,128,iter-count,hashlink,3,0.487319
u64,sip,128,iter-count,micro,3,0.762486
u64,sip,128,iter-count,baseline,3,71.045213
u64,sip,128,iter-count,quick_cache,3,92.569017
u64,sip,128,iter-count,hashlink,4,0.571751
u64,sip,128,iter-count,micro,4,0.429049
u64,sip,128,iter-count,baseline,4,34.815647
u64,sip,128,iter-count,quick_cache,4,53.020198
u64,sip,128,iter-count,lru,4,0.371175
u64,sip,128,iter-count,micro,5,0.373064
u64,sip,128,iter-count,baseline,5,35.877172
u64,sip,128,iter-count,quick_cache,5,50.672037
u64,sip,128,iter-count,lru,5,0.375457
u64,sip,128,iter-count,hashlink,5,0.396274
u64,sip,128,iter-count,baseline,6,36.404082
u64,sip,128,iter-count,quick_cache,6,54.129079
u64,sip,128,iter-count,lru,6,0.372460
u64,sip,128,iter-count,hashlink,6,0.386814
u64,sip,128,iter-count,micro,6,0.389138
u64,sip,128,iter-count,quick_cache,7,51.967753
u64,sip,128,iter-count,lru,7,0.377495
u64,sip,128,iter-count,hashlink,7,0.383477
u64,sip,128,iter-count,micro,7,0.373346
u64,sip,128,iter-count,baseline,7,35.917093
u64,sip,128,iter-count,lru,8,0.378072
u64,sip,128,iter-count,hashlink,8,0.410505
u64,sip,128,iter-count,micro,8,0.380137
u64,sip,128,iter-count,baseline,8,35.833519
u64,sip,128,iter-count,quick_cache,8,51.029006
u64,sip,1024,iter-dense,micro,0,262.019734
u64,sip,1024,iter-dense,baseline,0,286.955275
u64,sip,1024,iter-dense,quick_cache,0,235.011372
u64,sip,1024,iter-dense,lru,0,1253.573000
u64,sip,1024,iter-dense,hashlink,0,1364.706627
u64,sip,1024,iter-dense,baseline,1,257.304944
u64,sip,1024,iter-dense,quick_cache,1,242.907269
u64,sip,1024,iter-dense,lru,1,1252.645750
u64,sip,1024,iter-dense,hashlink,1,1245.184524
u64,sip,1024,iter-dense,micro,1,262.937658
u64,sip,1024,iter-dense,quick_cache,2,244.642899
u64,sip,1024,iter-dense,lru,2,1236.753445
u64,sip,1024,iter-dense,hashlink,2,1237.286909
u64,sip,1024,iter-dense,micro,2,262.251835
u64,sip,1024,iter-dense,baseline,2,265.366352
u64,sip,1024,iter-dense,lru,3,1239.357776
u64,sip,1024,iter-dense,hashlink,3,1219.840116
u64,sip,1024,iter-dense,micro,3,262.670693
u64,sip,1024,iter-dense,baseline,3,266.314896
u64,sip,1024,iter-dense,quick_cache,3,246.949447
u64,sip,1024,iter-dense,hashlink,4,1246.817212
u64,sip,1024,iter-dense,micro,4,265.748990
u64,sip,1024,iter-dense,baseline,4,265.594068
u64,sip,1024,iter-dense,quick_cache,4,243.983181
u64,sip,1024,iter-dense,lru,4,1242.425347
u64,sip,1024,iter-dense,micro,5,263.558811
u64,sip,1024,iter-dense,baseline,5,266.237223
u64,sip,1024,iter-dense,quick_cache,5,246.126575
u64,sip,1024,iter-dense,lru,5,1238.886319
u64,sip,1024,iter-dense,hashlink,5,1219.507025
u64,sip,1024,iter-dense,baseline,6,261.533654
u64,sip,1024,iter-dense,quick_cache,6,243.702541
u64,sip,1024,iter-dense,lru,6,1238.834892
u64,sip,1024,iter-dense,hashlink,6,1226.918457
u64,sip,1024,iter-dense,micro,6,261.570704
u64,sip,1024,iter-dense,quick_cache,7,246.623620
u64,sip,1024,iter-dense,lru,7,1265.625000
u64,sip,1024,iter-dense,hashlink,7,1240.864911
u64,sip,1024,iter-dense,micro,7,262.135312
u64,sip,1024,iter-dense,baseline,7,266.152051
u64,sip,1024,iter-dense,lru,8,1234.723671
u64,sip,1024,iter-dense,hashlink,8,1229.125977
u64,sip,1024,iter-dense,micro,8,261.346415
u64,sip,1024,iter-dense,baseline,8,265.218909
u64,sip,1024,iter-dense,quick_cache,8,244.435645
u64,sip,1024,iter-dense-for,micro,0,265.884088
u64,sip,1024,iter-dense-for,baseline,0,265.935002
u64,sip,1024,iter-dense-for,quick_cache,0,482.663002
u64,sip,1024,iter-dense-for,lru,0,723.668981
u64,sip,1024,iter-dense-for,hashlink,0,873.145077
u64,sip,1024,iter-dense-for,baseline,1,261.205760
u64,sip,1024,iter-dense-for,quick_cache,1,489.778711
u64,sip,1024,iter-dense-for,lru,1,741.983857
u64,sip,1024,iter-dense-for,hashlink,1,868.872917
u64,sip,1024,iter-dense-for,micro,1,264.529981
u64,sip,1024,iter-dense-for,quick_cache,2,480.584548
u64,sip,1024,iter-dense-for,lru,2,723.626881
u64,sip,1024,iter-dense-for,hashlink,2,873.239700
u64,sip,1024,iter-dense-for,micro,2,260.800781
u64,sip,1024,iter-dense-for,baseline,2,266.724883
u64,sip,1024,iter-dense-for,lru,3,724.530961
u64,sip,1024,iter-dense-for,hashlink,3,870.855035
u64,sip,1024,iter-dense-for,micro,3,260.429649
u64,sip,1024,iter-dense-for,baseline,3,265.205667
u64,sip,1024,iter-dense-for,quick_cache,3,481.971154
u64,sip,1024,iter-dense-for,hashlink,4,767.686734
u64,sip,1024,iter-dense-for,micro,4,261.871441
u64,sip,1024,iter-dense-for,baseline,4,268.419007
u64,sip,1024,iter-dense-for,quick_cache,4,271.423340
u64,sip,1024,iter-dense-for,lru,4,723.958333
u64,sip,1024,iter-dense-for,micro,5,265.613911
u64,sip,1024,iter-dense-for,baseline,5,266.472370
u64,sip,1024,iter-dense-for,quick_cache,5,270.129426
u64,sip,1024,iter-dense-for,lru,5,723.118232
u64,sip,1024,iter-dense-for,hashlink,5,876.331180
u64,sip,1024,iter-dense-for,baseline,6,258.905474
u64,sip,1024,iter-dense-for,quick_cache,6,467.739459
u64,sip,1024,iter-dense-for,lru,6,727.156105
u64,sip,1024,iter-dense-for,hashlink,6,822.419012
u64,sip,1024,iter-dense-for,micro,6,260.405834
u64,sip,1024,iter-dense-for,quick_cache,7,482.478106
u64,sip,1024,iter-dense-for,lru,7,727.022674
u64,sip,1024,iter-dense-for,hashlink,7,880.515625
u64,sip,1024,iter-dense-for,micro,7,266.410243
u64,sip,1024,iter-dense-for,baseline,7,270.610348
u64,sip,1024,iter-dense-for,lru,8,730.002471
u64,sip,1024,iter-dense-for,hashlink,8,869.538542
u64,sip,1024,iter-dense-for,micro,8,268.432408
u64,sip,1024,iter-dense-for,baseline,8,267.029277
u64,sip,1024,iter-dense-for,quick_cache,8,506.670510
u64,sip,1024,iter-density-1pct,micro,0,6.714013
u64,sip,1024,iter-density-1pct,baseline,0,312.107597
u64,sip,1024,iter-density-1pct,quick_cache,0,175.899888
u64,sip,1024,iter-density-1pct,lru,0,4.620633
u64,sip,1024,iter-density-1pct,hashlink,0,4.997122
u64,sip,1024,iter-density-1pct,baseline,1,304.408864
u64,sip,1024,iter-density-1pct,quick_cache,1,157.414401
u64,sip,1024,iter-density-1pct,lru,1,4.160744
u64,sip,1024,iter-density-1pct,hashlink,1,4.294659
u64,sip,1024,iter-density-1pct,micro,1,6.360676
u64,sip,1024,iter-density-1pct,quick_cache,2,166.139479
u64,sip,1024,iter-density-1pct,lru,2,4.199027
u64,sip,1024,iter-density-1pct,hashlink,2,4.243041
u64,sip,1024,iter-density-1pct,micro,2,6.334275
u64,sip,1024,iter-density-1pct,baseline,2,286.144081
u64,sip,1024,iter-density-1pct,lru,3,4.207203
u64,sip,1024,iter-density-1pct,hashlink,3,4.164446
u64,sip,1024,iter-density-1pct,micro,3,6.354056
u64,sip,1024,iter-density-1pct,baseline,3,289.026398
u64,sip,1024,iter-density-1pct,quick_cache,3,162.512734
u64,sip,1024,iter-density-1pct,hashlink,4,4.195419
u64,sip,1024,iter-density-1pct,micro,4,6.323915
u64,sip,1024,iter-density-1pct,baseline,4,286.156021
u64,sip,1024,iter-density-1pct,quick_cache,4,163.682101
u64,sip,1024,iter-density-1pct,lru,4,4.234797
u64,sip,1024,iter-density-1pct,micro,5,6.291935
u64,sip,1024,iter-density-1pct,baseline,5,301.874698
u64,sip,1024,iter-density-1pct,quick_cache,5,162.694036
u64,sip,1024,iter-density-1pct,lru,5,4.249076
u64,sip,1024,iter-density-1pct,hashlink,5,4.149660
u64,sip,1024,iter-density-1pct,baseline,6,287.578470
u64,sip,1024,iter-density-1pct,quick_cache,6,162.627634
u64,sip,1024,iter-density-1pct,lru,6,4.229180
u64,sip,1024,iter-density-1pct,hashlink,6,4.159638
u64,sip,1024,iter-density-1pct,micro,6,6.311856
u64,sip,1024,iter-density-1pct,quick_cache,7,161.899101
u64,sip,1024,iter-density-1pct,lru,7,4.190426
u64,sip,1024,iter-density-1pct,hashlink,7,4.181567
u64,sip,1024,iter-density-1pct,micro,7,6.405215
u64,sip,1024,iter-density-1pct,baseline,7,284.218750
u64,sip,1024,iter-density-1pct,lru,8,4.182799
u64,sip,1024,iter-density-1pct,hashlink,8,4.201581
u64,sip,1024,iter-density-1pct,micro,8,6.518783
u64,sip,1024,iter-density-1pct,baseline,8,288.978223
u64,sip,1024,iter-density-1pct,quick_cache,8,161.897742
u64,sip,1024,iter-density-6pct,micro,0,284.116932
u64,sip,1024,iter-density-6pct,baseline,0,281.625394
u64,sip,1024,iter-density-6pct,quick_cache,0,160.739723
u64,sip,1024,iter-density-6pct,lru,0,48.442256
u64,sip,1024,iter-density-6pct,hashlink,0,49.031387
u64,sip,1024,iter-density-6pct,baseline,1,281.646509
u64,sip,1024,iter-density-6pct,quick_cache,1,160.102907
u64,sip,1024,iter-density-6pct,lru,1,48.440251
u64,sip,1024,iter-density-6pct,hashlink,1,49.896153
u64,sip,1024,iter-density-6pct,micro,1,264.512426
u64,sip,1024,iter-density-6pct,quick_cache,2,169.496780
u64,sip,1024,iter-density-6pct,lru,2,49.153134
u64,sip,1024,iter-density-6pct,hashlink,2,48.833828
u64,sip,1024,iter-density-6pct,micro,2,297.874524
u64,sip,1024,iter-density-6pct,baseline,2,280.407650
u64,sip,1024,iter-density-6pct,lru,3,49.459800
u64,sip,1024,iter-density-6pct,hashlink,3,48.463343
u64,sip,1024,iter-density-6pct,micro,3,285.844207
u64,sip,1024,iter-density-6pct,baseline,3,285.384352
u64,sip,1024,iter-density-6pct,quick_cache,3,161.514818
u64,sip,1024,iter-density-6pct,hashlink,4,49.137264
u64,sip,1024,iter-density-6pct,micro,4,286.362981
u64,sip,1024,iter-density-6pct,baseline,4,286.446371
u64,sip,1024,iter-density-6pct,quick_cache,4,161.831716
u64,sip,1024,iter-density-6pct,lru,4,48.870476
u64,sip,1024,iter-density-6pct,micro,5,287.853936
u64,sip,1024,iter-density-6pct,baseline,5,283.601350
u64,sip,1024,iter-density-6pct,quick_cache,5,161.465037
u64,sip,1024,iter-density-6pct,lru,5,49.730214
u64,sip,1024,iter-density-6pct,hashlink,5,50.186657
u64,sip,1024,iter-density-6pct,baseline,6,286.821445
u64,sip,1024,iter-density-6pct,quick_cache,6,161.853261
u64,sip,1024,iter-density-6pct,lru,6,48.890869
u64,sip,1024,iter-density-6pct,hashlink,6,48.682496
u64,sip,1024,iter-density-6pct,micro,6,285.810843
u64,sip,1024,iter-density-6pct,quick_cache,7,160.636659
u64,sip,1024,iter-density-6pct,lru,7,48.993035
u64,sip,1024,iter-density-6pct,hashlink,7,48.552054
u64,sip,1024,iter-density-6pct,micro,7,286.401099
u64,sip,1024,iter-density-6pct,baseline,7,283.096977
u64,sip,1024,iter-density-6pct,lru,8,49.175562
u64,sip,1024,iter-density-6pct,hashlink,8,48.375416
u64,sip,1024,iter-density-6pct,micro,8,284.892987
u64,sip,1024,iter-density-6pct,baseline,8,282.804024
u64,sip,1024,iter-density-6pct,quick_cache,8,162.949133
u64,sip,1024,iter-density-quarter,micro,0,253.880885
u64,sip,1024,iter-density-quarter,baseline,0,256.367418
u64,sip,1024,iter-density-quarter,quick_cache,0,192.343173
u64,sip,1024,iter-density-quarter,lru,0,292.646887
u64,sip,1024,iter-density-quarter,hashlink,0,282.695694
u64,sip,1024,iter-density-quarter,baseline,1,249.627696
u64,sip,1024,iter-density-quarter,quick_cache,1,192.721178
u64,sip,1024,iter-density-quarter,lru,1,284.597557
u64,sip,1024,iter-density-quarter,hashlink,1,285.638572
u64,sip,1024,iter-density-quarter,micro,1,251.496785
u64,sip,1024,iter-density-quarter,quick_cache,2,191.529105
u64,sip,1024,iter-density-quarter,lru,2,289.924919
u64,sip,1024,iter-density-quarter,hashlink,2,285.660878
u64,sip,1024,iter-density-quarter,micro,2,247.948891
u64,sip,1024,iter-density-quarter,baseline,2,249.702526
u64,sip,1024,iter-density-quarter,lru,3,290.072298
u64,sip,1024,iter-density-quarter,hashlink,3,299.536518
u64,sip,1024,iter-density-quarter,micro,3,337.006668
u64,sip,1024,iter-density-quarter,baseline,3,348.810482
u64,sip,1024,iter-density-quarter,quick_cache,3,192.804678
u64,sip,1024,iter-density-quarter,hashlink,4,298.405654
u64,sip,1024,iter-density-quarter,micro,4,247.013231
u64,sip,1024,iter-density-quarter,baseline,4,237.245922
u64,sip,1024,iter-density-quarter,quick_cache,4,187.595326
u64,sip,1024,iter-density-quarter,lru,4,286.534627
u64,sip,1024,iter-density-quarter,micro,5,239.840970
u64,sip,1024,iter-density-quarter,baseline,5,246.804367
u64,sip,1024,iter-density-quarter,quick_cache,5,188.902740
u64,sip,1024,iter-density-quarter,lru,5,285.946527
u64,sip,1024,iter-density-quarter,hashlink,5,297.636369
u64,sip,1024,iter-density-quarter,baseline,6,241.700493
u64,sip,1024,iter-density-quarter,quick_cache,6,189.315981
u64,sip,1024,iter-density-quarter,lru,6,289.728009
u64,sip,1024,iter-density-quarter,hashlink,6,309.661200
u64,sip,1024,iter-density-quarter,micro,6,241.696435
u64,sip,1024,iter-density-quarter,quick_cache,7,188.811519
u64,sip,1024,iter-density-quarter,lru,7,290.802625
u64,sip,1024,iter-density-quarter,hashlink,7,293.574636
u64,sip,1024,iter-density-quarter,micro,7,239.228928
u64,sip,1024,iter-density-quarter,baseline,7,245.439609
u64,sip,1024,iter-density-quarter,lru,8,284.292159
u64,sip,1024,iter-density-quarter,hashlink,8,294.339513
u64,sip,1024,iter-density-quarter,micro,8,240.915495
u64,sip,1024,iter-density-quarter,baseline,8,243.485543
u64,sip,1024,iter-density-quarter,quick_cache,8,189.323888
u64,sip,1024,iter-density-half,micro,0,250.404150
u64,sip,1024,iter-density-half,baseline,0,253.646677
u64,sip,1024,iter-density-half,quick_cache,0,353.611174
u64,sip,1024,iter-density-half,lru,0,1567.421875
u64,sip,1024,iter-density-half,hashlink,0,1058.514569
u64,sip,1024,iter-density-half,baseline,1,560.665883
u64,sip,1024,iter-density-half,quick_cache,1,314.160266
u64,sip,1024,iter-density-half,lru,1,744.146726
u64,sip,1024,iter-density-half,hashlink,1,625.307375
u64,sip,1024,iter-density-half,micro,1,242.120985
u64,sip,1024,iter-density-half,quick_cache,2,215.073031
u64,sip,1024,iter-density-half,lru,2,615.834154
u64,sip,1024,iter-density-half,hashlink,2,610.865234
u64,sip,1024,iter-density-half,micro,2,243.191874
u64,sip,1024,iter-density-half,baseline,2,248.270089
u64,sip,1024,iter-density-half,lru,3,602.003245
u64,sip,1024,iter-density-half,hashlink,3,594.750119
u64,sip,1024,iter-density-half,micro,3,246.670840
u64,sip,1024,iter-density-half,baseline,3,251.400472
u64,sip,1024,iter-density-half,quick_cache,3,216.743629
u64,sip,1024,iter-density-half,hashlink,4,623.007968
u64,sip,1024,iter-density-half,micro,4,248.356895
u64,sip,1024,iter-density-half,baseline,4,250.763722
u64,sip,1024,iter-density-half,quick_cache,4,217.730806
u64,sip,1024,iter-density-half,lru,4,613.909314
u64,sip,1024,iter-density-half,micro,5,250.072950
u64,sip,1024,iter-density-half,baseline,5,251.182935
u64,sip,1024,iter-density-half,quick_cache,5,217.294227
u64,sip,1024,iter-density-half,lru,5,610.302164
u64,sip,1024,iter-density-half,hashlink,5,603.317085
u64,sip,1024,iter-density-half,baseline,6,246.835174
u64,sip,1024,iter-density-half,quick_cache,6,216.196274
u64,sip,1024,iter-density-half,lru,6,605.776647
u64,sip,1024,iter-density-half,hashlink,6,599.606801
u64,sip,1024,iter-density-half,micro,6,247.919968
u64,sip,1024,iter-density-half,quick_cache,7,217.427982
u64,sip,1024,iter-density-half,lru,7,643.840021
u64,sip,1024,iter-density-half,hashlink,7,621.874008
u64,sip,1024,iter-density-half,micro,7,247.639313
u64,sip,1024,iter-density-half,baseline,7,252.356351
u64,sip,1024,iter-density-half,lru,8,604.614020
u64,sip,1024,iter-density-half,hashlink,8,596.736880
u64,sip,1024,iter-density-half,micro,8,247.610067
u64,sip,1024,iter-density-half,baseline,8,250.247900
u64,sip,1024,iter-density-half,quick_cache,8,217.861377
u64,sip,1024,iter-front,micro,0,1.151887
u64,sip,1024,iter-front,baseline,0,241.690446
u64,sip,1024,iter-front,quick_cache,0,158.350209
u64,sip,1024,iter-front,lru,0,1.161909
u64,sip,1024,iter-front,hashlink,0,1.147143
u64,sip,1024,iter-front,baseline,1,243.388143
u64,sip,1024,iter-front,quick_cache,1,158.821075
u64,sip,1024,iter-front,lru,1,1.183201
u64,sip,1024,iter-front,hashlink,1,1.139014
u64,sip,1024,iter-front,micro,1,1.156243
u64,sip,1024,iter-front,quick_cache,2,158.696859
u64,sip,1024,iter-front,lru,2,1.158351
u64,sip,1024,iter-front,hashlink,2,1.141619
u64,sip,1024,iter-front,micro,2,1.156910
u64,sip,1024,iter-front,baseline,2,242.363130
u64,sip,1024,iter-front,lru,3,1.157939
u64,sip,1024,iter-front,hashlink,3,1.136430
u64,sip,1024,iter-front,micro,3,1.154824
u64,sip,1024,iter-front,baseline,3,245.566376
u64,sip,1024,iter-front,quick_cache,3,157.716322
u64,sip,1024,iter-front,hashlink,4,1.132698
u64,sip,1024,iter-front,micro,4,1.143566
u64,sip,1024,iter-front,baseline,4,244.242383
u64,sip,1024,iter-front,quick_cache,4,159.994978
u64,sip,1024,iter-front,lru,4,1.222068
u64,sip,1024,iter-front,micro,5,1.156739
u64,sip,1024,iter-front,baseline,5,244.228125
u64,sip,1024,iter-front,quick_cache,5,158.175449
u64,sip,1024,iter-front,lru,5,1.163163
u64,sip,1024,iter-front,hashlink,5,1.122107
u64,sip,1024,iter-front,baseline,6,244.975059
u64,sip,1024,iter-front,quick_cache,6,158.470270
u64,sip,1024,iter-front,lru,6,1.171649
u64,sip,1024,iter-front,hashlink,6,1.149362
u64,sip,1024,iter-front,micro,6,1.148948
u64,sip,1024,iter-front,quick_cache,7,160.684866
u64,sip,1024,iter-front,lru,7,1.162177
u64,sip,1024,iter-front,hashlink,7,1.132780
u64,sip,1024,iter-front,micro,7,1.165845
u64,sip,1024,iter-front,baseline,7,243.540304
u64,sip,1024,iter-front,lru,8,1.187861
u64,sip,1024,iter-front,hashlink,8,1.135365
u64,sip,1024,iter-front,micro,8,1.163925
u64,sip,1024,iter-front,baseline,8,243.287082
u64,sip,1024,iter-front,quick_cache,8,158.272963
u64,sip,1024,iter-back,micro,0,1.087607
u64,sip,1024,iter-back,baseline,0,242.757667
u64,sip,1024,iter-back,quick_cache,0,157.215418
u64,sip,1024,iter-back,lru,0,1.170351
u64,sip,1024,iter-back,hashlink,0,1.128795
u64,sip,1024,iter-back,baseline,1,249.158191
u64,sip,1024,iter-back,quick_cache,1,159.284213
u64,sip,1024,iter-back,lru,1,1.172274
u64,sip,1024,iter-back,hashlink,1,1.168548
u64,sip,1024,iter-back,micro,1,1.144261
u64,sip,1024,iter-back,quick_cache,2,162.209317
u64,sip,1024,iter-back,lru,2,1.196007
u64,sip,1024,iter-back,hashlink,2,1.129480
u64,sip,1024,iter-back,micro,2,1.146882
u64,sip,1024,iter-back,baseline,2,250.043750
u64,sip,1024,iter-back,lru,3,1.168652
u64,sip,1024,iter-back,hashlink,3,1.162825
u64,sip,1024,iter-back,micro,3,1.139122
u64,sip,1024,iter-back,baseline,3,253.897778
u64,sip,1024,iter-back,quick_cache,3,170.846141
u64,sip,1024,iter-back,hashlink,4,1.125802
u64,sip,1024,iter-back,micro,4,1.153980
u64,sip,1024,iter-back,baseline,4,251.526075
u64,sip,1024,iter-back,quick_cache,4,162.003433
u64,sip,1024,iter-back,lru,4,1.172678
u64,sip,1024,iter-back,micro,5,1.152541
u64,sip,1024,iter-back,baseline,5,252.789277
u64,sip,1024,iter-back,quick_cache,5,163.557204
u64,sip,1024,iter-back,lru,5,1.203608
u64,sip,1024,iter-back,hashlink,5,1.138898
u64,sip,1024,iter-back,baseline,6,253.015018
u64,sip,1024,iter-back,quick_cache,6,161.301116
u64,sip,1024,iter-back,lru,6,1.168469
u64,sip,1024,iter-back,hashlink,6,1.145696
u64,sip,1024,iter-back,micro,6,1.155875
u64,sip,1024,iter-back,quick_cache,7,162.681842
u64,sip,1024,iter-back,lru,7,1.187454
u64,sip,1024,iter-back,hashlink,7,1.170430
u64,sip,1024,iter-back,micro,7,1.139920
u64,sip,1024,iter-back,baseline,7,252.606270
u64,sip,1024,iter-back,lru,8,1.173903
u64,sip,1024,iter-back,hashlink,8,1.136107
u64,sip,1024,iter-back,micro,8,1.147378
u64,sip,1024,iter-back,baseline,8,259.568045
u64,sip,1024,iter-back,quick_cache,8,160.461050
u64,sip,1024,iter-empty,micro,0,0.813645
u64,sip,1024,iter-empty,baseline,0,250.722005
u64,sip,1024,iter-empty,quick_cache,0,161.201933
u64,sip,1024,iter-empty,lru,0,0.955546
u64,sip,1024,iter-empty,hashlink,0,0.951143
u64,sip,1024,iter-empty,baseline,1,245.122257
u64,sip,1024,iter-empty,quick_cache,1,157.620338
u64,sip,1024,iter-empty,lru,1,0.972508
u64,sip,1024,iter-empty,hashlink,1,0.983397
u64,sip,1024,iter-empty,micro,1,0.825667
u64,sip,1024,iter-empty,quick_cache,2,163.421663
u64,sip,1024,iter-empty,lru,2,0.978330
u64,sip,1024,iter-empty,hashlink,2,0.944217
u64,sip,1024,iter-empty,micro,2,0.823673
u64,sip,1024,iter-empty,baseline,2,248.474364
u64,sip,1024,iter-empty,lru,3,0.965621
u64,sip,1024,iter-empty,hashlink,3,0.980245
u64,sip,1024,iter-empty,micro,3,0.826475
u64,sip,1024,iter-empty,baseline,3,255.036297
u64,sip,1024,iter-empty,quick_cache,3,162.619504
u64,sip,1024,iter-empty,hashlink,4,0.981026
u64,sip,1024,iter-empty,micro,4,0.828482
u64,sip,1024,iter-empty,baseline,4,251.876610
u64,sip,1024,iter-empty,quick_cache,4,163.074068
u64,sip,1024,iter-empty,lru,4,0.976770
u64,sip,1024,iter-empty,micro,5,0.823943
u64,sip,1024,iter-empty,baseline,5,251.920642
u64,sip,1024,iter-empty,quick_cache,5,162.031801
u64,sip,1024,iter-empty,lru,5,0.976294
u64,sip,1024,iter-empty,hashlink,5,0.995933
u64,sip,1024,iter-empty,baseline,6,250.544621
u64,sip,1024,iter-empty,quick_cache,6,164.826147
u64,sip,1024,iter-empty,lru,6,0.974875
u64,sip,1024,iter-empty,hashlink,6,0.998332
u64,sip,1024,iter-empty,micro,6,0.835521
u64,sip,1024,iter-empty,quick_cache,7,163.506799
u64,sip,1024,iter-empty,lru,7,0.982704
u64,sip,1024,iter-empty,hashlink,7,1.001294
u64,sip,1024,iter-empty,micro,7,0.837694
u64,sip,1024,iter-empty,baseline,7,253.823813
u64,sip,1024,iter-empty,lru,8,0.974552
u64,sip,1024,iter-empty,hashlink,8,0.990774
u64,sip,1024,iter-empty,micro,8,0.831002
u64,sip,1024,iter-empty,baseline,8,253.342788
u64,sip,1024,iter-empty,quick_cache,8,162.999381
u64,sip,1024,iter-count,micro,0,0.396379
u64,sip,1024,iter-count,baseline,0,264.943148
u64,sip,1024,iter-count,quick_cache,0,490.592480
u64,sip,1024,iter-count,lru,0,0.383726
u64,sip,1024,iter-count,hashlink,0,0.388680
u64,sip,1024,iter-count,baseline,1,248.662925
u64,sip,1024,iter-count,quick_cache,1,460.138899
u64,sip,1024,iter-count,lru,1,0.385806
u64,sip,1024,iter-count,hashlink,1,0.391964
u64,sip,1024,iter-count,micro,1,0.393094
u64,sip,1024,iter-count,quick_cache,2,470.838728
u64,sip,1024,iter-count,lru,2,0.388527
u64,sip,1024,iter-count,hashlink,2,0.391808
u64,sip,1024,iter-count,micro,2,0.392509
u64,sip,1024,iter-count,baseline,2,246.596289
u64,sip,1024,iter-count,lru,3,0.371790
u64,sip,1024,iter-count,hashlink,3,0.384405
u64,sip,1024,iter-count,micro,3,0.391369
u64,sip,1024,iter-count,baseline,3,251.295823
u64,sip,1024,iter-count,quick_cache,3,462.372002
u64,sip,1024,iter-count,hashlink,4,0.380474
u64,sip,1024,iter-count,micro,4,0.385699
u64,sip,1024,iter-count,baseline,4,245.245361
u64,sip,1024,iter-count,quick_cache,4,453.254528
u64,sip,1024,iter-count,lru,4,0.370864
u64,sip,1024,iter-count,micro,5,0.382526
u64,sip,1024,iter-count,baseline,5,244.700098
u64,sip,1024,iter-count,quick_cache,5,460.786065
u64,sip,1024,iter-count,lru,5,0.384466
u64,sip,1024,iter-count,hashlink,5,0.390113
u64,sip,1024,iter-count,baseline,6,243.606144
u64,sip,1024,iter-count,quick_cache,6,456.168241
u64,sip,1024,iter-count,lru,6,0.388348
u64,sip,1024,iter-count,hashlink,6,0.389142
u64,sip,1024,iter-count,micro,6,0.397850
u64,sip,1024,iter-count,quick_cache,7,469.703311
u64,sip,1024,iter-count,lru,7,0.385695
u64,sip,1024,iter-count,hashlink,7,0.388875
u64,sip,1024,iter-count,micro,7,0.377062
u64,sip,1024,iter-count,baseline,7,238.686166
u64,sip,1024,iter-count,lru,8,0.378051
u64,sip,1024,iter-count,hashlink,8,0.391188
u64,sip,1024,iter-count,micro,8,0.392627
u64,sip,1024,iter-count,baseline,8,248.205548
u64,sip,1024,iter-count,quick_cache,8,453.173118
u64,sip,16384,iter-dense,micro,0,4469.122321
u64,sip,16384,iter-dense,baseline,0,4543.191964
u64,sip,16384,iter-dense,quick_cache,0,5132.182460
u64,sip,16384,iter-dense,lru,0,21818.519531
u64,sip,16384,iter-dense,hashlink,0,21360.839844
u64,sip,16384,iter-dense,baseline,1,4496.912500
u64,sip,16384,iter-dense,quick_cache,1,5130.838710
u64,sip,16384,iter-dense,lru,1,21455.566406
u64,sip,16384,iter-dense,hashlink,1,20518.718750
u64,sip,16384,iter-dense,micro,1,4460.177951
u64,sip,16384,iter-dense,quick_cache,2,5101.184476
u64,sip,16384,iter-dense,lru,2,21832.355469
u64,sip,16384,iter-dense,hashlink,2,20712.730469
u64,sip,16384,iter-dense,micro,2,4486.123214
u64,sip,16384,iter-dense,baseline,2,4544.716964
u64,sip,16384,iter-dense,lru,3,21766.765625
u64,sip,16384,iter-dense,hashlink,3,20712.078125
u64,sip,16384,iter-dense,micro,3,4568.042857
u64,sip,16384,iter-dense,baseline,3,4548.549107
u64,sip,16384,iter-dense,quick_cache,3,5184.223790
u64,sip,16384,iter-dense,hashlink,4,20893.230469
u64,sip,16384,iter-dense,micro,4,4464.434821
u64,sip,16384,iter-dense,baseline,4,4531.361607
u64,sip,16384,iter-dense,quick_cache,4,5136.718750
u64,sip,16384,iter-dense,lru,4,21370.605469
u64,sip,16384,iter-dense,micro,5,4508.816964
u64,sip,16384,iter-dense,baseline,5,4581.919643
u64,sip,16384,iter-dense,quick_cache,5,5149.781250
u64,sip,16384,iter-dense,lru,5,21944.171875
u64,sip,16384,iter-dense,hashlink,5,20481.933594
u64,sip,16384,iter-dense,baseline,6,4571.205357
u64,sip,16384,iter-dense,quick_cache,6,5209.288542
u64,sip,16384,iter-dense,lru,6,22341.796875
u64,sip,16384,iter-dense,hashlink,6,21040.527344
u64,sip,16384,iter-dense,micro,6,4469.717857
u64,sip,16384,iter-dense,quick_cache,7,5120.463710
u64,sip,16384,iter-dense,lru,7,21622.234375
u64,sip,16384,iter-dense,hashlink,7,20648.597656
u64,sip,16384,iter-dense,micro,7,4484.040179
u64,sip,16384,iter-dense,baseline,7,4577.083036
u64,sip,16384,iter-dense,lru,8,21552.082031
u64,sip,16384,iter-dense,hashlink,8,20708.984375
u64,sip,16384,iter-dense,micro,8,4465.550893
u64,sip,16384,iter-dense,baseline,8,4540.922321
u64,sip,16384,iter-dense,quick_cache,8,5190.859879
u64,sip,16384,iter-dense-for,micro,0,4584.783929
u64,sip,16384,iter-dense-for,baseline,0,4553.422321
u64,sip,16384,iter-dense-for,quick_cache,0,7945.442187
u64,sip,16384,iter-dense-for,lru,0,16997.003125
u64,sip,16384,iter-dense-for,hashlink,0,15721.615625
u64,sip,16384,iter-dense-for,baseline,1,4517.857143
u64,sip,16384,iter-dense-for,quick_cache,1,7768.912202
u64,sip,16384,iter-dense-for,lru,1,17198.568750
u64,sip,16384,iter-dense-for,hashlink,1,16010.546875
u64,sip,16384,iter-dense-for,micro,1,4476.971429
u64,sip,16384,iter-dense-for,quick_cache,2,7770.214286
u64,sip,16384,iter-dense-for,lru,2,17144.921875
u64,sip,16384,iter-dense-for,hashlink,2,15847.137500
u64,sip,16384,iter-dense-for,micro,2,4526.190179
u64,sip,16384,iter-dense-for,baseline,2,4610.486213
u64,sip,16384,iter-dense-for,lru,3,17216.665625
u64,sip,16384,iter-dense-for,hashlink,3,16131.509375
u64,sip,16384,iter-dense-for,micro,3,4464.987847
u64,sip,16384,iter-dense-for,baseline,3,4531.435714
u64,sip,16384,iter-dense-for,quick_cache,3,5264.062500
u64,sip,16384,iter-dense-for,hashlink,4,16821.093750
u64,sip,16384,iter-dense-for,micro,4,4511.124107
u64,sip,16384,iter-dense-for,baseline,4,4455.657118
u64,sip,16384,iter-dense-for,quick_cache,4,7544.766369
u64,sip,16384,iter-dense-for,lru,4,16001.434375
u64,sip,16384,iter-dense-for,micro,5,4452.437500
u64,sip,16384,iter-dense-for,baseline,5,4549.181250
u64,sip,16384,iter-dense-for,quick_cache,5,7965.495313
u64,sip,16384,iter-dense-for,lru,5,14881.392045
u64,sip,16384,iter-dense-for,hashlink,5,16751.303125
u64,sip,16384,iter-dense-for,baseline,6,4480.133929
u64,sip,16384,iter-dense-for,quick_cache,6,7686.755952
u64,sip,16384,iter-dense-for,lru,6,15266.690341
u64,sip,16384,iter-dense-for,hashlink,6,16864.843750
u64,sip,16384,iter-dense-for,micro,6,4456.416667
u64,sip,16384,iter-dense-for,quick_cache,7,7739.769345
u64,sip,16384,iter-dense-for,lru,7,18054.545139
u64,sip,16384,iter-dense-for,hashlink,7,16891.537500
u64,sip,16384,iter-dense-for,micro,7,4444.046007
u64,sip,16384,iter-dense-for,baseline,7,4511.495536
u64,sip,16384,iter-dense-for,lru,8,14977.036932
u64,sip,16384,iter-dense-for,hashlink,8,17767.506944
u64,sip,16384,iter-dense-for,micro,8,4457.934896
u64,sip,16384,iter-dense-for,baseline,8,4515.587500
u64,sip,16384,iter-dense-for,quick_cache,8,7755.952381
u64,sip,16384,iter-density-1pct,micro,0,237.018608
u64,sip,16384,iter-density-1pct,baseline,0,4785.906250
u64,sip,16384,iter-density-1pct,quick_cache,0,4626.454963
u64,sip,16384,iter-density-1pct,lru,0,173.018632
u64,sip,16384,iter-density-1pct,hashlink,0,173.777500
u64,sip,16384,iter-density-1pct,baseline,1,4732.805147
u64,sip,16384,iter-density-1pct,quick_cache,1,4783.656250
u64,sip,16384,iter-density-1pct,lru,1,174.319468
u64,sip,16384,iter-density-1pct,hashlink,1,173.130952
u64,sip,16384,iter-density-1pct,micro,1,239.771089
u64,sip,16384,iter-density-1pct,quick_cache,2,4816.919508
u64,sip,16384,iter-density-1pct,lru,2,176.936051
u64,sip,16384,iter-density-1pct,hashlink,2,174.222234
u64,sip,16384,iter-density-1pct,micro,2,240.592981
u64,sip,16384,iter-density-1pct,baseline,2,4725.451287
u64,sip,16384,iter-density-1pct,lru,3,178.502854
u64,sip,16384,iter-density-1pct,hashlink,3,191.294676
u64,sip,16384,iter-density-1pct,micro,3,253.501064
u64,sip,16384,iter-density-1pct,baseline,3,4761.995265
u64,sip,16384,iter-density-1pct,quick_cache,3,4756.353220
u64,sip,16384,iter-density-1pct,hashlink,4,178.260725
u64,sip,16384,iter-density-1pct,micro,4,241.301360
u64,sip,16384,iter-density-1pct,baseline,4,4706.686581
u64,sip,16384,iter-density-1pct,quick_cache,4,4791.588068
u64,sip,16384,iter-density-1pct,lru,4,175.486041
u64,sip,16384,iter-density-1pct,micro,5,251.304160
u64,sip,16384,iter-density-1pct,baseline,5,4794.625947
u64,sip,16384,iter-density-1pct,quick_cache,5,4777.580492
u64,sip,16384,iter-density-1pct,lru,5,173.808572
u64,sip,16384,iter-density-1pct,hashlink,5,174.413783
u64,sip,16384,iter-density-1pct,baseline,6,4752.209280
u64,sip,16384,iter-density-1pct,quick_cache,6,4490.513393
u64,sip,16384,iter-density-1pct,lru,6,175.945304
u64,sip,16384,iter-density-1pct,hashlink,6,185.937797
u64,sip,16384,iter-density-1pct,micro,6,251.496785
u64,sip,16384,iter-density-1pct,quick_cache,7,4808.791667
u64,sip,16384,iter-density-1pct,lru,7,175.643750
u64,sip,16384,iter-density-1pct,hashlink,7,173.204492
u64,sip,16384,iter-density-1pct,micro,7,237.845225
u64,sip,16384,iter-density-1pct,baseline,7,4981.485352
u64,sip,16384,iter-density-1pct,lru,8,176.924279
u64,sip,16384,iter-density-1pct,hashlink,8,175.548892
u64,sip,16384,iter-density-1pct,micro,8,239.023844
u64,sip,16384,iter-density-1pct,baseline,8,4926.757812
u64,sip,16384,iter-density-1pct,quick_cache,8,4868.213068
u64,sip,16384,iter-density-6pct,micro,0,4396.882812
u64,sip,16384,iter-density-6pct,baseline,0,4617.647059
u64,sip,16384,iter-density-6pct,quick_cache,0,4741.003788
u64,sip,16384,iter-density-6pct,lru,0,5690.661830
u64,sip,16384,iter-density-6pct,hashlink,0,5639.834821
u64,sip,16384,iter-density-6pct,baseline,1,4319.714527
u64,sip,16384,iter-density-6pct,quick_cache,1,4726.829963
u64,sip,16384,iter-density-6pct,lru,1,5805.700231
u64,sip,16384,iter-density-6pct,hashlink,1,5799.623843
u64,sip,16384,iter-density-6pct,micro,1,4562.946429
u64,sip,16384,iter-density-6pct,quick_cache,2,4749.211174
u64,sip,16384,iter-density-6pct,lru,2,5674.665179
u64,sip,16384,iter-density-6pct,hashlink,2,5370.486458
u64,sip,16384,iter-density-6pct,micro,2,4520.312500
u64,sip,16384,iter-density-6pct,baseline,2,4587.685714
u64,sip,16384,iter-density-6pct,lru,3,5712.657366
u64,sip,16384,iter-density-6pct,hashlink,3,5389.727371
u64,sip,16384,iter-density-6pct,micro,3,4461.226562
u64,sip,16384,iter-density-6pct,baseline,3,4587.537500
u64,sip,16384,iter-density-6pct,quick_cache,3,4681.066176
u64,sip,16384,iter-density-6pct,hashlink,4,5268.966667
u64,sip,16384,iter-density-6pct,micro,4,4567.596429
u64,sip,16384,iter-density-6pct,baseline,4,4699.448529
u64,sip,16384,iter-density-6pct,quick_cache,4,4737.807765
u64,sip,16384,iter-density-6pct,lru,4,5784.830357
u64,sip,16384,iter-density-6pct,micro,5,4562.053571
u64,sip,16384,iter-density-6pct,baseline,5,4596.392463
u64,sip,16384,iter-density-6pct,quick_cache,5,4731.617647
u64,sip,16384,iter-density-6pct,lru,5,5664.713170
u64,sip,16384,iter-density-6pct,hashlink,5,5378.472917
u64,sip,16384,iter-density-6pct,baseline,6,4501.339286
u64,sip,16384,iter-density-6pct,quick_cache,6,4677.580882
u64,sip,16384,iter-density-6pct,lru,6,5769.391741
u64,sip,16384,iter-density-6pct,hashlink,6,5469.423491
u64,sip,16384,iter-density-6pct,micro,6,4518.378571
u64,sip,16384,iter-density-6pct,quick_cache,7,4700.635110
u64,sip,16384,iter-density-6pct,lru,7,5798.369213
u64,sip,16384,iter-density-6pct,hashlink,7,5629.556920
u64,sip,16384,iter-density-6pct,micro,7,4553.013393
u64,sip,16384,iter-density-6pct,baseline,7,4335.057432
u64,sip,16384,iter-density-6pct,lru,8,4746.093750
u64,sip,16384,iter-density-6pct,hashlink,8,4979.166992
u64,sip,16384,iter-density-6pct,micro,8,4194.935033
u64,sip,16384,iter-density-6pct,baseline,8,4562.016071
u64,sip,16384,iter-density-6pct,quick_cache,8,4685.585478
u64,sip,16384,iter-density-quarter,micro,0,4163.925987
u64,sip,16384,iter-density-quarter,baseline,0,4136.478618
u64,sip,16384,iter-density-quarter,quick_cache,0,4866.752841
u64,sip,16384,iter-density-quarter,lru,0,7264.204545
u64,sip,16384,iter-density-quarter,hashlink,0,6766.819010
u64,sip,16384,iter-density-quarter,baseline,1,4216.111842
u64,sip,16384,iter-density-quarter,quick_cache,1,4827.533144
u64,sip,16384,iter-density-quarter,lru,1,7355.409091
u64,sip,16384,iter-density-quarter,hashlink,1,6676.377604
u64,sip,16384,iter-density-quarter,micro,1,4128.700658
u64,sip,16384,iter-density-quarter,quick_cache,2,4838.936553
u64,sip,16384,iter-density-quarter,lru,2,7193.654830
u64,sip,16384,iter-density-quarter,hashlink,2,6650.606771
u64,sip,16384,iter-density-quarter,micro,2,4183.764803
u64,sip,16384,iter-density-quarter,baseline,2,4172.800164
u64,sip,16384,iter-density-quarter,lru,3,7209.221591
u64,sip,16384,iter-density-quarter,hashlink,3,6675.944010
u64,sip,16384,iter-density-quarter,micro,3,4169.921875
u64,sip,16384,iter-density-quarter,baseline,3,4212.033717
u64,sip,16384,iter-density-quarter,quick_cache,3,4909.179688
u64,sip,16384,iter-density-quarter,hashlink,4,7300.781250
u64,sip,16384,iter-density-quarter,micro,4,4127.055921
u64,sip,16384,iter-density-quarter,baseline,4,4182.532072
u64,sip,16384,iter-density-quarter,quick_cache,4,4894.531250
u64,sip,16384,iter-density-quarter,lru,4,6709.580729
u64,sip,16384,iter-density-quarter,micro,5,4143.331414
u64,sip,16384,iter-density-quarter,baseline,5,4157.277961
u64,sip,16384,iter-density-quarter,quick_cache,5,4847.656250
u64,sip,16384,iter-density-quarter,lru,5,7376.420455
u64,sip,16384,iter-density-quarter,hashlink,5,6666.341146
u64,sip,16384,iter-density-quarter,baseline,6,4145.182566
u64,sip,16384,iter-density-quarter,quick_cache,6,4790.404356
u64,sip,16384,iter-density-quarter,lru,6,7224.904830
u64,sip,16384,iter-density-quarter,hashlink,6,6889.436141
u64,sip,16384,iter-density-quarter,micro,6,4132.777961
u64,sip,16384,iter-density-quarter,quick_cache,7,4805.081439
u64,sip,16384,iter-density-quarter,lru,7,7320.548295
u64,sip,16384,iter-density-quarter,hashlink,7,6695.367188
u64,sip,16384,iter-density-quarter,micro,7,4138.637336
u64,sip,16384,iter-density-quarter,baseline,7,4159.539474
u64,sip,16384,iter-density-quarter,lru,8,7269.650568
u64,sip,16384,iter-density-quarter,hashlink,8,6703.829427
u64,sip,16384,iter-density-quarter,micro,8,4158.854441
u64,sip,16384,iter-density-quarter,baseline,8,4152.172697
u64,sip,16384,iter-density-quarter,quick_cache,8,4849.273674
u64,sip,16384,iter-density-half,micro,0,4311.936655
u64,sip,16384,iter-density-half,baseline,0,4346.028646
u64,sip,16384,iter-density-half,quick_cache,0,4954.875000
u64,sip,16384,iter-density-half,lru,0,16334.896875
u64,sip,16384,iter-density-half,hashlink,0,13316.080729
u64,sip,16384,iter-density-half,baseline,1,4288.288007
u64,sip,16384,iter-density-half,quick_cache,1,4938.151367
u64,sip,16384,iter-density-half,lru,1,14268.465909
u64,sip,16384,iter-density-half,hashlink,1,15988.153125
u64,sip,16384,iter-density-half,micro,1,4144.256579
u64,sip,16384,iter-density-half,quick_cache,2,4858.231061
u64,sip,16384,iter-density-half,lru,2,16542.056250
u64,sip,16384,iter-density-half,hashlink,2,13326.606771
u64,sip,16384,iter-density-half,micro,2,4264.991554
u64,sip,16384,iter-density-half,baseline,2,4048.443910
u64,sip,16384,iter-density-half,lru,3,13156.684896
u64,sip,16384,iter-density-half,hashlink,3,13152.144231
u64,sip,16384,iter-density-half,micro,3,4108.874199
u64,sip,16384,iter-density-half,baseline,3,4138.911184
u64,sip,16384,iter-density-half,quick_cache,3,5010.579102
u64,sip,16384,iter-density-half,hashlink,4,15376.303977
u64,sip,16384,iter-density-half,micro,4,4229.130912
u64,sip,16384,iter-density-half,baseline,4,4273.824324
u64,sip,16384,iter-density-half,quick_cache,4,4804.767045
u64,sip,16384,iter-density-half,lru,4,16569.400000
u64,sip,16384,iter-density-half,micro,5,4287.619932
u64,sip,16384,iter-density-half,baseline,5,4256.228885
u64,sip,16384,iter-density-half,quick_cache,5,4844.776515
u64,sip,16384,iter-density-half,lru,5,13379.122396
u64,sip,16384,iter-density-half,hashlink,5,15354.639205
u64,sip,16384,iter-density-half,baseline,6,4372.323785
u64,sip,16384,iter-density-half,quick_cache,6,4857.047348
u64,sip,16384,iter-density-half,lru,6,13442.708333
u64,sip,16384,iter-density-half,hashlink,6,15176.372159
u64,sip,16384,iter-density-half,micro,6,4253.131757
u64,sip,16384,iter-density-half,quick_cache,7,4856.415720
u64,sip,16384,iter-density-half,lru,7,13445.963542
u64,sip,16384,iter-density-half,hashlink,7,15115.647727
u64,sip,16384,iter-density-half,micro,7,4302.119088
u64,sip,16384,iter-density-half,baseline,7,4264.463682
u64,sip,16384,iter-density-half,lru,8,13426.867188
u64,sip,16384,iter-density-half,hashlink,8,15057.053977
u64,sip,16384,iter-density-half,micro,8,4284.698480
u64,sip,16384,iter-density-half,baseline,8,4317.848818
u64,sip,16384,iter-density-half,quick_cache,8,4916.259766
u64,sip,16384,iter-front,micro,0,1.169107
u64,sip,16384,iter-front,baseline,0,4058.092949
u64,sip,16384,iter-front,quick_cache,0,4885.771780
u64,sip,16384,iter-front,lru,0,1.181573
u64,sip,16384,iter-front,hashlink,0,1.185328
u64,sip,16384,iter-front,baseline,1,4046.540865
u64,sip,16384,iter-front,quick_cache,1,4840.120265
u64,sip,16384,iter-front,lru,1,1.127565
u64,sip,16384,iter-front,hashlink,1,1.164845
u64,sip,16384,iter-front,micro,1,1.145343
u64,sip,16384,iter-front,quick_cache,2,4581.882143
u64,sip,16384,iter-front,lru,2,1.167631
u64,sip,16384,iter-front,hashlink,2,1.177291
u64,sip,16384,iter-front,micro,2,1.171447
u64,sip,16384,iter-front,baseline,2,4029.781250
u64,sip,16384,iter-front,lru,3,1.173418
u64,sip,16384,iter-front,hashlink,3,1.125802
u64,sip,16384,iter-front,micro,3,1.165966
u64,sip,16384,iter-front,baseline,3,4021.568109
u64,sip,16384,iter-front,quick_cache,3,4775.133523
u64,sip,16384,iter-front,hashlink,4,1.179993
u64,sip,16384,iter-front,micro,4,1.161650
u64,sip,16384,iter-front,baseline,4,4030.080929
u64,sip,16384,iter-front,quick_cache,4,4808.317235
u64,sip,16384,iter-front,lru,4,1.174423
u64,sip,16384,iter-front,micro,5,1.169571
u64,sip,16384,iter-front,baseline,5,4078.024840
u64,sip,16384,iter-front,quick_cache,5,4834.320076
u64,sip,16384,iter-front,lru,5,1.180510
u64,sip,16384,iter-front,hashlink,5,1.159150
u64,sip,16384,iter-front,baseline,6,4027.410256
u64,sip,16384,iter-front,quick_cache,6,4811.711174
u64,sip,16384,iter-front,lru,6,1.175086
u64,sip,16384,iter-front,hashlink,6,1.187364
u64,sip,16384,iter-front,micro,6,1.168644
u64,sip,16384,iter-front,quick_cache,7,4813.485795
u64,sip,16384,iter-front,lru,7,1.175501
u64,sip,16384,iter-front,hashlink,7,1.163007
u64,sip,16384,iter-front,micro,7,1.158222
u64,sip,16384,iter-front,baseline,7,3997.233594
u64,sip,16384,iter-front,lru,8,1.171430
u64,sip,16384,iter-front,hashlink,8,1.143742
u64,sip,16384,iter-front,micro,8,1.180305
u64,sip,16384,iter-front,baseline,8,4020.432692
u64,sip,16384,iter-front,quick_cache,8,4844.105114
u64,sip,16384,iter-back,micro,0,1.169483
u64,sip,16384,iter-back,baseline,0,3990.950781
u64,sip,16384,iter-back,quick_cache,0,4797.663826
u64,sip,16384,iter-back,lru,0,1.170386
u64,sip,16384,iter-back,hashlink,0,1.145797
u64,sip,16384,iter-back,baseline,1,4043.536859
u64,sip,16384,iter-back,quick_cache,1,4508.147321
u64,sip,16384,iter-back,lru,1,1.155661
u64,sip,16384,iter-back,hashlink,1,1.125234
u64,sip,16384,iter-back,micro,1,1.136281
u64,sip,16384,iter-back,quick_cache,2,4744.397727
u64,sip,16384,iter-back,lru,2,1.187662
u64,sip,16384,iter-back,hashlink,2,1.151378
u64,sip,16384,iter-back,micro,2,1.155644
u64,sip,16384,iter-back,baseline,2,4047.175481
u64,sip,16384,iter-back,lru,3,1.193659
u64,sip,16384,iter-back,hashlink,3,1.171008
u64,sip,16384,iter-back,micro,3,1.152108
u64,sip,16384,iter-back,baseline,3,4083.567308
u64,sip,16384,iter-back,quick_cache,3,4951.904297
u64,sip,16384,iter-back,hashlink,4,1.144278
u64,sip,16384,iter-back,micro,4,1.139970
u64,sip,16384,iter-back,baseline,4,4057.291667
u64,sip,16384,iter-back,quick_cache,4,4953.410156
u64,sip,16384,iter-back,lru,4,1.189525
u64,sip,16384,iter-back,micro,5,1.172766
u64,sip,16384,iter-back,baseline,5,4138.157895
u64,sip,16384,iter-back,quick_cache,5,4921.997070
u64,sip,16384,iter-back,lru,5,1.200492
u64,sip,16384,iter-back,hashlink,5,1.161675
u64,sip,16384,iter-back,baseline,6,4074.619391
u64,sip,16384,iter-back,quick_cache,6,4887.863636
u64,sip,16384,iter-back,lru,6,1.191875
u64,sip,16384,iter-back,hashlink,6,1.142972
u64,sip,16384,iter-back,micro,6,1.170421
u64,sip,16384,iter-back,quick_cache,7,4967.895508
u64,sip,16384,iter-back,lru,7,1.189606
u64,sip,16384,iter-back,hashlink,7,1.143800
u64,sip,16384,iter-back,micro,7,1.128077
u64,sip,16384,iter-back,baseline,7,3970.540625
u64,sip,16384,iter-back,lru,8,1.188692
u64,sip,16384,iter-back,hashlink,8,1.140911
u64,sip,16384,iter-back,micro,8,1.141544
u64,sip,16384,iter-back,baseline,8,4031.817308
u64,sip,16384,iter-back,quick_cache,8,4653.033088
u64,sip,16384,iter-empty,micro,0,0.825745
u64,sip,16384,iter-empty,baseline,0,4042.634615
u64,sip,16384,iter-empty,quick_cache,0,4736.702652
u64,sip,16384,iter-empty,lru,0,0.969666
u64,sip,16384,iter-empty,hashlink,0,0.992858
u64,sip,16384,iter-empty,baseline,1,3907.012195
u64,sip,16384,iter-empty,quick_cache,1,4884.312500
u64,sip,16384,iter-empty,lru,1,0.964595
u64,sip,16384,iter-empty,hashlink,1,0.991522
u64,sip,16384,iter-empty,micro,1,0.823157
u64,sip,16384,iter-empty,quick_cache,2,5061.365927
u64,sip,16384,iter-empty,lru,2,0.971777
u64,sip,16384,iter-empty,hashlink,2,0.998428
u64,sip,16384,iter-empty,micro,2,0.828109
u64,sip,16384,iter-empty,baseline,2,3959.570312
u64,sip,16384,iter-empty,lru,3,0.968830
u64,sip,16384,iter-empty,hashlink,3,0.986838
u64,sip,16384,iter-empty,micro,3,0.833889
u64,sip,16384,iter-empty,baseline,3,3961.816406
u64,sip,16384,iter-empty,quick_cache,3,4858.783144
u64,sip,16384,iter-empty,hashlink,4,0.983044
u64,sip,16384,iter-empty,micro,4,0.822827
u64,sip,16384,iter-empty,baseline,4,3937.727344
u64,sip,16384,iter-empty,quick_cache,4,4846.985795
u64,sip,16384,iter-empty,lru,4,0.987380
u64,sip,16384,iter-empty,micro,5,0.818804
u64,sip,16384,iter-empty,baseline,5,4026.075321
u64,sip,16384,iter-empty,quick_cache,5,4921.589844
u64,sip,16384,iter-empty,lru,5,0.973138
u64,sip,16384,iter-empty,hashlink,5,0.990115
u64,sip,16384,iter-empty,baseline,6,3922.591406
u64,sip,16384,iter-empty,quick_cache,6,4870.186553
u64,sip,16384,iter-empty,lru,6,0.972182
u64,sip,16384,iter-empty,hashlink,6,0.987668
u64,sip,16384,iter-empty,micro,6,0.822905
u64,sip,16384,iter-empty,quick_cache,7,4845.249053
u64,sip,16384,iter-empty,lru,7,0.964012
u64,sip,16384,iter-empty,hashlink,7,0.991157
u64,sip,16384,iter-empty,micro,7,0.840058
u64,sip,16384,iter-empty,baseline,7,3969.531250
u64,sip,16384,iter-empty,lru,8,0.967714
u64,sip,16384,iter-empty,hashlink,8,0.984798
u64,sip,16384,iter-empty,micro,8,0.825331
u64,sip,16384,iter-empty,baseline,8,3930.566406
u64,sip,16384,iter-empty,quick_cache,8,4855.232008
u64,sip,16384,iter-count,micro,0,0.392016
u64,sip,16384,iter-count,baseline,0,4046.875000
u64,sip,16384,iter-count,quick_cache,0,7650.878906
u64,sip,16384,iter-count,lru,0,0.390129
u64,sip,16384,iter-count,hashlink,0,0.390680
u64,sip,16384,iter-count,baseline,1,4049.283594
u64,sip,16384,iter-count,quick_cache,1,7744.845052
u64,sip,16384,iter-count,lru,1,0.392675
u64,sip,16384,iter-count,hashlink,1,0.390625
u64,sip,16384,iter-count,micro,1,0.391094
u64,sip,16384,iter-count,quick_cache,2,7570.963542
u64,sip,16384,iter-count,lru,2,0.389564
u64,sip,16384,iter-count,hashlink,2,0.390750
u64,sip,16384,iter-count,micro,2,0.392241
u64,sip,16384,iter-count,baseline,2,4061.002344
u64,sip,16384,iter-count,lru,3,0.391918
u64,sip,16384,iter-count,hashlink,3,0.394571
u64,sip,16384,iter-count,micro,3,0.390993
u64,sip,16384,iter-count,baseline,3,4030.371094
u64,sip,16384,iter-count,quick_cache,3,7719.075521
u64,sip,16384,iter-count,hashlink,4,0.395153
u64,sip,16384,iter-count,micro,4,0.395858
u64,sip,16384,iter-count,baseline,4,4033.333594
u64,sip,16384,iter-count,quick_cache,4,7590.440104
u64,sip,16384,iter-count,lru,4,0.391670
u64,sip,16384,iter-count,micro,5,0.390785
u64,sip,16384,iter-count,baseline,5,4014.062500
u64,sip,16384,iter-count,quick_cache,5,7676.432292
u64,sip,16384,iter-count,lru,5,0.392288
u64,sip,16384,iter-count,hashlink,5,0.390215
u64,sip,16384,iter-count,baseline,6,4039.843750
u64,sip,16384,iter-count,quick_cache,6,7538.140625
u64,sip,16384,iter-count,lru,6,0.387078
u64,sip,16384,iter-count,hashlink,6,0.387705
u64,sip,16384,iter-count,micro,6,0.397004
u64,sip,16384,iter-count,quick_cache,7,7546.169271
u64,sip,16384,iter-count,lru,7,0.391077
u64,sip,16384,iter-count,hashlink,7,0.388280
u64,sip,16384,iter-count,micro,7,0.390020
u64,sip,16384,iter-count,baseline,7,4079.394531
u64,sip,16384,iter-count,lru,8,0.394125
u64,sip,16384,iter-count,hashlink,8,0.390300
u64,sip,16384,iter-count,micro,8,0.393458
u64,sip,16384,iter-count,baseline,8,4058.300781
u64,sip,16384,iter-count,quick_cache,8,7747.178385
u64,ahash,128,iter-dense,micro,0,39.505198
u64,ahash,128,iter-dense,baseline,0,38.466911
u64,ahash,128,iter-dense,quick_cache,0,28.739953
u64,ahash,128,iter-dense,lru,0,128.335386
u64,ahash,128,iter-dense,hashlink,0,126.192771
u64,ahash,128,iter-dense,baseline,1,37.977802
u64,ahash,128,iter-dense,quick_cache,1,28.597462
u64,ahash,128,iter-dense,lru,1,127.421633
u64,ahash,128,iter-dense,hashlink,1,127.050508
u64,ahash,128,iter-dense,micro,1,38.889451
u64,ahash,128,iter-dense,quick_cache,2,28.967614
u64,ahash,128,iter-dense,lru,2,127.879066
u64,ahash,128,iter-dense,hashlink,2,126.662936
u64,ahash,128,iter-dense,micro,2,38.401058
u64,ahash,128,iter-dense,baseline,2,38.098153
u64,ahash,128,iter-dense,lru,3,128.000870
u64,ahash,128,iter-dense,hashlink,3,130.321172
u64,ahash,128,iter-dense,micro,3,39.091155
u64,ahash,128,iter-dense,baseline,3,38.293249
u64,ahash,128,iter-dense,quick_cache,3,29.208528
u64,ahash,128,iter-dense,hashlink,4,132.445048
u64,ahash,128,iter-dense,micro,4,38.750620
u64,ahash,128,iter-dense,baseline,4,38.234799
u64,ahash,128,iter-dense,quick_cache,4,28.711619
u64,ahash,128,iter-dense,lru,4,133.718055
u64,ahash,128,iter-dense,micro,5,37.916184
u64,ahash,128,iter-dense,baseline,5,39.123459
u64,ahash,128,iter-dense,quick_cache,5,28.454030
u64,ahash,128,iter-dense,lru,5,128.435471
u64,ahash,128,iter-dense,hashlink,5,129.071841
u64,ahash,128,iter-dense,baseline,6,37.176451
u64,ahash,128,iter-dense,quick_cache,6,28.443910
u64,ahash,128,iter-dense,lru,6,130.084859
u64,ahash,128,iter-dense,hashlink,6,133.995180
u64,ahash,128,iter-dense,micro,6,38.472358
u64,ahash,128,iter-dense,quick_cache,7,28.595803
u64,ahash,128,iter-dense,lru,7,130.188801
u64,ahash,128,iter-dense,hashlink,7,127.168735
u64,ahash,128,iter-dense,micro,7,38.014124
u64,ahash,128,iter-dense,baseline,7,38.185850
u64,ahash,128,iter-dense,lru,8,126.931433
u64,ahash,128,iter-dense,hashlink,8,126.581478
u64,ahash,128,iter-dense,micro,8,38.083163
u64,ahash,128,iter-dense,baseline,8,38.076100
u64,ahash,128,iter-dense,quick_cache,8,28.400417
u64,ahash,128,iter-dense-for,micro,0,38.523815
u64,ahash,128,iter-dense-for,baseline,0,38.201868
u64,ahash,128,iter-dense-for,quick_cache,0,65.920774
u64,ahash,128,iter-dense-for,lru,0,78.787188
u64,ahash,128,iter-dense-for,hashlink,0,72.897242
u64,ahash,128,iter-dense-for,baseline,1,37.793795
u64,ahash,128,iter-dense-for,quick_cache,1,37.905060
u64,ahash,128,iter-dense-for,lru,1,79.502591
u64,ahash,128,iter-dense-for,hashlink,1,69.095035
u64,ahash,128,iter-dense-for,micro,1,38.094032
u64,ahash,128,iter-dense-for,quick_cache,2,38.031349
u64,ahash,128,iter-dense-for,lru,2,78.245618
u64,ahash,128,iter-dense-for,hashlink,2,68.659147
u64,ahash,128,iter-dense-for,micro,2,38.090140
u64,ahash,128,iter-dense-for,baseline,2,37.937758
u64,ahash,128,iter-dense-for,lru,3,78.235783
u64,ahash,128,iter-dense-for,hashlink,3,68.674031
u64,ahash,128,iter-dense-for,micro,3,38.068407
u64,ahash,128,iter-dense-for,baseline,3,37.791596
u64,ahash,128,iter-dense-for,quick_cache,3,38.015074
u64,ahash,128,iter-dense-for,hashlink,4,70.583616
u64,ahash,128,iter-dense-for,micro,4,39.210516
u64,ahash,128,iter-dense-for,baseline,4,37.703559
u64,ahash,128,iter-dense-for,quick_cache,4,38.238944
u64,ahash,128,iter-dense-for,lru,4,79.112775
u64,ahash,128,iter-dense-for,micro,5,38.201868
u64,ahash,128,iter-dense-for,baseline,5,37.790017
u64,ahash,128,iter-dense-for,quick_cache,5,37.807676
u64,ahash,128,iter-dense-for,lru,5,77.842925
u64,ahash,128,iter-dense-for,hashlink,5,68.653435
u64,ahash,128,iter-dense-for,baseline,6,37.577580
u64,ahash,128,iter-dense-for,quick_cache,6,38.066824
u64,ahash,128,iter-dense-for,lru,6,77.829308
u64,ahash,128,iter-dense-for,hashlink,6,68.685907
u64,ahash,128,iter-dense-for,micro,6,38.001391
u64,ahash,128,iter-dense-for,quick_cache,7,37.877181
u64,ahash,128,iter-dense-for,lru,7,78.457063
u64,ahash,128,iter-dense-for,hashlink,7,70.637285
u64,ahash,128,iter-dense-for,micro,7,38.198370
u64,ahash,128,iter-dense-for,baseline,7,37.676606
u64,ahash,128,iter-dense-for,lru,8,77.446218
u64,ahash,128,iter-dense-for,hashlink,8,68.733276
u64,ahash,128,iter-dense-for,micro,8,37.754122
u64,ahash,128,iter-dense-for,baseline,8,37.584739
u64,ahash,128,iter-dense-for,quick_cache,8,37.851896
u64,ahash,128,iter-density-1pct,micro,0,1.517197
u64,ahash,128,iter-density-1pct,baseline,0,32.715662
u64,ahash,128,iter-density-1pct,quick_cache,0,22.977941
u64,ahash,128,iter-density-1pct,lru,0,1.288426
u64,ahash,128,iter-density-1pct,hashlink,0,1.274938
u64,ahash,128,iter-density-1pct,baseline,1,32.215226
u64,ahash,128,iter-density-1pct,quick_cache,1,22.573710
u64,ahash,128,iter-density-1pct,lru,1,1.301010
u64,ahash,128,iter-density-1pct,hashlink,1,1.286273
u64,ahash,128,iter-density-1pct,micro,1,1.546494
u64,ahash,128,iter-density-1pct,quick_cache,2,22.464684
u64,ahash,128,iter-density-1pct,lru,2,1.292626
u64,ahash,128,iter-density-1pct,hashlink,2,1.269716
u64,ahash,128,iter-density-1pct,micro,2,1.453218
u64,ahash,128,iter-density-1pct,baseline,2,31.576512
u64,ahash,128,iter-density-1pct,lru,3,1.264230
u64,ahash,128,iter-density-1pct,hashlink,3,1.266546
u64,ahash,128,iter-density-1pct,micro,3,1.478912
u64,ahash,128,iter-density-1pct,baseline,3,31.729061
u64,ahash,128,iter-density-1pct,quick_cache,3,22.568692
u64,ahash,128,iter-density-1pct,hashlink,4,1.260589
u64,ahash,128,iter-density-1pct,micro,4,1.490082
u64,ahash,128,iter-density-1pct,baseline,4,31.716441
u64,ahash,128,iter-density-1pct,quick_cache,4,22.121594
u64,ahash,128,iter-density-1pct,lru,4,1.293610
u64,ahash,128,iter-density-1pct,micro,5,1.513977
u64,ahash,128,iter-density-1pct,baseline,5,32.266822
u64,ahash,128,iter-density-1pct,quick_cache,5,21.997215
u64,ahash,128,iter-density-1pct,lru,5,1.285469
u64,ahash,128,iter-density-1pct,hashlink,5,1.270459
u64,ahash,128,iter-density-1pct,baseline,6,32.120375
u64,ahash,128,iter-density-1pct,quick_cache,6,21.979731
u64,ahash,128,iter-density-1pct,lru,6,1.288139
u64,ahash,128,iter-density-1pct,hashlink,6,1.272601
u64,ahash,128,iter-density-1pct,micro,6,1.504659
u64,ahash,128,iter-density-1pct,quick_cache,7,22.359726
u64,ahash,128,iter-density-1pct,lru,7,1.285490
u64,ahash,128,iter-density-1pct,hashlink,7,1.283294
u64,ahash,128,iter-density-1pct,micro,7,1.502043
u64,ahash,128,iter-density-1pct,baseline,7,31.912076
u64,ahash,128,iter-density-1pct,lru,8,1.293760
u64,ahash,128,iter-density-1pct,hashlink,8,1.291333
u64,ahash,128,iter-density-1pct,micro,8,1.456103
u64,ahash,128,iter-density-1pct,baseline,8,31.474490
u64,ahash,128,iter-density-1pct,quick_cache,8,21.900184
u64,ahash,128,iter-density-6pct,micro,0,34.188594
u64,ahash,128,iter-density-6pct,baseline,0,34.152938
u64,ahash,128,iter-density-6pct,quick_cache,0,23.269383
u64,ahash,128,iter-density-6pct,lru,0,3.205510
u64,ahash,128,iter-density-6pct,hashlink,0,3.187214
u64,ahash,128,iter-density-6pct,baseline,1,34.567567
u64,ahash,128,iter-density-6pct,quick_cache,1,23.465657
u64,ahash,128,iter-density-6pct,lru,1,3.214187
u64,ahash,128,iter-density-6pct,hashlink,1,3.188152
u64,ahash,128,iter-density-6pct,micro,1,34.890838
u64,ahash,128,iter-density-6pct,quick_cache,2,22.814498
u64,ahash,128,iter-density-6pct,lru,2,3.244959
u64,ahash,128,iter-density-6pct,hashlink,2,3.208748
u64,ahash,128,iter-density-6pct,micro,2,36.527422
u64,ahash,128,iter-density-6pct,baseline,2,34.659847
u64,ahash,128,iter-density-6pct,lru,3,3.206312
u64,ahash,128,iter-density-6pct,hashlink,3,3.179691
u64,ahash,128,iter-density-6pct,micro,3,35.242875
u64,ahash,128,iter-density-6pct,baseline,3,34.415602
u64,ahash,128,iter-density-6pct,quick_cache,3,20.494197
u64,ahash,128,iter-density-6pct,hashlink,4,3.186747
u64,ahash,128,iter-density-6pct,micro,4,35.065957
u64,ahash,128,iter-density-6pct,baseline,4,34.998481
u64,ahash,128,iter-density-6pct,quick_cache,4,20.460456
u64,ahash,128,iter-density-6pct,lru,4,3.240250
u64,ahash,128,iter-density-6pct,micro,5,35.054607
u64,ahash,128,iter-density-6pct,baseline,5,34.508661
u64,ahash,128,iter-density-6pct,quick_cache,5,20.521408
u64,ahash,128,iter-density-6pct,lru,5,3.313119
u64,ahash,128,iter-density-6pct,hashlink,5,3.254801
u64,ahash,128,iter-density-6pct,baseline,6,35.984026
u64,ahash,128,iter-density-6pct,quick_cache,6,22.137999
u64,ahash,128,iter-density-6pct,lru,6,3.119312
u64,ahash,128,iter-density-6pct,hashlink,6,3.148932
u64,ahash,128,iter-density-6pct,micro,6,36.718992
u64,ahash,128,iter-density-6pct,quick_cache,7,20.292545
u64,ahash,128,iter-density-6pct,lru,7,3.203709
u64,ahash,128,iter-density-6pct,hashlink,7,3.153852
u64,ahash,128,iter-density-6pct,micro,7,35.678268
u64,ahash,128,iter-density-6pct,baseline,7,35.347397
u64,ahash,128,iter-density-6pct,lru,8,3.198096
u64,ahash,128,iter-density-6pct,hashlink,8,3.169810
u64,ahash,128,iter-density-6pct,micro,8,35.721429
u64,ahash,128,iter-density-6pct,baseline,8,34.533557
u64,ahash,128,iter-density-6pct,quick_cache,8,20.345113
u64,ahash,128,iter-density-quarter,micro,0,36.476263
u64,ahash,128,iter-density-quarter,baseline,0,36.140639
u64,ahash,128,iter-density-quarter,quick_cache,0,25.839079
u64,ahash,128,iter-density-quarter,lru,0,18.646517
u64,ahash,128,iter-density-quarter,hashlink,0,18.065238
u64,ahash,128,iter-density-quarter,baseline,1,35.840439
u64,ahash,128,iter-density-quarter,quick_cache,1,25.274275
u64,ahash,128,iter-density-quarter,lru,1,18.297018
u64,ahash,128,iter-density-quarter,hashlink,1,18.282336
u64,ahash,128,iter-density-quarter,micro,1,35.352736
u64,ahash,128,iter-density-quarter,quick_cache,2,24.907689
u64,ahash,128,iter-density-quarter,lru,2,18.588531
u64,ahash,128,iter-density-quarter,hashlink,2,18.302519
u64,ahash,128,iter-density-quarter,micro,2,35.344450
u64,ahash,128,iter-density-quarter,baseline,2,35.873953
u64,ahash,128,iter-density-quarter,lru,3,18.384825
u64,ahash,128,iter-density-quarter,hashlink,3,18.825930
u64,ahash,128,iter-density-quarter,micro,3,35.550785
u64,ahash,128,iter-density-quarter,baseline,3,35.890725
u64,ahash,128,iter-density-quarter,quick_cache,3,25.318687
u64,ahash,128,iter-density-quarter,hashlink,4,18.337354
u64,ahash,128,iter-density-quarter,micro,4,35.385353
u64,ahash,128,iter-density-quarter,baseline,4,35.845377
u64,ahash,128,iter-density-quarter,quick_cache,4,24.918982
u64,ahash,128,iter-density-quarter,lru,4,18.531832
u64,ahash,128,iter-density-quarter,micro,5,35.211117
u64,ahash,128,iter-density-quarter,baseline,5,36.094082
u64,ahash,128,iter-density-quarter,quick_cache,5,24.827713
u64,ahash,128,iter-density-quarter,lru,5,18.480803
u64,ahash,128,iter-density-quarter,hashlink,5,18.273327
u64,ahash,128,iter-density-quarter,baseline,6,35.772114
u64,ahash,128,iter-density-quarter,quick_cache,6,25.118008
u64,ahash,128,iter-density-quarter,lru,6,19.042694
u64,ahash,128,iter-density-quarter,hashlink,6,18.399038
u64,ahash,128,iter-density-quarter,micro,6,35.636403
u64,ahash,128,iter-density-quarter,quick_cache,7,24.888500
u64,ahash,128,iter-density-quarter,lru,7,18.602429
u64,ahash,128,iter-density-quarter,hashlink,7,18.319384
u64,ahash,128,iter-density-quarter,micro,7,35.391896
u64,ahash,128,iter-density-quarter,baseline,7,37.500750
u64,ahash,128,iter-density-quarter,lru,8,18.013755
u64,ahash,128,iter-density-quarter,hashlink,8,17.767258
u64,ahash,128,iter-density-quarter,micro,8,35.396022
u64,ahash,128,iter-density-quarter,baseline,8,36.098601
u64,ahash,128,iter-density-quarter,quick_cache,8,24.878891
u64,ahash,128,iter-density-half,micro,0,36.702362
u64,ahash,128,iter-density-half,baseline,0,36.936577
u64,ahash,128,iter-density-half,quick_cache,0,29.570228
u64,ahash,128,iter-density-half,lru,0,54.109050
u64,ahash,128,iter-density-half,hashlink,0,50.524450
u64,ahash,128,iter-density-half,baseline,1,36.566185
u64,ahash,128,iter-density-half,quick_cache,1,29.162975
u64,ahash,128,iter-density-half,lru,1,54.833235
u64,ahash,128,iter-density-half,hashlink,1,50.781250
u64,ahash,128,iter-density-half,micro,1,35.182927
u64,ahash,128,iter-density-half,quick_cache,2,27.845376
u64,ahash,128,iter-density-half,lru,2,50.646660
u64,ahash,128,iter-density-half,hashlink,2,48.274830
u64,ahash,128,iter-density-half,micro,2,35.329648
u64,ahash,128,iter-density-half,baseline,2,36.115886
u64,ahash,128,iter-density-half,lru,3,49.473390
u64,ahash,128,iter-density-half,hashlink,3,48.403308
u64,ahash,128,iter-density-half,micro,3,35.399326
u64,ahash,128,iter-density-half,baseline,3,36.102429
u64,ahash,128,iter-density-half,quick_cache,3,28.216273
u64,ahash,128,iter-density-half,hashlink,4,51.319612
u64,ahash,128,iter-density-half,micro,4,36.588818
u64,ahash,128,iter-density-half,baseline,4,36.409184
u64,ahash,128,iter-density-half,quick_cache,4,28.385417
u64,ahash,128,iter-density-half,lru,4,49.582031
u64,ahash,128,iter-density-half,micro,5,36.019803
u64,ahash,128,iter-density-half,baseline,5,36.316719
u64,ahash,128,iter-density-half,quick_cache,5,28.475720
u64,ahash,128,iter-density-half,lru,5,48.475138
u64,ahash,128,iter-density-half,hashlink,5,48.260722
u64,ahash,128,iter-density-half,baseline,6,35.962975
u64,ahash,128,iter-density-half,quick_cache,6,28.476871
u64,ahash,128,iter-density-half,lru,6,48.674235
u64,ahash,128,iter-density-half,hashlink,6,48.207202
u64,ahash,128,iter-density-half,micro,6,36.070291
u64,ahash,128,iter-density-half,quick_cache,7,28.278490
u64,ahash,128,iter-density-half,lru,7,51.162285
u64,ahash,128,iter-density-half,hashlink,7,51.559665
u64,ahash,128,iter-density-half,micro,7,35.691597
u64,ahash,128,iter-density-half,baseline,7,36.488428
u64,ahash,128,iter-density-half,lru,8,48.766166
u64,ahash,128,iter-density-half,hashlink,8,48.360850
u64,ahash,128,iter-density-half,micro,8,36.009505
u64,ahash,128,iter-density-half,baseline,8,36.267057
u64,ahash,128,iter-density-half,quick_cache,8,28.602456
u64,ahash,128,iter-front,micro,0,1.126833
u64,ahash,128,iter-front,baseline,0,35.502627
u64,ahash,128,iter-front,quick_cache,0,20.258006
u64,ahash,128,iter-front,lru,0,1.175705
u64,ahash,128,iter-front,hashlink,0,1.142671
u64,ahash,128,iter-front,baseline,1,35.545752
u64,ahash,128,iter-front,quick_cache,1,20.258172
u64,ahash,128,iter-front,lru,1,1.186210
u64,ahash,128,iter-front,hashlink,1,1.159701
u64,ahash,128,iter-front,micro,1,1.140528
u64,ahash,128,iter-front,quick_cache,2,20.440582
u64,ahash,128,iter-front,lru,2,1.173400
u64,ahash,128,iter-front,hashlink,2,1.148002
u64,ahash,128,iter-front,micro,2,1.130019
u64,ahash,128,iter-front,baseline,2,35.639666
u64,ahash,128,iter-front,lru,3,1.176599
u64,ahash,128,iter-front,hashlink,3,1.139613
u64,ahash,128,iter-front,micro,3,1.128281
u64,ahash,128,iter-front,baseline,3,35.636110
u64,ahash,128,iter-front,quick_cache,3,20.224085
u64,ahash,128,iter-front,hashlink,4,1.130272
u64,ahash,128,iter-front,micro,4,1.123373
u64,ahash,128,iter-front,baseline,4,35.697967
u64,ahash,128,iter-front,quick_cache,4,20.256899
u64,ahash,128,iter-front,lru,4,1.196713
u64,ahash,128,iter-front,micro,5,1.131058
u64,ahash,128,iter-front,baseline,5,35.966564
u64,ahash,128,iter-front,quick_cache,5,20.108818
u64,ahash,128,iter-front,lru,5,1.176289
u64,ahash,128,iter-front,hashlink,5,1.146595
u64,ahash,128,iter-front,baseline,6,35.384759
u64,ahash,128,iter-front,quick_cache,6,20.189696
u64,ahash,128,iter-front,lru,6,1.174291
u64,ahash,128,iter-front,hashlink,6,1.156919
u64,ahash,128,iter-front,micro,6,1.135257
u64,ahash,128,iter-front,quick_cache,7,20.277592
u64,ahash,128,iter-front,lru,7,1.179548
u64,ahash,128,iter-front,hashlink,7,1.154227
u64,ahash,128,iter-front,micro,7,1.105991
u64,ahash,128,iter-front,baseline,7,35.407043
u64,ahash,128,iter-front,lru,8,1.175015
u64,ahash,128,iter-front,hashlink,8,1.141094
u64,ahash,128,iter-front,micro,8,1.133224
u64,ahash,128,iter-front,baseline,8,35.848668
u64,ahash,128,iter-front,quick_cache,8,21.640082
u64,ahash,128,iter-back,micro,0,1.162696
u64,ahash,128,iter-back,baseline,0,36.732590
u64,ahash,128,iter-back,quick_cache,0,21.986281
u64,ahash,128,iter-back,lru,0,1.198209
u64,ahash,128,iter-back,hashlink,0,1.134186
u64,ahash,128,iter-back,baseline,1,36.606568
u64,ahash,128,iter-back,quick_cache,1,21.032613
u64,ahash,128,iter-back,lru,1,1.178267
u64,ahash,128,iter-back,hashlink,1,1.139239
u64,ahash,128,iter-back,micro,1,1.173180
u64,ahash,128,iter-back,quick_cache,2,20.861135
u64,ahash,128,iter-back,lru,2,1.236811
u64,ahash,128,iter-back,hashlink,2,1.154978
u64,ahash,128,iter-back,micro,2,1.175616
u64,ahash,128,iter-back,baseline,2,37.169459
u64,ahash,128,iter-back,lru,3,1.175077
u64,ahash,128,iter-back,hashlink,3,1.140611
u64,ahash,128,iter-back,micro,3,1.158077
u64,ahash,128,iter-back,baseline,3,36.712510
u64,ahash,128,iter-back,quick_cache,3,20.504441
u64,ahash,128,iter-back,hashlink,4,1.139114
u64,ahash,128,iter-back,micro,4,1.153545
u64,ahash,128,iter-back,baseline,4,36.762181
u64,ahash,128,iter-back,quick_cache,4,20.637961
u64,ahash,128,iter-back,lru,4,1.177521
u64,ahash,128,iter-back,micro,5,1.177725
u64,ahash,128,iter-back,baseline,5,36.834343
u64,ahash,128,iter-back,quick_cache,5,20.671240
u64,ahash,128,iter-back,lru,5,1.191039
u64,ahash,128,iter-back,hashlink,5,1.145394
u64,ahash,128,iter-back,baseline,6,36.810380
u64,ahash,128,iter-back,quick_cache,6,20.659299
u64,ahash,128,iter-back,lru,6,1.174600
u64,ahash,128,iter-back,hashlink,6,1.148779
u64,ahash,128,iter-back,micro,6,1.172555
u64,ahash,128,iter-back,quick_cache,7,20.742587
u64,ahash,128,iter-back,lru,7,1.181555
u64,ahash,128,iter-back,hashlink,7,1.145864
u64,ahash,128,iter-back,micro,7,1.173233
u64,ahash,128,iter-back,baseline,7,36.846410
u64,ahash,128,iter-back,lru,8,1.183694
u64,ahash,128,iter-back,hashlink,8,1.152252
u64,ahash,128,iter-back,micro,8,1.177574
u64,ahash,128,iter-back,baseline,8,36.973497
u64,ahash,128,iter-back,quick_cache,8,21.240400
u64,ahash,128,iter-empty,micro,0,0.821858
u64,ahash,128,iter-empty,baseline,0,35.133122
u64,ahash,128,iter-empty,quick_cache,0,20.695040
u64,ahash,128,iter-empty,lru,0,0.997892
u64,ahash,128,iter-empty,hashlink,0,1.013998
u64,ahash,128,iter-empty,baseline,1,35.708802
u64,ahash,128,iter-empty,quick_cache,1,20.293730
u64,ahash,128,iter-empty,lru,1,0.994444
u64,ahash,128,iter-empty,hashlink,1,1.006143
u64,ahash,128,iter-empty,micro,1,0.831612
u64,ahash,128,iter-empty,quick_cache,2,20.624196
u64,ahash,128,iter-empty,lru,2,0.996861
u64,ahash,128,iter-empty,hashlink,2,1.013189
u64,ahash,128,iter-empty,micro,2,0.817348
u64,ahash,128,iter-empty,baseline,2,35.817593
u64,ahash,128,iter-empty,lru,3,1.006798
u64,ahash,128,iter-empty,hashlink,3,1.028861
u64,ahash,128,iter-empty,micro,3,0.837824
u64,ahash,128,iter-empty,baseline,3,35.585338
u64,ahash,128,iter-empty,quick_cache,3,20.041430
u64,ahash,128,iter-empty,hashlink,4,0.997963
u64,ahash,128,iter-empty,micro,4,0.828530
u64,ahash,128,iter-empty,baseline,4,35.989017
u64,ahash,128,iter-empty,quick_cache,4,20.439899
u64,ahash,128,iter-empty,lru,4,0.990988
u64,ahash,128,iter-empty,micro,5,0.829639
u64,ahash,128,iter-empty,baseline,5,35.994011
u64,ahash,128,iter-empty,quick_cache,5,20.406674
u64,ahash,128,iter-empty,lru,5,0.993559
u64,ahash,128,iter-empty,hashlink,5,1.013741
u64,ahash,128,iter-empty,baseline,6,35.981932
u64,ahash,128,iter-empty,quick_cache,6,20.472373
u64,ahash,128,iter-empty,lru,6,1.011707
u64,ahash,128,iter-empty,hashlink,6,1.014195
u64,ahash,128,iter-empty,micro,6,0.827315
u64,ahash,128,iter-empty,quick_cache,7,20.654329
u64,ahash,128,iter-empty,lru,7,1.000698
u64,ahash,128,iter-empty,hashlink,7,1.013709
u64,ahash,128,iter-empty,micro,7,0.836143
u64,ahash,128,iter-empty,baseline,7,36.017199
u64,ahash,128,iter-empty,lru,8,0.993142
u64,ahash,128,iter-empty,hashlink,8,1.015626
u64,ahash,128,iter-empty,micro,8,0.833863
u64,ahash,128,iter-empty,baseline,8,36.255017
u64,ahash,128,iter-empty,quick_cache,8,20.500894
u64,ahash,128,iter-count,micro,0,0.389685
u64,ahash,128,iter-count,baseline,0,35.838052
u64,ahash,128,iter-count,quick_cache,0,52.608808
u64,ahash,128,iter-count,lru,0,0.390899
u64,ahash,128,iter-count,hashlink,0,0.395177
u64,ahash,128,iter-count,baseline,1,36.253899
u64,ahash,128,iter-count,quick_cache,1,52.347928
u64,ahash,128,iter-count,lru,1,0.387708
u64,ahash,128,iter-count,hashlink,1,0.388457
u64,ahash,128,iter-count,micro,1,0.393998
u64,ahash,128,iter-count,quick_cache,2,52.851383
u64,ahash,128,iter-count,lru,2,0.384972
u64,ahash,128,iter-count,hashlink,2,0.391040
u64,ahash,128,iter-count,micro,2,0.398573
u64,ahash,128,iter-count,baseline,2,38.468173
u64,ahash,128,iter-count,lru,3,0.382766
u64,ahash,128,iter-count,hashlink,3,0.389626
u64,ahash,128,iter-count,micro,3,0.397567
u64,ahash,128,iter-count,baseline,3,36.123787
u64,ahash,128,iter-count,quick_cache,3,52.814875
u64,ahash,128,iter-count,hashlink,4,0.397748
u64,ahash,128,iter-count,micro,4,0.398739
u64,ahash,128,iter-count,baseline,4,43.070209
u64,ahash,128,iter-count,quick_cache,4,52.755865
u64,ahash,128,iter-count,lru,4,0.388782
u64,ahash,128,iter-count,micro,5,0.424975
u64,ahash,128,iter-count,baseline,5,35.940430
u64,ahash,128,iter-count,quick_cache,5,56.402817
u64,ahash,128,iter-count,lru,5,0.380037
u64,ahash,128,iter-count,hashlink,5,0.396654
u64,ahash,128,iter-count,baseline,6,39.715860
u64,ahash,128,iter-count,quick_cache,6,52.037452
u64,ahash,128,iter-count,lru,6,0.365644
u64,ahash,128,iter-count,hashlink,6,0.381686
u64,ahash,128,iter-count,micro,6,0.389705
u64,ahash,128,iter-count,quick_cache,7,52.457293
u64,ahash,128,iter-count,lru,7,0.389875
u64,ahash,128,iter-count,hashlink,7,0.392607
u64,ahash,128,iter-count,micro,7,0.391526
u64,ahash,128,iter-count,baseline,7,35.472614
u64,ahash,128,iter-count,lru,8,0.384526
u64,ahash,128,iter-count,hashlink,8,0.391055
u64,ahash,128,iter-count,micro,8,0.393410
u64,ahash,128,iter-count,baseline,8,35.560192
u64,ahash,128,iter-count,quick_cache,8,51.201785
u64,ahash,1024,iter-dense,micro,0,266.156463
u64,ahash,1024,iter-dense,baseline,0,265.695777
u64,ahash,1024,iter-dense,quick_cache,0,246.030316
u64,ahash,1024,iter-dense,lru,0,1228.515625
u64,ahash,1024,iter-dense,hashlink,0,1223.826172
u64,ahash,1024,iter-dense,baseline,1,262.221267
u64,ahash,1024,iter-dense,quick_cache,1,246.091683
u64,ahash,1024,iter-dense,lru,1,1280.868902
u64,ahash,1024,iter-dense,hashlink,1,1259.427250
u64,ahash,1024,iter-dense,micro,1,265.578576
u64,ahash,1024,iter-dense,quick_cache,2,243.666034
u64,ahash,1024,iter-dense,lru,2,1225.514648
u64,ahash,1024,iter-dense,hashlink,2,1226.816650
u64,ahash,1024,iter-dense,micro,2,263.172085
u64,ahash,1024,iter-dense,baseline,2,265.009269
u64,ahash,1024,iter-dense,lru,3,1227.539062
u64,ahash,1024,iter-dense,hashlink,3,1227.691650
u64,ahash,1024,iter-dense,micro,3,262.509595
u64,ahash,1024,iter-dense,baseline,3,267.747592
u64,ahash,1024,iter-dense,quick_cache,3,244.494629
u64,ahash,1024,iter-dense,hashlink,4,1243.923611
u64,ahash,1024,iter-dense,micro,4,266.516716
u64,ahash,1024,iter-dense,baseline,4,266.345933
u64,ahash,1024,iter-dense,quick_cache,4,249.437251
u64,ahash,1024,iter-dense,lru,4,1259.552250
u64,ahash,1024,iter-dense,micro,5,267.245353
u64,ahash,1024,iter-dense,baseline,5,266.791542
u64,ahash,1024,iter-dense,quick_cache,5,245.067202
u64,ahash,1024,iter-dense,lru,5,1235.133858
u64,ahash,1024,iter-dense,hashlink,5,1227.498535
u64,ahash,1024,iter-dense,baseline,6,262.618865
u64,ahash,1024,iter-dense,quick_cache,6,244.107108
u64,ahash,1024,iter-dense,lru,6,1226.196289
u64,ahash,1024,iter-dense,hashlink,6,1222.890137
u64,ahash,1024,iter-dense,micro,6,264.604907
u64,ahash,1024,iter-dense,quick_cache,7,245.848074
u64,ahash,1024,iter-dense,lru,7,1233.862205
u64,ahash,1024,iter-dense,hashlink,7,1226.725098
u64,ahash,1024,iter-dense,micro,7,264.589467
u64,ahash,1024,iter-dense,baseline,7,267.114049
u64,ahash,1024,iter-dense,lru,8,1289.137039
u64,ahash,1024,iter-dense,hashlink,8,1234.498031
u64,ahash,1024,iter-dense,micro,8,268.108544
u64,ahash,1024,iter-dense,baseline,8,264.761368
u64,ahash,1024,iter-dense,quick_cache,8,244.769268
u64,ahash,1024,iter-dense-for,micro,0,268.285002
u64,ahash,1024,iter-dense-for,baseline,0,265.521116
u64,ahash,1024,iter-dense-for,quick_cache,0,260.651042
u64,ahash,1024,iter-dense-for,lru,0,725.718605
u64,ahash,1024,iter-dense-for,hashlink,0,874.956355
u64,ahash,1024,iter-dense-for,baseline,1,262.597001
u64,ahash,1024,iter-dense-for,quick_cache,1,259.761316
u64,ahash,1024,iter-dense-for,lru,1,730.797313
u64,ahash,1024,iter-dense-for,hashlink,1,876.920391
u64,ahash,1024,iter-dense-for,micro,1,266.352534
u64,ahash,1024,iter-dense-for,quick_cache,2,248.915605
u64,ahash,1024,iter-dense-for,lru,2,760.808556
u64,ahash,1024,iter-dense-for,hashlink,2,575.563879
u64,ahash,1024,iter-dense-for,micro,2,262.013191
u64,ahash,1024,iter-dense-for,baseline,2,263.365004
u64,ahash,1024,iter-dense-for,lru,3,728.270349
u64,ahash,1024,iter-dense-for,hashlink,3,571.049042
u64,ahash,1024,iter-dense-for,micro,3,262.347945
u64,ahash,1024,iter-dense-for,baseline,3,263.215909
u64,ahash,1024,iter-dense-for,quick_cache,3,479.442293
u64,ahash,1024,iter-dense-for,hashlink,4,575.875115
u64,ahash,1024,iter-dense-for,micro,4,262.659769
u64,ahash,1024,iter-dense-for,baseline,4,263.745468
u64,ahash,1024,iter-dense-for,quick_cache,4,259.041287
u64,ahash,1024,iter-dense-for,lru,4,723.705150
u64,ahash,1024,iter-dense-for,micro,5,262.503094
u64,ahash,1024,iter-dense-for,baseline,5,264.818634
u64,ahash,1024,iter-dense-for,quick_cache,5,262.837027
u64,ahash,1024,iter-dense-for,lru,5,735.964349
u64,ahash,1024,iter-dense-for,hashlink,5,875.407472
u64,ahash,1024,iter-dense-for,baseline,6,263.055882
u64,ahash,1024,iter-dense-for,quick_cache,6,256.713567
u64,ahash,1024,iter-dense-for,lru,6,723.873987
u64,ahash,1024,iter-dense-for,hashlink,6,574.252175
u64,ahash,1024,iter-dense-for,micro,6,261.930329
u64,ahash,1024,iter-dense-for,quick_cache,7,257.105777
u64,ahash,1024,iter-dense-for,lru,7,726.140625
u64,ahash,1024,iter-dense-for,hashlink,7,570.906478
u64,ahash,1024,iter-dense-for,micro,7,263.211543
u64,ahash,1024,iter-dense-for,baseline,7,262.891702
u64,ahash,1024,iter-dense-for,lru,8,728.767006
u64,ahash,1024,iter-dense-for,hashlink,8,569.109773
u64,ahash,1024,iter-dense-for,micro,8,263.782778
u64,ahash,1024,iter-dense-for,baseline,8,267.055941
u64,ahash,1024,iter-dense-for,quick_cache,8,259.414749
u64,ahash,1024,iter-density-1pct,micro,0,6.045189
u64,ahash,1024,iter-density-1pct,baseline,0,290.746980
u64,ahash,1024,iter-density-1pct,quick_cache,0,165.824364
u64,ahash,1024,iter-density-1pct,lru,0,4.371400
u64,ahash,1024,iter-density-1pct,hashlink,0,4.262756
u64,ahash,1024,iter-density-1pct,baseline,1,284.897712
u64,ahash,1024,iter-density-1pct,quick_cache,1,167.377643
u64,ahash,1024,iter-density-1pct,lru,1,4.649329
u64,ahash,1024,iter-density-1pct,hashlink,1,4.503531
u64,ahash,1024,iter-density-1pct,micro,1,6.197355
u64,ahash,1024,iter-density-1pct,quick_cache,2,179.958717
u64,ahash,1024,iter-density-1pct,lru,2,4.630941
u64,ahash,1024,iter-density-1pct,hashlink,2,4.372953
u64,ahash,1024,iter-density-1pct,micro,2,6.301928
u64,ahash,1024,iter-density-1pct,baseline,2,298.693941
u64,ahash,1024,iter-density-1pct,lru,3,4.391759
u64,ahash,1024,iter-density-1pct,hashlink,3,4.184926
u64,ahash,1024,iter-density-1pct,micro,3,6.042851
u64,ahash,1024,iter-density-1pct,baseline,3,290.909154
u64,ahash,1024,iter-density-1pct,quick_cache,3,159.903310
u64,ahash,1024,iter-density-1pct,hashlink,4,4.269116
u64,ahash,1024,iter-density-1pct,micro,4,6.076136
u64,ahash,1024,iter-density-1pct,baseline,4,284.672416
u64,ahash,1024,iter-density-1pct,quick_cache,4,160.222976
u64,ahash,1024,iter-density-1pct,lru,4,4.396578
u64,ahash,1024,iter-density-1pct,micro,5,6.100281
u64,ahash,1024,iter-density-1pct,baseline,5,290.657412
u64,ahash,1024,iter-density-1pct,quick_cache,5,160.647386
u64,ahash,1024,iter-density-1pct,lru,5,4.338217
u64,ahash,1024,iter-density-1pct,hashlink,5,4.278982
u64,ahash,1024,iter-density-1pct,baseline,6,294.427790
u64,ahash,1024,iter-density-1pct,quick_cache,6,166.631963
u64,ahash,1024,iter-density-1pct,lru,6,4.396529
u64,ahash,1024,iter-density-1pct,hashlink,6,4.278784
u64,ahash,1024,iter-density-1pct,micro,6,6.128704
u64,ahash,1024,iter-density-1pct,quick_cache,7,162.106684
u64,ahash,1024,iter-density-1pct,lru,7,4.421336
u64,ahash,1024,iter-density-1pct,hashlink,7,4.279685
u64,ahash,1024,iter-density-1pct,micro,7,6.106957
u64,ahash,1024,iter-density-1pct,baseline,7,291.213222
u64,ahash,1024,iter-density-1pct,lru,8,4.384930
u64,ahash,1024,iter-density-1pct,hashlink,8,4.321671
u64,ahash,1024,iter-density-1pct,micro,8,6.123762
u64,ahash,1024,iter-density-1pct,baseline,8,290.410482
u64,ahash,1024,iter-density-1pct,quick_cache,8,161.238209
u64,ahash,1024,iter-density-6pct,micro,0,285.567290
u64,ahash,1024,iter-density-6pct,baseline,0,286.079867
u64,ahash,1024,iter-density-6pct,quick_cache,0,165.474835
u64,ahash,1024,iter-density-6pct,lru,0,50.579409
u64,ahash,1024,iter-density-6pct,hashlink,0,49.618889
u64,ahash,1024,iter-density-6pct,baseline,1,298.206845
u64,ahash,1024,iter-density-6pct,quick_cache,1,161.739756
u64,ahash,1024,iter-density-6pct,lru,1,49.590735
u64,ahash,1024,iter-density-6pct,hashlink,1,49.788607
u64,ahash,1024,iter-density-6pct,micro,1,284.090909
u64,ahash,1024,iter-density-6pct,quick_cache,2,161.009108
u64,ahash,1024,iter-density-6pct,lru,2,49.456507
u64,ahash,1024,iter-density-6pct,hashlink,2,50.133341
u64,ahash,1024,iter-density-6pct,micro,2,285.946527
u64,ahash,1024,iter-density-6pct,baseline,2,284.847962
u64,ahash,1024,iter-density-6pct,lru,3,49.619760
u64,ahash,1024,iter-density-6pct,hashlink,3,49.877723
u64,ahash,1024,iter-density-6pct,micro,3,283.821064
u64,ahash,1024,iter-density-6pct,baseline,3,293.771499
u64,ahash,1024,iter-density-6pct,quick_cache,3,160.426271
u64,ahash,1024,iter-density-6pct,hashlink,4,49.778243
u64,ahash,1024,iter-density-6pct,micro,4,285.614849
u64,ahash,1024,iter-density-6pct,baseline,4,285.710866
u64,ahash,1024,iter-density-6pct,quick_cache,4,160.613920
u64,ahash,1024,iter-density-6pct,lru,4,50.004590
u64,ahash,1024,iter-density-6pct,micro,5,284.543068
u64,ahash,1024,iter-density-6pct,baseline,5,286.852523
u64,ahash,1024,iter-density-6pct,quick_cache,5,161.325303
u64,ahash,1024,iter-density-6pct,lru,5,50.442917
u64,ahash,1024,iter-density-6pct,hashlink,5,50.590300
u64,ahash,1024,iter-density-6pct,baseline,6,281.474820
u64,ahash,1024,iter-density-6pct,quick_cache,6,161.148260
u64,ahash,1024,iter-density-6pct,lru,6,50.545854
u64,ahash,1024,iter-density-6pct,hashlink,6,52.032176
u64,ahash,1024,iter-density-6pct,micro,6,284.325284
u64,ahash,1024,iter-density-6pct,quick_cache,7,162.152587
u64,ahash,1024,iter-density-6pct,lru,7,52.734375
u64,ahash,1024,iter-density-6pct,hashlink,7,50.469608
u64,ahash,1024,iter-density-6pct,micro,7,281.928041
u64,ahash,1024,iter-density-6pct,baseline,7,287.947456
u64,ahash,1024,iter-density-6pct,lru,8,49.567129
u64,ahash,1024,iter-density-6pct,hashlink,8,50.202779
u64,ahash,1024,iter-density-6pct,micro,8,284.266080
u64,ahash,1024,iter-density-6pct,baseline,8,285.339188
u64,ahash,1024,iter-density-6pct,quick_cache,8,160.911780
u64,ahash,1024,iter-density-quarter,micro,0,251.880787
u64,ahash,1024,iter-density-quarter,baseline,0,241.742755
u64,ahash,1024,iter-density-quarter,quick_cache,0,190.637691
u64,ahash,1024,iter-density-quarter,lru,0,293.068703
u64,ahash,1024,iter-density-quarter,hashlink,0,298.147321
u64,ahash,1024,iter-density-quarter,baseline,1,248.046875
u64,ahash,1024,iter-density-quarter,quick_cache,1,195.662860
u64,ahash,1024,iter-density-quarter,lru,1,302.325073
u64,ahash,1024,iter-density-quarter,hashlink,1,295.789520
u64,ahash,1024,iter-density-quarter,micro,1,276.652378
u64,ahash,1024,iter-density-quarter,quick_cache,2,198.981870
u64,ahash,1024,iter-density-quarter,lru,2,288.829078
u64,ahash,1024,iter-density-quarter,hashlink,2,286.591861
u64,ahash,1024,iter-density-quarter,micro,2,240.797140
u64,ahash,1024,iter-density-quarter,baseline,2,246.928861
u64,ahash,1024,iter-density-quarter,lru,3,285.879913
u64,ahash,1024,iter-density-quarter,hashlink,3,287.897099
u64,ahash,1024,iter-density-quarter,micro,3,246.607206
u64,ahash,1024,iter-density-quarter,baseline,3,247.414359
u64,ahash,1024,iter-density-quarter,quick_cache,3,191.369569
u64,ahash,1024,iter-density-quarter,hashlink,4,311.309450
u64,ahash,1024,iter-density-quarter,micro,4,246.935081
u64,ahash,1024,iter-density-quarter,baseline,4,250.842245
u64,ahash,1024,iter-density-quarter,quick_cache,4,195.054356
u64,ahash,1024,iter-density-quarter,lru,4,289.407292
u64,ahash,1024,iter-density-quarter,micro,5,247.523586
u64,ahash,1024,iter-density-quarter,baseline,5,249.164461
u64,ahash,1024,iter-density-quarter,quick_cache,5,192.049294
u64,ahash,1024,iter-density-quarter,lru,5,285.384352
u64,ahash,1024,iter-density-quarter,hashlink,5,285.386747
u64,ahash,1024,iter-density-quarter,baseline,6,247.136651
u64,ahash,1024,iter-density-quarter,quick_cache,6,190.710747
u64,ahash,1024,iter-density-quarter,lru,6,290.410482
u64,ahash,1024,iter-density-quarter,hashlink,6,291.511194
u64,ahash,1024,iter-density-quarter,micro,6,246.147096
u64,ahash,1024,iter-density-quarter,quick_cache,7,190.942041
u64,ahash,1024,iter-density-quarter,lru,7,285.021061
u64,ahash,1024,iter-density-quarter,hashlink,7,287.801163
u64,ahash,1024,iter-density-quarter,micro,7,246.849517
u64,ahash,1024,iter-density-quarter,baseline,7,256.578869
u64,ahash,1024,iter-density-quarter,lru,8,291.441166
u64,ahash,1024,iter-density-quarter,hashlink,8,286.893177
u64,ahash,1024,iter-density-quarter,micro,8,246.188091
u64,ahash,1024,iter-density-quarter,baseline,8,250.461138
u64,ahash,1024,iter-density-quarter,quick_cache,8,190.629764
u64,ahash,1024,iter-density-half,micro,0,254.862683
u64,ahash,1024,iter-density-half,baseline,0,256.181711
u64,ahash,1024,iter-density-half,quick_cache,0,214.811556
u64,ahash,1024,iter-density-half,lru,0,596.597686
u64,ahash,1024,iter-density-half,hashlink,0,604.629223
u64,ahash,1024,iter-density-half,baseline,1,246.067119
u64,ahash,1024,iter-density-half,quick_cache,1,216.118871
u64,ahash,1024,iter-density-half,lru,1,595.834363
u64,ahash,1024,iter-density-half,hashlink,1,601.883053
u64,ahash,1024,iter-density-half,micro,1,247.975683
u64,ahash,1024,iter-density-half,quick_cache,2,221.468529
u64,ahash,1024,iter-density-half,lru,2,607.800388
u64,ahash,1024,iter-density-half,hashlink,2,607.815528
u64,ahash,1024,iter-density-half,micro,2,247.331932
u64,ahash,1024,iter-density-half,baseline,2,254.189939
u64,ahash,1024,iter-density-half,lru,3,598.391818
u64,ahash,1024,iter-density-half,hashlink,3,595.651141
u64,ahash,1024,iter-density-half,micro,3,249.205862
u64,ahash,1024,iter-density-half,baseline,3,251.616596
u64,ahash,1024,iter-density-half,quick_cache,3,219.038165
u64,ahash,1024,iter-density-half,hashlink,4,601.567548
u64,ahash,1024,iter-density-half,micro,4,248.770370
u64,ahash,1024,iter-density-half,baseline,4,253.902039
u64,ahash,1024,iter-density-half,quick_cache,4,218.547858
u64,ahash,1024,iter-density-half,lru,4,599.886255
u64,ahash,1024,iter-density-half,micro,5,251.343951
u64,ahash,1024,iter-density-half,baseline,5,256.103417
u64,ahash,1024,iter-density-half,quick_cache,5,225.296064
u64,ahash,1024,iter-density-half,lru,5,600.809148
u64,ahash,1024,iter-density-half,hashlink,5,605.751453
u64,ahash,1024,iter-density-half,baseline,6,250.459085
u64,ahash,1024,iter-density-half,quick_cache,6,218.457184
u64,ahash,1024,iter-density-half,lru,6,600.285321
u64,ahash,1024,iter-density-half,hashlink,6,596.284815
u64,ahash,1024,iter-density-half,micro,6,249.066979
u64,ahash,1024,iter-density-half,quick_cache,7,218.495374
u64,ahash,1024,iter-density-half,lru,7,603.623793
u64,ahash,1024,iter-density-half,hashlink,7,617.064469
u64,ahash,1024,iter-density-half,micro,7,241.293306
u64,ahash,1024,iter-density-half,baseline,7,247.393790
u64,ahash,1024,iter-density-half,lru,8,601.001562
u64,ahash,1024,iter-density-half,hashlink,8,601.256971
u64,ahash,1024,iter-density-half,micro,8,253.302674
u64,ahash,1024,iter-density-half,baseline,8,256.384477
u64,ahash,1024,iter-density-half,quick_cache,8,221.147896
u64,ahash,1024,iter-front,micro,0,1.180421
u64,ahash,1024,iter-front,baseline,0,270.248597
u64,ahash,1024,iter-front,quick_cache,0,165.385251
u64,ahash,1024,iter-front,lru,0,1.215726
u64,ahash,1024,iter-front,hashlink,0,1.226808
u64,ahash,1024,iter-front,baseline,1,274.046355
u64,ahash,1024,iter-front,quick_cache,1,167.180548
u64,ahash,1024,iter-front,lru,1,1.221476
u64,ahash,1024,iter-front,hashlink,1,1.184143
u64,ahash,1024,iter-front,micro,1,1.141603
u64,ahash,1024,iter-front,quick_cache,2,164.729320
u64,ahash,1024,iter-front,lru,2,1.181841
u64,ahash,1024,iter-front,hashlink,2,1.152601
u64,ahash,1024,iter-front,micro,2,1.155277
u64,ahash,1024,iter-front,baseline,2,265.999256
u64,ahash,1024,iter-front,lru,3,1.180261
u64,ahash,1024,iter-front,hashlink,3,1.145452
u64,ahash,1024,iter-front,micro,3,1.141319
u64,ahash,1024,iter-front,baseline,3,256.260656
u64,ahash,1024,iter-front,quick_cache,3,162.212040
u64,ahash,1024,iter-front,hashlink,4,1.150352
u64,ahash,1024,iter-front,micro,4,1.138716
u64,ahash,1024,iter-front,baseline,4,254.775702
u64,ahash,1024,iter-front,quick_cache,4,162.037176
u64,ahash,1024,iter-front,lru,4,1.233608
u64,ahash,1024,iter-front,micro,5,1.138185
u64,ahash,1024,iter-front,baseline,5,254.650601
u64,ahash,1024,iter-front,quick_cache,5,161.481211
u64,ahash,1024,iter-front,lru,5,1.186255
u64,ahash,1024,iter-front,hashlink,5,1.161969
u64,ahash,1024,iter-front,baseline,6,262.006648
u64,ahash,1024,iter-front,quick_cache,6,162.442340
u64,ahash,1024,iter-front,lru,6,1.183040
u64,ahash,1024,iter-front,hashlink,6,1.158987
u64,ahash,1024,iter-front,micro,6,1.138467
u64,ahash,1024,iter-front,quick_cache,7,163.124674
u64,ahash,1024,iter-front,lru,7,1.219712
u64,ahash,1024,iter-front,hashlink,7,1.164949
u64,ahash,1024,iter-front,micro,7,1.145998
u64,ahash,1024,iter-front,baseline,7,256.841851
u64,ahash,1024,iter-front,lru,8,1.204982
u64,ahash,1024,iter-front,hashlink,8,1.159572
u64,ahash,1024,iter-front,micro,8,1.143482
u64,ahash,1024,iter-front,baseline,8,255.365758
u64,ahash,1024,iter-front,quick_cache,8,162.601880
u64,ahash,1024,iter-back,micro,0,1.187752
u64,ahash,1024,iter-back,baseline,0,261.845268
u64,ahash,1024,iter-back,quick_cache,0,164.156874
u64,ahash,1024,iter-back,lru,0,1.191875
u64,ahash,1024,iter-back,hashlink,0,1.165592
u64,ahash,1024,iter-back,baseline,1,257.052220
u64,ahash,1024,iter-back,quick_cache,1,163.354983
u64,ahash,1024,iter-back,lru,1,1.186093
u64,ahash,1024,iter-back,hashlink,1,1.157390
u64,ahash,1024,iter-back,micro,1,1.175059
u64,ahash,1024,iter-back,quick_cache,2,164.467764
u64,ahash,1024,iter-back,lru,2,1.197749
u64,ahash,1024,iter-back,hashlink,2,1.165445
u64,ahash,1024,iter-back,micro,2,1.178205
u64,ahash,1024,iter-back,baseline,2,255.888144
u64,ahash,1024,iter-back,lru,3,1.194554
u64,ahash,1024,iter-back,hashlink,3,1.166141
u64,ahash,1024,iter-back,micro,3,1.193814
u64,ahash,1024,iter-back,baseline,3,260.575104
u64,ahash,1024,iter-back,quick_cache,3,162.273657
u64,ahash,1024,iter-back,hashlink,4,1.150496
u64,ahash,1024,iter-back,micro,4,1.174618
u64,ahash,1024,iter-back,baseline,4,255.163744
u64,ahash,1024,iter-back,quick_cache,4,162.126945
u64,ahash,1024,iter-back,lru,4,1.185616
u64,ahash,1024,iter-back,micro,5,1.174644
u64,ahash,1024,iter-back,baseline,5,253.959060
u64,ahash,1024,iter-back,quick_cache,5,162.711661
u64,ahash,1024,iter-back,lru,5,1.200289
u64,ahash,1024,iter-back,hashlink,5,1.154466
u64,ahash,1024,iter-back,baseline,6,254.527586
u64,ahash,1024,iter-back,quick_cache,6,163.394462
u64,ahash,1024,iter-back,lru,6,1.198319
u64,ahash,1024,iter-back,hashlink,6,1.157005
u64,ahash,1024,iter-back,micro,6,1.178534
u64,ahash,1024,iter-back,quick_cache,7,164.729320
u64,ahash,1024,iter-back,lru,7,1.186246
u64,ahash,1024,iter-back,hashlink,7,1.155200
u64,ahash,1024,iter-back,micro,7,1.177406
u64,ahash,1024,iter-back,baseline,7,256.570300
u64,ahash,1024,iter-back,lru,8,1.227811
u64,ahash,1024,iter-back,hashlink,8,1.161192
u64,ahash,1024,iter-back,micro,8,1.172846
u64,ahash,1024,iter-back,baseline,8,256.271363
u64,ahash,1024,iter-back,quick_cache,8,163.776178
u64,ahash,1024,iter-empty,micro,0,0.833378
u64,ahash,1024,iter-empty,baseline,0,249.920976
u64,ahash,1024,iter-empty,quick_cache,0,162.534401
u64,ahash,1024,iter-empty,lru,0,1.005871
u64,ahash,1024,iter-empty,hashlink,0,1.032785
u64,ahash,1024,iter-empty,baseline,1,275.292033
u64,ahash,1024,iter-empty,quick_cache,1,234.822729
u64,ahash,1024,iter-empty,lru,1,1.421036
u64,ahash,1024,iter-empty,hashlink,1,0.995064
u64,ahash,1024,iter-empty,micro,1,0.774320
u64,ahash,1024,iter-empty,quick_cache,2,161.795322
u64,ahash,1024,iter-empty,lru,2,0.964292
u64,ahash,1024,iter-empty,hashlink,2,0.947090
u64,ahash,1024,iter-empty,micro,2,0.790547
u64,ahash,1024,iter-empty,baseline,2,241.019838
u64,ahash,1024,iter-empty,lru,3,0.952378
u64,ahash,1024,iter-empty,hashlink,3,1.017200
u64,ahash,1024,iter-empty,micro,3,0.825087
u64,ahash,1024,iter-empty,baseline,3,251.677385
u64,ahash,1024,iter-empty,quick_cache,3,162.570913
u64,ahash,1024,iter-empty,hashlink,4,1.016802
u64,ahash,1024,iter-empty,micro,4,0.838094
u64,ahash,1024,iter-empty,baseline,4,252.782966
u64,ahash,1024,iter-empty,quick_cache,4,163.105624
u64,ahash,1024,iter-empty,lru,4,0.999009
u64,ahash,1024,iter-empty,micro,5,0.833800
u64,ahash,1024,iter-empty,baseline,5,245.073325
u64,ahash,1024,iter-empty,quick_cache,5,153.403061
u64,ahash,1024,iter-empty,lru,5,0.962012
u64,ahash,1024,iter-empty,hashlink,5,0.979734
u64,ahash,1024,iter-empty,baseline,6,244.928389
u64,ahash,1024,iter-empty,quick_cache,6,159.127323
u64,ahash,1024,iter-empty,lru,6,0.979010
u64,ahash,1024,iter-empty,hashlink,6,0.989475
u64,ahash,1024,iter-empty,micro,6,0.819470
u64,ahash,1024,iter-empty,quick_cache,7,168.585390
u64,ahash,1024,iter-empty,lru,7,0.973951
u64,ahash,1024,iter-empty,hashlink,7,1.014722
u64,ahash,1024,iter-empty,micro,7,0.783687
u64,ahash,1024,iter-empty,baseline,7,244.040074
u64,ahash,1024,iter-empty,lru,8,0.951242
u64,ahash,1024,iter-empty,hashlink,8,0.985344
u64,ahash,1024,iter-empty,micro,8,0.813091
u64,ahash,1024,iter-empty,baseline,8,244.618496
u64,ahash,1024,iter-empty,quick_cache,8,159.950998
u64,ahash,1024,iter-count,micro,0,0.386108
u64,ahash,1024,iter-count,baseline,0,245.281982
u64,ahash,1024,iter-count,quick_cache,0,458.511265
u64,ahash,1024,iter-count,lru,0,0.388183
u64,ahash,1024,iter-count,hashlink,0,0.390082
u64,ahash,1024,iter-count,baseline,1,248.228145
u64,ahash,1024,iter-count,quick_cache,1,463.185865
u64,ahash,1024,iter-count,lru,1,0.387905
u64,ahash,1024,iter-count,hashlink,1,0.393831
u64,ahash,1024,iter-count,micro,1,0.392698
u64,ahash,1024,iter-count,quick_cache,2,469.183966
u64,ahash,1024,iter-count,lru,2,0.387213
u64,ahash,1024,iter-count,hashlink,2,0.390391
u64,ahash,1024,iter-count,micro,2,0.392733
u64,ahash,1024,iter-count,baseline,2,251.723558
u64,ahash,1024,iter-count,lru,3,0.382841
u64,ahash,1024,iter-count,hashlink,3,0.391887
u64,ahash,1024,iter-count,micro,3,0.391914
u64,ahash,1024,iter-count,baseline,3,248.669057
u64,ahash,1024,iter-count,quick_cache,3,460.975291
u64,ahash,1024,iter-count,hashlink,4,0.385554
u64,ahash,1024,iter-count,micro,4,0.387759
u64,ahash,1024,iter-count,baseline,4,244.771338
u64,ahash,1024,iter-count,quick_cache,4,465.932664
u64,ahash,1024,iter-count,lru,4,0.393707
u64,ahash,1024,iter-count,micro,5,0.389600
u64,ahash,1024,iter-count,baseline,5,248.549545
u64,ahash,1024,iter-count,quick_cache,5,462.440134
u64,ahash,1024,iter-count,lru,5,0.383943
u64,ahash,1024,iter-count,hashlink,5,0.388218
u64,ahash,1024,iter-count,baseline,6,246.317529
u64,ahash,1024,iter-count,quick_cache,6,454.650436
u64,ahash,1024,iter-count,lru,6,0.385075
u64,ahash,1024,iter-count,hashlink,6,0.386447
u64,ahash,1024,iter-count,micro,6,0.383081
u64,ahash,1024,iter-count,quick_cache,7,460.354560
u64,ahash,1024,iter-count,lru,7,0.381664
u64,ahash,1024,iter-count,hashlink,7,0.388237
u64,ahash,1024,iter-count,micro,7,0.392032
u64,ahash,1024,iter-count,baseline,7,246.917725
u64,ahash,1024,iter-count,lru,8,0.388674
u64,ahash,1024,iter-count,hashlink,8,0.393779
u64,ahash,1024,iter-count,micro,8,0.392355
u64,ahash,1024,iter-count,baseline,8,246.518994
u64,ahash,1024,iter-count,quick_cache,8,454.657976
u64,ahash,16384,iter-dense,micro,0,4646.867647
u64,ahash,16384,iter-dense,baseline,0,4643.228860
u64,ahash,16384,iter-dense,quick_cache,0,5251.129167
u64,ahash,16384,iter-dense,lru,0,21454.914062
u64,ahash,16384,iter-dense,hashlink,0,20973.632812
u64,ahash,16384,iter-dense,baseline,1,4653.645221
u64,ahash,16384,iter-dense,quick_cache,1,5249.912500
u64,ahash,16384,iter-dense,lru,1,21647.460938
u64,ahash,16384,iter-dense,hashlink,1,20921.226562
u64,ahash,16384,iter-dense,micro,1,4659.466912
u64,ahash,16384,iter-dense,quick_cache,2,5334.895833
u64,ahash,16384,iter-dense,lru,2,21643.390625
u64,ahash,16384,iter-dense,hashlink,2,20803.382812
u64,ahash,16384,iter-dense,micro,2,4621.744485
u64,ahash,16384,iter-dense,baseline,2,4624.616728
u64,ahash,16384,iter-dense,lru,3,21682.292969
u64,ahash,16384,iter-dense,hashlink,3,20893.066406
u64,ahash,16384,iter-dense,micro,3,4604.128676
u64,ahash,16384,iter-dense,baseline,3,4644.990809
u64,ahash,16384,iter-dense,quick_cache,3,5315.104167
u64,ahash,16384,iter-dense,hashlink,4,21363.769531
u64,ahash,16384,iter-dense,micro,4,4612.706801
u64,ahash,16384,iter-dense,baseline,4,4688.265625
u64,ahash,16384,iter-dense,quick_cache,4,5332.638542
u64,ahash,16384,iter-dense,lru,4,22152.992188
u64,ahash,16384,iter-dense,micro,5,4607.268382
u64,ahash,16384,iter-dense,baseline,5,4617.263787
u64,ahash,16384,iter-dense,quick_cache,5,5283.984375
u64,ahash,16384,iter-dense,lru,5,21532.875000
u64,ahash,16384,iter-dense,hashlink,5,20801.593750
u64,ahash,16384,iter-dense,baseline,6,4635.302390
u64,ahash,16384,iter-dense,quick_cache,6,5280.165625
u64,ahash,16384,iter-dense,lru,6,21825.359375
u64,ahash,16384,iter-dense,hashlink,6,21092.125000
u64,ahash,16384,iter-dense,micro,6,4602.329044
u64,ahash,16384,iter-dense,quick_cache,7,5271.093750
u64,ahash,16384,iter-dense,lru,7,22684.151786
u64,ahash,16384,iter-dense,hashlink,7,22129.066406
u64,ahash,16384,iter-dense,micro,7,4614.352941
u64,ahash,16384,iter-dense,baseline,7,4646.024816
u64,ahash,16384,iter-dense,lru,8,21630.207031
u64,ahash,16384,iter-dense,hashlink,8,20876.625000
u64,ahash,16384,iter-dense,micro,8,4618.451287
u64,ahash,16384,iter-dense,baseline,8,4612.553309
u64,ahash,16384,iter-dense,quick_cache,8,5297.091667
u64,ahash,16384,iter-dense-for,micro,0,4639.858456
u64,ahash,16384,iter-dense-for,baseline,0,4641.123162
u64,ahash,16384,iter-dense-for,quick_cache,0,5580.953664
u64,ahash,16384,iter-dense-for,lru,0,18151.329861
u64,ahash,16384,iter-dense-for,hashlink,0,16733.331250
u64,ahash,16384,iter-dense-for,baseline,1,4679.266544
u64,ahash,16384,iter-dense-for,quick_cache,1,5468.929957
u64,ahash,16384,iter-dense-for,lru,1,18115.739583
u64,ahash,16384,iter-dense-for,hashlink,1,17054.296875
u64,ahash,16384,iter-dense-for,micro,1,4377.278646
u64,ahash,16384,iter-dense-for,quick_cache,2,7633.431548
u64,ahash,16384,iter-dense-for,lru,2,14651.514205
u64,ahash,16384,iter-dense-for,hashlink,2,16927.084375
u64,ahash,16384,iter-dense-for,micro,2,4475.930357
u64,ahash,16384,iter-dense-for,baseline,2,4778.053977
u64,ahash,16384,iter-dense-for,lru,3,17757.958333
u64,ahash,16384,iter-dense-for,hashlink,3,17070.181250
u64,ahash,16384,iter-dense-for,micro,3,4438.259549
u64,ahash,16384,iter-dense-for,baseline,3,4527.939286
u64,ahash,16384,iter-dense-for,quick_cache,3,7822.526563
u64,ahash,16384,iter-dense-for,hashlink,4,16171.353125
u64,ahash,16384,iter-dense-for,micro,4,4582.142857
u64,ahash,16384,iter-dense-for,baseline,4,4535.416964
u64,ahash,16384,iter-dense-for,quick_cache,4,7913.932813
u64,ahash,16384,iter-dense-for,lru,4,16011.846875
u64,ahash,16384,iter-dense-for,micro,5,4474.366964
u64,ahash,16384,iter-dense-for,baseline,5,4541.258036
u64,ahash,16384,iter-dense-for,quick_cache,5,7825.585938
u64,ahash,16384,iter-dense-for,lru,5,16750.390625
u64,ahash,16384,iter-dense-for,hashlink,5,17156.381250
u64,ahash,16384,iter-dense-for,baseline,6,4527.269643
u64,ahash,16384,iter-dense-for,quick_cache,6,5389.278017
u64,ahash,16384,iter-dense-for,lru,6,17733.072917
u64,ahash,16384,iter-dense-for,hashlink,6,16912.109375
u64,ahash,16384,iter-dense-for,micro,6,4490.029464
u64,ahash,16384,iter-dense-for,quick_cache,7,7900.651563
u64,ahash,16384,iter-dense-for,lru,7,14707.741477
u64,ahash,16384,iter-dense-for,hashlink,7,17096.356250
u64,ahash,16384,iter-dense-for,micro,7,4451.171875
u64,ahash,16384,iter-dense-for,baseline,7,4532.440179
u64,ahash,16384,iter-dense-for,lru,8,14852.863636
u64,ahash,16384,iter-dense-for,hashlink,8,16828.906250
u64,ahash,16384,iter-dense-for,micro,8,4442.527778
u64,ahash,16384,iter-dense-for,baseline,8,4524.627679
u64,ahash,16384,iter-dense-for,quick_cache,8,5304.687500
u64,ahash,16384,iter-density-1pct,micro,0,241.401861
u64,ahash,16384,iter-density-1pct,baseline,0,4832.623106
u64,ahash,16384,iter-density-1pct,quick_cache,0,4661.918199
u64,ahash,16384,iter-density-1pct,lru,0,174.837458
u64,ahash,16384,iter-density-1pct,hashlink,0,178.790179
u64,ahash,16384,iter-density-1pct,baseline,1,4926.513672
u64,ahash,16384,iter-density-1pct,quick_cache,1,4663.602941
u64,ahash,16384,iter-density-1pct,lru,1,175.618855
u64,ahash,16384,iter-density-1pct,hashlink,1,171.963834
u64,ahash,16384,iter-density-1pct,micro,1,241.841335
u64,ahash,16384,iter-density-1pct,quick_cache,2,4637.560662
u64,ahash,16384,iter-density-1pct,lru,2,179.703951
u64,ahash,16384,iter-density-1pct,hashlink,2,176.494004
u64,ahash,16384,iter-density-1pct,micro,2,241.903299
u64,ahash,16384,iter-density-1pct,baseline,2,4757.496212
u64,ahash,16384,iter-density-1pct,lru,3,173.651632
u64,ahash,16384,iter-density-1pct,hashlink,3,173.435766
u64,ahash,16384,iter-density-1pct,micro,3,239.397875
u64,ahash,16384,iter-density-1pct,baseline,3,4957.194336
u64,ahash,16384,iter-density-1pct,quick_cache,3,4839.449811
u64,ahash,16384,iter-density-1pct,hashlink,4,185.414813
u64,ahash,16384,iter-density-1pct,micro,4,239.250860
u64,ahash,16384,iter-density-1pct,baseline,4,4929.199219
u64,ahash,16384,iter-density-1pct,quick_cache,4,4659.658088
u64,ahash,16384,iter-density-1pct,lru,4,174.426862
u64,ahash,16384,iter-density-1pct,micro,5,244.003510
u64,ahash,16384,iter-density-1pct,baseline,5,4994.344727
u64,ahash,16384,iter-density-1pct,quick_cache,5,5048.933468
u64,ahash,16384,iter-density-1pct,lru,5,183.590706
u64,ahash,16384,iter-density-1pct,hashlink,5,174.268708
u64,ahash,16384,iter-density-1pct,baseline,6,4780.934659
u64,ahash,16384,iter-density-1pct,quick_cache,6,4860.360795
u64,ahash,16384,iter-density-1pct,lru,6,175.452441
u64,ahash,16384,iter-density-1pct,hashlink,6,173.495040
u64,ahash,16384,iter-density-1pct,micro,6,268.180049
u64,ahash,16384,iter-density-1pct,quick_cache,7,4556.435714
u64,ahash,16384,iter-density-1pct,lru,7,173.663194
u64,ahash,16384,iter-density-1pct,hashlink,7,174.585370
u64,ahash,16384,iter-density-1pct,micro,7,239.563361
u64,ahash,16384,iter-density-1pct,baseline,7,4978.149414
u64,ahash,16384,iter-density-1pct,lru,8,173.827412
u64,ahash,16384,iter-density-1pct,hashlink,8,174.485003
u64,ahash,16384,iter-density-1pct,micro,8,239.292209
u64,ahash,16384,iter-density-1pct,baseline,8,4973.632812
u64,ahash,16384,iter-density-1pct,quick_cache,8,4908.691406
u64,ahash,16384,iter-density-6pct,micro,0,4675.551471
u64,ahash,16384,iter-density-6pct,baseline,0,4687.155331
u64,ahash,16384,iter-density-6pct,quick_cache,0,4740.805871
u64,ahash,16384,iter-density-6pct,lru,0,5619.651786
u64,ahash,16384,iter-density-6pct,hashlink,0,5682.059152
u64,ahash,16384,iter-density-6pct,baseline,1,4565.587500
u64,ahash,16384,iter-density-6pct,quick_cache,1,4666.704963
u64,ahash,16384,iter-density-6pct,lru,1,5610.677455
u64,ahash,16384,iter-density-6pct,hashlink,1,5217.751042
u64,ahash,16384,iter-density-6pct,micro,1,4558.147321
u64,ahash,16384,iter-density-6pct,quick_cache,2,4718.060662
u64,ahash,16384,iter-density-6pct,lru,2,5625.092634
u64,ahash,16384,iter-density-6pct,hashlink,2,5346.354167
u64,ahash,16384,iter-density-6pct,micro,2,4593.451786
u64,ahash,16384,iter-density-6pct,baseline,2,4734.758272
u64,ahash,16384,iter-density-6pct,lru,3,5566.945043
u64,ahash,16384,iter-density-6pct,hashlink,3,5624.441964
u64,ahash,16384,iter-density-6pct,micro,3,4248.380912
u64,ahash,16384,iter-density-6pct,baseline,3,4742.779356
u64,ahash,16384,iter-density-6pct,quick_cache,3,4886.677734
u64,ahash,16384,iter-density-6pct,hashlink,4,5572.646552
u64,ahash,16384,iter-density-6pct,micro,4,4524.070536
u64,ahash,16384,iter-density-6pct,baseline,4,4657.934743
u64,ahash,16384,iter-density-6pct,quick_cache,4,4648.859375
u64,ahash,16384,iter-density-6pct,lru,4,5733.956473
u64,ahash,16384,iter-density-6pct,micro,5,4628.944853
u64,ahash,16384,iter-density-6pct,baseline,5,4686.351103
u64,ahash,16384,iter-density-6pct,quick_cache,5,4669.271140
u64,ahash,16384,iter-density-6pct,lru,5,5663.225446
u64,ahash,16384,iter-density-6pct,hashlink,5,5346.528125
u64,ahash,16384,iter-density-6pct,baseline,6,4580.468750
u64,ahash,16384,iter-density-6pct,quick_cache,6,4705.652574
u64,ahash,16384,iter-density-6pct,lru,6,5615.094866
u64,ahash,16384,iter-density-6pct,hashlink,6,5643.136161
u64,ahash,16384,iter-density-6pct,micro,6,4621.629596
u64,ahash,16384,iter-density-6pct,quick_cache,7,4682.061581
u64,ahash,16384,iter-density-6pct,lru,7,5660.062500
u64,ahash,16384,iter-density-6pct,hashlink,7,5287.760417
u64,ahash,16384,iter-density-6pct,micro,7,4617.187500
u64,ahash,16384,iter-density-6pct,baseline,7,4671.606618
u64,ahash,16384,iter-density-6pct,lru,8,5680.664062
u64,ahash,16384,iter-density-6pct,hashlink,8,5377.908333
u64,ahash,16384,iter-density-6pct,micro,8,4631.012868
u64,ahash,16384,iter-density-6pct,baseline,8,4674.594669
u64,ahash,16384,iter-density-6pct,quick_cache,8,4715.227022
u64,ahash,16384,iter-density-quarter,micro,0,4209.395559
u64,ahash,16384,iter-density-quarter,baseline,0,4254.750845
u64,ahash,16384,iter-density-quarter,quick_cache,0,4890.950195
u64,ahash,16384,iter-density-quarter,lru,0,7562.811012
u64,ahash,16384,iter-density-quarter,hashlink,0,6726.507812
u64,ahash,16384,iter-density-quarter,baseline,1,4016.593750
u64,ahash,16384,iter-density-quarter,quick_cache,1,4596.763393
u64,ahash,16384,iter-density-quarter,lru,1,6628.200521
u64,ahash,16384,iter-density-quarter,hashlink,1,6221.203125
u64,ahash,16384,iter-density-quarter,micro,1,4028.779647
u64,ahash,16384,iter-density-quarter,quick_cache,2,4725.030331
u64,ahash,16384,iter-density-quarter,lru,2,6621.473958
u64,ahash,16384,iter-density-quarter,hashlink,2,6234.725962
u64,ahash,16384,iter-density-quarter,micro,2,5774.041295
u64,ahash,16384,iter-density-quarter,baseline,2,4090.711538
u64,ahash,16384,iter-density-quarter,lru,3,6688.260417
u64,ahash,16384,iter-density-quarter,hashlink,3,6320.103750
u64,ahash,16384,iter-density-quarter,micro,3,4119.482730
u64,ahash,16384,iter-density-quarter,baseline,3,4082.165064
u64,ahash,16384,iter-density-quarter,quick_cache,3,4778.172348
u64,ahash,16384,iter-density-quarter,hashlink,4,6477.968750
u64,ahash,16384,iter-density-quarter,micro,4,4080.528846
u64,ahash,16384,iter-density-quarter,baseline,4,4077.724359
u64,ahash,16384,iter-density-quarter,quick_cache,4,4777.698864
u64,ahash,16384,iter-density-quarter,lru,4,6394.687500
u64,ahash,16384,iter-density-quarter,micro,5,4075.721154
u64,ahash,16384,iter-density-quarter,baseline,5,4077.157051
u64,ahash,16384,iter-density-quarter,quick_cache,5,4829.506629
u64,ahash,16384,iter-density-quarter,lru,5,6687.119792
u64,ahash,16384,iter-density-quarter,hashlink,5,6206.180288
u64,ahash,16384,iter-density-quarter,baseline,6,4128.186678
u64,ahash,16384,iter-density-quarter,quick_cache,6,4843.671402
u64,ahash,16384,iter-density-quarter,lru,6,6517.415365
u64,ahash,16384,iter-density-quarter,hashlink,6,6528.971354
u64,ahash,16384,iter-density-quarter,micro,6,4058.426282
u64,ahash,16384,iter-density-quarter,quick_cache,7,4708.448529
u64,ahash,16384,iter-density-quarter,lru,7,6283.072500
u64,ahash,16384,iter-density-quarter,hashlink,7,6536.403646
u64,ahash,16384,iter-density-quarter,micro,7,4016.459936
u64,ahash,16384,iter-density-quarter,baseline,7,4066.205929
u64,ahash,16384,iter-density-quarter,lru,8,6271.250000
u64,ahash,16384,iter-density-quarter,hashlink,8,6481.666250
u64,ahash,16384,iter-density-quarter,micro,8,4087.005609
u64,ahash,16384,iter-density-quarter,baseline,8,4048.110577
u64,ahash,16384,iter-density-quarter,quick_cache,8,4757.654356
u64,ahash,16384,iter-density-half,micro,0,4239.829392
u64,ahash,16384,iter-density-half,baseline,0,4317.391892
u64,ahash,16384,iter-density-half,quick_cache,0,4815.537879
u64,ahash,16384,iter-density-half,lru,0,13517.687500
u64,ahash,16384,iter-density-half,hashlink,0,14096.028646
u64,ahash,16384,iter-density-half,baseline,1,4156.695724
u64,ahash,16384,iter-density-half,quick_cache,1,4801.806818
u64,ahash,16384,iter-density-half,lru,1,14599.312500
u64,ahash,16384,iter-density-half,hashlink,1,14033.093750
u64,ahash,16384,iter-density-half,micro,1,4164.611020
u64,ahash,16384,iter-density-half,quick_cache,2,4784.959280
u64,ahash,16384,iter-density-half,lru,2,14226.020833
u64,ahash,16384,iter-density-half,hashlink,2,13973.091146
u64,ahash,16384,iter-density-half,micro,2,4190.550164
u64,ahash,16384,iter-density-half,baseline,2,4226.315878
u64,ahash,16384,iter-density-half,lru,3,14630.446023
u64,ahash,16384,iter-density-half,hashlink,3,13950.302083
u64,ahash,16384,iter-density-half,micro,3,4166.632401
u64,ahash,16384,iter-density-half,baseline,3,4213.850329
u64,ahash,16384,iter-density-half,quick_cache,3,4803.937500
u64,ahash,16384,iter-density-half,hashlink,4,12699.117788
u64,ahash,16384,iter-density-half,micro,4,4163.548520
u64,ahash,16384,iter-density-half,baseline,4,4177.049342
u64,ahash,16384,iter-density-half,quick_cache,4,4823.666667
u64,ahash,16384,iter-density-half,lru,4,14445.786932
u64,ahash,16384,iter-density-half,micro,5,4202.097039
u64,ahash,16384,iter-density-half,baseline,5,4218.647204
u64,ahash,16384,iter-density-half,quick_cache,5,4827.849432
u64,ahash,16384,iter-density-half,lru,5,14599.903409
u64,ahash,16384,iter-density-half,hashlink,5,15765.103125
u64,ahash,16384,iter-density-half,baseline,6,4167.351974
u64,ahash,16384,iter-density-half,quick_cache,6,4833.964015
u64,ahash,16384,iter-density-half,lru,6,15466.383523
u64,ahash,16384,iter-density-half,hashlink,6,15132.693182
u64,ahash,16384,iter-density-half,micro,6,4250.739020
u64,ahash,16384,iter-density-half,quick_cache,7,4839.922348
u64,ahash,16384,iter-density-half,lru,7,14052.408854
u64,ahash,16384,iter-density-half,hashlink,7,14992.423295
u64,ahash,16384,iter-density-half,micro,7,4253.131757
u64,ahash,16384,iter-density-half,baseline,7,4288.288007
u64,ahash,16384,iter-density-half,lru,8,13737.955729
u64,ahash,16384,iter-density-half,hashlink,8,15146.190341
u64,ahash,16384,iter-density-half,micro,8,4318.165541
u64,ahash,16384,iter-density-half,baseline,8,4204.769737
u64,ahash,16384,iter-density-half,quick_cache,8,4713.465074
u64,ahash,16384,iter-front,micro,0,1.108101
u64,ahash,16384,iter-front,baseline,0,3994.335938
u64,ahash,16384,iter-front,quick_cache,0,4668.696691
u64,ahash,16384,iter-front,lru,0,1.177246
u64,ahash,16384,iter-front,hashlink,0,1.142746
u64,ahash,16384,iter-front,baseline,1,4040.264423
u64,ahash,16384,iter-front,quick_cache,1,4683.747243
u64,ahash,16384,iter-front,lru,1,1.193486
u64,ahash,16384,iter-front,hashlink,1,1.159288
u64,ahash,16384,iter-front,micro,1,1.170473
u64,ahash,16384,iter-front,quick_cache,2,4792.416667
u64,ahash,16384,iter-front,lru,2,1.204852
u64,ahash,16384,iter-front,hashlink,2,1.161866
u64,ahash,16384,iter-front,micro,2,1.162739
u64,ahash,16384,iter-front,baseline,2,4086.905449
u64,ahash,16384,iter-front,lru,3,1.191438
u64,ahash,16384,iter-front,hashlink,3,1.169571
u64,ahash,16384,iter-front,micro,3,1.149548
u64,ahash,16384,iter-front,baseline,3,4047.342147
u64,ahash,16384,iter-front,quick_cache,3,4717.141544
u64,ahash,16384,iter-front,hashlink,4,1.140128
u64,ahash,16384,iter-front,micro,4,1.142070
u64,ahash,16384,iter-front,baseline,4,4052.650641
u64,ahash,16384,iter-front,quick_cache,4,4703.929228
u64,ahash,16384,iter-front,lru,4,1.188430
u64,ahash,16384,iter-front,micro,5,1.147766
u64,ahash,16384,iter-front,baseline,5,4362.087674
u64,ahash,16384,iter-front,quick_cache,5,4723.000919
u64,ahash,16384,iter-front,lru,5,1.211118
u64,ahash,16384,iter-front,hashlink,5,1.149041
u64,ahash,16384,iter-front,baseline,6,4090.344551
u64,ahash,16384,iter-front,quick_cache,6,4750.631629
u64,ahash,16384,iter-front,lru,6,1.186363
u64,ahash,16384,iter-front,hashlink,6,1.143106
u64,ahash,16384,iter-front,micro,6,1.141211
u64,ahash,16384,iter-front,quick_cache,7,4715.915441
u64,ahash,16384,iter-front,lru,7,1.187355
u64,ahash,16384,iter-front,hashlink,7,1.156996
u64,ahash,16384,iter-front,micro,7,1.144764
u64,ahash,16384,iter-front,baseline,7,4112.980769
u64,ahash,16384,iter-front,lru,8,1.185032
u64,ahash,16384,iter-front,hashlink,8,1.158145
u64,ahash,16384,iter-front,micro,8,1.153929
u64,ahash,16384,iter-front,baseline,8,4157.757401
u64,ahash,16384,iter-front,quick_cache,8,4737.650568
u64,ahash,16384,iter-back,micro,0,1.130027
u64,ahash,16384,iter-back,baseline,0,4005.793750
u64,ahash,16384,iter-back,quick_cache,0,4669.308824
u64,ahash,16384,iter-back,lru,0,1.179165
u64,ahash,16384,iter-back,hashlink,0,1.146915
u64,ahash,16384,iter-back,baseline,1,4069.077724
u64,ahash,16384,iter-back,quick_cache,1,4692.287684
u64,ahash,16384,iter-back,lru,1,1.175413
u64,ahash,16384,iter-back,hashlink,1,1.149548
u64,ahash,16384,iter-back,micro,1,1.175248
u64,ahash,16384,iter-back,quick_cache,2,4717.447610
u64,ahash,16384,iter-back,lru,2,1.205605
u64,ahash,16384,iter-back,hashlink,2,1.157656
u64,ahash,16384,iter-back,micro,2,1.176404
u64,ahash,16384,iter-back,baseline,2,4058.761218
u64,ahash,16384,iter-back,lru,3,1.185113
u64,ahash,16384,iter-back,hashlink,3,1.155046
u64,ahash,16384,iter-back,micro,3,1.158008
u64,ahash,16384,iter-back,baseline,3,4052.116987
u64,ahash,16384,iter-back,quick_cache,3,4710.094669
u64,ahash,16384,iter-back,hashlink,4,1.138740
u64,ahash,16384,iter-back,micro,4,1.156294
u64,ahash,16384,iter-back,baseline,4,4036.791667
u64,ahash,16384,iter-back,quick_cache,4,4737.689394
u64,ahash,16384,iter-back,lru,4,1.193495
u64,ahash,16384,iter-back,micro,5,1.159959
u64,ahash,16384,iter-back,baseline,5,4110.376603
u64,ahash,16384,iter-back,quick_cache,5,4804.845644
u64,ahash,16384,iter-back,lru,5,1.185086
u64,ahash,16384,iter-back,hashlink,5,1.144119
u64,ahash,16384,iter-back,baseline,6,4104.767628
u64,ahash,16384,iter-back,quick_cache,6,4741.832386
u64,ahash,16384,iter-back,lru,6,1.178872
u64,ahash,16384,iter-back,hashlink,6,1.142939
u64,ahash,16384,iter-back,micro,6,1.160468
u64,ahash,16384,iter-back,quick_cache,7,4837.594697
u64,ahash,16384,iter-back,lru,7,1.186769
u64,ahash,16384,iter-back,hashlink,7,1.136231
u64,ahash,16384,iter-back,micro,7,1.157065
u64,ahash,16384,iter-back,baseline,7,4110.877404
u64,ahash,16384,iter-back,lru,8,1.189307
u64,ahash,16384,iter-back,hashlink,8,1.166541
u64,ahash,16384,iter-back,micro,8,1.185886
u64,ahash,16384,iter-back,baseline,8,4092.481571
u64,ahash,16384,iter-back,quick_cache,8,4763.100379
u64,ahash,16384,iter-empty,micro,0,0.836331
u64,ahash,16384,iter-empty,baseline,0,4030.315705
u64,ahash,16384,iter-empty,quick_cache,0,4762.902462
u64,ahash,16384,iter-empty,lru,0,1.005198
u64,ahash,16384,iter-empty,hashlink,0,1.013603
u64,ahash,16384,iter-empty,baseline,1,4065.637821
u64,ahash,16384,iter-empty,quick_cache,1,4739.228220
u64,ahash,16384,iter-empty,lru,1,0.998116
u64,ahash,16384,iter-empty,hashlink,1,1.016300
u64,ahash,16384,iter-empty,micro,1,0.832082
u64,ahash,16384,iter-empty,quick_cache,2,4732.805147
u64,ahash,16384,iter-empty,lru,2,1.009458
u64,ahash,16384,iter-empty,hashlink,2,1.030550
u64,ahash,16384,iter-empty,micro,2,0.826890
u64,ahash,16384,iter-empty,baseline,2,3995.703125
u64,ahash,16384,iter-empty,lru,3,1.007265
u64,ahash,16384,iter-empty,hashlink,3,1.014182
u64,ahash,16384,iter-empty,micro,3,0.832250
u64,ahash,16384,iter-empty,baseline,3,3989.908594
u64,ahash,16384,iter-empty,quick_cache,3,4717.601103
u64,ahash,16384,iter-empty,hashlink,4,1.018592
u64,ahash,16384,iter-empty,micro,4,0.824008
u64,ahash,16384,iter-empty,baseline,4,3975.422656
u64,ahash,16384,iter-empty,quick_cache,4,4713.426471
u64,ahash,16384,iter-empty,lru,4,1.011301
u64,ahash,16384,iter-empty,micro,5,0.830269
u64,ahash,16384,iter-empty,baseline,5,4051.950321
u64,ahash,16384,iter-empty,quick_cache,5,4809.146780
u64,ahash,16384,iter-empty,lru,5,1.006363
u64,ahash,16384,iter-empty,hashlink,5,0.997364
u64,ahash,16384,iter-empty,baseline,6,3969.140625
u64,ahash,16384,iter-empty,quick_cache,6,4732.957721
u64,ahash,16384,iter-empty,lru,6,1.000525
u64,ahash,16384,iter-empty,hashlink,6,1.003642
u64,ahash,16384,iter-empty,micro,6,0.831060
u64,ahash,16384,iter-empty,quick_cache,7,4938.883789
u64,ahash,16384,iter-empty,lru,7,1.002232
u64,ahash,16384,iter-empty,hashlink,7,1.004539
u64,ahash,16384,iter-empty,micro,7,0.841311
u64,ahash,16384,iter-empty,baseline,7,4065.204327
u64,ahash,16384,iter-empty,lru,8,1.005586
u64,ahash,16384,iter-empty,hashlink,8,1.017763
u64,ahash,16384,iter-empty,micro,8,0.843359
u64,ahash,16384,iter-empty,baseline,8,4047.509615
u64,ahash,16384,iter-empty,quick_cache,8,4773.831439
u64,ahash,16384,iter-count,micro,0,0.392801
u64,ahash,16384,iter-count,baseline,0,4093.033594
u64,ahash,16384,iter-count,quick_cache,0,7831.815104
u64,ahash,16384,iter-count,lru,0,0.391157
u64,ahash,16384,iter-count,hashlink,0,0.391882
u64,ahash,16384,iter-count,baseline,1,4093.652344
u64,ahash,16384,iter-count,quick_cache,1,7732.041667
u64,ahash,16384,iter-count,lru,1,0.394327
u64,ahash,16384,iter-count,hashlink,1,0.395449
u64,ahash,16384,iter-count,micro,1,0.396920
u64,ahash,16384,iter-count,quick_cache,2,7951.930990
u64,ahash,16384,iter-count,lru,2,0.393855
u64,ahash,16384,iter-count,hashlink,2,0.390918
u64,ahash,16384,iter-count,micro,2,0.396163
u64,ahash,16384,iter-count,baseline,2,4095.312500
u64,ahash,16384,iter-count,lru,3,0.405527
u64,ahash,16384,iter-count,hashlink,3,0.394220
u64,ahash,16384,iter-count,micro,3,0.397279
u64,ahash,16384,iter-count,baseline,3,4114.648438
u64,ahash,16384,iter-count,quick_cache,3,7753.690104
u64,ahash,16384,iter-count,hashlink,4,0.392974
u64,ahash,16384,iter-count,micro,4,0.397120
u64,ahash,16384,iter-count,baseline,4,4140.625000
u64,ahash,16384,iter-count,quick_cache,4,7910.970052
u64,ahash,16384,iter-count,lru,4,0.395061
u64,ahash,16384,iter-count,micro,5,0.395237
u64,ahash,16384,iter-count,baseline,5,4104.362500
u64,ahash,16384,iter-count,quick_cache,5,7790.417969
u64,ahash,16384,iter-count,lru,5,0.389224
u64,ahash,16384,iter-count,hashlink,5,0.391282
u64,ahash,16384,iter-count,baseline,6,4097.070312
u64,ahash,16384,iter-count,quick_cache,6,7725.260417
u64,ahash,16384,iter-count,lru,6,0.392040
u64,ahash,16384,iter-count,hashlink,6,0.395854
u64,ahash,16384,iter-count,micro,6,0.397020
u64,ahash,16384,iter-count,quick_cache,7,7753.255208
u64,ahash,16384,iter-count,lru,7,0.394622
u64,ahash,16384,iter-count,hashlink,7,0.396106
u64,ahash,16384,iter-count,micro,7,0.423185
u64,ahash,16384,iter-count,baseline,7,4020.345313
u64,ahash,16384,iter-count,lru,8,0.367903
u64,ahash,16384,iter-count,hashlink,8,0.386256
u64,ahash,16384,iter-count,micro,8,0.389374
u64,ahash,16384,iter-count,baseline,8,3981.021875
u64,ahash,16384,iter-count,quick_cache,8,7473.579427
string24,sip,128,iter-dense,micro,0,37.835767
string24,sip,128,iter-dense,baseline,0,36.637537
string24,sip,128,iter-dense,quick_cache,0,29.264443
string24,sip,128,iter-dense,lru,0,129.471520
string24,sip,128,iter-dense,hashlink,0,127.568036
string24,sip,128,iter-dense,baseline,1,36.215419
string24,sip,128,iter-dense,quick_cache,1,29.685968
string24,sip,128,iter-dense,lru,1,129.891209
string24,sip,128,iter-dense,hashlink,1,129.537334
string24,sip,128,iter-dense,micro,1,38.393857
string24,sip,128,iter-dense,quick_cache,2,29.751809
string24,sip,128,iter-dense,lru,2,129.675596
string24,sip,128,iter-dense,hashlink,2,126.335767
string24,sip,128,iter-dense,micro,2,37.707310
string24,sip,128,iter-dense,baseline,2,36.269175
string24,sip,128,iter-dense,lru,3,127.981675
string24,sip,128,iter-dense,hashlink,3,126.179126
string24,sip,128,iter-dense,micro,3,37.056423
string24,sip,128,iter-dense,baseline,3,36.842638
string24,sip,128,iter-dense,quick_cache,3,29.234144
string24,sip,128,iter-dense,hashlink,4,128.270688
string24,sip,128,iter-dense,micro,4,37.718614
string24,sip,128,iter-dense,baseline,4,37.245606
string24,sip,128,iter-dense,quick_cache,4,29.193134
string24,sip,128,iter-dense,lru,4,129.309036
string24,sip,128,iter-dense,micro,5,37.040709
string24,sip,128,iter-dense,baseline,5,36.657782
string24,sip,128,iter-dense,quick_cache,5,29.043715
string24,sip,128,iter-dense,lru,5,128.187372
string24,sip,128,iter-dense,hashlink,5,126.209620
string24,sip,128,iter-dense,baseline,6,36.547555
string24,sip,128,iter-dense,quick_cache,6,29.100960
string24,sip,128,iter-dense,lru,6,127.149664
string24,sip,128,iter-dense,hashlink,6,126.707278
string24,sip,128,iter-dense,micro,6,36.982249
string24,sip,128,iter-dense,quick_cache,7,29.314827
string24,sip,128,iter-dense,lru,7,128.167674
string24,sip,128,iter-dense,hashlink,7,128.048859
string24,sip,128,iter-dense,micro,7,37.177373
string24,sip,128,iter-dense,baseline,7,37.307845
string24,sip,128,iter-dense,lru,8,126.633408
string24,sip,128,iter-dense,hashlink,8,128.982519
string24,sip,128,iter-dense,micro,8,36.988099
string24,sip,128,iter-dense,baseline,8,36.483262
string24,sip,128,iter-dense,quick_cache,8,29.030431
string24,sip,128,iter-dense-for,micro,0,37.820607
string24,sip,128,iter-dense-for,baseline,0,36.715020
string24,sip,128,iter-dense-for,quick_cache,0,39.985750
string24,sip,128,iter-dense-for,lru,0,76.751934
string24,sip,128,iter-dense-for,hashlink,0,68.329485
string24,sip,128,iter-dense-for,baseline,1,36.935964
string24,sip,128,iter-dense-for,quick_cache,1,39.853178
string24,sip,128,iter-dense-for,lru,1,78.631948
string24,sip,128,iter-dense-for,hashlink,1,68.743470
string24,sip,128,iter-dense-for,micro,1,37.720817
string24,sip,128,iter-dense-for,quick_cache,2,40.443436
string24,sip,128,iter-dense-for,lru,2,76.788360
string24,sip,128,iter-dense-for,hashlink,2,68.336317
string24,sip,128,iter-dense-for,micro,2,37.896179
string24,sip,128,iter-dense-for,baseline,2,37.243126
string24,sip,128,iter-dense-for,lru,3,77.756390
string24,sip,128,iter-dense-for,hashlink,3,69.339688
string24,sip,128,iter-dense-for,micro,3,37.334269
string24,sip,128,iter-dense-for,baseline,3,37.154259
string24,sip,128,iter-dense-for,quick_cache,3,38.881392
string24,sip,128,iter-dense-for,hashlink,4,68.956973
string24,sip,128,iter-dense-for,micro,4,37.080016
string24,sip,128,iter-dense-for,baseline,4,37.088825
string24,sip,128,iter-dense-for,quick_cache,4,64.447487
string24,sip,128,iter-dense-for,lru,4,76.668946
string24,sip,128,iter-dense-for,micro,5,36.906095
string24,sip,128,iter-dense-for,baseline,5,37.927602
string24,sip,128,iter-dense-for,quick_cache,5,65.135108
string24,sip,128,iter-dense-for,lru,5,77.031481
string24,sip,128,iter-dense-for,hashlink,5,69.623469
string24,sip,128,iter-dense-for,baseline,6,37.065524
string24,sip,128,iter-dense-for,quick_cache,6,66.080312
string24,sip,128,iter-dense-for,lru,6,77.372123
string24,sip,128,iter-dense-for,hashlink,6,68.531839
string24,sip,128,iter-dense-for,micro,6,38.369100
string24,sip,128,iter-dense-for,quick_cache,7,66.366985
string24,sip,128,iter-dense-for,lru,7,77.871341
string24,sip,128,iter-dense-for,hashlink,7,68.479760
string24,sip,128,iter-dense-for,micro,7,38.159783
string24,sip,128,iter-dense-for,baseline,7,37.599382
string24,sip,128,iter-dense-for,lru,8,78.511505
string24,sip,128,iter-dense-for,hashlink,8,69.300859
string24,sip,128,iter-dense-for,micro,8,38.438207
string24,sip,128,iter-dense-for,baseline,8,37.904105
string24,sip,128,iter-dense-for,quick_cache,8,66.752216
string24,sip,128,iter-density-1pct,micro,0,1.596832
string24,sip,128,iter-density-1pct,baseline,0,38.023054
string24,sip,128,iter-density-1pct,quick_cache,0,25.656019
string24,sip,128,iter-density-1pct,lru,0,1.283958
string24,sip,128,iter-density-1pct,hashlink,0,1.284507
string24,sip,128,iter-density-1pct,baseline,1,37.682233
string24,sip,128,iter-density-1pct,quick_cache,1,22.564116
string24,sip,128,iter-density-1pct,lru,1,1.287980
string24,sip,128,iter-density-1pct,hashlink,1,1.304998
string24,sip,128,iter-density-1pct,micro,1,1.564675
string24,sip,128,iter-density-1pct,quick_cache,2,23.730144
string24,sip,128,iter-density-1pct,lru,2,1.249021
string24,sip,128,iter-density-1pct,hashlink,2,1.269644
string24,sip,128,iter-density-1pct,micro,2,1.582904
string24,sip,128,iter-density-1pct,baseline,2,37.910776
string24,sip,128,iter-density-1pct,lru,3,1.264947
string24,sip,128,iter-density-1pct,hashlink,3,1.281431
string24,sip,128,iter-density-1pct,micro,3,1.586600
string24,sip,128,iter-density-1pct,baseline,3,37.001917
string24,sip,128,iter-density-1pct,quick_cache,3,22.024018
string24,sip,128,iter-density-1pct,hashlink,4,1.278652
string24,sip,128,iter-density-1pct,micro,4,1.577853
string24,sip,128,iter-density-1pct,baseline,4,37.003774
string24,sip,128,iter-density-1pct,quick_cache,4,21.767229
string24,sip,128,iter-density-1pct,lru,4,1.277345
string24,sip,128,iter-density-1pct,micro,5,1.584139
string24,sip,128,iter-density-1pct,baseline,5,37.008527
string24,sip,128,iter-density-1pct,quick_cache,5,21.573994
string24,sip,128,iter-density-1pct,lru,5,1.277826
string24,sip,128,iter-density-1pct,hashlink,5,1.295723
string24,sip,128,iter-density-1pct,baseline,6,37.984178
string24,sip,128,iter-density-1pct,quick_cache,6,21.403853
string24,sip,128,iter-density-1pct,lru,6,1.275916
string24,sip,128,iter-density-1pct,hashlink,6,1.276292
string24,sip,128,iter-density-1pct,micro,6,1.590622
string24,sip,128,iter-density-1pct,quick_cache,7,21.554418
string24,sip,128,iter-density-1pct,lru,7,1.281074
string24,sip,128,iter-density-1pct,hashlink,7,1.288415
string24,sip,128,iter-density-1pct,micro,7,1.581606
string24,sip,128,iter-density-1pct,baseline,7,36.887748
string24,sip,128,iter-density-1pct,lru,8,1.275115
string24,sip,128,iter-density-1pct,hashlink,8,1.284064
string24,sip,128,iter-density-1pct,micro,8,1.583722
string24,sip,128,iter-density-1pct,baseline,8,36.935033
string24,sip,128,iter-density-1pct,quick_cache,8,21.484287
string24,sip,128,iter-density-6pct,micro,0,36.152244
string24,sip,128,iter-density-6pct,baseline,0,34.722806
string24,sip,128,iter-density-6pct,quick_cache,0,23.419350
string24,sip,128,iter-density-6pct,lru,0,3.210687
string24,sip,128,iter-density-6pct,hashlink,0,3.156502
string24,sip,128,iter-density-6pct,baseline,1,34.946612
string24,sip,128,iter-density-6pct,quick_cache,1,23.029891
string24,sip,128,iter-density-6pct,lru,1,3.196277
string24,sip,128,iter-density-6pct,hashlink,1,3.162342
string24,sip,128,iter-density-6pct,micro,1,34.837843
string24,sip,128,iter-density-6pct,quick_cache,2,22.962399
string24,sip,128,iter-density-6pct,lru,2,3.193076
string24,sip,128,iter-density-6pct,hashlink,2,3.164006
string24,sip,128,iter-density-6pct,micro,2,34.648988
string24,sip,128,iter-density-6pct,baseline,2,34.343523
string24,sip,128,iter-density-6pct,lru,3,3.202921
string24,sip,128,iter-density-6pct,hashlink,3,3.157267
string24,sip,128,iter-density-6pct,micro,3,34.772057
string24,sip,128,iter-density-6pct,baseline,3,36.180670
string24,sip,128,iter-density-6pct,quick_cache,3,23.206438
string24,sip,128,iter-density-6pct,hashlink,4,3.162955
string24,sip,128,iter-density-6pct,micro,4,34.859413
string24,sip,128,iter-density-6pct,baseline,4,34.682638
string24,sip,128,iter-density-6pct,quick_cache,4,22.945921
string24,sip,128,iter-density-6pct,lru,4,3.186369
string24,sip,128,iter-density-6pct,micro,5,34.540327
string24,sip,128,iter-density-6pct,baseline,5,34.789863
string24,sip,128,iter-density-6pct,quick_cache,5,22.917851
string24,sip,128,iter-density-6pct,lru,5,3.176136
string24,sip,128,iter-density-6pct,hashlink,5,3.147536
string24,sip,128,iter-density-6pct,baseline,6,34.732545
string24,sip,128,iter-density-6pct,quick_cache,6,22.914870
string24,sip,128,iter-density-6pct,lru,6,3.199550
string24,sip,128,iter-density-6pct,hashlink,6,3.170850
string24,sip,128,iter-density-6pct,micro,6,35.396617
string24,sip,128,iter-density-6pct,quick_cache,7,23.005006
string24,sip,128,iter-density-6pct,lru,7,3.205681
string24,sip,128,iter-density-6pct,hashlink,7,3.146712
string24,sip,128,iter-density-6pct,micro,7,34.670894
string24,sip,128,iter-density-6pct,baseline,7,34.717688
string24,sip,128,iter-density-6pct,lru,8,3.180623
string24,sip,128,iter-density-6pct,hashlink,8,3.036870
string24,sip,128,iter-density-6pct,micro,8,33.546392
string24,sip,128,iter-density-6pct,baseline,8,33.345951
string24,sip,128,iter-density-6pct,quick_cache,8,25.689766
string24,sip,128,iter-density-quarter,micro,0,35.740879
string24,sip,128,iter-density-quarter,baseline,0,35.208477
string24,sip,128,iter-density-quarter,quick_cache,0,24.706438
string24,sip,128,iter-density-quarter,lru,0,18.222638
string24,sip,128,iter-density-quarter,hashlink,0,17.983855
string24,sip,128,iter-density-quarter,baseline,1,36.259244
string24,sip,128,iter-density-quarter,quick_cache,1,24.626512
string24,sip,128,iter-density-quarter,lru,1,18.412831
string24,sip,128,iter-density-quarter,hashlink,1,18.039912
string24,sip,128,iter-density-quarter,micro,1,35.760812
string24,sip,128,iter-density-quarter,quick_cache,2,24.801163
string24,sip,128,iter-density-quarter,lru,2,18.130958
string24,sip,128,iter-density-quarter,hashlink,2,17.885501
string24,sip,128,iter-density-quarter,micro,2,35.811469
string24,sip,128,iter-density-quarter,baseline,2,35.250832
string24,sip,128,iter-density-quarter,lru,3,18.076878
string24,sip,128,iter-density-quarter,hashlink,3,17.981937
string24,sip,128,iter-density-quarter,micro,3,35.882491
string24,sip,128,iter-density-quarter,baseline,3,35.722029
string24,sip,128,iter-density-quarter,quick_cache,3,24.818585
string24,sip,128,iter-density-quarter,hashlink,4,17.925042
string24,sip,128,iter-density-quarter,micro,4,36.473528
string24,sip,128,iter-density-quarter,baseline,4,35.907521
string24,sip,128,iter-density-quarter,quick_cache,4,24.611405
string24,sip,128,iter-density-quarter,lru,4,18.327058
string24,sip,128,iter-density-quarter,micro,5,35.909316
string24,sip,128,iter-density-quarter,baseline,5,35.627686
string24,sip,128,iter-density-quarter,quick_cache,5,24.687944
string24,sip,128,iter-density-quarter,lru,5,18.821707
string24,sip,128,iter-density-quarter,hashlink,5,17.740885
string24,sip,128,iter-density-quarter,baseline,6,35.303013
string24,sip,128,iter-density-quarter,quick_cache,6,24.884305
string24,sip,128,iter-density-quarter,lru,6,18.037379
string24,sip,128,iter-density-quarter,hashlink,6,17.878769
string24,sip,128,iter-density-quarter,micro,6,35.724237
string24,sip,128,iter-density-quarter,quick_cache,7,20.729520
string24,sip,128,iter-density-quarter,lru,7,18.042725
string24,sip,128,iter-density-quarter,hashlink,7,19.773803
string24,sip,128,iter-density-quarter,micro,7,36.823736
string24,sip,128,iter-density-quarter,baseline,7,35.495152
string24,sip,128,iter-density-quarter,lru,8,18.248022
string24,sip,128,iter-density-quarter,hashlink,8,18.499541
string24,sip,128,iter-density-quarter,micro,8,35.936364
string24,sip,128,iter-density-quarter,baseline,8,35.939052
string24,sip,128,iter-density-quarter,quick_cache,8,21.557852
string24,sip,128,iter-density-half,micro,0,37.537405
string24,sip,128,iter-density-half,baseline,0,36.633226
string24,sip,128,iter-density-half,quick_cache,0,24.563748
string24,sip,128,iter-density-half,lru,0,49.483286
string24,sip,128,iter-density-half,hashlink,0,49.051269
string24,sip,128,iter-density-half,baseline,1,36.514011
string24,sip,128,iter-density-half,quick_cache,1,24.770752
string24,sip,128,iter-density-half,lru,1,50.579824
string24,sip,128,iter-density-half,hashlink,1,50.135437
string24,sip,128,iter-density-half,micro,1,37.691012
string24,sip,128,iter-density-half,quick_cache,2,24.576567
string24,sip,128,iter-density-half,lru,2,49.777825
string24,sip,128,iter-density-half,hashlink,2,49.957451
string24,sip,128,iter-density-half,micro,2,37.087128
string24,sip,128,iter-density-half,baseline,2,36.771441
string24,sip,128,iter-density-half,lru,3,49.410004
string24,sip,128,iter-density-half,hashlink,3,49.185720
string24,sip,128,iter-density-half,micro,3,36.901690
string24,sip,128,iter-density-half,baseline,3,36.639068
string24,sip,128,iter-density-half,quick_cache,3,26.754264
string24,sip,128,iter-density-half,hashlink,4,88.806516
string24,sip,128,iter-density-half,micro,4,35.570617
string24,sip,128,iter-density-half,baseline,4,37.103195
string24,sip,128,iter-density-half,quick_cache,4,23.885925
string24,sip,128,iter-density-half,lru,4,49.132054
string24,sip,128,iter-density-half,micro,5,37.425457
string24,sip,128,iter-density-half,baseline,5,37.955550
string24,sip,128,iter-density-half,quick_cache,5,24.783778
string24,sip,128,iter-density-half,lru,5,49.949405
string24,sip,128,iter-density-half,hashlink,5,49.585749
string24,sip,128,iter-density-half,baseline,6,36.688850
string24,sip,128,iter-density-half,quick_cache,6,24.853905
string24,sip,128,iter-density-half,lru,6,49.788199
string24,sip,128,iter-density-half,hashlink,6,49.377547
string24,sip,128,iter-density-half,micro,6,36.478999
string24,sip,128,iter-density-half,quick_cache,7,24.139536
string24,sip,128,iter-density-half,lru,7,48.652592
string24,sip,128,iter-density-half,hashlink,7,48.698076
string24,sip,128,iter-density-half,micro,7,36.438899
string24,sip,128,iter-density-half,baseline,7,37.598126
string24,sip,128,iter-density-half,lru,8,49.701972
string24,sip,128,iter-density-half,hashlink,8,51.071885
string24,sip,128,iter-density-half,micro,8,37.057350
string24,sip,128,iter-density-half,baseline,8,36.266448
string24,sip,128,iter-density-half,quick_cache,8,24.562137
string24,sip,128,iter-front,micro,0,1.180573
string24,sip,128,iter-front,baseline,0,35.868710
string24,sip,128,iter-front,quick_cache,0,21.797954
string24,sip,128,iter-front,lru,0,1.176643
string24,sip,128,iter-front,hashlink,0,1.142387
string24,sip,128,iter-front,baseline,1,35.857783
string24,sip,128,iter-front,quick_cache,1,21.771845
string24,sip,128,iter-front,lru,1,1.172027
string24,sip,128,iter-front,hashlink,1,1.146553
string24,sip,128,iter-front,micro,1,1.180412
string24,sip,128,iter-front,quick_cache,2,22.148888
string24,sip,128,iter-front,lru,2,1.191656
string24,sip,128,iter-front,hashlink,2,1.159555
string24,sip,128,iter-front,micro,2,1.192985
string24,sip,128,iter-front,baseline,2,36.067974
string24,sip,128,iter-front,lru,3,1.168163
string24,sip,128,iter-front,hashlink,3,1.152414
string24,sip,128,iter-front,micro,3,1.180903
string24,sip,128,iter-front,baseline,3,35.845377
string24,sip,128,iter-front,quick_cache,3,21.824079
string24,sip,128,iter-front,hashlink,4,1.153554
string24,sip,128,iter-front,micro,4,1.176528
string24,sip,128,iter-front,baseline,4,36.059955
string24,sip,128,iter-front,quick_cache,4,21.772389
string24,sip,128,iter-front,lru,4,1.176856
string24,sip,128,iter-front,micro,5,1.183730
string24,sip,128,iter-front,baseline,5,36.359869
string24,sip,128,iter-front,quick_cache,5,22.314472
string24,sip,128,iter-front,lru,5,1.181162
string24,sip,128,iter-front,hashlink,5,1.161632
string24,sip,128,iter-front,baseline,6,36.285103
string24,sip,128,iter-front,quick_cache,6,21.882330
string24,sip,128,iter-front,lru,6,1.171079
string24,sip,128,iter-front,hashlink,6,1.149294
string24,sip,128,iter-front,micro,6,1.175873
string24,sip,128,iter-front,quick_cache,7,21.930189
string24,sip,128,iter-front,lru,7,1.171597
string24,sip,128,iter-front,hashlink,7,1.151726
string24,sip,128,iter-front,micro,7,1.177370
string24,sip,128,iter-front,baseline,7,35.779711
string24,sip,128,iter-front,lru,8,1.166132
string24,sip,128,iter-front,hashlink,8,1.135777
string24,sip,128,iter-front,micro,8,1.180751
string24,sip,128,iter-front,baseline,8,38.026284
string24,sip,128,iter-front,quick_cache,8,21.757954
string24,sip,128,iter-back,micro,0,1.207608
string24,sip,128,iter-back,baseline,0,36.657782
string24,sip,128,iter-back,quick_cache,0,22.504437
string24,sip,128,iter-back,lru,0,1.176103
string24,sip,128,iter-back,hashlink,0,1.146974
string24,sip,128,iter-back,baseline,1,36.704553
string24,sip,128,iter-back,quick_cache,1,22.282466
string24,sip,128,iter-back,lru,1,1.170280
string24,sip,128,iter-back,hashlink,1,1.138375
string24,sip,128,iter-back,micro,1,1.190095
string24,sip,128,iter-back,quick_cache,2,22.402366
string24,sip,128,iter-back,lru,2,1.168285
string24,sip,128,iter-back,hashlink,2,1.139305
string24,sip,128,iter-back,micro,2,1.190567
string24,sip,128,iter-back,baseline,2,39.200358
string24,sip,128,iter-back,lru,3,1.203886
string24,sip,128,iter-back,hashlink,3,1.146612
string24,sip,128,iter-back,micro,3,1.185742
string24,sip,128,iter-back,baseline,3,36.612706
string24,sip,128,iter-back,quick_cache,3,21.607526
string24,sip,128,iter-back,hashlink,4,1.152516
string24,sip,128,iter-back,micro,4,1.196933
string24,sip,128,iter-back,baseline,4,37.348381
string24,sip,128,iter-back,quick_cache,4,21.594864
string24,sip,128,iter-back,lru,4,1.179575
string24,sip,128,iter-back,micro,5,1.196392
string24,sip,128,iter-back,baseline,5,37.352115
string24,sip,128,iter-back,quick_cache,5,21.634990
string24,sip,128,iter-back,lru,5,1.175590
string24,sip,128,iter-back,hashlink,5,1.144513
string24,sip,128,iter-back,baseline,6,39.060547
string24,sip,128,iter-back,quick_cache,6,21.943424
string24,sip,128,iter-back,lru,6,1.194042
string24,sip,128,iter-back,hashlink,6,1.150843
string24,sip,128,iter-back,micro,6,1.194353
string24,sip,128,iter-back,quick_cache,7,21.807263
string24,sip,128,iter-back,lru,7,1.174662
string24,sip,128,iter-back,hashlink,7,1.146562
string24,sip,128,iter-back,micro,7,1.192821
string24,sip,128,iter-back,baseline,7,37.520948
string24,sip,128,iter-back,lru,8,1.180591
string24,sip,128,iter-back,hashlink,8,1.133561
string24,sip,128,iter-back,micro,8,1.196933
string24,sip,128,iter-back,baseline,8,37.332097
string24,sip,128,iter-back,quick_cache,8,21.669910
string24,sip,128,iter-empty,micro,0,0.832020
string24,sip,128,iter-empty,baseline,0,36.254416
string24,sip,128,iter-empty,quick_cache,0,22.339430
string24,sip,128,iter-empty,lru,0,0.997065
string24,sip,128,iter-empty,hashlink,0,1.006150
string24,sip,128,iter-empty,baseline,1,36.385877
string24,sip,128,iter-empty,quick_cache,1,22.974438
string24,sip,128,iter-empty,lru,1,1.009380
string24,sip,128,iter-empty,hashlink,1,0.995661
string24,sip,128,iter-empty,micro,1,0.831298
string24,sip,128,iter-empty,quick_cache,2,21.990294
string24,sip,128,iter-empty,lru,2,0.989406
string24,sip,128,iter-empty,hashlink,2,0.995584
string24,sip,128,iter-empty,micro,2,0.831219
string24,sip,128,iter-empty,baseline,2,36.362298
string24,sip,128,iter-empty,lru,3,0.981581
string24,sip,128,iter-empty,hashlink,3,0.999373
string24,sip,128,iter-empty,micro,3,0.781301
string24,sip,128,iter-empty,baseline,3,37.544863
string24,sip,128,iter-empty,quick_cache,3,20.836807
string24,sip,128,iter-empty,hashlink,4,0.988642
string24,sip,128,iter-empty,micro,4,0.800375
string24,sip,128,iter-empty,baseline,4,34.545500
string24,sip,128,iter-empty,quick_cache,4,21.100396
string24,sip,128,iter-empty,lru,4,0.971094
string24,sip,128,iter-empty,micro,5,0.822533
string24,sip,128,iter-empty,baseline,5,35.307755
string24,sip,128,iter-empty,quick_cache,5,21.344668
string24,sip,128,iter-empty,lru,5,0.962291
string24,sip,128,iter-empty,hashlink,5,0.976251
string24,sip,128,iter-empty,baseline,6,35.140439
string24,sip,128,iter-empty,quick_cache,6,21.299252
string24,sip,128,iter-empty,lru,6,0.972660
string24,sip,128,iter-empty,hashlink,6,0.977436
string24,sip,128,iter-empty,micro,6,0.820287
string24,sip,128,iter-empty,quick_cache,7,21.976275
string24,sip,128,iter-empty,lru,7,0.984029
string24,sip,128,iter-empty,hashlink,7,0.992933
string24,sip,128,iter-empty,micro,7,0.818363
string24,sip,128,iter-empty,baseline,7,35.393665
string24,sip,128,iter-empty,lru,8,0.965370
string24,sip,128,iter-empty,hashlink,8,0.981433
string24,sip,128,iter-empty,micro,8,0.817960
string24,sip,128,iter-empty,baseline,8,35.231116
string24,sip,128,iter-empty,quick_cache,8,21.499785
string24,sip,128,iter-count,micro,0,0.385106
string24,sip,128,iter-count,baseline,0,34.762386
string24,sip,128,iter-count,quick_cache,0,52.040912
string24,sip,128,iter-count,lru,0,0.387763
string24,sip,128,iter-count,hashlink,0,0.384159
string24,sip,128,iter-count,baseline,1,35.186109
string24,sip,128,iter-count,quick_cache,1,56.101518
string24,sip,128,iter-count,lru,1,0.379934
string24,sip,128,iter-count,hashlink,1,0.391204
string24,sip,128,iter-count,micro,1,0.391526
string24,sip,128,iter-count,quick_cache,2,52.119365
string24,sip,128,iter-count,lru,2,0.389620
string24,sip,128,iter-count,hashlink,2,0.394300
string24,sip,128,iter-count,micro,2,0.395072
string24,sip,128,iter-count,baseline,2,35.534148
string24,sip,128,iter-count,lru,3,0.389758
string24,sip,128,iter-count,hashlink,3,0.394682
string24,sip,128,iter-count,micro,3,0.394462
string24,sip,128,iter-count,baseline,3,35.644531
string24,sip,128,iter-count,quick_cache,3,51.724651
string24,sip,128,iter-count,hashlink,4,0.389363
string24,sip,128,iter-count,micro,4,0.394108
string24,sip,128,iter-count,baseline,4,38.050789
string24,sip,128,iter-count,quick_cache,4,52.277427
string24,sip,128,iter-count,lru,4,0.392233
string24,sip,128,iter-count,micro,5,0.392304
string24,sip,128,iter-count,baseline,5,35.159763
string24,sip,128,iter-count,quick_cache,5,51.772445
string24,sip,128,iter-count,lru,5,0.389052
string24,sip,128,iter-count,hashlink,5,0.391403
string24,sip,128,iter-count,baseline,6,35.101022
string24,sip,128,iter-count,quick_cache,6,51.816966
string24,sip,128,iter-count,lru,6,0.389954
string24,sip,128,iter-count,hashlink,6,0.389207
string24,sip,128,iter-count,micro,6,0.393863
string24,sip,128,iter-count,quick_cache,7,52.317472
string24,sip,128,iter-count,lru,7,0.389030
string24,sip,128,iter-count,hashlink,7,0.393461
string24,sip,128,iter-count,micro,7,0.402580
string24,sip,128,iter-count,baseline,7,36.384682
string24,sip,128,iter-count,lru,8,0.397910
string24,sip,128,iter-count,hashlink,8,0.392197
string24,sip,128,iter-count,micro,8,0.397513
string24,sip,128,iter-count,baseline,8,35.248923
string24,sip,128,iter-count,quick_cache,8,51.868773
string24,sip,1024,iter-dense,micro,0,267.298825
string24,sip,1024,iter-dense,baseline,0,266.381388
string24,sip,1024,iter-dense,quick_cache,0,248.069593
string24,sip,1024,iter-dense,lru,0,1231.217274
string24,sip,1024,iter-dense,hashlink,0,1224.212646
string24,sip,1024,iter-dense,baseline,1,262.520554
string24,sip,1024,iter-dense,quick_cache,1,273.494427
string24,sip,1024,iter-dense,lru,1,1277.513211
string24,sip,1024,iter-dense,hashlink,1,1228.952881
string24,sip,1024,iter-dense,micro,1,257.071495
string24,sip,1024,iter-dense,quick_cache,2,253.751928
string24,sip,1024,iter-dense,lru,2,1283.576588
string24,sip,1024,iter-dense,hashlink,2,1231.114665
string24,sip,1024,iter-dense,micro,2,263.272938
string24,sip,1024,iter-dense,baseline,2,265.866390
string24,sip,1024,iter-dense,lru,3,1223.439453
string24,sip,1024,iter-dense,hashlink,3,1224.243164
string24,sip,1024,iter-dense,micro,3,262.378565
string24,sip,1024,iter-dense,baseline,3,265.651528
string24,sip,1024,iter-dense,quick_cache,3,248.224603
string24,sip,1024,iter-dense,hashlink,4,1237.696850
string24,sip,1024,iter-dense,micro,4,263.268519
string24,sip,1024,iter-dense,baseline,4,266.572136
string24,sip,1024,iter-dense,quick_cache,4,249.524422
string24,sip,1024,iter-dense,lru,4,1223.063232
string24,sip,1024,iter-dense,micro,5,267.714095
string24,sip,1024,iter-dense,baseline,5,280.684302
string24,sip,1024,iter-dense,quick_cache,5,252.808209
string24,sip,1024,iter-dense,lru,5,1265.866431
string24,sip,1024,iter-dense,hashlink,5,1219.476744
string24,sip,1024,iter-dense,baseline,6,266.541152
string24,sip,1024,iter-dense,quick_cache,6,254.949174
string24,sip,1024,iter-dense,lru,6,1226.806641
string24,sip,1024,iter-dense,hashlink,6,1224.599121
string24,sip,1024,iter-dense,micro,6,263.297033
string24,sip,1024,iter-dense,quick_cache,7,256.124693
string24,sip,1024,iter-dense,lru,7,1231.832431
string24,sip,1024,iter-dense,hashlink,7,1226.409912
string24,sip,1024,iter-dense,micro,7,263.016439
string24,sip,1024,iter-dense,baseline,7,268.801922
string24,sip,1024,iter-dense,lru,8,1230.755906
string24,sip,1024,iter-dense,hashlink,8,1223.581787
string24,sip,1024,iter-dense,micro,8,272.684397
string24,sip,1024,iter-dense,baseline,8,273.162522
string24,sip,1024,iter-dense,quick_cache,8,249.081459
string24,sip,1024,iter-dense-for,micro,0,270.133959
string24,sip,1024,iter-dense-for,baseline,0,270.716209
string24,sip,1024,iter-dense-for,quick_cache,0,490.309855
string24,sip,1024,iter-dense-for,lru,0,726.514323
string24,sip,1024,iter-dense-for,hashlink,0,872.735764
string24,sip,1024,iter-dense-for,baseline,1,264.047984
string24,sip,1024,iter-dense-for,quick_cache,1,490.832386
string24,sip,1024,iter-dense-for,lru,1,720.838134
string24,sip,1024,iter-dense-for,hashlink,1,876.840433
string24,sip,1024,iter-dense-for,micro,1,263.846438
string24,sip,1024,iter-dense-for,quick_cache,2,488.492773
string24,sip,1024,iter-dense-for,lru,2,728.028052
string24,sip,1024,iter-dense-for,hashlink,2,881.729810
string24,sip,1024,iter-dense-for,micro,2,267.928136
string24,sip,1024,iter-dense-for,baseline,2,268.499893
string24,sip,1024,iter-dense-for,lru,3,750.517045
string24,sip,1024,iter-dense-for,hashlink,3,872.200521
string24,sip,1024,iter-dense-for,micro,3,266.818206
string24,sip,1024,iter-dense-for,baseline,3,267.325534
string24,sip,1024,iter-dense-for,quick_cache,3,490.416046
string24,sip,1024,iter-dense-for,hashlink,4,878.291784
string24,sip,1024,iter-dense-for,micro,4,266.587681
string24,sip,1024,iter-dense-for,baseline,4,266.428024
string24,sip,1024,iter-dense-for,quick_cache,4,489.820141
string24,sip,1024,iter-dense-for,lru,4,729.215116
string24,sip,1024,iter-dense-for,micro,5,267.939319
string24,sip,1024,iter-dense-for,baseline,5,266.288224
string24,sip,1024,iter-dense-for,quick_cache,5,489.326953
string24,sip,1024,iter-dense-for,lru,5,727.901017
string24,sip,1024,iter-dense-for,hashlink,5,908.717842
string24,sip,1024,iter-dense-for,baseline,6,262.799842
string24,sip,1024,iter-dense-for,quick_cache,6,509.212134
string24,sip,1024,iter-dense-for,lru,6,724.320023
string24,sip,1024,iter-dense-for,hashlink,6,871.354167
string24,sip,1024,iter-dense-for,micro,6,269.062823
string24,sip,1024,iter-dense-for,quick_cache,7,487.879673
string24,sip,1024,iter-dense-for,lru,7,720.970190
string24,sip,1024,iter-dense-for,hashlink,7,875.240049
string24,sip,1024,iter-dense-for,micro,7,257.210732
string24,sip,1024,iter-dense-for,baseline,7,262.006648
string24,sip,1024,iter-dense-for,lru,8,731.320532
string24,sip,1024,iter-dense-for,hashlink,8,877.882198
string24,sip,1024,iter-dense-for,micro,8,260.256344
string24,sip,1024,iter-dense-for,baseline,8,265.024735
string24,sip,1024,iter-dense-for,quick_cache,8,487.226538
string24,sip,1024,iter-density-1pct,micro,0,6.899673
string24,sip,1024,iter-density-1pct,baseline,0,334.554754
string24,sip,1024,iter-density-1pct,quick_cache,0,199.784163
string24,sip,1024,iter-density-1pct,lru,0,4.218105
string24,sip,1024,iter-density-1pct,hashlink,0,4.212874
string24,sip,1024,iter-density-1pct,baseline,1,336.623589
string24,sip,1024,iter-density-1pct,quick_cache,1,196.721069
string24,sip,1024,iter-density-1pct,lru,1,4.219552
string24,sip,1024,iter-density-1pct,hashlink,1,4.164259
string24,sip,1024,iter-density-1pct,micro,1,6.885383
string24,sip,1024,iter-density-1pct,quick_cache,2,197.865585
string24,sip,1024,iter-density-1pct,lru,2,4.256717
string24,sip,1024,iter-density-1pct,hashlink,2,4.174794
string24,sip,1024,iter-density-1pct,micro,2,6.868662
string24,sip,1024,iter-density-1pct,baseline,2,327.884827
string24,sip,1024,iter-density-1pct,lru,3,4.260896
string24,sip,1024,iter-density-1pct,hashlink,3,4.303412
string24,sip,1024,iter-density-1pct,micro,3,6.877561
string24,sip,1024,iter-density-1pct,baseline,3,350.452671
string24,sip,1024,iter-density-1pct,quick_cache,3,195.255579
string24,sip,1024,iter-density-1pct,hashlink,4,4.171339
string24,sip,1024,iter-density-1pct,micro,4,6.893815
string24,sip,1024,iter-density-1pct,baseline,4,330.398784
string24,sip,1024,iter-density-1pct,quick_cache,4,196.108101
string24,sip,1024,iter-density-1pct,lru,4,4.247922
string24,sip,1024,iter-density-1pct,micro,5,6.862157
string24,sip,1024,iter-density-1pct,baseline,5,329.290000
string24,sip,1024,iter-density-1pct,quick_cache,5,195.340195
string24,sip,1024,iter-density-1pct,lru,5,4.261896
string24,sip,1024,iter-density-1pct,hashlink,5,4.157645
string24,sip,1024,iter-density-1pct,baseline,6,330.542019
string24,sip,1024,iter-density-1pct,quick_cache,6,195.247503
string24,sip,1024,iter-density-1pct,lru,6,4.414216
string24,sip,1024,iter-density-1pct,hashlink,6,4.203772
string24,sip,1024,iter-density-1pct,micro,6,6.653466
string24,sip,1024,iter-density-1pct,quick_cache,7,194.136568
string24,sip,1024,iter-density-1pct,lru,7,4.345541
string24,sip,1024,iter-density-1pct,hashlink,7,4.141301
string24,sip,1024,iter-density-1pct,micro,7,6.662143
string24,sip,1024,iter-density-1pct,baseline,7,329.822653
string24,sip,1024,iter-density-1pct,lru,8,4.106291
string24,sip,1024,iter-density-1pct,hashlink,8,4.116929
string24,sip,1024,iter-density-1pct,micro,8,6.787156
string24,sip,1024,iter-density-1pct,baseline,8,329.339408
string24,sip,1024,iter-density-1pct,quick_cache,8,193.669958
string24,sip,1024,iter-density-6pct,micro,0,279.387556
string24,sip,1024,iter-density-6pct,baseline,0,270.470642
string24,sip,1024,iter-density-6pct,quick_cache,0,199.891424
string24,sip,1024,iter-density-6pct,lru,0,52.269722
string24,sip,1024,iter-density-6pct,hashlink,0,52.159390
string24,sip,1024,iter-density-6pct,baseline,1,300.231406
string24,sip,1024,iter-density-6pct,quick_cache,1,198.902314
string24,sip,1024,iter-density-6pct,lru,1,48.267961
string24,sip,1024,iter-density-6pct,hashlink,1,47.853357
string24,sip,1024,iter-density-6pct,micro,1,279.854763
string24,sip,1024,iter-density-6pct,quick_cache,2,201.236366
string24,sip,1024,iter-density-6pct,lru,2,48.430479
string24,sip,1024,iter-density-6pct,hashlink,2,48.426848
string24,sip,1024,iter-density-6pct,micro,2,279.000947
string24,sip,1024,iter-density-6pct,baseline,2,277.898812
string24,sip,1024,iter-density-6pct,lru,3,47.923135
string24,sip,1024,iter-density-6pct,hashlink,3,48.238571
string24,sip,1024,iter-density-6pct,micro,3,277.709147
string24,sip,1024,iter-density-6pct,baseline,3,277.623557
string24,sip,1024,iter-density-6pct,quick_cache,3,208.303886
string24,sip,1024,iter-density-6pct,hashlink,4,50.783789
string24,sip,1024,iter-density-6pct,micro,4,302.713008
string24,sip,1024,iter-density-6pct,baseline,4,278.089746
string24,sip,1024,iter-density-6pct,quick_cache,4,200.930872
string24,sip,1024,iter-density-6pct,lru,4,48.448717
string24,sip,1024,iter-density-6pct,micro,5,280.265233
string24,sip,1024,iter-density-6pct,baseline,5,281.002244
string24,sip,1024,iter-density-6pct,quick_cache,5,200.779886
string24,sip,1024,iter-density-6pct,lru,5,48.378241
string24,sip,1024,iter-density-6pct,hashlink,5,49.917488
string24,sip,1024,iter-density-6pct,baseline,6,292.258061
string24,sip,1024,iter-density-6pct,quick_cache,6,196.794733
string24,sip,1024,iter-density-6pct,lru,6,49.023761
string24,sip,1024,iter-density-6pct,hashlink,6,48.851526
string24,sip,1024,iter-density-6pct,micro,6,279.738316
string24,sip,1024,iter-density-6pct,quick_cache,7,205.718873
string24,sip,1024,iter-density-6pct,lru,7,51.367234
string24,sip,1024,iter-density-6pct,hashlink,7,50.006660
string24,sip,1024,iter-density-6pct,micro,7,277.105940
string24,sip,1024,iter-density-6pct,baseline,7,296.418797
string24,sip,1024,iter-density-6pct,lru,8,48.608418
string24,sip,1024,iter-density-6pct,hashlink,8,47.964865
string24,sip,1024,iter-density-6pct,micro,8,283.943966
string24,sip,1024,iter-density-6pct,baseline,8,282.502708
string24,sip,1024,iter-density-6pct,quick_cache,8,200.843830
string24,sip,1024,iter-density-quarter,micro,0,250.395850
string24,sip,1024,iter-density-quarter,baseline,0,249.135400
string24,sip,1024,iter-density-quarter,quick_cache,0,191.220011
string24,sip,1024,iter-density-quarter,lru,0,282.429885
string24,sip,1024,iter-density-quarter,hashlink,0,283.712398
string24,sip,1024,iter-density-quarter,baseline,1,247.058452
string24,sip,1024,iter-density-quarter,quick_cache,1,198.955351
string24,sip,1024,iter-density-quarter,lru,1,301.079781
string24,sip,1024,iter-density-quarter,hashlink,1,295.118455
string24,sip,1024,iter-density-quarter,micro,1,245.719094
string24,sip,1024,iter-density-quarter,quick_cache,2,191.313839
string24,sip,1024,iter-density-quarter,lru,2,289.605035
string24,sip,1024,iter-density-quarter,hashlink,2,282.538019
string24,sip,1024,iter-density-quarter,micro,2,240.827234
string24,sip,1024,iter-density-quarter,baseline,2,247.081112
string24,sip,1024,iter-density-quarter,lru,3,283.925079
string24,sip,1024,iter-density-quarter,hashlink,3,282.469822
string24,sip,1024,iter-density-quarter,micro,3,247.688887
string24,sip,1024,iter-density-quarter,baseline,3,249.129180
string24,sip,1024,iter-density-quarter,quick_cache,3,163.815481
string24,sip,1024,iter-density-quarter,hashlink,4,285.648995
string24,sip,1024,iter-density-quarter,micro,4,249.613119
string24,sip,1024,iter-density-quarter,baseline,4,257.797467
string24,sip,1024,iter-density-quarter,quick_cache,4,168.482287
string24,sip,1024,iter-density-quarter,lru,4,304.353113
string24,sip,1024,iter-density-quarter,micro,5,248.813841
string24,sip,1024,iter-density-quarter,baseline,5,253.475739
string24,sip,1024,iter-density-quarter,quick_cache,5,163.954665
string24,sip,1024,iter-density-quarter,lru,5,289.431424
string24,sip,1024,iter-density-quarter,hashlink,5,284.571477
string24,sip,1024,iter-density-quarter,baseline,6,252.257661
string24,sip,1024,iter-density-quarter,quick_cache,6,164.035152
string24,sip,1024,iter-density-quarter,lru,6,285.232322
string24,sip,1024,iter-density-quarter,hashlink,6,317.465390
string24,sip,1024,iter-density-quarter,micro,6,243.287082
string24,sip,1024,iter-density-quarter,quick_cache,7,172.282697
string24,sip,1024,iter-density-quarter,lru,7,284.550170
string24,sip,1024,iter-density-quarter,hashlink,7,286.144138
string24,sip,1024,iter-density-quarter,micro,7,251.599327
string24,sip,1024,iter-density-quarter,baseline,7,259.901890
string24,sip,1024,iter-density-quarter,lru,8,299.586446
string24,sip,1024,iter-density-quarter,hashlink,8,292.550175
string24,sip,1024,iter-density-quarter,micro,8,249.164461
string24,sip,1024,iter-density-quarter,baseline,8,251.283260
string24,sip,1024,iter-density-quarter,quick_cache,8,164.569605
string24,sip,1024,iter-density-half,micro,0,258.507696
string24,sip,1024,iter-density-half,baseline,0,257.681631
string24,sip,1024,iter-density-half,quick_cache,0,194.395872
string24,sip,1024,iter-density-half,lru,0,603.159976
string24,sip,1024,iter-density-half,hashlink,0,603.714286
string24,sip,1024,iter-density-half,baseline,1,257.002981
string24,sip,1024,iter-density-half,quick_cache,1,195.167798
string24,sip,1024,iter-density-half,lru,1,598.356990
string24,sip,1024,iter-density-half,hashlink,1,603.472852
string24,sip,1024,iter-density-half,micro,1,261.346415
string24,sip,1024,iter-density-half,quick_cache,2,200.174056
string24,sip,1024,iter-density-half,lru,2,640.539575
string24,sip,1024,iter-density-half,hashlink,2,618.633770
string24,sip,1024,iter-density-half,micro,2,254.743893
string24,sip,1024,iter-density-half,baseline,2,257.127210
string24,sip,1024,iter-density-half,lru,3,604.865468
string24,sip,1024,iter-density-half,hashlink,3,598.098521
string24,sip,1024,iter-density-half,micro,3,255.845540
string24,sip,1024,iter-density-half,baseline,3,257.182874
string24,sip,1024,iter-density-half,quick_cache,3,195.377617
string24,sip,1024,iter-density-half,hashlink,4,605.177124
string24,sip,1024,iter-density-half,micro,4,257.540105
string24,sip,1024,iter-density-half,baseline,4,258.544267
string24,sip,1024,iter-density-half,quick_cache,4,195.922737
string24,sip,1024,iter-density-half,lru,4,601.767788
string24,sip,1024,iter-density-half,micro,5,263.402252
string24,sip,1024,iter-density-half,baseline,5,267.015945
string24,sip,1024,iter-density-half,quick_cache,5,196.757075
string24,sip,1024,iter-density-half,lru,5,619.493207
string24,sip,1024,iter-density-half,hashlink,5,602.093269
string24,sip,1024,iter-density-half,baseline,6,255.495558
string24,sip,1024,iter-density-half,quick_cache,6,195.757392
string24,sip,1024,iter-density-half,lru,6,603.104928
string24,sip,1024,iter-density-half,hashlink,6,597.263717
string24,sip,1024,iter-density-half,micro,6,256.572404
string24,sip,1024,iter-density-half,quick_cache,7,196.470634
string24,sip,1024,iter-density-half,lru,7,600.754310
string24,sip,1024,iter-density-half,hashlink,7,601.968149
string24,sip,1024,iter-density-half,micro,7,256.380225
string24,sip,1024,iter-density-half,baseline,7,257.232113
string24,sip,1024,iter-density-half,lru,8,606.508358
string24,sip,1024,iter-density-half,hashlink,8,629.016064
string24,sip,1024,iter-density-half,micro,8,265.777795
string24,sip,1024,iter-density-half,baseline,8,259.808866
string24,sip,1024,iter-density-half,quick_cache,8,194.746575
string24,sip,1024,iter-front,micro,0,1.188864
string24,sip,1024,iter-front,baseline,0,254.499035
string24,sip,1024,iter-front,quick_cache,0,163.555832
string24,sip,1024,iter-front,lru,0,1.166802
string24,sip,1024,iter-front,hashlink,0,1.093491
string24,sip,1024,iter-front,baseline,1,243.325525
string24,sip,1024,iter-front,quick_cache,1,155.916345
string24,sip,1024,iter-front,lru,1,1.165297
string24,sip,1024,iter-front,hashlink,1,1.127068
string24,sip,1024,iter-front,micro,1,1.181171
string24,sip,1024,iter-front,quick_cache,2,160.088280
string24,sip,1024,iter-front,lru,2,1.170237
string24,sip,1024,iter-front,hashlink,2,1.138666
string24,sip,1024,iter-front,micro,2,1.211306
string24,sip,1024,iter-front,baseline,2,254.904568
string24,sip,1024,iter-front,lru,3,1.162696
string24,sip,1024,iter-front,hashlink,3,1.171096
string24,sip,1024,iter-front,micro,3,1.172775
string24,sip,1024,iter-front,baseline,3,250.565505
string24,sip,1024,iter-front,quick_cache,3,159.978985
string24,sip,1024,iter-front,hashlink,4,1.169160
string24,sip,1024,iter-front,micro,4,1.177246
string24,sip,1024,iter-front,baseline,4,249.898113
string24,sip,1024,iter-front,quick_cache,4,160.365929
string24,sip,1024,iter-front,lru,4,1.165036
string24,sip,1024,iter-front,micro,5,1.170158
string24,sip,1024,iter-front,baseline,5,248.474364
string24,sip,1024,iter-front,quick_cache,5,159.836720
string24,sip,1024,iter-front,lru,5,1.165575
string24,sip,1024,iter-front,hashlink,5,1.163111
string24,sip,1024,iter-front,baseline,6,252.833451
string24,sip,1024,iter-front,quick_cache,6,161.350845
string24,sip,1024,iter-front,lru,6,1.170491
string24,sip,1024,iter-front,hashlink,6,1.133437
string24,sip,1024,iter-front,micro,6,1.175829
string24,sip,1024,iter-front,quick_cache,7,162.557367
string24,sip,1024,iter-front,lru,7,1.167962
string24,sip,1024,iter-front,hashlink,7,1.130150
string24,sip,1024,iter-front,micro,7,1.173788
string24,sip,1024,iter-front,baseline,7,251.677385
string24,sip,1024,iter-front,lru,8,1.158927
string24,sip,1024,iter-front,hashlink,8,1.121696
string24,sip,1024,iter-front,micro,8,1.173656
string24,sip,1024,iter-front,baseline,8,249.652656
string24,sip,1024,iter-front,quick_cache,8,161.481211
string24,sip,1024,iter-back,micro,0,1.229724
string24,sip,1024,iter-back,baseline,0,271.068024
string24,sip,1024,iter-back,quick_cache,0,190.329400
string24,sip,1024,iter-back,lru,0,1.150886
string24,sip,1024,iter-back,hashlink,0,1.141603
string24,sip,1024,iter-back,baseline,1,249.636032
string24,sip,1024,iter-back,quick_cache,1,185.631903
string24,sip,1024,iter-back,lru,1,1.169948
string24,sip,1024,iter-back,hashlink,1,1.136306
string24,sip,1024,iter-back,micro,1,1.195861
string24,sip,1024,iter-back,quick_cache,2,190.516519
string24,sip,1024,iter-back,lru,2,1.162229
string24,sip,1024,iter-back,hashlink,2,1.132985
string24,sip,1024,iter-back,micro,2,1.194289
string24,sip,1024,iter-back,baseline,2,254.359299
string24,sip,1024,iter-back,lru,3,1.166837
string24,sip,1024,iter-back,hashlink,3,1.169370
string24,sip,1024,iter-back,micro,3,1.214970
string24,sip,1024,iter-back,baseline,3,257.191458
string24,sip,1024,iter-back,quick_cache,3,187.339371
string24,sip,1024,iter-back,hashlink,4,1.148239
string24,sip,1024,iter-back,micro,4,1.195157
string24,sip,1024,iter-back,baseline,4,253.606564
string24,sip,1024,iter-back,quick_cache,4,189.306522
string24,sip,1024,iter-back,lru,4,1.170377
string24,sip,1024,iter-back,micro,5,1.193240
string24,sip,1024,iter-back,baseline,5,251.954157
string24,sip,1024,iter-back,quick_cache,5,190.821161
string24,sip,1024,iter-back,lru,5,1.168827
string24,sip,1024,iter-back,hashlink,5,1.179949
string24,sip,1024,iter-back,baseline,6,254.020394
string24,sip,1024,iter-back,quick_cache,6,188.370670
string24,sip,1024,iter-back,lru,6,1.188421
string24,sip,1024,iter-back,hashlink,6,1.160735
string24,sip,1024,iter-back,micro,6,1.214337
string24,sip,1024,iter-back,quick_cache,7,190.017163
string24,sip,1024,iter-back,lru,7,1.182592
string24,sip,1024,iter-back,hashlink,7,1.171764
string24,sip,1024,iter-back,micro,7,1.216824
string24,sip,1024,iter-back,baseline,7,253.109830
string24,sip,1024,iter-back,lru,8,1.182530
string24,sip,1024,iter-back,hashlink,8,1.170132
string24,sip,1024,iter-back,micro,8,1.193313
string24,sip,1024,iter-back,baseline,8,254.692997
string24,sip,1024,iter-back,quick_cache,8,190.634527
string24,sip,1024,iter-empty,micro,0,0.824034
string24,sip,1024,iter-empty,baseline,0,254.196291
string24,sip,1024,iter-empty,quick_cache,0,189.036654
string24,sip,1024,iter-empty,lru,0,1.000416
string24,sip,1024,iter-empty,hashlink,0,1.009641
string24,sip,1024,iter-empty,baseline,1,259.045633
string24,sip,1024,iter-empty,quick_cache,1,187.958571
string24,sip,1024,iter-empty,lru,1,0.974832
string24,sip,1024,iter-empty,hashlink,1,1.004429
string24,sip,1024,iter-empty,micro,1,0.835387
string24,sip,1024,iter-empty,quick_cache,2,190.235668
string24,sip,1024,iter-empty,lru,2,0.983273
string24,sip,1024,iter-empty,hashlink,2,0.989412
string24,sip,1024,iter-empty,micro,2,0.822260
string24,sip,1024,iter-empty,baseline,2,251.897544
string24,sip,1024,iter-empty,lru,3,0.978189
string24,sip,1024,iter-empty,hashlink,3,0.997529
string24,sip,1024,iter-empty,micro,3,0.826593
string24,sip,1024,iter-empty,baseline,3,252.888602
string24,sip,1024,iter-empty,quick_cache,3,196.062382
string24,sip,1024,iter-empty,hashlink,4,1.017180
string24,sip,1024,iter-empty,micro,4,0.836170
string24,sip,1024,iter-empty,baseline,4,252.379486
string24,sip,1024,iter-empty,quick_cache,4,189.515455
string24,sip,1024,iter-empty,lru,4,0.982772
string24,sip,1024,iter-empty,micro,5,0.827319
string24,sip,1024,iter-empty,baseline,5,253.589698
string24,sip,1024,iter-empty,quick_cache,5,188.370670
string24,sip,1024,iter-empty,lru,5,0.981587
string24,sip,1024,iter-empty,hashlink,5,0.990353
string24,sip,1024,iter-empty,baseline,6,253.433549
string24,sip,1024,iter-empty,quick_cache,6,189.934880
string24,sip,1024,iter-empty,lru,6,0.982612
string24,sip,1024,iter-empty,hashlink,6,0.989663
string24,sip,1024,iter-empty,micro,6,0.826068
string24,sip,1024,iter-empty,quick_cache,7,193.924822
string24,sip,1024,iter-empty,lru,7,1.009700
string24,sip,1024,iter-empty,hashlink,7,1.002534
string24,sip,1024,iter-empty,micro,7,0.833596
string24,sip,1024,iter-empty,baseline,7,249.864816
string24,sip,1024,iter-empty,lru,8,0.954671
string24,sip,1024,iter-empty,hashlink,8,0.980201
string24,sip,1024,iter-empty,micro,8,0.829093
string24,sip,1024,iter-empty,baseline,8,252.755604
string24,sip,1024,iter-empty,quick_cache,8,164.107588
string24,sip,1024,iter-count,micro,0,0.391808
string24,sip,1024,iter-count,baseline,0,253.921063
string24,sip,1024,iter-count,quick_cache,0,465.855190
string24,sip,1024,iter-count,lru,0,0.389934
string24,sip,1024,iter-count,hashlink,0,0.390495
string24,sip,1024,iter-count,baseline,1,258.512175
string24,sip,1024,iter-count,quick_cache,1,513.655148
string24,sip,1024,iter-count,lru,1,0.404737
string24,sip,1024,iter-count,hashlink,1,0.392165
string24,sip,1024,iter-count,micro,1,0.390305
string24,sip,1024,iter-count,quick_cache,2,458.927598
string24,sip,1024,iter-count,lru,2,0.380967
string24,sip,1024,iter-count,hashlink,2,0.389903
string24,sip,1024,iter-count,micro,2,0.390508
string24,sip,1024,iter-count,baseline,2,248.809187
string24,sip,1024,iter-count,lru,3,0.382267
string24,sip,1024,iter-count,hashlink,3,0.389069
string24,sip,1024,iter-count,micro,3,0.390040
string24,sip,1024,iter-count,baseline,3,249.589992
string24,sip,1024,iter-count,quick_cache,3,454.797965
string24,sip,1024,iter-count,hashlink,4,0.383948
string24,sip,1024,iter-count,micro,4,0.389433
string24,sip,1024,iter-count,baseline,4,259.024671
string24,sip,1024,iter-count,quick_cache,4,498.604395
string24,sip,1024,iter-count,lru,4,0.384928
string24,sip,1024,iter-count,micro,5,0.388971
string24,sip,1024,iter-count,baseline,5,247.348447
string24,sip,1024,iter-count,quick_cache,5,454.737464
string24,sip,1024,iter-count,lru,5,0.385337
string24,sip,1024,iter-count,hashlink,5,0.388682
string24,sip,1024,iter-count,baseline,6,247.562698
string24,sip,1024,iter-count,quick_cache,6,456.278070
string24,sip,1024,iter-count,lru,6,0.385129
string24,sip,1024,iter-count,hashlink,6,0.386615
string24,sip,1024,iter-count,micro,6,0.391384
string24,sip,1024,iter-count,quick_cache,7,464.056414
string24,sip,1024,iter-count,lru,7,0.383337
string24,sip,1024,iter-count,hashlink,7,0.387978
string24,sip,1024,iter-count,micro,7,0.399159
string24,sip,1024,iter-count,baseline,7,261.883646
string24,sip,1024,iter-count,lru,8,0.387408
string24,sip,1024,iter-count,hashlink,8,0.389747
string24,sip,1024,iter-count,micro,8,0.394582
string24,sip,1024,iter-count,baseline,8,247.875841
string24,sip,1024,iter-count,quick_cache,8,453.861151
string24,sip,16384,iter-dense,micro,0,5988.715278
string24,sip,16384,iter-dense,baseline,0,5996.865741
string24,sip,16384,iter-dense,quick_cache,0,6824.218750
string24,sip,16384,iter-dense,lru,0,24560.825893
string24,sip,16384,iter-dense,hashlink,0,23943.080357
string24,sip,16384,iter-dense,baseline,1,5965.422454
string24,sip,16384,iter-dense,quick_cache,1,6700.250000
string24,sip,16384,iter-dense,lru,1,28258.677083
string24,sip,16384,iter-dense,hashlink,1,26622.395833
string24,sip,16384,iter-dense,micro,1,5821.855324
string24,sip,16384,iter-dense,quick_cache,2,6861.413043
string24,sip,16384,iter-dense,lru,2,25487.535714
string24,sip,16384,iter-dense,hashlink,2,25319.566964
string24,sip,16384,iter-dense,micro,2,6003.810185
string24,sip,16384,iter-dense,baseline,2,6057.442308
string24,sip,16384,iter-dense,lru,3,25956.102679
string24,sip,16384,iter-dense,hashlink,3,26248.697917
string24,sip,16384,iter-dense,micro,3,14457.622159
string24,sip,16384,iter-dense,baseline,3,10952.170833
string24,sip,16384,iter-dense,quick_cache,3,7211.588068
string24,sip,16384,iter-dense,hashlink,4,27301.432292
string24,sip,16384,iter-dense,micro,4,6032.251202
string24,sip,16384,iter-dense,baseline,4,6036.859375
string24,sip,16384,iter-dense,quick_cache,4,6613.986979
string24,sip,16384,iter-dense,lru,4,26270.647321
string24,sip,16384,iter-dense,micro,5,5973.379630
string24,sip,16384,iter-dense,baseline,5,6033.103365
string24,sip,16384,iter-dense,quick_cache,5,7086.559783
string24,sip,16384,iter-dense,lru,5,24155.321429
string24,sip,16384,iter-dense,hashlink,5,26498.046875
string24,sip,16384,iter-dense,baseline,6,6023.036058
string24,sip,16384,iter-dense,quick_cache,6,6964.899457
string24,sip,16384,iter-dense,lru,6,26335.937500
string24,sip,16384,iter-dense,hashlink,6,26612.630208
string24,sip,16384,iter-dense,micro,6,6029.897837
string24,sip,16384,iter-dense,quick_cache,7,6943.274457
string24,sip,16384,iter-dense,lru,7,24170.388393
string24,sip,16384,iter-dense,hashlink,7,25320.129464
string24,sip,16384,iter-dense,micro,7,6034.354567
string24,sip,16384,iter-dense,baseline,7,6070.212740
string24,sip,16384,iter-dense,lru,8,23633.000000
string24,sip,16384,iter-dense,hashlink,8,23267.116071
string24,sip,16384,iter-dense,micro,8,5907.648148
string24,sip,16384,iter-dense,baseline,8,5997.733796
string24,sip,16384,iter-dense,quick_cache,8,7062.216033
string24,sip,16384,iter-dense-for,micro,0,6193.911058
string24,sip,16384,iter-dense-for,baseline,0,6061.649038
string24,sip,16384,iter-dense-for,quick_cache,0,7980.793750
string24,sip,16384,iter-dense-for,lru,0,22185.222656
string24,sip,16384,iter-dense-for,hashlink,0,19706.218750
string24,sip,16384,iter-dense-for,baseline,1,5996.142361
string24,sip,16384,iter-dense-for,quick_cache,1,7968.359375
string24,sip,16384,iter-dense-for,lru,1,22043.945312
string24,sip,16384,iter-dense-for,hashlink,1,19440.826389
string24,sip,16384,iter-dense-for,micro,1,6024.438702
string24,sip,16384,iter-dense-for,quick_cache,2,7966.276563
string24,sip,16384,iter-dense-for,lru,2,23088.169643
string24,sip,16384,iter-dense-for,hashlink,2,20264.648438
string24,sip,16384,iter-dense-for,micro,2,6064.802885
string24,sip,16384,iter-dense-for,baseline,2,6026.393029
string24,sip,16384,iter-dense-for,lru,3,22415.687500
string24,sip,16384,iter-dense-for,hashlink,3,19378.326389
string24,sip,16384,iter-dense-for,micro,3,6005.690972
string24,sip,16384,iter-dense-for,baseline,3,6036.408654
string24,sip,16384,iter-dense-for,quick_cache,3,8013.607813
string24,sip,16384,iter-dense-for,hashlink,4,24908.669643
string24,sip,16384,iter-dense-for,micro,4,6011.518029
string24,sip,16384,iter-dense-for,baseline,4,6028.746394
string24,sip,16384,iter-dense-for,quick_cache,4,8013.151563
string24,sip,16384,iter-dense-for,lru,4,21183.269531
string24,sip,16384,iter-dense-for,micro,5,6118.840144
string24,sip,16384,iter-dense-for,baseline,5,6079.677885
string24,sip,16384,iter-dense-for,quick_cache,5,7815.689062
string24,sip,16384,iter-dense-for,lru,5,22323.894531
string24,sip,16384,iter-dense-for,hashlink,5,19691.730469
string24,sip,16384,iter-dense-for,baseline,6,5994.502315
string24,sip,16384,iter-dense-for,quick_cache,6,7112.098011
string24,sip,16384,iter-dense-for,lru,6,23418.151786
string24,sip,16384,iter-dense-for,hashlink,6,20373.535156
string24,sip,16384,iter-dense-for,micro,6,5990.982639
string24,sip,16384,iter-dense-for,quick_cache,7,7031.419837
string24,sip,16384,iter-dense-for,lru,7,22179.527344
string24,sip,16384,iter-dense-for,hashlink,7,19779.136719
string24,sip,16384,iter-dense-for,micro,7,6132.412260
string24,sip,16384,iter-dense-for,baseline,7,6053.735577
string24,sip,16384,iter-dense-for,lru,8,22203.449219
string24,sip,16384,iter-dense-for,hashlink,8,20055.828125
string24,sip,16384,iter-dense-for,micro,8,6010.706019
string24,sip,16384,iter-dense-for,baseline,8,6075.270433
string24,sip,16384,iter-dense-for,quick_cache,8,7021.966033
string24,sip,16384,iter-density-1pct,micro,0,324.348418
string24,sip,16384,iter-density-1pct,baseline,0,6184.795673
string24,sip,16384,iter-density-1pct,quick_cache,0,6699.923177
string24,sip,16384,iter-density-1pct,lru,0,173.883899
string24,sip,16384,iter-density-1pct,hashlink,0,181.478042
string24,sip,16384,iter-density-1pct,baseline,1,6398.646250
string24,sip,16384,iter-density-1pct,quick_cache,1,6689.506510
string24,sip,16384,iter-density-1pct,lru,1,173.489248
string24,sip,16384,iter-density-1pct,hashlink,1,173.184282
string24,sip,16384,iter-density-1pct,micro,1,323.231405
string24,sip,16384,iter-density-1pct,quick_cache,2,6517.523438
string24,sip,16384,iter-density-1pct,lru,2,172.468543
string24,sip,16384,iter-density-1pct,hashlink,2,173.549945
string24,sip,16384,iter-density-1pct,micro,2,321.103953
string24,sip,16384,iter-density-1pct,baseline,2,6125.350962
string24,sip,16384,iter-density-1pct,lru,3,173.317108
string24,sip,16384,iter-density-1pct,hashlink,3,172.628070
string24,sip,16384,iter-density-1pct,micro,3,330.564020
string24,sip,16384,iter-density-1pct,baseline,3,6520.182292
string24,sip,16384,iter-density-1pct,quick_cache,3,6694.173177
string24,sip,16384,iter-density-1pct,hashlink,4,174.360124
string24,sip,16384,iter-density-1pct,micro,4,324.917165
string24,sip,16384,iter-density-1pct,baseline,4,6154.296875
string24,sip,16384,iter-density-1pct,quick_cache,4,6623.697917
string24,sip,16384,iter-density-1pct,lru,4,173.424181
string24,sip,16384,iter-density-1pct,micro,5,324.718491
string24,sip,16384,iter-density-1pct,baseline,5,6130.008413
string24,sip,16384,iter-density-1pct,quick_cache,5,6669.488281
string24,sip,16384,iter-density-1pct,lru,5,173.771701
string24,sip,16384,iter-density-1pct,hashlink,5,173.729757
string24,sip,16384,iter-density-1pct,baseline,6,6184.795673
string24,sip,16384,iter-density-1pct,quick_cache,6,6964.051630
string24,sip,16384,iter-density-1pct,lru,6,187.484412
string24,sip,16384,iter-density-1pct,hashlink,6,175.068239
string24,sip,16384,iter-density-1pct,micro,6,318.015371
string24,sip,16384,iter-density-1pct,quick_cache,7,6414.843750
string24,sip,16384,iter-density-1pct,lru,7,173.883899
string24,sip,16384,iter-density-1pct,hashlink,7,173.117940
string24,sip,16384,iter-density-1pct,micro,7,319.443559
string24,sip,16384,iter-density-1pct,baseline,7,6350.676250
string24,sip,16384,iter-density-1pct,lru,8,173.840448
string24,sip,16384,iter-density-1pct,hashlink,8,173.821607
string24,sip,16384,iter-density-1pct,micro,8,324.852196
string24,sip,16384,iter-density-1pct,baseline,8,6352.395000
string24,sip,16384,iter-density-1pct,quick_cache,8,7054.460598
string24,sip,16384,iter-density-6pct,micro,0,5629.418527
string24,sip,16384,iter-density-6pct,baseline,0,5545.932112
string24,sip,16384,iter-density-6pct,quick_cache,0,6757.106771
string24,sip,16384,iter-density-6pct,lru,0,1240.151786
string24,sip,16384,iter-density-6pct,hashlink,0,1245.587550
string24,sip,16384,iter-density-6pct,baseline,1,5463.946121
string24,sip,16384,iter-density-6pct,quick_cache,1,6450.417500
string24,sip,16384,iter-density-6pct,lru,1,1268.827621
string24,sip,16384,iter-density-6pct,hashlink,1,1240.461806
string24,sip,16384,iter-density-6pct,micro,1,5490.616379
string24,sip,16384,iter-density-6pct,quick_cache,2,6415.937500
string24,sip,16384,iter-density-6pct,lru,2,1280.275915
string24,sip,16384,iter-density-6pct,hashlink,2,1364.277446
string24,sip,16384,iter-density-6pct,micro,2,5545.079741
string24,sip,16384,iter-density-6pct,baseline,2,5522.404095
string24,sip,16384,iter-density-6pct,lru,3,1252.843750
string24,sip,16384,iter-density-6pct,hashlink,3,1231.001969
string24,sip,16384,iter-density-6pct,micro,3,5565.059267
string24,sip,16384,iter-density-6pct,baseline,3,5622.302455
string24,sip,16384,iter-density-6pct,quick_cache,3,6436.562500
string24,sip,16384,iter-density-6pct,hashlink,4,1250.197750
string24,sip,16384,iter-density-6pct,micro,4,5492.547414
string24,sip,16384,iter-density-6pct,baseline,4,5562.230603
string24,sip,16384,iter-density-6pct,quick_cache,4,6421.458750
string24,sip,16384,iter-density-6pct,lru,4,1300.974948
string24,sip,16384,iter-density-6pct,micro,5,5709.914062
string24,sip,16384,iter-density-6pct,baseline,5,5635.463170
string24,sip,16384,iter-density-6pct,quick_cache,5,6439.843750
string24,sip,16384,iter-density-6pct,lru,5,1261.435232
string24,sip,16384,iter-density-6pct,hashlink,5,1231.883612
string24,sip,16384,iter-density-6pct,baseline,6,5545.034483
string24,sip,16384,iter-density-6pct,quick_cache,6,6375.833750
string24,sip,16384,iter-density-6pct,lru,6,1255.593750
string24,sip,16384,iter-density-6pct,hashlink,6,1252.343750
string24,sip,16384,iter-density-6pct,micro,6,5426.768319
string24,sip,16384,iter-density-6pct,quick_cache,7,6334.947500
string24,sip,16384,iter-density-6pct,lru,7,1250.948000
string24,sip,16384,iter-density-6pct,hashlink,7,1307.324219
string24,sip,16384,iter-density-6pct,micro,7,5582.960938
string24,sip,16384,iter-density-6pct,baseline,7,5547.503233
string24,sip,16384,iter-density-6pct,lru,8,1251.698000
string24,sip,16384,iter-density-6pct,hashlink,8,1261.204385
string24,sip,16384,iter-density-6pct,micro,8,5452.855603
string24,sip,16384,iter-density-6pct,baseline,8,5519.261853
string24,sip,16384,iter-density-6pct,quick_cache,8,6409.791250
string24,sip,16384,iter-density-quarter,micro,0,5792.245370
string24,sip,16384,iter-density-quarter,baseline,0,5806.085648
string24,sip,16384,iter-density-quarter,quick_cache,0,6725.911458
string24,sip,16384,iter-density-quarter,lru,0,12287.158654
string24,sip,16384,iter-density-quarter,hashlink,0,9052.590278
string24,sip,16384,iter-density-quarter,baseline,1,5761.253348
string24,sip,16384,iter-density-quarter,quick_cache,1,7168.443182
string24,sip,16384,iter-density-quarter,lru,1,11453.031250
string24,sip,16384,iter-density-quarter,hashlink,1,9736.288603
string24,sip,16384,iter-density-quarter,micro,1,5787.423611
string24,sip,16384,iter-density-quarter,quick_cache,2,6645.453125
string24,sip,16384,iter-density-quarter,lru,2,11680.337054
string24,sip,16384,iter-density-quarter,hashlink,2,10055.826172
string24,sip,16384,iter-density-quarter,micro,2,5756.929688
string24,sip,16384,iter-density-quarter,baseline,2,5791.762731
string24,sip,16384,iter-density-quarter,lru,3,11457.404018
string24,sip,16384,iter-density-quarter,hashlink,3,10077.310547
string24,sip,16384,iter-density-quarter,micro,3,5813.416667
string24,sip,16384,iter-density-quarter,baseline,3,6012.770433
string24,sip,16384,iter-density-quarter,quick_cache,3,6828.350543
string24,sip,16384,iter-density-quarter,hashlink,4,9042.461806
string24,sip,16384,iter-density-quarter,micro,4,5812.644676
string24,sip,16384,iter-density-quarter,baseline,4,5787.375000
string24,sip,16384,iter-density-quarter,quick_cache,4,6724.717448
string24,sip,16384,iter-density-quarter,lru,4,11468.006696
string24,sip,16384,iter-density-quarter,micro,5,5749.907366
string24,sip,16384,iter-density-quarter,baseline,5,5776.088170
string24,sip,16384,iter-density-quarter,quick_cache,5,7091.542120
string24,sip,16384,iter-density-quarter,lru,5,11794.084821
string24,sip,16384,iter-density-quarter,hashlink,5,10202.228516
string24,sip,16384,iter-density-quarter,baseline,6,5889.709491
string24,sip,16384,iter-density-quarter,quick_cache,6,6979.619565
string24,sip,16384,iter-density-quarter,lru,6,11588.448661
string24,sip,16384,iter-density-quarter,hashlink,6,10287.597656
string24,sip,16384,iter-density-quarter,micro,6,5739.350446
string24,sip,16384,iter-density-quarter,quick_cache,7,6680.175781
string24,sip,16384,iter-density-quarter,lru,7,11594.122768
string24,sip,16384,iter-density-quarter,hashlink,7,9487.209559
string24,sip,16384,iter-density-quarter,micro,7,5495.240302
string24,sip,16384,iter-density-quarter,baseline,7,5645.042411
string24,sip,16384,iter-density-quarter,lru,8,10220.785156
string24,sip,16384,iter-density-quarter,hashlink,8,8937.861111
string24,sip,16384,iter-density-quarter,micro,8,5712.796875
string24,sip,16384,iter-density-quarter,baseline,8,6041.165865
string24,sip,16384,iter-density-quarter,quick_cache,8,6696.669271
string24,sip,16384,iter-density-half,micro,0,5923.515046
string24,sip,16384,iter-density-half,baseline,0,5898.003472
string24,sip,16384,iter-density-half,quick_cache,0,6687.825521
string24,sip,16384,iter-density-half,lru,0,13640.299479
string24,sip,16384,iter-density-half,hashlink,0,15649.383523
string24,sip,16384,iter-density-half,baseline,1,5824.604167
string24,sip,16384,iter-density-half,quick_cache,1,6711.914062
string24,sip,16384,iter-density-half,lru,1,13776.476562
string24,sip,16384,iter-density-half,hashlink,1,16492.578125
string24,sip,16384,iter-density-half,micro,1,5928.385417
string24,sip,16384,iter-density-half,quick_cache,2,6815.444293
string24,sip,16384,iter-density-half,lru,2,15269.769886
string24,sip,16384,iter-density-half,hashlink,2,15905.468750
string24,sip,16384,iter-density-half,micro,2,5844.714120
string24,sip,16384,iter-density-half,baseline,2,5857.879630
string24,sip,16384,iter-density-half,lru,3,13663.411458
string24,sip,16384,iter-density-half,hashlink,3,15769.531250
string24,sip,16384,iter-density-half,micro,3,5822.145833
string24,sip,16384,iter-density-half,baseline,3,5850.501157
string24,sip,16384,iter-density-half,quick_cache,3,6668.239583
string24,sip,16384,iter-density-half,hashlink,4,13781.033854
string24,sip,16384,iter-density-half,micro,4,5823.446759
string24,sip,16384,iter-density-half,baseline,4,5877.940972
string24,sip,16384,iter-density-half,quick_cache,4,6971.524457
string24,sip,16384,iter-density-half,lru,4,17786.750000
string24,sip,16384,iter-density-half,micro,5,5864.583333
string24,sip,16384,iter-density-half,baseline,5,5868.006944
string24,sip,16384,iter-density-half,quick_cache,5,6856.091033
string24,sip,16384,iter-density-half,lru,5,13609.049479
string24,sip,16384,iter-density-half,hashlink,5,15341.502841
string24,sip,16384,iter-density-half,baseline,6,5807.967593
string24,sip,16384,iter-density-half,quick_cache,6,6657.389323
string24,sip,16384,iter-density-half,lru,6,13698.026042
string24,sip,16384,iter-density-half,hashlink,6,15879.168750
string24,sip,16384,iter-density-half,micro,6,5805.217593
string24,sip,16384,iter-density-half,quick_cache,7,6761.936198
string24,sip,16384,iter-density-half,lru,7,15673.306250
string24,sip,16384,iter-density-half,hashlink,7,15941.928125
string24,sip,16384,iter-density-half,micro,7,5878.472222
string24,sip,16384,iter-density-half,baseline,7,5860.628472
string24,sip,16384,iter-density-half,lru,8,13701.065104
string24,sip,16384,iter-density-half,hashlink,8,15795.962500
string24,sip,16384,iter-density-half,micro,8,5806.231481
string24,sip,16384,iter-density-half,baseline,8,5843.026620
string24,sip,16384,iter-density-half,quick_cache,8,6674.316406
string24,sip,16384,iter-front,micro,0,1.179628
string24,sip,16384,iter-front,baseline,0,5375.086458
string24,sip,16384,iter-front,quick_cache,0,6773.709635
string24,sip,16384,iter-front,lru,0,1.197814
string24,sip,16384,iter-front,hashlink,0,1.166846
string24,sip,16384,iter-front,baseline,1,5368.793750
string24,sip,16384,iter-front,quick_cache,1,6775.824219
string24,sip,16384,iter-front,lru,1,1.181260
string24,sip,16384,iter-front,hashlink,1,1.144487
string24,sip,16384,iter-front,micro,1,1.185571
string24,sip,16384,iter-front,quick_cache,2,6716.743490
string24,sip,16384,iter-front,lru,2,1.177699
string24,sip,16384,iter-front,hashlink,2,1.160166
string24,sip,16384,iter-front,micro,2,1.173330
string24,sip,16384,iter-front,baseline,2,6018.807870
string24,sip,16384,iter-front,lru,3,1.176865
string24,sip,16384,iter-front,hashlink,3,1.169510
string24,sip,16384,iter-front,micro,3,1.198209
string24,sip,16384,iter-front,baseline,3,5366.102083
string24,sip,16384,iter-front,quick_cache,3,6696.669271
string24,sip,16384,iter-front,hashlink,4,1.184996
string24,sip,16384,iter-front,micro,4,1.189724
string24,sip,16384,iter-front,baseline,4,5355.078125
string24,sip,16384,iter-front,quick_cache,4,6749.837240
string24,sip,16384,iter-front,lru,4,1.184457
string24,sip,16384,iter-front,micro,5,1.189045
string24,sip,16384,iter-front,baseline,5,5463.810345
string24,sip,16384,iter-front,quick_cache,5,6817.085598
string24,sip,16384,iter-front,lru,5,1.198659
string24,sip,16384,iter-front,hashlink,5,1.158721
string24,sip,16384,iter-front,baseline,6,5450.700431
string24,sip,16384,iter-front,quick_cache,6,6891.529891
string24,sip,16384,iter-front,lru,6,1.188629
string24,sip,16384,iter-front,hashlink,6,1.164324
string24,sip,16384,iter-front,micro,6,1.184619
string24,sip,16384,iter-front,quick_cache,7,6888.077446
string24,sip,16384,iter-front,lru,7,1.186868
string24,sip,16384,iter-front,hashlink,7,1.181948
string24,sip,16384,iter-front,micro,7,1.189833
string24,sip,16384,iter-front,baseline,7,5534.528017
string24,sip,16384,iter-front,lru,8,1.180154
string24,sip,16384,iter-front,hashlink,8,1.172784
string24,sip,16384,iter-front,micro,8,1.206471
string24,sip,16384,iter-front,baseline,8,5551.410560
string24,sip,16384,iter-front,quick_cache,8,6843.297554
string24,sip,16384,iter-back,micro,0,1.199708
string24,sip,16384,iter-back,baseline,0,5409.482759
string24,sip,16384,iter-back,quick_cache,0,6853.317935
string24,sip,16384,iter-back,lru,0,1.176112
string24,sip,16384,iter-back,hashlink,0,1.143842
string24,sip,16384,iter-back,baseline,1,5538.971983
string24,sip,16384,iter-back,quick_cache,1,6869.735054
string24,sip,16384,iter-back,lru,1,1.189606
string24,sip,16384,iter-back,hashlink,1,1.161580
string24,sip,16384,iter-back,micro,1,1.209862
string24,sip,16384,iter-back,quick_cache,2,7128.196023
string24,sip,16384,iter-back,lru,2,1.193760
string24,sip,16384,iter-back,hashlink,2,1.197199
string24,sip,16384,iter-back,micro,2,1.199027
string24,sip,16384,iter-back,baseline,2,5299.913542
string24,sip,16384,iter-back,lru,3,1.163882
string24,sip,16384,iter-back,hashlink,3,1.131517
string24,sip,16384,iter-back,micro,3,1.193194
string24,sip,16384,iter-back,baseline,3,5518.588362
string24,sip,16384,iter-back,quick_cache,3,6711.751302
string24,sip,16384,iter-back,hashlink,4,1.184771
string24,sip,16384,iter-back,micro,4,1.195724
string24,sip,16384,iter-back,baseline,4,5550.062500
string24,sip,16384,iter-back,quick_cache,4,6976.108696
string24,sip,16384,iter-back,lru,4,1.197309
string24,sip,16384,iter-back,micro,5,1.199948
string24,sip,16384,iter-back,baseline,5,5367.057292
string24,sip,16384,iter-back,quick_cache,5,6981.713315
string24,sip,16384,iter-back,lru,5,1.180707
string24,sip,16384,iter-back,hashlink,5,1.142746
string24,sip,16384,iter-back,baseline,6,5486.351293
string24,sip,16384,iter-back,quick_cache,6,6894.701087
string24,sip,16384,iter-back,lru,6,1.182413
string24,sip,16384,iter-back,hashlink,6,1.133520
string24,sip,16384,iter-back,micro,6,1.192348
string24,sip,16384,iter-back,quick_cache,7,6985.224185
string24,sip,16384,iter-back,lru,7,1.204991
string24,sip,16384,iter-back,hashlink,7,1.145679
string24,sip,16384,iter-back,micro,7,1.203052
string24,sip,16384,iter-back,baseline,7,5554.866379
string24,sip,16384,iter-back,lru,8,1.176634
string24,sip,16384,iter-back,hashlink,8,1.140378
string24,sip,16384,iter-back,micro,8,1.191920
string24,sip,16384,iter-back,baseline,8,5374.262500
string24,sip,16384,iter-back,quick_cache,8,6937.385870
string24,sip,16384,iter-empty,micro,0,0.837644
string24,sip,16384,iter-empty,baseline,0,5523.931034
string24,sip,16384,iter-empty,quick_cache,0,6898.607337
string24,sip,16384,iter-empty,lru,0,0.986003
string24,sip,16384,iter-empty,hashlink,0,1.019210
string24,sip,16384,iter-empty,baseline,1,5740.281250
string24,sip,16384,iter-empty,quick_cache,1,6878.622283
string24,sip,16384,iter-empty,lru,1,0.986072
string24,sip,16384,iter-empty,hashlink,1,1.000897
string24,sip,16384,iter-empty,micro,1,0.827429
string24,sip,16384,iter-empty,quick_cache,2,6937.952446
string24,sip,16384,iter-empty,lru,2,0.980971
string24,sip,16384,iter-empty,hashlink,2,0.998256
string24,sip,16384,iter-empty,micro,2,0.827232
string24,sip,16384,iter-empty,baseline,2,5372.439583
string24,sip,16384,iter-empty,lru,3,0.957631
string24,sip,16384,iter-empty,hashlink,3,0.967289
string24,sip,16384,iter-empty,micro,3,0.842345
string24,sip,16384,iter-empty,baseline,3,5672.108259
string24,sip,16384,iter-empty,quick_cache,3,6408.333750
string24,sip,16384,iter-empty,hashlink,4,0.982519
string24,sip,16384,iter-empty,micro,4,0.812102
string24,sip,16384,iter-empty,baseline,4,5135.206653
string24,sip,16384,iter-empty,quick_cache,4,6543.131510
string24,sip,16384,iter-empty,lru,4,0.969173
string24,sip,16384,iter-empty,micro,5,0.826575
string24,sip,16384,iter-empty,baseline,5,5239.583333
string24,sip,16384,iter-empty,quick_cache,5,6666.721354
string24,sip,16384,iter-empty,lru,5,0.969527
string24,sip,16384,iter-empty,hashlink,5,0.988449
string24,sip,16384,iter-empty,baseline,6,5446.120690
string24,sip,16384,iter-empty,quick_cache,6,6829.823370
string24,sip,16384,iter-empty,lru,6,0.954957
string24,sip,16384,iter-empty,hashlink,6,0.988292
string24,sip,16384,iter-empty,micro,6,0.834464
string24,sip,16384,iter-empty,quick_cache,7,6646.268229
string24,sip,16384,iter-empty,lru,7,0.991396
string24,sip,16384,iter-empty,hashlink,7,0.995400
string24,sip,16384,iter-empty,micro,7,0.825139
string24,sip,16384,iter-empty,baseline,7,5389.996767
string24,sip,16384,iter-empty,lru,8,0.974759
string24,sip,16384,iter-empty,hashlink,8,0.989293
string24,sip,16384,iter-empty,micro,8,0.834580
string24,sip,16384,iter-empty,baseline,8,5621.791295
string24,sip,16384,iter-empty,quick_cache,8,7066.293478
string24,sip,16384,iter-count,micro,0,0.392351
string24,sip,16384,iter-count,baseline,0,5359.333984
string24,sip,16384,iter-count,quick_cache,0,7811.957031
string24,sip,16384,iter-count,lru,0,0.394236
string24,sip,16384,iter-count,hashlink,0,0.394411
string24,sip,16384,iter-count,baseline,1,5287.312500
string24,sip,16384,iter-count,quick_cache,1,7765.246094
string24,sip,16384,iter-count,lru,1,0.392828
string24,sip,16384,iter-count,hashlink,1,0.393858
string24,sip,16384,iter-count,micro,1,0.396432
string24,sip,16384,iter-count,quick_cache,2,8200.032552
string24,sip,16384,iter-count,lru,2,0.393387
string24,sip,16384,iter-count,hashlink,2,0.392678
string24,sip,16384,iter-count,micro,2,0.395136
string24,sip,16384,iter-count,baseline,2,5360.433594
string24,sip,16384,iter-count,lru,3,0.394470
string24,sip,16384,iter-count,hashlink,3,0.392722
string24,sip,16384,iter-count,micro,3,0.392661
string24,sip,16384,iter-count,baseline,3,5299.479492
string24,sip,16384,iter-count,quick_cache,3,7728.190104
string24,sip,16384,iter-count,hashlink,4,0.392370
string24,sip,16384,iter-count,micro,4,0.396041
string24,sip,16384,iter-count,baseline,4,5570.231445
string24,sip,16384,iter-count,quick_cache,4,7604.601562
string24,sip,16384,iter-count,lru,4,0.390522
string24,sip,16384,iter-count,micro,5,0.392465
string24,sip,16384,iter-count,baseline,5,5282.226562
string24,sip,16384,iter-count,quick_cache,5,7708.496094
string24,sip,16384,iter-count,lru,5,0.394438
string24,sip,16384,iter-count,hashlink,5,0.390996
string24,sip,16384,iter-count,baseline,6,5352.864258
string24,sip,16384,iter-count,quick_cache,6,7694.335938
string24,sip,16384,iter-count,lru,6,0.391895
string24,sip,16384,iter-count,hashlink,6,0.399885
string24,sip,16384,iter-count,micro,6,0.396461
string24,sip,16384,iter-count,quick_cache,7,7863.498698
string24,sip,16384,iter-count,lru,7,0.376811
string24,sip,16384,iter-count,hashlink,7,0.381436
string24,sip,16384,iter-count,micro,7,0.393458
string24,sip,16384,iter-count,baseline,7,5222.859375
string24,sip,16384,iter-count,lru,8,0.390222
string24,sip,16384,iter-count,hashlink,8,0.390129
string24,sip,16384,iter-count,micro,8,0.390636
string24,sip,16384,iter-count,baseline,8,5359.375000
string24,sip,16384,iter-count,quick_cache,8,7817.654948
string24,ahash,128,iter-dense,micro,0,39.692215
string24,ahash,128,iter-dense,baseline,0,37.750355
string24,ahash,128,iter-dense,quick_cache,0,29.459146
string24,ahash,128,iter-dense,lru,0,130.064268
string24,ahash,128,iter-dense,hashlink,0,128.031787
string24,ahash,128,iter-dense,baseline,1,37.387859
string24,ahash,128,iter-dense,quick_cache,1,29.479497
string24,ahash,128,iter-dense,lru,1,127.770263
string24,ahash,128,iter-dense,hashlink,1,127.133079
string24,ahash,128,iter-dense,micro,1,37.617485
string24,ahash,128,iter-dense,quick_cache,2,29.542031
string24,ahash,128,iter-dense,lru,2,128.147413
string24,ahash,128,iter-dense,hashlink,2,126.137081
string24,ahash,128,iter-dense,micro,2,37.663134
string24,ahash,128,iter-dense,baseline,2,37.235488
string24,ahash,128,iter-dense,lru,3,129.259512
string24,ahash,128,iter-dense,hashlink,3,139.752290
string24,ahash,128,iter-dense,micro,3,37.381317
string24,ahash,128,iter-dense,baseline,3,37.523132
string24,ahash,128,iter-dense,quick_cache,3,29.373972
string24,ahash,128,iter-dense,hashlink,4,127.040981
string24,ahash,128,iter-dense,micro,4,37.805145
string24,ahash,128,iter-dense,baseline,4,37.303488
string24,ahash,128,iter-dense,quick_cache,4,29.283698
string24,ahash,128,iter-dense,lru,4,126.896053
string24,ahash,128,iter-dense,micro,5,37.807676
string24,ahash,128,iter-dense,baseline,5,37.253546
string24,ahash,128,iter-dense,quick_cache,5,29.225886
string24,ahash,128,iter-dense,lru,5,127.286085
string24,ahash,128,iter-dense,hashlink,5,127.023482
string24,ahash,128,iter-dense,baseline,6,36.786304
string24,ahash,128,iter-dense,quick_cache,6,29.591140
string24,ahash,128,iter-dense,lru,6,134.574010
string24,ahash,128,iter-dense,hashlink,6,135.312933
string24,ahash,128,iter-dense,micro,6,37.310530
string24,ahash,128,iter-dense,quick_cache,7,29.434345
string24,ahash,128,iter-dense,lru,7,127.178270
string24,ahash,128,iter-dense,hashlink,7,126.526645
string24,ahash,128,iter-dense,micro,7,37.669389
string24,ahash,128,iter-dense,baseline,7,37.165272
string24,ahash,128,iter-dense,lru,8,126.441141
string24,ahash,128,iter-dense,hashlink,8,126.621784
string24,ahash,128,iter-dense,micro,8,37.547986
string24,ahash,128,iter-dense,baseline,8,37.329297
string24,ahash,128,iter-dense,quick_cache,8,29.346391
string24,ahash,128,iter-dense-for,micro,0,38.074836
string24,ahash,128,iter-dense-for,baseline,0,36.140343
string24,ahash,128,iter-dense-for,quick_cache,0,64.523560
string24,ahash,128,iter-dense-for,lru,0,79.106829
string24,ahash,128,iter-dense-for,hashlink,0,76.225869
string24,ahash,128,iter-dense-for,baseline,1,36.824348
string24,ahash,128,iter-dense-for,quick_cache,1,66.111014
string24,ahash,128,iter-dense-for,lru,1,77.677808
string24,ahash,128,iter-dense-for,hashlink,1,68.307023
string24,ahash,128,iter-dense-for,micro,1,37.836713
string24,ahash,128,iter-dense-for,quick_cache,2,66.529853
string24,ahash,128,iter-dense-for,lru,2,76.513170
string24,ahash,128,iter-dense-for,hashlink,2,69.352544
string24,ahash,128,iter-dense-for,micro,2,37.717671
string24,ahash,128,iter-dense-for,baseline,2,37.779935
string24,ahash,128,iter-dense-for,lru,3,76.516367
string24,ahash,128,iter-dense-for,hashlink,3,68.689327
string24,ahash,128,iter-dense-for,micro,3,37.775841
string24,ahash,128,iter-dense-for,baseline,3,38.012847
string24,ahash,128,iter-dense-for,quick_cache,3,66.456075
string24,ahash,128,iter-dense-for,hashlink,4,74.206389
string24,ahash,128,iter-dense-for,micro,4,37.310224
string24,ahash,128,iter-dense-for,baseline,4,37.879424
string24,ahash,128,iter-dense-for,quick_cache,4,67.307951
string24,ahash,128,iter-dense-for,lru,4,77.173997
string24,ahash,128,iter-dense-for,micro,5,38.060407
string24,ahash,128,iter-dense-for,baseline,5,38.103953
string24,ahash,128,iter-dense-for,quick_cache,5,66.635021
string24,ahash,128,iter-dense-for,lru,5,77.415599
string24,ahash,128,iter-dense-for,hashlink,5,68.546697
string24,ahash,128,iter-dense-for,baseline,6,37.901263
string24,ahash,128,iter-dense-for,quick_cache,6,66.775174
string24,ahash,128,iter-dense-for,lru,6,76.789650
string24,ahash,128,iter-dense-for,hashlink,6,68.602296
string24,ahash,128,iter-dense-for,micro,6,38.334151
string24,ahash,128,iter-dense-for,quick_cache,7,66.144506
string24,ahash,128,iter-dense-for,lru,7,81.688202
string24,ahash,128,iter-dense-for,hashlink,7,74.338309
string24,ahash,128,iter-dense-for,micro,7,37.398591
string24,ahash,128,iter-dense-for,baseline,7,37.680665
string24,ahash,128,iter-dense-for,lru,8,78.785881
string24,ahash,128,iter-dense-for,hashlink,8,68.625000
string24,ahash,128,iter-dense-for,micro,8,37.918717
string24,ahash,128,iter-dense-for,baseline,8,37.398897
string24,ahash,128,iter-dense-for,quick_cache,8,67.423547
string24,ahash,128,iter-density-1pct,micro,0,1.593120
string24,ahash,128,iter-density-1pct,baseline,0,35.440356
string24,ahash,128,iter-density-1pct,quick_cache,0,21.550549
string24,ahash,128,iter-density-1pct,lru,0,1.255403
string24,ahash,128,iter-density-1pct,hashlink,0,1.241666
string24,ahash,128,iter-density-1pct,baseline,1,35.899574
string24,ahash,128,iter-density-1pct,quick_cache,1,22.314843
string24,ahash,128,iter-density-1pct,lru,1,1.282388
string24,ahash,128,iter-density-1pct,hashlink,1,1.314693
string24,ahash,128,iter-density-1pct,micro,1,1.535536
string24,ahash,128,iter-density-1pct,quick_cache,2,25.372128
string24,ahash,128,iter-density-1pct,lru,2,1.284803
string24,ahash,128,iter-density-1pct,hashlink,2,1.264537
string24,ahash,128,iter-density-1pct,micro,2,1.558277
string24,ahash,128,iter-density-1pct,baseline,2,37.053637
string24,ahash,128,iter-density-1pct,lru,3,1.285627
string24,ahash,128,iter-density-1pct,hashlink,3,1.263463
string24,ahash,128,iter-density-1pct,micro,3,1.555082
string24,ahash,128,iter-density-1pct,baseline,3,37.540536
string24,ahash,128,iter-density-1pct,quick_cache,3,21.823896
string24,ahash,128,iter-density-1pct,hashlink,4,1.429735
string24,ahash,128,iter-density-1pct,micro,4,1.514872
string24,ahash,128,iter-density-1pct,baseline,4,38.316945
string24,ahash,128,iter-density-1pct,quick_cache,4,22.730770
string24,ahash,128,iter-density-1pct,lru,4,1.323816
string24,ahash,128,iter-density-1pct,micro,5,1.556924
string24,ahash,128,iter-density-1pct,baseline,5,36.384662
string24,ahash,128,iter-density-1pct,quick_cache,5,26.085142
string24,ahash,128,iter-density-1pct,lru,5,1.298750
string24,ahash,128,iter-density-1pct,hashlink,5,1.286940
string24,ahash,128,iter-density-1pct,baseline,6,37.875288
string24,ahash,128,iter-density-1pct,quick_cache,6,22.635017
string24,ahash,128,iter-density-1pct,lru,6,1.281116
string24,ahash,128,iter-density-1pct,hashlink,6,1.267286
string24,ahash,128,iter-density-1pct,micro,6,1.546249
string24,ahash,128,iter-density-1pct,quick_cache,7,22.779432
string24,ahash,128,iter-density-1pct,lru,7,1.291397
string24,ahash,128,iter-density-1pct,hashlink,7,1.275656
string24,ahash,128,iter-density-1pct,micro,7,1.563655
string24,ahash,128,iter-density-1pct,baseline,7,36.957855
string24,ahash,128,iter-density-1pct,lru,8,1.314760
string24,ahash,128,iter-density-1pct,hashlink,8,1.297305
string24,ahash,128,iter-density-1pct,micro,8,1.546813
string24,ahash,128,iter-density-1pct,baseline,8,36.929804
string24,ahash,128,iter-density-1pct,quick_cache,8,22.420494
string24,ahash,128,iter-density-6pct,micro,0,34.972653
string24,ahash,128,iter-density-6pct,baseline,0,34.871192
string24,ahash,128,iter-density-6pct,quick_cache,0,22.955648
string24,ahash,128,iter-density-6pct,lru,0,3.180456
string24,ahash,128,iter-density-6pct,hashlink,0,3.142056
string24,ahash,128,iter-density-6pct,baseline,1,34.899202
string24,ahash,128,iter-density-6pct,quick_cache,1,23.035719
string24,ahash,128,iter-density-6pct,lru,1,3.165866
string24,ahash,128,iter-density-6pct,hashlink,1,3.132230
string24,ahash,128,iter-density-6pct,micro,1,35.028987
string24,ahash,128,iter-density-6pct,quick_cache,2,22.536329
string24,ahash,128,iter-density-6pct,lru,2,3.220521
string24,ahash,128,iter-density-6pct,hashlink,2,3.425166
string24,ahash,128,iter-density-6pct,micro,2,35.814899
string24,ahash,128,iter-density-6pct,baseline,2,36.444066
string24,ahash,128,iter-density-6pct,lru,3,3.216464
string24,ahash,128,iter-density-6pct,hashlink,3,3.340602
string24,ahash,128,iter-density-6pct,micro,3,35.429006
string24,ahash,128,iter-density-6pct,baseline,3,35.695466
string24,ahash,128,iter-density-6pct,quick_cache,3,23.315881
string24,ahash,128,iter-density-6pct,hashlink,4,3.410587
string24,ahash,128,iter-density-6pct,micro,4,36.156763
string24,ahash,128,iter-density-6pct,baseline,4,36.433740
string24,ahash,128,iter-density-6pct,quick_cache,4,23.224226
string24,ahash,128,iter-density-6pct,lru,4,3.205260
string24,ahash,128,iter-density-6pct,micro,5,35.233167
string24,ahash,128,iter-density-6pct,baseline,5,36.712876
string24,ahash,128,iter-density-6pct,quick_cache,5,23.360998
string24,ahash,128,iter-density-6pct,lru,5,3.295232
string24,ahash,128,iter-density-6pct,hashlink,5,3.440778
string24,ahash,128,iter-density-6pct,baseline,6,37.075237
string24,ahash,128,iter-density-6pct,quick_cache,6,23.204118
string24,ahash,128,iter-density-6pct,lru,6,3.210660
string24,ahash,128,iter-density-6pct,hashlink,6,3.419037
string24,ahash,128,iter-density-6pct,micro,6,36.073299
string24,ahash,128,iter-density-6pct,quick_cache,7,23.297721
string24,ahash,128,iter-density-6pct,lru,7,3.215537
string24,ahash,128,iter-density-6pct,hashlink,7,3.429346
string24,ahash,128,iter-density-6pct,micro,7,35.987520
string24,ahash,128,iter-density-6pct,baseline,7,36.236436
string24,ahash,128,iter-density-6pct,lru,8,3.211980
string24,ahash,128,iter-density-6pct,hashlink,8,3.419889
string24,ahash,128,iter-density-6pct,micro,8,36.439212
string24,ahash,128,iter-density-6pct,baseline,8,36.498781
string24,ahash,128,iter-density-6pct,quick_cache,8,23.903994
string24,ahash,128,iter-density-quarter,micro,0,50.899583
string24,ahash,128,iter-density-quarter,baseline,0,36.957545
string24,ahash,128,iter-density-quarter,quick_cache,0,21.750626
string24,ahash,128,iter-density-quarter,lru,0,17.834320
string24,ahash,128,iter-density-quarter,hashlink,0,17.446548
string24,ahash,128,iter-density-quarter,baseline,1,34.513265
string24,ahash,128,iter-density-quarter,quick_cache,1,20.730039
string24,ahash,128,iter-density-quarter,lru,1,17.648863
string24,ahash,128,iter-density-quarter,hashlink,1,17.632783
string24,ahash,128,iter-density-quarter,micro,1,47.014064
string24,ahash,128,iter-density-quarter,quick_cache,2,21.252720
string24,ahash,128,iter-density-quarter,lru,2,18.027576
string24,ahash,128,iter-density-quarter,hashlink,2,17.779088
string24,ahash,128,iter-density-quarter,micro,2,46.811021
string24,ahash,128,iter-density-quarter,baseline,2,35.159766
string24,ahash,128,iter-density-quarter,lru,3,18.618101
string24,ahash,128,iter-density-quarter,hashlink,3,19.551290
string24,ahash,128,iter-density-quarter,micro,3,46.443546
string24,ahash,128,iter-density-quarter,baseline,3,35.384171
string24,ahash,128,iter-density-quarter,quick_cache,3,21.339977
string24,ahash,128,iter-density-quarter,hashlink,4,17.948441
string24,ahash,128,iter-density-quarter,micro,4,47.651086
string24,ahash,128,iter-density-quarter,baseline,4,35.405514
string24,ahash,128,iter-density-quarter,quick_cache,4,21.316508
string24,ahash,128,iter-density-quarter,lru,4,18.143301
string24,ahash,128,iter-density-quarter,micro,5,46.980701
string24,ahash,128,iter-density-quarter,baseline,5,35.473418
string24,ahash,128,iter-density-quarter,quick_cache,5,21.222209
string24,ahash,128,iter-density-quarter,lru,5,18.114900
string24,ahash,128,iter-density-quarter,hashlink,5,18.200655
string24,ahash,128,iter-density-quarter,baseline,6,35.523578
string24,ahash,128,iter-density-quarter,quick_cache,6,21.381034
string24,ahash,128,iter-density-quarter,lru,6,19.597556
string24,ahash,128,iter-density-quarter,hashlink,6,17.708866
string24,ahash,128,iter-density-quarter,micro,6,46.758893
string24,ahash,128,iter-density-quarter,quick_cache,7,21.552802
string24,ahash,128,iter-density-quarter,lru,7,18.121050
string24,ahash,128,iter-density-quarter,hashlink,7,18.038281
string24,ahash,128,iter-density-quarter,micro,7,46.636806
string24,ahash,128,iter-density-quarter,baseline,7,35.432611
string24,ahash,128,iter-density-quarter,lru,8,19.506058
string24,ahash,128,iter-density-quarter,hashlink,8,19.832022
string24,ahash,128,iter-density-quarter,micro,8,47.311005
string24,ahash,128,iter-density-quarter,baseline,8,35.298015
string24,ahash,128,iter-density-quarter,quick_cache,8,22.924961
string24,ahash,128,iter-density-half,micro,0,70.376984
string24,ahash,128,iter-density-half,baseline,0,35.376160
string24,ahash,128,iter-density-half,quick_cache,0,24.718780
string24,ahash,128,iter-density-half,lru,0,52.613815
string24,ahash,128,iter-density-half,hashlink,0,49.112930
string24,ahash,128,iter-density-half,baseline,1,35.996105
string24,ahash,128,iter-density-half,quick_cache,1,24.895994
string24,ahash,128,iter-density-half,lru,1,49.525386
string24,ahash,128,iter-density-half,hashlink,1,48.845010
string24,ahash,128,iter-density-half,micro,1,61.426703
string24,ahash,128,iter-density-half,quick_cache,2,24.634888
string24,ahash,128,iter-density-half,lru,2,49.842594
string24,ahash,128,iter-density-half,hashlink,2,49.197930
string24,ahash,128,iter-density-half,micro,2,61.530106
string24,ahash,128,iter-density-half,baseline,2,36.942849
string24,ahash,128,iter-density-half,lru,3,49.562589
string24,ahash,128,iter-density-half,hashlink,3,49.138905
string24,ahash,128,iter-density-half,micro,3,61.382549
string24,ahash,128,iter-density-half,baseline,3,37.129329
string24,ahash,128,iter-density-half,quick_cache,3,25.036473
string24,ahash,128,iter-density-half,hashlink,4,53.346300
string24,ahash,128,iter-density-half,micro,4,61.528568
string24,ahash,128,iter-density-half,baseline,4,35.504473
string24,ahash,128,iter-density-half,quick_cache,4,24.653711
string24,ahash,128,iter-density-half,lru,4,48.389125
string24,ahash,128,iter-density-half,micro,5,59.818599
string24,ahash,128,iter-density-half,baseline,5,36.533829
string24,ahash,128,iter-density-half,quick_cache,5,24.560702
string24,ahash,128,iter-density-half,lru,5,48.632995
string24,ahash,128,iter-density-half,hashlink,5,48.200783
string24,ahash,128,iter-density-half,baseline,6,36.312180
string24,ahash,128,iter-density-half,quick_cache,6,24.467992
string24,ahash,128,iter-density-half,lru,6,49.447844
string24,ahash,128,iter-density-half,hashlink,6,48.083337
string24,ahash,128,iter-density-half,micro,6,60.420299
string24,ahash,128,iter-density-half,quick_cache,7,24.735461
string24,ahash,128,iter-density-half,lru,7,53.287749
string24,ahash,128,iter-density-half,hashlink,7,48.703753
string24,ahash,128,iter-density-half,micro,7,59.554926
string24,ahash,128,iter-density-half,baseline,7,36.248420
string24,ahash,128,iter-density-half,lru,8,48.798846
string24,ahash,128,iter-density-half,hashlink,8,48.846231
string24,ahash,128,iter-density-half,micro,8,61.160201
string24,ahash,128,iter-density-half,baseline,8,36.766235
string24,ahash,128,iter-density-half,quick_cache,8,24.721044
string24,ahash,128,iter-front,micro,0,1.151496
string24,ahash,128,iter-front,baseline,0,36.413131
string24,ahash,128,iter-front,quick_cache,0,21.950502
string24,ahash,128,iter-front,lru,0,1.179628
string24,ahash,128,iter-front,hashlink,0,1.139289
string24,ahash,128,iter-front,baseline,1,36.731356
string24,ahash,128,iter-front,quick_cache,1,22.381955
string24,ahash,128,iter-front,lru,1,1.214819
string24,ahash,128,iter-front,hashlink,1,1.160994
string24,ahash,128,iter-front,micro,1,1.166036
string24,ahash,128,iter-front,quick_cache,2,22.464496
string24,ahash,128,iter-front,lru,2,1.206638
string24,ahash,128,iter-front,hashlink,2,1.139721
string24,ahash,128,iter-front,micro,2,1.150835
string24,ahash,128,iter-front,baseline,2,36.951274
string24,ahash,128,iter-front,lru,3,1.181814
string24,ahash,128,iter-front,hashlink,3,1.148374
string24,ahash,128,iter-front,micro,3,1.164455
string24,ahash,128,iter-front,baseline,3,37.261192
string24,ahash,128,iter-front,quick_cache,3,22.049435
string24,ahash,128,iter-front,hashlink,4,1.137422
string24,ahash,128,iter-front,micro,4,1.153690
string24,ahash,128,iter-front,baseline,4,37.185604
string24,ahash,128,iter-front,quick_cache,4,22.414848
string24,ahash,128,iter-front,lru,4,1.246510
string24,ahash,128,iter-front,micro,5,1.137389
string24,ahash,128,iter-front,baseline,5,36.899845
string24,ahash,128,iter-front,quick_cache,5,22.297062
string24,ahash,128,iter-front,lru,5,1.182816
string24,ahash,128,iter-front,hashlink,5,1.138268
string24,ahash,128,iter-front,baseline,6,36.941608
string24,ahash,128,iter-front,quick_cache,6,22.146121
string24,ahash,128,iter-front,lru,6,1.179334
string24,ahash,128,iter-front,hashlink,6,1.148720
string24,ahash,128,iter-front,micro,6,1.151420
string24,ahash,128,iter-front,quick_cache,7,22.313352
string24,ahash,128,iter-front,lru,7,1.182950
string24,ahash,128,iter-front,hashlink,7,1.153000
string24,ahash,128,iter-front,micro,7,1.141519
string24,ahash,128,iter-front,baseline,7,35.592846
string24,ahash,128,iter-front,lru,8,1.181403
string24,ahash,128,iter-front,hashlink,8,1.121181
string24,ahash,128,iter-front,micro,8,1.140977
string24,ahash,128,iter-front,baseline,8,35.475787
string24,ahash,128,iter-front,quick_cache,8,25.021267
string24,ahash,128,iter-back,micro,0,1.166410
string24,ahash,128,iter-back,baseline,0,36.588511
string24,ahash,128,iter-back,quick_cache,0,24.521755
string24,ahash,128,iter-back,lru,0,1.187481
string24,ahash,128,iter-back,hashlink,0,1.158077
string24,ahash,128,iter-back,baseline,1,37.797586
string24,ahash,128,iter-back,quick_cache,1,25.971773
string24,ahash,128,iter-back,lru,1,1.174945
string24,ahash,128,iter-back,hashlink,1,1.154841
string24,ahash,128,iter-back,micro,1,1.188159
string24,ahash,128,iter-back,quick_cache,2,22.053820
string24,ahash,128,iter-back,lru,2,1.234144
string24,ahash,128,iter-back,hashlink,2,1.134499
string24,ahash,128,iter-back,micro,2,1.165984
string24,ahash,128,iter-back,baseline,2,37.049801
string24,ahash,128,iter-back,lru,3,1.225346
string24,ahash,128,iter-back,hashlink,3,1.133577
string24,ahash,128,iter-back,micro,3,1.160157
string24,ahash,128,iter-back,baseline,3,36.679013
string24,ahash,128,iter-back,quick_cache,3,21.623482
string24,ahash,128,iter-back,hashlink,4,1.147100
string24,ahash,128,iter-back,micro,4,1.155465
string24,ahash,128,iter-back,baseline,4,36.618233
string24,ahash,128,iter-back,quick_cache,4,21.608712
string24,ahash,128,iter-back,lru,4,1.167238
string24,ahash,128,iter-back,micro,5,1.166802
string24,ahash,128,iter-back,baseline,5,36.872493
string24,ahash,128,iter-back,quick_cache,5,23.376730
string24,ahash,128,iter-back,lru,5,1.170245
string24,ahash,128,iter-back,hashlink,5,1.123010
string24,ahash,128,iter-back,baseline,6,35.943846
string24,ahash,128,iter-back,quick_cache,6,24.665386
string24,ahash,128,iter-back,lru,6,1.161494
string24,ahash,128,iter-back,hashlink,6,1.127280
string24,ahash,128,iter-back,micro,6,1.151929
string24,ahash,128,iter-back,quick_cache,7,24.964886
string24,ahash,128,iter-back,lru,7,1.170544
string24,ahash,128,iter-back,hashlink,7,1.140902
string24,ahash,128,iter-back,micro,7,1.153128
string24,ahash,128,iter-back,baseline,7,36.396171
string24,ahash,128,iter-back,lru,8,1.177814
string24,ahash,128,iter-back,hashlink,8,1.129374
string24,ahash,128,iter-back,micro,8,1.164385
string24,ahash,128,iter-back,baseline,8,37.022544
string24,ahash,128,iter-back,quick_cache,8,26.125047
string24,ahash,128,iter-empty,micro,0,0.813438
string24,ahash,128,iter-empty,baseline,0,36.181878
string24,ahash,128,iter-empty,quick_cache,0,24.774061
string24,ahash,128,iter-empty,lru,0,0.974273
string24,ahash,128,iter-empty,hashlink,0,0.985146
string24,ahash,128,iter-empty,baseline,1,35.778975
string24,ahash,128,iter-empty,quick_cache,1,24.745150
string24,ahash,128,iter-empty,lru,1,0.974790
string24,ahash,128,iter-empty,hashlink,1,0.986452
string24,ahash,128,iter-empty,micro,1,0.829357
string24,ahash,128,iter-empty,quick_cache,2,25.067087
string24,ahash,128,iter-empty,lru,2,0.978618
string24,ahash,128,iter-empty,hashlink,2,0.984054
string24,ahash,128,iter-empty,micro,2,0.829141
string24,ahash,128,iter-empty,baseline,2,36.310394
string24,ahash,128,iter-empty,lru,3,1.008937
string24,ahash,128,iter-empty,hashlink,3,0.991258
string24,ahash,128,iter-empty,micro,3,0.827359
string24,ahash,128,iter-empty,baseline,3,36.455294
string24,ahash,128,iter-empty,quick_cache,3,21.669550
string24,ahash,128,iter-empty,hashlink,4,0.981624
string24,ahash,128,iter-empty,micro,4,0.830755
string24,ahash,128,iter-empty,baseline,4,36.012705
string24,ahash,128,iter-empty,quick_cache,4,21.526799
string24,ahash,128,iter-empty,lru,4,0.973890
string24,ahash,128,iter-empty,micro,5,0.828890
string24,ahash,128,iter-empty,baseline,5,36.007107
string24,ahash,128,iter-empty,quick_cache,5,21.756322
string24,ahash,128,iter-empty,lru,5,0.971112
string24,ahash,128,iter-empty,hashlink,5,0.986028
string24,ahash,128,iter-empty,baseline,6,36.202260
string24,ahash,128,iter-empty,quick_cache,6,22.154433
string24,ahash,128,iter-empty,lru,6,0.996619
string24,ahash,128,iter-empty,hashlink,6,0.983843
string24,ahash,128,iter-empty,micro,6,0.836649
string24,ahash,128,iter-empty,quick_cache,7,21.934184
string24,ahash,128,iter-empty,lru,7,0.974036
string24,ahash,128,iter-empty,hashlink,7,0.989688
string24,ahash,128,iter-empty,micro,7,0.829304
string24,ahash,128,iter-empty,baseline,7,36.152548
string24,ahash,128,iter-empty,lru,8,0.970913
string24,ahash,128,iter-empty,hashlink,8,0.991025
string24,ahash,128,iter-empty,micro,8,0.824773
string24,ahash,128,iter-empty,baseline,8,35.734493
string24,ahash,128,iter-empty,quick_cache,8,24.151932
string24,ahash,128,iter-count,micro,0,0.385334
string24,ahash,128,iter-count,baseline,0,34.741397
string24,ahash,128,iter-count,quick_cache,0,52.670327
string24,ahash,128,iter-count,lru,0,0.402831
string24,ahash,128,iter-count,hashlink,0,0.387256
string24,ahash,128,iter-count,baseline,1,35.543622
string24,ahash,128,iter-count,quick_cache,1,52.029224
string24,ahash,128,iter-count,lru,1,0.386169
string24,ahash,128,iter-count,hashlink,1,0.390406
string24,ahash,128,iter-count,micro,1,0.393782
string24,ahash,128,iter-count,quick_cache,2,52.470373
string24,ahash,128,iter-count,lru,2,0.386780
string24,ahash,128,iter-count,hashlink,2,0.392828
string24,ahash,128,iter-count,micro,2,0.393810
string24,ahash,128,iter-count,baseline,2,35.449573
string24,ahash,128,iter-count,lru,3,0.383409
string24,ahash,128,iter-count,hashlink,3,0.392525
string24,ahash,128,iter-count,micro,3,0.395445
string24,ahash,128,iter-count,baseline,3,35.742723
string24,ahash,128,iter-count,quick_cache,3,55.548928
string24,ahash,128,iter-count,hashlink,4,0.382874
string24,ahash,128,iter-count,micro,4,0.390211
string24,ahash,128,iter-count,baseline,4,34.923444
string24,ahash,128,iter-count,quick_cache,4,52.344450
string24,ahash,128,iter-count,lru,4,0.379664
string24,ahash,128,iter-count,micro,5,0.390211
string24,ahash,128,iter-count,baseline,5,35.258489
string24,ahash,128,iter-count,quick_cache,5,51.802600
string24,ahash,128,iter-count,lru,5,0.395365
string24,ahash,128,iter-count,hashlink,5,0.398519
string24,ahash,128,iter-count,baseline,6,34.269915
string24,ahash,128,iter-count,quick_cache,6,50.707041
string24,ahash,128,iter-count,lru,6,0.368858
string24,ahash,128,iter-count,hashlink,6,0.391662
string24,ahash,128,iter-count,micro,6,0.391133
string24,ahash,128,iter-count,quick_cache,7,54.102102
string24,ahash,128,iter-count,lru,7,0.390254
string24,ahash,128,iter-count,hashlink,7,0.388840
string24,ahash,128,iter-count,micro,7,0.392311
string24,ahash,128,iter-count,baseline,7,36.031797
string24,ahash,128,iter-count,lru,8,0.383834
string24,ahash,128,iter-count,hashlink,8,0.391563
string24,ahash,128,iter-count,micro,8,0.394872
string24,ahash,128,iter-count,baseline,8,35.545099
string24,ahash,128,iter-count,quick_cache,8,51.183461
string24,ahash,1024,iter-dense,micro,0,269.282487
string24,ahash,1024,iter-dense,baseline,0,268.195648
string24,ahash,1024,iter-dense,quick_cache,0,252.301764
string24,ahash,1024,iter-dense,lru,0,1229.207275
string24,ahash,1024,iter-dense,hashlink,0,1229.258301
string24,ahash,1024,iter-dense,baseline,1,266.744881
string24,ahash,1024,iter-dense,quick_cache,1,251.331391
string24,ahash,1024,iter-dense,lru,1,1371.801809
string24,ahash,1024,iter-dense,hashlink,1,1229.960205
string24,ahash,1024,iter-dense,micro,1,264.558640
string24,ahash,1024,iter-dense,quick_cache,2,252.282813
string24,ahash,1024,iter-dense,lru,2,1223.358154
string24,ahash,1024,iter-dense,hashlink,2,1222.788574
string24,ahash,1024,iter-dense,micro,2,265.540959
string24,ahash,1024,iter-dense,baseline,2,268.305103
string24,ahash,1024,iter-dense,lru,3,1231.176181
string24,ahash,1024,iter-dense,hashlink,3,1224.589111
string24,ahash,1024,iter-dense,micro,3,264.719490
string24,ahash,1024,iter-dense,baseline,3,267.479113
string24,ahash,1024,iter-dense,quick_cache,3,252.154738
string24,ahash,1024,iter-dense,hashlink,4,1232.167725
string24,ahash,1024,iter-dense,micro,4,267.247596
string24,ahash,1024,iter-dense,baseline,4,269.724300
string24,ahash,1024,iter-dense,quick_cache,4,266.081207
string24,ahash,1024,iter-dense,lru,4,1264.722026
string24,ahash,1024,iter-dense,micro,5,267.249786
string24,ahash,1024,iter-dense,baseline,5,268.889175
string24,ahash,1024,iter-dense,quick_cache,5,252.892799
string24,ahash,1024,iter-dense,lru,5,1232.857530
string24,ahash,1024,iter-dense,hashlink,5,1219.143653
string24,ahash,1024,iter-dense,baseline,6,265.596297
string24,ahash,1024,iter-dense,quick_cache,6,252.774586
string24,ahash,1024,iter-dense,lru,6,1224.996094
string24,ahash,1024,iter-dense,hashlink,6,1234.456939
string24,ahash,1024,iter-dense,micro,6,265.937234
string24,ahash,1024,iter-dense,quick_cache,7,251.970964
string24,ahash,1024,iter-dense,lru,7,1245.794147
string24,ahash,1024,iter-dense,hashlink,7,1236.302657
string24,ahash,1024,iter-dense,micro,7,268.882463
string24,ahash,1024,iter-dense,baseline,7,271.355523
string24,ahash,1024,iter-dense,lru,8,1261.435232
string24,ahash,1024,iter-dense,hashlink,8,1235.933317
string24,ahash,1024,iter-dense,micro,8,266.288224
string24,ahash,1024,iter-dense,baseline,8,275.977348
string24,ahash,1024,iter-dense,quick_cache,8,258.552893
string24,ahash,1024,iter-dense-for,micro,0,256.476281
string24,ahash,1024,iter-dense-for,baseline,0,260.438333
string24,ahash,1024,iter-dense-for,quick_cache,0,482.293306
string24,ahash,1024,iter-dense-for,lru,0,723.524306
string24,ahash,1024,iter-dense-for,hashlink,0,876.629365
string24,ahash,1024,iter-dense-for,baseline,1,260.811615
string24,ahash,1024,iter-dense-for,quick_cache,1,258.619576
string24,ahash,1024,iter-dense-for,lru,1,723.765336
string24,ahash,1024,iter-dense-for,hashlink,1,882.285815
string24,ahash,1024,iter-dense-for,micro,1,259.618511
string24,ahash,1024,iter-dense-for,quick_cache,2,266.858202
string24,ahash,1024,iter-dense-for,lru,2,736.918134
string24,ahash,1024,iter-dense-for,hashlink,2,896.711250
string24,ahash,1024,iter-dense-for,micro,2,262.738550
string24,ahash,1024,iter-dense-for,baseline,2,264.602739
string24,ahash,1024,iter-dense-for,lru,3,724.121094
string24,ahash,1024,iter-dense-for,hashlink,3,869.408333
string24,ahash,1024,iter-dense-for,micro,3,261.101367
string24,ahash,1024,iter-dense-for,baseline,3,264.463885
string24,ahash,1024,iter-dense-for,quick_cache,3,261.366012
string24,ahash,1024,iter-dense-for,hashlink,4,875.065468
string24,ahash,1024,iter-dense-for,micro,4,264.426449
string24,ahash,1024,iter-dense-for,baseline,4,266.700405
string24,ahash,1024,iter-dense-for,quick_cache,4,265.130667
string24,ahash,1024,iter-dense-for,lru,4,741.817239
string24,ahash,1024,iter-dense-for,micro,5,267.432372
string24,ahash,1024,iter-dense-for,baseline,5,273.144361
string24,ahash,1024,iter-dense-for,quick_cache,5,277.052859
string24,ahash,1024,iter-dense-for,lru,5,746.595982
string24,ahash,1024,iter-dense-for,hashlink,5,878.211376
string24,ahash,1024,iter-dense-for,baseline,6,263.183081
string24,ahash,1024,iter-dense-for,quick_cache,6,264.001795
string24,ahash,1024,iter-dense-for,lru,6,737.857459
string24,ahash,1024,iter-dense-for,hashlink,6,876.709323
string24,ahash,1024,iter-dense-for,micro,6,252.740913
string24,ahash,1024,iter-dense-for,quick_cache,7,261.392140
string24,ahash,1024,iter-dense-for,lru,7,726.044126
string24,ahash,1024,iter-dense-for,hashlink,7,872.402951
string24,ahash,1024,iter-dense-for,micro,7,266.587734
string24,ahash,1024,iter-dense-for,baseline,7,268.099646
string24,ahash,1024,iter-dense-for,lru,8,737.931162
string24,ahash,1024,iter-dense-for,hashlink,8,901.408226
string24,ahash,1024,iter-dense-for,micro,8,275.699515
string24,ahash,1024,iter-dense-for,baseline,8,269.484106
string24,ahash,1024,iter-dense-for,quick_cache,8,262.251835
string24,ahash,1024,iter-density-1pct,micro,0,6.993984
string24,ahash,1024,iter-density-1pct,baseline,0,334.590806
string24,ahash,1024,iter-density-1pct,quick_cache,0,197.842524
string24,ahash,1024,iter-density-1pct,lru,0,4.150066
string24,ahash,1024,iter-density-1pct,hashlink,0,4.073818
string24,ahash,1024,iter-density-1pct,baseline,1,321.117236
string24,ahash,1024,iter-density-1pct,quick_cache,1,190.552984
string24,ahash,1024,iter-density-1pct,lru,1,4.198611
string24,ahash,1024,iter-density-1pct,hashlink,1,4.158828
string24,ahash,1024,iter-density-1pct,micro,1,6.822959
string24,ahash,1024,iter-density-1pct,quick_cache,2,197.868869
string24,ahash,1024,iter-density-1pct,lru,2,4.356166
string24,ahash,1024,iter-density-1pct,hashlink,2,4.204677
string24,ahash,1024,iter-density-1pct,micro,2,7.043164
string24,ahash,1024,iter-density-1pct,baseline,2,335.310158
string24,ahash,1024,iter-density-1pct,lru,3,4.284414
string24,ahash,1024,iter-density-1pct,hashlink,3,4.227270
string24,ahash,1024,iter-density-1pct,micro,3,6.878829
string24,ahash,1024,iter-density-1pct,baseline,3,332.116972
string24,ahash,1024,iter-density-1pct,quick_cache,3,199.155732
string24,ahash,1024,iter-density-1pct,hashlink,4,4.152597
string24,ahash,1024,iter-density-1pct,micro,4,6.891513
string24,ahash,1024,iter-density-1pct,baseline,4,331.203655
string24,ahash,1024,iter-density-1pct,quick_cache,4,199.230334
string24,ahash,1024,iter-density-1pct,lru,4,4.295486
string24,ahash,1024,iter-density-1pct,micro,5,6.822010
string24,ahash,1024,iter-density-1pct,baseline,5,331.559521
string24,ahash,1024,iter-density-1pct,quick_cache,5,198.831107
string24,ahash,1024,iter-density-1pct,lru,5,4.321073
string24,ahash,1024,iter-density-1pct,hashlink,5,4.296005
string24,ahash,1024,iter-density-1pct,baseline,6,339.154555
string24,ahash,1024,iter-density-1pct,quick_cache,6,199.057842
string24,ahash,1024,iter-density-1pct,lru,6,4.241890
string24,ahash,1024,iter-density-1pct,hashlink,6,4.160932
string24,ahash,1024,iter-density-1pct,micro,6,6.880156
string24,ahash,1024,iter-density-1pct,quick_cache,7,199.222054
string24,ahash,1024,iter-density-1pct,lru,7,4.329850
string24,ahash,1024,iter-density-1pct,hashlink,7,4.178478
string24,ahash,1024,iter-density-1pct,micro,7,6.871152
string24,ahash,1024,iter-density-1pct,baseline,7,333.708156
string24,ahash,1024,iter-density-1pct,lru,8,4.306105
string24,ahash,1024,iter-density-1pct,hashlink,8,4.155696
string24,ahash,1024,iter-density-1pct,micro,8,6.860106
string24,ahash,1024,iter-density-1pct,baseline,8,332.942686
string24,ahash,1024,iter-density-1pct,quick_cache,8,198.323168
string24,ahash,1024,iter-density-6pct,micro,0,312.656250
string24,ahash,1024,iter-density-6pct,baseline,0,294.496410
string24,ahash,1024,iter-density-6pct,quick_cache,0,201.350346
string24,ahash,1024,iter-density-6pct,lru,0,48.911062
string24,ahash,1024,iter-density-6pct,hashlink,0,48.759263
string24,ahash,1024,iter-density-6pct,baseline,1,285.670418
string24,ahash,1024,iter-density-6pct,quick_cache,1,202.445272
string24,ahash,1024,iter-density-6pct,lru,1,48.595723
string24,ahash,1024,iter-density-6pct,hashlink,1,47.847376
string24,ahash,1024,iter-density-6pct,micro,1,271.054484
string24,ahash,1024,iter-density-6pct,quick_cache,2,175.383768
string24,ahash,1024,iter-density-6pct,lru,2,49.241228
string24,ahash,1024,iter-density-6pct,hashlink,2,48.990174
string24,ahash,1024,iter-density-6pct,micro,2,286.814335
string24,ahash,1024,iter-density-6pct,baseline,2,294.761299
string24,ahash,1024,iter-density-6pct,lru,3,51.721284
string24,ahash,1024,iter-density-6pct,hashlink,3,50.859644
string24,ahash,1024,iter-density-6pct,micro,3,289.060074
string24,ahash,1024,iter-density-6pct,baseline,3,291.019262
string24,ahash,1024,iter-density-6pct,quick_cache,3,177.526710
string24,ahash,1024,iter-density-6pct,hashlink,4,49.536123
string24,ahash,1024,iter-density-6pct,micro,4,289.619502
string24,ahash,1024,iter-density-6pct,baseline,4,287.084289
string24,ahash,1024,iter-density-6pct,quick_cache,4,177.476483
string24,ahash,1024,iter-density-6pct,lru,4,49.422340
string24,ahash,1024,iter-density-6pct,micro,5,288.327375
string24,ahash,1024,iter-density-6pct,baseline,5,287.523438
string24,ahash,1024,iter-density-6pct,quick_cache,5,177.220628
string24,ahash,1024,iter-density-6pct,lru,5,49.707777
string24,ahash,1024,iter-density-6pct,hashlink,5,56.745586
string24,ahash,1024,iter-density-6pct,baseline,6,396.370649
string24,ahash,1024,iter-density-6pct,quick_cache,6,301.816904
string24,ahash,1024,iter-density-6pct,lru,6,59.565847
string24,ahash,1024,iter-density-6pct,hashlink,6,52.894825
string24,ahash,1024,iter-density-6pct,micro,6,296.046402
string24,ahash,1024,iter-density-6pct,quick_cache,7,173.771701
string24,ahash,1024,iter-density-6pct,lru,7,48.983640
string24,ahash,1024,iter-density-6pct,hashlink,7,48.700919
string24,ahash,1024,iter-density-6pct,micro,7,276.723838
string24,ahash,1024,iter-density-6pct,baseline,7,271.658474
string24,ahash,1024,iter-density-6pct,lru,8,48.790119
string24,ahash,1024,iter-density-6pct,hashlink,8,48.184706
string24,ahash,1024,iter-density-6pct,micro,8,277.843306
string24,ahash,1024,iter-density-6pct,baseline,8,280.351591
string24,ahash,1024,iter-density-6pct,quick_cache,8,200.001359
string24,ahash,1024,iter-density-quarter,micro,0,358.983802
string24,ahash,1024,iter-density-quarter,baseline,0,248.577852
string24,ahash,1024,iter-density-quarter,quick_cache,0,191.925460
string24,ahash,1024,iter-density-quarter,lru,0,301.842000
string24,ahash,1024,iter-density-quarter,hashlink,0,286.139340
string24,ahash,1024,iter-density-quarter,baseline,1,251.068018
string24,ahash,1024,iter-density-quarter,quick_cache,1,191.704619
string24,ahash,1024,iter-density-quarter,lru,1,283.361130
string24,ahash,1024,iter-density-quarter,hashlink,1,284.608379
string24,ahash,1024,iter-density-quarter,micro,1,356.278474
string24,ahash,1024,iter-density-quarter,quick_cache,2,189.687007
string24,ahash,1024,iter-density-quarter,lru,2,288.651695
string24,ahash,1024,iter-density-quarter,hashlink,2,285.538777
string24,ahash,1024,iter-density-quarter,micro,2,360.104047
string24,ahash,1024,iter-density-quarter,baseline,2,247.676456
string24,ahash,1024,iter-density-quarter,lru,3,287.583295
string24,ahash,1024,iter-density-quarter,hashlink,3,286.486951
string24,ahash,1024,iter-density-quarter,micro,3,352.339668
string24,ahash,1024,iter-density-quarter,baseline,3,248.998557
string24,ahash,1024,iter-density-quarter,quick_cache,3,194.791991
string24,ahash,1024,iter-density-quarter,hashlink,4,300.485817
string24,ahash,1024,iter-density-quarter,micro,4,360.953738
string24,ahash,1024,iter-density-quarter,baseline,4,249.864766
string24,ahash,1024,iter-density-quarter,quick_cache,4,191.828029
string24,ahash,1024,iter-density-quarter,lru,4,287.250632
string24,ahash,1024,iter-density-quarter,micro,5,360.035066
string24,ahash,1024,iter-density-quarter,baseline,5,249.862720
string24,ahash,1024,iter-density-quarter,quick_cache,5,192.130874
string24,ahash,1024,iter-density-quarter,lru,5,285.715665
string24,ahash,1024,iter-density-quarter,hashlink,5,284.764913
string24,ahash,1024,iter-density-quarter,baseline,6,248.166766
string24,ahash,1024,iter-density-quarter,quick_cache,6,190.892743
string24,ahash,1024,iter-density-quarter,lru,6,285.115949
string24,ahash,1024,iter-density-quarter,hashlink,6,283.995917
string24,ahash,1024,iter-density-quarter,micro,6,354.148968
string24,ahash,1024,iter-density-quarter,quick_cache,7,194.371541
string24,ahash,1024,iter-density-quarter,lru,7,288.853108
string24,ahash,1024,iter-density-quarter,hashlink,7,289.728009
string24,ahash,1024,iter-density-quarter,micro,7,359.910776
string24,ahash,1024,iter-density-quarter,baseline,7,250.027050
string24,ahash,1024,iter-density-quarter,lru,8,287.151204
string24,ahash,1024,iter-density-quarter,hashlink,8,287.215654
string24,ahash,1024,iter-density-quarter,micro,8,354.910714
string24,ahash,1024,iter-density-quarter,baseline,8,248.646165
string24,ahash,1024,iter-density-quarter,quick_cache,8,191.690296
string24,ahash,1024,iter-density-half,micro,0,475.854103
string24,ahash,1024,iter-density-half,baseline,0,254.245020
string24,ahash,1024,iter-density-half,quick_cache,0,196.048363
string24,ahash,1024,iter-density-half,lru,0,600.040948
string24,ahash,1024,iter-density-half,hashlink,0,601.243295
string24,ahash,1024,iter-density-half,baseline,1,253.524311
string24,ahash,1024,iter-density-half,quick_cache,1,198.000752
string24,ahash,1024,iter-density-half,lru,1,652.506510
string24,ahash,1024,iter-density-half,hashlink,1,606.346899
string24,ahash,1024,iter-density-half,micro,1,475.149601
string24,ahash,1024,iter-density-half,quick_cache,2,197.264778
string24,ahash,1024,iter-density-half,lru,2,599.307591
string24,ahash,1024,iter-density-half,hashlink,2,597.263597
string24,ahash,1024,iter-density-half,micro,2,471.381589
string24,ahash,1024,iter-density-half,baseline,2,253.057140
string24,ahash,1024,iter-density-half,lru,3,606.871730
string24,ahash,1024,iter-density-half,hashlink,3,603.457770
string24,ahash,1024,iter-density-half,micro,3,466.258185
string24,ahash,1024,iter-density-half,baseline,3,253.257332
string24,ahash,1024,iter-density-half,quick_cache,3,197.311632
string24,ahash,1024,iter-density-half,hashlink,4,606.170300
string24,ahash,1024,iter-density-half,micro,4,468.325037
string24,ahash,1024,iter-density-half,baseline,4,256.801160
string24,ahash,1024,iter-density-half,quick_cache,4,198.807928
string24,ahash,1024,iter-density-half,lru,4,612.116455
string24,ahash,1024,iter-density-half,micro,5,477.467607
string24,ahash,1024,iter-density-half,baseline,5,247.494759
string24,ahash,1024,iter-density-half,quick_cache,5,191.933474
string24,ahash,1024,iter-density-half,lru,5,600.100814
string24,ahash,1024,iter-density-half,hashlink,5,599.636734
string24,ahash,1024,iter-density-half,baseline,6,254.796926
string24,ahash,1024,iter-density-half,quick_cache,6,196.429727
string24,ahash,1024,iter-density-half,lru,6,602.233534
string24,ahash,1024,iter-density-half,hashlink,6,603.749397
string24,ahash,1024,iter-density-half,micro,6,472.361216
string24,ahash,1024,iter-density-half,quick_cache,7,196.055834
string24,ahash,1024,iter-density-half,lru,7,611.831665
string24,ahash,1024,iter-density-half,hashlink,7,602.524038
string24,ahash,1024,iter-density-half,micro,7,478.039851
string24,ahash,1024,iter-density-half,baseline,7,259.899761
string24,ahash,1024,iter-density-half,lru,8,614.455637
string24,ahash,1024,iter-density-half,hashlink,8,619.251359
string24,ahash,1024,iter-density-half,micro,8,485.717488
string24,ahash,1024,iter-density-half,baseline,8,255.809278
string24,ahash,1024,iter-density-half,quick_cache,8,195.988017
string24,ahash,1024,iter-front,micro,0,1.153605
string24,ahash,1024,iter-front,baseline,0,256.788331
string24,ahash,1024,iter-front,quick_cache,0,193.015394
string24,ahash,1024,iter-front,lru,0,1.201905
string24,ahash,1024,iter-front,hashlink,0,1.154517
string24,ahash,1024,iter-front,baseline,1,258.610950
string24,ahash,1024,iter-front,quick_cache,1,192.456589
string24,ahash,1024,iter-front,lru,1,1.190903
string24,ahash,1024,iter-front,hashlink,1,1.163267
string24,ahash,1024,iter-front,micro,1,1.168347
string24,ahash,1024,iter-front,quick_cache,2,199.863131
string24,ahash,1024,iter-front,lru,2,1.189624
string24,ahash,1024,iter-front,hashlink,2,1.149286
string24,ahash,1024,iter-front,micro,2,1.152890
string24,ahash,1024,iter-front,baseline,2,259.162054
string24,ahash,1024,iter-front,lru,3,1.182100
string24,ahash,1024,iter-front,hashlink,3,1.152737
string24,ahash,1024,iter-front,micro,3,1.155661
string24,ahash,1024,iter-front,baseline,3,257.831806
string24,ahash,1024,iter-front,quick_cache,3,191.626455
string24,ahash,1024,iter-front,hashlink,4,1.177832
string24,ahash,1024,iter-front,micro,4,1.150835
string24,ahash,1024,iter-front,baseline,4,257.570119
string24,ahash,1024,iter-front,quick_cache,4,192.647398
string24,ahash,1024,iter-front,lru,4,1.248223
string24,ahash,1024,iter-front,micro,5,1.173242
string24,ahash,1024,iter-front,baseline,5,263.596121
string24,ahash,1024,iter-front,quick_cache,5,196.768553
string24,ahash,1024,iter-front,lru,5,1.182324
string24,ahash,1024,iter-front,hashlink,5,1.144865
string24,ahash,1024,iter-front,baseline,6,260.122036
string24,ahash,1024,iter-front,quick_cache,6,191.875959
string24,ahash,1024,iter-front,lru,6,1.176634
string24,ahash,1024,iter-front,hashlink,6,1.136703
string24,ahash,1024,iter-front,micro,6,1.154363
string24,ahash,1024,iter-front,quick_cache,7,194.783857
string24,ahash,1024,iter-front,lru,7,1.179388
string24,ahash,1024,iter-front,hashlink,7,1.138334
string24,ahash,1024,iter-front,micro,7,1.153111
string24,ahash,1024,iter-front,baseline,7,257.825371
string24,ahash,1024,iter-front,lru,8,1.241577
string24,ahash,1024,iter-front,hashlink,8,1.156345
string24,ahash,1024,iter-front,micro,8,1.173004
string24,ahash,1024,iter-front,baseline,8,261.779837
string24,ahash,1024,iter-front,quick_cache,8,194.528646
string24,ahash,1024,iter-back,micro,0,1.192257
string24,ahash,1024,iter-back,baseline,0,262.278052
string24,ahash,1024,iter-back,quick_cache,0,192.730811
string24,ahash,1024,iter-back,lru,0,1.190431
string24,ahash,1024,iter-back,hashlink,0,1.140469
string24,ahash,1024,iter-back,baseline,1,250.041650
string24,ahash,1024,iter-back,quick_cache,1,177.908419
string24,ahash,1024,iter-back,lru,1,1.184259
string24,ahash,1024,iter-back,hashlink,1,1.127377
string24,ahash,1024,iter-back,micro,1,1.145352
string24,ahash,1024,iter-back,quick_cache,2,186.953312
string24,ahash,1024,iter-back,lru,2,1.172511
string24,ahash,1024,iter-back,hashlink,2,1.158961
string24,ahash,1024,iter-back,micro,2,1.198007
string24,ahash,1024,iter-back,baseline,2,251.555366
string24,ahash,1024,iter-back,lru,3,1.167334
string24,ahash,1024,iter-back,hashlink,3,1.127752
string24,ahash,1024,iter-back,micro,3,1.155849
string24,ahash,1024,iter-back,baseline,3,249.989567
string24,ahash,1024,iter-back,quick_cache,3,186.547509
string24,ahash,1024,iter-back,hashlink,4,1.125761
string24,ahash,1024,iter-back,micro,4,1.157622
string24,ahash,1024,iter-back,baseline,4,250.986507
string24,ahash,1024,iter-back,quick_cache,4,186.957101
string24,ahash,1024,iter-back,lru,4,1.181108
string24,ahash,1024,iter-back,micro,5,1.153562
string24,ahash,1024,iter-back,baseline,5,249.372857
string24,ahash,1024,iter-back,quick_cache,5,190.967453
string24,ahash,1024,iter-back,lru,5,1.171913
string24,ahash,1024,iter-back,hashlink,5,1.157853
string24,ahash,1024,iter-back,baseline,6,253.874543
string24,ahash,1024,iter-back,quick_cache,6,188.704727
string24,ahash,1024,iter-back,lru,6,1.175395
string24,ahash,1024,iter-back,hashlink,6,1.158635
string24,ahash,1024,iter-back,micro,6,1.155627
string24,ahash,1024,iter-back,quick_cache,7,191.021050
string24,ahash,1024,iter-back,lru,7,1.169116
string24,ahash,1024,iter-back,hashlink,7,1.132287
string24,ahash,1024,iter-back,micro,7,1.162168
string24,ahash,1024,iter-back,baseline,7,249.387360
string24,ahash,1024,iter-back,lru,8,1.166489
string24,ahash,1024,iter-back,hashlink,8,1.155029
string24,ahash,1024,iter-back,micro,8,1.161805
string24,ahash,1024,iter-back,baseline,8,251.928996
string24,ahash,1024,iter-back,quick_cache,8,188.535057
string24,ahash,1024,iter-empty,micro,0,0.853811
string24,ahash,1024,iter-empty,baseline,0,255.892390
string24,ahash,1024,iter-empty,quick_cache,0,183.912390
string24,ahash,1024,iter-empty,lru,0,0.966624
string24,ahash,1024,iter-empty,hashlink,0,0.976611
string24,ahash,1024,iter-empty,baseline,1,250.018750
string24,ahash,1024,iter-empty,quick_cache,1,186.287917
string24,ahash,1024,iter-empty,lru,1,1.083850
string24,ahash,1024,iter-empty,hashlink,1,0.968560
string24,ahash,1024,iter-empty,micro,1,0.824034
string24,ahash,1024,iter-empty,quick_cache,2,183.502054
string24,ahash,1024,iter-empty,lru,2,0.948798
string24,ahash,1024,iter-empty,hashlink,2,0.971136
string24,ahash,1024,iter-empty,micro,2,0.828750
string24,ahash,1024,iter-empty,baseline,2,254.249238
string24,ahash,1024,iter-empty,lru,3,0.977063
string24,ahash,1024,iter-empty,hashlink,3,1.017193
string24,ahash,1024,iter-empty,micro,3,0.831812
string24,ahash,1024,iter-empty,baseline,3,242.125000
string24,ahash,1024,iter-empty,quick_cache,3,160.474397
string24,ahash,1024,iter-empty,hashlink,4,0.985164
string24,ahash,1024,iter-empty,micro,4,0.799805
string24,ahash,1024,iter-empty,baseline,4,250.994884
string24,ahash,1024,iter-empty,quick_cache,4,160.632644
string24,ahash,1024,iter-empty,lru,4,0.965126
string24,ahash,1024,iter-empty,micro,5,0.803111
string24,ahash,1024,iter-empty,baseline,5,249.692143
string24,ahash,1024,iter-empty,quick_cache,5,160.631327
string24,ahash,1024,iter-empty,lru,5,0.969257
string24,ahash,1024,iter-empty,hashlink,5,0.981945
string24,ahash,1024,iter-empty,baseline,6,249.769119
string24,ahash,1024,iter-empty,quick_cache,6,161.807453
string24,ahash,1024,iter-empty,lru,6,0.991126
string24,ahash,1024,iter-empty,hashlink,6,1.003178
string24,ahash,1024,iter-empty,micro,6,0.816131
string24,ahash,1024,iter-empty,quick_cache,7,162.333139
string24,ahash,1024,iter-empty,lru,7,0.972829
string24,ahash,1024,iter-empty,hashlink,7,0.982976
string24,ahash,1024,iter-empty,micro,7,0.818869
string24,ahash,1024,iter-empty,baseline,7,250.815108
string24,ahash,1024,iter-empty,lru,8,0.963644
string24,ahash,1024,iter-empty,hashlink,8,0.980054
string24,ahash,1024,iter-empty,micro,8,0.814884
string24,ahash,1024,iter-empty,baseline,8,251.404693
string24,ahash,1024,iter-empty,quick_cache,8,160.983619
string24,ahash,1024,iter-count,micro,0,0.387921
string24,ahash,1024,iter-count,baseline,0,255.874188
string24,ahash,1024,iter-count,quick_cache,0,462.220658
string24,ahash,1024,iter-count,lru,0,0.402532
string24,ahash,1024,iter-count,hashlink,0,0.387871
string24,ahash,1024,iter-count,baseline,1,246.643066
string24,ahash,1024,iter-count,quick_cache,1,455.819949
string24,ahash,1024,iter-count,lru,1,0.384393
string24,ahash,1024,iter-count,hashlink,1,0.390098
string24,ahash,1024,iter-count,micro,1,0.393982
string24,ahash,1024,iter-count,quick_cache,2,465.661458
string24,ahash,1024,iter-count,lru,2,0.388530
string24,ahash,1024,iter-count,hashlink,2,0.395216
string24,ahash,1024,iter-count,micro,2,0.396521
string24,ahash,1024,iter-count,baseline,2,254.343801
string24,ahash,1024,iter-count,lru,3,0.386906
string24,ahash,1024,iter-count,hashlink,3,0.393513
string24,ahash,1024,iter-count,micro,3,0.395149
string24,ahash,1024,iter-count,baseline,3,256.561181
string24,ahash,1024,iter-count,quick_cache,3,500.008105
string24,ahash,1024,iter-count,hashlink,4,0.408390
string24,ahash,1024,iter-count,micro,4,0.391681
string24,ahash,1024,iter-count,baseline,4,247.418463
string24,ahash,1024,iter-count,quick_cache,4,459.711119
string24,ahash,1024,iter-count,lru,4,0.385349
string24,ahash,1024,iter-count,micro,5,0.386298
string24,ahash,1024,iter-count,baseline,5,247.418463
string24,ahash,1024,iter-count,quick_cache,5,457.780705
string24,ahash,1024,iter-count,lru,5,0.387797
string24,ahash,1024,iter-count,hashlink,5,0.390475
string24,ahash,1024,iter-count,baseline,6,252.416366
string24,ahash,1024,iter-count,quick_cache,6,458.231195
string24,ahash,1024,iter-count,lru,6,0.389111
string24,ahash,1024,iter-count,hashlink,6,0.392438
string24,ahash,1024,iter-count,micro,6,0.398194
string24,ahash,1024,iter-count,quick_cache,7,505.880208
string24,ahash,1024,iter-count,lru,7,0.390944
string24,ahash,1024,iter-count,hashlink,7,0.394714
string24,ahash,1024,iter-count,micro,7,0.403208
string24,ahash,1024,iter-count,baseline,7,243.857301
string24,ahash,1024,iter-count,lru,8,0.391246
string24,ahash,1024,iter-count,hashlink,8,0.393133
string24,ahash,1024,iter-count,micro,8,0.394917
string24,ahash,1024,iter-count,baseline,8,253.294872
string24,ahash,1024,iter-count,quick_cache,8,458.749727
string24,ahash,16384,iter-dense,micro,0,6005.208333
string24,ahash,16384,iter-dense,baseline,0,6026.542067
string24,ahash,16384,iter-dense,quick_cache,0,6860.394022
string24,ahash,16384,iter-dense,lru,0,25098.401786
string24,ahash,16384,iter-dense,hashlink,0,25049.852679
string24,ahash,16384,iter-dense,baseline,1,6068.258413
string24,ahash,16384,iter-dense,quick_cache,1,6870.980978
string24,ahash,16384,iter-dense,lru,1,25548.178571
string24,ahash,16384,iter-dense,hashlink,1,23082.406250
string24,ahash,16384,iter-dense,micro,1,6063.852163
string24,ahash,16384,iter-dense,quick_cache,2,7075.182065
string24,ahash,16384,iter-dense,lru,2,26422.526042
string24,ahash,16384,iter-dense,hashlink,2,24761.160714
string24,ahash,16384,iter-dense,micro,2,5928.434028
string24,ahash,16384,iter-dense,baseline,2,6003.714120
string24,ahash,16384,iter-dense,lru,3,23726.745536
string24,ahash,16384,iter-dense,hashlink,3,26692.708333
string24,ahash,16384,iter-dense,micro,3,6082.731971
string24,ahash,16384,iter-dense,baseline,3,6058.794471
string24,ahash,16384,iter-dense,quick_cache,3,6893.398098
string24,ahash,16384,iter-dense,hashlink,4,23000.558036
string24,ahash,16384,iter-dense,micro,4,6016.727163
string24,ahash,16384,iter-dense,baseline,4,6036.709135
string24,ahash,16384,iter-dense,quick_cache,4,6825.691576
string24,ahash,16384,iter-dense,lru,4,24853.424107
string24,ahash,16384,iter-dense,micro,5,5994.406250
string24,ahash,16384,iter-dense,baseline,5,6017.227163
string24,ahash,16384,iter-dense,quick_cache,5,6857.732337
string24,ahash,16384,iter-dense,lru,5,24507.995536
string24,ahash,16384,iter-dense,hashlink,5,25422.433036
string24,ahash,16384,iter-dense,baseline,6,6095.352163
string24,ahash,16384,iter-dense,quick_cache,6,6892.889946
string24,ahash,16384,iter-dense,lru,6,23543.151786
string24,ahash,16384,iter-dense,hashlink,6,24758.745536
string24,ahash,16384,iter-dense,micro,6,5980.805556
string24,ahash,16384,iter-dense,quick_cache,7,6887.171196
string24,ahash,16384,iter-dense,lru,7,23133.370536
string24,ahash,16384,iter-dense,hashlink,7,25596.169643
string24,ahash,16384,iter-dense,micro,7,5817.949074
string24,ahash,16384,iter-dense,baseline,7,5961.660880
string24,ahash,16384,iter-dense,lru,8,25924.477679
string24,ahash,16384,iter-dense,hashlink,8,23996.651786
string24,ahash,16384,iter-dense,micro,8,6090.694712
string24,ahash,16384,iter-dense,baseline,8,6133.413462
string24,ahash,16384,iter-dense,quick_cache,8,6853.940217
string24,ahash,16384,iter-dense-for,micro,0,6053.335337
string24,ahash,16384,iter-dense-for,baseline,0,6058.143029
string24,ahash,16384,iter-dense-for,quick_cache,0,7097.713315
string24,ahash,16384,iter-dense-for,lru,0,20921.710938
string24,ahash,16384,iter-dense-for,hashlink,0,27238.281250
string24,ahash,16384,iter-dense-for,baseline,1,6022.085337
string24,ahash,16384,iter-dense-for,quick_cache,1,7044.497283
string24,ahash,16384,iter-dense-for,lru,1,20974.285156
string24,ahash,16384,iter-dense-for,hashlink,1,27268.229167
string24,ahash,16384,iter-dense-for,micro,1,6059.846154
string24,ahash,16384,iter-dense-for,quick_cache,2,7108.014205
string24,ahash,16384,iter-dense-for,lru,2,23050.593750
string24,ahash,16384,iter-dense-for,hashlink,2,27177.520833
string24,ahash,16384,iter-dense-for,micro,2,6022.435096
string24,ahash,16384,iter-dense-for,baseline,2,6055.438702
string24,ahash,16384,iter-dense-for,lru,3,21112.468750
string24,ahash,16384,iter-dense-for,hashlink,3,27755.645833
string24,ahash,16384,iter-dense-for,micro,3,6019.632212
string24,ahash,16384,iter-dense-for,baseline,3,6034.705529
string24,ahash,16384,iter-dense-for,quick_cache,3,7077.898098
string24,ahash,16384,iter-dense-for,hashlink,4,21735.515625
string24,ahash,16384,iter-dense-for,micro,4,6027.243990
string24,ahash,16384,iter-dense-for,baseline,4,6099.859375
string24,ahash,16384,iter-dense-for,quick_cache,4,7114.938920
string24,ahash,16384,iter-dense-for,lru,4,26074.218750
string24,ahash,16384,iter-dense-for,micro,5,6083.383413
string24,ahash,16384,iter-dense-for,baseline,5,6033.753606
string24,ahash,16384,iter-dense-for,quick_cache,5,7052.763587
string24,ahash,16384,iter-dense-for,lru,5,20682.777344
string24,ahash,16384,iter-dense-for,hashlink,5,27452.260417
string24,ahash,16384,iter-dense-for,baseline,6,6057.692308
string24,ahash,16384,iter-dense-for,quick_cache,6,7051.120924
string24,ahash,16384,iter-dense-for,lru,6,20833.335938
string24,ahash,16384,iter-dense-for,hashlink,6,27319.661458
string24,ahash,16384,iter-dense-for,micro,6,6011.617788
string24,ahash,16384,iter-dense-for,quick_cache,7,7108.014205
string24,ahash,16384,iter-dense-for,lru,7,22103.839844
string24,ahash,16384,iter-dense-for,hashlink,7,28104.817708
string24,ahash,16384,iter-dense-for,micro,7,6029.396635
string24,ahash,16384,iter-dense-for,baseline,7,6057.241587
string24,ahash,16384,iter-dense-for,lru,8,20935.546875
string24,ahash,16384,iter-dense-for,hashlink,8,26997.395833
string24,ahash,16384,iter-dense-for,micro,8,6005.689815
string24,ahash,16384,iter-dense-for,baseline,8,6032.701923
string24,ahash,16384,iter-dense-for,quick_cache,8,7036.402174
string24,ahash,16384,iter-density-1pct,micro,0,323.086196
string24,ahash,16384,iter-density-1pct,baseline,0,6369.480000
string24,ahash,16384,iter-density-1pct,quick_cache,0,8166.015625
string24,ahash,16384,iter-density-1pct,lru,0,181.287159
string24,ahash,16384,iter-density-1pct,hashlink,0,181.063514
string24,ahash,16384,iter-density-1pct,baseline,1,6515.000000
string24,ahash,16384,iter-density-1pct,quick_cache,1,7004.642663
string24,ahash,16384,iter-density-1pct,lru,1,177.158624
string24,ahash,16384,iter-density-1pct,hashlink,1,172.134568
string24,ahash,16384,iter-density-1pct,micro,1,322.277706
string24,ahash,16384,iter-density-1pct,quick_cache,2,6582.736979
string24,ahash,16384,iter-density-1pct,lru,2,173.599057
string24,ahash,16384,iter-density-1pct,hashlink,2,173.242032
string24,ahash,16384,iter-density-1pct,micro,2,320.592661
string24,ahash,16384,iter-density-1pct,baseline,2,6159.254808
string24,ahash,16384,iter-density-1pct,lru,3,173.460357
string24,ahash,16384,iter-density-1pct,hashlink,3,173.778924
string24,ahash,16384,iter-density-1pct,micro,3,320.959510
string24,ahash,16384,iter-density-1pct,baseline,3,6382.031250
string24,ahash,16384,iter-density-1pct,quick_cache,3,6766.546875
string24,ahash,16384,iter-density-1pct,hashlink,4,176.516048
string24,ahash,16384,iter-density-1pct,micro,4,320.624680
string24,ahash,16384,iter-density-1pct,baseline,4,6225.159856
string24,ahash,16384,iter-density-1pct,quick_cache,4,6770.562500
string24,ahash,16384,iter-density-1pct,lru,4,175.050742
string24,ahash,16384,iter-density-1pct,micro,5,323.080772
string24,ahash,16384,iter-density-1pct,baseline,5,6222.555288
string24,ahash,16384,iter-density-1pct,quick_cache,5,6837.296196
string24,ahash,16384,iter-density-1pct,lru,5,174.116648
string24,ahash,16384,iter-density-1pct,hashlink,5,173.366200
string24,ahash,16384,iter-density-1pct,baseline,6,6227.664663
string24,ahash,16384,iter-density-1pct,quick_cache,6,6890.908967
string24,ahash,16384,iter-density-1pct,lru,6,186.600351
string24,ahash,16384,iter-density-1pct,hashlink,6,174.946693
string24,ahash,16384,iter-density-1pct,micro,6,324.092068
string24,ahash,16384,iter-density-1pct,quick_cache,7,6659.885417
string24,ahash,16384,iter-density-1pct,lru,7,173.571622
string24,ahash,16384,iter-density-1pct,hashlink,7,173.815802
string24,ahash,16384,iter-density-1pct,micro,7,322.535438
string24,ahash,16384,iter-density-1pct,baseline,7,6193.860577
string24,ahash,16384,iter-density-1pct,lru,8,173.725417
string24,ahash,16384,iter-density-1pct,hashlink,8,173.200166
string24,ahash,16384,iter-density-1pct,micro,8,320.547323
string24,ahash,16384,iter-density-1pct,baseline,8,6161.558894
string24,ahash,16384,iter-density-1pct,quick_cache,8,6515.354167
string24,ahash,16384,iter-density-6pct,micro,0,5425.691810
string24,ahash,16384,iter-density-6pct,baseline,0,5563.352371
string24,ahash,16384,iter-density-6pct,quick_cache,0,6523.709635
string24,ahash,16384,iter-density-6pct,lru,0,1269.940776
string24,ahash,16384,iter-density-6pct,hashlink,0,1244.533482
string24,ahash,16384,iter-density-6pct,baseline,1,5503.052802
string24,ahash,16384,iter-density-6pct,quick_cache,1,6453.125000
string24,ahash,16384,iter-density-6pct,lru,1,1249.545387
string24,ahash,16384,iter-density-6pct,hashlink,1,1248.212302
string24,ahash,16384,iter-density-6pct,micro,1,5516.433190
string24,ahash,16384,iter-density-6pct,quick_cache,2,6498.750000
string24,ahash,16384,iter-density-6pct,lru,2,1253.437500
string24,ahash,16384,iter-density-6pct,hashlink,2,1250.375000
string24,ahash,16384,iter-density-6pct,micro,2,5654.436384
string24,ahash,16384,iter-density-6pct,baseline,2,5673.409598
string24,ahash,16384,iter-density-6pct,lru,3,1271.468496
string24,ahash,16384,iter-density-6pct,hashlink,3,1240.978423
string24,ahash,16384,iter-density-6pct,micro,3,5669.782366
string24,ahash,16384,iter-density-6pct,baseline,3,5560.164871
string24,ahash,16384,iter-density-6pct,quick_cache,3,6550.726562
string24,ahash,16384,iter-density-6pct,hashlink,4,1244.295635
string24,ahash,16384,iter-density-6pct,micro,4,5581.627155
string24,ahash,16384,iter-density-6pct,baseline,4,5549.927802
string24,ahash,16384,iter-density-6pct,quick_cache,4,6479.583750
string24,ahash,16384,iter-density-6pct,lru,4,1244.368056
string24,ahash,16384,iter-density-6pct,micro,5,5672.340402
string24,ahash,16384,iter-density-6pct,baseline,5,5586.263393
string24,ahash,16384,iter-density-6pct,quick_cache,5,6590.875000
string24,ahash,16384,iter-density-6pct,lru,5,1296.239928
string24,ahash,16384,iter-density-6pct,hashlink,5,1242.869544
string24,ahash,16384,iter-density-6pct,baseline,6,5609.282366
string24,ahash,16384,iter-density-6pct,quick_cache,6,6541.070312
string24,ahash,16384,iter-density-6pct,lru,6,1257.510250
string24,ahash,16384,iter-density-6pct,hashlink,6,1247.550843
string24,ahash,16384,iter-density-6pct,micro,6,5616.768973
string24,ahash,16384,iter-density-6pct,quick_cache,7,6530.707031
string24,ahash,16384,iter-density-6pct,lru,7,1271.997713
string24,ahash,16384,iter-density-6pct,hashlink,7,1249.204117
string24,ahash,16384,iter-density-6pct,micro,7,5706.239955
string24,ahash,16384,iter-density-6pct,baseline,7,5654.436384
string24,ahash,16384,iter-density-6pct,lru,8,1311.393229
string24,ahash,16384,iter-density-6pct,hashlink,8,1316.734506
string24,ahash,16384,iter-density-6pct,micro,8,5654.204241
string24,ahash,16384,iter-density-6pct,baseline,8,5645.228795
string24,ahash,16384,iter-density-6pct,quick_cache,8,6592.175781
string24,ahash,16384,iter-density-quarter,micro,0,6070.612981
string24,ahash,16384,iter-density-quarter,baseline,0,5809.268519
string24,ahash,16384,iter-density-quarter,quick_cache,0,6879.190217
string24,ahash,16384,iter-density-quarter,lru,0,10832.118750
string24,ahash,16384,iter-density-quarter,hashlink,0,9310.891544
string24,ahash,16384,iter-density-quarter,baseline,1,5789.834491
string24,ahash,16384,iter-density-quarter,quick_cache,1,7899.804688
string24,ahash,16384,iter-density-quarter,lru,1,10618.314583
string24,ahash,16384,iter-density-quarter,hashlink,1,10291.830078
string24,ahash,16384,iter-density-quarter,micro,1,6274.583750
string24,ahash,16384,iter-density-quarter,quick_cache,2,6959.578804
string24,ahash,16384,iter-density-quarter,lru,2,12352.865385
string24,ahash,16384,iter-density-quarter,hashlink,2,10000.326172
string24,ahash,16384,iter-density-quarter,micro,2,5963.975694
string24,ahash,16384,iter-density-quarter,baseline,2,5800.781250
string24,ahash,16384,iter-density-quarter,lru,3,12518.528846
string24,ahash,16384,iter-density-quarter,hashlink,3,9913.166016
string24,ahash,16384,iter-density-quarter,micro,3,5922.405093
string24,ahash,16384,iter-density-quarter,baseline,3,5808.449074
string24,ahash,16384,iter-density-quarter,quick_cache,3,6748.805990
string24,ahash,16384,iter-density-quarter,hashlink,4,9148.220486
string24,ahash,16384,iter-density-quarter,micro,4,6010.617788
string24,ahash,16384,iter-density-quarter,baseline,4,5963.927083
string24,ahash,16384,iter-density-quarter,quick_cache,4,6766.819010
string24,ahash,16384,iter-density-quarter,lru,4,10248.128906
string24,ahash,16384,iter-density-quarter,micro,5,5980.372685
string24,ahash,16384,iter-density-quarter,baseline,5,5826.774306
string24,ahash,16384,iter-density-quarter,quick_cache,5,6758.028646
string24,ahash,16384,iter-density-quarter,lru,5,12288.161058
string24,ahash,16384,iter-density-quarter,hashlink,5,9777.750000
string24,ahash,16384,iter-density-quarter,baseline,6,5748.186384
string24,ahash,16384,iter-density-quarter,quick_cache,6,6740.722656
string24,ahash,16384,iter-density-quarter,lru,6,12504.007212
string24,ahash,16384,iter-density-quarter,hashlink,6,9804.605469
string24,ahash,16384,iter-density-quarter,micro,6,6002.555556
string24,ahash,16384,iter-density-quarter,quick_cache,7,7136.778409
string24,ahash,16384,iter-density-quarter,lru,7,12508.112981
string24,ahash,16384,iter-density-quarter,hashlink,7,9906.005859
string24,ahash,16384,iter-density-quarter,micro,7,5969.858796
string24,ahash,16384,iter-density-quarter,baseline,7,5781.342634
string24,ahash,16384,iter-density-quarter,lru,8,12346.555288
string24,ahash,16384,iter-density-quarter,hashlink,8,9859.375000
string24,ahash,16384,iter-density-quarter,micro,8,5963.060185
string24,ahash,16384,iter-density-quarter,baseline,8,5766.833705
string24,ahash,16384,iter-density-quarter,quick_cache,8,6796.932065
string24,ahash,16384,iter-density-half,micro,0,7884.439062
string24,ahash,16384,iter-density-half,baseline,0,5814.572917
string24,ahash,16384,iter-density-half,quick_cache,0,6536.837240
string24,ahash,16384,iter-density-half,lru,0,15489.346591
string24,ahash,16384,iter-density-half,hashlink,0,14397.727273
string24,ahash,16384,iter-density-half,baseline,1,5824.025463
string24,ahash,16384,iter-density-half,quick_cache,1,6687.662760
string24,ahash,16384,iter-density-half,lru,1,16814.715625
string24,ahash,16384,iter-density-half,hashlink,1,13874.567708
string24,ahash,16384,iter-density-half,micro,1,7638.641369
string24,ahash,16384,iter-density-half,quick_cache,2,6720.540365
string24,ahash,16384,iter-density-half,lru,2,16614.581250
string24,ahash,16384,iter-density-half,hashlink,2,13804.687500
string24,ahash,16384,iter-density-half,micro,2,7692.273810
string24,ahash,16384,iter-density-half,baseline,2,5857.542824
string24,ahash,16384,iter-density-half,lru,3,16734.506250
string24,ahash,16384,iter-density-half,hashlink,3,16782.550000
string24,ahash,16384,iter-density-half,micro,3,7599.392857
string24,ahash,16384,iter-density-half,baseline,3,5859.567130
string24,ahash,16384,iter-density-half,quick_cache,3,6756.945312
string24,ahash,16384,iter-density-half,hashlink,4,18586.371528
string24,ahash,16384,iter-density-half,micro,4,7821.180060
string24,ahash,16384,iter-density-half,baseline,4,5914.979167
string24,ahash,16384,iter-density-half,quick_cache,4,6940.896739
string24,ahash,16384,iter-density-half,lru,4,14904.119318
string24,ahash,16384,iter-density-half,micro,5,7842.968750
string24,ahash,16384,iter-density-half,baseline,5,5926.021991
string24,ahash,16384,iter-density-half,quick_cache,5,6990.206522
string24,ahash,16384,iter-density-half,lru,5,18277.201389
string24,ahash,16384,iter-density-half,hashlink,5,15987.368750
string24,ahash,16384,iter-density-half,baseline,6,5790.751157
string24,ahash,16384,iter-density-half,quick_cache,6,6655.977865
string24,ahash,16384,iter-density-half,lru,6,17500.868056
string24,ahash,16384,iter-density-half,hashlink,6,15494.434659
string24,ahash,16384,iter-density-half,micro,6,7707.526786
string24,ahash,16384,iter-density-half,quick_cache,7,6785.319010
string24,ahash,16384,iter-density-half,lru,7,17879.628472
string24,ahash,16384,iter-density-half,hashlink,7,15327.414773
string24,ahash,16384,iter-density-half,micro,7,7714.285714
string24,ahash,16384,iter-density-half,baseline,7,5865.065972
string24,ahash,16384,iter-density-half,lru,8,17769.819444
string24,ahash,16384,iter-density-half,hashlink,8,14867.306818
string24,ahash,16384,iter-density-half,micro,8,7966.731250
string24,ahash,16384,iter-density-half,baseline,8,5915.171296
string24,ahash,16384,iter-density-half,quick_cache,8,6909.194293
string24,ahash,16384,iter-front,micro,0,1.159684
string24,ahash,16384,iter-front,baseline,0,5521.327586
string24,ahash,16384,iter-front,quick_cache,0,6866.790761
string24,ahash,16384,iter-front,lru,0,1.195925
string24,ahash,16384,iter-front,hashlink,0,1.127792
string24,ahash,16384,iter-front,baseline,1,5288.151042
string24,ahash,16384,iter-front,quick_cache,1,6554.036458
string24,ahash,16384,iter-front,lru,1,1.166785
string24,ahash,16384,iter-front,hashlink,1,1.140777
string24,ahash,16384,iter-front,micro,1,1.166497
string24,ahash,16384,iter-front,quick_cache,2,6649.957031
string24,ahash,16384,iter-front,lru,2,1.209384
string24,ahash,16384,iter-front,hashlink,2,1.147690
string24,ahash,16384,iter-front,micro,2,1.161097
string24,ahash,16384,iter-front,baseline,2,5467.896552
string24,ahash,16384,iter-front,lru,3,1.170903
string24,ahash,16384,iter-front,hashlink,3,1.153911
string24,ahash,16384,iter-front,micro,3,1.158291
string24,ahash,16384,iter-front,baseline,3,5437.320043
string24,ahash,16384,iter-front,quick_cache,3,6661.891927
string24,ahash,16384,iter-front,hashlink,4,1.124861
string24,ahash,16384,iter-front,micro,4,1.148205
string24,ahash,16384,iter-front,baseline,4,5298.697917
string24,ahash,16384,iter-front,quick_cache,4,6705.295573
string24,ahash,16384,iter-front,lru,4,1.201766
string24,ahash,16384,iter-front,micro,5,1.175510
string24,ahash,16384,iter-front,baseline,5,5490.840517
string24,ahash,16384,iter-front,quick_cache,5,6874.603261
string24,ahash,16384,iter-front,lru,5,1.189769
string24,ahash,16384,iter-front,hashlink,5,1.154167
string24,ahash,16384,iter-front,baseline,6,5517.286638
string24,ahash,16384,iter-front,quick_cache,6,6917.289402
string24,ahash,16384,iter-front,lru,6,1.188032
string24,ahash,16384,iter-front,hashlink,6,1.155430
string24,ahash,16384,iter-front,micro,6,1.155661
string24,ahash,16384,iter-front,quick_cache,7,6942.482337
string24,ahash,16384,iter-front,lru,7,1.189009
string24,ahash,16384,iter-front,hashlink,7,1.157382
string24,ahash,16384,iter-front,micro,7,1.174794
string24,ahash,16384,iter-front,baseline,7,5556.573276
string24,ahash,16384,iter-front,lru,8,1.183685
string24,ahash,16384,iter-front,hashlink,8,1.139330
string24,ahash,16384,iter-front,micro,8,1.156611
string24,ahash,16384,iter-front,baseline,8,5497.081897
string24,ahash,16384,iter-front,quick_cache,8,6929.517663
string24,ahash,16384,iter-back,micro,0,1.188773
string24,ahash,16384,iter-back,baseline,0,5424.973060
string24,ahash,16384,iter-back,quick_cache,0,6925.836957
string24,ahash,16384,iter-back,lru,0,1.177725
string24,ahash,16384,iter-back,hashlink,0,1.135703
string24,ahash,16384,iter-back,baseline,1,5576.464440
string24,ahash,16384,iter-back,quick_cache,1,7203.005682
string24,ahash,16384,iter-back,lru,1,1.202339
string24,ahash,16384,iter-back,hashlink,1,1.150267
string24,ahash,16384,iter-back,micro,1,1.164455
string24,ahash,16384,iter-back,quick_cache,2,6936.933424
string24,ahash,16384,iter-back,lru,2,1.194946
string24,ahash,16384,iter-back,hashlink,2,1.156277
string24,ahash,16384,iter-back,micro,2,1.176803
string24,ahash,16384,iter-back,baseline,2,5142.893145
string24,ahash,16384,iter-back,lru,3,1.163951
string24,ahash,16384,iter-back,hashlink,3,1.172238
string24,ahash,16384,iter-back,micro,3,1.166071
string24,ahash,16384,iter-back,baseline,3,5351.084375
string24,ahash,16384,iter-back,quick_cache,3,6768.554688
string24,ahash,16384,iter-back,hashlink,4,1.196236
string24,ahash,16384,iter-back,micro,4,1.175210
string24,ahash,16384,iter-back,baseline,4,5306.206250
string24,ahash,16384,iter-back,quick_cache,4,6947.123641
string24,ahash,16384,iter-back,lru,4,1.171386
string24,ahash,16384,iter-back,micro,5,1.156106
string24,ahash,16384,iter-back,baseline,5,5406.608836
string24,ahash,16384,iter-back,quick_cache,5,6901.042120
string24,ahash,16384,iter-back,lru,5,1.204638
string24,ahash,16384,iter-back,hashlink,5,1.163414
string24,ahash,16384,iter-back,baseline,6,5510.595905
string24,ahash,16384,iter-back,quick_cache,6,6872.057065
string24,ahash,16384,iter-back,lru,6,1.190195
string24,ahash,16384,iter-back,hashlink,6,1.202127
string24,ahash,16384,iter-back,micro,6,1.182941
string24,ahash,16384,iter-back,quick_cache,7,7029.438859
string24,ahash,16384,iter-back,lru,7,1.217403
string24,ahash,16384,iter-back,hashlink,7,1.176183
string24,ahash,16384,iter-back,micro,7,1.161365
string24,ahash,16384,iter-back,baseline,7,5523.752155
string24,ahash,16384,iter-back,lru,8,1.183847
string24,ahash,16384,iter-back,hashlink,8,1.147362
string24,ahash,16384,iter-back,micro,8,1.157810
string24,ahash,16384,iter-back,baseline,8,5364.756250
string24,ahash,16384,iter-back,quick_cache,8,6856.148098
string24,ahash,16384,iter-empty,micro,0,0.831212
string24,ahash,16384,iter-empty,baseline,0,5435.254310
string24,ahash,16384,iter-empty,quick_cache,0,6993.773098
string24,ahash,16384,iter-empty,lru,0,0.993331
string24,ahash,16384,iter-empty,hashlink,0,0.987786
string24,ahash,16384,iter-empty,baseline,1,5296.006250
string24,ahash,16384,iter-empty,quick_cache,1,6645.290365
string24,ahash,16384,iter-empty,lru,1,0.972660
string24,ahash,16384,iter-empty,hashlink,1,0.986228
string24,ahash,16384,iter-empty,micro,1,0.826610
string24,ahash,16384,iter-empty,quick_cache,2,6830.048913
string24,ahash,16384,iter-empty,lru,2,0.971758
string24,ahash,16384,iter-empty,hashlink,2,0.991975
string24,ahash,16384,iter-empty,micro,2,0.816823
string24,ahash,16384,iter-empty,baseline,2,5463.766164
string24,ahash,16384,iter-empty,lru,3,0.985537
string24,ahash,16384,iter-empty,hashlink,3,1.002618
string24,ahash,16384,iter-empty,micro,3,0.831418
string24,ahash,16384,iter-empty,baseline,3,5354.817708
string24,ahash,16384,iter-empty,quick_cache,3,6868.489130
string24,ahash,16384,iter-empty,hashlink,4,0.988999
string24,ahash,16384,iter-empty,micro,4,0.835642
string24,ahash,16384,iter-empty,baseline,4,5394.216595
string24,ahash,16384,iter-empty,quick_cache,4,6894.021739
string24,ahash,16384,iter-empty,lru,4,0.977852
string24,ahash,16384,iter-empty,micro,5,0.825017
string24,ahash,16384,iter-empty,baseline,5,5518.992457
string24,ahash,16384,iter-empty,quick_cache,5,6834.805707
string24,ahash,16384,iter-empty,lru,5,0.982834
string24,ahash,16384,iter-empty,hashlink,5,1.001866
string24,ahash,16384,iter-empty,baseline,6,5449.937500
string24,ahash,16384,iter-empty,quick_cache,6,6929.063859
string24,ahash,16384,iter-empty,lru,6,0.989481
string24,ahash,16384,iter-empty,hashlink,6,0.993281
string24,ahash,16384,iter-empty,micro,6,0.830243
string24,ahash,16384,iter-empty,quick_cache,7,6858.581522
string24,ahash,16384,iter-empty,lru,7,0.978115
string24,ahash,16384,iter-empty,hashlink,7,0.993091
string24,ahash,16384,iter-empty,micro,7,0.832033
string24,ahash,16384,iter-empty,baseline,7,5389.008621
string24,ahash,16384,iter-empty,lru,8,0.983100
string24,ahash,16384,iter-empty,hashlink,8,0.962439
string24,ahash,16384,iter-empty,micro,8,0.819668
string24,ahash,16384,iter-empty,baseline,8,5407.238147
string24,ahash,16384,iter-empty,quick_cache,8,6716.579427
string24,ahash,16384,iter-count,micro,0,0.392047
string24,ahash,16384,iter-count,baseline,0,5394.247070
string24,ahash,16384,iter-count,quick_cache,0,7685.819010
string24,ahash,16384,iter-count,lru,0,0.391337
string24,ahash,16384,iter-count,hashlink,0,0.394080
string24,ahash,16384,iter-count,baseline,1,5329.589844
string24,ahash,16384,iter-count,quick_cache,1,7668.674479
string24,ahash,16384,iter-count,lru,1,0.390820
string24,ahash,16384,iter-count,hashlink,1,0.392654
string24,ahash,16384,iter-count,micro,1,0.393576
string24,ahash,16384,iter-count,quick_cache,2,8575.791667
string24,ahash,16384,iter-count,lru,2,0.381634
string24,ahash,16384,iter-count,hashlink,2,0.384504
string24,ahash,16384,iter-count,micro,2,0.395109
string24,ahash,16384,iter-count,baseline,2,5174.234375
string24,ahash,16384,iter-count,lru,3,0.391431
string24,ahash,16384,iter-count,hashlink,3,0.391573
string24,ahash,16384,iter-count,micro,3,0.393426
string24,ahash,16384,iter-count,baseline,3,5276.000977
string24,ahash,16384,iter-count,quick_cache,3,7725.260417
string24,ahash,16384,iter-count,hashlink,4,0.391580
string24,ahash,16384,iter-count,micro,4,0.393496
string24,ahash,16384,iter-count,baseline,4,5238.485352
string24,ahash,16384,iter-count,quick_cache,4,7705.566406
string24,ahash,16384,iter-count,lru,4,0.385509
string24,ahash,16384,iter-count,micro,5,0.390227
string24,ahash,16384,iter-count,baseline,5,5238.729492
string24,ahash,16384,iter-count,quick_cache,5,7669.216146
string24,ahash,16384,iter-count,lru,5,0.390988
string24,ahash,16384,iter-count,hashlink,5,0.392939
string24,ahash,16384,iter-count,baseline,6,5437.785156
string24,ahash,16384,iter-count,quick_cache,6,7666.123698
string24,ahash,16384,iter-count,lru,6,0.391683
string24,ahash,16384,iter-count,hashlink,6,0.394925
string24,ahash,16384,iter-count,micro,6,0.398947
string24,ahash,16384,iter-count,quick_cache,7,7769.856771
string24,ahash,16384,iter-count,lru,7,0.391953
string24,ahash,16384,iter-count,hashlink,7,0.395121
string24,ahash,16384,iter-count,micro,7,0.395109
string24,ahash,16384,iter-count,baseline,7,5513.793945
string24,ahash,16384,iter-count,lru,8,0.392967
string24,ahash,16384,iter-count,hashlink,8,0.390594
string24,ahash,16384,iter-count,micro,8,0.392741
string24,ahash,16384,iter-count,baseline,8,5273.884766
string24,ahash,16384,iter-count,quick_cache,8,7692.763021
string128,sip,128,iter-dense,micro,0,38.385071
string128,sip,128,iter-dense,baseline,0,37.457365
string128,sip,128,iter-dense,quick_cache,0,30.220122
string128,sip,128,iter-dense,lru,0,132.661078
string128,sip,128,iter-dense,hashlink,0,126.609944
string128,sip,128,iter-dense,baseline,1,36.867171
string128,sip,128,iter-dense,quick_cache,1,29.263471
string128,sip,128,iter-dense,lru,1,127.393006
string128,sip,128,iter-dense,hashlink,1,126.055318
string128,sip,128,iter-dense,micro,1,37.714217
string128,sip,128,iter-dense,quick_cache,2,29.217500
string128,sip,128,iter-dense,lru,2,127.072739
string128,sip,128,iter-dense,hashlink,2,126.536134
string128,sip,128,iter-dense,micro,2,38.469158
string128,sip,128,iter-dense,baseline,2,37.303175
string128,sip,128,iter-dense,lru,3,126.139175
string128,sip,128,iter-dense,hashlink,3,127.836263
string128,sip,128,iter-dense,micro,3,37.866110
string128,sip,128,iter-dense,baseline,3,38.095936
string128,sip,128,iter-dense,quick_cache,3,29.816739
string128,sip,128,iter-dense,hashlink,4,128.642618
string128,sip,128,iter-dense,micro,4,37.989621
string128,sip,128,iter-dense,baseline,4,37.653742
string128,sip,128,iter-dense,quick_cache,4,29.586526
string128,sip,128,iter-dense,lru,4,127.035696
string128,sip,128,iter-dense,micro,5,38.362386
string128,sip,128,iter-dense,baseline,5,37.595975
string128,sip,128,iter-dense,quick_cache,5,29.550740
string128,sip,128,iter-dense,lru,5,126.815313
string128,sip,128,iter-dense,hashlink,5,126.503287
string128,sip,128,iter-dense,baseline,6,37.175827
string128,sip,128,iter-dense,quick_cache,6,29.326694
string128,sip,128,iter-dense,lru,6,128.064855
string128,sip,128,iter-dense,hashlink,6,129.054629
string128,sip,128,iter-dense,micro,6,38.555869
string128,sip,128,iter-dense,quick_cache,7,30.048828
string128,sip,128,iter-dense,lru,7,131.888423
string128,sip,128,iter-dense,hashlink,7,126.148658
string128,sip,128,iter-dense,micro,7,38.335109
string128,sip,128,iter-dense,baseline,7,37.691947
string128,sip,128,iter-dense,lru,8,126.091028
string128,sip,128,iter-dense,hashlink,8,126.548785
string128,sip,128,iter-dense,micro,8,38.195819
string128,sip,128,iter-dense,baseline,8,36.120016
string128,sip,128,iter-dense,quick_cache,8,28.488206
string128,sip,128,iter-dense-for,micro,0,37.109527
string128,sip,128,iter-dense-for,baseline,0,36.706696
string128,sip,128,iter-dense-for,quick_cache,0,65.327890
string128,sip,128,iter-dense-for,lru,0,76.660710
string128,sip,128,iter-dense-for,hashlink,0,69.004098
string128,sip,128,iter-dense-for,baseline,1,36.450439
string128,sip,128,iter-dense-for,quick_cache,1,69.569276
string128,sip,128,iter-dense-for,lru,1,78.344956
string128,sip,128,iter-dense-for,hashlink,1,69.392013
string128,sip,128,iter-dense-for,micro,1,37.412220
string128,sip,128,iter-dense-for,quick_cache,2,66.002653
string128,sip,128,iter-dense-for,lru,2,79.296946
string128,sip,128,iter-dense-for,hashlink,2,72.051017
string128,sip,128,iter-dense-for,micro,2,37.495816
string128,sip,128,iter-dense-for,baseline,2,37.205171
string128,sip,128,iter-dense-for,lru,3,77.363722
string128,sip,128,iter-dense-for,hashlink,3,68.529770
string128,sip,128,iter-dense-for,micro,3,37.756017
string128,sip,128,iter-dense-for,baseline,3,37.271636
string128,sip,128,iter-dense-for,quick_cache,3,65.688708
string128,sip,128,iter-dense-for,hashlink,4,68.669458
string128,sip,128,iter-dense-for,micro,4,37.664693
string128,sip,128,iter-dense-for,baseline,4,38.280354
string128,sip,128,iter-dense-for,quick_cache,4,66.482680
string128,sip,128,iter-dense-for,lru,4,78.104838
string128,sip,128,iter-dense-for,micro,5,37.972418
string128,sip,128,iter-dense-for,baseline,5,37.141409
string128,sip,128,iter-dense-for,quick_cache,5,66.085822
string128,sip,128,iter-dense-for,lru,5,77.026352
string128,sip,128,iter-dense-for,hashlink,5,68.180983
string128,sip,128,iter-dense-for,baseline,6,36.904250
string128,sip,128,iter-dense-for,quick_cache,6,65.994391
string128,sip,128,iter-dense-for,lru,6,76.709131
string128,sip,128,iter-dense-for,hashlink,6,68.140284
string128,sip,128,iter-dense-for,micro,6,37.670014
string128,sip,128,iter-dense-for,quick_cache,7,65.876528
string128,sip,128,iter-dense-for,lru,7,76.542988
string128,sip,128,iter-dense-for,hashlink,7,69.279948
string128,sip,128,iter-dense-for,micro,7,38.450541
string128,sip,128,iter-dense-for,baseline,7,38.254797
string128,sip,128,iter-dense-for,lru,8,78.061267
string128,sip,128,iter-dense-for,hashlink,8,69.634762
string128,sip,128,iter-dense-for,micro,8,38.140522
string128,sip,128,iter-dense-for,baseline,8,37.152401
string128,sip,128,iter-dense-for,quick_cache,8,66.146160
string128,sip,128,iter-density-1pct,micro,0,1.578235
string128,sip,128,iter-density-1pct,baseline,0,36.069988
string128,sip,128,iter-density-1pct,quick_cache,0,25.852514
string128,sip,128,iter-density-1pct,lru,0,1.276271
string128,sip,128,iter-density-1pct,hashlink,0,1.284856
string128,sip,128,iter-density-1pct,baseline,1,36.907328
string128,sip,128,iter-density-1pct,quick_cache,1,22.493972
string128,sip,128,iter-density-1pct,lru,1,1.284074
string128,sip,128,iter-density-1pct,hashlink,1,1.294414
string128,sip,128,iter-density-1pct,micro,1,1.609530
string128,sip,128,iter-density-1pct,quick_cache,2,25.565527
string128,sip,128,iter-density-1pct,lru,2,1.261016
string128,sip,128,iter-density-1pct,hashlink,2,1.276782
string128,sip,128,iter-density-1pct,micro,2,1.591724
string128,sip,128,iter-density-1pct,baseline,2,36.971219
string128,sip,128,iter-density-1pct,lru,3,1.273888
string128,sip,128,iter-density-1pct,hashlink,3,1.282735
string128,sip,128,iter-density-1pct,micro,3,1.592029
string128,sip,128,iter-density-1pct,baseline,3,37.030384
string128,sip,128,iter-density-1pct,quick_cache,3,26.114780
string128,sip,128,iter-density-1pct,hashlink,4,1.278788
string128,sip,128,iter-density-1pct,micro,4,1.585779
string128,sip,128,iter-density-1pct,baseline,4,36.945309
string128,sip,128,iter-density-1pct,quick_cache,4,26.016733
string128,sip,128,iter-density-1pct,lru,4,1.253651
string128,sip,128,iter-density-1pct,micro,5,1.582535
string128,sip,128,iter-density-1pct,baseline,5,39.476249
string128,sip,128,iter-density-1pct,quick_cache,5,25.931038
string128,sip,128,iter-density-1pct,lru,5,1.232499
string128,sip,128,iter-density-1pct,hashlink,5,1.287863
string128,sip,128,iter-density-1pct,baseline,6,37.078785
string128,sip,128,iter-density-1pct,quick_cache,6,22.300802
string128,sip,128,iter-density-1pct,lru,6,1.282577
string128,sip,128,iter-density-1pct,hashlink,6,1.278213
string128,sip,128,iter-density-1pct,micro,6,1.589506
string128,sip,128,iter-density-1pct,quick_cache,7,22.862564
string128,sip,128,iter-density-1pct,lru,7,1.281137
string128,sip,128,iter-density-1pct,hashlink,7,1.283294
string128,sip,128,iter-density-1pct,micro,7,1.580422
string128,sip,128,iter-density-1pct,baseline,7,38.316945
string128,sip,128,iter-density-1pct,lru,8,1.283399
string128,sip,128,iter-density-1pct,hashlink,8,1.301097
string128,sip,128,iter-density-1pct,micro,8,1.608450
string128,sip,128,iter-density-1pct,baseline,8,38.906873
string128,sip,128,iter-density-1pct,quick_cache,8,22.608064
string128,sip,128,iter-density-6pct,micro,0,35.691890
string128,sip,128,iter-density-6pct,baseline,0,36.241818
string128,sip,128,iter-density-6pct,quick_cache,0,23.534370
string128,sip,128,iter-density-6pct,lru,0,3.225134
string128,sip,128,iter-density-6pct,hashlink,0,3.171842
string128,sip,128,iter-density-6pct,baseline,1,35.696658
string128,sip,128,iter-density-6pct,quick_cache,1,23.419154
string128,sip,128,iter-density-6pct,lru,1,3.252295
string128,sip,128,iter-density-6pct,hashlink,1,3.188022
string128,sip,128,iter-density-6pct,micro,1,35.609368
string128,sip,128,iter-density-6pct,quick_cache,2,23.442577
string128,sip,128,iter-density-6pct,lru,2,3.231631
string128,sip,128,iter-density-6pct,hashlink,2,3.201307
string128,sip,128,iter-density-6pct,micro,2,35.857188
string128,sip,128,iter-density-6pct,baseline,2,36.383753
string128,sip,128,iter-density-6pct,lru,3,3.219619
string128,sip,128,iter-density-6pct,hashlink,3,3.172577
string128,sip,128,iter-density-6pct,micro,3,35.597003
string128,sip,128,iter-density-6pct,baseline,3,35.354511
string128,sip,128,iter-density-6pct,quick_cache,3,23.300999
string128,sip,128,iter-density-6pct,hashlink,4,3.162150
string128,sip,128,iter-density-6pct,micro,4,35.762007
string128,sip,128,iter-density-6pct,baseline,4,35.103605
string128,sip,128,iter-density-6pct,quick_cache,4,23.249967
string128,sip,128,iter-density-6pct,lru,4,3.230803
string128,sip,128,iter-density-6pct,micro,5,35.465963
string128,sip,128,iter-density-6pct,baseline,5,34.985435
string128,sip,128,iter-density-6pct,quick_cache,5,23.322449
string128,sip,128,iter-density-6pct,lru,5,3.280289
string128,sip,128,iter-density-6pct,hashlink,5,3.215842
string128,sip,128,iter-density-6pct,baseline,6,36.751088
string128,sip,128,iter-density-6pct,quick_cache,6,23.481133
string128,sip,128,iter-density-6pct,lru,6,3.250631
string128,sip,128,iter-density-6pct,hashlink,6,3.182113
string128,sip,128,iter-density-6pct,micro,6,35.644239
string128,sip,128,iter-density-6pct,quick_cache,7,23.343358
string128,sip,128,iter-density-6pct,lru,7,3.227439
string128,sip,128,iter-density-6pct,hashlink,7,3.167856
string128,sip,128,iter-density-6pct,micro,7,47.772556
string128,sip,128,iter-density-6pct,baseline,7,77.087583
string128,sip,128,iter-density-6pct,lru,8,14.084190
string128,sip,128,iter-density-6pct,hashlink,8,8.510882
string128,sip,128,iter-density-6pct,micro,8,41.747028
string128,sip,128,iter-density-6pct,baseline,8,38.906911
string128,sip,128,iter-density-6pct,quick_cache,8,24.383988
string128,sip,128,iter-density-quarter,micro,0,36.345967
string128,sip,128,iter-density-quarter,baseline,0,37.792533
string128,sip,128,iter-density-quarter,quick_cache,0,22.910937
string128,sip,128,iter-density-quarter,lru,0,18.208227
string128,sip,128,iter-density-quarter,hashlink,0,18.301454
string128,sip,128,iter-density-quarter,baseline,1,34.278865
string128,sip,128,iter-density-quarter,quick_cache,1,24.357380
string128,sip,128,iter-density-quarter,lru,1,17.908460
string128,sip,128,iter-density-quarter,hashlink,1,18.197777
string128,sip,128,iter-density-quarter,micro,1,36.800879
string128,sip,128,iter-density-quarter,quick_cache,2,24.114062
string128,sip,128,iter-density-quarter,lru,2,17.618425
string128,sip,128,iter-density-quarter,hashlink,2,18.169059
string128,sip,128,iter-density-quarter,micro,2,35.040345
string128,sip,128,iter-density-quarter,baseline,2,34.779219
string128,sip,128,iter-density-quarter,lru,3,18.179628
string128,sip,128,iter-density-quarter,hashlink,3,18.319688
string128,sip,128,iter-density-quarter,micro,3,38.519457
string128,sip,128,iter-density-quarter,baseline,3,35.828189
string128,sip,128,iter-density-quarter,quick_cache,3,25.540030
string128,sip,128,iter-density-quarter,hashlink,4,18.309116
string128,sip,128,iter-density-quarter,micro,4,36.674072
string128,sip,128,iter-density-quarter,baseline,4,36.060560
string128,sip,128,iter-density-quarter,quick_cache,4,25.229178
string128,sip,128,iter-density-quarter,lru,4,18.279123
string128,sip,128,iter-density-quarter,micro,5,36.694661
string128,sip,128,iter-density-quarter,baseline,5,36.143882
string128,sip,128,iter-density-quarter,quick_cache,5,25.010293
string128,sip,128,iter-density-quarter,lru,5,18.310794
string128,sip,128,iter-density-quarter,hashlink,5,18.334426
string128,sip,128,iter-density-quarter,baseline,6,35.774503
string128,sip,128,iter-density-quarter,quick_cache,6,25.014927
string128,sip,128,iter-density-quarter,lru,6,18.417941
string128,sip,128,iter-density-quarter,hashlink,6,18.875253
string128,sip,128,iter-density-quarter,micro,6,36.950040
string128,sip,128,iter-density-quarter,quick_cache,7,25.139886
string128,sip,128,iter-density-quarter,lru,7,18.422744
string128,sip,128,iter-density-quarter,hashlink,7,18.280804
string128,sip,128,iter-density-quarter,micro,7,36.325466
string128,sip,128,iter-density-quarter,baseline,7,35.918165
string128,sip,128,iter-density-quarter,lru,8,18.317387
string128,sip,128,iter-density-quarter,hashlink,8,18.190363
string128,sip,128,iter-density-quarter,micro,8,36.425248
string128,sip,128,iter-density-quarter,baseline,8,35.807595
string128,sip,128,iter-density-quarter,quick_cache,8,25.066881
string128,sip,128,iter-density-half,micro,0,37.102883
string128,sip,128,iter-density-half,baseline,0,36.836192
string128,sip,128,iter-density-half,quick_cache,0,24.461960
string128,sip,128,iter-density-half,lru,0,49.389864
string128,sip,128,iter-density-half,hashlink,0,50.722503
string128,sip,128,iter-density-half,baseline,1,37.631238
string128,sip,128,iter-density-half,quick_cache,1,24.592653
string128,sip,128,iter-density-half,lru,1,49.993172
string128,sip,128,iter-density-half,hashlink,1,49.065856
string128,sip,128,iter-density-half,micro,1,37.157981
string128,sip,128,iter-density-half,quick_cache,2,24.691648
string128,sip,128,iter-density-half,lru,2,49.422340
string128,sip,128,iter-density-half,hashlink,2,48.692807
string128,sip,128,iter-density-half,micro,2,36.971833
string128,sip,128,iter-density-half,baseline,2,36.695632
string128,sip,128,iter-density-half,lru,3,48.859473
string128,sip,128,iter-density-half,hashlink,3,48.450010
string128,sip,128,iter-density-half,micro,3,39.580302
string128,sip,128,iter-density-half,baseline,3,35.609069
string128,sip,128,iter-density-half,quick_cache,3,24.383993
string128,sip,128,iter-density-half,hashlink,4,49.783639
string128,sip,128,iter-density-half,micro,4,38.491957
string128,sip,128,iter-density-half,baseline,4,36.086648
string128,sip,128,iter-density-half,quick_cache,4,24.539401
string128,sip,128,iter-density-half,lru,4,49.433031
string128,sip,128,iter-density-half,micro,5,36.865638
string128,sip,128,iter-density-half,baseline,5,36.173199
string128,sip,128,iter-density-half,quick_cache,5,24.540806
string128,sip,128,iter-density-half,lru,5,48.700101
string128,sip,128,iter-density-half,hashlink,5,48.158629
string128,sip,128,iter-density-half,baseline,6,36.184895
string128,sip,128,iter-density-half,quick_cache,6,25.000830
string128,sip,128,iter-density-half,lru,6,49.316050
string128,sip,128,iter-density-half,hashlink,6,48.668561
string128,sip,128,iter-density-half,micro,6,37.045786
string128,sip,128,iter-density-half,quick_cache,7,24.852437
string128,sip,128,iter-density-half,lru,7,49.567545
string128,sip,128,iter-density-half,hashlink,7,53.942753
string128,sip,128,iter-density-half,micro,7,36.999327
string128,sip,128,iter-density-half,baseline,7,36.126640
string128,sip,128,iter-density-half,lru,8,48.908792
string128,sip,128,iter-density-half,hashlink,8,49.288641
string128,sip,128,iter-density-half,micro,8,36.688850
string128,sip,128,iter-density-half,baseline,8,36.065572
string128,sip,128,iter-density-half,quick_cache,8,24.420930
string128,sip,128,iter-front,micro,0,1.174468
string128,sip,128,iter-front,baseline,0,35.925230
string128,sip,128,iter-front,quick_cache,0,22.366161
string128,sip,128,iter-front,lru,0,1.176493
string128,sip,128,iter-front,hashlink,0,1.132123
string128,sip,128,iter-front,baseline,1,36.047434
string128,sip,128,iter-front,quick_cache,1,21.792190
string128,sip,128,iter-front,lru,1,1.190395
string128,sip,128,iter-front,hashlink,1,1.188584
string128,sip,128,iter-front,micro,1,1.194261
string128,sip,128,iter-front,quick_cache,2,22.167373
string128,sip,128,iter-front,lru,2,1.183712
string128,sip,128,iter-front,hashlink,2,1.171316
string128,sip,128,iter-front,micro,2,1.183192
string128,sip,128,iter-front,baseline,2,36.158867
string128,sip,128,iter-front,lru,3,1.174371
string128,sip,128,iter-front,hashlink,3,1.137986
string128,sip,128,iter-front,micro,3,1.180163
string128,sip,128,iter-front,baseline,3,35.825503
string128,sip,128,iter-front,quick_cache,3,21.862687
string128,sip,128,iter-front,hashlink,4,1.131189
string128,sip,128,iter-front,micro,4,1.186526
string128,sip,128,iter-front,baseline,4,36.107844
string128,sip,128,iter-front,quick_cache,4,21.973364
string128,sip,128,iter-front,lru,4,1.243108
string128,sip,128,iter-front,micro,5,1.198310
string128,sip,128,iter-front,baseline,5,36.259542
string128,sip,128,iter-front,quick_cache,5,22.011978
string128,sip,128,iter-front,lru,5,1.182897
string128,sip,128,iter-front,hashlink,5,1.154867
string128,sip,128,iter-front,baseline,6,36.088756
string128,sip,128,iter-front,quick_cache,6,21.754559
string128,sip,128,iter-front,lru,6,1.196795
string128,sip,128,iter-front,hashlink,6,1.131943
string128,sip,128,iter-front,micro,6,1.165610
string128,sip,128,iter-front,quick_cache,7,25.176545
string128,sip,128,iter-front,lru,7,1.168233
string128,sip,128,iter-front,hashlink,7,1.144739
string128,sip,128,iter-front,micro,7,1.179931
string128,sip,128,iter-front,baseline,7,36.159771
string128,sip,128,iter-front,lru,8,1.178383
string128,sip,128,iter-front,hashlink,8,1.173568
string128,sip,128,iter-front,micro,8,1.203478
string128,sip,128,iter-front,baseline,8,36.747722
string128,sip,128,iter-front,quick_cache,8,22.145568
string128,sip,128,iter-back,micro,0,1.199957
string128,sip,128,iter-back,baseline,0,46.794695
string128,sip,128,iter-back,quick_cache,0,21.664443
string128,sip,128,iter-back,lru,0,1.178685
string128,sip,128,iter-back,hashlink,0,1.141377
string128,sip,128,iter-back,baseline,1,46.674713
string128,sip,128,iter-back,quick_cache,1,21.654171
string128,sip,128,iter-back,lru,1,1.179174
string128,sip,128,iter-back,hashlink,1,1.140153
string128,sip,128,iter-back,micro,1,1.201683
string128,sip,128,iter-back,quick_cache,2,21.752623
string128,sip,128,iter-back,lru,2,1.193614
string128,sip,128,iter-back,hashlink,2,1.161857
string128,sip,128,iter-back,micro,2,1.210405
string128,sip,128,iter-back,baseline,2,48.169052
string128,sip,128,iter-back,lru,3,1.250250
string128,sip,128,iter-back,hashlink,3,1.140744
string128,sip,128,iter-back,micro,3,1.197759
string128,sip,128,iter-back,baseline,3,46.865627
string128,sip,128,iter-back,quick_cache,3,21.573990
string128,sip,128,iter-back,hashlink,4,1.138633
string128,sip,128,iter-back,micro,4,1.211306
string128,sip,128,iter-back,baseline,4,47.081359
string128,sip,128,iter-back,quick_cache,4,21.568935
string128,sip,128,iter-back,lru,4,1.180412
string128,sip,128,iter-back,micro,5,1.194298
string128,sip,128,iter-back,baseline,5,46.551515
string128,sip,128,iter-back,quick_cache,5,21.876750
string128,sip,128,iter-back,lru,5,1.195577
string128,sip,128,iter-back,hashlink,5,1.156782
string128,sip,128,iter-back,baseline,6,47.575790
string128,sip,128,iter-back,quick_cache,6,21.604901
string128,sip,128,iter-back,lru,6,1.173259
string128,sip,128,iter-back,hashlink,6,1.132000
string128,sip,128,iter-back,micro,6,1.194636
string128,sip,128,iter-back,quick_cache,7,21.676463
string128,sip,128,iter-back,lru,7,1.170851
string128,sip,128,iter-back,hashlink,7,1.143022
string128,sip,128,iter-back,micro,7,1.192275
string128,sip,128,iter-back,baseline,7,46.533000
string128,sip,128,iter-back,lru,8,1.172142
string128,sip,128,iter-back,hashlink,8,1.132558
string128,sip,128,iter-back,micro,8,1.192921
string128,sip,128,iter-back,baseline,8,46.726647
string128,sip,128,iter-back,quick_cache,8,21.758137
string128,sip,128,iter-empty,micro,0,0.844024
string128,sip,128,iter-empty,baseline,0,36.454390
string128,sip,128,iter-empty,quick_cache,0,21.671650
string128,sip,128,iter-empty,lru,0,0.962243
string128,sip,128,iter-empty,hashlink,0,0.991189
string128,sip,128,iter-empty,baseline,1,36.483262
string128,sip,128,iter-empty,quick_cache,1,20.706005
string128,sip,128,iter-empty,lru,1,0.976221
string128,sip,128,iter-empty,hashlink,1,0.988693
string128,sip,128,iter-empty,micro,1,0.823400
string128,sip,128,iter-empty,quick_cache,2,20.933456
string128,sip,128,iter-empty,lru,2,0.979556
string128,sip,128,iter-empty,hashlink,2,0.990316
string128,sip,128,iter-empty,micro,2,0.822607
string128,sip,128,iter-empty,baseline,2,36.810461
string128,sip,128,iter-empty,lru,3,0.986489
string128,sip,128,iter-empty,hashlink,3,1.013886
string128,sip,128,iter-empty,micro,3,0.838444
string128,sip,128,iter-empty,baseline,3,35.926724
string128,sip,128,iter-empty,quick_cache,3,21.696807
string128,sip,128,iter-empty,hashlink,4,0.989983
string128,sip,128,iter-empty,micro,4,0.789373
string128,sip,128,iter-empty,baseline,4,34.732830
string128,sip,128,iter-empty,quick_cache,4,22.051995
string128,sip,128,iter-empty,lru,4,0.959177
string128,sip,128,iter-empty,micro,5,0.832086
string128,sip,128,iter-empty,baseline,5,35.894020
string128,sip,128,iter-empty,quick_cache,5,22.245346
string128,sip,128,iter-empty,lru,5,0.974863
string128,sip,128,iter-empty,hashlink,5,0.977711
string128,sip,128,iter-empty,baseline,6,41.845901
string128,sip,128,iter-empty,quick_cache,6,20.085556
string128,sip,128,iter-empty,lru,6,1.011779
string128,sip,128,iter-empty,hashlink,6,1.011792
string128,sip,128,iter-empty,micro,6,0.815850
string128,sip,128,iter-empty,quick_cache,7,22.471329
string128,sip,128,iter-empty,lru,7,0.985836
string128,sip,128,iter-empty,hashlink,7,0.998262
string128,sip,128,iter-empty,micro,7,0.839381
string128,sip,128,iter-empty,baseline,7,36.825359
string128,sip,128,iter-empty,lru,8,0.988111
string128,sip,128,iter-empty,hashlink,8,0.995889
string128,sip,128,iter-empty,micro,8,0.839548
string128,sip,128,iter-empty,baseline,8,36.714411
string128,sip,128,iter-empty,quick_cache,8,22.054001
string128,sip,128,iter-count,micro,0,0.394045
string128,sip,128,iter-count,baseline,0,36.137029
string128,sip,128,iter-count,quick_cache,0,53.037835
string128,sip,128,iter-count,lru,0,0.394228
string128,sip,128,iter-count,hashlink,0,0.397311
string128,sip,128,iter-count,baseline,1,36.303744
string128,sip,128,iter-count,quick_cache,1,53.541042
string128,sip,128,iter-count,lru,1,0.395245
string128,sip,128,iter-count,hashlink,1,0.392122
string128,sip,128,iter-count,micro,1,0.398186
string128,sip,128,iter-count,quick_cache,2,54.052195
string128,sip,128,iter-count,lru,2,0.390507
string128,sip,128,iter-count,hashlink,2,0.395353
string128,sip,128,iter-count,micro,2,0.398121
string128,sip,128,iter-count,baseline,2,36.635109
string128,sip,128,iter-count,lru,3,0.388357
string128,sip,128,iter-count,hashlink,3,0.395369
string128,sip,128,iter-count,micro,3,0.398270
string128,sip,128,iter-count,baseline,3,36.583604
string128,sip,128,iter-count,quick_cache,3,53.161621
string128,sip,128,iter-count,hashlink,4,0.395530
string128,sip,128,iter-count,micro,4,0.398784
string128,sip,128,iter-count,baseline,4,36.334602
string128,sip,128,iter-count,quick_cache,4,53.485474
string128,sip,128,iter-count,lru,4,0.390831
string128,sip,128,iter-count,micro,5,0.393192
string128,sip,128,iter-count,baseline,5,36.347003
string128,sip,128,iter-count,quick_cache,5,52.863704
string128,sip,128,iter-count,lru,5,0.390695
string128,sip,128,iter-count,hashlink,5,0.394072
string128,sip,128,iter-count,baseline,6,36.191587
string128,sip,128,iter-count,quick_cache,6,52.663747
string128,sip,128,iter-count,lru,6,0.389041
string128,sip,128,iter-count,hashlink,6,0.392358
string128,sip,128,iter-count,micro,6,0.398506
string128,sip,128,iter-count,quick_cache,7,54.765461
string128,sip,128,iter-count,lru,7,0.398856
string128,sip,128,iter-count,hashlink,7,0.399669
string128,sip,128,iter-count,micro,7,0.402568
string128,sip,128,iter-count,baseline,7,35.696211
string128,sip,128,iter-count,lru,8,0.379181
string128,sip,128,iter-count,hashlink,8,0.387694
string128,sip,128,iter-count,micro,8,0.391348
string128,sip,128,iter-count,baseline,8,34.984752
string128,sip,128,iter-count,quick_cache,8,50.233140
string128,sip,1024,iter-dense,micro,0,257.782486
string128,sip,1024,iter-dense,baseline,0,262.470271
string128,sip,1024,iter-dense,quick_cache,0,248.255605
string128,sip,1024,iter-dense,lru,0,1230.991634
string128,sip,1024,iter-dense,hashlink,0,1228.383301
string128,sip,1024,iter-dense,baseline,1,266.350351
string128,sip,1024,iter-dense,quick_cache,1,261.142738
string128,sip,1024,iter-dense,lru,1,1234.498031
string128,sip,1024,iter-dense,hashlink,1,1281.879611
string128,sip,1024,iter-dense,micro,1,283.020683
string128,sip,1024,iter-dense,quick_cache,2,259.557984
string128,sip,1024,iter-dense,lru,2,1256.093750
string128,sip,1024,iter-dense,hashlink,2,1237.871309
string128,sip,1024,iter-dense,micro,2,267.523558
string128,sip,1024,iter-dense,baseline,2,269.302657
string128,sip,1024,iter-dense,lru,3,1219.123547
string128,sip,1024,iter-dense,hashlink,3,1224.843262
string128,sip,1024,iter-dense,micro,3,268.493181
string128,sip,1024,iter-dense,baseline,3,268.979938
string128,sip,1024,iter-dense,quick_cache,3,254.238618
string128,sip,1024,iter-dense,hashlink,4,1224.009277
string128,sip,1024,iter-dense,micro,4,268.660975
string128,sip,1024,iter-dense,baseline,4,269.877591
string128,sip,1024,iter-dense,quick_cache,4,251.887077
string128,sip,1024,iter-dense,lru,4,1300.770403
string128,sip,1024,iter-dense,micro,5,266.498935
string128,sip,1024,iter-dense,baseline,5,271.007095
string128,sip,1024,iter-dense,quick_cache,5,251.811594
string128,sip,1024,iter-dense,lru,5,1231.360728
string128,sip,1024,iter-dense,hashlink,5,1224.293945
string128,sip,1024,iter-dense,baseline,6,266.782637
string128,sip,1024,iter-dense,quick_cache,6,256.873871
string128,sip,1024,iter-dense,lru,6,1226.562500
string128,sip,1024,iter-dense,hashlink,6,1219.406008
string128,sip,1024,iter-dense,micro,6,267.434562
string128,sip,1024,iter-dense,quick_cache,7,253.302674
string128,sip,1024,iter-dense,lru,7,1231.781250
string128,sip,1024,iter-dense,hashlink,7,1227.579834
string128,sip,1024,iter-dense,micro,7,268.048242
string128,sip,1024,iter-dense,baseline,7,271.237273
string128,sip,1024,iter-dense,lru,8,1319.962447
string128,sip,1024,iter-dense,hashlink,8,1255.260250
string128,sip,1024,iter-dense,micro,8,267.530288
string128,sip,1024,iter-dense,baseline,8,270.131693
string128,sip,1024,iter-dense,quick_cache,8,253.114078
string128,sip,1024,iter-dense-for,micro,0,269.983269
string128,sip,1024,iter-dense-for,baseline,0,269.042653
string128,sip,1024,iter-dense-for,quick_cache,0,494.890526
string128,sip,1024,iter-dense-for,lru,0,720.934188
string128,sip,1024,iter-dense-for,hashlink,0,873.843401
string128,sip,1024,iter-dense-for,baseline,1,265.649353
string128,sip,1024,iter-dense-for,quick_cache,1,490.191516
string128,sip,1024,iter-dense-for,lru,1,725.815104
string128,sip,1024,iter-dense-for,hashlink,1,872.779167
string128,sip,1024,iter-dense-for,micro,1,268.307301
string128,sip,1024,iter-dense-for,quick_cache,2,278.016763
string128,sip,1024,iter-dense-for,lru,2,802.831090
string128,sip,1024,iter-dense-for,hashlink,2,890.824751
string128,sip,1024,iter-dense-for,micro,2,266.474606
string128,sip,1024,iter-dense-for,baseline,2,268.851106
string128,sip,1024,iter-dense-for,lru,3,724.301939
string128,sip,1024,iter-dense-for,hashlink,3,871.093750
string128,sip,1024,iter-dense-for,micro,3,267.934878
string128,sip,1024,iter-dense-for,baseline,3,268.768363
string128,sip,1024,iter-dense-for,quick_cache,3,429.354825
string128,sip,1024,iter-dense-for,hashlink,4,872.919518
string128,sip,1024,iter-dense-for,micro,4,266.658223
string128,sip,1024,iter-dense-for,baseline,4,268.938359
string128,sip,1024,iter-dense-for,quick_cache,4,490.942496
string128,sip,1024,iter-dense-for,lru,4,721.168203
string128,sip,1024,iter-dense-for,micro,5,270.158679
string128,sip,1024,iter-dense-for,baseline,5,272.316855
string128,sip,1024,iter-dense-for,quick_cache,5,516.600557
string128,sip,1024,iter-dense-for,lru,5,751.214393
string128,sip,1024,iter-dense-for,hashlink,5,874.716306
string128,sip,1024,iter-dense-for,baseline,6,266.441280
string128,sip,1024,iter-dense-for,quick_cache,6,491.904972
string128,sip,1024,iter-dense-for,lru,6,726.931831
string128,sip,1024,iter-dense-for,hashlink,6,878.079529
string128,sip,1024,iter-dense-for,micro,6,267.209776
string128,sip,1024,iter-dense-for,quick_cache,7,491.203762
string128,sip,1024,iter-dense-for,lru,7,724.892650
string128,sip,1024,iter-dense-for,hashlink,7,876.840258
string128,sip,1024,iter-dense-for,micro,7,267.736408
string128,sip,1024,iter-dense-for,baseline,7,271.194378
string128,sip,1024,iter-dense-for,lru,8,736.208920
string128,sip,1024,iter-dense-for,hashlink,8,881.437324
string128,sip,1024,iter-dense-for,micro,8,269.439170
string128,sip,1024,iter-dense-for,baseline,8,277.979740
string128,sip,1024,iter-dense-for,quick_cache,8,498.059315
string128,sip,1024,iter-density-1pct,micro,0,6.939741
string128,sip,1024,iter-density-1pct,baseline,0,333.361074
string128,sip,1024,iter-density-1pct,quick_cache,0,172.178999
string128,sip,1024,iter-density-1pct,lru,0,4.258145
string128,sip,1024,iter-density-1pct,hashlink,0,4.173678
string128,sip,1024,iter-density-1pct,baseline,1,333.120013
string128,sip,1024,iter-density-1pct,quick_cache,1,171.217552
string128,sip,1024,iter-density-1pct,lru,1,4.260780
string128,sip,1024,iter-density-1pct,hashlink,1,4.202415
string128,sip,1024,iter-density-1pct,micro,1,6.872475
string128,sip,1024,iter-density-1pct,quick_cache,2,172.602201
string128,sip,1024,iter-density-1pct,lru,2,4.263408
string128,sip,1024,iter-density-1pct,hashlink,2,4.144123
string128,sip,1024,iter-density-1pct,micro,2,6.677120
string128,sip,1024,iter-density-1pct,baseline,2,352.932209
string128,sip,1024,iter-density-1pct,lru,3,4.185599
string128,sip,1024,iter-density-1pct,hashlink,3,4.151273
string128,sip,1024,iter-density-1pct,micro,3,6.807799
string128,sip,1024,iter-density-1pct,baseline,3,332.563165
string128,sip,1024,iter-density-1pct,quick_cache,3,171.092895
string128,sip,1024,iter-density-1pct,hashlink,4,4.147457
string128,sip,1024,iter-density-1pct,micro,4,6.838730
string128,sip,1024,iter-density-1pct,baseline,4,334.259816
string128,sip,1024,iter-density-1pct,quick_cache,4,171.653437
string128,sip,1024,iter-density-1pct,lru,4,4.291639
string128,sip,1024,iter-density-1pct,micro,5,6.840041
string128,sip,1024,iter-density-1pct,baseline,5,334.257011
string128,sip,1024,iter-density-1pct,quick_cache,5,170.973229
string128,sip,1024,iter-density-1pct,lru,5,4.305475
string128,sip,1024,iter-density-1pct,hashlink,5,4.229251
string128,sip,1024,iter-density-1pct,baseline,6,353.146797
string128,sip,1024,iter-density-1pct,quick_cache,6,173.509469
string128,sip,1024,iter-density-1pct,lru,6,4.362003
string128,sip,1024,iter-density-1pct,hashlink,6,4.139731
string128,sip,1024,iter-density-1pct,micro,6,6.638030
string128,sip,1024,iter-density-1pct,quick_cache,7,167.276638
string128,sip,1024,iter-density-1pct,lru,7,4.281878
string128,sip,1024,iter-density-1pct,hashlink,7,4.114110
string128,sip,1024,iter-density-1pct,micro,7,6.864209
string128,sip,1024,iter-density-1pct,baseline,7,333.605410
string128,sip,1024,iter-density-1pct,lru,8,4.243733
string128,sip,1024,iter-density-1pct,hashlink,8,4.155840
string128,sip,1024,iter-density-1pct,micro,8,6.838602
string128,sip,1024,iter-density-1pct,baseline,8,330.968618
string128,sip,1024,iter-density-1pct,quick_cache,8,170.465001
string128,sip,1024,iter-density-6pct,micro,0,279.896635
string128,sip,1024,iter-density-6pct,baseline,0,279.120201
string128,sip,1024,iter-density-6pct,quick_cache,0,173.351753
string128,sip,1024,iter-density-6pct,lru,0,49.423575
string128,sip,1024,iter-density-6pct,hashlink,0,48.220071
string128,sip,1024,iter-density-6pct,baseline,1,282.394574
string128,sip,1024,iter-density-6pct,quick_cache,1,174.862241
string128,sip,1024,iter-density-6pct,lru,1,48.974822
string128,sip,1024,iter-density-6pct,hashlink,1,48.136562
string128,sip,1024,iter-density-6pct,micro,1,270.885236
string128,sip,1024,iter-density-6pct,quick_cache,2,174.161644
string128,sip,1024,iter-density-6pct,lru,2,48.540327
string128,sip,1024,iter-density-6pct,hashlink,2,48.486542
string128,sip,1024,iter-density-6pct,micro,2,270.824340
string128,sip,1024,iter-density-6pct,baseline,2,279.530970
string128,sip,1024,iter-density-6pct,lru,3,48.915953
string128,sip,1024,iter-density-6pct,hashlink,3,51.346737
string128,sip,1024,iter-density-6pct,micro,3,297.550796
string128,sip,1024,iter-density-6pct,baseline,3,285.011555
string128,sip,1024,iter-density-6pct,quick_cache,3,175.305388
string128,sip,1024,iter-density-6pct,hashlink,4,48.787680
string128,sip,1024,iter-density-6pct,micro,4,283.679276
string128,sip,1024,iter-density-6pct,baseline,4,284.176136
string128,sip,1024,iter-density-6pct,quick_cache,4,174.560547
string128,sip,1024,iter-density-6pct,lru,4,48.471910
string128,sip,1024,iter-density-6pct,micro,5,283.674569
string128,sip,1024,iter-density-6pct,baseline,5,281.611318
string128,sip,1024,iter-density-6pct,quick_cache,5,174.725035
string128,sip,1024,iter-density-6pct,lru,5,48.609224
string128,sip,1024,iter-density-6pct,hashlink,5,48.868433
string128,sip,1024,iter-density-6pct,baseline,6,279.124777
string128,sip,1024,iter-density-6pct,quick_cache,6,174.415213
string128,sip,1024,iter-density-6pct,lru,6,50.739397
string128,sip,1024,iter-density-6pct,hashlink,6,51.099319
string128,sip,1024,iter-density-6pct,micro,6,285.332117
string128,sip,1024,iter-density-6pct,quick_cache,7,173.674757
string128,sip,1024,iter-density-6pct,lru,7,49.054947
string128,sip,1024,iter-density-6pct,hashlink,7,48.476359
string128,sip,1024,iter-density-6pct,micro,7,281.336668
string128,sip,1024,iter-density-6pct,baseline,7,284.303977
string128,sip,1024,iter-density-6pct,lru,8,48.200773
string128,sip,1024,iter-density-6pct,hashlink,8,48.351524
string128,sip,1024,iter-density-6pct,micro,8,283.849422
string128,sip,1024,iter-density-6pct,baseline,8,283.733666
string128,sip,1024,iter-density-6pct,quick_cache,8,174.759951
string128,sip,1024,iter-density-quarter,micro,0,249.203822
string128,sip,1024,iter-density-quarter,baseline,0,248.040675
string128,sip,1024,iter-density-quarter,quick_cache,0,192.311116
string128,sip,1024,iter-density-quarter,lru,0,295.339564
string128,sip,1024,iter-density-quarter,hashlink,0,302.898438
string128,sip,1024,iter-density-quarter,baseline,1,247.395817
string128,sip,1024,iter-density-quarter,quick_cache,1,190.264142
string128,sip,1024,iter-density-quarter,lru,1,290.652591
string128,sip,1024,iter-density-quarter,hashlink,1,285.668019
string128,sip,1024,iter-density-quarter,micro,1,239.435777
string128,sip,1024,iter-density-quarter,quick_cache,2,162.631699
string128,sip,1024,iter-density-quarter,lru,2,296.993596
string128,sip,1024,iter-density-quarter,hashlink,2,300.376380
string128,sip,1024,iter-density-quarter,micro,2,246.498324
string128,sip,1024,iter-density-quarter,baseline,2,248.695847
string128,sip,1024,iter-density-quarter,lru,3,285.191891
string128,sip,1024,iter-density-quarter,hashlink,3,284.116989
string128,sip,1024,iter-density-quarter,micro,3,248.741405
string128,sip,1024,iter-density-quarter,baseline,3,250.809645
string128,sip,1024,iter-density-quarter,quick_cache,3,166.328657
string128,sip,1024,iter-density-quarter,hashlink,4,303.891080
string128,sip,1024,iter-density-quarter,micro,4,251.381632
string128,sip,1024,iter-density-quarter,baseline,4,254.374136
string128,sip,1024,iter-density-quarter,quick_cache,4,167.019999
string128,sip,1024,iter-density-quarter,lru,4,288.401868
string128,sip,1024,iter-density-quarter,micro,5,253.181432
string128,sip,1024,iter-density-quarter,baseline,5,248.379663
string128,sip,1024,iter-density-quarter,quick_cache,5,178.395798
string128,sip,1024,iter-density-quarter,lru,5,286.188816
string128,sip,1024,iter-density-quarter,hashlink,5,283.566406
string128,sip,1024,iter-density-quarter,baseline,6,244.044169
string128,sip,1024,iter-density-quarter,quick_cache,6,179.464732
string128,sip,1024,iter-density-quarter,lru,6,326.896444
string128,sip,1024,iter-density-quarter,hashlink,6,287.959484
string128,sip,1024,iter-density-quarter,micro,6,252.064415
string128,sip,1024,iter-density-quarter,quick_cache,7,167.724282
string128,sip,1024,iter-density-quarter,lru,7,307.478389
string128,sip,1024,iter-density-quarter,hashlink,7,287.798803
string128,sip,1024,iter-density-quarter,micro,7,255.841244
string128,sip,1024,iter-density-quarter,baseline,7,256.305533
string128,sip,1024,iter-density-quarter,lru,8,285.879913
string128,sip,1024,iter-density-quarter,hashlink,8,285.648995
string128,sip,1024,iter-density-quarter,micro,8,255.318985
string128,sip,1024,iter-density-quarter,baseline,8,254.255589
string128,sip,1024,iter-density-quarter,quick_cache,8,165.327398
string128,sip,1024,iter-density-half,micro,0,261.433476
string128,sip,1024,iter-density-half,baseline,0,259.601225
string128,sip,1024,iter-density-half,quick_cache,0,197.554520
string128,sip,1024,iter-density-half,lru,0,606.150073
string128,sip,1024,iter-density-half,hashlink,0,611.623169
string128,sip,1024,iter-density-half,baseline,1,259.414749
string128,sip,1024,iter-density-half,quick_cache,1,199.669420
string128,sip,1024,iter-density-half,lru,1,834.039727
string128,sip,1024,iter-density-half,hashlink,1,630.056074
string128,sip,1024,iter-density-half,micro,1,245.028409
string128,sip,1024,iter-density-half,quick_cache,2,189.229305
string128,sip,1024,iter-density-half,lru,2,626.765625
string128,sip,1024,iter-density-half,hashlink,2,608.154061
string128,sip,1024,iter-density-half,micro,2,253.229925
string128,sip,1024,iter-density-half,baseline,2,246.525039
string128,sip,1024,iter-density-half,lru,3,613.601685
string128,sip,1024,iter-density-half,hashlink,3,692.270465
string128,sip,1024,iter-density-half,micro,3,257.059883
string128,sip,1024,iter-density-half,baseline,3,250.507061
string128,sip,1024,iter-density-half,quick_cache,3,188.714113
string128,sip,1024,iter-density-half,hashlink,4,636.296938
string128,sip,1024,iter-density-half,micro,4,252.171522
string128,sip,1024,iter-density-half,baseline,4,268.019190
string128,sip,1024,iter-density-half,quick_cache,4,194.241731
string128,sip,1024,iter-density-half,lru,4,611.343384
string128,sip,1024,iter-density-half,micro,5,257.613005
string128,sip,1024,iter-density-half,baseline,5,257.988707
string128,sip,1024,iter-density-half,quick_cache,5,196.817931
string128,sip,1024,iter-density-half,lru,5,602.113341
string128,sip,1024,iter-density-half,hashlink,5,599.038194
string128,sip,1024,iter-density-half,baseline,6,257.677358
string128,sip,1024,iter-density-half,quick_cache,6,196.693200
string128,sip,1024,iter-density-half,lru,6,599.078065
string128,sip,1024,iter-density-half,hashlink,6,601.597596
string128,sip,1024,iter-density-half,micro,6,255.310458
string128,sip,1024,iter-density-half,quick_cache,7,193.805491
string128,sip,1024,iter-density-half,lru,7,609.891780
string128,sip,1024,iter-density-half,hashlink,7,615.257353
string128,sip,1024,iter-density-half,micro,7,258.840801
string128,sip,1024,iter-density-half,baseline,7,257.967203
string128,sip,1024,iter-density-half,lru,8,610.351562
string128,sip,1024,iter-density-half,hashlink,8,605.001207
string128,sip,1024,iter-density-half,micro,8,257.653779
string128,sip,1024,iter-density-half,baseline,8,255.629596
string128,sip,1024,iter-density-half,quick_cache,8,194.681701
string128,sip,1024,iter-front,micro,0,1.175280
string128,sip,1024,iter-front,baseline,0,253.828024
string128,sip,1024,iter-front,quick_cache,0,161.961626
string128,sip,1024,iter-front,lru,0,1.194143
string128,sip,1024,iter-front,hashlink,0,1.149497
string128,sip,1024,iter-front,baseline,1,252.585269
string128,sip,1024,iter-front,quick_cache,1,168.918919
string128,sip,1024,iter-front,lru,1,1.230441
string128,sip,1024,iter-front,hashlink,1,1.171570
string128,sip,1024,iter-front,micro,1,1.220331
string128,sip,1024,iter-front,quick_cache,2,179.046177
string128,sip,1024,iter-front,lru,2,1.269510
string128,sip,1024,iter-front,hashlink,2,1.177308
string128,sip,1024,iter-front,micro,2,1.178107
string128,sip,1024,iter-front,baseline,2,262.683824
string128,sip,1024,iter-front,lru,3,1.185302
string128,sip,1024,iter-front,hashlink,3,1.190322
string128,sip,1024,iter-front,micro,3,1.182413
string128,sip,1024,iter-front,baseline,3,261.387803
string128,sip,1024,iter-front,quick_cache,3,164.419854
string128,sip,1024,iter-front,hashlink,4,1.153417
string128,sip,1024,iter-front,micro,4,1.178916
string128,sip,1024,iter-front,baseline,4,261.712218
string128,sip,1024,iter-front,quick_cache,4,165.965864
string128,sip,1024,iter-front,lru,4,1.203719
string128,sip,1024,iter-front,micro,5,1.203562
string128,sip,1024,iter-front,baseline,5,262.505243
string128,sip,1024,iter-front,quick_cache,5,166.780616
string128,sip,1024,iter-front,lru,5,1.179592
string128,sip,1024,iter-front,hashlink,5,1.193732
string128,sip,1024,iter-front,baseline,6,261.505383
string128,sip,1024,iter-front,quick_cache,6,164.998845
string128,sip,1024,iter-front,lru,6,1.179797
string128,sip,1024,iter-front,hashlink,6,1.148610
string128,sip,1024,iter-front,micro,6,1.181314
string128,sip,1024,iter-front,quick_cache,7,165.665287
string128,sip,1024,iter-front,lru,7,1.184565
string128,sip,1024,iter-front,hashlink,7,1.188674
string128,sip,1024,iter-front,micro,7,1.182628
string128,sip,1024,iter-front,baseline,7,263.047138
string128,sip,1024,iter-front,lru,8,1.211156
string128,sip,1024,iter-front,hashlink,8,1.169886
string128,sip,1024,iter-front,micro,8,1.185823
string128,sip,1024,iter-front,baseline,8,262.085165
string128,sip,1024,iter-front,quick_cache,8,166.425386
string128,sip,1024,iter-back,micro,0,1.212923
string128,sip,1024,iter-back,baseline,0,261.838725
string128,sip,1024,iter-back,quick_cache,0,165.368717
string128,sip,1024,iter-back,lru,0,1.179361
string128,sip,1024,iter-back,hashlink,0,1.143390
string128,sip,1024,iter-back,baseline,1,262.411284
string128,sip,1024,iter-back,quick_cache,1,165.068968
string128,sip,1024,iter-back,lru,1,1.192457
string128,sip,1024,iter-back,hashlink,1,1.145184
string128,sip,1024,iter-back,micro,1,1.205986
string128,sip,1024,iter-back,quick_cache,2,168.180141
string128,sip,1024,iter-back,lru,2,1.197795
string128,sip,1024,iter-back,hashlink,2,1.162073
string128,sip,1024,iter-back,micro,2,1.194892
string128,sip,1024,iter-back,baseline,2,257.095086
string128,sip,1024,iter-back,lru,3,1.190776
string128,sip,1024,iter-back,hashlink,3,1.132468
string128,sip,1024,iter-back,micro,3,1.200335
string128,sip,1024,iter-back,baseline,3,259.069329
string128,sip,1024,iter-back,quick_cache,3,162.680476
string128,sip,1024,iter-back,hashlink,4,1.156208
string128,sip,1024,iter-back,micro,4,1.183909
string128,sip,1024,iter-back,baseline,4,242.066563
string128,sip,1024,iter-back,quick_cache,4,157.159485
string128,sip,1024,iter-back,lru,4,1.160597
string128,sip,1024,iter-back,micro,5,1.191993
string128,sip,1024,iter-back,baseline,5,253.300547
string128,sip,1024,iter-back,quick_cache,5,165.121205
string128,sip,1024,iter-back,lru,5,1.204796
string128,sip,1024,iter-back,hashlink,5,1.146983
string128,sip,1024,iter-back,baseline,6,254.680273
string128,sip,1024,iter-back,quick_cache,6,163.101546
string128,sip,1024,iter-back,lru,6,1.184529
string128,sip,1024,iter-back,hashlink,6,1.159357
string128,sip,1024,iter-back,micro,6,1.198144
string128,sip,1024,iter-back,quick_cache,7,163.574889
string128,sip,1024,iter-back,lru,7,1.187788
string128,sip,1024,iter-back,hashlink,7,1.205335
string128,sip,1024,iter-back,micro,7,1.194380
string128,sip,1024,iter-back,baseline,7,255.512561
string128,sip,1024,iter-back,lru,8,1.169317
string128,sip,1024,iter-back,hashlink,8,1.278537
string128,sip,1024,iter-back,micro,8,1.171360
string128,sip,1024,iter-back,baseline,8,261.194908
string128,sip,1024,iter-back,quick_cache,8,185.647417
string128,sip,1024,iter-empty,micro,0,0.829828
string128,sip,1024,iter-empty,baseline,0,254.538172
string128,sip,1024,iter-empty,quick_cache,0,163.627552
string128,sip,1024,iter-empty,lru,0,0.978851
string128,sip,1024,iter-empty,hashlink,0,0.989463
string128,sip,1024,iter-empty,baseline,1,255.182861
string128,sip,1024,iter-empty,quick_cache,1,163.166786
string128,sip,1024,iter-empty,lru,1,0.979384
string128,sip,1024,iter-empty,hashlink,1,0.992221
string128,sip,1024,iter-empty,micro,1,0.826448
string128,sip,1024,iter-empty,quick_cache,2,163.665740
string128,sip,1024,iter-empty,lru,2,0.977082
string128,sip,1024,iter-empty,hashlink,2,0.995166
string128,sip,1024,iter-empty,micro,2,0.817113
string128,sip,1024,iter-empty,baseline,2,261.494513
string128,sip,1024,iter-empty,lru,3,0.999188
string128,sip,1024,iter-empty,hashlink,3,0.993104
string128,sip,1024,iter-empty,micro,3,0.815233
string128,sip,1024,iter-empty,baseline,3,254.741806
string128,sip,1024,iter-empty,quick_cache,3,162.639828
string128,sip,1024,iter-empty,hashlink,4,0.985618
string128,sip,1024,iter-empty,micro,4,0.818277
string128,sip,1024,iter-empty,baseline,4,254.134909
string128,sip,1024,iter-empty,quick_cache,4,162.627634
string128,sip,1024,iter-empty,lru,4,0.975155
string128,sip,1024,iter-empty,micro,5,0.815344
string128,sip,1024,iter-empty,baseline,5,255.510417
string128,sip,1024,iter-empty,quick_cache,5,162.962722
string128,sip,1024,iter-empty,lru,5,0.973933
string128,sip,1024,iter-empty,hashlink,5,0.998154
string128,sip,1024,iter-empty,baseline,6,261.914716
string128,sip,1024,iter-empty,quick_cache,6,162.365589
string128,sip,1024,iter-empty,lru,6,0.974765
string128,sip,1024,iter-empty,hashlink,6,0.994248
string128,sip,1024,iter-empty,micro,6,0.829005
string128,sip,1024,iter-empty,quick_cache,7,165.480324
string128,sip,1024,iter-empty,lru,7,0.997746
string128,sip,1024,iter-empty,hashlink,7,0.994513
string128,sip,1024,iter-empty,micro,7,0.833404
string128,sip,1024,iter-empty,baseline,7,257.268555
string128,sip,1024,iter-empty,lru,8,0.976056
string128,sip,1024,iter-empty,hashlink,8,0.997969
string128,sip,1024,iter-empty,micro,8,0.840953
string128,sip,1024,iter-empty,baseline,8,258.283833
string128,sip,1024,iter-empty,quick_cache,8,164.693658
string128,sip,1024,iter-count,micro,0,0.400237
string128,sip,1024,iter-count,baseline,0,263.138021
string128,sip,1024,iter-count,quick_cache,0,492.565918
string128,sip,1024,iter-count,lru,0,0.395177
string128,sip,1024,iter-count,hashlink,0,0.395185
string128,sip,1024,iter-count,baseline,1,258.165861
string128,sip,1024,iter-count,quick_cache,1,473.466146
string128,sip,1024,iter-count,lru,1,0.394435
string128,sip,1024,iter-count,hashlink,1,0.394997
string128,sip,1024,iter-count,micro,1,0.398278
string128,sip,1024,iter-count,quick_cache,2,477.034870
string128,sip,1024,iter-count,lru,2,0.393529
string128,sip,1024,iter-count,hashlink,2,0.399056
string128,sip,1024,iter-count,micro,2,0.397214
string128,sip,1024,iter-count,baseline,2,257.167866
string128,sip,1024,iter-count,lru,3,0.386190
string128,sip,1024,iter-count,hashlink,3,0.396448
string128,sip,1024,iter-count,micro,3,0.404684
string128,sip,1024,iter-count,baseline,3,259.223787
string128,sip,1024,iter-count,quick_cache,3,470.327288
string128,sip,1024,iter-count,hashlink,4,0.388298
string128,sip,1024,iter-count,micro,4,0.392686
string128,sip,1024,iter-count,baseline,4,255.248529
string128,sip,1024,iter-count,quick_cache,4,459.597565
string128,sip,1024,iter-count,lru,4,0.392320
string128,sip,1024,iter-count,micro,5,0.391474
string128,sip,1024,iter-count,baseline,5,243.843220
string128,sip,1024,iter-count,quick_cache,5,457.614190
string128,sip,1024,iter-count,lru,5,0.382029
string128,sip,1024,iter-count,hashlink,5,0.391380
string128,sip,1024,iter-count,baseline,6,252.378806
string128,sip,1024,iter-count,quick_cache,6,461.679324
string128,sip,1024,iter-count,lru,6,0.394443
string128,sip,1024,iter-count,hashlink,6,0.405438
string128,sip,1024,iter-count,micro,6,0.398007
string128,sip,1024,iter-count,quick_cache,7,474.985212
string128,sip,1024,iter-count,lru,7,0.388600
string128,sip,1024,iter-count,hashlink,7,0.393015
string128,sip,1024,iter-count,micro,7,0.395320
string128,sip,1024,iter-count,baseline,7,250.436148
string128,sip,1024,iter-count,lru,8,0.380185
string128,sip,1024,iter-count,hashlink,8,0.389864
string128,sip,1024,iter-count,micro,8,0.394738
string128,sip,1024,iter-count,baseline,8,250.828425
string128,sip,1024,iter-count,quick_cache,8,455.838935
string128,sip,16384,iter-dense,micro,0,6067.307692
string128,sip,16384,iter-dense,baseline,0,6096.754808
string128,sip,16384,iter-dense,quick_cache,0,6967.107337
string128,sip,16384,iter-dense,lru,0,25716.517857
string128,sip,16384,iter-dense,hashlink,0,24856.772321
string128,sip,16384,iter-dense,baseline,1,5984.615741
string128,sip,16384,iter-dense,quick_cache,1,6829.031250
string128,sip,16384,iter-dense,lru,1,23598.031250
string128,sip,16384,iter-dense,hashlink,1,24753.535714
string128,sip,16384,iter-dense,micro,1,6043.620192
string128,sip,16384,iter-dense,quick_cache,2,6600.531250
string128,sip,16384,iter-dense,lru,2,24936.571429
string128,sip,16384,iter-dense,hashlink,2,26369.791667
string128,sip,16384,iter-dense,micro,2,6090.995192
string128,sip,16384,iter-dense,baseline,2,6013.986111
string128,sip,16384,iter-dense,lru,3,25126.857143
string128,sip,16384,iter-dense,hashlink,3,23164.062500
string128,sip,16384,iter-dense,micro,3,5980.613426
string128,sip,16384,iter-dense,baseline,3,6022.335337
string128,sip,16384,iter-dense,quick_cache,3,6815.387228
string128,sip,16384,iter-dense,hashlink,4,24526.410714
string128,sip,16384,iter-dense,micro,4,6009.665865
string128,sip,16384,iter-dense,baseline,4,6025.691106
string128,sip,16384,iter-dense,quick_cache,4,6879.982337
string128,sip,16384,iter-dense,lru,4,25581.843750
string128,sip,16384,iter-dense,micro,5,6017.378606
string128,sip,16384,iter-dense,baseline,5,6088.942308
string128,sip,16384,iter-dense,quick_cache,5,6992.584239
string128,sip,16384,iter-dense,lru,5,24523.066964
string128,sip,16384,iter-dense,hashlink,5,23854.352679
string128,sip,16384,iter-dense,baseline,6,5995.370370
string128,sip,16384,iter-dense,quick_cache,6,6822.180707
string128,sip,16384,iter-dense,lru,6,24854.535714
string128,sip,16384,iter-dense,hashlink,6,23413.875000
string128,sip,16384,iter-dense,micro,6,6045.973558
string128,sip,16384,iter-dense,quick_cache,7,6983.638587
string128,sip,16384,iter-dense,lru,7,25653.272321
string128,sip,16384,iter-dense,hashlink,7,23282.736607
string128,sip,16384,iter-dense,micro,7,6011.478009
string128,sip,16384,iter-dense,baseline,7,6032.752404
string128,sip,16384,iter-dense,lru,8,25022.133929
string128,sip,16384,iter-dense,hashlink,8,24054.687500
string128,sip,16384,iter-dense,micro,8,6024.838942
string128,sip,16384,iter-dense,baseline,8,6027.745192
string128,sip,16384,iter-dense,quick_cache,8,6825.972826
string128,sip,16384,iter-dense-for,micro,0,6046.174279
string128,sip,16384,iter-dense-for,baseline,0,6126.151442
string128,sip,16384,iter-dense-for,quick_cache,0,8345.531250
string128,sip,16384,iter-dense-for,lru,0,22244.789062
string128,sip,16384,iter-dense-for,hashlink,0,18896.847222
string128,sip,16384,iter-dense-for,baseline,1,5998.746528
string128,sip,16384,iter-dense-for,quick_cache,1,7026.324728
string128,sip,16384,iter-dense-for,lru,1,21887.531250
string128,sip,16384,iter-dense-for,hashlink,1,19524.305556
string128,sip,16384,iter-dense-for,micro,1,6018.580529
string128,sip,16384,iter-dense-for,quick_cache,2,7066.576087
string128,sip,16384,iter-dense-for,lru,2,22065.429688
string128,sip,16384,iter-dense-for,hashlink,2,19390.333333
string128,sip,16384,iter-dense-for,micro,2,6185.697115
string128,sip,16384,iter-dense-for,baseline,2,6022.284856
string128,sip,16384,iter-dense-for,lru,3,22612.165179
string128,sip,16384,iter-dense-for,hashlink,3,19554.395833
string128,sip,16384,iter-dense-for,micro,3,6014.122596
string128,sip,16384,iter-dense-for,baseline,3,6015.324519
string128,sip,16384,iter-dense-for,quick_cache,3,7012.794837
string128,sip,16384,iter-dense-for,hashlink,4,25510.790179
string128,sip,16384,iter-dense-for,micro,4,5990.934028
string128,sip,16384,iter-dense-for,baseline,4,6020.181490
string128,sip,16384,iter-dense-for,quick_cache,4,8050.260938
string128,sip,16384,iter-dense-for,lru,4,21968.421875
string128,sip,16384,iter-dense-for,micro,5,6377.136250
string128,sip,16384,iter-dense-for,baseline,5,6078.676683
string128,sip,16384,iter-dense-for,quick_cache,5,7384.113636
string128,sip,16384,iter-dense-for,lru,5,21378.253906
string128,sip,16384,iter-dense-for,hashlink,5,19683.753906
string128,sip,16384,iter-dense-for,baseline,6,5973.668981
string128,sip,16384,iter-dense-for,quick_cache,6,7919.465625
string128,sip,16384,iter-dense-for,lru,6,22800.035714
string128,sip,16384,iter-dense-for,hashlink,6,19929.687500
string128,sip,16384,iter-dense-for,micro,6,6006.655093
string128,sip,16384,iter-dense-for,quick_cache,7,8018.164062
string128,sip,16384,iter-dense-for,lru,7,24029.388393
string128,sip,16384,iter-dense-for,hashlink,7,19796.550781
string128,sip,16384,iter-dense-for,micro,7,6047.626202
string128,sip,16384,iter-dense-for,baseline,7,6017.027644
string128,sip,16384,iter-dense-for,lru,8,22574.593750
string128,sip,16384,iter-dense-for,hashlink,8,21379.718750
string128,sip,16384,iter-dense-for,micro,8,6013.320913
string128,sip,16384,iter-dense-for,baseline,8,6006.076389
string128,sip,16384,iter-dense-for,quick_cache,8,7955.534375
string128,sip,16384,iter-density-1pct,micro,0,319.488776
string128,sip,16384,iter-density-1pct,baseline,0,6255.052500
string128,sip,16384,iter-density-1pct,quick_cache,0,6806.273098
string128,sip,16384,iter-density-1pct,lru,0,176.775488
string128,sip,16384,iter-density-1pct,hashlink,0,174.180470
string128,sip,16384,iter-density-1pct,baseline,1,6363.281250
string128,sip,16384,iter-density-1pct,quick_cache,1,6539.822917
string128,sip,16384,iter-density-1pct,lru,1,173.214563
string128,sip,16384,iter-density-1pct,hashlink,1,173.393604
string128,sip,16384,iter-density-1pct,micro,1,326.779423
string128,sip,16384,iter-density-1pct,quick_cache,2,6575.520833
string128,sip,16384,iter-density-1pct,lru,2,173.217470
string128,sip,16384,iter-density-1pct,hashlink,2,183.084492
string128,sip,16384,iter-density-1pct,micro,2,342.673003
string128,sip,16384,iter-density-1pct,baseline,2,6218.750000
string128,sip,16384,iter-density-1pct,lru,3,177.160037
string128,sip,16384,iter-density-1pct,hashlink,3,172.419101
string128,sip,16384,iter-density-1pct,micro,3,319.532336
string128,sip,16384,iter-density-1pct,baseline,3,6268.750000
string128,sip,16384,iter-density-1pct,quick_cache,3,6658.691406
string128,sip,16384,iter-density-1pct,hashlink,4,173.943270
string128,sip,16384,iter-density-1pct,micro,4,323.419744
string128,sip,16384,iter-density-1pct,baseline,4,6239.883413
string128,sip,16384,iter-density-1pct,quick_cache,4,6650.606771
string128,sip,16384,iter-density-1pct,lru,4,177.815095
string128,sip,16384,iter-density-1pct,micro,5,345.052083
string128,sip,16384,iter-density-1pct,baseline,5,6304.791250
string128,sip,16384,iter-density-1pct,quick_cache,5,6793.294271
string128,sip,16384,iter-density-1pct,lru,5,173.964996
string128,sip,16384,iter-density-1pct,hashlink,5,173.298365
string128,sip,16384,iter-density-1pct,baseline,6,6254.740000
string128,sip,16384,iter-density-1pct,quick_cache,6,6636.828125
string128,sip,16384,iter-density-1pct,lru,6,173.437223
string128,sip,16384,iter-density-1pct,hashlink,6,173.040109
string128,sip,16384,iter-density-1pct,micro,6,320.808786
string128,sip,16384,iter-density-1pct,quick_cache,7,6632.649740
string128,sip,16384,iter-density-1pct,lru,7,194.605503
string128,sip,16384,iter-density-1pct,hashlink,7,173.353208
string128,sip,16384,iter-density-1pct,micro,7,320.160723
string128,sip,16384,iter-density-1pct,baseline,7,6267.031250
string128,sip,16384,iter-density-1pct,lru,8,174.547468
string128,sip,16384,iter-density-1pct,hashlink,8,172.288451
string128,sip,16384,iter-density-1pct,micro,8,341.333447
string128,sip,16384,iter-density-1pct,baseline,8,5970.293981
string128,sip,16384,iter-density-1pct,quick_cache,8,6360.000000
string128,sip,16384,iter-density-6pct,micro,0,5490.840517
string128,sip,16384,iter-density-6pct,baseline,0,5529.364224
string128,sip,16384,iter-density-6pct,quick_cache,0,6681.858073
string128,sip,16384,iter-density-6pct,lru,0,1282.573514
string128,sip,16384,iter-density-6pct,hashlink,0,1255.968750
string128,sip,16384,iter-density-6pct,baseline,1,5557.561422
string128,sip,16384,iter-density-6pct,quick_cache,1,6460.261250
string128,sip,16384,iter-density-6pct,lru,1,1239.480807
string128,sip,16384,iter-density-6pct,hashlink,1,1248.697917
string128,sip,16384,iter-density-6pct,micro,1,5531.339440
string128,sip,16384,iter-density-6pct,quick_cache,2,6430.885000
string128,sip,16384,iter-density-6pct,lru,2,1245.990327
string128,sip,16384,iter-density-6pct,hashlink,2,1253.875000
string128,sip,16384,iter-density-6pct,micro,2,5691.685268
string128,sip,16384,iter-density-6pct,baseline,2,5490.660560
string128,sip,16384,iter-density-6pct,lru,3,1264.144405
string128,sip,16384,iter-density-6pct,hashlink,3,1226.654053
string128,sip,16384,iter-density-6pct,micro,3,5588.448661
string128,sip,16384,iter-density-6pct,baseline,3,5549.568966
string128,sip,16384,iter-density-6pct,quick_cache,3,6532.985677
string128,sip,16384,iter-density-6pct,hashlink,4,1232.058071
string128,sip,16384,iter-density-6pct,micro,4,5506.645474
string128,sip,16384,iter-density-6pct,baseline,4,5625.604911
string128,sip,16384,iter-density-6pct,quick_cache,4,6535.210938
string128,sip,16384,iter-density-6pct,lru,4,1331.998146
string128,sip,16384,iter-density-6pct,micro,5,5548.760776
string128,sip,16384,iter-density-6pct,baseline,5,5491.559267
string128,sip,16384,iter-density-6pct,quick_cache,5,6460.625000
string128,sip,16384,iter-density-6pct,lru,5,1231.309547
string128,sip,16384,iter-density-6pct,hashlink,5,1239.942175
string128,sip,16384,iter-density-6pct,baseline,6,5488.281250
string128,sip,16384,iter-density-6pct,quick_cache,6,6423.176250
string128,sip,16384,iter-density-6pct,lru,6,1240.223958
string128,sip,16384,iter-density-6pct,hashlink,6,1247.530258
string128,sip,16384,iter-density-6pct,micro,6,5547.099138
string128,sip,16384,iter-density-6pct,quick_cache,7,6599.066406
string128,sip,16384,iter-density-6pct,lru,7,1251.135250
string128,sip,16384,iter-density-6pct,hashlink,7,1235.051673
string128,sip,16384,iter-density-6pct,micro,7,5518.094828
string128,sip,16384,iter-density-6pct,baseline,7,5469.108836
string128,sip,16384,iter-density-6pct,lru,8,1248.346478
string128,sip,16384,iter-density-6pct,hashlink,8,1240.750992
string128,sip,16384,iter-density-6pct,micro,8,5437.410560
string128,sip,16384,iter-density-6pct,baseline,8,5480.692888
string128,sip,16384,iter-density-6pct,quick_cache,8,6473.125000
string128,sip,16384,iter-density-quarter,micro,0,5818.865741
string128,sip,16384,iter-density-quarter,baseline,0,5837.480324
string128,sip,16384,iter-density-quarter,quick_cache,0,6994.055707
string128,sip,16384,iter-density-quarter,lru,0,8996.815972
string128,sip,16384,iter-density-quarter,hashlink,0,8925.057292
string128,sip,16384,iter-density-quarter,baseline,1,5800.153935
string128,sip,16384,iter-density-quarter,quick_cache,1,6712.510417
string128,sip,16384,iter-density-quarter,lru,1,9044.777778
string128,sip,16384,iter-density-quarter,hashlink,1,8801.866319
string128,sip,16384,iter-density-quarter,micro,1,5791.569444
string128,sip,16384,iter-density-quarter,quick_cache,2,6691.947917
string128,sip,16384,iter-density-quarter,lru,2,9063.729167
string128,sip,16384,iter-density-quarter,hashlink,2,9212.163603
string128,sip,16384,iter-density-quarter,micro,2,5878.714120
string128,sip,16384,iter-density-quarter,baseline,2,5795.379630
string128,sip,16384,iter-density-quarter,lru,3,9063.151042
string128,sip,16384,iter-density-quarter,hashlink,3,9226.255515
string128,sip,16384,iter-density-quarter,micro,3,5622.302455
string128,sip,16384,iter-density-quarter,baseline,3,5765.160714
string128,sip,16384,iter-density-quarter,quick_cache,3,6693.792969
string128,sip,16384,iter-density-quarter,hashlink,4,9799.642578
string128,sip,16384,iter-density-quarter,micro,4,5787.133102
string128,sip,16384,iter-density-quarter,baseline,4,5787.664352
string128,sip,16384,iter-density-quarter,quick_cache,4,6814.084239
string128,sip,16384,iter-density-quarter,lru,4,20388.849432
string128,sip,16384,iter-density-quarter,micro,5,11384.116071
string128,sip,16384,iter-density-quarter,baseline,5,7366.950284
string128,sip,16384,iter-density-quarter,quick_cache,5,6447.031250
string128,sip,16384,iter-density-quarter,lru,5,10054.037109
string128,sip,16384,iter-density-quarter,hashlink,5,9683.823529
string128,sip,16384,iter-density-quarter,baseline,6,5853.587963
string128,sip,16384,iter-density-quarter,quick_cache,6,6456.927500
string128,sip,16384,iter-density-quarter,lru,6,10182.128906
string128,sip,16384,iter-density-quarter,hashlink,6,9091.725694
string128,sip,16384,iter-density-quarter,micro,6,5805.025463
string128,sip,16384,iter-density-quarter,quick_cache,7,6563.042969
string128,sip,16384,iter-density-quarter,lru,7,12996.995192
string128,sip,16384,iter-density-quarter,hashlink,7,9396.522059
string128,sip,16384,iter-density-quarter,micro,7,5748.929688
string128,sip,16384,iter-density-quarter,baseline,7,5787.062500
string128,sip,16384,iter-density-quarter,lru,8,11246.745536
string128,sip,16384,iter-density-quarter,hashlink,8,9650.428309
string128,sip,16384,iter-density-quarter,micro,8,5768.554688
string128,sip,16384,iter-density-quarter,baseline,8,5834.346065
string128,sip,16384,iter-density-quarter,quick_cache,8,6815.161685
string128,sip,16384,iter-density-half,micro,0,6024.840144
string128,sip,16384,iter-density-half,baseline,0,5981.964120
string128,sip,16384,iter-density-half,quick_cache,0,6736.924479
string128,sip,16384,iter-density-half,lru,0,14834.991477
string128,sip,16384,iter-density-half,hashlink,0,16634.765625
string128,sip,16384,iter-density-half,baseline,1,5878.520833
string128,sip,16384,iter-density-half,quick_cache,1,6755.424479
string128,sip,16384,iter-density-half,lru,1,15019.056818
string128,sip,16384,iter-density-half,hashlink,1,19420.861111
string128,sip,16384,iter-density-half,micro,1,5898.437500
string128,sip,16384,iter-density-half,quick_cache,2,6860.394022
string128,sip,16384,iter-density-half,lru,2,15855.987500
string128,sip,16384,iter-density-half,hashlink,2,16905.078125
string128,sip,16384,iter-density-half,micro,2,5963.541667
string128,sip,16384,iter-density-half,baseline,2,5907.215278
string128,sip,16384,iter-density-half,lru,3,14902.818182
string128,sip,16384,iter-density-half,hashlink,3,17085.546875
string128,sip,16384,iter-density-half,micro,3,5883.873843
string128,sip,16384,iter-density-half,baseline,3,5915.364583
string128,sip,16384,iter-density-half,quick_cache,3,6766.981771
string128,sip,16384,iter-density-half,hashlink,4,15426.610795
string128,sip,16384,iter-density-half,micro,4,6146.134615
string128,sip,16384,iter-density-half,baseline,4,5940.827546
string128,sip,16384,iter-density-half,quick_cache,4,6749.132812
string128,sip,16384,iter-density-half,lru,4,18923.465278
string128,sip,16384,iter-density-half,micro,5,5861.351852
string128,sip,16384,iter-density-half,baseline,5,5913.773148
string128,sip,16384,iter-density-half,quick_cache,5,6889.096467
string128,sip,16384,iter-density-half,lru,5,14860.911932
string128,sip,16384,iter-density-half,hashlink,5,16935.546875
string128,sip,16384,iter-density-half,baseline,6,5894.193287
string128,sip,16384,iter-density-half,quick_cache,6,6866.224185
string128,sip,16384,iter-density-half,lru,6,15361.625000
string128,sip,16384,iter-density-half,hashlink,6,17189.193750
string128,sip,16384,iter-density-half,micro,6,5875.675926
string128,sip,16384,iter-density-half,quick_cache,7,6755.859375
string128,sip,16384,iter-density-half,lru,7,14833.926136
string128,sip,16384,iter-density-half,hashlink,7,17066.406250
string128,sip,16384,iter-density-half,micro,7,5867.187500
string128,sip,16384,iter-density-half,baseline,7,5900.849537
string128,sip,16384,iter-density-half,lru,8,14916.903409
string128,sip,16384,iter-density-half,hashlink,8,18130.062500
string128,sip,16384,iter-density-half,micro,8,6031.850962
string128,sip,16384,iter-density-half,baseline,8,5938.174769
string128,sip,16384,iter-density-half,quick_cache,8,6750.813802
string128,sip,16384,iter-front,micro,0,1.186210
string128,sip,16384,iter-front,baseline,0,5457.031250
string128,sip,16384,iter-front,quick_cache,0,6900.475543
string128,sip,16384,iter-front,lru,0,1.162471
string128,sip,16384,iter-front,hashlink,0,1.129023
string128,sip,16384,iter-front,baseline,1,5184.853831
string128,sip,16384,iter-front,quick_cache,1,6555.175781
string128,sip,16384,iter-front,lru,1,1.192848
string128,sip,16384,iter-front,hashlink,1,1.155892
string128,sip,16384,iter-front,micro,1,1.192329
string128,sip,16384,iter-front,quick_cache,2,6938.179348
string128,sip,16384,iter-front,lru,2,1.186832
string128,sip,16384,iter-front,hashlink,2,1.143809
string128,sip,16384,iter-front,micro,2,1.181466
string128,sip,16384,iter-front,baseline,2,5454.427802
string128,sip,16384,iter-front,lru,3,1.220427
string128,sip,16384,iter-front,hashlink,3,1.145242
string128,sip,16384,iter-front,micro,3,1.185472
string128,sip,16384,iter-front,baseline,3,5576.419181
string128,sip,16384,iter-front,quick_cache,3,7115.707386
string128,sip,16384,iter-front,hashlink,4,1.171720
string128,sip,16384,iter-front,micro,4,1.177992
string128,sip,16384,iter-front,baseline,4,5529.229526
string128,sip,16384,iter-front,quick_cache,4,6929.914402
string128,sip,16384,iter-front,lru,4,1.182458
string128,sip,16384,iter-front,micro,5,1.181349
string128,sip,16384,iter-front,baseline,5,5421.201509
string128,sip,16384,iter-front,quick_cache,5,6948.993207
string128,sip,16384,iter-front,lru,5,1.180448
string128,sip,16384,iter-front,hashlink,5,1.166219
string128,sip,16384,iter-front,baseline,6,5515.803879
string128,sip,16384,iter-front,quick_cache,6,6956.237772
string128,sip,16384,iter-front,lru,6,1.184286
string128,sip,16384,iter-front,hashlink,6,1.168801
string128,sip,16384,iter-front,micro,6,1.185490
string128,sip,16384,iter-front,quick_cache,7,6899.229620
string128,sip,16384,iter-front,lru,7,1.176245
string128,sip,16384,iter-front,hashlink,7,1.135109
string128,sip,16384,iter-front,micro,7,1.177282
string128,sip,16384,iter-front,baseline,7,5562.095905
string128,sip,16384,iter-front,lru,8,1.189796
string128,sip,16384,iter-front,hashlink,8,1.183237
string128,sip,16384,iter-front,micro,8,1.199754
string128,sip,16384,iter-front,baseline,8,5470.141164
string128,sip,16384,iter-front,quick_cache,8,6778.861979
string128,sip,16384,iter-back,micro,0,1.199331
string128,sip,16384,iter-back,baseline,0,5553.251078
string128,sip,16384,iter-back,quick_cache,0,6904.438859
string128,sip,16384,iter-back,lru,0,1.203488
string128,sip,16384,iter-back,hashlink,0,1.146200
string128,sip,16384,iter-back,baseline,1,5512.885776
string128,sip,16384,iter-back,quick_cache,1,6941.745924
string128,sip,16384,iter-back,lru,1,1.198613
string128,sip,16384,iter-back,hashlink,1,1.148990
string128,sip,16384,iter-back,micro,1,1.168172
string128,sip,16384,iter-back,quick_cache,2,6533.691406
string128,sip,16384,iter-back,lru,2,1.175236
string128,sip,16384,iter-back,hashlink,2,1.169886
string128,sip,16384,iter-back,micro,2,1.190050
string128,sip,16384,iter-back,baseline,2,5281.380208
string128,sip,16384,iter-back,lru,3,1.175157
string128,sip,16384,iter-back,hashlink,3,1.160580
string128,sip,16384,iter-back,micro,3,1.204620
string128,sip,16384,iter-back,baseline,3,5399.739224
string128,sip,16384,iter-back,quick_cache,3,6947.464674
string128,sip,16384,iter-back,hashlink,4,1.169063
string128,sip,16384,iter-back,micro,4,1.195458
string128,sip,16384,iter-back,baseline,4,5319.227083
string128,sip,16384,iter-back,quick_cache,4,6724.772135
string128,sip,16384,iter-back,lru,4,1.181662
string128,sip,16384,iter-back,micro,5,1.196026
string128,sip,16384,iter-back,baseline,5,5378.559375
string128,sip,16384,iter-back,quick_cache,5,6925.385870
string128,sip,16384,iter-back,lru,5,1.163275
string128,sip,16384,iter-back,hashlink,5,1.282641
string128,sip,16384,iter-back,baseline,6,5583.984375
string128,sip,16384,iter-back,quick_cache,6,6709.147135
string128,sip,16384,iter-back,lru,6,1.172625
string128,sip,16384,iter-back,hashlink,6,1.158764
string128,sip,16384,iter-back,micro,6,1.175661
string128,sip,16384,iter-back,quick_cache,7,6505.208750
string128,sip,16384,iter-back,lru,7,1.182431
string128,sip,16384,iter-back,hashlink,7,1.147623
string128,sip,16384,iter-back,micro,7,1.202552
string128,sip,16384,iter-back,baseline,7,5432.965517
string128,sip,16384,iter-back,lru,8,1.196246
string128,sip,16384,iter-back,hashlink,8,1.164142
string128,sip,16384,iter-back,micro,8,1.193459
string128,sip,16384,iter-back,baseline,8,5508.979526
string128,sip,16384,iter-back,quick_cache,8,6647.190104
string128,sip,16384,iter-empty,micro,0,0.834704
string128,sip,16384,iter-empty,baseline,0,5381.943750
string128,sip,16384,iter-empty,quick_cache,0,6927.366848
string128,sip,16384,iter-empty,lru,0,0.979587
string128,sip,16384,iter-empty,hashlink,0,0.992448
string128,sip,16384,iter-empty,baseline,1,5447.332974
string128,sip,16384,iter-empty,quick_cache,1,6839.786685
string128,sip,16384,iter-empty,lru,1,1.044019
string128,sip,16384,iter-empty,hashlink,1,1.027069
string128,sip,16384,iter-empty,micro,1,0.835293
string128,sip,16384,iter-empty,quick_cache,2,6392.865000
string128,sip,16384,iter-empty,lru,2,0.985860
string128,sip,16384,iter-empty,hashlink,2,0.994659
string128,sip,16384,iter-empty,micro,2,0.824804
string128,sip,16384,iter-empty,baseline,2,5482.893319
string128,sip,16384,iter-empty,lru,3,0.978213
string128,sip,16384,iter-empty,hashlink,3,0.994678
string128,sip,16384,iter-empty,micro,3,0.833182
string128,sip,16384,iter-empty,baseline,3,5657.970982
string128,sip,16384,iter-empty,quick_cache,3,6828.578804
string128,sip,16384,iter-empty,hashlink,4,0.992858
string128,sip,16384,iter-empty,micro,4,0.817494
string128,sip,16384,iter-empty,baseline,4,5560.928879
string128,sip,16384,iter-empty,quick_cache,4,6891.756793
string128,sip,16384,iter-empty,lru,4,0.975800
string128,sip,16384,iter-empty,micro,5,0.814269
string128,sip,16384,iter-empty,baseline,5,5391.927083
string128,sip,16384,iter-empty,quick_cache,5,6818.783967
string128,sip,16384,iter-empty,lru,5,0.987618
string128,sip,16384,iter-empty,hashlink,5,1.003101
string128,sip,16384,iter-empty,baseline,6,5621.047991
string128,sip,16384,iter-empty,quick_cache,6,6860.168478
string128,sip,16384,iter-empty,lru,6,0.983459
string128,sip,16384,iter-empty,hashlink,6,0.989381
string128,sip,16384,iter-empty,micro,6,0.811128
string128,sip,16384,iter-empty,quick_cache,7,6841.881793
string128,sip,16384,iter-empty,lru,7,0.978532
string128,sip,16384,iter-empty,hashlink,7,0.990510
string128,sip,16384,iter-empty,micro,7,0.824003
string128,sip,16384,iter-empty,baseline,7,5202.411290
string128,sip,16384,iter-empty,lru,8,0.970684
string128,sip,16384,iter-empty,hashlink,8,0.993894
string128,sip,16384,iter-empty,micro,8,0.827302
string128,sip,16384,iter-empty,baseline,8,5440.015086
string128,sip,16384,iter-empty,quick_cache,8,6628.039062
string128,sip,16384,iter-count,micro,0,0.390758
string128,sip,16384,iter-count,baseline,0,5328.491211
string128,sip,16384,iter-count,quick_cache,0,7700.411458
string128,sip,16384,iter-count,lru,0,0.394379
string128,sip,16384,iter-count,hashlink,0,0.390691
string128,sip,16384,iter-count,baseline,1,5438.679688
string128,sip,16384,iter-count,quick_cache,1,7997.070312
string128,sip,16384,iter-count,lru,1,0.390215
string128,sip,16384,iter-count,hashlink,1,0.391348
string128,sip,16384,iter-count,micro,1,0.394435
string128,sip,16384,iter-count,quick_cache,2,7666.611979
string128,sip,16384,iter-count,lru,2,0.450302
string128,sip,16384,iter-count,hashlink,2,0.390347
string128,sip,16384,iter-count,micro,2,0.379472
string128,sip,16384,iter-count,baseline,2,5280.273438
string128,sip,16384,iter-count,lru,3,0.394123
string128,sip,16384,iter-count,hashlink,3,0.401993
string128,sip,16384,iter-count,micro,3,0.398377
string128,sip,16384,iter-count,baseline,3,5523.152344
string128,sip,16384,iter-count,quick_cache,3,7876.682292
string128,sip,16384,iter-count,hashlink,4,0.396271
string128,sip,16384,iter-count,micro,4,0.397153
string128,sip,16384,iter-count,baseline,4,5400.715820
string128,sip,16384,iter-count,quick_cache,4,7894.205729
string128,sip,16384,iter-count,lru,4,0.396067
string128,sip,16384,iter-count,micro,5,0.401840
string128,sip,16384,iter-count,baseline,5,5585.896484
string128,sip,16384,iter-count,quick_cache,5,7976.942708
string128,sip,16384,iter-count,lru,5,0.395781
string128,sip,16384,iter-count,hashlink,5,0.398032
string128,sip,16384,iter-count,baseline,6,5540.527344
string128,sip,16384,iter-count,quick_cache,6,7916.395833
string128,sip,16384,iter-count,lru,6,0.395257
string128,sip,16384,iter-count,hashlink,6,0.395725
string128,sip,16384,iter-count,micro,6,0.397141
string128,sip,16384,iter-count,quick_cache,7,8021.212240
string128,sip,16384,iter-count,lru,7,0.398491
string128,sip,16384,iter-count,hashlink,7,0.399290
string128,sip,16384,iter-count,micro,7,0.398926
string128,sip,16384,iter-count,baseline,7,5445.434570
string128,sip,16384,iter-count,lru,8,0.394976
string128,sip,16384,iter-count,hashlink,8,0.395377
string128,sip,16384,iter-count,micro,8,0.399767
string128,sip,16384,iter-count,baseline,8,5376.791016
string128,sip,16384,iter-count,quick_cache,8,7921.766927
string128,ahash,128,iter-dense,micro,0,39.449405
string128,ahash,128,iter-dense,baseline,0,38.556833
string128,ahash,128,iter-dense,quick_cache,0,30.174189
string128,ahash,128,iter-dense,lru,0,132.795906
string128,ahash,128,iter-dense,hashlink,0,131.450194
string128,ahash,128,iter-dense,baseline,1,38.055338
string128,ahash,128,iter-dense,quick_cache,1,28.390574
string128,ahash,128,iter-dense,lru,1,126.959992
string128,ahash,128,iter-dense,hashlink,1,126.331548
string128,ahash,128,iter-dense,micro,1,36.631087
string128,ahash,128,iter-dense,quick_cache,2,29.336839
string128,ahash,128,iter-dense,lru,2,127.299852
string128,ahash,128,iter-dense,hashlink,2,126.836876
string128,ahash,128,iter-dense,micro,2,37.054563
string128,ahash,128,iter-dense,baseline,2,36.842638
string128,ahash,128,iter-dense,lru,3,127.509635
string128,ahash,128,iter-dense,hashlink,3,127.229099
string128,ahash,128,iter-dense,micro,3,37.524646
string128,ahash,128,iter-dense,baseline,3,38.247981
string128,ahash,128,iter-dense,quick_cache,3,29.187196
string128,ahash,128,iter-dense,hashlink,4,127.773457
string128,ahash,128,iter-dense,micro,4,38.315673
string128,ahash,128,iter-dense,baseline,4,37.172559
string128,ahash,128,iter-dense,quick_cache,4,29.373238
string128,ahash,128,iter-dense,lru,4,127.735013
string128,ahash,128,iter-dense,micro,5,37.779626
string128,ahash,128,iter-dense,baseline,5,37.003774
string128,ahash,128,iter-dense,quick_cache,5,29.203315
string128,ahash,128,iter-dense,lru,5,127.544683
string128,ahash,128,iter-dense,hashlink,5,126.519256
string128,ahash,128,iter-dense,baseline,6,36.707313
string128,ahash,128,iter-dense,quick_cache,6,29.382815
string128,ahash,128,iter-dense,lru,6,128.407662
string128,ahash,128,iter-dense,hashlink,6,132.763833
string128,ahash,128,iter-dense,micro,6,38.749969
string128,ahash,128,iter-dense,quick_cache,7,29.366496
string128,ahash,128,iter-dense,lru,7,128.362120
string128,ahash,128,iter-dense,hashlink,7,127.024523
string128,ahash,128,iter-dense,micro,7,37.544240
string128,ahash,128,iter-dense,baseline,7,37.027303
string128,ahash,128,iter-dense,lru,8,126.122377
string128,ahash,128,iter-dense,hashlink,8,127.018176
string128,ahash,128,iter-dense,micro,8,37.302556
string128,ahash,128,iter-dense,baseline,8,36.895233
string128,ahash,128,iter-dense,quick_cache,8,29.379495
string128,ahash,128,iter-dense-for,micro,0,38.604457
string128,ahash,128,iter-dense-for,baseline,0,37.134439
string128,ahash,128,iter-dense-for,quick_cache,0,66.357590
string128,ahash,128,iter-dense-for,lru,0,78.276915
string128,ahash,128,iter-dense-for,hashlink,0,69.163095
string128,ahash,128,iter-dense-for,baseline,1,37.814284
string128,ahash,128,iter-dense-for,quick_cache,1,38.310746
string128,ahash,128,iter-dense-for,lru,1,77.909506
string128,ahash,128,iter-dense-for,hashlink,1,68.128923
string128,ahash,128,iter-dense-for,micro,1,37.955239
string128,ahash,128,iter-dense-for,quick_cache,2,37.968256
string128,ahash,128,iter-dense-for,lru,2,77.282703
string128,ahash,128,iter-dense-for,hashlink,2,68.726418
string128,ahash,128,iter-dense-for,micro,2,37.571314
string128,ahash,128,iter-dense-for,baseline,2,37.019449
string128,ahash,128,iter-dense-for,lru,3,76.663269
string128,ahash,128,iter-dense-for,hashlink,3,68.692198
string128,ahash,128,iter-dense-for,micro,3,37.800103
string128,ahash,128,iter-dense-for,baseline,3,36.997477
string128,ahash,128,iter-dense-for,quick_cache,3,66.583231
string128,ahash,128,iter-dense-for,hashlink,4,70.352952
string128,ahash,128,iter-dense-for,micro,4,38.723993
string128,ahash,128,iter-dense-for,baseline,4,37.720191
string128,ahash,128,iter-dense-for,quick_cache,4,66.657223
string128,ahash,128,iter-dense-for,lru,4,77.352785
string128,ahash,128,iter-dense-for,micro,5,37.721126
string128,ahash,128,iter-dense-for,baseline,5,37.310538
string128,ahash,128,iter-dense-for,quick_cache,5,66.900096
string128,ahash,128,iter-dense-for,lru,5,83.160092
string128,ahash,128,iter-dense-for,hashlink,5,69.375097
string128,ahash,128,iter-dense-for,baseline,6,37.636230
string128,ahash,128,iter-dense-for,quick_cache,6,66.973853
string128,ahash,128,iter-dense-for,lru,6,77.273465
string128,ahash,128,iter-dense-for,hashlink,6,69.906613
string128,ahash,128,iter-dense-for,micro,6,38.619995
string128,ahash,128,iter-dense-for,quick_cache,7,66.976077
string128,ahash,128,iter-dense-for,lru,7,79.100914
string128,ahash,128,iter-dense-for,hashlink,7,73.208797
string128,ahash,128,iter-dense-for,micro,7,38.189035
string128,ahash,128,iter-dense-for,baseline,7,38.037754
string128,ahash,128,iter-dense-for,lru,8,78.026835
string128,ahash,128,iter-dense-for,hashlink,8,69.496165
string128,ahash,128,iter-dense-for,micro,8,38.174829
string128,ahash,128,iter-dense-for,baseline,8,37.776468
string128,ahash,128,iter-dense-for,quick_cache,8,66.984462
string128,ahash,128,iter-density-1pct,micro,0,1.574545
string128,ahash,128,iter-density-1pct,baseline,0,39.352690
string128,ahash,128,iter-density-1pct,quick_cache,0,24.275351
string128,ahash,128,iter-density-1pct,lru,0,1.282493
string128,ahash,128,iter-density-1pct,hashlink,0,1.277314
string128,ahash,128,iter-density-1pct,baseline,1,35.576339
string128,ahash,128,iter-density-1pct,quick_cache,1,22.510363
string128,ahash,128,iter-density-1pct,lru,1,1.303550
string128,ahash,128,iter-density-1pct,hashlink,1,1.263361
string128,ahash,128,iter-density-1pct,micro,1,1.553922
string128,ahash,128,iter-density-1pct,quick_cache,2,22.324406
string128,ahash,128,iter-density-1pct,lru,2,1.292326
string128,ahash,128,iter-density-1pct,hashlink,2,1.269757
string128,ahash,128,iter-density-1pct,micro,2,1.553505
string128,ahash,128,iter-density-1pct,baseline,2,37.633099
string128,ahash,128,iter-density-1pct,lru,3,1.278778
string128,ahash,128,iter-density-1pct,hashlink,3,1.255514
string128,ahash,128,iter-density-1pct,micro,3,1.555033
string128,ahash,128,iter-density-1pct,baseline,3,37.354194
string128,ahash,128,iter-density-1pct,quick_cache,3,22.893280
string128,ahash,128,iter-density-1pct,hashlink,4,1.267132
string128,ahash,128,iter-density-1pct,micro,4,1.560300
string128,ahash,128,iter-density-1pct,baseline,4,37.063664
string128,ahash,128,iter-density-1pct,quick_cache,4,22.562739
string128,ahash,128,iter-density-1pct,lru,4,1.305881
string128,ahash,128,iter-density-1pct,micro,5,1.576086
string128,ahash,128,iter-density-1pct,baseline,5,37.202693
string128,ahash,128,iter-density-1pct,quick_cache,5,22.788451
string128,ahash,128,iter-density-1pct,lru,5,1.290682
string128,ahash,128,iter-density-1pct,hashlink,5,1.256645
string128,ahash,128,iter-density-1pct,baseline,6,37.248585
string128,ahash,128,iter-density-1pct,quick_cache,6,22.598631
string128,ahash,128,iter-density-1pct,lru,6,1.281657
string128,ahash,128,iter-density-1pct,hashlink,6,1.267656
string128,ahash,128,iter-density-1pct,micro,6,1.556986
string128,ahash,128,iter-density-1pct,quick_cache,7,22.763695
string128,ahash,128,iter-density-1pct,lru,7,1.280748
string128,ahash,128,iter-density-1pct,hashlink,7,1.267399
string128,ahash,128,iter-density-1pct,micro,7,1.555018
string128,ahash,128,iter-density-1pct,baseline,7,37.116174
string128,ahash,128,iter-density-1pct,lru,8,1.300166
string128,ahash,128,iter-density-1pct,hashlink,8,1.290235
string128,ahash,128,iter-density-1pct,micro,8,1.555110
string128,ahash,128,iter-density-1pct,baseline,8,37.556387
string128,ahash,128,iter-density-1pct,quick_cache,8,22.697936
string128,ahash,128,iter-density-6pct,micro,0,35.700044
string128,ahash,128,iter-density-6pct,baseline,0,34.855928
string128,ahash,128,iter-density-6pct,quick_cache,0,23.261704
string128,ahash,128,iter-density-6pct,lru,0,3.228199
string128,ahash,128,iter-density-6pct,hashlink,0,3.165866
string128,ahash,128,iter-density-6pct,baseline,1,35.336457
string128,ahash,128,iter-density-6pct,quick_cache,1,23.212363
string128,ahash,128,iter-density-6pct,lru,1,3.210001
string128,ahash,128,iter-density-6pct,hashlink,1,3.166572
string128,ahash,128,iter-density-6pct,micro,1,35.476376
string128,ahash,128,iter-density-6pct,quick_cache,2,23.313372
string128,ahash,128,iter-density-6pct,lru,2,3.227826
string128,ahash,128,iter-density-6pct,hashlink,2,3.218452
string128,ahash,128,iter-density-6pct,micro,2,35.625606
string128,ahash,128,iter-density-6pct,baseline,2,34.708632
string128,ahash,128,iter-density-6pct,lru,3,3.216500
string128,ahash,128,iter-density-6pct,hashlink,3,3.073151
string128,ahash,128,iter-density-6pct,micro,3,34.874393
string128,ahash,128,iter-density-6pct,baseline,3,34.007189
string128,ahash,128,iter-density-6pct,quick_cache,3,23.049699
string128,ahash,128,iter-density-6pct,hashlink,4,3.148033
string128,ahash,128,iter-density-6pct,micro,4,35.294158
string128,ahash,128,iter-density-6pct,baseline,4,36.137929
string128,ahash,128,iter-density-6pct,quick_cache,4,30.892170
string128,ahash,128,iter-density-6pct,lru,4,3.201806
string128,ahash,128,iter-density-6pct,micro,5,35.038887
string128,ahash,128,iter-density-6pct,baseline,5,35.766909
string128,ahash,128,iter-density-6pct,quick_cache,5,25.882061
string128,ahash,128,iter-density-6pct,lru,5,3.184097
string128,ahash,128,iter-density-6pct,hashlink,5,3.185838
string128,ahash,128,iter-density-6pct,baseline,6,35.068587
string128,ahash,128,iter-density-6pct,quick_cache,6,22.141690
string128,ahash,128,iter-density-6pct,lru,6,3.168086
string128,ahash,128,iter-density-6pct,hashlink,6,3.153699
string128,ahash,128,iter-density-6pct,micro,6,37.263673
string128,ahash,128,iter-density-6pct,quick_cache,7,20.862888
string128,ahash,128,iter-density-6pct,lru,7,3.235191
string128,ahash,128,iter-density-6pct,hashlink,7,3.072401
string128,ahash,128,iter-density-6pct,micro,7,33.897946
string128,ahash,128,iter-density-6pct,baseline,7,33.977896
string128,ahash,128,iter-density-6pct,lru,8,3.176588
string128,ahash,128,iter-density-6pct,hashlink,8,3.130813
string128,ahash,128,iter-density-6pct,micro,8,35.252002
string128,ahash,128,iter-density-6pct,baseline,8,34.870613
string128,ahash,128,iter-density-6pct,quick_cache,8,26.887168
string128,ahash,128,iter-density-quarter,micro,0,49.261202
string128,ahash,128,iter-density-quarter,baseline,0,36.322437
string128,ahash,128,iter-density-quarter,quick_cache,0,24.514056
string128,ahash,128,iter-density-quarter,lru,0,18.035297
string128,ahash,128,iter-density-quarter,hashlink,0,18.209438
string128,ahash,128,iter-density-quarter,baseline,1,36.668216
string128,ahash,128,iter-density-quarter,quick_cache,1,25.955368
string128,ahash,128,iter-density-quarter,lru,1,18.562652
string128,ahash,128,iter-density-quarter,hashlink,1,18.457411
string128,ahash,128,iter-density-quarter,micro,1,48.752183
string128,ahash,128,iter-density-quarter,quick_cache,2,25.581845
string128,ahash,128,iter-density-quarter,lru,2,18.628580
string128,ahash,128,iter-density-quarter,hashlink,2,18.483451
string128,ahash,128,iter-density-quarter,micro,2,48.767395
string128,ahash,128,iter-density-quarter,baseline,2,36.970909
string128,ahash,128,iter-density-quarter,lru,3,18.935277
string128,ahash,128,iter-density-quarter,hashlink,3,18.571169
string128,ahash,128,iter-density-quarter,micro,3,49.332436
string128,ahash,128,iter-density-quarter,baseline,3,37.053644
string128,ahash,128,iter-density-quarter,quick_cache,3,25.403222
string128,ahash,128,iter-density-quarter,hashlink,4,18.613665
string128,ahash,128,iter-density-quarter,micro,4,48.982004
string128,ahash,128,iter-density-quarter,baseline,4,37.355755
string128,ahash,128,iter-density-quarter,quick_cache,4,25.377619
string128,ahash,128,iter-density-quarter,lru,4,18.687747
string128,ahash,128,iter-density-quarter,micro,5,48.966664
string128,ahash,128,iter-density-quarter,baseline,5,37.182333
string128,ahash,128,iter-density-quarter,quick_cache,5,25.336160
string128,ahash,128,iter-density-quarter,lru,5,18.707257
string128,ahash,128,iter-density-quarter,hashlink,5,18.536077
string128,ahash,128,iter-density-quarter,baseline,6,37.750664
string128,ahash,128,iter-density-quarter,quick_cache,6,25.569501
string128,ahash,128,iter-density-quarter,lru,6,19.192217
string128,ahash,128,iter-density-quarter,hashlink,6,18.355812
string128,ahash,128,iter-density-quarter,micro,6,49.419454
string128,ahash,128,iter-density-quarter,quick_cache,7,25.456811
string128,ahash,128,iter-density-quarter,lru,7,18.707725
string128,ahash,128,iter-density-quarter,hashlink,7,18.566135
string128,ahash,128,iter-density-quarter,micro,7,48.966253
string128,ahash,128,iter-density-quarter,baseline,7,37.255603
string128,ahash,128,iter-density-quarter,lru,8,18.650036
string128,ahash,128,iter-density-quarter,hashlink,8,18.423535
string128,ahash,128,iter-density-quarter,micro,8,49.003900
string128,ahash,128,iter-density-quarter,baseline,8,36.843035
string128,ahash,128,iter-density-quarter,quick_cache,8,25.263783
string128,ahash,128,iter-density-half,micro,0,62.965854
string128,ahash,128,iter-density-half,baseline,0,37.598126
string128,ahash,128,iter-density-half,quick_cache,0,25.117169
string128,ahash,128,iter-density-half,lru,0,53.005565
string128,ahash,128,iter-density-half,hashlink,0,48.956219
string128,ahash,128,iter-density-half,baseline,1,35.501441
string128,ahash,128,iter-density-half,quick_cache,1,23.794793
string128,ahash,128,iter-density-half,lru,1,48.399272
string128,ahash,128,iter-density-half,hashlink,1,47.970457
string128,ahash,128,iter-density-half,micro,1,61.021488
string128,ahash,128,iter-density-half,quick_cache,2,24.448849
string128,ahash,128,iter-density-half,lru,2,48.983229
string128,ahash,128,iter-density-half,hashlink,2,48.694833
string128,ahash,128,iter-density-half,micro,2,61.570885
string128,ahash,128,iter-density-half,baseline,2,36.657782
string128,ahash,128,iter-density-half,lru,3,49.133282
string128,ahash,128,iter-density-half,hashlink,3,48.469089
string128,ahash,128,iter-density-half,micro,3,61.775371
string128,ahash,128,iter-density-half,baseline,3,37.084962
string128,ahash,128,iter-density-half,quick_cache,3,25.042568
string128,ahash,128,iter-density-half,hashlink,4,50.549984
string128,ahash,128,iter-density-half,micro,4,61.715763
string128,ahash,128,iter-density-half,baseline,4,37.366242
string128,ahash,128,iter-density-half,quick_cache,4,24.825434
string128,ahash,128,iter-density-half,lru,4,49.628017
string128,ahash,128,iter-density-half,micro,5,61.610564
string128,ahash,128,iter-density-half,baseline,5,36.907638
string128,ahash,128,iter-density-half,quick_cache,5,24.683438
string128,ahash,128,iter-density-half,lru,5,49.868050
string128,ahash,128,iter-density-half,hashlink,5,49.236718
string128,ahash,128,iter-density-half,baseline,6,37.044237
string128,ahash,128,iter-density-half,quick_cache,6,24.662312
string128,ahash,128,iter-density-half,lru,6,49.689905
string128,ahash,128,iter-density-half,hashlink,6,49.558863
string128,ahash,128,iter-density-half,micro,6,61.416896
string128,ahash,128,iter-density-half,quick_cache,7,24.920465
string128,ahash,128,iter-density-half,lru,7,51.302343
string128,ahash,128,iter-density-half,hashlink,7,49.229334
string128,ahash,128,iter-density-half,micro,7,61.857717
string128,ahash,128,iter-density-half,baseline,7,37.159691
string128,ahash,128,iter-density-half,lru,8,49.586156
string128,ahash,128,iter-density-half,hashlink,8,49.404659
string128,ahash,128,iter-density-half,micro,8,61.542536
string128,ahash,128,iter-density-half,baseline,8,36.872183
string128,ahash,128,iter-density-half,quick_cache,8,24.741030
string128,ahash,128,iter-front,micro,0,1.154850
string128,ahash,128,iter-front,baseline,0,36.456814
string128,ahash,128,iter-front,quick_cache,0,25.932548
string128,ahash,128,iter-front,lru,0,1.183237
string128,ahash,128,iter-front,hashlink,0,1.169615
string128,ahash,128,iter-front,baseline,1,36.625557
string128,ahash,128,iter-front,quick_cache,1,26.140771
string128,ahash,128,iter-front,lru,1,1.252415
string128,ahash,128,iter-front,hashlink,1,1.166776
string128,ahash,128,iter-front,micro,1,1.157185
string128,ahash,128,iter-front,quick_cache,2,26.346168
string128,ahash,128,iter-front,lru,2,1.202395
string128,ahash,128,iter-front,hashlink,2,1.198585
string128,ahash,128,iter-front,micro,2,1.155148
string128,ahash,128,iter-front,baseline,2,36.790676
string128,ahash,128,iter-front,lru,3,1.183336
string128,ahash,128,iter-front,hashlink,3,1.158738
string128,ahash,128,iter-front,micro,3,1.153264
string128,ahash,128,iter-front,baseline,3,36.499394
string128,ahash,128,iter-front,quick_cache,3,25.604933
string128,ahash,128,iter-front,hashlink,4,1.159959
string128,ahash,128,iter-front,micro,4,1.163293
string128,ahash,128,iter-front,baseline,4,36.590955
string128,ahash,128,iter-front,quick_cache,4,26.248147
string128,ahash,128,iter-front,lru,4,1.188412
string128,ahash,128,iter-front,micro,5,1.161106
string128,ahash,128,iter-front,baseline,5,36.904560
string128,ahash,128,iter-front,quick_cache,5,25.612051
string128,ahash,128,iter-front,lru,5,1.191248
string128,ahash,128,iter-front,hashlink,5,1.158532
string128,ahash,128,iter-front,baseline,6,36.707005
string128,ahash,128,iter-front,quick_cache,6,25.435664
string128,ahash,128,iter-front,lru,6,1.223993
string128,ahash,128,iter-front,hashlink,6,1.155430
string128,ahash,128,iter-front,micro,6,1.157442
string128,ahash,128,iter-front,quick_cache,7,26.039493
string128,ahash,128,iter-front,lru,7,1.176741
string128,ahash,128,iter-front,hashlink,7,1.161857
string128,ahash,128,iter-front,micro,7,1.165853
string128,ahash,128,iter-front,baseline,7,37.544232
string128,ahash,128,iter-front,lru,8,1.191257
string128,ahash,128,iter-front,hashlink,8,1.208935
string128,ahash,128,iter-front,micro,8,1.160709
string128,ahash,128,iter-front,baseline,8,35.796406
string128,ahash,128,iter-front,quick_cache,8,25.220611
string128,ahash,128,iter-back,micro,0,1.150064
string128,ahash,128,iter-back,baseline,0,36.529248
string128,ahash,128,iter-back,quick_cache,0,24.818794
string128,ahash,128,iter-back,lru,0,1.170088
string128,ahash,128,iter-back,hashlink,0,1.169816
string128,ahash,128,iter-back,baseline,1,37.017294
string128,ahash,128,iter-back,quick_cache,1,24.891406
string128,ahash,128,iter-back,lru,1,1.170877
string128,ahash,128,iter-back,hashlink,1,1.184331
string128,ahash,128,iter-back,micro,1,1.173057
string128,ahash,128,iter-back,quick_cache,2,21.042515
string128,ahash,128,iter-back,lru,2,1.186300
string128,ahash,128,iter-back,hashlink,2,1.189597
string128,ahash,128,iter-back,micro,2,1.172564
string128,ahash,128,iter-back,baseline,2,37.106433
string128,ahash,128,iter-back,lru,3,1.172397
string128,ahash,128,iter-back,hashlink,3,1.182199
string128,ahash,128,iter-back,micro,3,1.155422
string128,ahash,128,iter-back,baseline,3,36.624641
string128,ahash,128,iter-back,quick_cache,3,20.662697
string128,ahash,128,iter-back,hashlink,4,1.178898
string128,ahash,128,iter-back,micro,4,1.157039
string128,ahash,128,iter-back,baseline,4,36.721805
string128,ahash,128,iter-back,quick_cache,4,20.597012
string128,ahash,128,iter-back,lru,4,1.170430
string128,ahash,128,iter-back,micro,5,1.171175
string128,ahash,128,iter-back,baseline,5,36.810461
string128,ahash,128,iter-back,quick_cache,5,21.162734
string128,ahash,128,iter-back,lru,5,1.178916
string128,ahash,128,iter-back,hashlink,5,1.164428
string128,ahash,128,iter-back,baseline,6,37.003767
string128,ahash,128,iter-back,quick_cache,6,20.626576
string128,ahash,128,iter-back,lru,6,1.173621
string128,ahash,128,iter-back,hashlink,6,1.171158
string128,ahash,128,iter-back,micro,6,1.154619
string128,ahash,128,iter-back,quick_cache,7,20.782077
string128,ahash,128,iter-back,lru,7,1.175183
string128,ahash,128,iter-back,hashlink,7,1.153997
string128,ahash,128,iter-back,micro,7,1.169361
string128,ahash,128,iter-back,baseline,7,36.550621
string128,ahash,128,iter-back,lru,8,1.168382
string128,ahash,128,iter-back,hashlink,8,1.169536
string128,ahash,128,iter-back,micro,8,1.177441
string128,ahash,128,iter-back,baseline,8,37.513502
string128,ahash,128,iter-back,quick_cache,8,20.821711
string128,ahash,128,iter-empty,micro,0,0.827964
string128,ahash,128,iter-empty,baseline,0,36.511573
string128,ahash,128,iter-empty,quick_cache,0,20.631676
string128,ahash,128,iter-empty,lru,0,0.977620
string128,ahash,128,iter-empty,hashlink,0,0.990071
string128,ahash,128,iter-empty,baseline,1,36.044125
string128,ahash,128,iter-empty,quick_cache,1,20.569386
string128,ahash,128,iter-empty,lru,1,0.972182
string128,ahash,128,iter-empty,hashlink,1,0.985009
string128,ahash,128,iter-empty,micro,1,0.819341
string128,ahash,128,iter-empty,quick_cache,2,20.711498
string128,ahash,128,iter-empty,lru,2,0.970690
string128,ahash,128,iter-empty,hashlink,2,0.981636
string128,ahash,128,iter-empty,micro,2,0.838715
string128,ahash,128,iter-empty,baseline,2,36.389803
string128,ahash,128,iter-empty,lru,3,0.990900
string128,ahash,128,iter-empty,hashlink,3,0.981458
string128,ahash,128,iter-empty,micro,3,0.840352
string128,ahash,128,iter-empty,baseline,3,36.269731
string128,ahash,128,iter-empty,quick_cache,3,20.641030
string128,ahash,128,iter-empty,hashlink,4,0.984072
string128,ahash,128,iter-empty,micro,4,0.817023
string128,ahash,128,iter-empty,baseline,4,36.000907
string128,ahash,128,iter-empty,quick_cache,4,20.729002
string128,ahash,128,iter-empty,lru,4,0.968572
string128,ahash,128,iter-empty,micro,5,0.822706
string128,ahash,128,iter-empty,baseline,5,36.033210
string128,ahash,128,iter-empty,quick_cache,5,19.872707
string128,ahash,128,iter-empty,lru,5,0.946304
string128,ahash,128,iter-empty,hashlink,5,0.979968
string128,ahash,128,iter-empty,baseline,6,35.973951
string128,ahash,128,iter-empty,quick_cache,6,25.548173
string128,ahash,128,iter-empty,lru,6,0.959549
string128,ahash,128,iter-empty,hashlink,6,0.986246
string128,ahash,128,iter-empty,micro,6,0.823873
string128,ahash,128,iter-empty,quick_cache,7,21.849400
string128,ahash,128,iter-empty,lru,7,0.975928
string128,ahash,128,iter-empty,hashlink,7,0.986315
string128,ahash,128,iter-empty,micro,7,0.832774
string128,ahash,128,iter-empty,baseline,7,36.247811
string128,ahash,128,iter-empty,lru,8,0.969991
string128,ahash,128,iter-empty,hashlink,8,0.984333
string128,ahash,128,iter-empty,micro,8,0.833289
string128,ahash,128,iter-empty,baseline,8,36.437988
string128,ahash,128,iter-empty,quick_cache,8,21.821398
string128,ahash,128,iter-count,micro,0,0.395040
string128,ahash,128,iter-count,baseline,0,35.690865
string128,ahash,128,iter-count,quick_cache,0,54.995194
string128,ahash,128,iter-count,lru,0,0.387497
string128,ahash,128,iter-count,hashlink,0,0.392733
string128,ahash,128,iter-count,baseline,1,37.176828
string128,ahash,128,iter-count,quick_cache,1,53.091298
string128,ahash,128,iter-count,lru,1,0.385053
string128,ahash,128,iter-count,hashlink,1,0.392318
string128,ahash,128,iter-count,micro,1,0.396368
string128,ahash,128,iter-count,quick_cache,2,53.544167
string128,ahash,128,iter-count,lru,2,0.383834
string128,ahash,128,iter-count,hashlink,2,0.393355
string128,ahash,128,iter-count,micro,2,0.395376
string128,ahash,128,iter-count,baseline,2,36.016812
string128,ahash,128,iter-count,lru,3,0.386386
string128,ahash,128,iter-count,hashlink,3,0.392899
string128,ahash,128,iter-count,micro,3,0.398540
string128,ahash,128,iter-count,baseline,3,36.312515
string128,ahash,128,iter-count,quick_cache,3,53.511612
string128,ahash,128,iter-count,hashlink,4,0.389518
string128,ahash,128,iter-count,micro,4,0.396972
string128,ahash,128,iter-count,baseline,4,35.918292
string128,ahash,128,iter-count,quick_cache,4,52.502231
string128,ahash,128,iter-count,lru,4,0.388858
string128,ahash,128,iter-count,micro,5,0.394009
string128,ahash,128,iter-count,baseline,5,35.675418
string128,ahash,128,iter-count,quick_cache,5,52.088115
string128,ahash,128,iter-count,lru,5,0.389519
string128,ahash,128,iter-count,hashlink,5,0.391599
string128,ahash,128,iter-count,baseline,6,35.987137
string128,ahash,128,iter-count,quick_cache,6,52.329222
string128,ahash,128,iter-count,lru,6,0.386344
string128,ahash,128,iter-count,hashlink,6,0.393934
string128,ahash,128,iter-count,micro,6,0.398975
string128,ahash,128,iter-count,quick_cache,7,55.208433
string128,ahash,128,iter-count,lru,7,0.387693
string128,ahash,128,iter-count,hashlink,7,0.394539
string128,ahash,128,iter-count,micro,7,0.400357
string128,ahash,128,iter-count,baseline,7,36.108140
string128,ahash,128,iter-count,lru,8,0.386241
string128,ahash,128,iter-count,hashlink,8,0.391785
string128,ahash,128,iter-count,micro,8,0.395257
string128,ahash,128,iter-count,baseline,8,37.023060
string128,ahash,128,iter-count,quick_cache,8,50.747007
string128,ahash,1024,iter-dense,micro,0,270.885236
string128,ahash,1024,iter-dense,baseline,0,272.687609
string128,ahash,1024,iter-dense,quick_cache,0,261.585964
string128,ahash,1024,iter-dense,lru,0,1238.578740
string128,ahash,1024,iter-dense,hashlink,0,1241.918899
string128,ahash,1024,iter-dense,baseline,1,271.940707
string128,ahash,1024,iter-dense,quick_cache,1,261.980475
string128,ahash,1024,iter-dense,lru,1,1251.125000
string128,ahash,1024,iter-dense,hashlink,1,1236.158957
string128,ahash,1024,iter-dense,micro,1,271.922554
string128,ahash,1024,iter-dense,quick_cache,2,255.193465
string128,ahash,1024,iter-dense,lru,2,1237.768701
string128,ahash,1024,iter-dense,hashlink,2,1228.190186
string128,ahash,1024,iter-dense,micro,2,271.714952
string128,ahash,1024,iter-dense,baseline,2,272.532393
string128,ahash,1024,iter-dense,lru,3,1234.631398
string128,ahash,1024,iter-dense,hashlink,3,1239.337352
string128,ahash,1024,iter-dense,micro,3,269.778179
string128,ahash,1024,iter-dense,baseline,3,271.049989
string128,ahash,1024,iter-dense,quick_cache,3,258.038108
string128,ahash,1024,iter-dense,hashlink,4,1234.375000
string128,ahash,1024,iter-dense,micro,4,273.549060
string128,ahash,1024,iter-dense,baseline,4,277.635158
string128,ahash,1024,iter-dense,quick_cache,4,251.551196
string128,ahash,1024,iter-dense,lru,4,1235.861467
string128,ahash,1024,iter-dense,micro,5,275.321853
string128,ahash,1024,iter-dense,baseline,5,273.549060
string128,ahash,1024,iter-dense,quick_cache,5,254.830822
string128,ahash,1024,iter-dense,lru,5,1278.402439
string128,ahash,1024,iter-dense,hashlink,5,1263.703377
string128,ahash,1024,iter-dense,baseline,6,270.914591
string128,ahash,1024,iter-dense,quick_cache,6,255.913717
string128,ahash,1024,iter-dense,lru,6,1234.590305
string128,ahash,1024,iter-dense,hashlink,6,1229.166748
string128,ahash,1024,iter-dense,micro,6,272.001793
string128,ahash,1024,iter-dense,quick_cache,7,259.564473
string128,ahash,1024,iter-dense,lru,7,1238.783465
string128,ahash,1024,iter-dense,hashlink,7,1248.212302
string128,ahash,1024,iter-dense,micro,7,274.119308
string128,ahash,1024,iter-dense,baseline,7,275.376871
string128,ahash,1024,iter-dense,lru,8,1233.544537
string128,ahash,1024,iter-dense,hashlink,8,1263.472278
string128,ahash,1024,iter-dense,micro,8,271.292209
string128,ahash,1024,iter-dense,baseline,8,272.382676
string128,ahash,1024,iter-dense,quick_cache,8,253.855519
string128,ahash,1024,iter-dense-for,micro,0,273.218969
string128,ahash,1024,iter-dense-for,baseline,0,272.839878
string128,ahash,1024,iter-dense-for,quick_cache,0,501.627604
string128,ahash,1024,iter-dense-for,lru,0,742.063981
string128,ahash,1024,iter-dense-for,hashlink,0,873.276013
string128,ahash,1024,iter-dense-for,baseline,1,271.360026
string128,ahash,1024,iter-dense-for,quick_cache,1,271.895380
string128,ahash,1024,iter-dense-for,lru,1,739.632370
string128,ahash,1024,iter-dense-for,hashlink,1,896.093750
string128,ahash,1024,iter-dense-for,micro,1,273.207605
string128,ahash,1024,iter-dense-for,quick_cache,2,272.602679
string128,ahash,1024,iter-dense-for,lru,2,748.492225
string128,ahash,1024,iter-dense-for,hashlink,2,894.843750
string128,ahash,1024,iter-dense-for,micro,2,271.579319
string128,ahash,1024,iter-dense-for,baseline,2,273.665499
string128,ahash,1024,iter-dense-for,lru,3,741.391440
string128,ahash,1024,iter-dense-for,hashlink,3,874.476257
string128,ahash,1024,iter-dense-for,micro,3,272.523301
string128,ahash,1024,iter-dense-for,baseline,3,272.028967
string128,ahash,1024,iter-dense-for,quick_cache,3,271.441406
string128,ahash,1024,iter-dense-for,hashlink,4,888.013418
string128,ahash,1024,iter-dense-for,micro,4,272.065217
string128,ahash,1024,iter-dense-for,baseline,4,271.216963
string128,ahash,1024,iter-dense-for,quick_cache,4,289.206909
string128,ahash,1024,iter-dense-for,lru,4,731.770882
string128,ahash,1024,iter-dense-for,micro,5,265.225530
string128,ahash,1024,iter-dense-for,baseline,5,273.877572
string128,ahash,1024,iter-dense-for,quick_cache,5,260.818125
string128,ahash,1024,iter-dense-for,lru,5,738.539210
string128,ahash,1024,iter-dense-for,hashlink,5,888.871626
string128,ahash,1024,iter-dense-for,baseline,6,266.616535
string128,ahash,1024,iter-dense-for,quick_cache,6,261.040536
string128,ahash,1024,iter-dense-for,lru,6,727.458866
string128,ahash,1024,iter-dense-for,hashlink,6,873.312325
string128,ahash,1024,iter-dense-for,micro,6,265.461428
string128,ahash,1024,iter-dense-for,quick_cache,7,261.012260
string128,ahash,1024,iter-dense-for,lru,7,724.922888
string128,ahash,1024,iter-dense-for,hashlink,7,873.377793
string128,ahash,1024,iter-dense-for,micro,7,265.855283
string128,ahash,1024,iter-dense-for,baseline,7,268.253752
string128,ahash,1024,iter-dense-for,lru,8,730.432243
string128,ahash,1024,iter-dense-for,hashlink,8,903.167026
string128,ahash,1024,iter-dense-for,micro,8,273.553595
string128,ahash,1024,iter-dense-for,baseline,8,268.311803
string128,ahash,1024,iter-dense-for,quick_cache,8,264.901112
string128,ahash,1024,iter-density-1pct,micro,0,6.944252
string128,ahash,1024,iter-density-1pct,baseline,0,334.540799
string128,ahash,1024,iter-density-1pct,quick_cache,0,199.300040
string128,ahash,1024,iter-density-1pct,lru,0,4.275668
string128,ahash,1024,iter-density-1pct,hashlink,0,4.169258
string128,ahash,1024,iter-density-1pct,baseline,1,333.197295
string128,ahash,1024,iter-density-1pct,quick_cache,1,199.934743
string128,ahash,1024,iter-density-1pct,lru,1,4.294824
string128,ahash,1024,iter-density-1pct,hashlink,1,4.130901
string128,ahash,1024,iter-density-1pct,micro,1,6.887738
string128,ahash,1024,iter-density-1pct,quick_cache,2,199.564655
string128,ahash,1024,iter-density-1pct,lru,2,4.435089
string128,ahash,1024,iter-density-1pct,hashlink,2,4.195827
string128,ahash,1024,iter-density-1pct,micro,2,7.026870
string128,ahash,1024,iter-density-1pct,baseline,2,334.332198
string128,ahash,1024,iter-density-1pct,lru,3,4.395699
string128,ahash,1024,iter-density-1pct,hashlink,3,4.157313
string128,ahash,1024,iter-density-1pct,micro,3,6.958787
string128,ahash,1024,iter-density-1pct,baseline,3,335.786615
string128,ahash,1024,iter-density-1pct,quick_cache,3,199.961357
string128,ahash,1024,iter-density-1pct,hashlink,4,4.161521
string128,ahash,1024,iter-density-1pct,micro,4,6.937103
string128,ahash,1024,iter-density-1pct,baseline,4,334.749732
string128,ahash,1024,iter-density-1pct,quick_cache,4,199.082723
string128,ahash,1024,iter-density-1pct,lru,4,4.260512
string128,ahash,1024,iter-density-1pct,micro,5,6.729916
string128,ahash,1024,iter-density-1pct,baseline,5,325.371946
string128,ahash,1024,iter-density-1pct,quick_cache,5,169.557518
string128,ahash,1024,iter-density-1pct,lru,5,4.243308
string128,ahash,1024,iter-density-1pct,hashlink,5,4.212726
string128,ahash,1024,iter-density-1pct,baseline,6,331.104343
string128,ahash,1024,iter-density-1pct,quick_cache,6,172.679282
string128,ahash,1024,iter-density-1pct,lru,6,4.272044
string128,ahash,1024,iter-density-1pct,hashlink,6,4.178883
string128,ahash,1024,iter-density-1pct,micro,6,6.887073
string128,ahash,1024,iter-density-1pct,quick_cache,7,171.445278
string128,ahash,1024,iter-density-1pct,lru,7,4.247078
string128,ahash,1024,iter-density-1pct,hashlink,7,4.157720
string128,ahash,1024,iter-density-1pct,micro,7,6.888041
string128,ahash,1024,iter-density-1pct,baseline,7,329.861155
string128,ahash,1024,iter-density-1pct,lru,8,4.237518
string128,ahash,1024,iter-density-1pct,hashlink,8,4.137059
string128,ahash,1024,iter-density-1pct,micro,8,6.865472
string128,ahash,1024,iter-density-1pct,baseline,8,331.956608
string128,ahash,1024,iter-density-1pct,quick_cache,8,170.239617
string128,ahash,1024,iter-density-6pct,micro,0,304.659539
string128,ahash,1024,iter-density-6pct,baseline,0,312.812500
string128,ahash,1024,iter-density-6pct,quick_cache,0,188.953219
string128,ahash,1024,iter-density-6pct,lru,0,53.548738
string128,ahash,1024,iter-density-6pct,hashlink,0,54.923199
string128,ahash,1024,iter-density-6pct,baseline,1,320.043584
string128,ahash,1024,iter-density-6pct,quick_cache,1,179.552956
string128,ahash,1024,iter-density-6pct,lru,1,49.712339
string128,ahash,1024,iter-density-6pct,hashlink,1,49.381665
string128,ahash,1024,iter-density-6pct,micro,1,287.889906
string128,ahash,1024,iter-density-6pct,quick_cache,2,163.263309
string128,ahash,1024,iter-density-6pct,lru,2,49.588256
string128,ahash,1024,iter-density-6pct,hashlink,2,49.597767
string128,ahash,1024,iter-density-6pct,micro,2,275.516725
string128,ahash,1024,iter-density-6pct,baseline,2,287.698185
string128,ahash,1024,iter-density-6pct,lru,3,50.964714
string128,ahash,1024,iter-density-6pct,hashlink,3,50.449211
string128,ahash,1024,iter-density-6pct,micro,3,287.194209
string128,ahash,1024,iter-density-6pct,baseline,3,291.092004
string128,ahash,1024,iter-density-6pct,quick_cache,3,170.038765
string128,ahash,1024,iter-density-6pct,hashlink,4,49.392334
string128,ahash,1024,iter-density-6pct,micro,4,287.096216
string128,ahash,1024,iter-density-6pct,baseline,4,287.849160
string128,ahash,1024,iter-density-6pct,quick_cache,4,163.860521
string128,ahash,1024,iter-density-6pct,lru,4,49.548530
string128,ahash,1024,iter-density-6pct,micro,5,287.322438
string128,ahash,1024,iter-density-6pct,baseline,5,289.096234
string128,ahash,1024,iter-density-6pct,quick_cache,5,162.938282
string128,ahash,1024,iter-density-6pct,lru,5,49.354548
string128,ahash,1024,iter-density-6pct,hashlink,5,49.578720
string128,ahash,1024,iter-density-6pct,baseline,6,288.745387
string128,ahash,1024,iter-density-6pct,quick_cache,6,164.612105
string128,ahash,1024,iter-density-6pct,lru,6,51.843574
string128,ahash,1024,iter-density-6pct,hashlink,6,48.819383
string128,ahash,1024,iter-density-6pct,micro,6,289.747280
string128,ahash,1024,iter-density-6pct,quick_cache,7,164.802061
string128,ahash,1024,iter-density-6pct,lru,7,49.206539
string128,ahash,1024,iter-density-6pct,hashlink,7,49.366896
string128,ahash,1024,iter-density-6pct,micro,7,286.010855
string128,ahash,1024,iter-density-6pct,baseline,7,288.425853
string128,ahash,1024,iter-density-6pct,lru,8,49.378782
string128,ahash,1024,iter-density-6pct,hashlink,8,49.139721
string128,ahash,1024,iter-density-6pct,micro,8,277.910357
string128,ahash,1024,iter-density-6pct,baseline,8,285.006831
string128,ahash,1024,iter-density-6pct,quick_cache,8,162.610042
string128,ahash,1024,iter-density-quarter,micro,0,363.617369
string128,ahash,1024,iter-density-quarter,baseline,0,254.319106
string128,ahash,1024,iter-density-quarter,quick_cache,0,166.064758
string128,ahash,1024,iter-density-quarter,lru,0,299.148064
string128,ahash,1024,iter-density-quarter,hashlink,0,285.822726
string128,ahash,1024,iter-density-quarter,baseline,1,254.177236
string128,ahash,1024,iter-density-quarter,quick_cache,1,165.262718
string128,ahash,1024,iter-density-quarter,lru,1,283.380038
string128,ahash,1024,iter-density-quarter,hashlink,1,283.339957
string128,ahash,1024,iter-density-quarter,micro,1,361.698857
string128,ahash,1024,iter-density-quarter,quick_cache,2,164.199252
string128,ahash,1024,iter-density-quarter,lru,2,284.561989
string128,ahash,1024,iter-density-quarter,hashlink,2,283.851804
string128,ahash,1024,iter-density-quarter,micro,2,361.804398
string128,ahash,1024,iter-density-quarter,baseline,2,253.448288
string128,ahash,1024,iter-density-quarter,lru,3,286.687271
string128,ahash,1024,iter-density-quarter,hashlink,3,286.355769
string128,ahash,1024,iter-density-quarter,micro,3,362.725348
string128,ahash,1024,iter-density-quarter,baseline,3,257.032946
string128,ahash,1024,iter-density-quarter,quick_cache,3,164.300736
string128,ahash,1024,iter-density-quarter,hashlink,4,290.456343
string128,ahash,1024,iter-density-quarter,micro,4,364.628861
string128,ahash,1024,iter-density-quarter,baseline,4,255.964863
string128,ahash,1024,iter-density-quarter,quick_cache,4,164.032430
string128,ahash,1024,iter-density-quarter,lru,4,285.234660
string128,ahash,1024,iter-density-quarter,micro,5,363.926235
string128,ahash,1024,iter-density-quarter,baseline,5,245.498921
string128,ahash,1024,iter-density-quarter,quick_cache,5,159.599554
string128,ahash,1024,iter-density-quarter,lru,5,301.548952
string128,ahash,1024,iter-density-quarter,hashlink,5,290.429688
string128,ahash,1024,iter-density-quarter,baseline,6,245.570447
string128,ahash,1024,iter-density-quarter,quick_cache,6,189.507576
string128,ahash,1024,iter-density-quarter,lru,6,288.146466
string128,ahash,1024,iter-density-quarter,hashlink,6,290.212372
string128,ahash,1024,iter-density-quarter,micro,6,376.117413
string128,ahash,1024,iter-density-quarter,quick_cache,7,161.516174
string128,ahash,1024,iter-density-quarter,lru,7,290.841368
string128,ahash,1024,iter-density-quarter,hashlink,7,312.856812
string128,ahash,1024,iter-density-quarter,micro,7,378.248868
string128,ahash,1024,iter-density-quarter,baseline,7,252.549475
string128,ahash,1024,iter-density-quarter,lru,8,283.479110
string128,ahash,1024,iter-density-quarter,hashlink,8,282.740450
string128,ahash,1024,iter-density-quarter,micro,8,354.022342
string128,ahash,1024,iter-density-quarter,baseline,8,249.760833
string128,ahash,1024,iter-density-quarter,quick_cache,8,163.123336
string128,ahash,1024,iter-density-half,micro,0,475.846125
string128,ahash,1024,iter-density-half,baseline,0,262.701313
string128,ahash,1024,iter-density-half,quick_cache,0,197.908426
string128,ahash,1024,iter-density-half,lru,0,599.327466
string128,ahash,1024,iter-density-half,hashlink,0,603.034856
string128,ahash,1024,iter-density-half,baseline,1,260.280210
string128,ahash,1024,iter-density-half,quick_cache,1,195.270248
string128,ahash,1024,iter-density-half,lru,1,608.022252
string128,ahash,1024,iter-density-half,hashlink,1,610.043774
string128,ahash,1024,iter-density-half,micro,1,478.195050
string128,ahash,1024,iter-density-half,quick_cache,2,195.553398
string128,ahash,1024,iter-density-half,lru,2,603.245192
string128,ahash,1024,iter-density-half,hashlink,2,599.008261
string128,ahash,1024,iter-density-half,micro,2,475.489932
string128,ahash,1024,iter-density-half,baseline,2,255.751790
string128,ahash,1024,iter-density-half,lru,3,604.940878
string128,ahash,1024,iter-density-half,hashlink,3,605.827156
string128,ahash,1024,iter-density-half,micro,3,471.628671
string128,ahash,1024,iter-density-half,baseline,3,257.462881
string128,ahash,1024,iter-density-half,quick_cache,3,193.960337
string128,ahash,1024,iter-density-half,hashlink,4,609.136916
string128,ahash,1024,iter-density-half,micro,4,490.550745
string128,ahash,1024,iter-density-half,baseline,4,257.322111
string128,ahash,1024,iter-density-half,quick_cache,4,194.851387
string128,ahash,1024,iter-density-half,lru,4,618.041749
string128,ahash,1024,iter-density-half,micro,5,480.993558
string128,ahash,1024,iter-density-half,baseline,5,255.616830
string128,ahash,1024,iter-density-half,quick_cache,5,194.575637
string128,ahash,1024,iter-density-half,lru,5,601.262019
string128,ahash,1024,iter-density-half,hashlink,5,599.661758
string128,ahash,1024,iter-density-half,baseline,6,256.685704
string128,ahash,1024,iter-density-half,quick_cache,6,195.476875
string128,ahash,1024,iter-density-half,lru,6,603.387428
string128,ahash,1024,iter-density-half,hashlink,6,599.297534
string128,ahash,1024,iter-density-half,micro,6,478.410073
string128,ahash,1024,iter-density-half,quick_cache,7,196.826118
string128,ahash,1024,iter-density-half,lru,7,613.189338
string128,ahash,1024,iter-density-half,hashlink,7,631.473664
string128,ahash,1024,iter-density-half,micro,7,480.869423
string128,ahash,1024,iter-density-half,baseline,7,301.744641
string128,ahash,1024,iter-density-half,lru,8,1089.536241
string128,ahash,1024,iter-density-half,hashlink,8,908.551417
string128,ahash,1024,iter-density-half,micro,8,547.234703
string128,ahash,1024,iter-density-half,baseline,8,256.600216
string128,ahash,1024,iter-density-half,quick_cache,8,190.134276
string128,ahash,1024,iter-front,micro,0,1.154039
string128,ahash,1024,iter-front,baseline,0,251.436093
string128,ahash,1024,iter-front,quick_cache,0,162.673680
string128,ahash,1024,iter-front,lru,0,1.177743
string128,ahash,1024,iter-front,hashlink,0,1.170701
string128,ahash,1024,iter-front,baseline,1,257.268503
string128,ahash,1024,iter-front,quick_cache,1,181.478042
string128,ahash,1024,iter-front,lru,1,1.175979
string128,ahash,1024,iter-front,hashlink,1,1.154321
string128,ahash,1024,iter-front,micro,1,1.160847
string128,ahash,1024,iter-front,quick_cache,2,190.806853
string128,ahash,1024,iter-front,lru,2,1.188105
string128,ahash,1024,iter-front,hashlink,2,1.159865
string128,ahash,1024,iter-front,micro,2,1.152159
string128,ahash,1024,iter-front,baseline,2,251.822061
string128,ahash,1024,iter-front,lru,3,1.169098
string128,ahash,1024,iter-front,hashlink,3,1.143784
string128,ahash,1024,iter-front,micro,3,1.150352
string128,ahash,1024,iter-front,baseline,3,252.427454
string128,ahash,1024,iter-front,quick_cache,3,188.920026
string128,ahash,1024,iter-front,hashlink,4,1.145394
string128,ahash,1024,iter-front,micro,4,1.162765
string128,ahash,1024,iter-front,baseline,4,250.867376
string128,ahash,1024,iter-front,quick_cache,4,192.628156
string128,ahash,1024,iter-front,lru,4,1.194636
string128,ahash,1024,iter-front,micro,5,1.170859
string128,ahash,1024,iter-front,baseline,5,253.908381
string128,ahash,1024,iter-front,quick_cache,5,191.256426
string128,ahash,1024,iter-front,lru,5,1.190649
string128,ahash,1024,iter-front,hashlink,5,1.132895
string128,ahash,1024,iter-front,baseline,6,250.736579
string128,ahash,1024,iter-front,quick_cache,6,189.680674
string128,ahash,1024,iter-front,lru,6,1.179726
string128,ahash,1024,iter-front,hashlink,6,1.144194
string128,ahash,1024,iter-front,micro,6,1.159847
string128,ahash,1024,iter-front,quick_cache,7,191.331357
string128,ahash,1024,iter-front,lru,7,1.181912
string128,ahash,1024,iter-front,hashlink,7,1.171491
string128,ahash,1024,iter-front,micro,7,1.188095
string128,ahash,1024,iter-front,baseline,7,256.033091
string128,ahash,1024,iter-front,lru,8,1.221161
string128,ahash,1024,iter-front,hashlink,8,1.201147
string128,ahash,1024,iter-front,micro,8,1.187301
string128,ahash,1024,iter-front,baseline,8,267.022664
string128,ahash,1024,iter-front,quick_cache,8,168.980845
string128,ahash,1024,iter-back,micro,0,1.196658
string128,ahash,1024,iter-back,baseline,0,262.944223
string128,ahash,1024,iter-back,quick_cache,0,164.232110
string128,ahash,1024,iter-back,lru,0,1.182261
string128,ahash,1024,iter-back,hashlink,0,1.128526
string128,ahash,1024,iter-back,baseline,1,259.058516
string128,ahash,1024,iter-back,quick_cache,1,164.080240
string128,ahash,1024,iter-back,lru,1,1.202460
string128,ahash,1024,iter-back,hashlink,1,1.167273
string128,ahash,1024,iter-back,micro,1,1.173031
string128,ahash,1024,iter-back,quick_cache,2,166.070271
string128,ahash,1024,iter-back,lru,2,1.201498
string128,ahash,1024,iter-back,hashlink,2,1.164350
string128,ahash,1024,iter-back,micro,2,1.163379
string128,ahash,1024,iter-back,baseline,2,261.529316
string128,ahash,1024,iter-back,lru,3,1.196493
string128,ahash,1024,iter-back,hashlink,3,1.158368
string128,ahash,1024,iter-back,micro,3,1.169956
string128,ahash,1024,iter-back,baseline,3,259.718075
string128,ahash,1024,iter-back,quick_cache,3,163.958650
string128,ahash,1024,iter-back,hashlink,4,1.131246
string128,ahash,1024,iter-back,micro,4,1.170105
string128,ahash,1024,iter-back,baseline,4,259.943002
string128,ahash,1024,iter-back,quick_cache,4,163.474111
string128,ahash,1024,iter-back,lru,4,1.172678
string128,ahash,1024,iter-back,micro,5,1.173110
string128,ahash,1024,iter-back,baseline,5,259.897529
string128,ahash,1024,iter-back,quick_cache,5,173.863598
string128,ahash,1024,iter-back,lru,5,1.155089
string128,ahash,1024,iter-back,hashlink,5,1.134417
string128,ahash,1024,iter-back,baseline,6,253.503191
string128,ahash,1024,iter-back,quick_cache,6,189.020934
string128,ahash,1024,iter-back,lru,6,1.174388
string128,ahash,1024,iter-back,hashlink,6,1.140236
string128,ahash,1024,iter-back,micro,6,1.158961
string128,ahash,1024,iter-back,quick_cache,7,191.210460
string128,ahash,1024,iter-back,lru,7,1.177823
string128,ahash,1024,iter-back,hashlink,7,1.141094
string128,ahash,1024,iter-back,micro,7,1.153094
string128,ahash,1024,iter-back,baseline,7,256.895269
string128,ahash,1024,iter-back,lru,8,1.141669
string128,ahash,1024,iter-back,hashlink,8,1.153128
string128,ahash,1024,iter-back,micro,8,1.173330
string128,ahash,1024,iter-back,baseline,8,262.952994
string128,ahash,1024,iter-back,quick_cache,8,194.050791
string128,ahash,1024,iter-empty,micro,0,0.823899
string128,ahash,1024,iter-empty,baseline,0,269.226441
string128,ahash,1024,iter-empty,quick_cache,0,184.668315
string128,ahash,1024,iter-empty,lru,0,0.949894
string128,ahash,1024,iter-empty,hashlink,0,0.947837
string128,ahash,1024,iter-empty,baseline,1,245.715016
string128,ahash,1024,iter-empty,quick_cache,1,157.303194
string128,ahash,1024,iter-empty,lru,1,0.973417
string128,ahash,1024,iter-empty,hashlink,1,0.989858
string128,ahash,1024,iter-empty,micro,1,0.832831
string128,ahash,1024,iter-empty,quick_cache,2,164.258075
string128,ahash,1024,iter-empty,lru,2,0.985568
string128,ahash,1024,iter-empty,hashlink,2,0.993319
string128,ahash,1024,iter-empty,micro,2,0.841728
string128,ahash,1024,iter-empty,baseline,2,264.589520
string128,ahash,1024,iter-empty,lru,3,0.989293
string128,ahash,1024,iter-empty,hashlink,3,0.994419
string128,ahash,1024,iter-empty,micro,3,0.836819
string128,ahash,1024,iter-empty,baseline,3,264.122783
string128,ahash,1024,iter-empty,quick_cache,3,165.024980
string128,ahash,1024,iter-empty,hashlink,4,0.993691
string128,ahash,1024,iter-empty,micro,4,0.824290
string128,ahash,1024,iter-empty,baseline,4,262.760452
string128,ahash,1024,iter-empty,quick_cache,4,164.421201
string128,ahash,1024,iter-empty,lru,4,0.982266
string128,ahash,1024,iter-empty,micro,5,0.840564
string128,ahash,1024,iter-empty,baseline,5,262.334836
string128,ahash,1024,iter-empty,quick_cache,5,166.001791
string128,ahash,1024,iter-empty,lru,5,0.988461
string128,ahash,1024,iter-empty,hashlink,5,1.005690
string128,ahash,1024,iter-empty,baseline,6,265.866390
string128,ahash,1024,iter-empty,quick_cache,6,165.425198
string128,ahash,1024,iter-empty,lru,6,0.994672
string128,ahash,1024,iter-empty,hashlink,6,1.003913
string128,ahash,1024,iter-empty,micro,6,0.839891
string128,ahash,1024,iter-empty,quick_cache,7,166.321742
string128,ahash,1024,iter-empty,lru,7,0.989174
string128,ahash,1024,iter-empty,hashlink,7,0.995109
string128,ahash,1024,iter-empty,micro,7,0.837447
string128,ahash,1024,iter-empty,baseline,7,263.560972
string128,ahash,1024,iter-empty,lru,8,0.987343
string128,ahash,1024,iter-empty,hashlink,8,0.995832
string128,ahash,1024,iter-empty,micro,8,0.825802
string128,ahash,1024,iter-empty,baseline,8,263.554437
string128,ahash,1024,iter-empty,quick_cache,8,165.180166
string128,ahash,1024,iter-count,micro,0,0.398434
string128,ahash,1024,iter-count,baseline,0,266.023068
string128,ahash,1024,iter-count,quick_cache,0,486.943407
string128,ahash,1024,iter-count,lru,0,0.393347
string128,ahash,1024,iter-count,hashlink,0,0.454568
string128,ahash,1024,iter-count,baseline,1,252.783654
string128,ahash,1024,iter-count,quick_cache,1,460.418877
string128,ahash,1024,iter-count,lru,1,0.385471
string128,ahash,1024,iter-count,hashlink,1,0.397889
string128,ahash,1024,iter-count,micro,1,0.402250
string128,ahash,1024,iter-count,quick_cache,2,502.933794
string128,ahash,1024,iter-count,lru,2,0.401291
string128,ahash,1024,iter-count,hashlink,2,0.400796
string128,ahash,1024,iter-count,micro,2,0.400283
string128,ahash,1024,iter-count,baseline,2,263.676198
string128,ahash,1024,iter-count,lru,3,0.399762
string128,ahash,1024,iter-count,hashlink,3,0.406586
string128,ahash,1024,iter-count,micro,3,0.406418
string128,ahash,1024,iter-count,baseline,3,261.829427
string128,ahash,1024,iter-count,quick_cache,3,476.518769
string128,ahash,1024,iter-count,hashlink,4,0.397259
string128,ahash,1024,iter-count,micro,4,0.403767
string128,ahash,1024,iter-count,baseline,4,260.516510
string128,ahash,1024,iter-count,quick_cache,4,477.646246
string128,ahash,1024,iter-count,lru,4,0.394713
string128,ahash,1024,iter-count,micro,5,0.396379
string128,ahash,1024,iter-count,baseline,5,261.983490
string128,ahash,1024,iter-count,quick_cache,5,473.609561
string128,ahash,1024,iter-count,lru,5,0.395045
string128,ahash,1024,iter-count,hashlink,5,0.398413
string128,ahash,1024,iter-count,baseline,6,260.178968
string128,ahash,1024,iter-count,quick_cache,6,478.968178
string128,ahash,1024,iter-count,lru,6,0.395237
string128,ahash,1024,iter-count,hashlink,6,0.400247
string128,ahash,1024,iter-count,micro,6,0.391772
string128,ahash,1024,iter-count,quick_cache,7,472.741443
string128,ahash,1024,iter-count,lru,7,0.395938
string128,ahash,1024,iter-count,hashlink,7,0.400894
string128,ahash,1024,iter-count,micro,7,0.397850
string128,ahash,1024,iter-count,baseline,7,254.468496
string128,ahash,1024,iter-count,lru,8,0.389802
string128,ahash,1024,iter-count,hashlink,8,0.396437
string128,ahash,1024,iter-count,micro,8,0.394906
string128,ahash,1024,iter-count,baseline,8,255.134334
string128,ahash,1024,iter-count,quick_cache,8,462.610556
string128,ahash,16384,iter-dense,micro,0,6038.912260
string128,ahash,16384,iter-dense,baseline,0,6118.088942
string128,ahash,16384,iter-dense,quick_cache,0,7024.626359
string128,ahash,16384,iter-dense,lru,0,26393.229167
string128,ahash,16384,iter-dense,hashlink,0,23791.669643
string128,ahash,16384,iter-dense,baseline,1,6124.098558
string128,ahash,16384,iter-dense,quick_cache,1,6925.838315
string128,ahash,16384,iter-dense,lru,1,26163.411458
string128,ahash,16384,iter-dense,hashlink,1,23808.776786
string128,ahash,16384,iter-dense,micro,1,6029.146635
string128,ahash,16384,iter-dense,quick_cache,2,6933.141304
string128,ahash,16384,iter-dense,lru,2,26243.270833
string128,ahash,16384,iter-dense,hashlink,2,23811.571429
string128,ahash,16384,iter-dense,micro,2,6113.431490
string128,ahash,16384,iter-dense,baseline,2,6148.587740
string128,ahash,16384,iter-dense,lru,3,26909.942708
string128,ahash,16384,iter-dense,hashlink,3,23576.638393
string128,ahash,16384,iter-dense,micro,3,6095.151442
string128,ahash,16384,iter-dense,baseline,3,6058.043269
string128,ahash,16384,iter-dense,quick_cache,3,6939.425272
string128,ahash,16384,iter-dense,hashlink,4,26078.557292
string128,ahash,16384,iter-dense,micro,4,6031.099760
string128,ahash,16384,iter-dense,baseline,4,6062.199519
string128,ahash,16384,iter-dense,quick_cache,4,6943.047554
string128,ahash,16384,iter-dense,lru,4,23959.263393
string128,ahash,16384,iter-dense,micro,5,6050.129808
string128,ahash,16384,iter-dense,baseline,5,6136.418269
string128,ahash,16384,iter-dense,quick_cache,5,7033.288043
string128,ahash,16384,iter-dense,lru,5,26305.557292
string128,ahash,16384,iter-dense,hashlink,5,23721.910714
string128,ahash,16384,iter-dense,baseline,6,6127.453125
string128,ahash,16384,iter-dense,quick_cache,6,6896.569293
string128,ahash,16384,iter-dense,lru,6,26027.156250
string128,ahash,16384,iter-dense,hashlink,6,24213.727679
string128,ahash,16384,iter-dense,micro,6,6013.872596
string128,ahash,16384,iter-dense,quick_cache,7,6923.177989
string128,ahash,16384,iter-dense,lru,7,25877.790179
string128,ahash,16384,iter-dense,hashlink,7,23975.446429
string128,ahash,16384,iter-dense,micro,7,6102.264423
string128,ahash,16384,iter-dense,baseline,7,6163.111779
string128,ahash,16384,iter-dense,lru,8,26121.093750
string128,ahash,16384,iter-dense,hashlink,8,23968.562500
string128,ahash,16384,iter-dense,micro,8,6111.429087
string128,ahash,16384,iter-dense,baseline,8,6078.876202
string128,ahash,16384,iter-dense,quick_cache,8,6980.411685
string128,ahash,16384,iter-dense-for,micro,0,6068.810096
string128,ahash,16384,iter-dense-for,baseline,0,6072.866587
string128,ahash,16384,iter-dense-for,quick_cache,0,7048.686141
string128,ahash,16384,iter-dense-for,lru,0,21675.945312
string128,ahash,16384,iter-dense-for,hashlink,0,19198.059028
string128,ahash,16384,iter-dense-for,baseline,1,6007.523148
string128,ahash,16384,iter-dense-for,quick_cache,1,8064.712500
string128,ahash,16384,iter-dense-for,lru,1,20545.410156
string128,ahash,16384,iter-dense-for,hashlink,1,25443.638393
string128,ahash,16384,iter-dense-for,micro,1,6039.513221
string128,ahash,16384,iter-dense-for,quick_cache,2,8066.276563
string128,ahash,16384,iter-dense-for,lru,2,19451.965278
string128,ahash,16384,iter-dense-for,hashlink,2,25210.937500
string128,ahash,16384,iter-dense-for,micro,2,6039.062500
string128,ahash,16384,iter-dense-for,baseline,2,6045.973558
string128,ahash,16384,iter-dense-for,lru,3,19565.593750
string128,ahash,16384,iter-dense-for,hashlink,3,25550.593750
string128,ahash,16384,iter-dense-for,micro,3,6059.746394
string128,ahash,16384,iter-dense-for,baseline,3,6110.225962
string128,ahash,16384,iter-dense-for,quick_cache,3,8168.489062
string128,ahash,16384,iter-dense-for,hashlink,4,20470.378906
string128,ahash,16384,iter-dense-for,micro,4,6123.647837
string128,ahash,16384,iter-dense-for,baseline,4,6143.028846
string128,ahash,16384,iter-dense-for,quick_cache,4,8033.332812
string128,ahash,16384,iter-dense-for,lru,4,22990.513393
string128,ahash,16384,iter-dense-for,micro,5,6054.187500
string128,ahash,16384,iter-dense-for,baseline,5,6085.586538
string128,ahash,16384,iter-dense-for,quick_cache,5,8016.992188
string128,ahash,16384,iter-dense-for,lru,5,19687.824219
string128,ahash,16384,iter-dense-for,hashlink,5,25390.812500
string128,ahash,16384,iter-dense-for,baseline,6,6088.341346
string128,ahash,16384,iter-dense-for,quick_cache,6,8173.503125
string128,ahash,16384,iter-dense-for,lru,6,20039.062500
string128,ahash,16384,iter-dense-for,hashlink,6,25779.017857
string128,ahash,16384,iter-dense-for,micro,6,6088.842548
string128,ahash,16384,iter-dense-for,quick_cache,7,8036.653125
string128,ahash,16384,iter-dense-for,lru,7,20008.953125
string128,ahash,16384,iter-dense-for,hashlink,7,25540.178571
string128,ahash,16384,iter-dense-for,micro,7,6068.359375
string128,ahash,16384,iter-dense-for,baseline,7,6059.945913
string128,ahash,16384,iter-dense-for,lru,8,19508.100694
string128,ahash,16384,iter-dense-for,hashlink,8,25021.763393
string128,ahash,16384,iter-dense-for,micro,8,6060.096154
string128,ahash,16384,iter-dense-for,baseline,8,6112.329327
string128,ahash,16384,iter-dense-for,quick_cache,8,8127.343750
string128,ahash,16384,iter-density-1pct,micro,0,325.632096
string128,ahash,16384,iter-density-1pct,baseline,0,6375.051250
string128,ahash,16384,iter-density-1pct,quick_cache,0,6834.862772
string128,ahash,16384,iter-density-1pct,lru,0,172.764157
string128,ahash,16384,iter-density-1pct,hashlink,0,172.110167
string128,ahash,16384,iter-density-1pct,baseline,1,6288.437500
string128,ahash,16384,iter-density-1pct,quick_cache,1,6818.331522
string128,ahash,16384,iter-density-1pct,lru,1,174.251254
string128,ahash,16384,iter-density-1pct,hashlink,1,173.673333
string128,ahash,16384,iter-density-1pct,micro,1,325.103950
string128,ahash,16384,iter-density-1pct,quick_cache,2,6460.156250
string128,ahash,16384,iter-density-1pct,lru,2,181.906650
string128,ahash,16384,iter-density-1pct,hashlink,2,178.874070
string128,ahash,16384,iter-density-1pct,micro,2,320.158039
string128,ahash,16384,iter-density-1pct,baseline,2,6377.135000
string128,ahash,16384,iter-density-1pct,lru,3,178.495398
string128,ahash,16384,iter-density-1pct,hashlink,3,173.389274
string128,ahash,16384,iter-density-1pct,micro,3,328.745995
string128,ahash,16384,iter-density-1pct,baseline,3,6385.990000
string128,ahash,16384,iter-density-1pct,quick_cache,3,6871.658967
string128,ahash,16384,iter-density-1pct,hashlink,4,174.217879
string128,ahash,16384,iter-density-1pct,micro,4,323.126485
string128,ahash,16384,iter-density-1pct,baseline,4,6425.103750
string128,ahash,16384,iter-density-1pct,quick_cache,4,6986.639946
string128,ahash,16384,iter-density-1pct,lru,4,185.100777
string128,ahash,16384,iter-density-1pct,micro,5,327.419456
string128,ahash,16384,iter-density-1pct,baseline,5,6460.677500
string128,ahash,16384,iter-density-1pct,quick_cache,5,6918.817935
string128,ahash,16384,iter-density-1pct,lru,5,175.589572
string128,ahash,16384,iter-density-1pct,hashlink,5,173.518140
string128,ahash,16384,iter-density-1pct,baseline,6,6439.322500
string128,ahash,16384,iter-density-1pct,quick_cache,6,6875.792120
string128,ahash,16384,iter-density-1pct,lru,6,175.531355
string128,ahash,16384,iter-density-1pct,hashlink,6,177.844710
string128,ahash,16384,iter-density-1pct,micro,6,338.209773
string128,ahash,16384,iter-density-1pct,quick_cache,7,6912.364130
string128,ahash,16384,iter-density-1pct,lru,7,179.529026
string128,ahash,16384,iter-density-1pct,hashlink,7,186.197917
string128,ahash,16384,iter-density-1pct,micro,7,333.585954
string128,ahash,16384,iter-density-1pct,baseline,7,6507.916250
string128,ahash,16384,iter-density-1pct,lru,8,175.781250
string128,ahash,16384,iter-density-1pct,hashlink,8,179.668032
string128,ahash,16384,iter-density-1pct,micro,8,324.340314
string128,ahash,16384,iter-density-1pct,baseline,8,6501.353750
string128,ahash,16384,iter-density-1pct,quick_cache,8,7311.137784
string128,ahash,16384,iter-density-6pct,micro,0,5352.257292
string128,ahash,16384,iter-density-6pct,baseline,0,5442.933190
string128,ahash,16384,iter-density-6pct,quick_cache,0,6661.250000
string128,ahash,16384,iter-density-6pct,lru,0,1244.812252
string128,ahash,16384,iter-density-6pct,hashlink,0,1313.725315
string128,ahash,16384,iter-density-6pct,baseline,1,5347.526042
string128,ahash,16384,iter-density-6pct,quick_cache,1,6444.322500
string128,ahash,16384,iter-density-6pct,lru,1,1279.026931
string128,ahash,16384,iter-density-6pct,hashlink,1,1246.848214
string128,ahash,16384,iter-density-6pct,micro,1,5547.997845
string128,ahash,16384,iter-density-6pct,quick_cache,2,6566.296875
string128,ahash,16384,iter-density-6pct,lru,2,1251.614500
string128,ahash,16384,iter-density-6pct,hashlink,2,1245.845734
string128,ahash,16384,iter-density-6pct,micro,2,5615.234375
string128,ahash,16384,iter-density-6pct,baseline,2,5550.691810
string128,ahash,16384,iter-density-6pct,lru,3,1250.989750
string128,ahash,16384,iter-density-6pct,hashlink,3,1269.069304
string128,ahash,16384,iter-density-6pct,micro,3,5683.220982
string128,ahash,16384,iter-density-6pct,baseline,3,5422.592672
string128,ahash,16384,iter-density-6pct,quick_cache,3,6296.615000
string128,ahash,16384,iter-density-6pct,hashlink,4,1268.922379
string128,ahash,16384,iter-density-6pct,micro,4,5392.106681
string128,ahash,16384,iter-density-6pct,baseline,4,5525.008621
string128,ahash,16384,iter-density-6pct,quick_cache,4,6438.801250
string128,ahash,16384,iter-density-6pct,lru,4,1243.985615
string128,ahash,16384,iter-density-6pct,micro,5,5456.403017
string128,ahash,16384,iter-density-6pct,baseline,5,5573.905172
string128,ahash,16384,iter-density-6pct,quick_cache,5,6388.593750
string128,ahash,16384,iter-density-6pct,lru,5,1245.556548
string128,ahash,16384,iter-density-6pct,hashlink,5,1281.346055
string128,ahash,16384,iter-density-6pct,baseline,6,5539.242457
string128,ahash,16384,iter-density-6pct,quick_cache,6,6540.907552
string128,ahash,16384,iter-density-6pct,lru,6,1243.717014
string128,ahash,16384,iter-density-6pct,hashlink,6,1257.125000
string128,ahash,16384,iter-density-6pct,micro,6,5532.821121
string128,ahash,16384,iter-density-6pct,quick_cache,7,6455.988750
string128,ahash,16384,iter-density-6pct,lru,7,1248.057044
string128,ahash,16384,iter-density-6pct,hashlink,7,1237.840305
string128,ahash,16384,iter-density-6pct,micro,7,5391.657328
string128,ahash,16384,iter-density-6pct,baseline,7,5528.781250
string128,ahash,16384,iter-density-6pct,lru,8,1243.882192
string128,ahash,16384,iter-density-6pct,hashlink,8,1569.088438
string128,ahash,16384,iter-density-6pct,micro,8,5513.200431
string128,ahash,16384,iter-density-6pct,baseline,8,5561.107759
string128,ahash,16384,iter-density-6pct,quick_cache,8,6449.791250
string128,ahash,16384,iter-density-quarter,micro,0,6047.125000
string128,ahash,16384,iter-density-quarter,baseline,0,5804.206019
string128,ahash,16384,iter-density-quarter,quick_cache,0,6894.135870
string128,ahash,16384,iter-density-quarter,lru,0,12191.908654
string128,ahash,16384,iter-density-quarter,hashlink,0,9642.156250
string128,ahash,16384,iter-density-quarter,baseline,1,5800.251157
string128,ahash,16384,iter-density-quarter,quick_cache,1,6914.798913
string128,ahash,16384,iter-density-quarter,lru,1,11992.933036
string128,ahash,16384,iter-density-quarter,hashlink,1,9785.888672
string128,ahash,16384,iter-density-quarter,micro,1,6058.093750
string128,ahash,16384,iter-density-quarter,quick_cache,2,6906.759511
string128,ahash,16384,iter-density-quarter,lru,2,12205.028846
string128,ahash,16384,iter-density-quarter,hashlink,2,9584.636029
string128,ahash,16384,iter-density-quarter,micro,2,6027.092548
string128,ahash,16384,iter-density-quarter,baseline,2,5823.929398
string128,ahash,16384,iter-density-quarter,lru,3,11448.475446
string128,ahash,16384,iter-density-quarter,hashlink,3,9627.373162
string128,ahash,16384,iter-density-quarter,micro,3,5964.071759
string128,ahash,16384,iter-density-quarter,baseline,3,5851.465278
string128,ahash,16384,iter-density-quarter,quick_cache,3,6933.649457
string128,ahash,16384,iter-density-quarter,hashlink,4,10560.068750
string128,ahash,16384,iter-density-quarter,micro,4,6050.280048
string128,ahash,16384,iter-density-quarter,baseline,4,5899.112269
string128,ahash,16384,iter-density-quarter,quick_cache,4,6960.710598
string128,ahash,16384,iter-density-quarter,lru,4,12040.064904
string128,ahash,16384,iter-density-quarter,micro,5,6050.480769
string128,ahash,16384,iter-density-quarter,baseline,5,5835.069444
string128,ahash,16384,iter-density-quarter,quick_cache,5,6887.171196
string128,ahash,16384,iter-density-quarter,lru,5,11637.555804
string128,ahash,16384,iter-density-quarter,hashlink,5,9732.919118
string128,ahash,16384,iter-density-quarter,baseline,6,5808.353009
string128,ahash,16384,iter-density-quarter,quick_cache,6,6807.574728
string128,ahash,16384,iter-density-quarter,lru,6,12121.293269
string128,ahash,16384,iter-density-quarter,hashlink,6,9678.156250
string128,ahash,16384,iter-density-quarter,micro,6,6073.567308
string128,ahash,16384,iter-density-quarter,quick_cache,7,6802.082880
string128,ahash,16384,iter-density-quarter,lru,7,11515.625000
string128,ahash,16384,iter-density-quarter,hashlink,7,10067.464844
string128,ahash,16384,iter-density-quarter,micro,7,5801.311343
string128,ahash,16384,iter-density-quarter,baseline,7,5663.783482
string128,ahash,16384,iter-density-quarter,lru,8,10666.839583
string128,ahash,16384,iter-density-quarter,hashlink,8,8801.215278
string128,ahash,16384,iter-density-quarter,micro,8,5827.016204
string128,ahash,16384,iter-density-quarter,baseline,8,5776.553571
string128,ahash,16384,iter-density-quarter,quick_cache,8,6714.843750
string128,ahash,16384,iter-density-half,micro,0,7786.892857
string128,ahash,16384,iter-density-half,baseline,0,5944.059028
string128,ahash,16384,iter-density-half,quick_cache,0,6866.225543
string128,ahash,16384,iter-density-half,lru,0,16417.187500
string128,ahash,16384,iter-density-half,hashlink,0,14209.042614
string128,ahash,16384,iter-density-half,baseline,1,5962.047454
string128,ahash,16384,iter-density-half,quick_cache,1,6930.876359
string128,ahash,16384,iter-density-half,lru,1,16751.431250
string128,ahash,16384,iter-density-half,hashlink,1,13585.721354
string128,ahash,16384,iter-density-half,micro,1,7717.199405
string128,ahash,16384,iter-density-half,quick_cache,2,6787.488281
string128,ahash,16384,iter-density-half,lru,2,16609.243750
string128,ahash,16384,iter-density-half,hashlink,2,13467.666667
string128,ahash,16384,iter-density-half,micro,2,7736.918155
string128,ahash,16384,iter-density-half,baseline,2,6005.690972
string128,ahash,16384,iter-density-half,lru,3,16719.140625
string128,ahash,16384,iter-density-half,hashlink,3,14065.213542
string128,ahash,16384,iter-density-half,micro,3,7788.752976
string128,ahash,16384,iter-density-half,baseline,3,5867.140046
string128,ahash,16384,iter-density-half,quick_cache,3,6883.152174
string128,ahash,16384,iter-density-half,hashlink,4,14529.946023
string128,ahash,16384,iter-density-half,micro,4,7755.270833
string128,ahash,16384,iter-density-half,baseline,4,5900.222222
string128,ahash,16384,iter-density-half,quick_cache,4,6777.451823
string128,ahash,16384,iter-density-half,lru,4,17485.677083
string128,ahash,16384,iter-density-half,micro,5,7870.117188
string128,ahash,16384,iter-density-half,baseline,5,5958.285880
string128,ahash,16384,iter-density-half,quick_cache,5,7013.586957
string128,ahash,16384,iter-density-half,lru,5,14388.968750
string128,ahash,16384,iter-density-half,hashlink,5,16396.093750
string128,ahash,16384,iter-density-half,baseline,6,5929.060185
string128,ahash,16384,iter-density-half,quick_cache,6,6927.195652
string128,ahash,16384,iter-density-half,lru,6,14122.830729
string128,ahash,16384,iter-density-half,hashlink,6,17392.361111
string128,ahash,16384,iter-density-half,micro,6,7847.331250
string128,ahash,16384,iter-density-half,quick_cache,7,6892.548913
string128,ahash,16384,iter-density-half,lru,7,14350.852273
string128,ahash,16384,iter-density-half,hashlink,7,17181.640625
string128,ahash,16384,iter-density-half,micro,7,7889.192187
string128,ahash,16384,iter-density-half,baseline,7,5998.553241
string128,ahash,16384,iter-density-half,lru,8,14058.158854
string128,ahash,16384,iter-density-half,hashlink,8,16494.400000
string128,ahash,16384,iter-density-half,micro,8,7902.865625
string128,ahash,16384,iter-density-half,baseline,8,5934.317130
string128,ahash,16384,iter-density-half,quick_cache,8,6892.380435
string128,ahash,16384,iter-front,micro,0,1.153281
string128,ahash,16384,iter-front,baseline,0,5465.113147
string128,ahash,16384,iter-front,quick_cache,0,6875.792120
string128,ahash,16384,iter-front,lru,0,1.180198
string128,ahash,16384,iter-front,hashlink,0,1.142588
string128,ahash,16384,iter-front,baseline,1,5407.866379
string128,ahash,16384,iter-front,quick_cache,1,7042.911685
string128,ahash,16384,iter-front,lru,1,1.201877
string128,ahash,16384,iter-front,hashlink,1,1.171211
string128,ahash,16384,iter-front,micro,1,1.169921
string128,ahash,16384,iter-front,quick_cache,2,7028.759511
string128,ahash,16384,iter-front,lru,2,1.191684
string128,ahash,16384,iter-front,hashlink,2,1.204016
string128,ahash,16384,iter-front,micro,2,1.152354
string128,ahash,16384,iter-front,baseline,2,5322.047917
string128,ahash,16384,iter-front,lru,3,1.181510
string128,ahash,16384,iter-front,hashlink,3,1.148382
string128,ahash,16384,iter-front,micro,3,1.159176
string128,ahash,16384,iter-front,baseline,3,5548.400862
string128,ahash,16384,iter-front,quick_cache,3,7001.698370
string128,ahash,16384,iter-front,hashlink,4,1.173428
string128,ahash,16384,iter-front,micro,4,1.150869
string128,ahash,16384,iter-front,baseline,4,5587.332589
string128,ahash,16384,iter-front,quick_cache,4,6638.399740
string128,ahash,16384,iter-front,lru,4,1.169860
string128,ahash,16384,iter-front,micro,5,1.527281
string128,ahash,16384,iter-front,baseline,5,5356.640625
string128,ahash,16384,iter-front,quick_cache,5,6422.552500
string128,ahash,16384,iter-front,lru,5,1.144672
string128,ahash,16384,iter-front,hashlink,5,1.106304
string128,ahash,16384,iter-front,baseline,6,5402.163793
string128,ahash,16384,iter-front,quick_cache,6,6625.596354
string128,ahash,16384,iter-front,lru,6,1.190603
string128,ahash,16384,iter-front,hashlink,6,1.168006
string128,ahash,16384,iter-front,micro,6,1.156200
string128,ahash,16384,iter-front,quick_cache,7,6791.884115
string128,ahash,16384,iter-front,lru,7,1.180341
string128,ahash,16384,iter-front,hashlink,7,1.153886
string128,ahash,16384,iter-front,micro,7,1.159856
string128,ahash,16384,iter-front,baseline,7,5559.177802
string128,ahash,16384,iter-front,lru,8,1.181832
string128,ahash,16384,iter-front,hashlink,8,1.137870
string128,ahash,16384,iter-front,micro,8,1.157407
string128,ahash,16384,iter-front,baseline,8,5384.983333
string128,ahash,16384,iter-front,quick_cache,8,6870.923913
string128,ahash,16384,iter-back,micro,0,1.197070
string128,ahash,16384,iter-back,baseline,0,5416.082974
string128,ahash,16384,iter-back,quick_cache,0,6876.301630
string128,ahash,16384,iter-back,lru,0,1.190993
string128,ahash,16384,iter-back,hashlink,0,1.136719
string128,ahash,16384,iter-back,baseline,1,5366.276042
string128,ahash,16384,iter-back,quick_cache,1,6829.596467
string128,ahash,16384,iter-back,lru,1,1.180974
string128,ahash,16384,iter-back,hashlink,1,1.173841
string128,ahash,16384,iter-back,micro,1,1.171228
string128,ahash,16384,iter-back,quick_cache,2,6841.089674
string128,ahash,16384,iter-back,lru,2,1.192575
string128,ahash,16384,iter-back,hashlink,2,1.151963
string128,ahash,16384,iter-back,micro,2,1.165479
string128,ahash,16384,iter-back,baseline,2,5466.773707
string128,ahash,16384,iter-back,lru,3,1.189796
string128,ahash,16384,iter-back,hashlink,3,1.149286
string128,ahash,16384,iter-back,micro,3,1.164923
string128,ahash,16384,iter-back,baseline,3,5589.378348
string128,ahash,16384,iter-back,quick_cache,3,6892.720109
string128,ahash,16384,iter-back,hashlink,4,1.139405
string128,ahash,16384,iter-back,micro,4,1.137895
string128,ahash,16384,iter-back,baseline,4,5272.786458
string128,ahash,16384,iter-back,quick_cache,4,6576.985677
string128,ahash,16384,iter-back,lru,4,1.200187
string128,ahash,16384,iter-back,micro,5,1.194791
string128,ahash,16384,iter-back,baseline,5,5633.277902
string128,ahash,16384,iter-back,quick_cache,5,6877.320652
string128,ahash,16384,iter-back,lru,5,1.194983
string128,ahash,16384,iter-back,hashlink,5,1.139114
string128,ahash,16384,iter-back,baseline,6,5673.873884
string128,ahash,16384,iter-back,quick_cache,6,6943.500000
string128,ahash,16384,iter-back,lru,6,1.176634
string128,ahash,16384,iter-back,hashlink,6,1.155960
string128,ahash,16384,iter-back,micro,6,1.155259
string128,ahash,16384,iter-back,quick_cache,7,7025.475543
string128,ahash,16384,iter-back,lru,7,1.182145
string128,ahash,16384,iter-back,hashlink,7,1.151208
string128,ahash,16384,iter-back,micro,7,1.175051
string128,ahash,16384,iter-back,baseline,7,5395.743534
string128,ahash,16384,iter-back,lru,8,1.189823
string128,ahash,16384,iter-back,hashlink,8,1.154159
string128,ahash,16384,iter-back,micro,8,1.165958
string128,ahash,16384,iter-back,baseline,8,5690.150670
string128,ahash,16384,iter-back,quick_cache,8,6959.408967
string128,ahash,16384,iter-empty,micro,0,0.833823
string128,ahash,16384,iter-empty,baseline,0,5473.195043
string128,ahash,16384,iter-empty,quick_cache,0,6944.688859
string128,ahash,16384,iter-empty,lru,0,0.992360
string128,ahash,16384,iter-empty,hashlink,0,1.005774
string128,ahash,16384,iter-empty,baseline,1,5445.087284
string128,ahash,16384,iter-empty,quick_cache,1,6998.528533
string128,ahash,16384,iter-empty,lru,1,0.988905
string128,ahash,16384,iter-empty,hashlink,1,1.002116
string128,ahash,16384,iter-empty,micro,1,0.843664
string128,ahash,16384,iter-empty,quick_cache,2,7021.569293
string128,ahash,16384,iter-empty,lru,2,0.991642
string128,ahash,16384,iter-empty,hashlink,2,0.992322
string128,ahash,16384,iter-empty,micro,2,0.835780
string128,ahash,16384,iter-empty,baseline,2,5659.922991
string128,ahash,16384,iter-empty,lru,3,0.997644
string128,ahash,16384,iter-empty,hashlink,3,0.994254
string128,ahash,16384,iter-empty,micro,3,0.847389
string128,ahash,16384,iter-empty,baseline,3,5666.852679
string128,ahash,16384,iter-empty,quick_cache,3,6985.619565
string128,ahash,16384,iter-empty,hashlink,4,0.992019
string128,ahash,16384,iter-empty,micro,4,0.840081
string128,ahash,16384,iter-empty,baseline,4,5528.151940
string128,ahash,16384,iter-empty,quick_cache,4,6938.858696
string128,ahash,16384,iter-empty,lru,4,0.991006
string128,ahash,16384,iter-empty,micro,5,0.829930
string128,ahash,16384,iter-empty,baseline,5,5449.937500
string128,ahash,16384,iter-empty,quick_cache,5,6982.619565
string128,ahash,16384,iter-empty,lru,5,0.987337
string128,ahash,16384,iter-empty,hashlink,5,1.002785
string128,ahash,16384,iter-empty,baseline,6,5612.677455
string128,ahash,16384,iter-empty,quick_cache,6,7084.974185
string128,ahash,16384,iter-empty,lru,6,0.988693
string128,ahash,16384,iter-empty,hashlink,6,0.993154
string128,ahash,16384,iter-empty,micro,6,0.844718
string128,ahash,16384,iter-empty,quick_cache,7,6956.974185
string128,ahash,16384,iter-empty,lru,7,0.989557
string128,ahash,16384,iter-empty,hashlink,7,0.990297
string128,ahash,16384,iter-empty,micro,7,0.825990
string128,ahash,16384,iter-empty,baseline,7,5423.356681
string128,ahash,16384,iter-empty,lru,8,0.957984
string128,ahash,16384,iter-empty,hashlink,8,0.981815
string128,ahash,16384,iter-empty,micro,8,0.839061
string128,ahash,16384,iter-empty,baseline,8,5524.515086
string128,ahash,16384,iter-empty,quick_cache,8,6867.244565
string128,ahash,16384,iter-count,micro,0,0.396187
string128,ahash,16384,iter-count,baseline,0,5497.639648
string128,ahash,16384,iter-count,quick_cache,0,7863.606771
string128,ahash,16384,iter-count,lru,0,0.394537
string128,ahash,16384,iter-count,hashlink,0,0.397020
string128,ahash,16384,iter-count,baseline,1,5364.135742
string128,ahash,16384,iter-count,quick_cache,1,7862.739583
string128,ahash,16384,iter-count,lru,1,0.395661
string128,ahash,16384,iter-count,hashlink,1,0.399445
string128,ahash,16384,iter-count,micro,1,0.398967
string128,ahash,16384,iter-count,quick_cache,2,7920.898438
string128,ahash,16384,iter-count,lru,2,0.397025
string128,ahash,16384,iter-count,hashlink,2,0.398181
string128,ahash,16384,iter-count,micro,2,0.398967
string128,ahash,16384,iter-count,baseline,2,5520.425781
string128,ahash,16384,iter-count,lru,3,0.397036
string128,ahash,16384,iter-count,hashlink,3,0.397785
string128,ahash,16384,iter-count,micro,3,0.397432
string128,ahash,16384,iter-count,baseline,3,5397.216797
string128,ahash,16384,iter-count,quick_cache,3,7849.011719
string128,ahash,16384,iter-count,hashlink,4,0.399428
string128,ahash,16384,iter-count,micro,4,0.401702
string128,ahash,16384,iter-count,baseline,4,5600.423828
string128,ahash,16384,iter-count,quick_cache,4,7915.472656
string128,ahash,16384,iter-count,lru,4,0.406578
string128,ahash,16384,iter-count,micro,5,0.405040
string128,ahash,16384,iter-count,baseline,5,5439.941406
string128,ahash,16384,iter-count,quick_cache,5,7932.182292
string128,ahash,16384,iter-count,lru,5,0.398132
string128,ahash,16384,iter-count,hashlink,5,0.399273
string128,ahash,16384,iter-count,baseline,6,5510.823242
string128,ahash,16384,iter-count,quick_cache,6,8113.118490
string128,ahash,16384,iter-count,lru,6,0.396175
string128,ahash,16384,iter-count,hashlink,6,0.400140
string128,ahash,16384,iter-count,micro,6,0.396714
string128,ahash,16384,iter-count,quick_cache,7,8321.993490
string128,ahash,16384,iter-count,lru,7,0.397028
string128,ahash,16384,iter-count,hashlink,7,0.397991
string128,ahash,16384,iter-count,micro,7,0.396051
string128,ahash,16384,iter-count,baseline,7,5347.249023
string128,ahash,16384,iter-count,lru,8,0.395706
string128,ahash,16384,iter-count,hashlink,8,0.395898
string128,ahash,16384,iter-count,micro,8,0.398264
string128,ahash,16384,iter-count,baseline,8,5595.825195
string128,ahash,16384,iter-count,quick_cache,8,7861.274740
