key,hasher,capacity,operation,library,sample,ns_per_op
u64,sip,128,get-hit,micro,0,7.271460
u64,sip,128,get-hit,baseline,0,6.435281
u64,sip,128,get-hit,quick_cache,0,5.663672
u64,sip,128,get-hit,lru,0,6.625948
u64,sip,128,get-hit,hashlink,0,6.463480
u64,sip,128,get-hit,baseline,1,6.579573
u64,sip,128,get-hit,quick_cache,1,6.074917
u64,sip,128,get-hit,lru,1,6.221965
u64,sip,128,get-hit,hashlink,1,6.185150
u64,sip,128,get-hit,micro,1,5.945759
u64,sip,128,get-hit,quick_cache,2,6.876062
u64,sip,128,get-hit,lru,2,7.290611
u64,sip,128,get-hit,hashlink,2,6.095429
u64,sip,128,get-hit,micro,2,5.611922
u64,sip,128,get-hit,baseline,2,5.881253
u64,sip,128,get-hit,lru,3,7.155295
u64,sip,128,get-hit,hashlink,3,7.114018
u64,sip,128,get-hit,micro,3,5.611073
u64,sip,128,get-hit,baseline,3,5.491874
u64,sip,128,get-hit,quick_cache,3,5.339766
u64,sip,128,get-hit,hashlink,4,5.818287
u64,sip,128,get-hit,micro,4,5.467582
u64,sip,128,get-hit,baseline,4,5.423977
u64,sip,128,get-hit,quick_cache,4,5.428539
u64,sip,128,get-hit,lru,4,6.207656
u64,sip,128,get-miss,micro,0,4.547371
u64,sip,128,get-miss,baseline,0,4.491666
u64,sip,128,get-miss,quick_cache,0,4.425846
u64,sip,128,get-miss,lru,0,5.028641
u64,sip,128,get-miss,hashlink,0,4.408035
u64,sip,128,get-miss,baseline,1,4.370857
u64,sip,128,get-miss,quick_cache,1,4.447110
u64,sip,128,get-miss,lru,1,5.402060
u64,sip,128,get-miss,hashlink,1,4.406278
u64,sip,128,get-miss,micro,1,4.430013
u64,sip,128,get-miss,quick_cache,2,4.484100
u64,sip,128,get-miss,lru,2,5.074697
u64,sip,128,get-miss,hashlink,2,4.459304
u64,sip,128,get-miss,micro,2,4.383087
u64,sip,128,get-miss,baseline,2,4.455321
u64,sip,128,get-miss,lru,3,5.013749
u64,sip,128,get-miss,hashlink,3,4.342591
u64,sip,128,get-miss,micro,3,4.434486
u64,sip,128,get-miss,baseline,3,4.399558
u64,sip,128,get-miss,quick_cache,3,4.383934
u64,sip,128,get-miss,hashlink,4,4.357252
u64,sip,128,get-miss,micro,4,4.370796
u64,sip,128,get-miss,baseline,4,4.425109
u64,sip,128,get-miss,quick_cache,4,4.489433
u64,sip,128,get-miss,lru,4,5.047174
u64,sip,128,update,micro,0,5.363722
u64,sip,128,update,baseline,0,5.371683
u64,sip,128,update,quick_cache,0,9.436063
u64,sip,128,update,lru,0,5.711326
u64,sip,128,update,hashlink,0,10.611834
u64,sip,128,update,baseline,1,5.248805
u64,sip,128,update,quick_cache,1,9.277469
u64,sip,128,update,lru,1,5.620474
u64,sip,128,update,hashlink,1,12.722673
u64,sip,128,update,micro,1,5.193719
u64,sip,128,update,quick_cache,2,9.338123
u64,sip,128,update,lru,2,5.708665
u64,sip,128,update,hashlink,2,15.810857
u64,sip,128,update,micro,2,5.256145
u64,sip,128,update,baseline,2,5.295018
u64,sip,128,update,lru,3,5.621245
u64,sip,128,update,hashlink,3,16.064634
u64,sip,128,update,micro,3,5.326793
u64,sip,128,update,baseline,3,5.334752
u64,sip,128,update,quick_cache,3,9.276834
u64,sip,128,update,hashlink,4,16.277147
u64,sip,128,update,micro,4,5.245100
u64,sip,128,update,baseline,4,5.253530
u64,sip,128,update,quick_cache,4,9.363556
u64,sip,128,update,lru,4,5.681669
u64,sip,128,insert-cycle,micro,0,11.787618
u64,sip,128,insert-cycle,baseline,0,11.896037
u64,sip,128,insert-cycle,quick_cache,0,17.388081
u64,sip,128,insert-cycle,lru,0,23.645547
u64,sip,128,insert-cycle,hashlink,0,30.520549
u64,sip,128,insert-cycle,baseline,1,11.676439
u64,sip,128,insert-cycle,quick_cache,1,16.819197
u64,sip,128,insert-cycle,lru,1,24.147819
u64,sip,128,insert-cycle,hashlink,1,29.429041
u64,sip,128,insert-cycle,micro,1,11.648441
u64,sip,128,insert-cycle,quick_cache,2,16.852954
u64,sip,128,insert-cycle,lru,2,24.094889
u64,sip,128,insert-cycle,hashlink,2,29.935467
u64,sip,128,insert-cycle,micro,2,12.022236
u64,sip,128,insert-cycle,baseline,2,11.725422
u64,sip,128,insert-cycle,lru,3,23.194965
u64,sip,128,insert-cycle,hashlink,3,29.433936
u64,sip,128,insert-cycle,micro,3,11.685159
u64,sip,128,insert-cycle,baseline,3,12.549631
u64,sip,128,insert-cycle,quick_cache,3,18.125779
u64,sip,128,insert-cycle,hashlink,4,34.077012
u64,sip,128,insert-cycle,micro,4,13.472445
u64,sip,128,insert-cycle,baseline,4,12.432272
u64,sip,128,insert-cycle,quick_cache,4,17.498933
u64,sip,128,insert-cycle,lru,4,23.437827
u64,sip,128,mixed-95,micro,0,12.659013
u64,sip,128,mixed-95,baseline,0,12.757441
u64,sip,128,mixed-95,quick_cache,0,12.128770
u64,sip,128,mixed-95,lru,0,12.817740
u64,sip,128,mixed-95,hashlink,0,10.260502
u64,sip,128,mixed-95,baseline,1,12.910564
u64,sip,128,mixed-95,quick_cache,1,12.056847
u64,sip,128,mixed-95,lru,1,12.334744
u64,sip,128,mixed-95,hashlink,1,10.531147
u64,sip,128,mixed-95,micro,1,9.223123
u64,sip,128,mixed-95,quick_cache,2,12.119393
u64,sip,128,mixed-95,lru,2,12.935977
u64,sip,128,mixed-95,hashlink,2,10.572890
u64,sip,128,mixed-95,micro,2,13.109009
u64,sip,128,mixed-95,baseline,2,12.083789
u64,sip,128,mixed-95,lru,3,13.151586
u64,sip,128,mixed-95,hashlink,3,10.238409
u64,sip,128,mixed-95,micro,3,12.341559
u64,sip,128,mixed-95,baseline,3,12.635827
u64,sip,128,mixed-95,quick_cache,3,12.063046
u64,sip,128,mixed-95,hashlink,4,9.880821
u64,sip,128,mixed-95,micro,4,13.049562
u64,sip,128,mixed-95,baseline,4,12.146751
u64,sip,128,mixed-95,quick_cache,4,12.373984
u64,sip,128,mixed-95,lru,4,14.208257
u64,sip,128,load-hit,micro,0,8.782523
u64,sip,128,load-hit,baseline,0,8.390714
u64,sip,128,load-hit,quick_cache,0,9.347278
u64,sip,128,load-hit,lru,0,6.397991
u64,sip,128,load-hit,hashlink,0,7.428994
u64,sip,128,load-hit,baseline,1,9.763347
u64,sip,128,load-hit,quick_cache,1,12.241956
u64,sip,128,load-hit,lru,1,6.103848
u64,sip,128,load-hit,hashlink,1,5.815616
u64,sip,128,load-hit,micro,1,8.247320
u64,sip,128,load-hit,quick_cache,2,9.499574
u64,sip,128,load-hit,lru,2,5.832733
u64,sip,128,load-hit,hashlink,2,5.807877
u64,sip,128,load-hit,micro,2,8.019269
u64,sip,128,load-hit,baseline,2,10.627747
u64,sip,128,load-hit,lru,3,6.221274
u64,sip,128,load-hit,hashlink,3,7.822465
u64,sip,128,load-hit,micro,3,16.019292
u64,sip,128,load-hit,baseline,3,14.786987
u64,sip,128,load-hit,quick_cache,3,12.249418
u64,sip,128,load-hit,hashlink,4,6.026972
u64,sip,128,load-hit,micro,4,8.695026
u64,sip,128,load-hit,baseline,4,8.167293
u64,sip,128,load-hit,quick_cache,4,10.124277
u64,sip,128,load-hit,lru,4,5.799692
u64,sip,128,load-cycle,micro,0,15.900611
u64,sip,128,load-cycle,baseline,0,15.926195
u64,sip,128,load-cycle,quick_cache,0,17.793247
u64,sip,128,load-cycle,lru,0,25.170584
u64,sip,128,load-cycle,hashlink,0,31.495235
u64,sip,128,load-cycle,baseline,1,15.307553
u64,sip,128,load-cycle,quick_cache,1,18.974496
u64,sip,128,load-cycle,lru,1,24.425586
u64,sip,128,load-cycle,hashlink,1,31.256073
u64,sip,128,load-cycle,micro,1,15.259003
u64,sip,128,load-cycle,quick_cache,2,17.756913
u64,sip,128,load-cycle,lru,2,25.101705
u64,sip,128,load-cycle,hashlink,2,30.303305
u64,sip,128,load-cycle,micro,2,15.091050
u64,sip,128,load-cycle,baseline,2,15.383423
u64,sip,128,load-cycle,lru,3,24.929986
u64,sip,128,load-cycle,hashlink,3,33.807254
u64,sip,128,load-cycle,micro,3,22.453775
u64,sip,128,load-cycle,baseline,3,40.306419
u64,sip,128,load-cycle,quick_cache,3,17.394352
u64,sip,128,load-cycle,hashlink,4,29.825637
u64,sip,128,load-cycle,micro,4,15.048755
u64,sip,128,load-cycle,baseline,4,15.253972
u64,sip,128,load-cycle,quick_cache,4,17.937739
u64,sip,128,load-cycle,lru,4,23.975380
u64,sip,128,clear-refill,micro,0,1703.343360
u64,sip,128,clear-refill,baseline,0,1412.763183
u64,sip,128,clear-refill,quick_cache,0,1592.932059
u64,sip,128,clear-refill,lru,0,5602.457090
u64,sip,128,clear-refill,hashlink,0,3075.947746
u64,sip,128,clear-refill,baseline,1,1831.147041
u64,sip,128,clear-refill,quick_cache,1,1364.071818
u64,sip,128,clear-refill,lru,1,4959.780165
u64,sip,128,clear-refill,hashlink,1,3241.316415
u64,sip,128,clear-refill,micro,1,1877.685857
u64,sip,128,clear-refill,quick_cache,2,1853.098209
u64,sip,128,clear-refill,lru,2,4813.969551
u64,sip,128,clear-refill,hashlink,2,3112.422199
u64,sip,128,clear-refill,micro,2,1600.066667
u64,sip,128,clear-refill,baseline,2,1691.492672
u64,sip,128,clear-refill,lru,3,4508.070571
u64,sip,128,clear-refill,hashlink,3,3104.188211
u64,sip,128,clear-refill,micro,3,1865.801617
u64,sip,128,clear-refill,baseline,3,1870.740025
u64,sip,128,clear-refill,quick_cache,3,1828.560024
u64,sip,128,clear-refill,hashlink,4,3087.620370
u64,sip,128,clear-refill,micro,4,1869.885981
u64,sip,128,clear-refill,baseline,4,1592.887473
u64,sip,128,clear-refill,quick_cache,4,1338.518733
u64,sip,128,clear-refill,lru,4,4707.484326
u64,sip,128,clear-empty,micro,0,48.059026
u64,sip,128,clear-empty,baseline,0,43.472700
u64,sip,128,clear-empty,quick_cache,0,1.732614
u64,sip,128,clear-empty,lru,0,0.594024
u64,sip,128,clear-empty,hashlink,0,0.602160
u64,sip,128,clear-empty,baseline,1,42.748580
u64,sip,128,clear-empty,quick_cache,1,1.793628
u64,sip,128,clear-empty,lru,1,0.581122
u64,sip,128,clear-empty,hashlink,1,0.614014
u64,sip,128,clear-empty,micro,1,47.373787
u64,sip,128,clear-empty,quick_cache,2,1.848460
u64,sip,128,clear-empty,lru,2,0.602028
u64,sip,128,clear-empty,hashlink,2,0.613532
u64,sip,128,clear-empty,micro,2,47.075678
u64,sip,128,clear-empty,baseline,2,46.801731
u64,sip,128,clear-empty,lru,3,0.588823
u64,sip,128,clear-empty,hashlink,3,0.618845
u64,sip,128,clear-empty,micro,3,47.934598
u64,sip,128,clear-empty,baseline,3,48.461583
u64,sip,128,clear-empty,quick_cache,3,1.802581
u64,sip,128,clear-empty,hashlink,4,0.617964
u64,sip,128,clear-empty,micro,4,47.372464
u64,sip,128,clear-empty,baseline,4,47.129267
u64,sip,128,clear-empty,quick_cache,4,1.790912
u64,sip,128,clear-empty,lru,4,0.582393
u64,sip,128,iter-dense,micro,0,39.282324
u64,sip,128,iter-dense,baseline,0,39.153836
u64,sip,128,iter-dense,quick_cache,0,28.696453
u64,sip,128,iter-dense,lru,0,137.528272
u64,sip,128,iter-dense,hashlink,0,134.849811
u64,sip,128,iter-dense,baseline,1,39.376391
u64,sip,128,iter-dense,quick_cache,1,29.897262
u64,sip,128,iter-dense,lru,1,137.816217
u64,sip,128,iter-dense,hashlink,1,140.051726
u64,sip,128,iter-dense,micro,1,39.693149
u64,sip,128,iter-dense,quick_cache,2,29.463830
u64,sip,128,iter-dense,lru,2,143.227195
u64,sip,128,iter-dense,hashlink,2,160.002933
u64,sip,128,iter-dense,micro,2,39.520122
u64,sip,128,iter-dense,baseline,2,40.232196
u64,sip,128,iter-dense,lru,3,141.366246
u64,sip,128,iter-dense,hashlink,3,141.356457
u64,sip,128,iter-dense,micro,3,40.084010
u64,sip,128,iter-dense,baseline,3,39.585202
u64,sip,128,iter-dense,quick_cache,3,29.258483
u64,sip,128,iter-dense,hashlink,4,140.949559
u64,sip,128,iter-dense,micro,4,41.392453
u64,sip,128,iter-dense,baseline,4,40.539086
u64,sip,128,iter-dense,quick_cache,4,29.738959
u64,sip,128,iter-dense,lru,4,142.663184
u64,sip,128,iter-dense-for,micro,0,46.917334
u64,sip,128,iter-dense-for,baseline,0,107.048801
u64,sip,128,iter-dense-for,quick_cache,0,104.653495
u64,sip,128,iter-dense-for,lru,0,84.343834
u64,sip,128,iter-dense-for,hashlink,0,87.392503
u64,sip,128,iter-dense-for,baseline,1,49.985141
u64,sip,128,iter-dense-for,quick_cache,1,75.840820
u64,sip,128,iter-dense-for,lru,1,89.640834
u64,sip,128,iter-dense-for,hashlink,1,80.552405
u64,sip,128,iter-dense-for,micro,1,40.599067
u64,sip,128,iter-dense-for,quick_cache,2,117.484453
u64,sip,128,iter-dense-for,lru,2,124.982962
u64,sip,128,iter-dense-for,hashlink,2,112.178529
u64,sip,128,iter-dense-for,micro,2,43.608895
u64,sip,128,iter-dense-for,baseline,2,42.220087
u64,sip,128,iter-dense-for,lru,3,91.646047
u64,sip,128,iter-dense-for,hashlink,3,76.377570
u64,sip,128,iter-dense-for,micro,3,40.147193
u64,sip,128,iter-dense-for,baseline,3,40.285170
u64,sip,128,iter-dense-for,quick_cache,3,84.118105
u64,sip,128,iter-dense-for,hashlink,4,77.763319
u64,sip,128,iter-dense-for,micro,4,40.000733
u64,sip,128,iter-dense-for,baseline,4,39.920578
u64,sip,128,iter-dense-for,quick_cache,4,71.747083
u64,sip,128,iter-dense-for,lru,4,87.631425
u64,sip,128,iter-density-1pct,micro,0,69.688959
u64,sip,128,iter-density-1pct,baseline,0,48.406266
u64,sip,128,iter-density-1pct,quick_cache,0,29.425555
u64,sip,128,iter-density-1pct,lru,0,1.598738
u64,sip,128,iter-density-1pct,hashlink,0,1.669843
u64,sip,128,iter-density-1pct,baseline,1,35.607256
u64,sip,128,iter-density-1pct,quick_cache,1,23.393970
u64,sip,128,iter-density-1pct,lru,1,1.766462
u64,sip,128,iter-density-1pct,hashlink,1,1.458758
u64,sip,128,iter-density-1pct,micro,1,35.555710
u64,sip,128,iter-density-1pct,quick_cache,2,21.432143
u64,sip,128,iter-density-1pct,lru,2,1.464956
u64,sip,128,iter-density-1pct,hashlink,2,2.224727
u64,sip,128,iter-density-1pct,micro,2,50.736861
u64,sip,128,iter-density-1pct,baseline,2,35.317102
u64,sip,128,iter-density-1pct,lru,3,1.313798
u64,sip,128,iter-density-1pct,hashlink,3,1.259827
u64,sip,128,iter-density-1pct,micro,3,38.610063
u64,sip,128,iter-density-1pct,baseline,3,34.835078
u64,sip,128,iter-density-1pct,quick_cache,3,21.278094
u64,sip,128,iter-density-1pct,hashlink,4,1.260284
u64,sip,128,iter-density-1pct,micro,4,34.331426
u64,sip,128,iter-density-1pct,baseline,4,35.860815
u64,sip,128,iter-density-1pct,quick_cache,4,22.231108
u64,sip,128,iter-density-1pct,lru,4,1.292854
u64,sip,128,iter-density-6pct,micro,0,36.827069
u64,sip,128,iter-density-6pct,baseline,0,36.580265
u64,sip,128,iter-density-6pct,quick_cache,0,23.588506
u64,sip,128,iter-density-6pct,lru,0,3.141124
u64,sip,128,iter-density-6pct,hashlink,0,3.357975
u64,sip,128,iter-density-6pct,baseline,1,42.953247
u64,sip,128,iter-density-6pct,quick_cache,1,24.789505
u64,sip,128,iter-density-6pct,lru,1,3.041067
u64,sip,128,iter-density-6pct,hashlink,1,3.093286
u64,sip,128,iter-density-6pct,micro,1,42.101089
u64,sip,128,iter-density-6pct,quick_cache,2,23.184741
u64,sip,128,iter-density-6pct,lru,2,3.175857
u64,sip,128,iter-density-6pct,hashlink,2,3.162315
u64,sip,128,iter-density-6pct,micro,2,39.736719
u64,sip,128,iter-density-6pct,baseline,2,39.219874
u64,sip,128,iter-density-6pct,lru,3,3.362551
u64,sip,128,iter-density-6pct,hashlink,3,3.186283
u64,sip,128,iter-density-6pct,micro,3,36.309571
u64,sip,128,iter-density-6pct,baseline,3,36.102859
u64,sip,128,iter-density-6pct,quick_cache,3,23.846468
u64,sip,128,iter-density-6pct,hashlink,4,3.181633
u64,sip,128,iter-density-6pct,micro,4,36.257939
u64,sip,128,iter-density-6pct,baseline,4,36.502433
u64,sip,128,iter-density-6pct,quick_cache,4,20.631602
u64,sip,128,iter-density-6pct,lru,4,3.207147
u64,sip,128,iter-density-quarter,micro,0,40.958351
u64,sip,128,iter-density-quarter,baseline,0,82.850237
u64,sip,128,iter-density-quarter,quick_cache,0,29.801405
u64,sip,128,iter-density-quarter,lru,0,18.753125
u64,sip,128,iter-density-quarter,hashlink,0,18.873918
u64,sip,128,iter-density-quarter,baseline,1,38.146588
u64,sip,128,iter-density-quarter,quick_cache,1,24.132280
u64,sip,128,iter-density-quarter,lru,1,18.664668
u64,sip,128,iter-density-quarter,hashlink,1,18.770589
u64,sip,128,iter-density-quarter,micro,1,37.183200
u64,sip,128,iter-density-quarter,quick_cache,2,24.726876
u64,sip,128,iter-density-quarter,lru,2,19.245279
u64,sip,128,iter-density-quarter,hashlink,2,18.243104
u64,sip,128,iter-density-quarter,micro,2,37.118134
u64,sip,128,iter-density-quarter,baseline,2,37.313781
u64,sip,128,iter-density-quarter,lru,3,18.876674
u64,sip,128,iter-density-quarter,hashlink,3,19.095538
u64,sip,128,iter-density-quarter,micro,3,40.743726
u64,sip,128,iter-density-quarter,baseline,3,38.154534
u64,sip,128,iter-density-quarter,quick_cache,3,24.679940
u64,sip,128,iter-density-quarter,hashlink,4,19.091656
u64,sip,128,iter-density-quarter,micro,4,37.760949
u64,sip,128,iter-density-quarter,baseline,4,38.171131
u64,sip,128,iter-density-quarter,quick_cache,4,24.699791
u64,sip,128,iter-density-quarter,lru,4,19.369061
u64,sip,128,iter-density-half,micro,0,38.589365
u64,sip,128,iter-density-half,baseline,0,38.263502
u64,sip,128,iter-density-half,quick_cache,0,29.598149
u64,sip,128,iter-density-half,lru,0,49.572757
u64,sip,128,iter-density-half,hashlink,0,48.035669
u64,sip,128,iter-density-half,baseline,1,37.143931
u64,sip,128,iter-density-half,quick_cache,1,29.290573
u64,sip,128,iter-density-half,lru,1,50.281367
u64,sip,128,iter-density-half,hashlink,1,50.129860
u64,sip,128,iter-density-half,micro,1,37.699161
u64,sip,128,iter-density-half,quick_cache,2,29.346792
u64,sip,128,iter-density-half,lru,2,51.408032
u64,sip,128,iter-density-half,hashlink,2,51.908239
u64,sip,128,iter-density-half,micro,2,38.342779
u64,sip,128,iter-density-half,baseline,2,38.005320
u64,sip,128,iter-density-half,lru,3,51.626600
u64,sip,128,iter-density-half,hashlink,3,51.567946
u64,sip,128,iter-density-half,micro,3,38.181367
u64,sip,128,iter-density-half,baseline,3,38.918184
u64,sip,128,iter-density-half,quick_cache,3,30.275438
u64,sip,128,iter-density-half,hashlink,4,52.498898
u64,sip,128,iter-density-half,micro,4,38.093077
u64,sip,128,iter-density-half,baseline,4,38.112411
u64,sip,128,iter-density-half,quick_cache,4,29.569734
u64,sip,128,iter-density-half,lru,4,52.120258
u64,sip,128,iter-front,micro,0,37.400479
u64,sip,128,iter-front,baseline,0,37.442168
u64,sip,128,iter-front,quick_cache,0,20.977524
u64,sip,128,iter-front,lru,0,1.199340
u64,sip,128,iter-front,hashlink,0,1.205633
u64,sip,128,iter-front,baseline,1,38.821493
u64,sip,128,iter-front,quick_cache,1,20.797804
u64,sip,128,iter-front,lru,1,1.190794
u64,sip,128,iter-front,hashlink,1,1.149348
u64,sip,128,iter-front,micro,1,38.366702
u64,sip,128,iter-front,quick_cache,2,20.788581
u64,sip,128,iter-front,lru,2,1.181713
u64,sip,128,iter-front,hashlink,2,1.180522
u64,sip,128,iter-front,micro,2,38.438961
u64,sip,128,iter-front,baseline,2,38.196920
u64,sip,128,iter-front,lru,3,1.200707
u64,sip,128,iter-front,hashlink,3,1.161940
u64,sip,128,iter-front,micro,3,38.184548
u64,sip,128,iter-front,baseline,3,37.883523
u64,sip,128,iter-front,quick_cache,3,21.122557
u64,sip,128,iter-front,hashlink,4,1.194268
u64,sip,128,iter-front,micro,4,38.749897
u64,sip,128,iter-front,baseline,4,37.899884
u64,sip,128,iter-front,quick_cache,4,20.769585
u64,sip,128,iter-front,lru,4,1.197792
u64,sip,128,iter-back,micro,0,39.580255
u64,sip,128,iter-back,baseline,0,39.169095
u64,sip,128,iter-back,quick_cache,0,21.081628
u64,sip,128,iter-back,lru,0,1.202679
u64,sip,128,iter-back,hashlink,0,1.145150
u64,sip,128,iter-back,baseline,1,39.690940
u64,sip,128,iter-back,quick_cache,1,20.991939
u64,sip,128,iter-back,lru,1,1.193173
u64,sip,128,iter-back,hashlink,1,1.174223
u64,sip,128,iter-back,micro,1,39.690118
u64,sip,128,iter-back,quick_cache,2,21.001015
u64,sip,128,iter-back,lru,2,1.176109
u64,sip,128,iter-back,hashlink,2,1.153704
u64,sip,128,iter-back,micro,2,39.656012
u64,sip,128,iter-back,baseline,2,39.180579
u64,sip,128,iter-back,lru,3,1.196081
u64,sip,128,iter-back,hashlink,3,1.179245
u64,sip,128,iter-back,micro,3,37.961791
u64,sip,128,iter-back,baseline,3,37.590293
u64,sip,128,iter-back,quick_cache,3,20.942107
u64,sip,128,iter-back,hashlink,4,1.139236
u64,sip,128,iter-back,micro,4,39.284523
u64,sip,128,iter-back,baseline,4,39.955156
u64,sip,128,iter-back,quick_cache,4,21.435557
u64,sip,128,iter-back,lru,4,1.211663
u64,sip,128,iter-empty,micro,0,37.655823
u64,sip,128,iter-empty,baseline,0,37.237093
u64,sip,128,iter-empty,quick_cache,0,20.877693
u64,sip,128,iter-empty,lru,0,0.982200
u64,sip,128,iter-empty,hashlink,0,1.003661
u64,sip,128,iter-empty,baseline,1,37.784020
u64,sip,128,iter-empty,quick_cache,1,20.830440
u64,sip,128,iter-empty,lru,1,0.981747
u64,sip,128,iter-empty,hashlink,1,0.992200
u64,sip,128,iter-empty,micro,1,37.749937
u64,sip,128,iter-empty,quick_cache,2,20.809344
u64,sip,128,iter-empty,lru,2,0.983323
u64,sip,128,iter-empty,hashlink,2,0.992505
u64,sip,128,iter-empty,micro,2,37.841329
u64,sip,128,iter-empty,baseline,2,37.539919
u64,sip,128,iter-empty,lru,3,0.979317
u64,sip,128,iter-empty,hashlink,3,0.996344
u64,sip,128,iter-empty,micro,3,38.314875
u64,sip,128,iter-empty,baseline,3,39.455814
u64,sip,128,iter-empty,quick_cache,3,21.642176
u64,sip,128,iter-empty,hashlink,4,0.956467
u64,sip,128,iter-empty,micro,4,35.442649
u64,sip,128,iter-empty,baseline,4,35.832418
u64,sip,128,iter-empty,quick_cache,4,20.528554
u64,sip,128,iter-empty,lru,4,0.999052
u64,sip,128,iter-count,micro,0,38.941380
u64,sip,128,iter-count,baseline,0,36.637366
u64,sip,128,iter-count,quick_cache,0,52.853146
u64,sip,128,iter-count,lru,0,0.393067
u64,sip,128,iter-count,hashlink,0,0.392391
u64,sip,128,iter-count,baseline,1,37.344695
u64,sip,128,iter-count,quick_cache,1,53.084930
u64,sip,128,iter-count,lru,1,0.392409
u64,sip,128,iter-count,hashlink,1,0.392975
u64,sip,128,iter-count,micro,1,37.533696
u64,sip,128,iter-count,quick_cache,2,53.050322
u64,sip,128,iter-count,lru,2,0.391421
u64,sip,128,iter-count,hashlink,2,0.393881
u64,sip,128,iter-count,micro,2,37.376331
u64,sip,128,iter-count,baseline,2,37.228212
u64,sip,128,iter-count,lru,3,0.391133
u64,sip,128,iter-count,hashlink,3,0.392641
u64,sip,128,iter-count,micro,3,37.397057
u64,sip,128,iter-count,baseline,3,37.120191
u64,sip,128,iter-count,quick_cache,3,53.339542
u64,sip,128,iter-count,hashlink,4,0.395543
u64,sip,128,iter-count,micro,4,36.765992
u64,sip,128,iter-count,baseline,4,36.402732
u64,sip,128,iter-count,quick_cache,4,52.788640
u64,sip,128,iter-count,lru,4,0.398264
u64,sip,1024,get-hit,micro,0,5.121019
u64,sip,1024,get-hit,baseline,0,5.193791
u64,sip,1024,get-hit,quick_cache,0,5.158832
u64,sip,1024,get-hit,lru,0,5.663123
u64,sip,1024,get-hit,hashlink,0,5.369250
u64,sip,1024,get-hit,baseline,1,5.066893
u64,sip,1024,get-hit,quick_cache,1,5.063060
u64,sip,1024,get-hit,lru,1,5.667740
u64,sip,1024,get-hit,hashlink,1,5.325390
u64,sip,1024,get-hit,micro,1,5.053515
u64,sip,1024,get-hit,quick_cache,2,5.062017
u64,sip,1024,get-hit,lru,2,5.652560
u64,sip,1024,get-hit,hashlink,2,5.311017
u64,sip,1024,get-hit,micro,2,5.066336
u64,sip,1024,get-hit,baseline,2,5.043412
u64,sip,1024,get-hit,lru,3,5.653968
u64,sip,1024,get-hit,hashlink,3,5.338144
u64,sip,1024,get-hit,micro,3,5.092621
u64,sip,1024,get-hit,baseline,3,5.064595
u64,sip,1024,get-hit,quick_cache,3,5.090078
u64,sip,1024,get-hit,hashlink,4,5.398021
u64,sip,1024,get-hit,micro,4,5.135712
u64,sip,1024,get-hit,baseline,4,5.135995
u64,sip,1024,get-hit,quick_cache,4,5.074209
u64,sip,1024,get-hit,lru,4,5.682294
u64,sip,1024,get-miss,micro,0,4.510026
u64,sip,1024,get-miss,baseline,0,4.522380
u64,sip,1024,get-miss,quick_cache,0,4.633394
u64,sip,1024,get-miss,lru,0,4.912313
u64,sip,1024,get-miss,hashlink,0,4.458140
u64,sip,1024,get-miss,baseline,1,4.502273
u64,sip,1024,get-miss,quick_cache,1,4.543225
u64,sip,1024,get-miss,lru,1,4.858318
u64,sip,1024,get-miss,hashlink,1,4.444108
u64,sip,1024,get-miss,micro,1,4.495141
u64,sip,1024,get-miss,quick_cache,2,4.357311
u64,sip,1024,get-miss,lru,2,4.801168
u64,sip,1024,get-miss,hashlink,2,4.449010
u64,sip,1024,get-miss,micro,2,4.476533
u64,sip,1024,get-miss,baseline,2,4.458630
u64,sip,1024,get-miss,lru,3,4.829741
u64,sip,1024,get-miss,hashlink,3,4.434731
u64,sip,1024,get-miss,micro,3,4.462552
u64,sip,1024,get-miss,baseline,3,4.435956
u64,sip,1024,get-miss,quick_cache,3,4.541153
u64,sip,1024,get-miss,hashlink,4,4.479385
u64,sip,1024,get-miss,micro,4,4.538642
u64,sip,1024,get-miss,baseline,4,4.554529
u64,sip,1024,get-miss,quick_cache,4,4.461021
u64,sip,1024,get-miss,lru,4,4.844598
u64,sip,1024,update,micro,0,4.985843
u64,sip,1024,update,baseline,0,5.082989
u64,sip,1024,update,quick_cache,0,8.953435
u64,sip,1024,update,lru,0,5.398545
u64,sip,1024,update,hashlink,0,15.397812
u64,sip,1024,update,baseline,1,5.049405
u64,sip,1024,update,quick_cache,1,9.002563
u64,sip,1024,update,lru,1,5.247716
u64,sip,1024,update,hashlink,1,15.289520
u64,sip,1024,update,micro,1,4.976015
u64,sip,1024,update,quick_cache,2,8.830238
u64,sip,1024,update,lru,2,5.232457
u64,sip,1024,update,hashlink,2,15.176802
u64,sip,1024,update,micro,2,4.978489
u64,sip,1024,update,baseline,2,4.975602
u64,sip,1024,update,lru,3,5.248587
u64,sip,1024,update,hashlink,3,14.868164
u64,sip,1024,update,micro,3,4.966323
u64,sip,1024,update,baseline,3,4.974365
u64,sip,1024,update,quick_cache,3,8.892968
u64,sip,1024,update,hashlink,4,15.438716
u64,sip,1024,update,micro,4,4.966873
u64,sip,1024,update,baseline,4,5.070169
u64,sip,1024,update,quick_cache,4,8.961872
u64,sip,1024,update,lru,4,5.258688
u64,sip,1024,insert-cycle,micro,0,12.864853
u64,sip,1024,insert-cycle,baseline,0,12.973300
u64,sip,1024,insert-cycle,quick_cache,0,16.739352
u64,sip,1024,insert-cycle,lru,0,25.450254
u64,sip,1024,insert-cycle,hashlink,0,33.511541
u64,sip,1024,insert-cycle,baseline,1,13.247198
u64,sip,1024,insert-cycle,quick_cache,1,16.355165
u64,sip,1024,insert-cycle,lru,1,24.320008
u64,sip,1024,insert-cycle,hashlink,1,31.327917
u64,sip,1024,insert-cycle,micro,1,12.559679
u64,sip,1024,insert-cycle,quick_cache,2,16.427951
u64,sip,1024,insert-cycle,lru,2,24.284652
u64,sip,1024,insert-cycle,hashlink,2,32.066014
u64,sip,1024,insert-cycle,micro,2,12.124306
u64,sip,1024,insert-cycle,baseline,2,12.475135
u64,sip,1024,insert-cycle,lru,3,24.153576
u64,sip,1024,insert-cycle,hashlink,3,30.947367
u64,sip,1024,insert-cycle,micro,3,12.085461
u64,sip,1024,insert-cycle,baseline,3,12.353721
u64,sip,1024,insert-cycle,quick_cache,3,16.432020
u64,sip,1024,insert-cycle,hashlink,4,30.976613
u64,sip,1024,insert-cycle,micro,4,11.946186
u64,sip,1024,insert-cycle,baseline,4,12.067451
u64,sip,1024,insert-cycle,quick_cache,4,16.568645
u64,sip,1024,insert-cycle,lru,4,24.526978
u64,sip,1024,mixed-95,micro,0,16.161104
u64,sip,1024,mixed-95,baseline,0,15.018304
u64,sip,1024,mixed-95,quick_cache,0,13.216932
u64,sip,1024,mixed-95,lru,0,14.323731
u64,sip,1024,mixed-95,hashlink,0,10.727823
u64,sip,1024,mixed-95,baseline,1,16.119977
u64,sip,1024,mixed-95,quick_cache,1,12.823503
u64,sip,1024,mixed-95,lru,1,14.590581
u64,sip,1024,mixed-95,hashlink,1,10.425846
u64,sip,1024,mixed-95,micro,1,16.300738
u64,sip,1024,mixed-95,quick_cache,2,12.983879
u64,sip,1024,mixed-95,lru,2,14.463246
u64,sip,1024,mixed-95,hashlink,2,13.015608
u64,sip,1024,mixed-95,micro,2,16.540487
u64,sip,1024,mixed-95,baseline,2,16.238332
u64,sip,1024,mixed-95,lru,3,14.397740
u64,sip,1024,mixed-95,hashlink,3,9.805600
u64,sip,1024,mixed-95,micro,3,13.733685
u64,sip,1024,mixed-95,baseline,3,15.869538
u64,sip,1024,mixed-95,quick_cache,3,12.914618
u64,sip,1024,mixed-95,hashlink,4,10.474145
u64,sip,1024,mixed-95,micro,4,16.662677
u64,sip,1024,mixed-95,baseline,4,14.856199
u64,sip,1024,mixed-95,quick_cache,4,12.820899
u64,sip,1024,mixed-95,lru,4,14.223139
u64,sip,1024,load-hit,micro,0,16.652194
u64,sip,1024,load-hit,baseline,0,16.762013
u64,sip,1024,load-hit,quick_cache,0,8.584311
u64,sip,1024,load-hit,lru,0,5.237980
u64,sip,1024,load-hit,hashlink,0,5.158760
u64,sip,1024,load-hit,baseline,1,12.475248
u64,sip,1024,load-hit,quick_cache,1,8.640378
u64,sip,1024,load-hit,lru,1,5.239214
u64,sip,1024,load-hit,hashlink,1,5.147934
u64,sip,1024,load-hit,micro,1,9.268659
u64,sip,1024,load-hit,quick_cache,2,8.670776
u64,sip,1024,load-hit,lru,2,5.282811
u64,sip,1024,load-hit,hashlink,2,5.163488
u64,sip,1024,load-hit,micro,2,10.855103
u64,sip,1024,load-hit,baseline,2,16.236678
u64,sip,1024,load-hit,lru,3,5.228894
u64,sip,1024,load-hit,hashlink,3,5.148075
u64,sip,1024,load-hit,micro,3,14.378864
u64,sip,1024,load-hit,baseline,3,17.090765
u64,sip,1024,load-hit,quick_cache,3,8.635410
u64,sip,1024,load-hit,hashlink,4,5.102015
u64,sip,1024,load-hit,micro,4,13.973095
u64,sip,1024,load-hit,baseline,4,16.177856
u64,sip,1024,load-hit,quick_cache,4,8.840166
u64,sip,1024,load-hit,lru,4,5.373084
u64,sip,1024,load-cycle,micro,0,20.787199
u64,sip,1024,load-cycle,baseline,0,20.228837
u64,sip,1024,load-cycle,quick_cache,0,16.886629
u64,sip,1024,load-cycle,lru,0,25.473406
u64,sip,1024,load-cycle,hashlink,0,34.454578
u64,sip,1024,load-cycle,baseline,1,18.649204
u64,sip,1024,load-cycle,quick_cache,1,17.057674
u64,sip,1024,load-cycle,lru,1,24.452043
u64,sip,1024,load-cycle,hashlink,1,32.781760
u64,sip,1024,load-cycle,micro,1,19.439427
u64,sip,1024,load-cycle,quick_cache,2,16.964030
u64,sip,1024,load-cycle,lru,2,24.097552
u64,sip,1024,load-cycle,hashlink,2,32.315897
u64,sip,1024,load-cycle,micro,2,18.255793
u64,sip,1024,load-cycle,baseline,2,19.306114
u64,sip,1024,load-cycle,lru,3,24.078197
u64,sip,1024,load-cycle,hashlink,3,34.287087
u64,sip,1024,load-cycle,micro,3,18.029190
u64,sip,1024,load-cycle,baseline,3,18.571165
u64,sip,1024,load-cycle,quick_cache,3,17.016646
u64,sip,1024,load-cycle,hashlink,4,33.015951
u64,sip,1024,load-cycle,micro,4,18.056480
u64,sip,1024,load-cycle,baseline,4,18.238209
u64,sip,1024,load-cycle,quick_cache,4,17.056964
u64,sip,1024,load-cycle,lru,4,24.763997
u64,sip,1024,clear-refill,micro,0,13080.434783
u64,sip,1024,clear-refill,baseline,0,14354.267943
u64,sip,1024,clear-refill,quick_cache,0,14107.981221
u64,sip,1024,clear-refill,lru,0,37206.271605
u64,sip,1024,clear-refill,hashlink,0,24049.000000
u64,sip,1024,clear-refill,baseline,1,14119.718310
u64,sip,1024,clear-refill,quick_cache,1,13950.810185
u64,sip,1024,clear-refill,lru,1,37692.187500
u64,sip,1024,clear-refill,hashlink,1,23922.619048
u64,sip,1024,clear-refill,micro,1,14007.167442
u64,sip,1024,clear-refill,quick_cache,2,9705.377419
u64,sip,1024,clear-refill,lru,2,36073.416667
u64,sip,1024,clear-refill,hashlink,2,24071.664000
u64,sip,1024,clear-refill,micro,2,14187.896226
u64,sip,1024,clear-refill,baseline,2,14202.047170
u64,sip,1024,clear-refill,lru,3,37053.506173
u64,sip,1024,clear-refill,hashlink,3,24161.000000
u64,sip,1024,clear-refill,micro,3,13992.251163
u64,sip,1024,clear-refill,baseline,3,14024.532710
u64,sip,1024,clear-refill,quick_cache,3,13959.302326
u64,sip,1024,clear-refill,hashlink,4,24026.000000
u64,sip,1024,clear-refill,micro,4,13995.739535
u64,sip,1024,clear-refill,baseline,4,13971.706977
u64,sip,1024,clear-refill,quick_cache,4,13905.476852
u64,sip,1024,clear-refill,lru,4,35972.714286
u64,sip,1024,clear-empty,micro,0,61.847245
u64,sip,1024,clear-empty,baseline,0,62.568401
u64,sip,1024,clear-empty,quick_cache,0,1.839440
u64,sip,1024,clear-empty,lru,0,0.586284
u64,sip,1024,clear-empty,hashlink,0,0.602321
u64,sip,1024,clear-empty,baseline,1,63.574219
u64,sip,1024,clear-empty,quick_cache,1,1.783578
u64,sip,1024,clear-empty,lru,1,0.585381
u64,sip,1024,clear-empty,hashlink,1,0.602214
u64,sip,1024,clear-empty,micro,1,63.643708
u64,sip,1024,clear-empty,quick_cache,2,1.786420
u64,sip,1024,clear-empty,lru,2,0.581699
u64,sip,1024,clear-empty,hashlink,2,0.601348
u64,sip,1024,clear-empty,micro,2,63.434333
u64,sip,1024,clear-empty,baseline,2,63.259556
u64,sip,1024,clear-empty,lru,3,0.580325
u64,sip,1024,clear-empty,hashlink,3,0.602191
u64,sip,1024,clear-empty,micro,3,63.435198
u64,sip,1024,clear-empty,baseline,3,63.548712
u64,sip,1024,clear-empty,quick_cache,3,1.804626
u64,sip,1024,clear-empty,hashlink,4,0.600877
u64,sip,1024,clear-empty,micro,4,63.870202
u64,sip,1024,clear-empty,baseline,4,62.994381
u64,sip,1024,clear-empty,quick_cache,4,1.777772
u64,sip,1024,clear-empty,lru,4,0.578161
u64,sip,1024,iter-dense,micro,0,275.740011
u64,sip,1024,iter-dense,baseline,0,275.682735
u64,sip,1024,iter-dense,quick_cache,0,252.373152
u64,sip,1024,iter-dense,lru,0,1387.484375
u64,sip,1024,iter-dense,hashlink,0,1360.620471
u64,sip,1024,iter-dense,baseline,1,278.121857
u64,sip,1024,iter-dense,quick_cache,1,247.993651
u64,sip,1024,iter-dense,lru,1,1300.923801
u64,sip,1024,iter-dense,hashlink,1,1259.496667
u64,sip,1024,iter-dense,micro,1,275.232221
u64,sip,1024,iter-dense,quick_cache,2,247.907734
u64,sip,1024,iter-dense,lru,2,1289.633134
u64,sip,1024,iter-dense,hashlink,2,1257.482917
u64,sip,1024,iter-dense,micro,2,273.676658
u64,sip,1024,iter-dense,baseline,2,275.545271
u64,sip,1024,iter-dense,lru,3,1272.276182
u64,sip,1024,iter-dense,hashlink,3,1264.045000
u64,sip,1024,iter-dense,micro,3,272.199638
u64,sip,1024,iter-dense,baseline,3,274.606268
u64,sip,1024,iter-dense,quick_cache,3,247.832124
u64,sip,1024,iter-dense,hashlink,4,1277.572635
u64,sip,1024,iter-dense,micro,4,274.168494
u64,sip,1024,iter-dense,baseline,4,274.575841
u64,sip,1024,iter-dense,quick_cache,4,248.766993
u64,sip,1024,iter-dense,lru,4,1303.909722
u64,sip,1024,iter-dense-for,micro,0,272.952943
u64,sip,1024,iter-dense-for,baseline,0,275.361987
u64,sip,1024,iter-dense-for,quick_cache,0,508.657095
u64,sip,1024,iter-dense-for,lru,0,763.793699
u64,sip,1024,iter-dense-for,hashlink,0,986.653646
u64,sip,1024,iter-dense-for,baseline,1,284.473674
u64,sip,1024,iter-dense-for,quick_cache,1,513.333846
u64,sip,1024,iter-dense-for,lru,1,747.457837
u64,sip,1024,iter-dense-for,hashlink,1,890.072229
u64,sip,1024,iter-dense-for,micro,1,273.467930
u64,sip,1024,iter-dense-for,quick_cache,2,507.411318
u64,sip,1024,iter-dense-for,lru,2,753.125000
u64,sip,1024,iter-dense-for,hashlink,2,889.003538
u64,sip,1024,iter-dense-for,micro,2,273.164971
u64,sip,1024,iter-dense-for,baseline,2,275.602548
u64,sip,1024,iter-dense-for,lru,3,754.010500
u64,sip,1024,iter-dense-for,hashlink,3,898.214286
u64,sip,1024,iter-dense-for,micro,3,273.353954
u64,sip,1024,iter-dense-for,baseline,3,274.552997
u64,sip,1024,iter-dense-for,quick_cache,3,507.643581
u64,sip,1024,iter-dense-for,hashlink,4,900.198512
u64,sip,1024,iter-dense-for,micro,4,272.741007
u64,sip,1024,iter-dense-for,baseline,4,275.591092
u64,sip,1024,iter-dense-for,quick_cache,4,507.369088
u64,sip,1024,iter-dense-for,lru,4,746.062748
u64,sip,1024,iter-density-1pct,micro,0,302.423589
u64,sip,1024,iter-density-1pct,baseline,0,303.962682
u64,sip,1024,iter-density-1pct,quick_cache,0,173.922164
u64,sip,1024,iter-density-1pct,lru,0,4.205850
u64,sip,1024,iter-density-1pct,hashlink,0,4.257300
u64,sip,1024,iter-density-1pct,baseline,1,319.918261
u64,sip,1024,iter-density-1pct,quick_cache,1,179.807232
u64,sip,1024,iter-density-1pct,lru,1,4.392807
u64,sip,1024,iter-density-1pct,hashlink,1,4.298684
u64,sip,1024,iter-density-1pct,micro,1,292.993164
u64,sip,1024,iter-density-1pct,quick_cache,2,167.947786
u64,sip,1024,iter-density-1pct,lru,2,4.239204
u64,sip,1024,iter-density-1pct,hashlink,2,4.245732
u64,sip,1024,iter-density-1pct,micro,2,300.526643
u64,sip,1024,iter-density-1pct,baseline,2,300.381889
u64,sip,1024,iter-density-1pct,lru,3,4.313578
u64,sip,1024,iter-density-1pct,hashlink,3,4.269109
u64,sip,1024,iter-density-1pct,micro,3,303.617112
u64,sip,1024,iter-density-1pct,baseline,3,300.797877
u64,sip,1024,iter-density-1pct,quick_cache,3,164.507950
u64,sip,1024,iter-density-1pct,hashlink,4,4.385144
u64,sip,1024,iter-density-1pct,micro,4,305.321631
u64,sip,1024,iter-density-1pct,baseline,4,300.398462
u64,sip,1024,iter-density-1pct,quick_cache,4,164.711239
u64,sip,1024,iter-density-1pct,lru,4,4.276136
u64,sip,1024,iter-density-6pct,micro,0,300.710337
u64,sip,1024,iter-density-6pct,baseline,0,296.312303
u64,sip,1024,iter-density-6pct,quick_cache,0,163.962358
u64,sip,1024,iter-density-6pct,lru,0,50.798873
u64,sip,1024,iter-density-6pct,hashlink,0,51.102691
u64,sip,1024,iter-density-6pct,baseline,1,294.360600
u64,sip,1024,iter-density-6pct,quick_cache,1,166.371121
u64,sip,1024,iter-density-6pct,lru,1,54.686735
u64,sip,1024,iter-density-6pct,hashlink,1,55.109026
u64,sip,1024,iter-density-6pct,micro,1,309.369038
u64,sip,1024,iter-density-6pct,quick_cache,2,163.705716
u64,sip,1024,iter-density-6pct,lru,2,51.321463
u64,sip,1024,iter-density-6pct,hashlink,2,51.556487
u64,sip,1024,iter-density-6pct,micro,2,298.094444
u64,sip,1024,iter-density-6pct,baseline,2,308.996402
u64,sip,1024,iter-density-6pct,lru,3,52.487007
u64,sip,1024,iter-density-6pct,hashlink,3,50.779135
u64,sip,1024,iter-density-6pct,micro,3,299.259355
u64,sip,1024,iter-density-6pct,baseline,3,297.468354
u64,sip,1024,iter-density-6pct,quick_cache,3,163.921383
u64,sip,1024,iter-density-6pct,hashlink,4,51.431946
u64,sip,1024,iter-density-6pct,micro,4,298.620721
u64,sip,1024,iter-density-6pct,baseline,4,295.224843
u64,sip,1024,iter-density-6pct,quick_cache,4,164.306535
u64,sip,1024,iter-density-6pct,lru,4,51.324319
u64,sip,1024,iter-density-quarter,micro,0,257.395120
u64,sip,1024,iter-density-quarter,baseline,0,258.745093
u64,sip,1024,iter-density-quarter,quick_cache,0,196.304066
u64,sip,1024,iter-density-quarter,lru,0,297.738889
u64,sip,1024,iter-density-quarter,hashlink,0,292.915985
u64,sip,1024,iter-density-quarter,baseline,1,258.483299
u64,sip,1024,iter-density-quarter,quick_cache,1,196.497450
u64,sip,1024,iter-density-quarter,lru,1,295.183864
u64,sip,1024,iter-density-quarter,hashlink,1,307.650205
u64,sip,1024,iter-density-quarter,micro,1,269.229047
u64,sip,1024,iter-density-quarter,quick_cache,2,200.743389
u64,sip,1024,iter-density-quarter,lru,2,306.286441
u64,sip,1024,iter-density-quarter,hashlink,2,293.774414
u64,sip,1024,iter-density-quarter,micro,2,258.537104
u64,sip,1024,iter-density-quarter,baseline,2,260.099290
u64,sip,1024,iter-density-quarter,lru,3,293.424512
u64,sip,1024,iter-density-quarter,hashlink,3,293.457031
u64,sip,1024,iter-density-quarter,micro,3,257.583620
u64,sip,1024,iter-density-quarter,baseline,3,257.740986
u64,sip,1024,iter-density-quarter,quick_cache,3,196.559945
u64,sip,1024,iter-density-quarter,hashlink,4,295.155267
u64,sip,1024,iter-density-quarter,micro,4,257.819626
u64,sip,1024,iter-density-quarter,baseline,4,257.619334
u64,sip,1024,iter-density-quarter,quick_cache,4,197.598684
u64,sip,1024,iter-density-quarter,lru,4,294.605505
u64,sip,1024,iter-density-half,micro,0,262.446229
u64,sip,1024,iter-density-half,baseline,0,262.940651
u64,sip,1024,iter-density-half,quick_cache,0,227.614912
u64,sip,1024,iter-density-half,lru,0,615.068423
u64,sip,1024,iter-density-half,hashlink,0,610.584010
u64,sip,1024,iter-density-half,baseline,1,262.093401
u64,sip,1024,iter-density-half,quick_cache,1,227.221398
u64,sip,1024,iter-density-half,lru,1,619.414679
u64,sip,1024,iter-density-half,hashlink,1,602.146835
u64,sip,1024,iter-density-half,micro,1,262.500698
u64,sip,1024,iter-density-half,quick_cache,2,232.131807
u64,sip,1024,iter-density-half,lru,2,675.415917
u64,sip,1024,iter-density-half,hashlink,2,648.419612
u64,sip,1024,iter-density-half,micro,2,261.042361
u64,sip,1024,iter-density-half,baseline,2,262.100646
u64,sip,1024,iter-density-half,lru,3,625.286458
u64,sip,1024,iter-density-half,hashlink,3,607.585685
u64,sip,1024,iter-density-half,micro,3,261.765930
u64,sip,1024,iter-density-half,baseline,3,263.412131
u64,sip,1024,iter-density-half,quick_cache,3,227.586468
u64,sip,1024,iter-density-half,hashlink,4,615.383170
u64,sip,1024,iter-density-half,micro,4,260.897743
u64,sip,1024,iter-density-half,baseline,4,263.609726
u64,sip,1024,iter-density-half,quick_cache,4,227.063786
u64,sip,1024,iter-density-half,lru,4,619.269120
u64,sip,1024,iter-front,micro,0,255.328635
u64,sip,1024,iter-front,baseline,0,255.893052
u64,sip,1024,iter-front,quick_cache,0,163.928212
u64,sip,1024,iter-front,lru,0,1.186033
u64,sip,1024,iter-front,hashlink,0,1.161336
u64,sip,1024,iter-front,baseline,1,260.536024
u64,sip,1024,iter-front,quick_cache,1,164.817663
u64,sip,1024,iter-front,lru,1,1.211491
u64,sip,1024,iter-front,hashlink,1,1.227271
u64,sip,1024,iter-front,micro,1,246.093750
u64,sip,1024,iter-front,quick_cache,2,161.860183
u64,sip,1024,iter-front,lru,2,1.190023
u64,sip,1024,iter-front,hashlink,2,1.206641
u64,sip,1024,iter-front,micro,2,264.209243
u64,sip,1024,iter-front,baseline,2,264.568662
u64,sip,1024,iter-front,lru,3,1.212996
u64,sip,1024,iter-front,hashlink,3,1.132944
u64,sip,1024,iter-front,micro,3,260.164214
u64,sip,1024,iter-front,baseline,3,257.930546
u64,sip,1024,iter-front,quick_cache,3,164.096646
u64,sip,1024,iter-front,hashlink,4,1.136929
u64,sip,1024,iter-front,micro,4,259.218923
u64,sip,1024,iter-front,baseline,4,256.159145
u64,sip,1024,iter-front,quick_cache,4,164.494243
u64,sip,1024,iter-front,lru,4,1.185553
u64,sip,1024,iter-back,micro,0,259.936894
u64,sip,1024,iter-back,baseline,0,256.254269
u64,sip,1024,iter-back,quick_cache,0,164.164937
u64,sip,1024,iter-back,lru,0,1.196462
u64,sip,1024,iter-back,hashlink,0,1.174400
u64,sip,1024,iter-back,baseline,1,258.763085
u64,sip,1024,iter-back,quick_cache,1,163.826134
u64,sip,1024,iter-back,lru,1,1.186003
u64,sip,1024,iter-back,hashlink,1,1.135689
u64,sip,1024,iter-back,micro,1,259.359202
u64,sip,1024,iter-back,quick_cache,2,164.393115
u64,sip,1024,iter-back,lru,2,1.182741
u64,sip,1024,iter-back,hashlink,2,1.167919
u64,sip,1024,iter-back,micro,2,271.495665
u64,sip,1024,iter-back,baseline,2,267.976161
u64,sip,1024,iter-back,lru,3,1.216837
u64,sip,1024,iter-back,hashlink,3,1.164032
u64,sip,1024,iter-back,micro,3,260.803733
u64,sip,1024,iter-back,baseline,3,258.558626
u64,sip,1024,iter-back,quick_cache,3,164.076158
u64,sip,1024,iter-back,hashlink,4,1.158180
u64,sip,1024,iter-back,micro,4,259.857600
u64,sip,1024,iter-back,baseline,4,256.773651
u64,sip,1024,iter-back,quick_cache,4,171.853537
u64,sip,1024,iter-back,lru,4,1.277265
u64,sip,1024,iter-empty,micro,0,255.282694
u64,sip,1024,iter-empty,baseline,0,258.999828
u64,sip,1024,iter-empty,quick_cache,0,168.197413
u64,sip,1024,iter-empty,lru,0,0.991938
u64,sip,1024,iter-empty,hashlink,0,1.006874
u64,sip,1024,iter-empty,baseline,1,261.038802
u64,sip,1024,iter-empty,quick_cache,1,173.482729
u64,sip,1024,iter-empty,lru,1,1.028107
u64,sip,1024,iter-empty,hashlink,1,1.013897
u64,sip,1024,iter-empty,micro,1,275.884651
u64,sip,1024,iter-empty,quick_cache,2,165.362269
u64,sip,1024,iter-empty,lru,2,0.998073
u64,sip,1024,iter-empty,hashlink,2,1.046808
u64,sip,1024,iter-empty,micro,2,272.884902
u64,sip,1024,iter-empty,baseline,2,278.792656
u64,sip,1024,iter-empty,lru,3,1.085157
u64,sip,1024,iter-empty,hashlink,3,1.089977
u64,sip,1024,iter-empty,micro,3,284.011518
u64,sip,1024,iter-empty,baseline,3,279.936287
u64,sip,1024,iter-empty,quick_cache,3,170.703125
u64,sip,1024,iter-empty,hashlink,4,1.046259
u64,sip,1024,iter-empty,micro,4,275.117577
u64,sip,1024,iter-empty,baseline,4,263.613413
u64,sip,1024,iter-empty,quick_cache,4,168.062108
u64,sip,1024,iter-empty,lru,4,1.031716
u64,sip,1024,iter-count,micro,0,262.080382
u64,sip,1024,iter-count,baseline,0,274.516261
u64,sip,1024,iter-count,quick_cache,0,525.043818
u64,sip,1024,iter-count,lru,0,0.421220
u64,sip,1024,iter-count,hashlink,0,0.413663
u64,sip,1024,iter-count,baseline,1,260.434358
u64,sip,1024,iter-count,quick_cache,1,499.294759
u64,sip,1024,iter-count,lru,1,0.413710
u64,sip,1024,iter-count,hashlink,1,0.417528
u64,sip,1024,iter-count,micro,1,274.682776
u64,sip,1024,iter-count,quick_cache,2,524.520211
u64,sip,1024,iter-count,lru,2,0.418368
u64,sip,1024,iter-count,hashlink,2,0.413950
u64,sip,1024,iter-count,micro,2,276.847838
u64,sip,1024,iter-count,baseline,2,263.339063
u64,sip,1024,iter-count,lru,3,0.408353
u64,sip,1024,iter-count,hashlink,3,0.436085
u64,sip,1024,iter-count,micro,3,277.184775
u64,sip,1024,iter-count,baseline,3,284.179688
u64,sip,1024,iter-count,quick_cache,3,530.528193
u64,sip,1024,iter-count,hashlink,4,0.414618
u64,sip,1024,iter-count,micro,4,273.115734
u64,sip,1024,iter-count,baseline,4,273.202852
u64,sip,1024,iter-count,quick_cache,4,478.886719
u64,sip,1024,iter-count,lru,4,0.399805
u64,sip,16384,get-hit,micro,0,8.189673
u64,sip,16384,get-hit,baseline,0,7.698166
u64,sip,16384,get-hit,quick_cache,0,8.590108
u64,sip,16384,get-hit,lru,0,9.271368
u64,sip,16384,get-hit,hashlink,0,8.801537
u64,sip,16384,get-hit,baseline,1,7.796158
u64,sip,16384,get-hit,quick_cache,1,8.249919
u64,sip,16384,get-hit,lru,1,8.811346
u64,sip,16384,get-hit,hashlink,1,8.285862
u64,sip,16384,get-hit,micro,1,7.666163
u64,sip,16384,get-hit,quick_cache,2,8.304400
u64,sip,16384,get-hit,lru,2,9.286499
u64,sip,16384,get-hit,hashlink,2,8.722095
u64,sip,16384,get-hit,micro,2,8.082514
u64,sip,16384,get-hit,baseline,2,7.819427
u64,sip,16384,get-hit,lru,3,9.951617
u64,sip,16384,get-hit,hashlink,3,9.244666
u64,sip,16384,get-hit,micro,3,8.259527
u64,sip,16384,get-hit,baseline,3,7.710882
u64,sip,16384,get-hit,quick_cache,3,8.969441
u64,sip,16384,get-hit,hashlink,4,8.976012
u64,sip,16384,get-hit,micro,4,7.852648
u64,sip,16384,get-hit,baseline,4,7.413330
u64,sip,16384,get-hit,quick_cache,4,8.784703
u64,sip,16384,get-hit,lru,4,9.741934
u64,sip,16384,get-miss,micro,0,6.832357
u64,sip,16384,get-miss,baseline,0,5.855903
u64,sip,16384,get-miss,quick_cache,0,5.501286
u64,sip,16384,get-miss,lru,0,5.874715
u64,sip,16384,get-miss,hashlink,0,6.288949
u64,sip,16384,get-miss,baseline,1,6.659122
u64,sip,16384,get-miss,quick_cache,1,5.455839
u64,sip,16384,get-miss,lru,1,5.881576
u64,sip,16384,get-miss,hashlink,1,6.170909
u64,sip,16384,get-miss,micro,1,6.194643
u64,sip,16384,get-miss,quick_cache,2,6.170909
u64,sip,16384,get-miss,lru,2,6.047483
u64,sip,16384,get-miss,hashlink,2,6.026803
u64,sip,16384,get-miss,micro,2,7.243437
u64,sip,16384,get-miss,baseline,2,9.202194
u64,sip,16384,get-miss,lru,3,6.252741
u64,sip,16384,get-miss,hashlink,3,6.113519
u64,sip,16384,get-miss,micro,3,5.606527
u64,sip,16384,get-miss,baseline,3,6.158956
u64,sip,16384,get-miss,quick_cache,3,5.661167
u64,sip,16384,get-miss,hashlink,4,5.617008
u64,sip,16384,get-miss,micro,4,5.801361
u64,sip,16384,get-miss,baseline,4,6.809848
u64,sip,16384,get-miss,quick_cache,4,8.365864
u64,sip,16384,get-miss,lru,4,5.639570
u64,sip,16384,update,micro,0,7.609567
u64,sip,16384,update,baseline,0,8.462386
u64,sip,16384,update,quick_cache,0,19.472894
u64,sip,16384,update,lru,0,8.845619
u64,sip,16384,update,hashlink,0,21.154338
u64,sip,16384,update,baseline,1,8.203125
u64,sip,16384,update,quick_cache,1,13.739502
u64,sip,16384,update,lru,1,8.479958
u64,sip,16384,update,hashlink,1,21.093580
u64,sip,16384,update,micro,1,8.744132
u64,sip,16384,update,quick_cache,2,16.411823
u64,sip,16384,update,lru,2,9.699771
u64,sip,16384,update,hashlink,2,20.869500
u64,sip,16384,update,micro,2,7.835226
u64,sip,16384,update,baseline,2,7.843233
u64,sip,16384,update,lru,3,9.456405
u64,sip,16384,update,hashlink,3,23.640633
u64,sip,16384,update,micro,3,7.683011
u64,sip,16384,update,baseline,3,8.257490
u64,sip,16384,update,quick_cache,3,12.955065
u64,sip,16384,update,hashlink,4,20.129022
u64,sip,16384,update,micro,4,7.917795
u64,sip,16384,update,baseline,4,7.849511
u64,sip,16384,update,quick_cache,4,13.430459
u64,sip,16384,update,lru,4,8.373027
u64,sip,16384,insert-cycle,micro,0,30.110680
u64,sip,16384,insert-cycle,baseline,0,32.496552
u64,sip,16384,insert-cycle,quick_cache,0,20.533496
u64,sip,16384,insert-cycle,lru,0,42.347799
u64,sip,16384,insert-cycle,hashlink,0,48.959732
u64,sip,16384,insert-cycle,baseline,1,33.801188
u64,sip,16384,insert-cycle,quick_cache,1,23.477554
u64,sip,16384,insert-cycle,lru,1,41.643351
u64,sip,16384,insert-cycle,hashlink,1,52.885056
u64,sip,16384,insert-cycle,micro,1,34.450958
u64,sip,16384,insert-cycle,quick_cache,2,21.195221
u64,sip,16384,insert-cycle,lru,2,41.817983
u64,sip,16384,insert-cycle,hashlink,2,50.514221
u64,sip,16384,insert-cycle,micro,2,33.718109
u64,sip,16384,insert-cycle,baseline,2,33.212870
u64,sip,16384,insert-cycle,lru,3,42.841593
u64,sip,16384,insert-cycle,hashlink,3,51.522583
u64,sip,16384,insert-cycle,micro,3,34.298370
u64,sip,16384,insert-cycle,baseline,3,31.659017
u64,sip,16384,insert-cycle,quick_cache,3,21.539563
u64,sip,16384,insert-cycle,hashlink,4,49.633026
u64,sip,16384,insert-cycle,micro,4,32.513936
u64,sip,16384,insert-cycle,baseline,4,37.037750
u64,sip,16384,insert-cycle,quick_cache,4,24.202980
u64,sip,16384,insert-cycle,lru,4,43.167114
u64,sip,16384,mixed-95,micro,0,23.211956
u64,sip,16384,mixed-95,baseline,0,23.615122
u64,sip,16384,mixed-95,quick_cache,0,12.609839
u64,sip,16384,mixed-95,lru,0,23.864964
u64,sip,16384,mixed-95,hashlink,0,18.196960
u64,sip,16384,mixed-95,baseline,1,23.134271
u64,sip,16384,mixed-95,quick_cache,1,13.085941
u64,sip,16384,mixed-95,lru,1,23.348650
u64,sip,16384,mixed-95,hashlink,1,17.677506
u64,sip,16384,mixed-95,micro,1,24.211586
u64,sip,16384,mixed-95,quick_cache,2,12.938181
u64,sip,16384,mixed-95,lru,2,23.452978
u64,sip,16384,mixed-95,hashlink,2,16.801517
u64,sip,16384,mixed-95,micro,2,22.871673
u64,sip,16384,mixed-95,baseline,2,22.016585
u64,sip,16384,mixed-95,lru,3,22.898178
u64,sip,16384,mixed-95,hashlink,3,16.598384
u64,sip,16384,mixed-95,micro,3,22.318145
u64,sip,16384,mixed-95,baseline,3,22.933880
u64,sip,16384,mixed-95,quick_cache,3,11.818727
u64,sip,16384,mixed-95,hashlink,4,17.300963
u64,sip,16384,mixed-95,micro,4,21.700541
u64,sip,16384,mixed-95,baseline,4,21.793664
u64,sip,16384,mixed-95,quick_cache,4,12.101749
u64,sip,16384,mixed-95,lru,4,21.925569
u64,sip,16384,load-hit,micro,0,22.058824
u64,sip,16384,load-hit,baseline,0,22.309542
u64,sip,16384,load-hit,quick_cache,0,11.904970
u64,sip,16384,load-hit,lru,0,8.035743
u64,sip,16384,load-hit,hashlink,0,7.876241
u64,sip,16384,load-hit,baseline,1,12.308415
u64,sip,16384,load-hit,quick_cache,1,12.484062
u64,sip,16384,load-hit,lru,1,8.872623
u64,sip,16384,load-hit,hashlink,1,9.104659
u64,sip,16384,load-hit,micro,1,18.734741
u64,sip,16384,load-hit,quick_cache,2,12.143374
u64,sip,16384,load-hit,lru,2,7.963761
u64,sip,16384,load-hit,hashlink,2,8.063055
u64,sip,16384,load-hit,micro,2,18.672437
u64,sip,16384,load-hit,baseline,2,22.463630
u64,sip,16384,load-hit,lru,3,8.295017
u64,sip,16384,load-hit,hashlink,3,8.395688
u64,sip,16384,load-hit,micro,3,21.233453
u64,sip,16384,load-hit,baseline,3,21.055433
u64,sip,16384,load-hit,quick_cache,3,12.935067
u64,sip,16384,load-hit,hashlink,4,8.419151
u64,sip,16384,load-hit,micro,4,18.988287
u64,sip,16384,load-hit,baseline,4,21.324158
u64,sip,16384,load-hit,quick_cache,4,13.304936
u64,sip,16384,load-hit,lru,4,8.570707
u64,sip,16384,load-cycle,micro,0,38.319061
u64,sip,16384,load-cycle,baseline,0,39.244751
u64,sip,16384,load-cycle,quick_cache,0,22.105920
u64,sip,16384,load-cycle,lru,0,43.321401
u64,sip,16384,load-cycle,hashlink,0,56.616470
u64,sip,16384,load-cycle,baseline,1,40.698151
u64,sip,16384,load-cycle,quick_cache,1,22.248584
u64,sip,16384,load-cycle,lru,1,42.468170
u64,sip,16384,load-cycle,hashlink,1,57.540253
u64,sip,16384,load-cycle,micro,1,45.520782
u64,sip,16384,load-cycle,quick_cache,2,24.106979
u64,sip,16384,load-cycle,lru,2,81.441238
u64,sip,16384,load-cycle,hashlink,2,70.334106
u64,sip,16384,load-cycle,micro,2,41.191101
u64,sip,16384,load-cycle,baseline,2,40.783773
u64,sip,16384,load-cycle,lru,3,44.593384
u64,sip,16384,load-cycle,hashlink,3,62.400177
u64,sip,16384,load-cycle,micro,3,39.268077
u64,sip,16384,load-cycle,baseline,3,43.841888
u64,sip,16384,load-cycle,quick_cache,3,24.108887
u64,sip,16384,load-cycle,hashlink,4,53.525299
u64,sip,16384,load-cycle,micro,4,39.208313
u64,sip,16384,load-cycle,baseline,4,38.813700
u64,sip,16384,load-cycle,quick_cache,4,22.009534
u64,sip,16384,load-cycle,lru,4,41.571716
u64,sip,16384,clear-refill,micro,0,177894.647059
u64,sip,16384,clear-refill,baseline,0,225744.071429
u64,sip,16384,clear-refill,quick_cache,0,171680.555556
u64,sip,16384,clear-refill,lru,0,674816.600000
u64,sip,16384,clear-refill,hashlink,0,450154.714286
u64,sip,16384,clear-refill,baseline,1,170335.611111
u64,sip,16384,clear-refill,quick_cache,1,188585.937500
u64,sip,16384,clear-refill,lru,1,674200.000000
u64,sip,16384,clear-refill,hashlink,1,458196.428571
u64,sip,16384,clear-refill,micro,1,196486.937500
u64,sip,16384,clear-refill,quick_cache,2,173439.777778
u64,sip,16384,clear-refill,lru,2,724108.400000
u64,sip,16384,clear-refill,hashlink,2,471351.285714
u64,sip,16384,clear-refill,micro,2,214250.000000
u64,sip,16384,clear-refill,baseline,2,215714.285714
u64,sip,16384,clear-refill,lru,3,677266.600000
u64,sip,16384,clear-refill,hashlink,3,438119.000000
u64,sip,16384,clear-refill,micro,3,177661.764706
u64,sip,16384,clear-refill,baseline,3,244413.461538
u64,sip,16384,clear-refill,quick_cache,3,237246.769231
u64,sip,16384,clear-refill,hashlink,4,439791.714286
u64,sip,16384,clear-refill,micro,4,184289.235294
u64,sip,16384,clear-refill,baseline,4,214616.071429
u64,sip,16384,clear-refill,quick_cache,4,227764.928571
u64,sip,16384,clear-refill,lru,4,666325.000000
u64,sip,16384,clear-empty,micro,0,358.196259
u64,sip,16384,clear-empty,baseline,0,308.953536
u64,sip,16384,clear-empty,quick_cache,0,1.739203
u64,sip,16384,clear-empty,lru,0,0.592754
u64,sip,16384,clear-empty,hashlink,0,0.603508
u64,sip,16384,clear-empty,baseline,1,541.178445
u64,sip,16384,clear-empty,quick_cache,1,1.768092
u64,sip,16384,clear-empty,lru,1,0.602090
u64,sip,16384,clear-empty,hashlink,1,0.629406
u64,sip,16384,clear-empty,micro,1,550.152521
u64,sip,16384,clear-empty,quick_cache,2,1.820348
u64,sip,16384,clear-empty,lru,2,0.586172
u64,sip,16384,clear-empty,hashlink,2,0.614055
u64,sip,16384,clear-empty,micro,2,370.183350
u64,sip,16384,clear-empty,baseline,2,530.478601
u64,sip,16384,clear-empty,lru,3,0.587591
u64,sip,16384,clear-empty,hashlink,3,0.624775
u64,sip,16384,clear-empty,micro,3,303.815304
u64,sip,16384,clear-empty,baseline,3,313.592208
u64,sip,16384,clear-empty,quick_cache,3,1.737664
u64,sip,16384,clear-empty,hashlink,4,0.617476
u64,sip,16384,clear-empty,micro,4,319.709882
u64,sip,16384,clear-empty,baseline,4,336.737388
u64,sip,16384,clear-empty,quick_cache,4,1.824574
u64,sip,16384,clear-empty,lru,4,0.590701
u64,sip,16384,iter-dense,micro,0,4789.843750
u64,sip,16384,iter-dense,baseline,0,4669.766369
u64,sip,16384,iter-dense,quick_cache,0,5380.859375
u64,sip,16384,iter-dense,lru,0,24729.164062
u64,sip,16384,iter-dense,hashlink,0,23975.000000
u64,sip,16384,iter-dense,baseline,1,5102.042763
u64,sip,16384,iter-dense,quick_cache,1,5482.638889
u64,sip,16384,iter-dense,lru,1,26741.210938
u64,sip,16384,iter-dense,hashlink,1,23135.412500
u64,sip,16384,iter-dense,micro,1,4666.480655
u64,sip,16384,iter-dense,quick_cache,2,5552.544118
u64,sip,16384,iter-dense,lru,2,23202.087500
u64,sip,16384,iter-dense,hashlink,2,22906.506250
u64,sip,16384,iter-dense,micro,2,4762.759375
u64,sip,16384,iter-dense,baseline,2,4514.260417
u64,sip,16384,iter-dense,lru,3,21598.437500
u64,sip,16384,iter-dense,hashlink,3,22521.350000
u64,sip,16384,iter-dense,micro,3,4633.247024
u64,sip,16384,iter-dense,baseline,3,4999.245066
u64,sip,16384,iter-dense,quick_cache,3,5223.885417
u64,sip,16384,iter-dense,hashlink,4,22933.850000
u64,sip,16384,iter-dense,micro,4,4676.029762
u64,sip,16384,iter-dense,baseline,4,4728.515625
u64,sip,16384,iter-dense,quick_cache,4,5345.340278
u64,sip,16384,iter-dense,lru,4,26565.101562
u64,sip,16384,iter-dense-for,micro,0,4883.334375
u64,sip,16384,iter-dense-for,baseline,0,4802.082812
u64,sip,16384,iter-dense-for,quick_cache,0,8208.442708
u64,sip,16384,iter-dense-for,lru,0,19634.118750
u64,sip,16384,iter-dense-for,hashlink,0,18839.587500
u64,sip,16384,iter-dense-for,baseline,1,4624.565476
u64,sip,16384,iter-dense-for,quick_cache,1,7901.257812
u64,sip,16384,iter-dense-for,lru,1,16742.838542
u64,sip,16384,iter-dense-for,hashlink,1,18169.921875
u64,sip,16384,iter-dense-for,micro,1,4604.848214
u64,sip,16384,iter-dense-for,quick_cache,2,8050.239583
u64,sip,16384,iter-dense-for,lru,2,20097.137500
u64,sip,16384,iter-dense-for,hashlink,2,18554.687500
u64,sip,16384,iter-dense-for,micro,2,4653.522321
u64,sip,16384,iter-dense-for,baseline,2,4657.924107
u64,sip,16384,iter-dense-for,lru,3,20048.693750
u64,sip,16384,iter-dense-for,hashlink,3,18983.593750
u64,sip,16384,iter-dense-for,micro,3,4650.360119
u64,sip,16384,iter-dense-for,baseline,3,4669.580357
u64,sip,16384,iter-dense-for,quick_cache,3,8318.794271
u64,sip,16384,iter-dense-for,hashlink,4,19961.193750
u64,sip,16384,iter-dense-for,micro,4,4715.429688
u64,sip,16384,iter-dense-for,baseline,4,4895.768750
u64,sip,16384,iter-dense-for,quick_cache,4,7817.601562
u64,sip,16384,iter-dense-for,lru,4,16736.546875
u64,sip,16384,iter-density-1pct,micro,0,5353.225694
u64,sip,16384,iter-density-1pct,baseline,0,5214.048611
u64,sip,16384,iter-density-1pct,quick_cache,0,4772.981250
u64,sip,16384,iter-density-1pct,lru,0,175.976724
u64,sip,16384,iter-density-1pct,hashlink,0,176.427397
u64,sip,16384,iter-density-1pct,baseline,1,5064.144737
u64,sip,16384,iter-density-1pct,quick_cache,1,5117.393092
u64,sip,16384,iter-density-1pct,lru,1,179.829682
u64,sip,16384,iter-density-1pct,hashlink,1,177.606120
u64,sip,16384,iter-density-1pct,micro,1,5142.680921
u64,sip,16384,iter-density-1pct,quick_cache,2,4743.945312
u64,sip,16384,iter-density-1pct,lru,2,178.556202
u64,sip,16384,iter-density-1pct,hashlink,2,176.997347
u64,sip,16384,iter-density-1pct,micro,2,4992.049342
u64,sip,16384,iter-density-1pct,baseline,2,5034.745066
u64,sip,16384,iter-density-1pct,lru,3,184.890687
u64,sip,16384,iter-density-1pct,hashlink,3,192.174693
u64,sip,16384,iter-density-1pct,micro,3,5219.835069
u64,sip,16384,iter-density-1pct,baseline,3,5374.710069
u64,sip,16384,iter-density-1pct,quick_cache,3,4802.279688
u64,sip,16384,iter-density-1pct,hashlink,4,180.521334
u64,sip,16384,iter-density-1pct,micro,4,5288.194444
u64,sip,16384,iter-density-1pct,baseline,4,4983.072368
u64,sip,16384,iter-density-1pct,quick_cache,4,4990.268092
u64,sip,16384,iter-density-1pct,lru,4,179.413599
u64,sip,16384,iter-density-6pct,micro,0,4568.638393
u64,sip,16384,iter-density-6pct,baseline,0,4724.609375
u64,sip,16384,iter-density-6pct,quick_cache,0,4925.976562
u64,sip,16384,iter-density-6pct,lru,0,4842.253125
u64,sip,16384,iter-density-6pct,hashlink,0,4252.547554
u64,sip,16384,iter-density-6pct,baseline,1,4888.346875
u64,sip,16384,iter-density-6pct,quick_cache,1,4760.417188
u64,sip,16384,iter-density-6pct,lru,1,5518.764706
u64,sip,16384,iter-density-6pct,hashlink,1,5309.532986
u64,sip,16384,iter-density-6pct,micro,1,4976.973684
u64,sip,16384,iter-density-6pct,quick_cache,2,4836.328125
u64,sip,16384,iter-density-6pct,lru,2,5796.797794
u64,sip,16384,iter-density-6pct,hashlink,2,6129.394531
u64,sip,16384,iter-density-6pct,micro,2,4887.825000
u64,sip,16384,iter-density-6pct,baseline,2,5038.101974
u64,sip,16384,iter-density-6pct,lru,3,5709.022059
u64,sip,16384,iter-density-6pct,hashlink,3,5653.492647
u64,sip,16384,iter-density-6pct,micro,3,4696.159375
u64,sip,16384,iter-density-6pct,baseline,3,4857.812500
u64,sip,16384,iter-density-6pct,quick_cache,3,4770.443750
u64,sip,16384,iter-density-6pct,hashlink,4,4223.619565
u64,sip,16384,iter-density-6pct,micro,4,4971.148026
u64,sip,16384,iter-density-6pct,baseline,4,4987.664474
u64,sip,16384,iter-density-6pct,quick_cache,4,4783.332812
u64,sip,16384,iter-density-6pct,lru,4,4651.971726
u64,sip,16384,iter-density-quarter,micro,0,4123.131793
u64,sip,16384,iter-density-quarter,baseline,0,4129.358696
u64,sip,16384,iter-density-quarter,quick_cache,0,4898.696875
u64,sip,16384,iter-density-quarter,lru,0,6594.531250
u64,sip,16384,iter-density-quarter,hashlink,0,6760.138393
u64,sip,16384,iter-density-quarter,baseline,1,4121.546196
u64,sip,16384,iter-density-quarter,quick_cache,1,4872.331250
u64,sip,16384,iter-density-quarter,lru,1,6708.939583
u64,sip,16384,iter-density-quarter,hashlink,1,7460.538462
u64,sip,16384,iter-density-quarter,micro,1,4239.865489
u64,sip,16384,iter-density-quarter,quick_cache,2,4894.921875
u64,sip,16384,iter-density-quarter,lru,2,6637.066667
u64,sip,16384,iter-density-quarter,hashlink,2,7239.384615
u64,sip,16384,iter-density-quarter,micro,2,4144.756793
u64,sip,16384,iter-density-quarter,baseline,2,4126.641304
u64,sip,16384,iter-density-quarter,lru,3,6685.502083
u64,sip,16384,iter-density-quarter,hashlink,3,6990.325893
u64,sip,16384,iter-density-quarter,micro,3,4120.187500
u64,sip,16384,iter-density-quarter,baseline,3,4129.358696
u64,sip,16384,iter-density-quarter,quick_cache,3,4892.773438
u64,sip,16384,iter-density-quarter,hashlink,4,6343.056250
u64,sip,16384,iter-density-quarter,micro,4,4126.811141
u64,sip,16384,iter-density-quarter,baseline,4,4139.323370
u64,sip,16384,iter-density-quarter,quick_cache,4,4887.631250
u64,sip,16384,iter-density-quarter,lru,4,7091.703125
u64,sip,16384,iter-density-half,micro,0,4229.506793
u64,sip,16384,iter-density-half,baseline,0,4215.692935
u64,sip,16384,iter-density-half,quick_cache,0,4951.891447
u64,sip,16384,iter-density-half,lru,0,14108.258929
u64,sip,16384,iter-density-half,hashlink,0,15835.072917
u64,sip,16384,iter-density-half,baseline,1,4348.247159
u64,sip,16384,iter-density-half,quick_cache,1,4975.192434
u64,sip,16384,iter-density-half,lru,1,13904.763393
u64,sip,16384,iter-density-half,hashlink,1,15805.989583
u64,sip,16384,iter-density-half,micro,1,4290.718750
u64,sip,16384,iter-density-half,quick_cache,2,4996.574013
u64,sip,16384,iter-density-half,lru,2,13655.875000
u64,sip,16384,iter-density-half,hashlink,2,14786.830357
u64,sip,16384,iter-density-half,micro,2,4225.373641
u64,sip,16384,iter-density-half,baseline,2,4220.448370
u64,sip,16384,iter-density-half,lru,3,13829.982143
u64,sip,16384,iter-density-half,hashlink,3,14723.955357
u64,sip,16384,iter-density-half,micro,3,4216.824728
u64,sip,16384,iter-density-half,baseline,3,4217.504076
u64,sip,16384,iter-density-half,quick_cache,3,4872.265625
u64,sip,16384,iter-density-half,hashlink,4,13649.370536
u64,sip,16384,iter-density-half,micro,4,4217.278533
u64,sip,16384,iter-density-half,baseline,4,4222.543478
u64,sip,16384,iter-density-half,quick_cache,4,4915.364062
u64,sip,16384,iter-density-half,lru,4,15879.276786
u64,sip,16384,iter-front,micro,0,4152.457880
u64,sip,16384,iter-front,baseline,0,4209.125000
u64,sip,16384,iter-front,quick_cache,0,4867.317187
u64,sip,16384,iter-front,lru,0,1.194526
u64,sip,16384,iter-front,hashlink,0,1.185748
u64,sip,16384,iter-front,baseline,1,4132.585598
u64,sip,16384,iter-front,quick_cache,1,5085.184211
u64,sip,16384,iter-front,lru,1,1.182443
u64,sip,16384,iter-front,hashlink,1,1.182369
u64,sip,16384,iter-front,micro,1,4139.548913
u64,sip,16384,iter-front,quick_cache,2,5092.241776
u64,sip,16384,iter-front,lru,2,1.175593
u64,sip,16384,iter-front,hashlink,2,1.182980
u64,sip,16384,iter-front,micro,2,4127.320652
u64,sip,16384,iter-front,baseline,2,4140.908967
u64,sip,16384,iter-front,lru,3,1.177098
u64,sip,16384,iter-front,hashlink,3,1.185343
u64,sip,16384,iter-front,micro,3,4142.436141
u64,sip,16384,iter-front,baseline,3,4139.266304
u64,sip,16384,iter-front,quick_cache,3,5075.794408
u64,sip,16384,iter-front,hashlink,4,1.199294
u64,sip,16384,iter-front,micro,4,4262.015625
u64,sip,16384,iter-front,baseline,4,4219.089674
u64,sip,16384,iter-front,quick_cache,4,5130.756579
u64,sip,16384,iter-front,lru,4,1.198880
u64,sip,16384,iter-back,micro,0,4139.775815
u64,sip,16384,iter-back,baseline,0,4128.850543
u64,sip,16384,iter-back,quick_cache,0,5076.822368
u64,sip,16384,iter-back,lru,0,1.191884
u64,sip,16384,iter-back,hashlink,0,1.149080
u64,sip,16384,iter-back,baseline,1,4131.396739
u64,sip,16384,iter-back,quick_cache,1,5038.034539
u64,sip,16384,iter-back,lru,1,1.182488
u64,sip,16384,iter-back,hashlink,1,1.158681
u64,sip,16384,iter-back,micro,1,4121.942935
u64,sip,16384,iter-back,quick_cache,2,5065.447368
u64,sip,16384,iter-back,lru,2,1.183906
u64,sip,16384,iter-back,hashlink,2,1.181281
u64,sip,16384,iter-back,micro,2,4127.547554
u64,sip,16384,iter-back,baseline,2,4126.414402
u64,sip,16384,iter-back,lru,3,1.176773
u64,sip,16384,iter-back,hashlink,3,1.184864
u64,sip,16384,iter-back,micro,3,4189.141304
u64,sip,16384,iter-back,baseline,3,4259.907609
u64,sip,16384,iter-back,quick_cache,3,5193.325658
u64,sip,16384,iter-back,hashlink,4,1.205478
u64,sip,16384,iter-back,micro,4,4142.607337
u64,sip,16384,iter-back,baseline,4,4136.775815
u64,sip,16384,iter-back,quick_cache,4,5071.820724
u64,sip,16384,iter-back,lru,4,1.185373
u64,sip,16384,iter-empty,micro,0,4122.395380
u64,sip,16384,iter-empty,baseline,0,4126.358696
u64,sip,16384,iter-empty,quick_cache,0,5058.524671
u64,sip,16384,iter-empty,lru,0,0.980566
u64,sip,16384,iter-empty,hashlink,0,0.993072
u64,sip,16384,iter-empty,baseline,1,4075.087240
u64,sip,16384,iter-empty,quick_cache,1,5080.317434
u64,sip,16384,iter-empty,lru,1,0.982395
u64,sip,16384,iter-empty,hashlink,1,0.991917
u64,sip,16384,iter-empty,micro,1,4093.127717
u64,sip,16384,iter-empty,quick_cache,2,5082.784539
u64,sip,16384,iter-empty,lru,2,0.986676
u64,sip,16384,iter-empty,hashlink,2,0.992410
u64,sip,16384,iter-empty,micro,2,4075.466146
u64,sip,16384,iter-empty,baseline,2,4134.680707
u64,sip,16384,iter-empty,lru,3,1.004586
u64,sip,16384,iter-empty,hashlink,3,1.028389
u64,sip,16384,iter-empty,micro,3,4197.067935
u64,sip,16384,iter-empty,baseline,3,4091.259511
u64,sip,16384,iter-empty,quick_cache,3,5096.078947
u64,sip,16384,iter-empty,hashlink,4,0.997107
u64,sip,16384,iter-empty,micro,4,4126.074728
u64,sip,16384,iter-empty,baseline,4,4077.898098
u64,sip,16384,iter-empty,quick_cache,4,5075.657895
u64,sip,16384,iter-empty,lru,4,0.985721
u64,sip,16384,iter-count,micro,0,4128.200521
u64,sip,16384,iter-count,baseline,0,4129.015625
u64,sip,16384,iter-count,quick_cache,0,8045.003906
u64,sip,16384,iter-count,lru,0,0.396719
u64,sip,16384,iter-count,hashlink,0,0.396324
u64,sip,16384,iter-count,baseline,1,4150.553385
u64,sip,16384,iter-count,quick_cache,1,7976.236328
u64,sip,16384,iter-count,lru,1,0.397569
u64,sip,16384,iter-count,hashlink,1,0.400674
u64,sip,16384,iter-count,micro,1,4237.846354
u64,sip,16384,iter-count,quick_cache,2,8187.582031
u64,sip,16384,iter-count,lru,2,0.394425
u64,sip,16384,iter-count,hashlink,2,0.403855
u64,sip,16384,iter-count,micro,2,4153.483073
u64,sip,16384,iter-count,baseline,2,4133.518229
u64,sip,16384,iter-count,lru,3,0.399546
u64,sip,16384,iter-count,hashlink,3,0.399821
u64,sip,16384,iter-count,micro,3,4133.842448
u64,sip,16384,iter-count,baseline,3,4140.191406
u64,sip,16384,iter-count,quick_cache,3,8125.324219
u64,sip,16384,iter-count,hashlink,4,0.399077
u64,sip,16384,iter-count,micro,4,4134.114583
u64,sip,16384,iter-count,baseline,4,4136.990885
u64,sip,16384,iter-count,quick_cache,4,8119.955078
u64,sip,16384,iter-count,lru,4,0.399622
u64,ahash,128,get-hit,micro,0,2.112758
u64,ahash,128,get-hit,baseline,0,2.148515
u64,ahash,128,get-hit,quick_cache,0,2.293015
u64,ahash,128,get-hit,lru,0,3.807461
u64,ahash,128,get-hit,hashlink,0,3.606510
u64,ahash,128,get-hit,baseline,1,2.103475
u64,ahash,128,get-hit,quick_cache,1,2.224608
u64,ahash,128,get-hit,lru,1,3.703364
u64,ahash,128,get-hit,hashlink,1,3.571790
u64,ahash,128,get-hit,micro,1,2.103766
u64,ahash,128,get-hit,quick_cache,2,2.227167
u64,ahash,128,get-hit,lru,2,3.694966
u64,ahash,128,get-hit,hashlink,2,3.539942
u64,ahash,128,get-hit,micro,2,2.103853
u64,ahash,128,get-hit,baseline,2,2.108227
u64,ahash,128,get-hit,lru,3,3.709016
u64,ahash,128,get-hit,hashlink,3,3.523118
u64,ahash,128,get-hit,micro,3,2.106823
u64,ahash,128,get-hit,baseline,3,2.102865
u64,ahash,128,get-hit,quick_cache,3,2.223838
u64,ahash,128,get-hit,hashlink,4,3.531921
u64,ahash,128,get-hit,micro,4,2.113313
u64,ahash,128,get-hit,baseline,4,2.106269
u64,ahash,128,get-hit,quick_cache,4,2.229140
u64,ahash,128,get-hit,lru,4,3.697357
u64,ahash,128,get-miss,micro,0,1.776776
u64,ahash,128,get-miss,baseline,0,1.746477
u64,ahash,128,get-miss,quick_cache,0,1.675727
u64,ahash,128,get-miss,lru,0,2.225194
u64,ahash,128,get-miss,hashlink,0,1.626524
u64,ahash,128,get-miss,baseline,1,1.767892
u64,ahash,128,get-miss,quick_cache,1,1.668780
u64,ahash,128,get-miss,lru,1,2.157383
u64,ahash,128,get-miss,hashlink,1,1.571177
u64,ahash,128,get-miss,micro,1,1.767427
u64,ahash,128,get-miss,quick_cache,2,1.662472
u64,ahash,128,get-miss,lru,2,2.161243
u64,ahash,128,get-miss,hashlink,2,1.567590
u64,ahash,128,get-miss,micro,2,1.763441
u64,ahash,128,get-miss,baseline,2,1.727458
u64,ahash,128,get-miss,lru,3,2.158042
u64,ahash,128,get-miss,hashlink,3,1.554091
u64,ahash,128,get-miss,micro,3,1.763857
u64,ahash,128,get-miss,baseline,3,1.731009
u64,ahash,128,get-miss,quick_cache,3,1.650653
u64,ahash,128,get-miss,hashlink,4,1.556073
u64,ahash,128,get-miss,micro,4,1.765227
u64,ahash,128,get-miss,baseline,4,1.732304
u64,ahash,128,get-miss,quick_cache,4,3.246926
u64,ahash,128,get-miss,lru,4,3.004773
u64,ahash,128,update,micro,0,2.625892
u64,ahash,128,update,baseline,0,6.566092
u64,ahash,128,update,quick_cache,0,3.553733
u64,ahash,128,update,lru,0,3.471375
u64,ahash,128,update,hashlink,0,4.045201
u64,ahash,128,update,baseline,1,2.134190
u64,ahash,128,update,quick_cache,1,3.506567
u64,ahash,128,update,lru,1,3.499785
u64,ahash,128,update,hashlink,1,3.978442
u64,ahash,128,update,micro,1,2.202596
u64,ahash,128,update,quick_cache,2,3.468927
u64,ahash,128,update,lru,2,3.428094
u64,ahash,128,update,hashlink,2,3.973247
u64,ahash,128,update,micro,2,2.125087
u64,ahash,128,update,baseline,2,2.134782
u64,ahash,128,update,lru,3,3.413165
u64,ahash,128,update,hashlink,3,4.019586
u64,ahash,128,update,micro,3,2.198972
u64,ahash,128,update,baseline,3,2.165312
u64,ahash,128,update,quick_cache,3,3.480348
u64,ahash,128,update,hashlink,4,3.984700
u64,ahash,128,update,micro,4,2.109367
u64,ahash,128,update,baseline,4,2.062251
u64,ahash,128,update,quick_cache,4,3.499688
u64,ahash,128,update,lru,4,3.428475
u64,ahash,128,insert-cycle,micro,0,10.664286
u64,ahash,128,insert-cycle,baseline,0,11.045770
u64,ahash,128,insert-cycle,quick_cache,0,8.231401
u64,ahash,128,insert-cycle,lru,0,16.608019
u64,ahash,128,insert-cycle,hashlink,0,16.650579
u64,ahash,128,insert-cycle,baseline,1,10.839364
u64,ahash,128,insert-cycle,quick_cache,1,8.307473
u64,ahash,128,insert-cycle,lru,1,16.834609
u64,ahash,128,insert-cycle,hashlink,1,17.083199
u64,ahash,128,insert-cycle,micro,1,11.010398
u64,ahash,128,insert-cycle,quick_cache,2,8.088148
u64,ahash,128,insert-cycle,lru,2,17.061175
u64,ahash,128,insert-cycle,hashlink,2,16.668146
u64,ahash,128,insert-cycle,micro,2,10.822592
u64,ahash,128,insert-cycle,baseline,2,10.707702
u64,ahash,128,insert-cycle,lru,3,17.105264
u64,ahash,128,insert-cycle,hashlink,3,16.617237
u64,ahash,128,insert-cycle,micro,3,10.719278
u64,ahash,128,insert-cycle,baseline,3,10.685659
u64,ahash,128,insert-cycle,quick_cache,3,8.176498
u64,ahash,128,insert-cycle,hashlink,4,16.615168
u64,ahash,128,insert-cycle,micro,4,10.692485
u64,ahash,128,insert-cycle,baseline,4,10.707556
u64,ahash,128,insert-cycle,quick_cache,4,8.077783
u64,ahash,128,insert-cycle,lru,4,17.299894
u64,ahash,128,mixed-95,micro,0,2.749562
u64,ahash,128,mixed-95,baseline,0,2.676229
u64,ahash,128,mixed-95,quick_cache,0,3.921171
u64,ahash,128,mixed-95,lru,0,3.297111
u64,ahash,128,mixed-95,hashlink,0,3.388464
u64,ahash,128,mixed-95,baseline,1,2.946118
u64,ahash,128,mixed-95,quick_cache,1,3.895601
u64,ahash,128,mixed-95,lru,1,3.347576
u64,ahash,128,mixed-95,hashlink,1,3.180464
u64,ahash,128,mixed-95,micro,1,2.767126
u64,ahash,128,mixed-95,quick_cache,2,3.801981
u64,ahash,128,mixed-95,lru,2,4.943589
u64,ahash,128,mixed-95,hashlink,2,3.287872
u64,ahash,128,mixed-95,micro,2,2.697309
u64,ahash,128,mixed-95,baseline,2,2.749503
u64,ahash,128,mixed-95,lru,3,3.224989
u64,ahash,128,mixed-95,hashlink,3,3.114998
u64,ahash,128,mixed-95,micro,3,2.831101
u64,ahash,128,mixed-95,baseline,3,2.757092
u64,ahash,128,mixed-95,quick_cache,3,3.893435
u64,ahash,128,mixed-95,hashlink,4,3.239850
u64,ahash,128,mixed-95,micro,4,2.696614
u64,ahash,128,mixed-95,baseline,4,2.836089
u64,ahash,128,mixed-95,quick_cache,4,3.863434
u64,ahash,128,mixed-95,lru,4,3.231406
u64,ahash,128,load-hit,micro,0,2.442899
u64,ahash,128,load-hit,baseline,0,2.460829
u64,ahash,128,load-hit,quick_cache,0,3.368646
u64,ahash,128,load-hit,lru,0,3.461539
u64,ahash,128,load-hit,hashlink,0,3.505209
u64,ahash,128,load-hit,baseline,1,2.424742
u64,ahash,128,load-hit,quick_cache,1,3.387825
u64,ahash,128,load-hit,lru,1,3.519307
u64,ahash,128,load-hit,hashlink,1,3.619276
u64,ahash,128,load-hit,micro,1,2.527627
u64,ahash,128,load-hit,quick_cache,2,3.348194
u64,ahash,128,load-hit,lru,2,3.498865
u64,ahash,128,load-hit,hashlink,2,3.508893
u64,ahash,128,load-hit,micro,2,2.485533
u64,ahash,128,load-hit,baseline,2,2.442865
u64,ahash,128,load-hit,lru,3,3.502643
u64,ahash,128,load-hit,hashlink,3,3.510054
u64,ahash,128,load-hit,micro,3,2.502614
u64,ahash,128,load-hit,baseline,3,2.512405
u64,ahash,128,load-hit,quick_cache,3,3.430281
u64,ahash,128,load-hit,hashlink,4,3.559990
u64,ahash,128,load-hit,micro,4,2.447273
u64,ahash,128,load-hit,baseline,4,2.450324
u64,ahash,128,load-hit,quick_cache,4,3.333907
u64,ahash,128,load-hit,lru,4,3.532948
u64,ahash,128,load-cycle,micro,0,10.664731
u64,ahash,128,load-cycle,baseline,0,10.841860
u64,ahash,128,load-cycle,quick_cache,0,8.427739
u64,ahash,128,load-cycle,lru,0,17.281848
u64,ahash,128,load-cycle,hashlink,0,18.773438
u64,ahash,128,load-cycle,baseline,1,10.762662
u64,ahash,128,load-cycle,quick_cache,1,8.421098
u64,ahash,128,load-cycle,lru,1,17.272500
u64,ahash,128,load-cycle,hashlink,1,18.955409
u64,ahash,128,load-cycle,micro,1,10.644474
u64,ahash,128,load-cycle,quick_cache,2,8.391771
u64,ahash,128,load-cycle,lru,2,17.532873
u64,ahash,128,load-cycle,hashlink,2,18.861366
u64,ahash,128,load-cycle,micro,2,10.604003
u64,ahash,128,load-cycle,baseline,2,10.714069
u64,ahash,128,load-cycle,lru,3,17.218905
u64,ahash,128,load-cycle,hashlink,3,18.904095
u64,ahash,128,load-cycle,micro,3,10.617906
u64,ahash,128,load-cycle,baseline,3,10.794343
u64,ahash,128,load-cycle,quick_cache,3,8.640576
u64,ahash,128,load-cycle,hashlink,4,19.282291
u64,ahash,128,load-cycle,micro,4,10.890755
u64,ahash,128,load-cycle,baseline,4,10.823342
u64,ahash,128,load-cycle,quick_cache,4,8.337013
u64,ahash,128,load-cycle,lru,4,17.214362
u64,ahash,128,clear-refill,micro,0,732.304125
u64,ahash,128,clear-refill,baseline,0,744.684537
u64,ahash,128,clear-refill,quick_cache,0,784.346405
u64,ahash,128,clear-refill,lru,0,3072.884340
u64,ahash,128,clear-refill,hashlink,0,1786.111310
u64,ahash,128,clear-refill,baseline,1,744.078621
u64,ahash,128,clear-refill,quick_cache,1,778.307393
u64,ahash,128,clear-refill,lru,1,3072.884340
u64,ahash,128,clear-refill,hashlink,1,1787.646218
u64,ahash,128,clear-refill,micro,1,724.883064
u64,ahash,128,clear-refill,quick_cache,2,779.520655
u64,ahash,128,clear-refill,lru,2,3052.729400
u64,ahash,128,clear-refill,hashlink,2,1783.590963
u64,ahash,128,clear-refill,micro,2,734.255262
u64,ahash,128,clear-refill,baseline,2,745.980607
u64,ahash,128,clear-refill,lru,3,3050.771341
u64,ahash,128,clear-refill,hashlink,3,1787.571769
u64,ahash,128,clear-refill,micro,3,729.516168
u64,ahash,128,clear-refill,baseline,3,743.157047
u64,ahash,128,clear-refill,quick_cache,3,778.422937
u64,ahash,128,clear-refill,hashlink,4,1795.332136
u64,ahash,128,clear-refill,micro,4,750.052000
u64,ahash,128,clear-refill,baseline,4,765.380612
u64,ahash,128,clear-refill,quick_cache,4,798.129024
u64,ahash,128,clear-refill,lru,4,3092.783505
u64,ahash,128,clear-empty,micro,0,48.149062
u64,ahash,128,clear-empty,baseline,0,47.742394
u64,ahash,128,clear-empty,quick_cache,0,1.788179
u64,ahash,128,clear-empty,lru,0,0.567153
u64,ahash,128,clear-empty,hashlink,0,0.613299
u64,ahash,128,clear-empty,baseline,1,48.106365
u64,ahash,128,clear-empty,quick_cache,1,1.792356
u64,ahash,128,clear-empty,lru,1,0.565121
u64,ahash,128,clear-empty,hashlink,1,0.602501
u64,ahash,128,clear-empty,micro,1,41.761079
u64,ahash,128,clear-empty,quick_cache,2,1.789470
u64,ahash,128,clear-empty,lru,2,0.567282
u64,ahash,128,clear-empty,hashlink,2,0.600086
u64,ahash,128,clear-empty,micro,2,47.913999
u64,ahash,128,clear-empty,baseline,2,47.857541
u64,ahash,128,clear-empty,lru,3,0.564903
u64,ahash,128,clear-empty,hashlink,3,0.601287
u64,ahash,128,clear-empty,micro,3,47.817819
u64,ahash,128,clear-empty,baseline,3,47.861527
u64,ahash,128,clear-empty,quick_cache,3,1.824909
u64,ahash,128,clear-empty,hashlink,4,0.627074
u64,ahash,128,clear-empty,micro,4,47.850239
u64,ahash,128,clear-empty,baseline,4,48.001706
u64,ahash,128,clear-empty,quick_cache,4,1.838728
u64,ahash,128,clear-empty,lru,4,0.578761
u64,ahash,128,iter-dense,micro,0,40.120547
u64,ahash,128,iter-dense,baseline,0,39.592021
u64,ahash,128,iter-dense,quick_cache,0,28.752041
u64,ahash,128,iter-dense,lru,0,139.178042
u64,ahash,128,iter-dense,hashlink,0,133.213867
u64,ahash,128,iter-dense,baseline,1,38.738731
u64,ahash,128,iter-dense,quick_cache,1,28.730402
u64,ahash,128,iter-dense,lru,1,136.408385
u64,ahash,128,iter-dense,hashlink,1,131.876670
u64,ahash,128,iter-dense,micro,1,38.768060
u64,ahash,128,iter-dense,quick_cache,2,28.741234
u64,ahash,128,iter-dense,lru,2,134.652618
u64,ahash,128,iter-dense,hashlink,2,131.466649
u64,ahash,128,iter-dense,micro,2,38.711447
u64,ahash,128,iter-dense,baseline,2,38.878420
u64,ahash,128,iter-dense,lru,3,132.963704
u64,ahash,128,iter-dense,hashlink,3,133.122784
u64,ahash,128,iter-dense,micro,3,38.544454
u64,ahash,128,iter-dense,baseline,3,38.708751
u64,ahash,128,iter-dense,quick_cache,3,28.888112
u64,ahash,128,iter-dense,hashlink,4,133.843393
u64,ahash,128,iter-dense,micro,4,38.663015
u64,ahash,128,iter-dense,baseline,4,38.749354
u64,ahash,128,iter-dense,quick_cache,4,28.811895
u64,ahash,128,iter-dense,lru,4,135.379058
u64,ahash,128,iter-dense-for,micro,0,39.528009
u64,ahash,128,iter-dense-for,baseline,0,39.183844
u64,ahash,128,iter-dense-for,quick_cache,0,71.774986
u64,ahash,128,iter-dense-for,lru,0,82.539007
u64,ahash,128,iter-dense-for,hashlink,0,71.442046
u64,ahash,128,iter-dense-for,baseline,1,38.282003
u64,ahash,128,iter-dense-for,quick_cache,1,69.602983
u64,ahash,128,iter-dense-for,lru,1,81.278650
u64,ahash,128,iter-dense-for,hashlink,1,71.376760
u64,ahash,128,iter-dense-for,micro,1,38.109089
u64,ahash,128,iter-dense-for,quick_cache,2,69.275826
u64,ahash,128,iter-dense-for,lru,2,80.419838
u64,ahash,128,iter-dense-for,hashlink,2,68.176735
u64,ahash,128,iter-dense-for,micro,2,37.278926
u64,ahash,128,iter-dense-for,baseline,2,37.766714
u64,ahash,128,iter-dense-for,lru,3,80.001467
u64,ahash,128,iter-dense-for,hashlink,3,70.035358
u64,ahash,128,iter-dense-for,micro,3,37.911532
u64,ahash,128,iter-dense-for,baseline,3,37.854512
u64,ahash,128,iter-dense-for,quick_cache,3,68.642478
u64,ahash,128,iter-dense-for,hashlink,4,71.326450
u64,ahash,128,iter-dense-for,micro,4,37.918899
u64,ahash,128,iter-dense-for,baseline,4,37.993606
u64,ahash,128,iter-dense-for,quick_cache,4,68.802160
u64,ahash,128,iter-dense-for,lru,4,80.422063
u64,ahash,128,iter-density-1pct,micro,0,33.038881
u64,ahash,128,iter-density-1pct,baseline,0,33.163291
u64,ahash,128,iter-density-1pct,quick_cache,0,23.664918
u64,ahash,128,iter-density-1pct,lru,0,1.310053
u64,ahash,128,iter-density-1pct,hashlink,0,1.305310
u64,ahash,128,iter-density-1pct,baseline,1,34.246028
u64,ahash,128,iter-density-1pct,quick_cache,1,20.916107
u64,ahash,128,iter-density-1pct,lru,1,1.300548
u64,ahash,128,iter-density-1pct,hashlink,1,1.257832
u64,ahash,128,iter-density-1pct,micro,1,33.938518
u64,ahash,128,iter-density-1pct,quick_cache,2,20.940047
u64,ahash,128,iter-density-1pct,lru,2,1.289103
u64,ahash,128,iter-density-1pct,hashlink,2,1.276935
u64,ahash,128,iter-density-1pct,micro,2,33.945624
u64,ahash,128,iter-density-1pct,baseline,2,33.393251
u64,ahash,128,iter-density-1pct,lru,3,1.281999
u64,ahash,128,iter-density-1pct,hashlink,3,1.264244
u64,ahash,128,iter-density-1pct,micro,3,33.725832
u64,ahash,128,iter-density-1pct,baseline,3,33.490513
u64,ahash,128,iter-density-1pct,quick_cache,3,20.810211
u64,ahash,128,iter-density-1pct,hashlink,4,1.267886
u64,ahash,128,iter-density-1pct,micro,4,33.677847
u64,ahash,128,iter-density-1pct,baseline,4,33.422460
u64,ahash,128,iter-density-1pct,quick_cache,4,20.813971
u64,ahash,128,iter-density-1pct,lru,4,1.284933
u64,ahash,128,iter-density-6pct,micro,0,36.124290
u64,ahash,128,iter-density-6pct,baseline,0,35.832907
u64,ahash,128,iter-density-6pct,quick_cache,0,20.564296
u64,ahash,128,iter-density-6pct,lru,0,3.280196
u64,ahash,128,iter-density-6pct,hashlink,0,3.273325
u64,ahash,128,iter-density-6pct,baseline,1,37.511987
u64,ahash,128,iter-density-6pct,quick_cache,1,21.032238
u64,ahash,128,iter-density-6pct,lru,1,3.257063
u64,ahash,128,iter-density-6pct,hashlink,1,3.186066
u64,ahash,128,iter-density-6pct,micro,1,36.150130
u64,ahash,128,iter-density-6pct,quick_cache,2,20.847231
u64,ahash,128,iter-density-6pct,lru,2,3.232982
u64,ahash,128,iter-density-6pct,hashlink,2,3.183794
u64,ahash,128,iter-density-6pct,micro,2,35.943285
u64,ahash,128,iter-density-6pct,baseline,2,35.821715
u64,ahash,128,iter-density-6pct,lru,3,3.226084
u64,ahash,128,iter-density-6pct,hashlink,3,3.186066
u64,ahash,128,iter-density-6pct,micro,3,35.932004
u64,ahash,128,iter-density-6pct,baseline,3,35.599184
u64,ahash,128,iter-density-6pct,quick_cache,3,20.583493
u64,ahash,128,iter-density-6pct,hashlink,4,3.180058
u64,ahash,128,iter-density-6pct,micro,4,36.117272
u64,ahash,128,iter-density-6pct,baseline,4,35.698004
u64,ahash,128,iter-density-6pct,quick_cache,4,20.712247
u64,ahash,128,iter-density-6pct,lru,4,3.234766
u64,ahash,128,iter-density-quarter,micro,0,36.809543
u64,ahash,128,iter-density-quarter,baseline,0,36.479098
u64,ahash,128,iter-density-quarter,quick_cache,0,24.537163
u64,ahash,128,iter-density-quarter,lru,0,19.030711
u64,ahash,128,iter-density-quarter,hashlink,0,18.999861
u64,ahash,128,iter-density-quarter,baseline,1,37.238657
u64,ahash,128,iter-density-quarter,quick_cache,1,25.427524
u64,ahash,128,iter-density-quarter,lru,1,19.895654
u64,ahash,128,iter-density-quarter,hashlink,1,19.642010
u64,ahash,128,iter-density-quarter,micro,1,36.674753
u64,ahash,128,iter-density-quarter,quick_cache,2,24.478827
u64,ahash,128,iter-density-quarter,lru,2,19.008516
u64,ahash,128,iter-density-quarter,hashlink,2,18.930553
u64,ahash,128,iter-density-quarter,micro,2,36.654308
u64,ahash,128,iter-density-quarter,baseline,2,36.531883
u64,ahash,128,iter-density-quarter,lru,3,18.871295
u64,ahash,128,iter-density-quarter,hashlink,3,18.873396
u64,ahash,128,iter-density-quarter,micro,3,36.688087
u64,ahash,128,iter-density-quarter,baseline,3,36.530873
u64,ahash,128,iter-density-quarter,quick_cache,3,24.507482
u64,ahash,128,iter-density-quarter,hashlink,4,19.013955
u64,ahash,128,iter-density-quarter,micro,4,36.911503
u64,ahash,128,iter-density-quarter,baseline,4,36.826051
u64,ahash,128,iter-density-quarter,quick_cache,4,24.419824
u64,ahash,128,iter-density-quarter,lru,4,19.146767
u64,ahash,128,iter-density-half,micro,0,37.845024
u64,ahash,128,iter-density-half,baseline,0,38.046184
u64,ahash,128,iter-density-half,quick_cache,0,29.338431
u64,ahash,128,iter-density-half,lru,0,51.950589
u64,ahash,128,iter-density-half,hashlink,0,53.191914
u64,ahash,128,iter-density-half,baseline,1,38.424257
u64,ahash,128,iter-density-half,quick_cache,1,29.483589
u64,ahash,128,iter-density-half,lru,1,51.526013
u64,ahash,128,iter-density-half,hashlink,1,53.084041
u64,ahash,128,iter-density-half,micro,1,38.137429
u64,ahash,128,iter-density-half,quick_cache,2,30.267763
u64,ahash,128,iter-density-half,lru,2,51.387705
u64,ahash,128,iter-density-half,hashlink,2,50.436643
u64,ahash,128,iter-density-half,micro,2,37.974003
u64,ahash,128,iter-density-half,baseline,2,37.597522
u64,ahash,128,iter-density-half,lru,3,49.029943
u64,ahash,128,iter-density-half,hashlink,3,48.036341
u64,ahash,128,iter-density-half,micro,3,37.406724
u64,ahash,128,iter-density-half,baseline,3,37.955984
u64,ahash,128,iter-density-half,quick_cache,3,29.275933
u64,ahash,128,iter-density-half,hashlink,4,50.875916
u64,ahash,128,iter-density-half,micro,4,38.111344
u64,ahash,128,iter-density-half,baseline,4,38.333197
u64,ahash,128,iter-density-half,quick_cache,4,29.638452
u64,ahash,128,iter-density-half,lru,4,52.118799
u64,ahash,128,iter-front,micro,0,38.494843
u64,ahash,128,iter-front,baseline,0,37.759376
u64,ahash,128,iter-front,quick_cache,0,20.800403
u64,ahash,128,iter-front,lru,0,1.364331
u64,ahash,128,iter-front,hashlink,0,1.178756
u64,ahash,128,iter-front,baseline,1,35.883778
u64,ahash,128,iter-front,quick_cache,1,20.315039
u64,ahash,128,iter-front,lru,1,1.198803
u64,ahash,128,iter-front,hashlink,1,1.191036
u64,ahash,128,iter-front,micro,1,39.810576
u64,ahash,128,iter-front,quick_cache,2,23.100671
u64,ahash,128,iter-front,lru,2,1.222199
u64,ahash,128,iter-front,hashlink,2,1.184684
u64,ahash,128,iter-front,micro,2,37.500525
u64,ahash,128,iter-front,baseline,2,36.848698
u64,ahash,128,iter-front,lru,3,1.225346
u64,ahash,128,iter-front,hashlink,3,1.193173
u64,ahash,128,iter-front,micro,3,37.432423
u64,ahash,128,iter-front,baseline,3,37.248274
u64,ahash,128,iter-front,quick_cache,3,20.758669
u64,ahash,128,iter-front,hashlink,4,1.155439
u64,ahash,128,iter-front,micro,4,37.525948
u64,ahash,128,iter-front,baseline,4,35.212484
u64,ahash,128,iter-front,quick_cache,4,20.629352
u64,ahash,128,iter-front,lru,4,1.210005
u64,ahash,128,iter-back,micro,0,39.017530
u64,ahash,128,iter-back,baseline,0,42.354167
u64,ahash,128,iter-back,quick_cache,0,21.571560
u64,ahash,128,iter-back,lru,0,1.217216
u64,ahash,128,iter-back,hashlink,0,1.170704
u64,ahash,128,iter-back,baseline,1,37.526998
u64,ahash,128,iter-back,quick_cache,1,20.973154
u64,ahash,128,iter-back,lru,1,1.333608
u64,ahash,128,iter-back,hashlink,1,1.223922
u64,ahash,128,iter-back,micro,1,42.273092
u64,ahash,128,iter-back,quick_cache,2,23.367088
u64,ahash,128,iter-back,lru,2,1.570194
u64,ahash,128,iter-back,hashlink,2,2.542856
u64,ahash,128,iter-back,micro,2,45.302455
u64,ahash,128,iter-back,baseline,2,40.928388
u64,ahash,128,iter-back,lru,3,1.465096
u64,ahash,128,iter-back,hashlink,3,1.254164
u64,ahash,128,iter-back,micro,3,62.266559
u64,ahash,128,iter-back,baseline,3,43.090217
u64,ahash,128,iter-back,quick_cache,3,22.845471
u64,ahash,128,iter-back,hashlink,4,1.210771
u64,ahash,128,iter-back,micro,4,40.802573
u64,ahash,128,iter-back,baseline,4,45.996306
u64,ahash,128,iter-back,quick_cache,4,29.673497
u64,ahash,128,iter-back,lru,4,1.330051
u64,ahash,128,iter-empty,micro,0,38.361382
u64,ahash,128,iter-empty,baseline,0,39.999627
u64,ahash,128,iter-empty,quick_cache,0,22.152647
u64,ahash,128,iter-empty,lru,0,1.328671
u64,ahash,128,iter-empty,hashlink,0,1.252990
u64,ahash,128,iter-empty,baseline,1,40.899504
u64,ahash,128,iter-empty,quick_cache,1,21.651869
u64,ahash,128,iter-empty,lru,1,1.060700
u64,ahash,128,iter-empty,hashlink,1,1.157465
u64,ahash,128,iter-empty,micro,1,62.097289
u64,ahash,128,iter-empty,quick_cache,2,22.071382
u64,ahash,128,iter-empty,lru,2,1.023338
u64,ahash,128,iter-empty,hashlink,2,1.069998
u64,ahash,128,iter-empty,micro,2,41.015051
u64,ahash,128,iter-empty,baseline,2,59.148756
u64,ahash,128,iter-empty,lru,3,1.207247
u64,ahash,128,iter-empty,hashlink,3,1.269895
u64,ahash,128,iter-empty,micro,3,39.347723
u64,ahash,128,iter-empty,baseline,3,40.264505
u64,ahash,128,iter-empty,quick_cache,3,22.888951
u64,ahash,128,iter-empty,hashlink,4,1.297111
u64,ahash,128,iter-empty,micro,4,40.911104
u64,ahash,128,iter-empty,baseline,4,38.682730
u64,ahash,128,iter-empty,quick_cache,4,22.031705
u64,ahash,128,iter-empty,lru,4,1.053714
u64,ahash,128,iter-count,micro,0,56.573317
u64,ahash,128,iter-count,baseline,0,45.445479
u64,ahash,128,iter-count,quick_cache,0,58.376749
u64,ahash,128,iter-count,lru,0,0.398906
u64,ahash,128,iter-count,hashlink,0,0.416146
u64,ahash,128,iter-count,baseline,1,49.646564
u64,ahash,128,iter-count,quick_cache,1,69.484259
u64,ahash,128,iter-count,lru,1,0.415735
u64,ahash,128,iter-count,hashlink,1,0.404059
u64,ahash,128,iter-count,micro,1,44.121534
u64,ahash,128,iter-count,quick_cache,2,58.851738
u64,ahash,128,iter-count,lru,2,0.574364
u64,ahash,128,iter-count,hashlink,2,0.431134
u64,ahash,128,iter-count,micro,2,41.195518
u64,ahash,128,iter-count,baseline,2,44.752281
u64,ahash,128,iter-count,lru,3,0.467124
u64,ahash,128,iter-count,hashlink,3,0.606121
u64,ahash,128,iter-count,micro,3,53.564533
u64,ahash,128,iter-count,baseline,3,43.829141
u64,ahash,128,iter-count,quick_cache,3,57.332965
u64,ahash,128,iter-count,hashlink,4,0.433616
u64,ahash,128,iter-count,micro,4,45.079627
u64,ahash,128,iter-count,baseline,4,64.250342
u64,ahash,128,iter-count,quick_cache,4,61.142822
u64,ahash,128,iter-count,lru,4,0.409600
u64,ahash,1024,get-hit,micro,0,2.049110
u64,ahash,1024,get-hit,baseline,0,2.100801
u64,ahash,1024,get-hit,quick_cache,0,2.787388
u64,ahash,1024,get-hit,lru,0,4.362863
u64,ahash,1024,get-hit,hashlink,0,3.581717
u64,ahash,1024,get-hit,baseline,1,2.077092
u64,ahash,1024,get-hit,quick_cache,1,2.217243
u64,ahash,1024,get-hit,lru,1,3.728847
u64,ahash,1024,get-hit,hashlink,1,4.965223
u64,ahash,1024,get-hit,micro,1,2.110069
u64,ahash,1024,get-hit,quick_cache,2,2.200859
u64,ahash,1024,get-hit,lru,2,3.742192
u64,ahash,1024,get-hit,hashlink,2,3.563396
u64,ahash,1024,get-hit,micro,2,2.822604
u64,ahash,1024,get-hit,baseline,2,2.403010
u64,ahash,1024,get-hit,lru,3,3.809821
u64,ahash,1024,get-hit,hashlink,3,3.535588
u64,ahash,1024,get-hit,micro,3,2.098127
u64,ahash,1024,get-hit,baseline,3,2.078615
u64,ahash,1024,get-hit,quick_cache,3,2.580455
u64,ahash,1024,get-hit,hashlink,4,3.457363
u64,ahash,1024,get-hit,micro,4,2.042728
u64,ahash,1024,get-hit,baseline,4,2.038292
u64,ahash,1024,get-hit,quick_cache,4,2.152857
u64,ahash,1024,get-hit,lru,4,3.890027
u64,ahash,1024,get-miss,micro,0,1.785550
u64,ahash,1024,get-miss,baseline,0,1.659042
u64,ahash,1024,get-miss,quick_cache,0,1.567482
u64,ahash,1024,get-miss,lru,0,2.099842
u64,ahash,1024,get-miss,hashlink,0,1.661224
u64,ahash,1024,get-miss,baseline,1,1.723097
u64,ahash,1024,get-miss,quick_cache,1,1.546181
u64,ahash,1024,get-miss,lru,1,2.098853
u64,ahash,1024,get-miss,hashlink,1,1.548778
u64,ahash,1024,get-miss,micro,1,1.765080
u64,ahash,1024,get-miss,quick_cache,2,1.773042
u64,ahash,1024,get-miss,lru,2,2.112465
u64,ahash,1024,get-miss,hashlink,2,1.523663
u64,ahash,1024,get-miss,micro,2,1.765716
u64,ahash,1024,get-miss,baseline,2,1.642954
u64,ahash,1024,get-miss,lru,3,2.109600
u64,ahash,1024,get-miss,hashlink,3,1.531919
u64,ahash,1024,get-miss,micro,3,1.783772
u64,ahash,1024,get-miss,baseline,3,1.720279
u64,ahash,1024,get-miss,quick_cache,3,1.585094
u64,ahash,1024,get-miss,hashlink,4,1.548799
u64,ahash,1024,get-miss,micro,4,1.799066
u64,ahash,1024,get-miss,baseline,4,1.772182
u64,ahash,1024,get-miss,quick_cache,4,1.700954
u64,ahash,1024,get-miss,lru,4,2.112056
u64,ahash,1024,update,micro,0,1.993567
u64,ahash,1024,update,baseline,0,2.677565
u64,ahash,1024,update,quick_cache,0,4.275182
u64,ahash,1024,update,lru,0,3.336080
u64,ahash,1024,update,hashlink,0,3.791467
u64,ahash,1024,update,baseline,1,2.119531
u64,ahash,1024,update,quick_cache,1,3.485482
u64,ahash,1024,update,lru,1,5.330404
u64,ahash,1024,update,hashlink,1,3.914096
u64,ahash,1024,update,micro,1,2.073241
u64,ahash,1024,update,quick_cache,2,3.576136
u64,ahash,1024,update,lru,2,3.325361
u64,ahash,1024,update,hashlink,2,4.910957
u64,ahash,1024,update,micro,2,2.180130
u64,ahash,1024,update,baseline,2,2.059451
u64,ahash,1024,update,lru,3,3.391091
u64,ahash,1024,update,hashlink,3,3.819412
u64,ahash,1024,update,micro,3,2.006572
u64,ahash,1024,update,baseline,3,2.048315
u64,ahash,1024,update,quick_cache,3,3.519452
u64,ahash,1024,update,hashlink,4,3.923998
u64,ahash,1024,update,micro,4,1.963515
u64,ahash,1024,update,baseline,4,1.990186
u64,ahash,1024,update,quick_cache,4,3.446394
u64,ahash,1024,update,lru,4,3.331224
u64,ahash,1024,insert-cycle,micro,0,11.523563
u64,ahash,1024,insert-cycle,baseline,0,11.701470
u64,ahash,1024,insert-cycle,quick_cache,0,8.337888
u64,ahash,1024,insert-cycle,lru,0,15.983250
u64,ahash,1024,insert-cycle,hashlink,0,17.416561
u64,ahash,1024,insert-cycle,baseline,1,11.418938
u64,ahash,1024,insert-cycle,quick_cache,1,8.055857
u64,ahash,1024,insert-cycle,lru,1,15.791042
u64,ahash,1024,insert-cycle,hashlink,1,17.162473
u64,ahash,1024,insert-cycle,micro,1,12.072954
u64,ahash,1024,insert-cycle,quick_cache,2,8.074860
u64,ahash,1024,insert-cycle,lru,2,15.324910
u64,ahash,1024,insert-cycle,hashlink,2,17.078727
u64,ahash,1024,insert-cycle,micro,2,10.813545
u64,ahash,1024,insert-cycle,baseline,2,11.158336
u64,ahash,1024,insert-cycle,lru,3,15.384883
u64,ahash,1024,insert-cycle,hashlink,3,17.079431
u64,ahash,1024,insert-cycle,micro,3,10.390119
u64,ahash,1024,insert-cycle,baseline,3,10.757780
u64,ahash,1024,insert-cycle,quick_cache,3,8.192124
u64,ahash,1024,insert-cycle,hashlink,4,17.304303
u64,ahash,1024,insert-cycle,micro,4,10.526385
u64,ahash,1024,insert-cycle,baseline,4,10.861545
u64,ahash,1024,insert-cycle,quick_cache,4,8.291816
u64,ahash,1024,insert-cycle,lru,4,15.767636
u64,ahash,1024,mixed-95,micro,0,2.812246
u64,ahash,1024,mixed-95,baseline,0,2.670527
u64,ahash,1024,mixed-95,quick_cache,0,5.391816
u64,ahash,1024,mixed-95,lru,0,3.255606
u64,ahash,1024,mixed-95,hashlink,0,3.195326
u64,ahash,1024,mixed-95,baseline,1,2.990723
u64,ahash,1024,mixed-95,quick_cache,1,5.465130
u64,ahash,1024,mixed-95,lru,1,3.320932
u64,ahash,1024,mixed-95,hashlink,1,3.203034
u64,ahash,1024,mixed-95,micro,1,2.773345
u64,ahash,1024,mixed-95,quick_cache,2,5.410353
u64,ahash,1024,mixed-95,lru,2,3.425658
u64,ahash,1024,mixed-95,hashlink,2,3.199061
u64,ahash,1024,mixed-95,micro,2,2.761860
u64,ahash,1024,mixed-95,baseline,2,2.790153
u64,ahash,1024,mixed-95,lru,3,3.310919
u64,ahash,1024,mixed-95,hashlink,3,3.290018
u64,ahash,1024,mixed-95,micro,3,2.743205
u64,ahash,1024,mixed-95,baseline,3,2.701203
u64,ahash,1024,mixed-95,quick_cache,3,5.438010
u64,ahash,1024,mixed-95,hashlink,4,3.218452
u64,ahash,1024,mixed-95,micro,4,2.713720
u64,ahash,1024,mixed-95,baseline,4,2.687832
u64,ahash,1024,mixed-95,quick_cache,4,5.496562
u64,ahash,1024,mixed-95,lru,4,3.300786
u64,ahash,1024,load-hit,micro,0,2.306444
u64,ahash,1024,load-hit,baseline,0,2.418484
u64,ahash,1024,load-hit,quick_cache,0,3.304009
u64,ahash,1024,load-hit,lru,0,3.334924
u64,ahash,1024,load-hit,hashlink,0,3.301672
u64,ahash,1024,load-hit,baseline,1,2.258956
u64,ahash,1024,load-hit,quick_cache,1,3.172470
u64,ahash,1024,load-hit,lru,1,3.310882
u64,ahash,1024,load-hit,hashlink,1,3.280367
u64,ahash,1024,load-hit,micro,1,2.303630
u64,ahash,1024,load-hit,quick_cache,2,3.177117
u64,ahash,1024,load-hit,lru,2,3.557471
u64,ahash,1024,load-hit,hashlink,2,3.233302
u64,ahash,1024,load-hit,micro,2,2.270451
u64,ahash,1024,load-hit,baseline,2,2.292506
u64,ahash,1024,load-hit,lru,3,3.319955
u64,ahash,1024,load-hit,hashlink,3,3.467967
u64,ahash,1024,load-hit,micro,3,2.345221
u64,ahash,1024,load-hit,baseline,3,2.292092
u64,ahash,1024,load-hit,quick_cache,3,3.243190
u64,ahash,1024,load-hit,hashlink,4,3.355824
u64,ahash,1024,load-hit,micro,4,2.285438
u64,ahash,1024,load-hit,baseline,4,2.477526
u64,ahash,1024,load-hit,quick_cache,4,3.253498
u64,ahash,1024,load-hit,lru,4,3.539746
u64,ahash,1024,load-cycle,micro,0,14.379562
u64,ahash,1024,load-cycle,baseline,0,14.023940
u64,ahash,1024,load-cycle,quick_cache,0,11.764973
u64,ahash,1024,load-cycle,lru,0,23.485615
u64,ahash,1024,load-cycle,hashlink,0,21.912532
u64,ahash,1024,load-cycle,baseline,1,11.393543
u64,ahash,1024,load-cycle,quick_cache,1,9.197488
u64,ahash,1024,load-cycle,lru,1,18.670064
u64,ahash,1024,load-cycle,hashlink,1,23.847680
u64,ahash,1024,load-cycle,micro,1,16.384326
u64,ahash,1024,load-cycle,quick_cache,2,8.917300
u64,ahash,1024,load-cycle,lru,2,16.613221
u64,ahash,1024,load-cycle,hashlink,2,20.719857
u64,ahash,1024,load-cycle,micro,2,14.520725
u64,ahash,1024,load-cycle,baseline,2,14.315411
u64,ahash,1024,load-cycle,lru,3,17.255474
u64,ahash,1024,load-cycle,hashlink,3,19.644642
u64,ahash,1024,load-cycle,micro,3,11.540127
u64,ahash,1024,load-cycle,baseline,3,15.044543
u64,ahash,1024,load-cycle,quick_cache,3,9.822591
u64,ahash,1024,load-cycle,hashlink,4,20.410604
u64,ahash,1024,load-cycle,micro,4,11.887747
u64,ahash,1024,load-cycle,baseline,4,11.526108
u64,ahash,1024,load-cycle,quick_cache,4,8.950829
u64,ahash,1024,load-cycle,lru,4,24.930962
u64,ahash,1024,clear-refill,micro,0,5548.445471
u64,ahash,1024,clear-refill,baseline,0,5210.866319
u64,ahash,1024,clear-refill,quick_cache,0,6262.239583
u64,ahash,1024,clear-refill,lru,0,26088.773913
u64,ahash,1024,clear-refill,hashlink,0,24961.065574
u64,ahash,1024,clear-refill,baseline,1,6142.126789
u64,ahash,1024,clear-refill,quick_cache,1,6257.464583
u64,ahash,1024,clear-refill,lru,1,23245.830769
u64,ahash,1024,clear-refill,hashlink,1,16632.364641
u64,ahash,1024,clear-refill,micro,1,5335.776199
u64,ahash,1024,clear-refill,quick_cache,2,8485.050847
u64,ahash,1024,clear-refill,lru,2,25929.603448
u64,ahash,1024,clear-refill,hashlink,2,16335.141304
u64,ahash,1024,clear-refill,micro,2,5280.316344
u64,ahash,1024,clear-refill,baseline,2,5387.940754
u64,ahash,1024,clear-refill,lru,3,33029.758242
u64,ahash,1024,clear-refill,hashlink,3,16146.951613
u64,ahash,1024,clear-refill,micro,3,5288.804577
u64,ahash,1024,clear-refill,baseline,3,5199.523397
u64,ahash,1024,clear-refill,quick_cache,3,6318.947368
u64,ahash,1024,clear-refill,hashlink,4,16072.691489
u64,ahash,1024,clear-refill,micro,4,7617.913706
u64,ahash,1024,clear-refill,baseline,4,5334.518650
u64,ahash,1024,clear-refill,quick_cache,4,6183.555556
u64,ahash,1024,clear-refill,lru,4,23757.874016
u64,ahash,1024,clear-empty,micro,0,64.469134
u64,ahash,1024,clear-empty,baseline,0,83.455701
u64,ahash,1024,clear-empty,quick_cache,0,1.926926
u64,ahash,1024,clear-empty,lru,0,0.625802
u64,ahash,1024,clear-empty,hashlink,0,0.646632
u64,ahash,1024,clear-empty,baseline,1,60.111178
u64,ahash,1024,clear-empty,quick_cache,1,2.893446
u64,ahash,1024,clear-empty,lru,1,0.745309
u64,ahash,1024,clear-empty,hashlink,1,0.629566
u64,ahash,1024,clear-empty,micro,1,57.165434
u64,ahash,1024,clear-empty,quick_cache,2,1.979821
u64,ahash,1024,clear-empty,lru,2,0.612721
u64,ahash,1024,clear-empty,hashlink,2,0.848508
u64,ahash,1024,clear-empty,micro,2,67.271205
u64,ahash,1024,clear-empty,baseline,2,57.641908
u64,ahash,1024,clear-empty,lru,3,0.593324
u64,ahash,1024,clear-empty,hashlink,3,0.633891
u64,ahash,1024,clear-empty,micro,3,70.635072
u64,ahash,1024,clear-empty,baseline,3,62.585709
u64,ahash,1024,clear-empty,quick_cache,3,1.870641
u64,ahash,1024,clear-empty,hashlink,4,0.616104
u64,ahash,1024,clear-empty,micro,4,59.798669
u64,ahash,1024,clear-empty,baseline,4,55.466742
u64,ahash,1024,clear-empty,quick_cache,4,2.072482
u64,ahash,1024,clear-empty,lru,4,0.618338
u64,ahash,1024,iter-dense,micro,0,281.902965
u64,ahash,1024,iter-dense,baseline,0,281.429360
u64,ahash,1024,iter-dense,quick_cache,0,252.327621
u64,ahash,1024,iter-dense,lru,0,1471.557617
u64,ahash,1024,iter-dense,hashlink,0,1468.342773
u64,ahash,1024,iter-dense,baseline,1,273.900601
u64,ahash,1024,iter-dense,quick_cache,1,255.878917
u64,ahash,1024,iter-dense,lru,1,1486.077404
u64,ahash,1024,iter-dense,hashlink,1,1348.642411
u64,ahash,1024,iter-dense,micro,1,280.918600
u64,ahash,1024,iter-dense,quick_cache,2,254.156758
u64,ahash,1024,iter-dense,lru,2,1268.915541
u64,ahash,1024,iter-dense,hashlink,2,1375.679348
u64,ahash,1024,iter-dense,micro,2,293.257715
u64,ahash,1024,iter-dense,baseline,2,287.179090
u64,ahash,1024,iter-dense,lru,3,1425.564394
u64,ahash,1024,iter-dense,hashlink,3,1368.584239
u64,ahash,1024,iter-dense,micro,3,292.834891
u64,ahash,1024,iter-dense,baseline,3,287.143157
u64,ahash,1024,iter-dense,quick_cache,3,270.304215
u64,ahash,1024,iter-dense,hashlink,4,1519.384577
u64,ahash,1024,iter-dense,micro,4,297.821627
u64,ahash,1024,iter-dense,baseline,4,293.944259
u64,ahash,1024,iter-dense,quick_cache,4,266.412908
u64,ahash,1024,iter-dense,lru,4,1466.695312
u64,ahash,1024,iter-dense-for,micro,0,303.587682
u64,ahash,1024,iter-dense-for,baseline,0,306.525735
u64,ahash,1024,iter-dense-for,quick_cache,0,555.280695
u64,ahash,1024,iter-dense-for,lru,0,846.635698
u64,ahash,1024,iter-dense-for,hashlink,0,1002.673537
u64,ahash,1024,iter-dense-for,baseline,1,294.029976
u64,ahash,1024,iter-dense-for,quick_cache,1,500.429521
u64,ahash,1024,iter-dense-for,lru,1,852.367330
u64,ahash,1024,iter-dense-for,hashlink,1,1051.128472
u64,ahash,1024,iter-dense-for,micro,1,319.606250
u64,ahash,1024,iter-dense-for,quick_cache,2,299.970048
u64,ahash,1024,iter-dense-for,lru,2,892.283314
u64,ahash,1024,iter-dense-for,hashlink,2,1035.513736
u64,ahash,1024,iter-dense-for,micro,2,290.807953
u64,ahash,1024,iter-dense-for,baseline,2,280.060634
u64,ahash,1024,iter-dense-for,lru,3,893.880307
u64,ahash,1024,iter-dense-for,hashlink,3,1096.157340
u64,ahash,1024,iter-dense-for,micro,3,287.896281
u64,ahash,1024,iter-dense-for,baseline,3,283.964313
u64,ahash,1024,iter-dense-for,quick_cache,3,276.114430
u64,ahash,1024,iter-dense-for,hashlink,4,937.487005
u64,ahash,1024,iter-dense-for,micro,4,273.456450
u64,ahash,1024,iter-dense-for,baseline,4,285.468845
u64,ahash,1024,iter-dense-for,quick_cache,4,427.035937
u64,ahash,1024,iter-dense-for,lru,4,795.462659
u64,ahash,1024,iter-density-1pct,micro,0,309.351871
u64,ahash,1024,iter-density-1pct,baseline,0,325.146843
u64,ahash,1024,iter-density-1pct,quick_cache,0,172.858195
u64,ahash,1024,iter-density-1pct,lru,0,4.383299
u64,ahash,1024,iter-density-1pct,hashlink,0,4.306564
u64,ahash,1024,iter-density-1pct,baseline,1,305.709691
u64,ahash,1024,iter-density-1pct,quick_cache,1,171.970410
u64,ahash,1024,iter-density-1pct,lru,1,4.447107
u64,ahash,1024,iter-density-1pct,hashlink,1,4.312250
u64,ahash,1024,iter-density-1pct,micro,1,312.977396
u64,ahash,1024,iter-density-1pct,quick_cache,2,169.287286
u64,ahash,1024,iter-density-1pct,lru,2,4.386435
u64,ahash,1024,iter-density-1pct,hashlink,2,4.256780
u64,ahash,1024,iter-density-1pct,micro,2,302.591532
u64,ahash,1024,iter-density-1pct,baseline,2,300.885617
u64,ahash,1024,iter-density-1pct,lru,3,4.286694
u64,ahash,1024,iter-density-1pct,hashlink,3,4.249061
u64,ahash,1024,iter-density-1pct,micro,3,305.161019
u64,ahash,1024,iter-density-1pct,baseline,3,300.015775
u64,ahash,1024,iter-density-1pct,quick_cache,3,164.645011
u64,ahash,1024,iter-density-1pct,hashlink,4,4.290087
u64,ahash,1024,iter-density-1pct,micro,4,303.920611
u64,ahash,1024,iter-density-1pct,baseline,4,298.570959
u64,ahash,1024,iter-density-1pct,quick_cache,4,164.324704
u64,ahash,1024,iter-density-1pct,lru,4,4.250795
u64,ahash,1024,iter-density-6pct,micro,0,298.940088
u64,ahash,1024,iter-density-6pct,baseline,0,294.979167
u64,ahash,1024,iter-density-6pct,quick_cache,0,164.425077
u64,ahash,1024,iter-density-6pct,lru,0,51.233777
u64,ahash,1024,iter-density-6pct,hashlink,0,50.722806
u64,ahash,1024,iter-density-6pct,baseline,1,295.728577
u64,ahash,1024,iter-density-6pct,quick_cache,1,164.404553
u64,ahash,1024,iter-density-6pct,lru,1,51.337866
u64,ahash,1024,iter-density-6pct,hashlink,1,51.380565
u64,ahash,1024,iter-density-6pct,micro,1,310.140780
u64,ahash,1024,iter-density-6pct,quick_cache,2,166.417332
u64,ahash,1024,iter-density-6pct,lru,2,53.648366
u64,ahash,1024,iter-density-6pct,hashlink,2,50.995786
u64,ahash,1024,iter-density-6pct,micro,2,302.087520
u64,ahash,1024,iter-density-6pct,baseline,2,288.375575
u64,ahash,1024,iter-density-6pct,lru,3,50.686943
u64,ahash,1024,iter-density-6pct,hashlink,3,50.606280
u64,ahash,1024,iter-density-6pct,micro,3,282.379518
u64,ahash,1024,iter-density-6pct,baseline,3,282.461879
u64,ahash,1024,iter-density-6pct,quick_cache,3,164.155868
u64,ahash,1024,iter-density-6pct,hashlink,4,51.011493
u64,ahash,1024,iter-density-6pct,micro,4,281.949887
u64,ahash,1024,iter-density-6pct,baseline,4,281.316243
u64,ahash,1024,iter-density-6pct,quick_cache,4,164.242612
u64,ahash,1024,iter-density-6pct,lru,4,50.948177
u64,ahash,1024,iter-density-quarter,micro,0,256.368084
u64,ahash,1024,iter-density-quarter,baseline,0,258.102249
u64,ahash,1024,iter-density-quarter,quick_cache,0,195.163591
u64,ahash,1024,iter-density-quarter,lru,0,295.683471
u64,ahash,1024,iter-density-quarter,hashlink,0,325.963867
u64,ahash,1024,iter-density-quarter,baseline,1,260.380540
u64,ahash,1024,iter-density-quarter,quick_cache,1,197.161699
u64,ahash,1024,iter-density-quarter,lru,1,318.304237
u64,ahash,1024,iter-density-quarter,hashlink,1,321.645762
u64,ahash,1024,iter-density-quarter,micro,1,271.510748
u64,ahash,1024,iter-density-quarter,quick_cache,2,235.236529
u64,ahash,1024,iter-density-quarter,lru,2,371.068058
u64,ahash,1024,iter-density-quarter,hashlink,2,353.021264
u64,ahash,1024,iter-density-quarter,micro,2,346.541513
u64,ahash,1024,iter-density-quarter,baseline,2,271.077944
u64,ahash,1024,iter-density-quarter,lru,3,305.093344
u64,ahash,1024,iter-density-quarter,hashlink,3,295.167551
u64,ahash,1024,iter-density-quarter,micro,3,263.946190
u64,ahash,1024,iter-density-quarter,baseline,3,269.020147
u64,ahash,1024,iter-density-quarter,quick_cache,3,200.771748
u64,ahash,1024,iter-density-quarter,hashlink,4,290.848297
u64,ahash,1024,iter-density-quarter,micro,4,256.257770
u64,ahash,1024,iter-density-quarter,baseline,4,260.637326
u64,ahash,1024,iter-density-quarter,quick_cache,4,200.109941
u64,ahash,1024,iter-density-quarter,lru,4,336.469534
u64,ahash,1024,iter-density-half,micro,0,260.756684
u64,ahash,1024,iter-density-half,baseline,0,261.871083
u64,ahash,1024,iter-density-half,quick_cache,0,229.475474
u64,ahash,1024,iter-density-half,lru,0,627.291667
u64,ahash,1024,iter-density-half,hashlink,0,711.361506
u64,ahash,1024,iter-density-half,baseline,1,260.416667
u64,ahash,1024,iter-density-half,quick_cache,1,239.633131
u64,ahash,1024,iter-density-half,lru,1,661.192342
u64,ahash,1024,iter-density-half,hashlink,1,694.772454
u64,ahash,1024,iter-density-half,micro,1,292.465829
u64,ahash,1024,iter-density-half,quick_cache,2,364.012960
u64,ahash,1024,iter-density-half,lru,2,816.508152
u64,ahash,1024,iter-density-half,hashlink,2,785.644531
u64,ahash,1024,iter-density-half,micro,2,277.048027
u64,ahash,1024,iter-density-half,baseline,2,278.471996
u64,ahash,1024,iter-density-half,lru,3,988.349671
u64,ahash,1024,iter-density-half,hashlink,3,733.571289
u64,ahash,1024,iter-density-half,micro,3,273.350472
u64,ahash,1024,iter-density-half,baseline,3,262.769170
u64,ahash,1024,iter-density-half,quick_cache,3,238.509280
u64,ahash,1024,iter-density-half,hashlink,4,715.721828
u64,ahash,1024,iter-density-half,micro,4,334.389902
u64,ahash,1024,iter-density-half,baseline,4,286.164539
u64,ahash,1024,iter-density-half,quick_cache,4,226.543629
u64,ahash,1024,iter-density-half,lru,4,690.171186
u64,ahash,1024,iter-front,micro,0,279.703776
u64,ahash,1024,iter-front,baseline,0,354.171580
u64,ahash,1024,iter-front,quick_cache,0,189.048891
u64,ahash,1024,iter-front,lru,0,1.260521
u64,ahash,1024,iter-front,hashlink,0,1.228880
u64,ahash,1024,iter-front,baseline,1,267.798878
u64,ahash,1024,iter-front,quick_cache,1,197.599396
u64,ahash,1024,iter-front,lru,1,1.473200
u64,ahash,1024,iter-front,hashlink,1,1.261777
u64,ahash,1024,iter-front,micro,1,258.091518
u64,ahash,1024,iter-front,quick_cache,2,175.730044
u64,ahash,1024,iter-front,lru,2,1.249450
u64,ahash,1024,iter-front,hashlink,2,1.527146
u64,ahash,1024,iter-front,micro,2,290.550019
u64,ahash,1024,iter-front,baseline,2,295.934444
u64,ahash,1024,iter-front,lru,3,1.292248
u64,ahash,1024,iter-front,hashlink,3,1.420648
u64,ahash,1024,iter-front,micro,3,306.559743
u64,ahash,1024,iter-front,baseline,3,284.296023
u64,ahash,1024,iter-front,quick_cache,3,170.919228
u64,ahash,1024,iter-front,hashlink,4,1.232482
u64,ahash,1024,iter-front,micro,4,279.378255
u64,ahash,1024,iter-front,baseline,4,273.877824
u64,ahash,1024,iter-front,quick_cache,4,187.138723
u64,ahash,1024,iter-front,lru,4,1.247256
u64,ahash,1024,iter-back,micro,0,265.850035
u64,ahash,1024,iter-back,baseline,0,265.485258
u64,ahash,1024,iter-back,quick_cache,0,166.534858
u64,ahash,1024,iter-back,lru,0,1.283877
u64,ahash,1024,iter-back,hashlink,0,1.207558
u64,ahash,1024,iter-back,baseline,1,266.342596
u64,ahash,1024,iter-back,quick_cache,1,163.651178
u64,ahash,1024,iter-back,lru,1,1.266481
u64,ahash,1024,iter-back,hashlink,1,1.206812
u64,ahash,1024,iter-back,micro,1,268.856017
u64,ahash,1024,iter-back,quick_cache,2,162.296334
u64,ahash,1024,iter-back,lru,2,1.218229
u64,ahash,1024,iter-back,hashlink,2,1.171011
u64,ahash,1024,iter-back,micro,2,267.750623
u64,ahash,1024,iter-back,baseline,2,272.918968
u64,ahash,1024,iter-back,lru,3,1.322322
u64,ahash,1024,iter-back,hashlink,3,1.220242
u64,ahash,1024,iter-back,micro,3,272.763717
u64,ahash,1024,iter-back,baseline,3,272.335417
u64,ahash,1024,iter-back,quick_cache,3,167.007284
u64,ahash,1024,iter-back,hashlink,4,1.215323
u64,ahash,1024,iter-back,micro,4,259.632510
u64,ahash,1024,iter-back,baseline,4,257.748288
u64,ahash,1024,iter-back,quick_cache,4,161.646929
u64,ahash,1024,iter-back,lru,4,1.198665
u64,ahash,1024,iter-empty,micro,0,262.057001
u64,ahash,1024,iter-empty,baseline,0,248.301753
u64,ahash,1024,iter-empty,quick_cache,0,165.564374
u64,ahash,1024,iter-empty,lru,0,1.002020
u64,ahash,1024,iter-empty,hashlink,0,1.017440
u64,ahash,1024,iter-empty,baseline,1,269.853089
u64,ahash,1024,iter-empty,quick_cache,1,168.127408
u64,ahash,1024,iter-empty,lru,1,1.004274
u64,ahash,1024,iter-empty,hashlink,1,1.023125
u64,ahash,1024,iter-empty,micro,1,270.656970
u64,ahash,1024,iter-empty,quick_cache,2,165.589616
u64,ahash,1024,iter-empty,lru,2,1.094609
u64,ahash,1024,iter-empty,hashlink,2,1.051634
u64,ahash,1024,iter-empty,micro,2,277.124816
u64,ahash,1024,iter-empty,baseline,2,283.614143
u64,ahash,1024,iter-empty,lru,3,0.991560
u64,ahash,1024,iter-empty,hashlink,3,1.139873
u64,ahash,1024,iter-empty,micro,3,264.293574
u64,ahash,1024,iter-empty,baseline,3,279.556455
u64,ahash,1024,iter-empty,quick_cache,3,176.103717
u64,ahash,1024,iter-empty,hashlink,4,1.043754
u64,ahash,1024,iter-empty,micro,4,264.088204
u64,ahash,1024,iter-empty,baseline,4,287.358276
u64,ahash,1024,iter-empty,quick_cache,4,167.508371
u64,ahash,1024,iter-empty,lru,4,1.001239
u64,ahash,1024,iter-count,micro,0,272.771257
u64,ahash,1024,iter-count,baseline,0,270.899858
u64,ahash,1024,iter-count,quick_cache,0,537.331321
u64,ahash,1024,iter-count,lru,0,0.423273
u64,ahash,1024,iter-count,hashlink,0,0.399118
u64,ahash,1024,iter-count,baseline,1,279.727028
u64,ahash,1024,iter-count,quick_cache,1,508.829753
u64,ahash,1024,iter-count,lru,1,0.400551
u64,ahash,1024,iter-count,hashlink,1,0.420234
u64,ahash,1024,iter-count,micro,1,315.177015
u64,ahash,1024,iter-count,quick_cache,2,520.592731
u64,ahash,1024,iter-count,lru,2,0.397777
u64,ahash,1024,iter-count,hashlink,2,0.403427
u64,ahash,1024,iter-count,micro,2,291.269722
u64,ahash,1024,iter-count,baseline,2,298.494434
u64,ahash,1024,iter-count,lru,3,0.408453
u64,ahash,1024,iter-count,hashlink,3,0.404583
u64,ahash,1024,iter-count,micro,3,289.058498
u64,ahash,1024,iter-count,baseline,3,295.450879
u64,ahash,1024,iter-count,quick_cache,3,661.630208
u64,ahash,1024,iter-count,hashlink,4,0.576613
u64,ahash,1024,iter-count,micro,4,322.943095
u64,ahash,1024,iter-count,baseline,4,309.960012
u64,ahash,1024,iter-count,quick_cache,4,548.036577
u64,ahash,1024,iter-count,lru,4,0.457788
u64,ahash,16384,get-hit,micro,0,3.843891
u64,ahash,16384,get-hit,baseline,0,3.385444
u64,ahash,16384,get-hit,quick_cache,0,3.797604
u64,ahash,16384,get-hit,lru,0,6.712942
u64,ahash,16384,get-hit,hashlink,0,8.367124
u64,ahash,16384,get-hit,baseline,1,3.465616
u64,ahash,16384,get-hit,quick_cache,1,3.769440
u64,ahash,16384,get-hit,lru,1,7.029407
u64,ahash,16384,get-hit,hashlink,1,7.651225
u64,ahash,16384,get-hit,micro,1,4.647170
u64,ahash,16384,get-hit,quick_cache,2,5.873826
u64,ahash,16384,get-hit,lru,2,6.956280
u64,ahash,16384,get-hit,hashlink,2,6.848936
u64,ahash,16384,get-hit,micro,2,3.891848
u64,ahash,16384,get-hit,baseline,2,4.438102
u64,ahash,16384,get-hit,lru,3,6.662550
u64,ahash,16384,get-hit,hashlink,3,7.113824
u64,ahash,16384,get-hit,micro,3,3.909280
u64,ahash,16384,get-hit,baseline,3,3.806254
u64,ahash,16384,get-hit,quick_cache,3,4.601732
u64,ahash,16384,get-hit,hashlink,4,7.261587
u64,ahash,16384,get-hit,micro,4,3.309049
u64,ahash,16384,get-hit,baseline,4,3.511556
u64,ahash,16384,get-hit,quick_cache,4,4.135360
u64,ahash,16384,get-hit,lru,4,7.254608
u64,ahash,16384,get-miss,micro,0,2.212678
u64,ahash,16384,get-miss,baseline,0,2.175325
u64,ahash,16384,get-miss,quick_cache,0,2.068195
u64,ahash,16384,get-miss,lru,0,2.662732
u64,ahash,16384,get-miss,hashlink,0,2.001597
u64,ahash,16384,get-miss,baseline,1,2.122471
u64,ahash,16384,get-miss,quick_cache,1,2.001002
u64,ahash,16384,get-miss,lru,1,2.486461
u64,ahash,16384,get-miss,hashlink,1,1.997547
u64,ahash,16384,get-miss,micro,1,2.160944
u64,ahash,16384,get-miss,quick_cache,2,1.994644
u64,ahash,16384,get-miss,lru,2,2.428640
u64,ahash,16384,get-miss,hashlink,2,1.945859
u64,ahash,16384,get-miss,micro,2,2.119002
u64,ahash,16384,get-miss,baseline,2,2.013098
u64,ahash,16384,get-miss,lru,3,2.404705
u64,ahash,16384,get-miss,hashlink,3,1.881109
u64,ahash,16384,get-miss,micro,3,2.060851
u64,ahash,16384,get-miss,baseline,3,2.038320
u64,ahash,16384,get-miss,quick_cache,3,1.984082
u64,ahash,16384,get-miss,hashlink,4,1.866426
u64,ahash,16384,get-miss,micro,4,2.023377
u64,ahash,16384,get-miss,baseline,4,1.996386
u64,ahash,16384,get-miss,quick_cache,4,1.927855
u64,ahash,16384,get-miss,lru,4,2.376959
u64,ahash,16384,update,micro,0,3.024742
u64,ahash,16384,update,baseline,0,3.299748
u64,ahash,16384,update,quick_cache,0,6.444653
u64,ahash,16384,update,lru,0,6.581260
u64,ahash,16384,update,hashlink,0,7.801462
u64,ahash,16384,update,baseline,1,3.323987
u64,ahash,16384,update,quick_cache,1,6.699072
u64,ahash,16384,update,lru,1,6.532010
u64,ahash,16384,update,hashlink,1,7.624933
u64,ahash,16384,update,micro,1,3.635520
u64,ahash,16384,update,quick_cache,2,6.583714
u64,ahash,16384,update,lru,2,6.621316
u64,ahash,16384,update,hashlink,2,12.476603
u64,ahash,16384,update,micro,2,20.362854
u64,ahash,16384,update,baseline,2,17.683245
u64,ahash,16384,update,lru,3,65.757126
u64,ahash,16384,update,hashlink,3,37.348425
u64,ahash,16384,update,micro,3,13.879092
u64,ahash,16384,update,baseline,3,44.999728
u64,ahash,16384,update,quick_cache,3,16.101038
u64,ahash,16384,update,hashlink,4,14.534260
u64,ahash,16384,update,micro,4,4.663074
u64,ahash,16384,update,baseline,4,7.950912
u64,ahash,16384,update,quick_cache,4,13.082594
u64,ahash,16384,update,lru,4,17.933919
u64,ahash,16384,insert-cycle,micro,0,40.743093
u64,ahash,16384,insert-cycle,baseline,0,37.286550
u64,ahash,16384,insert-cycle,quick_cache,0,12.502514
u64,ahash,16384,insert-cycle,lru,0,28.464951
u64,ahash,16384,insert-cycle,hashlink,0,27.476631
u64,ahash,16384,insert-cycle,baseline,1,30.573527
u64,ahash,16384,insert-cycle,quick_cache,1,12.506325
u64,ahash,16384,insert-cycle,lru,1,30.077621
u64,ahash,16384,insert-cycle,hashlink,1,28.726257
u64,ahash,16384,insert-cycle,micro,1,31.584422
u64,ahash,16384,insert-cycle,quick_cache,2,11.524677
u64,ahash,16384,insert-cycle,lru,2,28.712906
u64,ahash,16384,insert-cycle,hashlink,2,27.754143
u64,ahash,16384,insert-cycle,micro,2,29.339790
u64,ahash,16384,insert-cycle,baseline,2,27.549744
u64,ahash,16384,insert-cycle,lru,3,28.842926
u64,ahash,16384,insert-cycle,hashlink,3,29.663727
u64,ahash,16384,insert-cycle,micro,3,29.136024
u64,ahash,16384,insert-cycle,baseline,3,27.699471
u64,ahash,16384,insert-cycle,quick_cache,3,11.810780
u64,ahash,16384,insert-cycle,hashlink,4,33.628672
u64,ahash,16384,insert-cycle,micro,4,28.271362
u64,ahash,16384,insert-cycle,baseline,4,27.648293
u64,ahash,16384,insert-cycle,quick_cache,4,11.070818
u64,ahash,16384,insert-cycle,lru,4,32.405009
u64,ahash,16384,mixed-95,micro,0,4.463772
u64,ahash,16384,mixed-95,baseline,0,4.172961
u64,ahash,16384,mixed-95,quick_cache,0,4.839957
u64,ahash,16384,mixed-95,lru,0,6.669720
u64,ahash,16384,mixed-95,hashlink,0,7.183671
u64,ahash,16384,mixed-95,baseline,1,4.854401
u64,ahash,16384,mixed-95,quick_cache,1,5.118926
u64,ahash,16384,mixed-95,lru,1,6.662985
u64,ahash,16384,mixed-95,hashlink,1,6.885568
u64,ahash,16384,mixed-95,micro,1,4.119674
u64,ahash,16384,mixed-95,quick_cache,2,4.938245
u64,ahash,16384,mixed-95,lru,2,6.770213
u64,ahash,16384,mixed-95,hashlink,2,6.834686
u64,ahash,16384,mixed-95,micro,2,4.103005
u64,ahash,16384,mixed-95,baseline,2,4.745483
u64,ahash,16384,mixed-95,lru,3,6.845454
u64,ahash,16384,mixed-95,hashlink,3,6.943445
u64,ahash,16384,mixed-95,micro,3,4.355867
u64,ahash,16384,mixed-95,baseline,3,4.621049
u64,ahash,16384,mixed-95,quick_cache,3,4.978021
u64,ahash,16384,mixed-95,hashlink,4,6.718536
u64,ahash,16384,mixed-95,micro,4,4.312853
u64,ahash,16384,mixed-95,baseline,4,4.375080
u64,ahash,16384,mixed-95,quick_cache,4,4.789948
u64,ahash,16384,mixed-95,lru,4,6.671309
u64,ahash,16384,load-hit,micro,0,4.209321
u64,ahash,16384,load-hit,baseline,0,4.107045
u64,ahash,16384,load-hit,quick_cache,0,6.463302
u64,ahash,16384,load-hit,lru,0,6.584257
u64,ahash,16384,load-hit,hashlink,0,6.797696
u64,ahash,16384,load-hit,baseline,1,4.168539
u64,ahash,16384,load-hit,quick_cache,1,6.398168
u64,ahash,16384,load-hit,lru,1,6.556285
u64,ahash,16384,load-hit,hashlink,1,6.826520
u64,ahash,16384,load-hit,micro,1,4.087377
u64,ahash,16384,load-hit,quick_cache,2,6.416761
u64,ahash,16384,load-hit,lru,2,6.691486
u64,ahash,16384,load-hit,hashlink,2,6.922787
u64,ahash,16384,load-hit,micro,2,4.200270
u64,ahash,16384,load-hit,baseline,2,4.334991
u64,ahash,16384,load-hit,lru,3,6.614321
u64,ahash,16384,load-hit,hashlink,3,6.776474
u64,ahash,16384,load-hit,micro,3,4.139360
u64,ahash,16384,load-hit,baseline,3,4.167442
u64,ahash,16384,load-hit,quick_cache,3,6.321260
u64,ahash,16384,load-hit,hashlink,4,6.794777
u64,ahash,16384,load-hit,micro,4,4.143533
u64,ahash,16384,load-hit,baseline,4,4.202814
u64,ahash,16384,load-hit,quick_cache,4,6.436264
u64,ahash,16384,load-hit,lru,4,6.559917
u64,ahash,16384,load-cycle,micro,0,27.903557
u64,ahash,16384,load-cycle,baseline,0,27.901649
u64,ahash,16384,load-cycle,quick_cache,0,11.951290
u64,ahash,16384,load-cycle,lru,0,27.571037
u64,ahash,16384,load-cycle,hashlink,0,29.820442
u64,ahash,16384,load-cycle,baseline,1,27.895927
u64,ahash,16384,load-cycle,quick_cache,1,11.789322
u64,ahash,16384,load-cycle,lru,1,33.589676
u64,ahash,16384,load-cycle,hashlink,1,31.396230
u64,ahash,16384,load-cycle,micro,1,29.697418
u64,ahash,16384,load-cycle,quick_cache,2,23.914024
u64,ahash,16384,load-cycle,lru,2,29.468857
u64,ahash,16384,load-cycle,hashlink,2,32.004038
u64,ahash,16384,load-cycle,micro,2,29.074989
u64,ahash,16384,load-cycle,baseline,2,27.911827
u64,ahash,16384,load-cycle,lru,3,29.921211
u64,ahash,16384,load-cycle,hashlink,3,30.123711
u64,ahash,16384,load-cycle,micro,3,28.457321
u64,ahash,16384,load-cycle,baseline,3,27.782440
u64,ahash,16384,load-cycle,quick_cache,3,11.533260
u64,ahash,16384,load-cycle,hashlink,4,29.561996
u64,ahash,16384,load-cycle,micro,4,28.049789
u64,ahash,16384,load-cycle,baseline,4,30.177750
u64,ahash,16384,load-cycle,quick_cache,4,11.883102
u64,ahash,16384,load-cycle,lru,4,27.302101
u64,ahash,16384,clear-refill,micro,0,90405.647059
u64,ahash,16384,clear-refill,baseline,0,91569.454545
u64,ahash,16384,clear-refill,quick_cache,0,108726.178571
u64,ahash,16384,clear-refill,lru,0,482958.428571
u64,ahash,16384,clear-refill,hashlink,0,273401.454545
u64,ahash,16384,clear-refill,baseline,1,90720.588235
u64,ahash,16384,clear-refill,quick_cache,1,100640.266667
u64,ahash,16384,clear-refill,lru,1,461720.285714
u64,ahash,16384,clear-refill,hashlink,1,256468.750000
u64,ahash,16384,clear-refill,micro,1,90747.558824
u64,ahash,16384,clear-refill,quick_cache,2,99526.870968
u64,ahash,16384,clear-refill,lru,2,502166.666667
u64,ahash,16384,clear-refill,hashlink,2,256420.083333
u64,ahash,16384,clear-refill,micro,2,91587.121212
u64,ahash,16384,clear-refill,baseline,2,89084.558824
u64,ahash,16384,clear-refill,lru,3,466565.428571
u64,ahash,16384,clear-refill,hashlink,3,261489.583333
u64,ahash,16384,clear-refill,micro,3,90253.676471
u64,ahash,16384,clear-refill,baseline,3,89620.117647
u64,ahash,16384,clear-refill,quick_cache,3,100322.233333
u64,ahash,16384,clear-refill,hashlink,4,259826.416667
u64,ahash,16384,clear-refill,micro,4,90441.176471
u64,ahash,16384,clear-refill,baseline,4,89341.911765
u64,ahash,16384,clear-refill,quick_cache,4,102056.933333
u64,ahash,16384,clear-refill,lru,4,487011.857143
u64,ahash,16384,clear-empty,micro,0,547.459517
u64,ahash,16384,clear-empty,baseline,0,310.062808
u64,ahash,16384,clear-empty,quick_cache,0,1.682613
u64,ahash,16384,clear-empty,lru,0,0.577750
u64,ahash,16384,clear-empty,hashlink,0,0.618534
u64,ahash,16384,clear-empty,baseline,1,352.361903
u64,ahash,16384,clear-empty,quick_cache,1,1.750045
u64,ahash,16384,clear-empty,lru,1,0.573164
u64,ahash,16384,clear-empty,hashlink,1,0.594498
u64,ahash,16384,clear-empty,micro,1,373.143555
u64,ahash,16384,clear-empty,quick_cache,2,1.740309
u64,ahash,16384,clear-empty,lru,2,0.571842
u64,ahash,16384,clear-empty,hashlink,2,0.603530
u64,ahash,16384,clear-empty,micro,2,318.051415
u64,ahash,16384,clear-empty,baseline,2,402.788672
u64,ahash,16384,clear-empty,lru,3,0.576001
u64,ahash,16384,clear-empty,hashlink,3,0.605114
u64,ahash,16384,clear-empty,micro,3,317.299303
u64,ahash,16384,clear-empty,baseline,3,450.472512
u64,ahash,16384,clear-empty,quick_cache,3,1.753998
u64,ahash,16384,clear-empty,hashlink,4,0.600992
u64,ahash,16384,clear-empty,micro,4,329.544596
u64,ahash,16384,clear-empty,baseline,4,461.244141
u64,ahash,16384,clear-empty,quick_cache,4,1.767439
u64,ahash,16384,clear-empty,lru,4,0.577599
u64,ahash,16384,iter-dense,micro,0,4863.476562
u64,ahash,16384,iter-dense,baseline,0,4725.065625
u64,ahash,16384,iter-dense,quick_cache,0,5253.111111
u64,ahash,16384,iter-dense,lru,0,22844.012500
u64,ahash,16384,iter-dense,hashlink,0,22502.343750
u64,ahash,16384,iter-dense,baseline,1,4633.866071
u64,ahash,16384,iter-dense,quick_cache,1,5171.600329
u64,ahash,16384,iter-dense,lru,1,22347.393750
u64,ahash,16384,iter-dense,hashlink,1,22333.068750
u64,ahash,16384,iter-dense,micro,1,4657.614583
u64,ahash,16384,iter-dense,quick_cache,2,5369.574653
u64,ahash,16384,iter-dense,lru,2,23643.554688
u64,ahash,16384,iter-dense,hashlink,2,23019.793750
u64,ahash,16384,iter-dense,micro,2,4664.000000
u64,ahash,16384,iter-dense,baseline,2,4670.944940
u64,ahash,16384,iter-dense,lru,3,24269.531250
u64,ahash,16384,iter-dense,hashlink,3,23043.750000
u64,ahash,16384,iter-dense,micro,3,4675.409226
u64,ahash,16384,iter-dense,baseline,3,4763.737500
u64,ahash,16384,iter-dense,quick_cache,3,5381.871528
u64,ahash,16384,iter-dense,hashlink,4,24558.914062
u64,ahash,16384,iter-dense,micro,4,4915.885938
u64,ahash,16384,iter-dense,baseline,4,4724.804688
u64,ahash,16384,iter-dense,quick_cache,4,5394.170139
u64,ahash,16384,iter-dense,lru,4,24165.039062
u64,ahash,16384,iter-dense-for,micro,0,4660.281250
u64,ahash,16384,iter-dense-for,baseline,0,4669.580357
u64,ahash,16384,iter-dense-for,quick_cache,0,8112.630208
u64,ahash,16384,iter-dense-for,lru,0,19128.906250
u64,ahash,16384,iter-dense-for,hashlink,0,18827.862500
u64,ahash,16384,iter-dense-for,baseline,1,4659.970238
u64,ahash,16384,iter-dense-for,quick_cache,1,8150.390625
u64,ahash,16384,iter-dense-for,lru,1,19227.087500
u64,ahash,16384,iter-dense-for,hashlink,1,18983.593750
u64,ahash,16384,iter-dense-for,micro,1,4661.892857
u64,ahash,16384,iter-dense-for,quick_cache,2,8112.955729
u64,ahash,16384,iter-dense-for,lru,2,19148.437500
u64,ahash,16384,iter-dense-for,hashlink,2,18992.187500
u64,ahash,16384,iter-dense-for,micro,2,4675.781250
u64,ahash,16384,iter-dense-for,baseline,2,4685.206845
u64,ahash,16384,iter-dense-for,lru,3,19852.600000
u64,ahash,16384,iter-dense-for,hashlink,3,19939.318750
u64,ahash,16384,iter-dense-for,micro,3,4820.182813
u64,ahash,16384,iter-dense-for,baseline,3,4754.101562
u64,ahash,16384,iter-dense-for,quick_cache,3,8245.226562
u64,ahash,16384,iter-dense-for,hashlink,4,20639.062500
u64,ahash,16384,iter-dense-for,micro,4,4659.287202
u64,ahash,16384,iter-dense-for,baseline,4,4676.650298
u64,ahash,16384,iter-dense-for,quick_cache,4,8129.015625
u64,ahash,16384,iter-dense-for,lru,4,17542.536458
u64,ahash,16384,iter-density-1pct,micro,0,5216.506944
u64,ahash,16384,iter-density-1pct,baseline,0,5184.759868
u64,ahash,16384,iter-density-1pct,quick_cache,0,5052.083882
u64,ahash,16384,iter-density-1pct,lru,0,186.195312
u64,ahash,16384,iter-density-1pct,hashlink,0,183.744068
u64,ahash,16384,iter-density-1pct,baseline,1,5168.860197
u64,ahash,16384,iter-density-1pct,quick_cache,1,5075.177632
u64,ahash,16384,iter-density-1pct,lru,1,184.647207
u64,ahash,16384,iter-density-1pct,hashlink,1,181.744065
u64,ahash,16384,iter-density-1pct,micro,1,5170.230263
u64,ahash,16384,iter-density-1pct,quick_cache,2,5144.189145
u64,ahash,16384,iter-density-1pct,lru,2,188.011398
u64,ahash,16384,iter-density-1pct,hashlink,2,187.432448
u64,ahash,16384,iter-density-1pct,micro,2,5278.211806
u64,ahash,16384,iter-density-1pct,baseline,2,5606.235294
u64,ahash,16384,iter-density-1pct,lru,3,197.423224
u64,ahash,16384,iter-density-1pct,hashlink,3,181.983830
u64,ahash,16384,iter-density-1pct,micro,3,5166.187500
u64,ahash,16384,iter-density-1pct,baseline,3,5042.557566
u64,ahash,16384,iter-density-1pct,quick_cache,3,4940.995066
u64,ahash,16384,iter-density-1pct,hashlink,4,182.951633
u64,ahash,16384,iter-density-1pct,micro,4,4946.889803
u64,ahash,16384,iter-density-1pct,baseline,4,4940.514803
u64,ahash,16384,iter-density-1pct,quick_cache,4,4877.864062
u64,ahash,16384,iter-density-1pct,lru,4,179.426087
u64,ahash,16384,iter-density-6pct,micro,0,4938.733553
u64,ahash,16384,iter-density-6pct,baseline,0,4679.998512
u64,ahash,16384,iter-density-6pct,quick_cache,0,4916.601562
u64,ahash,16384,iter-density-6pct,lru,0,5795.726103
u64,ahash,16384,iter-density-6pct,hashlink,0,4248.414402
u64,ahash,16384,iter-density-6pct,baseline,1,4806.250000
u64,ahash,16384,iter-density-6pct,quick_cache,1,4781.118750
u64,ahash,16384,iter-density-6pct,lru,1,4881.054688
u64,ahash,16384,iter-density-6pct,hashlink,1,4068.901042
u64,ahash,16384,iter-density-6pct,micro,1,5462.746528
u64,ahash,16384,iter-density-6pct,quick_cache,2,4881.120313
u64,ahash,16384,iter-density-6pct,lru,2,5763.327206
u64,ahash,16384,iter-density-6pct,hashlink,2,5293.765625
u64,ahash,16384,iter-density-6pct,micro,2,4910.742188
u64,ahash,16384,iter-density-6pct,baseline,2,4578.808036
u64,ahash,16384,iter-density-6pct,lru,3,5097.725329
u64,ahash,16384,iter-density-6pct,hashlink,3,4433.296875
u64,ahash,16384,iter-density-6pct,micro,3,4830.337500
u64,ahash,16384,iter-density-6pct,baseline,3,4671.812500
u64,ahash,16384,iter-density-6pct,quick_cache,3,4988.419408
u64,ahash,16384,iter-density-6pct,hashlink,4,3926.595052
u64,ahash,16384,iter-density-6pct,micro,4,4468.191964
u64,ahash,16384,iter-density-6pct,baseline,4,4693.141369
u64,ahash,16384,iter-density-6pct,quick_cache,4,4797.851562
u64,ahash,16384,iter-density-6pct,lru,4,5656.479779
u64,ahash,16384,iter-density-quarter,micro,0,4107.902174
u64,ahash,16384,iter-density-quarter,baseline,0,4207.427989
u64,ahash,16384,iter-density-quarter,quick_cache,0,5107.661184
u64,ahash,16384,iter-density-quarter,lru,0,7825.520833
u64,ahash,16384,iter-density-quarter,hashlink,0,7571.514423
u64,ahash,16384,iter-density-quarter,baseline,1,4161.741848
u64,ahash,16384,iter-density-quarter,quick_cache,1,4982.182566
u64,ahash,16384,iter-density-quarter,lru,1,7721.954327
u64,ahash,16384,iter-density-quarter,hashlink,1,7266.725962
u64,ahash,16384,iter-density-quarter,micro,1,4263.080966
u64,ahash,16384,iter-density-quarter,quick_cache,2,5176.398026
u64,ahash,16384,iter-density-quarter,lru,2,7377.802885
u64,ahash,16384,iter-density-quarter,hashlink,2,6880.486607
u64,ahash,16384,iter-density-quarter,micro,2,4168.364130
u64,ahash,16384,iter-density-quarter,baseline,2,4106.148098
u64,ahash,16384,iter-density-quarter,lru,3,7055.803571
u64,ahash,16384,iter-density-quarter,hashlink,3,6533.072917
u64,ahash,16384,iter-density-quarter,micro,3,4204.709239
u64,ahash,16384,iter-density-quarter,baseline,3,4184.160326
u64,ahash,16384,iter-density-quarter,quick_cache,3,5147.889803
u64,ahash,16384,iter-density-quarter,hashlink,4,7141.183036
u64,ahash,16384,iter-density-quarter,micro,4,4129.868207
u64,ahash,16384,iter-density-quarter,baseline,4,4193.896739
u64,ahash,16384,iter-density-quarter,quick_cache,4,5026.248355
u64,ahash,16384,iter-density-quarter,lru,4,7029.854911
u64,ahash,16384,iter-density-half,micro,0,4238.563859
u64,ahash,16384,iter-density-half,baseline,0,4231.827446
u64,ahash,16384,iter-density-half,quick_cache,0,4950.863487
u64,ahash,16384,iter-density-half,lru,0,16414.713542
u64,ahash,16384,iter-density-half,hashlink,0,15873.046875
u64,ahash,16384,iter-density-half,baseline,1,4324.573864
u64,ahash,16384,iter-density-half,quick_cache,1,5418.692708
u64,ahash,16384,iter-density-half,lru,1,17214.192708
u64,ahash,16384,iter-density-half,hashlink,1,15916.229167
u64,ahash,16384,iter-density-half,micro,1,5012.402961
u64,ahash,16384,iter-density-half,quick_cache,2,4934.348684
u64,ahash,16384,iter-density-half,lru,2,18842.187500
u64,ahash,16384,iter-density-half,hashlink,2,17436.197917
u64,ahash,16384,iter-density-half,micro,2,4834.309375
u64,ahash,16384,iter-density-half,baseline,2,4310.073864
u64,ahash,16384,iter-density-half,lru,3,17025.171875
u64,ahash,16384,iter-density-half,hashlink,3,17739.151042
u64,ahash,16384,iter-density-half,micro,3,4956.072368
u64,ahash,16384,iter-density-half,baseline,3,4391.215909
u64,ahash,16384,iter-density-half,quick_cache,3,7863.182692
u64,ahash,16384,iter-density-half,hashlink,4,31329.427083
u64,ahash,16384,iter-density-half,micro,4,4515.936012
u64,ahash,16384,iter-density-half,baseline,4,4494.854167
u64,ahash,16384,iter-density-half,quick_cache,4,5337.022569
u64,ahash,16384,iter-density-half,lru,4,19914.843750
u64,ahash,16384,iter-front,micro,0,4529.452381
u64,ahash,16384,iter-front,baseline,0,4546.193452
u64,ahash,16384,iter-front,quick_cache,0,5044.544408
u64,ahash,16384,iter-front,lru,0,1.221355
u64,ahash,16384,iter-front,hashlink,0,1.180716
u64,ahash,16384,iter-front,baseline,1,4294.744318
u64,ahash,16384,iter-front,quick_cache,1,5150.493421
u64,ahash,16384,iter-front,lru,1,1.266704
u64,ahash,16384,iter-front,hashlink,1,1.465164
u64,ahash,16384,iter-front,micro,1,4529.761905
u64,ahash,16384,iter-front,quick_cache,2,6844.866071
u64,ahash,16384,iter-front,lru,2,1.358125
u64,ahash,16384,iter-front,hashlink,2,1.242940
u64,ahash,16384,iter-front,micro,2,7305.987981
u64,ahash,16384,iter-front,baseline,2,4534.660714
u64,ahash,16384,iter-front,lru,3,1.294586
u64,ahash,16384,iter-front,hashlink,3,1.319141
u64,ahash,16384,iter-front,micro,3,5534.389706
u64,ahash,16384,iter-front,baseline,3,28388.781250
u64,ahash,16384,iter-front,quick_cache,3,30502.281250
u64,ahash,16384,iter-front,hashlink,4,2.176886
u64,ahash,16384,iter-front,micro,4,12655.961806
u64,ahash,16384,iter-front,baseline,4,10305.731250
u64,ahash,16384,iter-front,quick_cache,4,19553.125000
u64,ahash,16384,iter-front,lru,4,2.377544
u64,ahash,16384,iter-back,micro,0,8563.802083
u64,ahash,16384,iter-back,baseline,0,6954.799107
u64,ahash,16384,iter-back,quick_cache,0,8096.028646
u64,ahash,16384,iter-back,lru,0,2.626050
u64,ahash,16384,iter-back,hashlink,0,2.315558
u64,ahash,16384,iter-back,baseline,1,6807.011161
u64,ahash,16384,iter-back,quick_cache,1,7030.381250
u64,ahash,16384,iter-back,lru,1,1.686204
u64,ahash,16384,iter-back,hashlink,1,1.968374
u64,ahash,16384,iter-back,micro,1,5427.734375
u64,ahash,16384,iter-back,quick_cache,2,8636.718750
u64,ahash,16384,iter-back,lru,2,1.738227
u64,ahash,16384,iter-back,hashlink,2,1.775064
u64,ahash,16384,iter-back,micro,2,6691.058333
u64,ahash,16384,iter-back,baseline,2,5180.373355
u64,ahash,16384,iter-back,lru,3,1.298656
u64,ahash,16384,iter-back,hashlink,3,2.560846
u64,ahash,16384,iter-back,micro,3,11469.326389
u64,ahash,16384,iter-back,baseline,3,10638.746528
u64,ahash,16384,iter-back,quick_cache,3,6974.609375
u64,ahash,16384,iter-back,hashlink,4,1.275441
u64,ahash,16384,iter-back,micro,4,4692.212798
u64,ahash,16384,iter-back,baseline,4,4160.326087
u64,ahash,16384,iter-back,quick_cache,4,5100.601974
u64,ahash,16384,iter-back,lru,4,1.292373
u64,ahash,16384,iter-empty,micro,0,4242.811141
u64,ahash,16384,iter-empty,baseline,0,4327.000000
u64,ahash,16384,iter-empty,quick_cache,0,4925.390625
u64,ahash,16384,iter-empty,lru,0,1.247190
u64,ahash,16384,iter-empty,hashlink,0,1.013809
u64,ahash,16384,iter-empty,baseline,1,4111.808424
u64,ahash,16384,iter-empty,quick_cache,1,4990.200658
u64,ahash,16384,iter-empty,lru,1,0.996641
u64,ahash,16384,iter-empty,hashlink,1,1.055125
u64,ahash,16384,iter-empty,micro,1,4114.017663
u64,ahash,16384,iter-empty,quick_cache,2,4973.753289
u64,ahash,16384,iter-empty,lru,2,0.978448
u64,ahash,16384,iter-empty,hashlink,2,1.067099
u64,ahash,16384,iter-empty,micro,2,4575.769345
u64,ahash,16384,iter-empty,baseline,2,4260.869565
u64,ahash,16384,iter-empty,lru,3,1.039726
u64,ahash,16384,iter-empty,hashlink,3,1.039322
u64,ahash,16384,iter-empty,micro,3,4715.168750
u64,ahash,16384,iter-empty,baseline,3,4209.691576
u64,ahash,16384,iter-empty,quick_cache,3,5347.295139
u64,ahash,16384,iter-empty,hashlink,4,1.060005
u64,ahash,16384,iter-empty,micro,4,4251.811141
u64,ahash,16384,iter-empty,baseline,4,5327.329861
u64,ahash,16384,iter-empty,quick_cache,4,4925.520312
u64,ahash,16384,iter-empty,lru,4,1.051622
u64,ahash,16384,iter-count,micro,0,4153.753906
u64,ahash,16384,iter-count,baseline,0,4400.932292
u64,ahash,16384,iter-count,quick_cache,0,8794.595703
u64,ahash,16384,iter-count,lru,0,0.394390
u64,ahash,16384,iter-count,hashlink,0,0.402029
u64,ahash,16384,iter-count,baseline,1,4047.417969
u64,ahash,16384,iter-count,quick_cache,1,8088.623047
u64,ahash,16384,iter-count,lru,1,0.391884
u64,ahash,16384,iter-count,hashlink,1,0.529709
u64,ahash,16384,iter-count,micro,1,4454.046875
u64,ahash,16384,iter-count,quick_cache,2,8305.419922
u64,ahash,16384,iter-count,lru,2,0.410694
u64,ahash,16384,iter-count,hashlink,2,0.390370
u64,ahash,16384,iter-count,micro,2,4345.540365
u64,ahash,16384,iter-count,baseline,2,4166.721354
u64,ahash,16384,iter-count,lru,3,0.401099
u64,ahash,16384,iter-count,hashlink,3,0.389778
u64,ahash,16384,iter-count,micro,3,4336.100260
u64,ahash,16384,iter-count,baseline,3,4147.351562
u64,ahash,16384,iter-count,quick_cache,3,7911.376953
u64,ahash,16384,iter-count,hashlink,4,0.415721
u64,ahash,16384,iter-count,micro,4,4237.087240
u64,ahash,16384,iter-count,baseline,4,4233.506510
u64,ahash,16384,iter-count,quick_cache,4,9156.087891
u64,ahash,16384,iter-count,lru,4,0.412110
string24,sip,128,get-hit,micro,0,9.680724
string24,sip,128,get-hit,baseline,0,13.376524
string24,sip,128,get-hit,quick_cache,0,10.548472
string24,sip,128,get-hit,lru,0,14.788613
string24,sip,128,get-hit,hashlink,0,10.863658
string24,sip,128,get-hit,baseline,1,12.050998
string24,sip,128,get-hit,quick_cache,1,10.766895
string24,sip,128,get-hit,lru,1,10.511562
string24,sip,128,get-hit,hashlink,1,11.099765
string24,sip,128,get-hit,micro,1,9.802031
string24,sip,128,get-hit,quick_cache,2,10.080012
string24,sip,128,get-hit,lru,2,11.329727
string24,sip,128,get-hit,hashlink,2,9.800560
string24,sip,128,get-hit,micro,2,12.192918
string24,sip,128,get-hit,baseline,2,9.719046
string24,sip,128,get-hit,lru,3,10.540046
string24,sip,128,get-hit,hashlink,3,9.886089
string24,sip,128,get-hit,micro,3,9.730555
string24,sip,128,get-hit,baseline,3,9.653324
string24,sip,128,get-hit,quick_cache,3,11.054095
string24,sip,128,get-hit,hashlink,4,10.716612
string24,sip,128,get-hit,micro,4,10.057604
string24,sip,128,get-hit,baseline,4,10.046882
string24,sip,128,get-hit,quick_cache,4,10.013754
string24,sip,128,get-hit,lru,4,10.980943
string24,sip,128,get-miss,micro,0,9.423672
string24,sip,128,get-miss,baseline,0,10.992162
string24,sip,128,get-miss,quick_cache,0,9.101682
string24,sip,128,get-miss,lru,0,8.384705
string24,sip,128,get-miss,hashlink,0,9.115824
string24,sip,128,get-miss,baseline,1,9.474666
string24,sip,128,get-miss,quick_cache,1,8.361239
string24,sip,128,get-miss,lru,1,8.666282
string24,sip,128,get-miss,hashlink,1,8.098880
string24,sip,128,get-miss,micro,1,8.973740
string24,sip,128,get-miss,quick_cache,2,8.576504
string24,sip,128,get-miss,lru,2,10.241048
string24,sip,128,get-miss,hashlink,2,8.248223
string24,sip,128,get-miss,micro,2,8.978620
string24,sip,128,get-miss,baseline,2,8.141751
string24,sip,128,get-miss,lru,3,10.185103
string24,sip,128,get-miss,hashlink,3,8.034748
string24,sip,128,get-miss,micro,3,8.090696
string24,sip,128,get-miss,baseline,3,8.476141
string24,sip,128,get-miss,quick_cache,3,8.238954
string24,sip,128,get-miss,hashlink,4,8.938176
string24,sip,128,get-miss,micro,4,8.258510
string24,sip,128,get-miss,baseline,4,8.195665
string24,sip,128,get-miss,quick_cache,4,8.198606
string24,sip,128,get-miss,lru,4,8.730448
string24,sip,128,update,micro,0,27.261274
string24,sip,128,update,baseline,0,23.529053
string24,sip,128,update,quick_cache,0,46.972275
string24,sip,128,update,lru,0,25.059700
string24,sip,128,update,hashlink,0,24.784684
string24,sip,128,update,baseline,1,23.810699
string24,sip,128,update,quick_cache,1,42.777737
string24,sip,128,update,lru,1,24.642603
string24,sip,128,update,hashlink,1,24.682284
string24,sip,128,update,micro,1,23.096718
string24,sip,128,update,quick_cache,2,48.543289
string24,sip,128,update,lru,2,23.774780
string24,sip,128,update,hashlink,2,25.365535
string24,sip,128,update,micro,2,26.551986
string24,sip,128,update,baseline,2,22.670374
string24,sip,128,update,lru,3,26.374084
string24,sip,128,update,hashlink,3,22.334085
string24,sip,128,update,micro,3,23.871422
string24,sip,128,update,baseline,3,26.507429
string24,sip,128,update,quick_cache,3,43.146769
string24,sip,128,update,hashlink,4,24.602254
string24,sip,128,update,micro,4,23.267426
string24,sip,128,update,baseline,4,23.203529
string24,sip,128,update,quick_cache,4,43.262058
string24,sip,128,update,lru,4,24.183907
string24,sip,128,insert-cycle,micro,0,45.967371
string24,sip,128,insert-cycle,baseline,0,45.845673
string24,sip,128,insert-cycle,quick_cache,0,41.558732
string24,sip,128,insert-cycle,lru,0,67.628816
string24,sip,128,insert-cycle,hashlink,0,76.714410
string24,sip,128,insert-cycle,baseline,1,46.568855
string24,sip,128,insert-cycle,quick_cache,1,45.006061
string24,sip,128,insert-cycle,lru,1,65.224436
string24,sip,128,insert-cycle,hashlink,1,66.206000
string24,sip,128,insert-cycle,micro,1,48.194432
string24,sip,128,insert-cycle,quick_cache,2,41.562195
string24,sip,128,insert-cycle,lru,2,72.950019
string24,sip,128,insert-cycle,hashlink,2,66.384181
string24,sip,128,insert-cycle,micro,2,46.469707
string24,sip,128,insert-cycle,baseline,2,44.423118
string24,sip,128,insert-cycle,lru,3,70.425571
string24,sip,128,insert-cycle,hashlink,3,65.865849
string24,sip,128,insert-cycle,micro,3,46.621171
string24,sip,128,insert-cycle,baseline,3,44.736841
string24,sip,128,insert-cycle,quick_cache,3,40.115721
string24,sip,128,insert-cycle,hashlink,4,66.077072
string24,sip,128,insert-cycle,micro,4,45.107166
string24,sip,128,insert-cycle,baseline,4,48.836947
string24,sip,128,insert-cycle,quick_cache,4,40.473464
string24,sip,128,insert-cycle,lru,4,66.469699
string24,sip,128,mixed-95,micro,0,17.298917
string24,sip,128,mixed-95,baseline,0,17.761250
string24,sip,128,mixed-95,quick_cache,0,22.295515
string24,sip,128,mixed-95,lru,0,22.382021
string24,sip,128,mixed-95,hashlink,0,20.258446
string24,sip,128,mixed-95,baseline,1,19.314309
string24,sip,128,mixed-95,quick_cache,1,23.303469
string24,sip,128,mixed-95,lru,1,19.308031
string24,sip,128,mixed-95,hashlink,1,18.757781
string24,sip,128,mixed-95,micro,1,17.569164
string24,sip,128,mixed-95,quick_cache,2,20.595153
string24,sip,128,mixed-95,lru,2,21.474977
string24,sip,128,mixed-95,hashlink,2,19.449472
string24,sip,128,mixed-95,micro,2,16.921659
string24,sip,128,mixed-95,baseline,2,16.977668
string24,sip,128,mixed-95,lru,3,18.389126
string24,sip,128,mixed-95,hashlink,3,19.208193
string24,sip,128,mixed-95,micro,3,16.875744
string24,sip,128,mixed-95,baseline,3,17.365794
string24,sip,128,mixed-95,quick_cache,3,20.571887
string24,sip,128,mixed-95,hashlink,4,18.483937
string24,sip,128,mixed-95,micro,4,17.238597
string24,sip,128,mixed-95,baseline,4,16.931673
string24,sip,128,mixed-95,quick_cache,4,20.321925
string24,sip,128,mixed-95,lru,4,18.723845
string24,sip,128,load-hit,micro,0,17.704129
string24,sip,128,load-hit,baseline,0,27.206421
string24,sip,128,load-hit,quick_cache,0,14.237624
string24,sip,128,load-hit,lru,0,13.944458
string24,sip,128,load-hit,hashlink,0,9.989010
string24,sip,128,load-hit,baseline,1,23.350082
string24,sip,128,load-hit,quick_cache,1,13.613855
string24,sip,128,load-hit,lru,1,13.211025
string24,sip,128,load-hit,hashlink,1,9.784768
string24,sip,128,load-hit,micro,1,13.101488
string24,sip,128,load-hit,quick_cache,2,13.848199
string24,sip,128,load-hit,lru,2,13.080780
string24,sip,128,load-hit,hashlink,2,9.585518
string24,sip,128,load-hit,micro,2,13.059419
string24,sip,128,load-hit,baseline,2,23.103714
string24,sip,128,load-hit,lru,3,13.374507
string24,sip,128,load-hit,hashlink,3,9.948869
string24,sip,128,load-hit,micro,3,14.559429
string24,sip,128,load-hit,baseline,3,22.188074
string24,sip,128,load-hit,quick_cache,3,13.602173
string24,sip,128,load-hit,hashlink,4,10.192308
string24,sip,128,load-hit,micro,4,13.504028
string24,sip,128,load-hit,baseline,4,22.811890
string24,sip,128,load-hit,quick_cache,4,13.607824
string24,sip,128,load-hit,lru,4,15.271077
string24,sip,128,load-cycle,micro,0,48.641727
string24,sip,128,load-cycle,baseline,0,55.478258
string24,sip,128,load-cycle,quick_cache,0,31.323781
string24,sip,128,load-cycle,lru,0,70.282279
string24,sip,128,load-cycle,hashlink,0,71.678092
string24,sip,128,load-cycle,baseline,1,47.794001
string24,sip,128,load-cycle,quick_cache,1,28.310094
string24,sip,128,load-cycle,lru,1,65.843904
string24,sip,128,load-cycle,hashlink,1,69.611386
string24,sip,128,load-cycle,micro,1,45.114047
string24,sip,128,load-cycle,quick_cache,2,29.586321
string24,sip,128,load-cycle,lru,2,63.749894
string24,sip,128,load-cycle,hashlink,2,68.682040
string24,sip,128,load-cycle,micro,2,46.319818
string24,sip,128,load-cycle,baseline,2,46.947922
string24,sip,128,load-cycle,lru,3,64.987267
string24,sip,128,load-cycle,hashlink,3,70.501591
string24,sip,128,load-cycle,micro,3,45.779541
string24,sip,128,load-cycle,baseline,3,46.195774
string24,sip,128,load-cycle,quick_cache,3,28.348222
string24,sip,128,load-cycle,hashlink,4,68.214594
string24,sip,128,load-cycle,micro,4,46.324327
string24,sip,128,load-cycle,baseline,4,46.631495
string24,sip,128,load-cycle,quick_cache,4,29.619930
string24,sip,128,load-cycle,lru,4,65.064593
string24,sip,128,clear-refill,micro,0,3243.918919
string24,sip,128,clear-refill,baseline,0,3271.582334
string24,sip,128,clear-refill,quick_cache,0,3460.685484
string24,sip,128,clear-refill,lru,0,8318.905817
string24,sip,128,clear-refill,hashlink,0,5404.976619
string24,sip,128,clear-refill,baseline,1,3322.133850
string24,sip,128,clear-refill,quick_cache,1,3416.856492
string24,sip,128,clear-refill,lru,1,8157.494565
string24,sip,128,clear-refill,hashlink,1,5324.540780
string24,sip,128,clear-refill,micro,1,3268.790850
string24,sip,128,clear-refill,quick_cache,2,3381.193694
string24,sip,128,clear-refill,lru,2,8185.397820
string24,sip,128,clear-refill,hashlink,2,5373.658318
string24,sip,128,clear-refill,micro,2,3253.475623
string24,sip,128,clear-refill,baseline,2,3265.233950
string24,sip,128,clear-refill,lru,3,8147.132791
string24,sip,128,clear-refill,hashlink,3,5329.632327
string24,sip,128,clear-refill,micro,3,3258.097720
string24,sip,128,clear-refill,baseline,3,3259.456026
string24,sip,128,clear-refill,quick_cache,3,3422.415051
string24,sip,128,clear-refill,hashlink,4,5802.042471
string24,sip,128,clear-refill,micro,4,3236.036638
string24,sip,128,clear-refill,baseline,4,3305.248899
string24,sip,128,clear-refill,quick_cache,4,3661.686585
string24,sip,128,clear-refill,lru,4,8343.288889
string24,sip,128,clear-empty,micro,0,48.075692
string24,sip,128,clear-empty,baseline,0,43.959943
string24,sip,128,clear-empty,quick_cache,0,4.086887
string24,sip,128,clear-empty,lru,0,2.322941
string24,sip,128,clear-empty,hashlink,0,0.684845
string24,sip,128,clear-empty,baseline,1,44.529149
string24,sip,128,clear-empty,quick_cache,1,4.112814
string24,sip,128,clear-empty,lru,1,2.451381
string24,sip,128,clear-empty,hashlink,1,0.636024
string24,sip,128,clear-empty,micro,1,41.358907
string24,sip,128,clear-empty,quick_cache,2,4.016914
string24,sip,128,clear-empty,lru,2,2.163230
string24,sip,128,clear-empty,hashlink,2,0.636595
string24,sip,128,clear-empty,micro,2,51.829502
string24,sip,128,clear-empty,baseline,2,55.126871
string24,sip,128,clear-empty,lru,3,2.248942
string24,sip,128,clear-empty,hashlink,3,0.643640
string24,sip,128,clear-empty,micro,3,49.189739
string24,sip,128,clear-empty,baseline,3,48.862028
string24,sip,128,clear-empty,quick_cache,3,4.045133
string24,sip,128,clear-empty,hashlink,4,0.636232
string24,sip,128,clear-empty,micro,4,41.888714
string24,sip,128,clear-empty,baseline,4,50.036719
string24,sip,128,clear-empty,quick_cache,4,4.085235
string24,sip,128,clear-empty,lru,4,2.235123
string24,sip,128,iter-dense,micro,0,39.027830
string24,sip,128,iter-dense,baseline,0,38.605239
string24,sip,128,iter-dense,quick_cache,0,29.781647
string24,sip,128,iter-dense,lru,0,136.091346
string24,sip,128,iter-dense,hashlink,0,137.886811
string24,sip,128,iter-dense,baseline,1,39.198579
string24,sip,128,iter-dense,quick_cache,1,32.983061
string24,sip,128,iter-dense,lru,1,144.013201
string24,sip,128,iter-dense,hashlink,1,147.563335
string24,sip,128,iter-dense,micro,1,39.223703
string24,sip,128,iter-dense,quick_cache,2,30.156069
string24,sip,128,iter-dense,lru,2,134.771237
string24,sip,128,iter-dense,hashlink,2,137.074744
string24,sip,128,iter-dense,micro,2,39.171275
string24,sip,128,iter-dense,baseline,2,38.245246
string24,sip,128,iter-dense,lru,3,138.743158
string24,sip,128,iter-dense,hashlink,3,137.957629
string24,sip,128,iter-dense,micro,3,37.369644
string24,sip,128,iter-dense,baseline,3,37.987806
string24,sip,128,iter-dense,quick_cache,3,30.214792
string24,sip,128,iter-dense,hashlink,4,132.558704
string24,sip,128,iter-dense,micro,4,38.340122
string24,sip,128,iter-dense,baseline,4,37.547144
string24,sip,128,iter-dense,quick_cache,4,29.639677
string24,sip,128,iter-dense,lru,4,131.837781
string24,sip,128,iter-dense-for,micro,0,38.357400
string24,sip,128,iter-dense-for,baseline,0,39.504568
string24,sip,128,iter-dense-for,quick_cache,0,69.367719
string24,sip,128,iter-dense-for,lru,0,82.857111
string24,sip,128,iter-dense-for,hashlink,0,71.999304
string24,sip,128,iter-dense-for,baseline,1,37.456090
string24,sip,128,iter-dense-for,quick_cache,1,68.745991
string24,sip,128,iter-dense-for,lru,1,83.021073
string24,sip,128,iter-dense-for,hashlink,1,75.907464
string24,sip,128,iter-dense-for,micro,1,40.178811
string24,sip,128,iter-dense-for,quick_cache,2,40.169331
string24,sip,128,iter-dense-for,lru,2,83.994293
string24,sip,128,iter-dense-for,hashlink,2,71.853041
string24,sip,128,iter-dense-for,micro,2,38.652978
string24,sip,128,iter-dense-for,baseline,2,38.207709
string24,sip,128,iter-dense-for,lru,3,85.743487
string24,sip,128,iter-dense-for,hashlink,3,72.050619
string24,sip,128,iter-dense-for,micro,3,38.572938
string24,sip,128,iter-dense-for,baseline,3,38.010070
string24,sip,128,iter-dense-for,quick_cache,3,38.750439
string24,sip,128,iter-dense-for,hashlink,4,72.756061
string24,sip,128,iter-dense-for,micro,4,38.929003
string24,sip,128,iter-dense-for,baseline,4,38.253417
string24,sip,128,iter-dense-for,quick_cache,4,38.844579
string24,sip,128,iter-dense-for,lru,4,82.584865
string24,sip,128,iter-density-1pct,micro,0,39.026737
string24,sip,128,iter-density-1pct,baseline,0,39.343357
string24,sip,128,iter-density-1pct,quick_cache,0,23.057059
string24,sip,128,iter-density-1pct,lru,0,1.286714
string24,sip,128,iter-density-1pct,hashlink,0,1.278833
string24,sip,128,iter-density-1pct,baseline,1,40.290154
string24,sip,128,iter-density-1pct,quick_cache,1,23.106364
string24,sip,128,iter-density-1pct,lru,1,1.305238
string24,sip,128,iter-density-1pct,hashlink,1,1.297668
string24,sip,128,iter-density-1pct,micro,1,40.334341
string24,sip,128,iter-density-1pct,quick_cache,2,28.178288
string24,sip,128,iter-density-1pct,lru,2,1.321912
string24,sip,128,iter-density-1pct,hashlink,2,1.355141
string24,sip,128,iter-density-1pct,micro,2,40.243871
string24,sip,128,iter-density-1pct,baseline,2,39.682408
string24,sip,128,iter-density-1pct,lru,3,1.337337
string24,sip,128,iter-density-1pct,hashlink,3,1.306129
string24,sip,128,iter-density-1pct,micro,3,39.580255
string24,sip,128,iter-density-1pct,baseline,3,41.386819
string24,sip,128,iter-density-1pct,quick_cache,3,27.154069
string24,sip,128,iter-density-1pct,hashlink,4,1.310969
string24,sip,128,iter-density-1pct,micro,4,40.511947
string24,sip,128,iter-density-1pct,baseline,4,40.022807
string24,sip,128,iter-density-1pct,quick_cache,4,28.707632
string24,sip,128,iter-density-1pct,lru,4,1.320925
string24,sip,128,iter-density-6pct,micro,0,38.696541
string24,sip,128,iter-density-6pct,baseline,0,38.299237
string24,sip,128,iter-density-6pct,quick_cache,0,26.829623
string24,sip,128,iter-density-6pct,lru,0,3.204471
string24,sip,128,iter-density-6pct,hashlink,0,3.268988
string24,sip,128,iter-density-6pct,baseline,1,37.847647
string24,sip,128,iter-density-6pct,quick_cache,1,24.544609
string24,sip,128,iter-density-6pct,lru,1,4.079990
string24,sip,128,iter-density-6pct,hashlink,1,3.291368
string24,sip,128,iter-density-6pct,micro,1,42.189721
string24,sip,128,iter-density-6pct,quick_cache,2,31.566088
string24,sip,128,iter-density-6pct,lru,2,3.676522
string24,sip,128,iter-density-6pct,hashlink,2,3.507523
string24,sip,128,iter-density-6pct,micro,2,48.659526
string24,sip,128,iter-density-6pct,baseline,2,75.013389
string24,sip,128,iter-density-6pct,lru,3,7.166630
string24,sip,128,iter-density-6pct,hashlink,3,9.360414
string24,sip,128,iter-density-6pct,micro,3,55.883269
string24,sip,128,iter-density-6pct,baseline,3,45.334405
string24,sip,128,iter-density-6pct,quick_cache,3,28.907531
string24,sip,128,iter-density-6pct,hashlink,4,3.150351
string24,sip,128,iter-density-6pct,micro,4,39.827488
string24,sip,128,iter-density-6pct,baseline,4,38.602022
string24,sip,128,iter-density-6pct,quick_cache,4,30.930702
string24,sip,128,iter-density-6pct,lru,4,3.756815
string24,sip,128,iter-density-quarter,micro,0,38.975374
string24,sip,128,iter-density-quarter,baseline,0,38.836051
string24,sip,128,iter-density-quarter,quick_cache,0,27.016260
string24,sip,128,iter-density-quarter,lru,0,20.139917
string24,sip,128,iter-density-quarter,hashlink,0,20.034001
string24,sip,128,iter-density-quarter,baseline,1,39.144050
string24,sip,128,iter-density-quarter,quick_cache,1,26.611579
string24,sip,128,iter-density-quarter,lru,1,19.858908
string24,sip,128,iter-density-quarter,hashlink,1,21.121382
string24,sip,128,iter-density-quarter,micro,1,39.364780
string24,sip,128,iter-density-quarter,quick_cache,2,22.601254
string24,sip,128,iter-density-quarter,lru,2,20.253598
string24,sip,128,iter-density-quarter,hashlink,2,20.593105
string24,sip,128,iter-density-quarter,micro,2,45.861354
string24,sip,128,iter-density-quarter,baseline,2,48.416742
string24,sip,128,iter-density-quarter,lru,3,29.010839
string24,sip,128,iter-density-quarter,hashlink,3,20.709652
string24,sip,128,iter-density-quarter,micro,3,41.869531
string24,sip,128,iter-density-quarter,baseline,3,39.364242
string24,sip,128,iter-density-quarter,quick_cache,3,31.330041
string24,sip,128,iter-density-quarter,hashlink,4,29.857514
string24,sip,128,iter-density-quarter,micro,4,40.291846
string24,sip,128,iter-density-quarter,baseline,4,39.917252
string24,sip,128,iter-density-quarter,quick_cache,4,23.515558
string24,sip,128,iter-density-quarter,lru,4,20.424070
string24,sip,128,iter-density-half,micro,0,73.045439
string24,sip,128,iter-density-half,baseline,0,76.129616
string24,sip,128,iter-density-half,quick_cache,0,25.089761
string24,sip,128,iter-density-half,lru,0,55.074391
string24,sip,128,iter-density-half,hashlink,0,53.117617
string24,sip,128,iter-density-half,baseline,1,73.748894
string24,sip,128,iter-density-half,quick_cache,1,27.312272
string24,sip,128,iter-density-half,lru,1,54.689012
string24,sip,128,iter-density-half,hashlink,1,52.962662
string24,sip,128,iter-density-half,micro,1,67.955548
string24,sip,128,iter-density-half,quick_cache,2,26.751213
string24,sip,128,iter-density-half,lru,2,61.300899
string24,sip,128,iter-density-half,hashlink,2,55.059087
string24,sip,128,iter-density-half,micro,2,65.217359
string24,sip,128,iter-density-half,baseline,2,70.896776
string24,sip,128,iter-density-half,lru,3,66.048718
string24,sip,128,iter-density-half,hashlink,3,69.607809
string24,sip,128,iter-density-half,micro,3,82.058590
string24,sip,128,iter-density-half,baseline,3,72.568982
string24,sip,128,iter-density-half,quick_cache,3,25.826446
string24,sip,128,iter-density-half,hashlink,4,55.200210
string24,sip,128,iter-density-half,micro,4,70.712151
string24,sip,128,iter-density-half,baseline,4,76.052033
string24,sip,128,iter-density-half,quick_cache,4,25.915345
string24,sip,128,iter-density-half,lru,4,54.020719
string24,sip,128,iter-front,micro,0,39.301525
string24,sip,128,iter-front,baseline,0,39.662318
string24,sip,128,iter-front,quick_cache,0,26.130940
string24,sip,128,iter-front,lru,0,1.258998
string24,sip,128,iter-front,hashlink,0,1.206812
string24,sip,128,iter-front,baseline,1,39.732309
string24,sip,128,iter-front,quick_cache,1,23.285852
string24,sip,128,iter-front,lru,1,1.238180
string24,sip,128,iter-front,hashlink,1,1.366160
string24,sip,128,iter-front,micro,1,44.228449
string24,sip,128,iter-front,quick_cache,2,22.698363
string24,sip,128,iter-front,lru,2,1.240966
string24,sip,128,iter-front,hashlink,2,1.224370
string24,sip,128,iter-front,micro,2,42.741454
string24,sip,128,iter-front,baseline,2,39.889940
string24,sip,128,iter-front,lru,3,1.269173
string24,sip,128,iter-front,hashlink,3,1.303314
string24,sip,128,iter-front,micro,3,45.035077
string24,sip,128,iter-front,baseline,3,41.478922
string24,sip,128,iter-front,quick_cache,3,28.440078
string24,sip,128,iter-front,hashlink,4,1.265165
string24,sip,128,iter-front,micro,4,38.461136
string24,sip,128,iter-front,baseline,4,38.937046
string24,sip,128,iter-front,quick_cache,4,22.781402
string24,sip,128,iter-front,lru,4,1.319846
string24,sip,128,iter-back,micro,0,45.668686
string24,sip,128,iter-back,baseline,0,40.973242
string24,sip,128,iter-back,quick_cache,0,21.205899
string24,sip,128,iter-back,lru,0,1.253493
string24,sip,128,iter-back,hashlink,0,1.255676
string24,sip,128,iter-back,baseline,1,42.685452
string24,sip,128,iter-back,quick_cache,1,22.273048
string24,sip,128,iter-back,lru,1,1.207512
string24,sip,128,iter-back,hashlink,1,1.213451
string24,sip,128,iter-back,micro,1,40.514815
string24,sip,128,iter-back,quick_cache,2,22.387872
string24,sip,128,iter-back,lru,2,1.222613
string24,sip,128,iter-back,hashlink,2,1.222119
string24,sip,128,iter-back,micro,2,38.572411
string24,sip,128,iter-back,baseline,2,37.636587
string24,sip,128,iter-back,lru,3,1.224882
string24,sip,128,iter-back,hashlink,3,1.280231
string24,sip,128,iter-back,micro,3,39.174551
string24,sip,128,iter-back,baseline,3,39.542479
string24,sip,128,iter-back,quick_cache,3,22.040837
string24,sip,128,iter-back,hashlink,4,1.152159
string24,sip,128,iter-back,micro,4,40.632000
string24,sip,128,iter-back,baseline,4,43.983789
string24,sip,128,iter-back,quick_cache,4,21.154156
string24,sip,128,iter-back,lru,4,1.202802
string24,sip,128,iter-empty,micro,0,40.062006
string24,sip,128,iter-empty,baseline,0,36.032475
string24,sip,128,iter-empty,quick_cache,0,21.250935
string24,sip,128,iter-empty,lru,0,0.986157
string24,sip,128,iter-empty,hashlink,0,0.990523
string24,sip,128,iter-empty,baseline,1,39.361513
string24,sip,128,iter-empty,quick_cache,1,20.738000
string24,sip,128,iter-empty,lru,1,1.064446
string24,sip,128,iter-empty,hashlink,1,1.012878
string24,sip,128,iter-empty,micro,1,38.717898
string24,sip,128,iter-empty,quick_cache,2,21.096739
string24,sip,128,iter-empty,lru,2,0.989529
string24,sip,128,iter-empty,hashlink,2,1.013032
string24,sip,128,iter-empty,micro,2,38.860689
string24,sip,128,iter-empty,baseline,2,37.067169
string24,sip,128,iter-empty,lru,3,1.003371
string24,sip,128,iter-empty,hashlink,3,1.005179
string24,sip,128,iter-empty,micro,3,38.377085
string24,sip,128,iter-empty,baseline,3,37.741021
string24,sip,128,iter-empty,quick_cache,3,23.459978
string24,sip,128,iter-empty,hashlink,4,1.047697
string24,sip,128,iter-empty,micro,4,42.601956
string24,sip,128,iter-empty,baseline,4,38.632764
string24,sip,128,iter-empty,quick_cache,4,24.977865
string24,sip,128,iter-empty,lru,4,1.100972
string24,sip,128,iter-count,micro,0,38.745578
string24,sip,128,iter-count,baseline,0,36.806304
string24,sip,128,iter-count,quick_cache,0,56.280054
string24,sip,128,iter-count,lru,0,0.405392
string24,sip,128,iter-count,hashlink,0,0.418109
string24,sip,128,iter-count,baseline,1,42.226380
string24,sip,128,iter-count,quick_cache,1,56.611666
string24,sip,128,iter-count,lru,1,0.401787
string24,sip,128,iter-count,hashlink,1,0.413098
string24,sip,128,iter-count,micro,1,38.451486
string24,sip,128,iter-count,quick_cache,2,55.770512
string24,sip,128,iter-count,lru,2,0.405420
string24,sip,128,iter-count,hashlink,2,0.406892
string24,sip,128,iter-count,micro,2,37.821321
string24,sip,128,iter-count,baseline,2,36.289534
string24,sip,128,iter-count,lru,3,0.411739
string24,sip,128,iter-count,hashlink,3,0.408475
string24,sip,128,iter-count,micro,3,37.498328
string24,sip,128,iter-count,baseline,3,37.787631
string24,sip,128,iter-count,quick_cache,3,54.774953
string24,sip,128,iter-count,hashlink,4,0.400913
string24,sip,128,iter-count,micro,4,40.051834
string24,sip,128,iter-count,baseline,4,39.294393
string24,sip,128,iter-count,quick_cache,4,57.255145
string24,sip,128,iter-count,lru,4,0.409560
string24,sip,1024,get-hit,micro,0,12.277730
string24,sip,1024,get-hit,baseline,0,11.809826
string24,sip,1024,get-hit,quick_cache,0,11.871995
string24,sip,1024,get-hit,lru,0,15.330633
string24,sip,1024,get-hit,hashlink,0,12.239583
string24,sip,1024,get-hit,baseline,1,11.322177
string24,sip,1024,get-hit,quick_cache,1,12.138121
string24,sip,1024,get-hit,lru,1,12.550692
string24,sip,1024,get-hit,hashlink,1,11.988486
string24,sip,1024,get-hit,micro,1,12.000791
string24,sip,1024,get-hit,quick_cache,2,12.097101
string24,sip,1024,get-hit,lru,2,13.717837
string24,sip,1024,get-hit,hashlink,2,12.272811
string24,sip,1024,get-hit,micro,2,11.884793
string24,sip,1024,get-hit,baseline,2,11.328802
string24,sip,1024,get-hit,lru,3,12.824572
string24,sip,1024,get-hit,hashlink,3,11.579353
string24,sip,1024,get-hit,micro,3,12.715484
string24,sip,1024,get-hit,baseline,3,11.902675
string24,sip,1024,get-hit,quick_cache,3,11.996527
string24,sip,1024,get-hit,hashlink,4,12.222457
string24,sip,1024,get-hit,micro,4,11.883736
string24,sip,1024,get-hit,baseline,4,14.200843
string24,sip,1024,get-hit,quick_cache,4,12.211100
string24,sip,1024,get-hit,lru,4,13.628549
string24,sip,1024,get-miss,micro,0,8.973904
string24,sip,1024,get-miss,baseline,0,8.224148
string24,sip,1024,get-miss,quick_cache,0,10.384738
string24,sip,1024,get-miss,lru,0,8.535341
string24,sip,1024,get-miss,hashlink,0,7.947881
string24,sip,1024,get-miss,baseline,1,8.242006
string24,sip,1024,get-miss,quick_cache,1,8.205271
string24,sip,1024,get-miss,lru,1,9.290442
string24,sip,1024,get-miss,hashlink,1,10.375129
string24,sip,1024,get-miss,micro,1,8.296148
string24,sip,1024,get-miss,quick_cache,2,8.038065
string24,sip,1024,get-miss,lru,2,8.395455
string24,sip,1024,get-miss,hashlink,2,8.784462
string24,sip,1024,get-miss,micro,2,9.638335
string24,sip,1024,get-miss,baseline,2,8.265970
string24,sip,1024,get-miss,lru,3,8.334650
string24,sip,1024,get-miss,hashlink,3,8.122983
string24,sip,1024,get-miss,micro,3,8.739383
string24,sip,1024,get-miss,baseline,3,8.289027
string24,sip,1024,get-miss,quick_cache,3,8.222903
string24,sip,1024,get-miss,hashlink,4,8.079417
string24,sip,1024,get-miss,micro,4,8.532502
string24,sip,1024,get-miss,baseline,4,8.471519
string24,sip,1024,get-miss,quick_cache,4,10.330482
string24,sip,1024,get-miss,lru,4,9.681971
string24,sip,1024,update,micro,0,27.043666
string24,sip,1024,update,baseline,0,28.218196
string24,sip,1024,update,quick_cache,0,42.655097
string24,sip,1024,update,lru,0,29.446327
string24,sip,1024,update,hashlink,0,25.381470
string24,sip,1024,update,baseline,1,24.872510
string24,sip,1024,update,quick_cache,1,41.219076
string24,sip,1024,update,lru,1,29.163182
string24,sip,1024,update,hashlink,1,26.116260
string24,sip,1024,update,micro,1,26.218959
string24,sip,1024,update,quick_cache,2,41.524251
string24,sip,1024,update,lru,2,27.308149
string24,sip,1024,update,hashlink,2,29.692430
string24,sip,1024,update,micro,2,25.426912
string24,sip,1024,update,baseline,2,26.308332
string24,sip,1024,update,lru,3,26.867824
string24,sip,1024,update,hashlink,3,25.509302
string24,sip,1024,update,micro,3,26.709778
string24,sip,1024,update,baseline,3,25.954867
string24,sip,1024,update,quick_cache,3,41.749173
string24,sip,1024,update,hashlink,4,27.943569
string24,sip,1024,update,micro,4,28.979577
string24,sip,1024,update,baseline,4,30.337994
string24,sip,1024,update,quick_cache,4,66.836894
string24,sip,1024,update,lru,4,28.017317
string24,sip,1024,insert-cycle,micro,0,55.465133
string24,sip,1024,insert-cycle,baseline,0,53.559082
string24,sip,1024,insert-cycle,quick_cache,0,36.177472
string24,sip,1024,insert-cycle,lru,0,71.911040
string24,sip,1024,insert-cycle,hashlink,0,70.055757
string24,sip,1024,insert-cycle,baseline,1,52.417969
string24,sip,1024,insert-cycle,quick_cache,1,37.158704
string24,sip,1024,insert-cycle,lru,1,72.412877
string24,sip,1024,insert-cycle,hashlink,1,70.600237
string24,sip,1024,insert-cycle,micro,1,51.386685
string24,sip,1024,insert-cycle,quick_cache,2,36.133801
string24,sip,1024,insert-cycle,lru,2,71.088518
string24,sip,1024,insert-cycle,hashlink,2,70.437477
string24,sip,1024,insert-cycle,micro,2,50.890692
string24,sip,1024,insert-cycle,baseline,2,50.712503
string24,sip,1024,insert-cycle,lru,3,70.775600
string24,sip,1024,insert-cycle,hashlink,3,69.813121
string24,sip,1024,insert-cycle,micro,3,50.486247
string24,sip,1024,insert-cycle,baseline,3,50.810715
string24,sip,1024,insert-cycle,quick_cache,3,36.400772
string24,sip,1024,insert-cycle,hashlink,4,75.074243
string24,sip,1024,insert-cycle,micro,4,55.406359
string24,sip,1024,insert-cycle,baseline,4,55.698730
string24,sip,1024,insert-cycle,quick_cache,4,37.517798
string24,sip,1024,insert-cycle,lru,4,73.932910
string24,sip,1024,mixed-95,micro,0,18.284937
string24,sip,1024,mixed-95,baseline,0,18.747151
string24,sip,1024,mixed-95,quick_cache,0,21.352708
string24,sip,1024,mixed-95,lru,0,20.624181
string24,sip,1024,mixed-95,hashlink,0,20.585835
string24,sip,1024,mixed-95,baseline,1,19.781768
string24,sip,1024,mixed-95,quick_cache,1,22.848387
string24,sip,1024,mixed-95,lru,1,23.484051
string24,sip,1024,mixed-95,hashlink,1,20.224472
string24,sip,1024,mixed-95,micro,1,18.672228
string24,sip,1024,mixed-95,quick_cache,2,21.498939
string24,sip,1024,mixed-95,lru,2,20.156522
string24,sip,1024,mixed-95,hashlink,2,19.800147
string24,sip,1024,mixed-95,micro,2,17.795602
string24,sip,1024,mixed-95,baseline,2,18.118341
string24,sip,1024,mixed-95,lru,3,20.678143
string24,sip,1024,mixed-95,hashlink,3,20.267526
string24,sip,1024,mixed-95,micro,3,18.686195
string24,sip,1024,mixed-95,baseline,3,19.064108
string24,sip,1024,mixed-95,quick_cache,3,21.278063
string24,sip,1024,mixed-95,hashlink,4,19.102116
string24,sip,1024,mixed-95,micro,4,17.912030
string24,sip,1024,mixed-95,baseline,4,18.136799
string24,sip,1024,mixed-95,quick_cache,4,20.675640
string24,sip,1024,mixed-95,lru,4,19.352853
string24,sip,1024,load-hit,micro,0,14.679766
string24,sip,1024,load-hit,baseline,0,24.639893
string24,sip,1024,load-hit,quick_cache,0,15.081787
string24,sip,1024,load-hit,lru,0,15.643646
string24,sip,1024,load-hit,hashlink,0,11.530560
string24,sip,1024,load-hit,baseline,1,24.281181
string24,sip,1024,load-hit,quick_cache,1,14.972124
string24,sip,1024,load-hit,lru,1,15.397603
string24,sip,1024,load-hit,hashlink,1,11.463959
string24,sip,1024,load-hit,micro,1,14.757896
string24,sip,1024,load-hit,quick_cache,2,14.835205
string24,sip,1024,load-hit,lru,2,16.791831
string24,sip,1024,load-hit,hashlink,2,11.177450
string24,sip,1024,load-hit,micro,2,14.447529
string24,sip,1024,load-hit,baseline,2,24.089180
string24,sip,1024,load-hit,lru,3,15.145669
string24,sip,1024,load-hit,hashlink,3,11.146159
string24,sip,1024,load-hit,micro,3,14.459074
string24,sip,1024,load-hit,baseline,3,24.252892
string24,sip,1024,load-hit,quick_cache,3,15.037231
string24,sip,1024,load-hit,hashlink,4,11.126276
string24,sip,1024,load-hit,micro,4,14.267752
string24,sip,1024,load-hit,baseline,4,24.780615
string24,sip,1024,load-hit,quick_cache,4,14.804277
string24,sip,1024,load-hit,lru,4,15.433207
string24,sip,1024,load-cycle,micro,0,53.256801
string24,sip,1024,load-cycle,baseline,0,52.996687
string24,sip,1024,load-cycle,quick_cache,0,29.815674
string24,sip,1024,load-cycle,lru,0,74.403882
string24,sip,1024,load-cycle,hashlink,0,77.998638
string24,sip,1024,load-cycle,baseline,1,53.750907
string24,sip,1024,load-cycle,quick_cache,1,29.999402
string24,sip,1024,load-cycle,lru,1,73.030018
string24,sip,1024,load-cycle,hashlink,1,75.400806
string24,sip,1024,load-cycle,micro,1,53.269880
string24,sip,1024,load-cycle,quick_cache,2,29.591064
string24,sip,1024,load-cycle,lru,2,74.247217
string24,sip,1024,load-cycle,hashlink,2,75.876880
string24,sip,1024,load-cycle,micro,2,51.769043
string24,sip,1024,load-cycle,baseline,2,51.783068
string24,sip,1024,load-cycle,lru,3,73.447681
string24,sip,1024,load-cycle,hashlink,3,74.779272
string24,sip,1024,load-cycle,micro,3,51.367053
string24,sip,1024,load-cycle,baseline,3,51.728347
string24,sip,1024,load-cycle,quick_cache,3,28.897557
string24,sip,1024,load-cycle,hashlink,4,74.709058
string24,sip,1024,load-cycle,micro,4,51.488416
string24,sip,1024,load-cycle,baseline,4,51.332671
string24,sip,1024,load-cycle,quick_cache,4,28.614145
string24,sip,1024,load-cycle,lru,4,73.911548
string24,sip,1024,clear-refill,micro,0,25899.784483
string24,sip,1024,clear-refill,baseline,0,25914.146552
string24,sip,1024,clear-refill,quick_cache,0,27465.527273
string24,sip,1024,clear-refill,lru,0,70112.418605
string24,sip,1024,clear-refill,hashlink,0,45175.373134
string24,sip,1024,clear-refill,baseline,1,26380.482456
string24,sip,1024,clear-refill,quick_cache,1,28307.000000
string24,sip,1024,clear-refill,lru,1,70750.000000
string24,sip,1024,clear-refill,hashlink,1,44291.058824
string24,sip,1024,clear-refill,micro,1,25797.367521
string24,sip,1024,clear-refill,quick_cache,2,27359.090909
string24,sip,1024,clear-refill,lru,2,69067.227273
string24,sip,1024,clear-refill,hashlink,2,44291.058824
string24,sip,1024,clear-refill,micro,2,26014.008621
string24,sip,1024,clear-refill,baseline,2,25827.632479
string24,sip,1024,clear-refill,lru,3,69369.318182
string24,sip,1024,clear-refill,hashlink,3,44244.485294
string24,sip,1024,clear-refill,micro,3,25791.666667
string24,sip,1024,clear-refill,baseline,3,25789.529915
string24,sip,1024,clear-refill,quick_cache,3,26948.660714
string24,sip,1024,clear-refill,hashlink,4,44260.411765
string24,sip,1024,clear-refill,micro,4,25870.689655
string24,sip,1024,clear-refill,baseline,4,25712.606838
string24,sip,1024,clear-refill,quick_cache,4,26853.419643
string24,sip,1024,clear-refill,lru,4,68727.272727
string24,sip,1024,clear-empty,micro,0,49.306148
string24,sip,1024,clear-empty,baseline,0,49.672951
string24,sip,1024,clear-empty,quick_cache,0,3.984256
string24,sip,1024,clear-empty,lru,0,2.211533
string24,sip,1024,clear-empty,hashlink,0,0.622263
string24,sip,1024,clear-empty,baseline,1,49.958444
string24,sip,1024,clear-empty,quick_cache,1,4.011359
string24,sip,1024,clear-empty,lru,1,2.268941
string24,sip,1024,clear-empty,hashlink,1,0.648251
string24,sip,1024,clear-empty,micro,1,48.516723
string24,sip,1024,clear-empty,quick_cache,2,3.973671
string24,sip,1024,clear-empty,lru,2,2.213591
string24,sip,1024,clear-empty,hashlink,2,0.635852
string24,sip,1024,clear-empty,micro,2,47.531977
string24,sip,1024,clear-empty,baseline,2,47.596549
string24,sip,1024,clear-empty,lru,3,2.211177
string24,sip,1024,clear-empty,hashlink,3,0.635525
string24,sip,1024,clear-empty,micro,3,47.938600
string24,sip,1024,clear-empty,baseline,3,47.803925
string24,sip,1024,clear-empty,quick_cache,3,3.944708
string24,sip,1024,clear-empty,hashlink,4,0.637140
string24,sip,1024,clear-empty,micro,4,47.586017
string24,sip,1024,clear-empty,baseline,4,47.947226
string24,sip,1024,clear-empty,quick_cache,4,3.964725
string24,sip,1024,clear-empty,lru,4,2.219881
string24,sip,1024,iter-dense,micro,0,276.875184
string24,sip,1024,iter-dense,baseline,0,275.568182
string24,sip,1024,iter-dense,quick_cache,0,254.499068
string24,sip,1024,iter-dense,lru,0,1353.738839
string24,sip,1024,iter-dense,hashlink,0,1324.512324
string24,sip,1024,iter-dense,baseline,1,276.187224
string24,sip,1024,iter-dense,quick_cache,1,259.675760
string24,sip,1024,iter-dense,lru,1,1372.697464
string24,sip,1024,iter-dense,hashlink,1,1348.084375
string24,sip,1024,iter-dense,micro,1,282.422722
string24,sip,1024,iter-dense,quick_cache,2,261.878841
string24,sip,1024,iter-dense,lru,2,1333.131602
string24,sip,1024,iter-dense,hashlink,2,1305.736111
string24,sip,1024,iter-dense,micro,2,278.133506
string24,sip,1024,iter-dense,baseline,2,275.717100
string24,sip,1024,iter-dense,lru,3,1322.495158
string24,sip,1024,iter-dense,hashlink,3,1284.065034
string24,sip,1024,iter-dense,micro,3,277.513221
string24,sip,1024,iter-dense,baseline,3,277.744360
string24,sip,1024,iter-dense,quick_cache,3,254.467310
string24,sip,1024,iter-dense,hashlink,4,1325.612676
string24,sip,1024,iter-dense,micro,4,275.694190
string24,sip,1024,iter-dense,baseline,4,276.882836
string24,sip,1024,iter-dense,quick_cache,4,254.167429
string24,sip,1024,iter-dense,lru,4,1333.480194
string24,sip,1024,iter-dense-for,micro,0,275.667522
string24,sip,1024,iter-dense-for,baseline,0,276.256158
string24,sip,1024,iter-dense-for,quick_cache,0,513.042179
string24,sip,1024,iter-dense-for,lru,0,778.064824
string24,sip,1024,iter-dense-for,hashlink,0,917.930825
string24,sip,1024,iter-dense-for,baseline,1,275.533816
string24,sip,1024,iter-dense-for,quick_cache,1,265.964324
string24,sip,1024,iter-dense-for,lru,1,793.340861
string24,sip,1024,iter-dense-for,hashlink,1,967.810245
string24,sip,1024,iter-dense-for,micro,1,278.133506
string24,sip,1024,iter-dense-for,quick_cache,2,528.316713
string24,sip,1024,iter-dense-for,lru,2,780.475207
string24,sip,1024,iter-dense-for,hashlink,2,871.142072
string24,sip,1024,iter-dense-for,micro,2,269.146938
string24,sip,1024,iter-dense-for,baseline,2,272.703216
string24,sip,1024,iter-dense-for,lru,3,741.480069
string24,sip,1024,iter-dense-for,hashlink,3,882.337909
string24,sip,1024,iter-dense-for,micro,3,273.100654
string24,sip,1024,iter-dense-for,baseline,3,273.229288
string24,sip,1024,iter-dense-for,quick_cache,3,506.209341
string24,sip,1024,iter-dense-for,hashlink,4,904.396935
string24,sip,1024,iter-dense-for,micro,4,271.950543
string24,sip,1024,iter-dense-for,baseline,4,273.263354
string24,sip,1024,iter-dense-for,quick_cache,4,264.172535
string24,sip,1024,iter-dense-for,lru,4,751.020750
string24,sip,1024,iter-density-1pct,micro,0,338.092064
string24,sip,1024,iter-density-1pct,baseline,0,337.090278
string24,sip,1024,iter-density-1pct,quick_cache,0,203.757660
string24,sip,1024,iter-density-1pct,lru,0,4.268797
string24,sip,1024,iter-density-1pct,hashlink,0,4.203341
string24,sip,1024,iter-density-1pct,baseline,1,340.721241
string24,sip,1024,iter-density-1pct,quick_cache,1,203.559992
string24,sip,1024,iter-density-1pct,lru,1,4.286694
string24,sip,1024,iter-density-1pct,hashlink,1,4.242007
string24,sip,1024,iter-density-1pct,micro,1,348.234954
string24,sip,1024,iter-density-1pct,quick_cache,2,176.415179
string24,sip,1024,iter-density-1pct,lru,2,4.343756
string24,sip,1024,iter-density-1pct,hashlink,2,4.331975
string24,sip,1024,iter-density-1pct,micro,2,339.237365
string24,sip,1024,iter-density-1pct,baseline,2,338.045189
string24,sip,1024,iter-density-1pct,lru,3,4.350954
string24,sip,1024,iter-density-1pct,hashlink,3,4.224686
string24,sip,1024,iter-density-1pct,micro,3,354.613797
string24,sip,1024,iter-density-1pct,baseline,3,352.526903
string24,sip,1024,iter-density-1pct,quick_cache,3,175.096199
string24,sip,1024,iter-density-1pct,hashlink,4,4.248233
string24,sip,1024,iter-density-1pct,micro,4,359.993654
string24,sip,1024,iter-density-1pct,baseline,4,353.084821
string24,sip,1024,iter-density-1pct,quick_cache,4,176.032892
string24,sip,1024,iter-density-1pct,lru,4,4.236316
string24,sip,1024,iter-density-6pct,micro,0,299.986721
string24,sip,1024,iter-density-6pct,baseline,0,299.342357
string24,sip,1024,iter-density-6pct,quick_cache,0,178.844226
string24,sip,1024,iter-density-6pct,lru,0,52.176075
string24,sip,1024,iter-density-6pct,hashlink,0,50.995072
string24,sip,1024,iter-density-6pct,baseline,1,297.414854
string24,sip,1024,iter-density-6pct,quick_cache,1,178.591310
string24,sip,1024,iter-density-6pct,lru,1,51.161279
string24,sip,1024,iter-density-6pct,hashlink,1,51.076985
string24,sip,1024,iter-density-6pct,micro,1,299.691294
string24,sip,1024,iter-density-6pct,quick_cache,2,180.259777
string24,sip,1024,iter-density-6pct,lru,2,53.256016
string24,sip,1024,iter-density-6pct,hashlink,2,52.793367
string24,sip,1024,iter-density-6pct,micro,2,312.443729
string24,sip,1024,iter-density-6pct,baseline,2,297.200455
string24,sip,1024,iter-density-6pct,lru,3,50.611896
string24,sip,1024,iter-density-6pct,hashlink,3,51.507722
string24,sip,1024,iter-density-6pct,micro,3,300.431809
string24,sip,1024,iter-density-6pct,baseline,3,297.039755
string24,sip,1024,iter-density-6pct,quick_cache,3,178.145754
string24,sip,1024,iter-density-6pct,hashlink,4,51.489137
string24,sip,1024,iter-density-6pct,micro,4,284.596023
string24,sip,1024,iter-density-6pct,baseline,4,282.956043
string24,sip,1024,iter-density-6pct,quick_cache,4,204.146875
string24,sip,1024,iter-density-6pct,lru,4,50.722096
string24,sip,1024,iter-density-quarter,micro,0,254.971298
string24,sip,1024,iter-density-quarter,baseline,0,255.552452
string24,sip,1024,iter-density-quarter,quick_cache,0,194.320458
string24,sip,1024,iter-density-quarter,lru,0,292.847060
string24,sip,1024,iter-density-quarter,hashlink,0,291.909259
string24,sip,1024,iter-density-quarter,baseline,1,260.330073
string24,sip,1024,iter-density-quarter,quick_cache,1,196.279550
string24,sip,1024,iter-density-quarter,lru,1,294.091203
string24,sip,1024,iter-density-quarter,hashlink,1,293.131543
string24,sip,1024,iter-density-quarter,micro,1,256.784324
string24,sip,1024,iter-density-quarter,quick_cache,2,196.412984
string24,sip,1024,iter-density-quarter,lru,2,303.423185
string24,sip,1024,iter-density-quarter,hashlink,2,302.465524
string24,sip,1024,iter-density-quarter,micro,2,257.505651
string24,sip,1024,iter-density-quarter,baseline,2,267.442664
string24,sip,1024,iter-density-quarter,lru,3,306.277993
string24,sip,1024,iter-density-quarter,hashlink,3,283.323074
string24,sip,1024,iter-density-quarter,micro,3,249.484043
string24,sip,1024,iter-density-quarter,baseline,3,253.480405
string24,sip,1024,iter-density-quarter,quick_cache,3,199.315486
string24,sip,1024,iter-density-quarter,hashlink,4,314.037207
string24,sip,1024,iter-density-quarter,micro,4,256.321892
string24,sip,1024,iter-density-quarter,baseline,4,258.655475
string24,sip,1024,iter-density-quarter,quick_cache,4,195.429167
string24,sip,1024,iter-density-quarter,lru,4,295.339524
string24,sip,1024,iter-density-half,micro,0,500.041556
string24,sip,1024,iter-density-half,baseline,0,499.030419
string24,sip,1024,iter-density-half,quick_cache,0,198.130934
string24,sip,1024,iter-density-half,lru,0,624.163700
string24,sip,1024,iter-density-half,hashlink,0,619.817229
string24,sip,1024,iter-density-half,baseline,1,500.782580
string24,sip,1024,iter-density-half,quick_cache,1,198.403872
string24,sip,1024,iter-density-half,lru,1,643.773116
string24,sip,1024,iter-density-half,hashlink,1,623.378725
string24,sip,1024,iter-density-half,micro,1,500.401762
string24,sip,1024,iter-density-half,quick_cache,2,197.052258
string24,sip,1024,iter-density-half,lru,2,625.147500
string24,sip,1024,iter-density-half,hashlink,2,646.252568
string24,sip,1024,iter-density-half,micro,2,497.953869
string24,sip,1024,iter-density-half,baseline,2,497.581845
string24,sip,1024,iter-density-half,lru,3,660.065122
string24,sip,1024,iter-density-half,hashlink,3,660.046984
string24,sip,1024,iter-density-half,micro,3,489.969889
string24,sip,1024,iter-density-half,baseline,3,495.771711
string24,sip,1024,iter-density-half,quick_cache,3,198.494781
string24,sip,1024,iter-density-half,hashlink,4,628.506875
string24,sip,1024,iter-density-half,micro,4,497.705853
string24,sip,1024,iter-density-half,baseline,4,497.423446
string24,sip,1024,iter-density-half,quick_cache,4,199.293392
string24,sip,1024,iter-density-half,lru,4,637.914541
string24,sip,1024,iter-front,micro,0,259.006647
string24,sip,1024,iter-front,baseline,0,259.013898
string24,sip,1024,iter-front,quick_cache,0,194.099379
string24,sip,1024,iter-front,lru,0,1.231349
string24,sip,1024,iter-front,hashlink,0,1.200768
string24,sip,1024,iter-front,baseline,1,262.489787
string24,sip,1024,iter-front,quick_cache,1,195.812696
string24,sip,1024,iter-front,lru,1,1.187626
string24,sip,1024,iter-front,hashlink,1,1.184999
string24,sip,1024,iter-front,micro,1,262.776436
string24,sip,1024,iter-front,quick_cache,2,196.252288
string24,sip,1024,iter-front,lru,2,1.185853
string24,sip,1024,iter-front,hashlink,2,1.191808
string24,sip,1024,iter-front,micro,2,267.138533
string24,sip,1024,iter-front,baseline,2,264.275176
string24,sip,1024,iter-front,lru,3,1.207449
string24,sip,1024,iter-front,hashlink,3,1.210552
string24,sip,1024,iter-front,micro,3,269.516254
string24,sip,1024,iter-front,baseline,3,265.029131
string24,sip,1024,iter-front,quick_cache,3,198.615883
string24,sip,1024,iter-front,hashlink,4,1.188785
string24,sip,1024,iter-front,micro,4,263.357268
string24,sip,1024,iter-front,baseline,4,258.687758
string24,sip,1024,iter-front,quick_cache,4,196.639151
string24,sip,1024,iter-front,lru,4,1.185988
string24,sip,1024,iter-back,micro,0,264.896716
string24,sip,1024,iter-back,baseline,0,264.352289
string24,sip,1024,iter-back,quick_cache,0,195.750130
string24,sip,1024,iter-back,lru,0,1.182234
string24,sip,1024,iter-back,hashlink,0,1.192005
string24,sip,1024,iter-back,baseline,1,268.859688
string24,sip,1024,iter-back,quick_cache,1,195.654297
string24,sip,1024,iter-back,lru,1,1.187897
string24,sip,1024,iter-back,hashlink,1,1.153293
string24,sip,1024,iter-back,micro,1,269.072350
string24,sip,1024,iter-back,quick_cache,2,196.505622
string24,sip,1024,iter-back,lru,2,1.187370
string24,sip,1024,iter-back,hashlink,2,1.162863
string24,sip,1024,iter-back,micro,2,266.971413
string24,sip,1024,iter-back,baseline,2,265.227754
string24,sip,1024,iter-back,lru,3,1.201831
string24,sip,1024,iter-back,hashlink,3,1.165233
string24,sip,1024,iter-back,micro,3,269.826778
string24,sip,1024,iter-back,baseline,3,271.548410
string24,sip,1024,iter-back,quick_cache,3,167.559542
string24,sip,1024,iter-back,hashlink,4,1.184265
string24,sip,1024,iter-back,micro,4,268.221696
string24,sip,1024,iter-back,baseline,4,268.132411
string24,sip,1024,iter-back,quick_cache,4,167.852247
string24,sip,1024,iter-back,lru,4,1.182995
string24,sip,1024,iter-empty,micro,0,268.564018
string24,sip,1024,iter-empty,baseline,0,262.191603
string24,sip,1024,iter-empty,quick_cache,0,165.465664
string24,sip,1024,iter-empty,lru,0,0.986292
string24,sip,1024,iter-empty,hashlink,0,0.996185
string24,sip,1024,iter-empty,baseline,1,263.895014
string24,sip,1024,iter-empty,quick_cache,1,165.972954
string24,sip,1024,iter-empty,lru,1,0.983086
string24,sip,1024,iter-empty,hashlink,1,1.003952
string24,sip,1024,iter-empty,micro,1,265.415343
string24,sip,1024,iter-empty,quick_cache,2,165.087203
string24,sip,1024,iter-empty,lru,2,0.982684
string24,sip,1024,iter-empty,hashlink,2,0.993072
string24,sip,1024,iter-empty,micro,2,265.632436
string24,sip,1024,iter-empty,baseline,2,262.507943
string24,sip,1024,iter-empty,lru,3,0.983746
string24,sip,1024,iter-empty,hashlink,3,1.011403
string24,sip,1024,iter-empty,micro,3,270.051365
string24,sip,1024,iter-empty,baseline,3,262.209759
string24,sip,1024,iter-empty,quick_cache,3,169.491764
string24,sip,1024,iter-empty,hashlink,4,1.097942
string24,sip,1024,iter-empty,micro,4,271.443009
string24,sip,1024,iter-empty,baseline,4,269.012715
string24,sip,1024,iter-empty,quick_cache,4,168.769672
string24,sip,1024,iter-empty,lru,4,1.009965
string24,sip,1024,iter-count,micro,0,274.054415
string24,sip,1024,iter-count,baseline,0,275.068859
string24,sip,1024,iter-count,quick_cache,0,520.245924
string24,sip,1024,iter-count,lru,0,0.409303
string24,sip,1024,iter-count,hashlink,0,0.408205
string24,sip,1024,iter-count,baseline,1,288.451124
string24,sip,1024,iter-count,quick_cache,1,539.077415
string24,sip,1024,iter-count,lru,1,0.408860
string24,sip,1024,iter-count,hashlink,1,0.406418
string24,sip,1024,iter-count,micro,1,272.816679
string24,sip,1024,iter-count,quick_cache,2,513.431216
string24,sip,1024,iter-count,lru,2,0.426276
string24,sip,1024,iter-count,hashlink,2,0.418673
string24,sip,1024,iter-count,micro,2,270.485618
string24,sip,1024,iter-count,baseline,2,271.173651
string24,sip,1024,iter-count,lru,3,0.413891
string24,sip,1024,iter-count,hashlink,3,0.410346
string24,sip,1024,iter-count,micro,3,275.367914
string24,sip,1024,iter-count,baseline,3,275.224110
string24,sip,1024,iter-count,quick_cache,3,516.127378
string24,sip,1024,iter-count,hashlink,4,0.412571
string24,sip,1024,iter-count,micro,4,275.920603
string24,sip,1024,iter-count,baseline,4,285.315104
string24,sip,1024,iter-count,quick_cache,4,513.888835
string24,sip,1024,iter-count,lru,4,0.405926
string24,sip,16384,get-hit,micro,0,15.890544
string24,sip,16384,get-hit,baseline,0,16.417130
string24,sip,16384,get-hit,quick_cache,0,18.613787
string24,sip,16384,get-hit,lru,0,32.879730
string24,sip,16384,get-hit,hashlink,0,17.198969
string24,sip,16384,get-hit,baseline,1,17.180475
string24,sip,16384,get-hit,quick_cache,1,18.343006
string24,sip,16384,get-hit,lru,1,18.698376
string24,sip,16384,get-hit,hashlink,1,17.911877
string24,sip,16384,get-hit,micro,1,17.330977
string24,sip,16384,get-hit,quick_cache,2,15.918940
string24,sip,16384,get-hit,lru,2,18.246605
string24,sip,16384,get-hit,hashlink,2,18.094262
string24,sip,16384,get-hit,micro,2,18.156988
string24,sip,16384,get-hit,baseline,2,17.223239
string24,sip,16384,get-hit,lru,3,18.663531
string24,sip,16384,get-hit,hashlink,3,16.731490
string24,sip,16384,get-hit,micro,3,17.449759
string24,sip,16384,get-hit,baseline,3,17.499895
string24,sip,16384,get-hit,quick_cache,3,18.111212
string24,sip,16384,get-hit,hashlink,4,18.019903
string24,sip,16384,get-hit,micro,4,17.503912
string24,sip,16384,get-hit,baseline,4,16.601340
string24,sip,16384,get-hit,quick_cache,4,18.125988
string24,sip,16384,get-hit,lru,4,17.917451
string24,sip,16384,get-miss,micro,0,11.683464
string24,sip,16384,get-miss,baseline,0,11.601131
string24,sip,16384,get-miss,quick_cache,0,12.107272
string24,sip,16384,get-miss,lru,0,12.185866
string24,sip,16384,get-miss,hashlink,0,12.356230
string24,sip,16384,get-miss,baseline,1,12.223928
string24,sip,16384,get-miss,quick_cache,1,12.389966
string24,sip,16384,get-miss,lru,1,13.137089
string24,sip,16384,get-miss,hashlink,1,12.593245
string24,sip,16384,get-miss,micro,1,12.587992
string24,sip,16384,get-miss,quick_cache,2,11.953865
string24,sip,16384,get-miss,lru,2,11.767708
string24,sip,16384,get-miss,hashlink,2,11.880363
string24,sip,16384,get-miss,micro,2,12.473214
string24,sip,16384,get-miss,baseline,2,11.872157
string24,sip,16384,get-miss,lru,3,11.632759
string24,sip,16384,get-miss,hashlink,3,11.908912
string24,sip,16384,get-miss,micro,3,11.862313
string24,sip,16384,get-miss,baseline,3,12.055101
string24,sip,16384,get-miss,quick_cache,3,12.045253
string24,sip,16384,get-miss,hashlink,4,11.766434
string24,sip,16384,get-miss,micro,4,11.822608
string24,sip,16384,get-miss,baseline,4,12.016542
string24,sip,16384,get-miss,quick_cache,4,11.726379
string24,sip,16384,get-miss,lru,4,11.736076
string24,sip,16384,update,micro,0,35.285256
string24,sip,16384,update,baseline,0,37.564587
string24,sip,16384,update,quick_cache,0,61.853190
string24,sip,16384,update,lru,0,35.608931
string24,sip,16384,update,hashlink,0,34.817782
string24,sip,16384,update,baseline,1,36.457409
string24,sip,16384,update,quick_cache,1,74.508667
string24,sip,16384,update,lru,1,33.082753
string24,sip,16384,update,hashlink,1,34.355857
string24,sip,16384,update,micro,1,32.928467
string24,sip,16384,update,quick_cache,2,70.171773
string24,sip,16384,update,lru,2,34.220836
string24,sip,16384,update,hashlink,2,36.455555
string24,sip,16384,update,micro,2,32.591075
string24,sip,16384,update,baseline,2,34.459439
string24,sip,16384,update,lru,3,34.806219
string24,sip,16384,update,hashlink,3,35.567771
string24,sip,16384,update,micro,3,32.236735
string24,sip,16384,update,baseline,3,34.451116
string24,sip,16384,update,quick_cache,3,97.436279
string24,sip,16384,update,hashlink,4,33.401023
string24,sip,16384,update,micro,4,36.241011
string24,sip,16384,update,baseline,4,35.009677
string24,sip,16384,update,quick_cache,4,80.517578
string24,sip,16384,update,lru,4,37.091577
string24,sip,16384,insert-cycle,micro,0,57.704926
string24,sip,16384,insert-cycle,baseline,0,56.840271
string24,sip,16384,insert-cycle,quick_cache,0,51.032379
string24,sip,16384,insert-cycle,lru,0,76.461151
string24,sip,16384,insert-cycle,hashlink,0,75.214386
string24,sip,16384,insert-cycle,baseline,1,55.012390
string24,sip,16384,insert-cycle,quick_cache,1,48.926041
string24,sip,16384,insert-cycle,lru,1,76.660797
string24,sip,16384,insert-cycle,hashlink,1,78.530624
string24,sip,16384,insert-cycle,micro,1,58.780045
string24,sip,16384,insert-cycle,quick_cache,2,49.544647
string24,sip,16384,insert-cycle,lru,2,76.304749
string24,sip,16384,insert-cycle,hashlink,2,73.446915
string24,sip,16384,insert-cycle,micro,2,53.909302
string24,sip,16384,insert-cycle,baseline,2,53.936005
string24,sip,16384,insert-cycle,lru,3,73.361725
string24,sip,16384,insert-cycle,hashlink,3,72.173431
string24,sip,16384,insert-cycle,micro,3,66.363007
string24,sip,16384,insert-cycle,baseline,3,54.388046
string24,sip,16384,insert-cycle,quick_cache,3,49.079254
string24,sip,16384,insert-cycle,hashlink,4,101.244598
string24,sip,16384,insert-cycle,micro,4,59.020996
string24,sip,16384,insert-cycle,baseline,4,56.536987
string24,sip,16384,insert-cycle,quick_cache,4,69.145203
string24,sip,16384,insert-cycle,lru,4,77.194214
string24,sip,16384,mixed-95,micro,0,23.531675
string24,sip,16384,mixed-95,baseline,0,22.926629
string24,sip,16384,mixed-95,quick_cache,0,23.928940
string24,sip,16384,mixed-95,lru,0,22.710363
string24,sip,16384,mixed-95,hashlink,0,21.631519
string24,sip,16384,mixed-95,baseline,1,22.038857
string24,sip,16384,mixed-95,quick_cache,1,22.676408
string24,sip,16384,mixed-95,lru,1,46.091835
string24,sip,16384,mixed-95,hashlink,1,29.000918
string24,sip,16384,mixed-95,micro,1,24.467051
string24,sip,16384,mixed-95,quick_cache,2,24.444103
string24,sip,16384,mixed-95,lru,2,23.747762
string24,sip,16384,mixed-95,hashlink,2,21.802883
string24,sip,16384,mixed-95,micro,2,21.609087
string24,sip,16384,mixed-95,baseline,2,21.464705
string24,sip,16384,mixed-95,lru,3,21.648268
string24,sip,16384,mixed-95,hashlink,3,22.157033
string24,sip,16384,mixed-95,micro,3,22.499263
string24,sip,16384,mixed-95,baseline,3,23.466389
string24,sip,16384,mixed-95,quick_cache,3,24.288455
string24,sip,16384,mixed-95,hashlink,4,23.442110
string24,sip,16384,mixed-95,micro,4,23.876389
string24,sip,16384,mixed-95,baseline,4,21.491925
string24,sip,16384,mixed-95,quick_cache,4,22.963007
string24,sip,16384,mixed-95,lru,4,21.821360
string24,sip,16384,load-hit,micro,0,19.936273
string24,sip,16384,load-hit,baseline,0,33.018748
string24,sip,16384,load-hit,quick_cache,0,21.836225
string24,sip,16384,load-hit,lru,0,20.510919
string24,sip,16384,load-hit,hashlink,0,15.832474
string24,sip,16384,load-hit,baseline,1,32.446543
string24,sip,16384,load-hit,quick_cache,1,21.431539
string24,sip,16384,load-hit,lru,1,20.487467
string24,sip,16384,load-hit,hashlink,1,15.795812
string24,sip,16384,load-hit,micro,1,20.061562
string24,sip,16384,load-hit,quick_cache,2,21.261142
string24,sip,16384,load-hit,lru,2,20.375285
string24,sip,16384,load-hit,hashlink,2,16.104434
string24,sip,16384,load-hit,micro,2,20.091007
string24,sip,16384,load-hit,baseline,2,32.818695
string24,sip,16384,load-hit,lru,3,20.934774
string24,sip,16384,load-hit,hashlink,3,16.719471
string24,sip,16384,load-hit,micro,3,21.157722
string24,sip,16384,load-hit,baseline,3,35.694935
string24,sip,16384,load-hit,quick_cache,3,23.054436
string24,sip,16384,load-hit,hashlink,4,17.135853
string24,sip,16384,load-hit,micro,4,21.769201
string24,sip,16384,load-hit,baseline,4,35.788330
string24,sip,16384,load-hit,quick_cache,4,23.380280
string24,sip,16384,load-hit,lru,4,22.454058
string24,sip,16384,load-cycle,micro,0,53.866714
string24,sip,16384,load-cycle,baseline,0,53.214401
string24,sip,16384,load-cycle,quick_cache,0,36.444773
string24,sip,16384,load-cycle,lru,0,77.161789
string24,sip,16384,load-cycle,hashlink,0,78.134537
string24,sip,16384,load-cycle,baseline,1,53.970337
string24,sip,16384,load-cycle,quick_cache,1,36.854207
string24,sip,16384,load-cycle,lru,1,79.222351
string24,sip,16384,load-cycle,hashlink,1,77.866226
string24,sip,16384,load-cycle,micro,1,53.237274
string24,sip,16384,load-cycle,quick_cache,2,36.045929
string24,sip,16384,load-cycle,lru,2,76.717377
string24,sip,16384,load-cycle,hashlink,2,77.789932
string24,sip,16384,load-cycle,micro,2,53.336472
string24,sip,16384,load-cycle,baseline,2,53.628922
string24,sip,16384,load-cycle,lru,3,76.750443
string24,sip,16384,load-cycle,hashlink,3,77.595398
string24,sip,16384,load-cycle,micro,3,53.770065
string24,sip,16384,load-cycle,baseline,3,53.859085
string24,sip,16384,load-cycle,quick_cache,3,36.543101
string24,sip,16384,load-cycle,hashlink,4,79.126358
string24,sip,16384,load-cycle,micro,4,53.738907
string24,sip,16384,load-cycle,baseline,4,53.075790
string24,sip,16384,load-cycle,quick_cache,4,36.334564
string24,sip,16384,load-cycle,lru,4,76.463074
string24,sip,16384,clear-refill,micro,0,467327.428571
string24,sip,16384,clear-refill,baseline,0,484291.571429
string24,sip,16384,clear-refill,quick_cache,0,489666.714286
string24,sip,16384,clear-refill,lru,0,1259597.333333
string24,sip,16384,clear-refill,hashlink,0,775552.250000
string24,sip,16384,clear-refill,baseline,1,473553.571429
string24,sip,16384,clear-refill,quick_cache,1,490988.142857
string24,sip,16384,clear-refill,lru,1,1341472.333333
string24,sip,16384,clear-refill,hashlink,1,762010.500000
string24,sip,16384,clear-refill,micro,1,469291.571429
string24,sip,16384,clear-refill,quick_cache,2,494767.857143
string24,sip,16384,clear-refill,lru,2,1228069.333333
string24,sip,16384,clear-refill,hashlink,2,783989.750000
string24,sip,16384,clear-refill,micro,2,452797.571429
string24,sip,16384,clear-refill,baseline,2,456851.142857
string24,sip,16384,clear-refill,lru,3,1226264.000000
string24,sip,16384,clear-refill,hashlink,3,759250.000000
string24,sip,16384,clear-refill,micro,3,453839.285714
string24,sip,16384,clear-refill,baseline,3,451642.857143
string24,sip,16384,clear-refill,quick_cache,3,470994.000000
string24,sip,16384,clear-refill,hashlink,4,779427.250000
string24,sip,16384,clear-refill,micro,4,451708.285714
string24,sip,16384,clear-refill,baseline,4,449333.285714
string24,sip,16384,clear-refill,quick_cache,4,471970.285714
string24,sip,16384,clear-refill,lru,4,1257847.333333
string24,sip,16384,clear-empty,micro,0,318.781672
string24,sip,16384,clear-empty,baseline,0,320.532411
string24,sip,16384,clear-empty,quick_cache,0,4.029621
string24,sip,16384,clear-empty,lru,0,2.267531
string24,sip,16384,clear-empty,hashlink,0,0.636638
string24,sip,16384,clear-empty,baseline,1,318.293391
string24,sip,16384,clear-empty,quick_cache,1,3.977717
string24,sip,16384,clear-empty,lru,1,2.211841
string24,sip,16384,clear-empty,hashlink,1,0.636517
string24,sip,16384,clear-empty,micro,1,320.224557
string24,sip,16384,clear-empty,quick_cache,2,3.963603
string24,sip,16384,clear-empty,lru,2,2.216972
string24,sip,16384,clear-empty,hashlink,2,0.634690
string24,sip,16384,clear-empty,micro,2,319.296347
string24,sip,16384,clear-empty,baseline,2,317.651077
string24,sip,16384,clear-empty,lru,3,2.216134
string24,sip,16384,clear-empty,hashlink,3,0.638259
string24,sip,16384,clear-empty,micro,3,319.463577
string24,sip,16384,clear-empty,baseline,3,317.717166
string24,sip,16384,clear-empty,quick_cache,3,4.007780
string24,sip,16384,clear-empty,hashlink,4,0.644224
string24,sip,16384,clear-empty,micro,4,320.558805
string24,sip,16384,clear-empty,baseline,4,323.981208
string24,sip,16384,clear-empty,quick_cache,4,4.067034
string24,sip,16384,clear-empty,lru,4,2.235496
string24,sip,16384,iter-dense,micro,0,6069.580078
string24,sip,16384,iter-dense,baseline,0,6088.052734
string24,sip,16384,iter-dense,quick_cache,0,6886.625000
string24,sip,16384,iter-dense,lru,0,23819.007812
string24,sip,16384,iter-dense,hashlink,0,25716.796875
string24,sip,16384,iter-dense,baseline,1,6096.679688
string24,sip,16384,iter-dense,quick_cache,1,6954.334821
string24,sip,16384,iter-dense,lru,1,23668.289062
string24,sip,16384,iter-dense,hashlink,1,25636.062500
string24,sip,16384,iter-dense,micro,1,6073.648438
string24,sip,16384,iter-dense,quick_cache,2,7089.194196
string24,sip,16384,iter-dense,lru,2,23586.265625
string24,sip,16384,iter-dense,hashlink,2,26018.554688
string24,sip,16384,iter-dense,micro,2,6170.003906
string24,sip,16384,iter-dense,baseline,2,6156.982422
string24,sip,16384,iter-dense,lru,3,24769.859375
string24,sip,16384,iter-dense,hashlink,3,27059.570312
string24,sip,16384,iter-dense,micro,3,6074.462891
string24,sip,16384,iter-dense,baseline,3,6080.646484
string24,sip,16384,iter-dense,quick_cache,3,6984.095982
string24,sip,16384,iter-dense,hashlink,4,29414.718750
string24,sip,16384,iter-dense,micro,4,6091.064453
string24,sip,16384,iter-dense,baseline,4,6064.453125
string24,sip,16384,iter-dense,quick_cache,4,6953.497768
string24,sip,16384,iter-dense,lru,4,25221.679688
string24,sip,16384,iter-dense-for,micro,0,6089.599609
string24,sip,16384,iter-dense-for,baseline,0,6096.761719
string24,sip,16384,iter-dense-for,quick_cache,0,8148.002604
string24,sip,16384,iter-dense-for,lru,0,25263.992188
string24,sip,16384,iter-dense-for,hashlink,0,22936.456250
string24,sip,16384,iter-dense-for,baseline,1,6119.140625
string24,sip,16384,iter-dense-for,quick_cache,1,7166.109375
string24,sip,16384,iter-dense-for,lru,1,24983.070312
string24,sip,16384,iter-dense-for,hashlink,1,23788.414062
string24,sip,16384,iter-dense-for,micro,1,6251.735417
string24,sip,16384,iter-dense-for,quick_cache,2,7110.770089
string24,sip,16384,iter-dense-for,lru,2,25972.984375
string24,sip,16384,iter-dense-for,hashlink,2,22186.718750
string24,sip,16384,iter-dense-for,micro,2,6072.021484
string24,sip,16384,iter-dense-for,baseline,2,6136.880859
string24,sip,16384,iter-dense-for,lru,3,25288.414062
string24,sip,16384,iter-dense-for,hashlink,3,22962.243750
string24,sip,16384,iter-dense-for,micro,3,6088.867188
string24,sip,16384,iter-dense-for,baseline,3,6080.242188
string24,sip,16384,iter-dense-for,quick_cache,3,7045.573661
string24,sip,16384,iter-dense-for,hashlink,4,28879.554688
string24,sip,16384,iter-dense-for,micro,4,6083.820312
string24,sip,16384,iter-dense-for,baseline,4,6126.953125
string24,sip,16384,iter-dense-for,quick_cache,4,7110.024554
string24,sip,16384,iter-dense-for,lru,4,20591.143750
string24,sip,16384,iter-density-1pct,micro,0,6575.433333
string24,sip,16384,iter-density-1pct,baseline,0,6640.452083
string24,sip,16384,iter-density-1pct,quick_cache,0,6917.502232
string24,sip,16384,iter-density-1pct,lru,0,185.446517
string24,sip,16384,iter-density-1pct,hashlink,0,184.327910
string24,sip,16384,iter-density-1pct,baseline,1,6536.893750
string24,sip,16384,iter-density-1pct,quick_cache,1,6827.658482
string24,sip,16384,iter-density-1pct,lru,1,184.140074
string24,sip,16384,iter-density-1pct,hashlink,1,181.528590
string24,sip,16384,iter-density-1pct,micro,1,6533.939583
string24,sip,16384,iter-density-1pct,quick_cache,2,6806.825893
string24,sip,16384,iter-density-1pct,lru,2,184.094179
string24,sip,16384,iter-density-1pct,hashlink,2,181.606625
string24,sip,16384,iter-density-1pct,micro,2,6512.847917
string24,sip,16384,iter-density-1pct,baseline,2,6616.406250
string24,sip,16384,iter-density-1pct,lru,3,184.210278
string24,sip,16384,iter-density-1pct,hashlink,3,180.234825
string24,sip,16384,iter-density-1pct,micro,3,6630.035417
string24,sip,16384,iter-density-1pct,baseline,3,6595.745833
string24,sip,16384,iter-density-1pct,quick_cache,3,6863.372768
string24,sip,16384,iter-density-1pct,hashlink,4,191.485969
string24,sip,16384,iter-density-1pct,micro,4,6708.520089
string24,sip,16384,iter-density-1pct,baseline,4,6627.952083
string24,sip,16384,iter-density-1pct,quick_cache,4,6827.752232
string24,sip,16384,iter-density-1pct,lru,4,186.560326
string24,sip,16384,iter-density-6pct,micro,0,5651.884191
string24,sip,16384,iter-density-6pct,baseline,0,5661.917279
string24,sip,16384,iter-density-6pct,quick_cache,0,6654.514583
string24,sip,16384,iter-density-6pct,lru,0,1325.851232
string24,sip,16384,iter-density-6pct,hashlink,0,1305.013021
string24,sip,16384,iter-density-6pct,baseline,1,5656.250000
string24,sip,16384,iter-density-6pct,quick_cache,1,6634.983333
string24,sip,16384,iter-density-6pct,lru,1,1222.368506
string24,sip,16384,iter-density-6pct,hashlink,1,1255.364583
string24,sip,16384,iter-density-6pct,micro,1,5503.472222
string24,sip,16384,iter-density-6pct,quick_cache,2,6544.183333
string24,sip,16384,iter-density-6pct,lru,2,1356.919643
string24,sip,16384,iter-density-6pct,hashlink,2,1265.972083
string24,sip,16384,iter-density-6pct,micro,2,5633.579044
string24,sip,16384,iter-density-6pct,baseline,2,5799.786765
string24,sip,16384,iter-density-6pct,lru,3,1289.455051
string24,sip,16384,iter-density-6pct,hashlink,3,1276.375845
string24,sip,16384,iter-density-6pct,micro,3,5636.411765
string24,sip,16384,iter-density-6pct,baseline,3,5639.321691
string24,sip,16384,iter-density-6pct,quick_cache,3,6706.564732
string24,sip,16384,iter-density-6pct,hashlink,4,1308.955729
string24,sip,16384,iter-density-6pct,micro,4,5744.637868
string24,sip,16384,iter-density-6pct,baseline,4,5544.270221
string24,sip,16384,iter-density-6pct,quick_cache,4,6742.837054
string24,sip,16384,iter-density-6pct,lru,4,1313.946615
string24,sip,16384,iter-density-quarter,micro,0,5909.750000
string24,sip,16384,iter-density-quarter,baseline,0,5929.119141
string24,sip,16384,iter-density-quarter,quick_cache,0,6930.339286
string24,sip,16384,iter-density-quarter,lru,0,9001.420455
string24,sip,16384,iter-density-quarter,hashlink,0,10807.579861
string24,sip,16384,iter-density-quarter,baseline,1,6015.542969
string24,sip,16384,iter-density-quarter,quick_cache,1,6917.504464
string24,sip,16384,iter-density-quarter,lru,1,9378.315341
string24,sip,16384,iter-density-quarter,hashlink,1,10142.059375
string24,sip,16384,iter-density-quarter,micro,1,5922.771484
string24,sip,16384,iter-density-quarter,quick_cache,2,6953.589286
string24,sip,16384,iter-density-quarter,lru,2,9094.224432
string24,sip,16384,iter-density-quarter,hashlink,2,10417.968750
string24,sip,16384,iter-density-quarter,micro,2,5930.339844
string24,sip,16384,iter-density-quarter,baseline,2,5921.466797
string24,sip,16384,iter-density-quarter,lru,3,8888.139205
string24,sip,16384,iter-density-quarter,hashlink,3,10468.170139
string24,sip,16384,iter-density-quarter,micro,3,5916.830078
string24,sip,16384,iter-density-quarter,baseline,3,5946.453125
string24,sip,16384,iter-density-quarter,quick_cache,3,6937.129464
string24,sip,16384,iter-density-quarter,hashlink,4,8958.451705
string24,sip,16384,iter-density-quarter,micro,4,5917.562500
string24,sip,16384,iter-density-quarter,baseline,4,5995.361328
string24,sip,16384,iter-density-quarter,quick_cache,4,7035.064732
string24,sip,16384,iter-density-quarter,lru,4,10908.420139
string24,sip,16384,iter-density-half,micro,0,8153.752604
string24,sip,16384,iter-density-half,baseline,0,8334.309896
string24,sip,16384,iter-density-half,quick_cache,0,6952.008929
string24,sip,16384,iter-density-half,lru,0,13764.138393
string24,sip,16384,iter-density-half,hashlink,0,17775.390625
string24,sip,16384,iter-density-half,baseline,1,8123.156250
string24,sip,16384,iter-density-half,quick_cache,1,6865.046875
string24,sip,16384,iter-density-half,lru,1,13605.656250
string24,sip,16384,iter-density-half,hashlink,1,17128.906250
string24,sip,16384,iter-density-half,micro,1,8013.565104
string24,sip,16384,iter-density-half,quick_cache,2,6906.901786
string24,sip,16384,iter-density-half,lru,2,13282.878906
string24,sip,16384,iter-density-half,hashlink,2,18097.005208
string24,sip,16384,iter-density-half,micro,2,7999.890625
string24,sip,16384,iter-density-half,baseline,2,8052.190104
string24,sip,16384,iter-density-half,lru,3,14089.102679
string24,sip,16384,iter-density-half,hashlink,3,18411.458333
string24,sip,16384,iter-density-half,micro,3,8126.627604
string24,sip,16384,iter-density-half,baseline,3,8172.526042
string24,sip,16384,iter-density-half,quick_cache,3,7029.575893
string24,sip,16384,iter-density-half,hashlink,4,13677.825893
string24,sip,16384,iter-density-half,micro,4,8141.927083
string24,sip,16384,iter-density-half,baseline,4,8086.479167
string24,sip,16384,iter-density-half,quick_cache,4,6878.254464
string24,sip,16384,iter-density-half,lru,4,18183.593750
string24,sip,16384,iter-front,micro,0,5662.148897
string24,sip,16384,iter-front,baseline,0,5724.876838
string24,sip,16384,iter-front,quick_cache,0,6601.562500
string24,sip,16384,iter-front,lru,0,1.182756
string24,sip,16384,iter-front,hashlink,0,1.152159
string24,sip,16384,iter-front,baseline,1,5608.533088
string24,sip,16384,iter-front,quick_cache,1,6878.441964
string24,sip,16384,iter-front,lru,1,1.177941
string24,sip,16384,iter-front,hashlink,1,1.170529
string24,sip,16384,iter-front,micro,1,5591.145221
string24,sip,16384,iter-front,quick_cache,2,6968.843750
string24,sip,16384,iter-front,lru,2,1.201307
string24,sip,16384,iter-front,hashlink,2,1.166683
string24,sip,16384,iter-front,micro,2,5676.700368
string24,sip,16384,iter-front,baseline,2,5479.454861
string24,sip,16384,iter-front,lru,3,1.190310
string24,sip,16384,iter-front,hashlink,3,1.129749
string24,sip,16384,iter-front,micro,3,5424.479167
string24,sip,16384,iter-front,baseline,3,5472.293403
string24,sip,16384,iter-front,quick_cache,3,6879.279018
string24,sip,16384,iter-front,hashlink,4,1.147617
string24,sip,16384,iter-front,micro,4,5630.974265
string24,sip,16384,iter-front,baseline,4,5495.442708
string24,sip,16384,iter-front,quick_cache,4,6893.787946
string24,sip,16384,iter-front,lru,4,1.183593
string24,sip,16384,iter-back,micro,0,5476.345486
string24,sip,16384,iter-back,baseline,0,5478.659722
string24,sip,16384,iter-back,quick_cache,0,6997.674107
string24,sip,16384,iter-back,lru,0,1.206346
string24,sip,16384,iter-back,hashlink,0,1.148925
string24,sip,16384,iter-back,baseline,1,5588.772059
string24,sip,16384,iter-back,quick_cache,1,7055.895089
string24,sip,16384,iter-back,lru,1,1.180285
string24,sip,16384,iter-back,hashlink,1,1.144395
string24,sip,16384,iter-back,micro,1,5729.856618
string24,sip,16384,iter-back,quick_cache,2,6920.479911
string24,sip,16384,iter-back,lru,2,1.177291
string24,sip,16384,iter-back,hashlink,2,1.141622
string24,sip,16384,iter-back,micro,2,5760.494485
string24,sip,16384,iter-back,baseline,2,5478.586806
string24,sip,16384,iter-back,lru,3,1.174915
string24,sip,16384,iter-back,hashlink,3,1.145094
string24,sip,16384,iter-back,micro,3,5518.764706
string24,sip,16384,iter-back,baseline,3,5683.134191
string24,sip,16384,iter-back,quick_cache,3,6959.912946
string24,sip,16384,iter-back,hashlink,4,1.163642
string24,sip,16384,iter-back,micro,4,5479.166667
string24,sip,16384,iter-back,baseline,4,5673.713235
string24,sip,16384,iter-back,quick_cache,4,7016.741071
string24,sip,16384,iter-back,lru,4,1.210349
string24,sip,16384,iter-empty,micro,0,5757.965074
string24,sip,16384,iter-empty,baseline,0,5642.693015
string24,sip,16384,iter-empty,quick_cache,0,7035.435268
string24,sip,16384,iter-empty,lru,0,0.990701
string24,sip,16384,iter-empty,hashlink,0,0.999371
string24,sip,16384,iter-empty,baseline,1,5671.722426
string24,sip,16384,iter-empty,quick_cache,1,6922.899554
string24,sip,16384,iter-empty,lru,1,0.990910
string24,sip,16384,iter-empty,hashlink,1,0.994378
string24,sip,16384,iter-empty,micro,1,5592.906250
string24,sip,16384,iter-empty,quick_cache,2,6980.654018
string24,sip,16384,iter-empty,lru,2,0.992389
string24,sip,16384,iter-empty,hashlink,2,0.995614
string24,sip,16384,iter-empty,micro,2,5446.180556
string24,sip,16384,iter-empty,baseline,2,5520.757353
string24,sip,16384,iter-empty,lru,3,1.004102
string24,sip,16384,iter-empty,hashlink,3,0.998892
string24,sip,16384,iter-empty,micro,3,5798.406250
string24,sip,16384,iter-empty,baseline,3,5620.941176
string24,sip,16384,iter-empty,quick_cache,3,6952.845982
string24,sip,16384,iter-empty,hashlink,4,0.999531
string24,sip,16384,iter-empty,micro,4,5553.079044
string24,sip,16384,iter-empty,baseline,4,5521.522059
string24,sip,16384,iter-empty,quick_cache,4,6919.642857
string24,sip,16384,iter-empty,lru,4,0.988028
string24,sip,16384,iter-count,micro,0,5626.572917
string24,sip,16384,iter-count,baseline,0,5606.825521
string24,sip,16384,iter-count,quick_cache,0,8121.255859
string24,sip,16384,iter-count,lru,0,0.396480
string24,sip,16384,iter-count,hashlink,0,0.398684
string24,sip,16384,iter-count,baseline,1,5623.101562
string24,sip,16384,iter-count,quick_cache,1,8193.521484
string24,sip,16384,iter-count,lru,1,0.400537
string24,sip,16384,iter-count,hashlink,1,0.403975
string24,sip,16384,iter-count,micro,1,5670.845052
string24,sip,16384,iter-count,quick_cache,2,8129.802734
string24,sip,16384,iter-count,lru,2,0.403349
string24,sip,16384,iter-count,hashlink,2,0.400921
string24,sip,16384,iter-count,micro,2,5687.337240
string24,sip,16384,iter-count,baseline,2,5618.705729
string24,sip,16384,iter-count,lru,3,0.404980
string24,sip,16384,iter-count,hashlink,3,0.400067
string24,sip,16384,iter-count,micro,3,5541.721354
string24,sip,16384,iter-count,baseline,3,5462.455729
string24,sip,16384,iter-count,quick_cache,3,8163.656250
string24,sip,16384,iter-count,hashlink,4,0.403814
string24,sip,16384,iter-count,micro,4,5545.519531
string24,sip,16384,iter-count,baseline,4,5823.675781
string24,sip,16384,iter-count,quick_cache,4,8136.554688
string24,sip,16384,iter-count,lru,4,0.399600
string24,ahash,128,get-hit,micro,0,5.334531
string24,ahash,128,get-hit,baseline,0,5.379423
string24,ahash,128,get-hit,quick_cache,0,5.285280
string24,ahash,128,get-hit,lru,0,5.841049
string24,ahash,128,get-hit,hashlink,0,5.752325
string24,ahash,128,get-hit,baseline,1,5.339028
string24,ahash,128,get-hit,quick_cache,1,5.284917
string24,ahash,128,get-hit,lru,1,5.860183
string24,ahash,128,get-hit,hashlink,1,5.731028
string24,ahash,128,get-hit,micro,1,5.326129
string24,ahash,128,get-hit,quick_cache,2,5.279178
string24,ahash,128,get-hit,lru,2,5.841291
string24,ahash,128,get-hit,hashlink,2,5.744457
string24,ahash,128,get-hit,micro,2,5.320305
string24,ahash,128,get-hit,baseline,2,5.327308
string24,ahash,128,get-hit,lru,3,5.855823
string24,ahash,128,get-hit,hashlink,3,5.837819
string24,ahash,128,get-hit,micro,3,5.425697
string24,ahash,128,get-hit,baseline,3,5.345148
string24,ahash,128,get-hit,quick_cache,3,5.511309
string24,ahash,128,get-hit,hashlink,4,5.869063
string24,ahash,128,get-hit,micro,4,5.492557
string24,ahash,128,get-hit,baseline,4,5.423153
string24,ahash,128,get-hit,quick_cache,4,5.409914
string24,ahash,128,get-hit,lru,4,5.883919
string24,ahash,128,get-miss,micro,0,3.296035
string24,ahash,128,get-miss,baseline,0,3.302542
string24,ahash,128,get-miss,quick_cache,0,3.308317
string24,ahash,128,get-miss,lru,0,3.485482
string24,ahash,128,get-miss,hashlink,0,3.266236
string24,ahash,128,get-miss,baseline,1,3.305291
string24,ahash,128,get-miss,quick_cache,1,3.303734
string24,ahash,128,get-miss,lru,1,3.441024
string24,ahash,128,get-miss,hashlink,1,3.255434
string24,ahash,128,get-miss,micro,1,3.297624
string24,ahash,128,get-miss,quick_cache,2,3.317663
string24,ahash,128,get-miss,lru,2,3.444303
string24,ahash,128,get-miss,hashlink,2,3.254173
string24,ahash,128,get-miss,micro,2,3.295807
string24,ahash,128,get-miss,baseline,2,3.297624
string24,ahash,128,get-miss,lru,3,3.458899
string24,ahash,128,get-miss,hashlink,3,3.256604
string24,ahash,128,get-miss,micro,3,3.331826
string24,ahash,128,get-miss,baseline,3,3.362766
string24,ahash,128,get-miss,quick_cache,3,3.340241
string24,ahash,128,get-miss,hashlink,4,3.259394
string24,ahash,128,get-miss,micro,4,3.363186
string24,ahash,128,get-miss,baseline,4,3.373079
string24,ahash,128,get-miss,quick_cache,4,3.375412
string24,ahash,128,get-miss,lru,4,3.481212
string24,ahash,128,update,micro,0,16.538760
string24,ahash,128,update,baseline,0,16.245966
string24,ahash,128,update,quick_cache,0,33.083171
string24,ahash,128,update,lru,0,23.540176
string24,ahash,128,update,hashlink,0,16.831831
string24,ahash,128,update,baseline,1,16.272944
string24,ahash,128,update,quick_cache,1,32.721619
string24,ahash,128,update,lru,1,21.677052
string24,ahash,128,update,hashlink,1,16.806863
string24,ahash,128,update,micro,1,16.283782
string24,ahash,128,update,quick_cache,2,33.303001
string24,ahash,128,update,lru,2,23.509979
string24,ahash,128,update,hashlink,2,16.739119
string24,ahash,128,update,micro,2,16.251274
string24,ahash,128,update,baseline,2,16.224954
string24,ahash,128,update,lru,3,23.403488
string24,ahash,128,update,hashlink,3,16.694502
string24,ahash,128,update,micro,3,16.215895
string24,ahash,128,update,baseline,3,16.474848
string24,ahash,128,update,quick_cache,3,33.148031
string24,ahash,128,update,hashlink,4,16.706293
string24,ahash,128,update,micro,4,16.450524
string24,ahash,128,update,baseline,4,16.478165
string24,ahash,128,update,quick_cache,4,33.245087
string24,ahash,128,update,lru,4,23.591675
string24,ahash,128,insert-cycle,micro,0,36.576470
string24,ahash,128,insert-cycle,baseline,0,36.906176
string24,ahash,128,insert-cycle,quick_cache,0,30.791195
string24,ahash,128,insert-cycle,lru,0,41.833477
string24,ahash,128,insert-cycle,hashlink,0,36.386779
string24,ahash,128,insert-cycle,baseline,1,36.524253
string24,ahash,128,insert-cycle,quick_cache,1,31.077763
string24,ahash,128,insert-cycle,lru,1,41.810887
string24,ahash,128,insert-cycle,hashlink,1,36.357053
string24,ahash,128,insert-cycle,micro,1,36.634827
string24,ahash,128,insert-cycle,quick_cache,2,31.046761
string24,ahash,128,insert-cycle,lru,2,41.576629
string24,ahash,128,insert-cycle,hashlink,2,35.902857
string24,ahash,128,insert-cycle,micro,2,37.125346
string24,ahash,128,insert-cycle,baseline,2,37.503008
string24,ahash,128,insert-cycle,lru,3,42.637301
string24,ahash,128,insert-cycle,hashlink,3,36.046935
string24,ahash,128,insert-cycle,micro,3,37.159328
string24,ahash,128,insert-cycle,baseline,3,36.447714
string24,ahash,128,insert-cycle,quick_cache,3,31.347479
string24,ahash,128,insert-cycle,hashlink,4,36.375181
string24,ahash,128,insert-cycle,micro,4,36.813957
string24,ahash,128,insert-cycle,baseline,4,36.917441
string24,ahash,128,insert-cycle,quick_cache,4,30.858522
string24,ahash,128,insert-cycle,lru,4,42.259161
string24,ahash,128,mixed-95,micro,0,9.041866
string24,ahash,128,mixed-95,baseline,0,8.974949
string24,ahash,128,mixed-95,quick_cache,0,11.329134
string24,ahash,128,mixed-95,lru,0,9.695093
string24,ahash,128,mixed-95,hashlink,0,9.258051
string24,ahash,128,mixed-95,baseline,1,8.990824
string24,ahash,128,mixed-95,quick_cache,1,10.325849
string24,ahash,128,mixed-95,lru,1,9.860814
string24,ahash,128,mixed-95,hashlink,1,9.171625
string24,ahash,128,mixed-95,micro,1,9.117424
string24,ahash,128,mixed-95,quick_cache,2,10.161479
string24,ahash,128,mixed-95,lru,2,9.803255
string24,ahash,128,mixed-95,hashlink,2,9.315650
string24,ahash,128,mixed-95,micro,2,9.000957
string24,ahash,128,mixed-95,baseline,2,8.917769
string24,ahash,128,mixed-95,lru,3,11.655847
string24,ahash,128,mixed-95,hashlink,3,9.052297
string24,ahash,128,mixed-95,micro,3,9.258211
string24,ahash,128,mixed-95,baseline,3,8.972883
string24,ahash,128,mixed-95,quick_cache,3,10.577142
string24,ahash,128,mixed-95,hashlink,4,8.826673
string24,ahash,128,mixed-95,micro,4,8.993466
string24,ahash,128,mixed-95,baseline,4,9.074609
string24,ahash,128,mixed-95,quick_cache,4,10.625621
string24,ahash,128,mixed-95,lru,4,9.012083
string24,ahash,128,load-hit,micro,0,6.224467
string24,ahash,128,load-hit,baseline,0,16.563530
string24,ahash,128,load-hit,quick_cache,0,6.741517
string24,ahash,128,load-hit,lru,0,6.701660
string24,ahash,128,load-hit,hashlink,0,5.654282
string24,ahash,128,load-hit,baseline,1,16.945812
string24,ahash,128,load-hit,quick_cache,1,7.119789
string24,ahash,128,load-hit,lru,1,7.308462
string24,ahash,128,load-hit,hashlink,1,6.255328
string24,ahash,128,load-hit,micro,1,6.477044
string24,ahash,128,load-hit,quick_cache,2,6.896595
string24,ahash,128,load-hit,lru,2,7.431030
string24,ahash,128,load-hit,hashlink,2,6.343535
string24,ahash,128,load-hit,micro,2,6.354147
string24,ahash,128,load-hit,baseline,2,17.114119
string24,ahash,128,load-hit,lru,3,7.279440
string24,ahash,128,load-hit,hashlink,3,5.765518
string24,ahash,128,load-hit,micro,3,6.379576
string24,ahash,128,load-hit,baseline,3,16.849632
string24,ahash,128,load-hit,quick_cache,3,6.869376
string24,ahash,128,load-hit,hashlink,4,5.603906
string24,ahash,128,load-hit,micro,4,6.469112
string24,ahash,128,load-hit,baseline,4,17.008928
string24,ahash,128,load-hit,quick_cache,4,8.255557
string24,ahash,128,load-hit,lru,4,12.854679
string24,ahash,128,load-cycle,micro,0,53.536298
string24,ahash,128,load-cycle,baseline,0,38.461629
string24,ahash,128,load-cycle,quick_cache,0,18.711218
string24,ahash,128,load-cycle,lru,0,38.656134
string24,ahash,128,load-cycle,hashlink,0,39.330117
string24,ahash,128,load-cycle,baseline,1,39.468579
string24,ahash,128,load-cycle,quick_cache,1,18.963428
string24,ahash,128,load-cycle,lru,1,40.495353
string24,ahash,128,load-cycle,hashlink,1,40.569583
string24,ahash,128,load-cycle,micro,1,38.545402
string24,ahash,128,load-cycle,quick_cache,2,19.257575
string24,ahash,128,load-cycle,lru,2,40.425202
string24,ahash,128,load-cycle,hashlink,2,39.589147
string24,ahash,128,load-cycle,micro,2,37.721174
string24,ahash,128,load-cycle,baseline,2,38.067979
string24,ahash,128,load-cycle,lru,3,39.478443
string24,ahash,128,load-cycle,hashlink,3,40.179527
string24,ahash,128,load-cycle,micro,3,37.356103
string24,ahash,128,load-cycle,baseline,3,39.687157
string24,ahash,128,load-cycle,quick_cache,3,19.228413
string24,ahash,128,load-cycle,hashlink,4,39.184023
string24,ahash,128,load-cycle,micro,4,37.256114
string24,ahash,128,load-cycle,baseline,4,38.100725
string24,ahash,128,load-cycle,quick_cache,4,18.426223
string24,ahash,128,load-cycle,lru,4,40.369067
string24,ahash,128,clear-refill,micro,0,2527.977254
string24,ahash,128,clear-refill,baseline,0,2560.864334
string24,ahash,128,clear-refill,quick_cache,0,2564.387179
string24,ahash,128,clear-refill,lru,0,5331.335702
string24,ahash,128,clear-refill,hashlink,0,3760.494987
string24,ahash,128,clear-refill,baseline,1,2467.173520
string24,ahash,128,clear-refill,quick_cache,1,2564.458974
string24,ahash,128,clear-refill,lru,1,5382.989247
string24,ahash,128,clear-refill,hashlink,1,3675.489596
string24,ahash,128,clear-refill,micro,1,2538.846024
string24,ahash,128,clear-refill,quick_cache,2,2594.821953
string24,ahash,128,clear-refill,lru,2,5309.187279
string24,ahash,128,clear-refill,hashlink,2,3643.557039
string24,ahash,128,clear-refill,micro,2,2545.766751
string24,ahash,128,clear-refill,baseline,2,2490.214108
string24,ahash,128,clear-refill,lru,3,5109.409864
string24,ahash,128,clear-refill,hashlink,3,3563.787411
string24,ahash,128,clear-refill,micro,3,2498.577852
string24,ahash,128,clear-refill,baseline,3,2534.522804
string24,ahash,128,clear-refill,quick_cache,3,2556.643952
string24,ahash,128,clear-refill,hashlink,4,3583.282816
string24,ahash,128,clear-refill,micro,4,2524.705635
string24,ahash,128,clear-refill,baseline,4,2534.980574
string24,ahash,128,clear-refill,quick_cache,4,2565.847863
string24,ahash,128,clear-refill,lru,4,5123.506826
string24,ahash,128,clear-empty,micro,0,49.532733
string24,ahash,128,clear-empty,baseline,0,49.278788
string24,ahash,128,clear-empty,quick_cache,0,4.000240
string24,ahash,128,clear-empty,lru,0,2.139116
string24,ahash,128,clear-empty,hashlink,0,0.607246
string24,ahash,128,clear-empty,baseline,1,49.234686
string24,ahash,128,clear-empty,quick_cache,1,3.971034
string24,ahash,128,clear-empty,lru,1,2.145172
string24,ahash,128,clear-empty,hashlink,1,0.614216
string24,ahash,128,clear-empty,micro,1,49.855717
string24,ahash,128,clear-empty,quick_cache,2,4.003583
string24,ahash,128,clear-empty,lru,2,2.148468
string24,ahash,128,clear-empty,hashlink,2,0.613982
string24,ahash,128,clear-empty,micro,2,49.933511
string24,ahash,128,clear-empty,baseline,2,50.516770
string24,ahash,128,clear-empty,lru,3,2.201745
string24,ahash,128,clear-empty,hashlink,3,0.608490
string24,ahash,128,clear-empty,micro,3,49.095090
string24,ahash,128,clear-empty,baseline,3,49.289046
string24,ahash,128,clear-empty,quick_cache,3,3.991512
string24,ahash,128,clear-empty,hashlink,4,0.616089
string24,ahash,128,clear-empty,micro,4,42.303072
string24,ahash,128,clear-empty,baseline,4,42.600175
string24,ahash,128,clear-empty,quick_cache,4,3.981163
string24,ahash,128,clear-empty,lru,4,2.137797
string24,ahash,128,iter-dense,micro,0,38.673222
string24,ahash,128,iter-dense,baseline,0,39.961637
string24,ahash,128,iter-dense,quick_cache,0,30.384610
string24,ahash,128,iter-dense,lru,0,144.475058
string24,ahash,128,iter-dense,hashlink,0,138.632432
string24,ahash,128,iter-dense,baseline,1,40.531777
string24,ahash,128,iter-dense,quick_cache,1,32.019777
string24,ahash,128,iter-dense,lru,1,164.415937
string24,ahash,128,iter-dense,hashlink,1,143.177481
string24,ahash,128,iter-dense,micro,1,38.993191
string24,ahash,128,iter-dense,quick_cache,2,29.975394
string24,ahash,128,iter-dense,lru,2,139.619373
string24,ahash,128,iter-dense,hashlink,2,135.508851
string24,ahash,128,iter-dense,micro,2,38.383481
string24,ahash,128,iter-dense,baseline,2,39.012674
string24,ahash,128,iter-dense,lru,3,138.082198
string24,ahash,128,iter-dense,hashlink,3,141.426282
string24,ahash,128,iter-dense,micro,3,39.181127
string24,ahash,128,iter-dense,baseline,3,38.704602
string24,ahash,128,iter-dense,quick_cache,3,29.868688
string24,ahash,128,iter-dense,hashlink,4,136.606941
string24,ahash,128,iter-dense,micro,4,38.389339
string24,ahash,128,iter-dense,baseline,4,38.582382
string24,ahash,128,iter-dense,quick_cache,4,29.747977
string24,ahash,128,iter-dense,lru,4,138.950648
string24,ahash,128,iter-dense-for,micro,0,38.347814
string24,ahash,128,iter-dense-for,baseline,0,38.588825
string24,ahash,128,iter-dense-for,quick_cache,0,70.063574
string24,ahash,128,iter-dense-for,lru,0,82.285965
string24,ahash,128,iter-dense-for,hashlink,0,72.471914
string24,ahash,128,iter-dense-for,baseline,1,38.120871
string24,ahash,128,iter-dense-for,quick_cache,1,70.177044
string24,ahash,128,iter-dense-for,lru,1,81.822180
string24,ahash,128,iter-dense-for,hashlink,1,72.126418
string24,ahash,128,iter-dense-for,micro,1,38.297092
string24,ahash,128,iter-dense-for,quick_cache,2,70.937925
string24,ahash,128,iter-dense-for,lru,2,83.458435
string24,ahash,128,iter-dense-for,hashlink,2,71.698203
string24,ahash,128,iter-dense-for,micro,2,38.291037
string24,ahash,128,iter-dense-for,baseline,2,38.401861
string24,ahash,128,iter-dense-for,lru,3,83.233973
string24,ahash,128,iter-dense-for,hashlink,3,76.583750
string24,ahash,128,iter-dense-for,micro,3,38.251823
string24,ahash,128,iter-dense-for,baseline,3,39.305886
string24,ahash,128,iter-dense-for,quick_cache,3,70.908919
string24,ahash,128,iter-dense-for,hashlink,4,70.909911
string24,ahash,128,iter-dense-for,micro,4,37.236063
string24,ahash,128,iter-dense-for,baseline,4,37.917838
string24,ahash,128,iter-dense-for,quick_cache,4,69.276796
string24,ahash,128,iter-dense-for,lru,4,81.288832
string24,ahash,128,iter-density-1pct,micro,0,38.320724
string24,ahash,128,iter-density-1pct,baseline,0,39.258162
string24,ahash,128,iter-density-1pct,quick_cache,0,26.655326
string24,ahash,128,iter-density-1pct,lru,0,1.314074
string24,ahash,128,iter-density-1pct,hashlink,0,1.259759
string24,ahash,128,iter-density-1pct,baseline,1,40.121670
string24,ahash,128,iter-density-1pct,quick_cache,1,22.900450
string24,ahash,128,iter-density-1pct,lru,1,1.309486
string24,ahash,128,iter-density-1pct,hashlink,1,1.271100
string24,ahash,128,iter-density-1pct,micro,1,38.575098
string24,ahash,128,iter-density-1pct,quick_cache,2,22.983896
string24,ahash,128,iter-density-1pct,lru,2,1.306657
string24,ahash,128,iter-density-1pct,hashlink,2,1.276796
string24,ahash,128,iter-density-1pct,micro,2,39.045158
string24,ahash,128,iter-density-1pct,baseline,2,39.067930
string24,ahash,128,iter-density-1pct,lru,3,1.313467
string24,ahash,128,iter-density-1pct,hashlink,3,1.265370
string24,ahash,128,iter-density-1pct,micro,3,38.712518
string24,ahash,128,iter-density-1pct,baseline,3,39.237931
string24,ahash,128,iter-density-1pct,quick_cache,3,23.503439
string24,ahash,128,iter-density-1pct,hashlink,4,1.289830
string24,ahash,128,iter-density-1pct,micro,4,39.188192
string24,ahash,128,iter-density-1pct,baseline,4,38.481714
string24,ahash,128,iter-density-1pct,quick_cache,4,23.662292
string24,ahash,128,iter-density-1pct,lru,4,1.327396
string24,ahash,128,iter-density-6pct,micro,0,37.402560
string24,ahash,128,iter-density-6pct,baseline,0,37.044819
string24,ahash,128,iter-density-6pct,quick_cache,0,23.692191
string24,ahash,128,iter-density-6pct,lru,0,3.561524
string24,ahash,128,iter-density-6pct,hashlink,0,3.213633
string24,ahash,128,iter-density-6pct,baseline,1,37.017617
string24,ahash,128,iter-density-6pct,quick_cache,1,23.700818
string24,ahash,128,iter-density-6pct,lru,1,3.542013
string24,ahash,128,iter-density-6pct,hashlink,1,3.180167
string24,ahash,128,iter-density-6pct,micro,1,36.981011
string24,ahash,128,iter-density-6pct,quick_cache,2,23.689490
string24,ahash,128,iter-density-6pct,lru,2,3.532453
string24,ahash,128,iter-density-6pct,hashlink,2,3.177966
string24,ahash,128,iter-density-6pct,micro,2,36.994058
string24,ahash,128,iter-density-6pct,baseline,2,36.793564
string24,ahash,128,iter-density-6pct,lru,3,3.561709
string24,ahash,128,iter-density-6pct,hashlink,3,3.215396
string24,ahash,128,iter-density-6pct,micro,3,37.330190
string24,ahash,128,iter-density-6pct,baseline,3,36.804798
string24,ahash,128,iter-density-6pct,quick_cache,3,23.772922
string24,ahash,128,iter-density-6pct,hashlink,4,3.212310
string24,ahash,128,iter-density-6pct,micro,4,37.973912
string24,ahash,128,iter-density-6pct,baseline,4,37.368598
string24,ahash,128,iter-density-6pct,quick_cache,4,23.851207
string24,ahash,128,iter-density-6pct,lru,4,3.535299
string24,ahash,128,iter-density-quarter,micro,0,37.730030
string24,ahash,128,iter-density-quarter,baseline,0,37.633452
string24,ahash,128,iter-density-quarter,quick_cache,0,26.574236
string24,ahash,128,iter-density-quarter,lru,0,19.336571
string24,ahash,128,iter-density-quarter,hashlink,0,19.193264
string24,ahash,128,iter-density-quarter,baseline,1,37.356300
string24,ahash,128,iter-density-quarter,quick_cache,1,26.324607
string24,ahash,128,iter-density-quarter,lru,1,19.326453
string24,ahash,128,iter-density-quarter,hashlink,1,19.146237
string24,ahash,128,iter-density-quarter,micro,1,37.367564
string24,ahash,128,iter-density-quarter,quick_cache,2,26.294710
string24,ahash,128,iter-density-quarter,lru,2,19.289639
string24,ahash,128,iter-density-quarter,hashlink,2,19.041246
string24,ahash,128,iter-density-quarter,micro,2,37.310150
string24,ahash,128,iter-density-quarter,baseline,2,37.339357
string24,ahash,128,iter-density-quarter,lru,3,19.315307
string24,ahash,128,iter-density-quarter,hashlink,3,19.030451
string24,ahash,128,iter-density-quarter,micro,3,37.573655
string24,ahash,128,iter-density-quarter,baseline,3,37.698118
string24,ahash,128,iter-density-quarter,quick_cache,3,26.346059
string24,ahash,128,iter-density-quarter,hashlink,4,19.237921
string24,ahash,128,iter-density-quarter,micro,4,37.656363
string24,ahash,128,iter-density-quarter,baseline,4,37.826606
string24,ahash,128,iter-density-quarter,quick_cache,4,26.994700
string24,ahash,128,iter-density-quarter,lru,4,19.744565
string24,ahash,128,iter-density-half,micro,0,64.190666
string24,ahash,128,iter-density-half,baseline,0,64.172827
string24,ahash,128,iter-density-half,quick_cache,0,24.914322
string24,ahash,128,iter-density-half,lru,0,52.345791
string24,ahash,128,iter-density-half,hashlink,0,51.824921
string24,ahash,128,iter-density-half,baseline,1,64.608256
string24,ahash,128,iter-density-half,quick_cache,1,24.778814
string24,ahash,128,iter-density-half,lru,1,52.347973
string24,ahash,128,iter-density-half,hashlink,1,51.737883
string24,ahash,128,iter-density-half,micro,1,64.055563
string24,ahash,128,iter-density-half,quick_cache,2,24.760901
string24,ahash,128,iter-density-half,lru,2,52.273498
string24,ahash,128,iter-density-half,hashlink,2,51.832124
string24,ahash,128,iter-density-half,micro,2,63.852600
string24,ahash,128,iter-density-half,baseline,2,63.954852
string24,ahash,128,iter-density-half,lru,3,51.789981
string24,ahash,128,iter-density-half,hashlink,3,51.478029
string24,ahash,128,iter-density-half,micro,3,64.647398
string24,ahash,128,iter-density-half,baseline,3,64.237307
string24,ahash,128,iter-density-half,quick_cache,3,24.964914
string24,ahash,128,iter-density-half,hashlink,4,53.412105
string24,ahash,128,iter-density-half,micro,4,64.050226
string24,ahash,128,iter-density-half,baseline,4,64.575973
string24,ahash,128,iter-density-half,quick_cache,4,24.844810
string24,ahash,128,iter-density-half,lru,4,53.409880
string24,ahash,128,iter-front,micro,0,38.568657
string24,ahash,128,iter-front,baseline,0,38.556011
string24,ahash,128,iter-front,quick_cache,0,23.142750
string24,ahash,128,iter-front,lru,0,1.202108
string24,ahash,128,iter-front,hashlink,0,1.158065
string24,ahash,128,iter-front,baseline,1,37.930547
string24,ahash,128,iter-front,quick_cache,1,23.159909
string24,ahash,128,iter-front,lru,1,1.211240
string24,ahash,128,iter-front,hashlink,1,1.167890
string24,ahash,128,iter-front,micro,1,37.967067
string24,ahash,128,iter-front,quick_cache,2,22.644928
string24,ahash,128,iter-front,lru,2,1.199923
string24,ahash,128,iter-front,hashlink,2,1.151960
string24,ahash,128,iter-front,micro,2,37.791377
string24,ahash,128,iter-front,baseline,2,34.323618
string24,ahash,128,iter-front,lru,3,1.180939
string24,ahash,128,iter-front,hashlink,3,1.145836
string24,ahash,128,iter-front,micro,3,36.182051
string24,ahash,128,iter-front,baseline,3,36.178518
string24,ahash,128,iter-front,quick_cache,3,29.345980
string24,ahash,128,iter-front,hashlink,4,1.191157
string24,ahash,128,iter-front,micro,4,37.167435
string24,ahash,128,iter-front,baseline,4,37.620385
string24,ahash,128,iter-front,quick_cache,4,29.471195
string24,ahash,128,iter-front,lru,4,1.199831
string24,ahash,128,iter-back,micro,0,38.401323
string24,ahash,128,iter-back,baseline,0,37.915222
string24,ahash,128,iter-back,quick_cache,0,25.831104
string24,ahash,128,iter-back,lru,0,1.204533
string24,ahash,128,iter-back,hashlink,0,1.171304
string24,ahash,128,iter-back,baseline,1,38.374949
string24,ahash,128,iter-back,quick_cache,1,25.558309
string24,ahash,128,iter-back,lru,1,1.188725
string24,ahash,128,iter-back,hashlink,1,1.152966
string24,ahash,128,iter-back,micro,1,38.412792
string24,ahash,128,iter-back,quick_cache,2,25.809068
string24,ahash,128,iter-back,lru,2,1.178563
string24,ahash,128,iter-back,hashlink,2,1.147603
string24,ahash,128,iter-back,micro,2,38.528605
string24,ahash,128,iter-back,baseline,2,37.975585
string24,ahash,128,iter-back,lru,3,1.187054
string24,ahash,128,iter-back,hashlink,3,1.146172
string24,ahash,128,iter-back,micro,3,38.360308
string24,ahash,128,iter-back,baseline,3,37.961791
string24,ahash,128,iter-back,quick_cache,3,25.375998
string24,ahash,128,iter-back,hashlink,4,1.137232
string24,ahash,128,iter-back,micro,4,38.599346
string24,ahash,128,iter-back,baseline,4,37.823971
string24,ahash,128,iter-back,quick_cache,4,25.521400
string24,ahash,128,iter-back,lru,4,1.206191
string24,ahash,128,iter-empty,micro,0,37.444776
string24,ahash,128,iter-empty,baseline,0,36.756934
string24,ahash,128,iter-empty,quick_cache,0,26.299158
string24,ahash,128,iter-empty,lru,0,0.992725
string24,ahash,128,iter-empty,hashlink,0,1.020675
string24,ahash,128,iter-empty,baseline,1,37.465978
string24,ahash,128,iter-empty,quick_cache,1,25.638971
string24,ahash,128,iter-empty,lru,1,0.982498
string24,ahash,128,iter-empty,hashlink,1,1.009160
string24,ahash,128,iter-empty,micro,1,37.911001
string24,ahash,128,iter-empty,quick_cache,2,25.677283
string24,ahash,128,iter-empty,lru,2,0.961400
string24,ahash,128,iter-empty,hashlink,2,0.991623
string24,ahash,128,iter-empty,micro,2,36.476055
string24,ahash,128,iter-empty,baseline,2,36.356849
string24,ahash,128,iter-empty,lru,3,0.953151
string24,ahash,128,iter-empty,hashlink,3,0.987913
string24,ahash,128,iter-empty,micro,3,37.076685
string24,ahash,128,iter-empty,baseline,3,36.797660
string24,ahash,128,iter-empty,quick_cache,3,25.751991
string24,ahash,128,iter-empty,hashlink,4,0.985152
string24,ahash,128,iter-empty,micro,4,37.177005
string24,ahash,128,iter-empty,baseline,4,36.887576
string24,ahash,128,iter-empty,quick_cache,4,25.529063
string24,ahash,128,iter-empty,lru,4,0.976634
string24,ahash,128,iter-count,micro,0,36.826202
string24,ahash,128,iter-count,baseline,0,36.671448
string24,ahash,128,iter-count,quick_cache,0,53.472727
string24,ahash,128,iter-count,lru,0,0.393437
string24,ahash,128,iter-count,hashlink,0,0.397378
string24,ahash,128,iter-count,baseline,1,36.911299
string24,ahash,128,iter-count,quick_cache,1,55.984152
string24,ahash,128,iter-count,lru,1,0.401423
string24,ahash,128,iter-count,hashlink,1,0.393252
string24,ahash,128,iter-count,micro,1,36.954292
string24,ahash,128,iter-count,quick_cache,2,55.556835
string24,ahash,128,iter-count,lru,2,0.392239
string24,ahash,128,iter-count,hashlink,2,0.405064
string24,ahash,128,iter-count,micro,2,37.755175
string24,ahash,128,iter-count,baseline,2,36.264431
string24,ahash,128,iter-count,lru,3,0.398692
string24,ahash,128,iter-count,hashlink,3,0.397826
string24,ahash,128,iter-count,micro,3,36.541484
string24,ahash,128,iter-count,baseline,3,36.176010
string24,ahash,128,iter-count,quick_cache,3,53.380238
string24,ahash,128,iter-count,hashlink,4,0.394850
string24,ahash,128,iter-count,micro,4,36.530337
string24,ahash,128,iter-count,baseline,4,36.274981
string24,ahash,128,iter-count,quick_cache,4,53.199077
string24,ahash,128,iter-count,lru,4,0.397211
string24,ahash,1024,get-hit,micro,0,6.416495
string24,ahash,1024,get-hit,baseline,0,6.388872
string24,ahash,1024,get-hit,quick_cache,0,6.646838
string24,ahash,1024,get-hit,lru,0,7.533794
string24,ahash,1024,get-hit,hashlink,0,7.061397
string24,ahash,1024,get-hit,baseline,1,6.569181
string24,ahash,1024,get-hit,quick_cache,1,6.560189
string24,ahash,1024,get-hit,lru,1,7.598566
string24,ahash,1024,get-hit,hashlink,1,7.173978
string24,ahash,1024,get-hit,micro,1,6.535758
string24,ahash,1024,get-hit,quick_cache,2,6.502563
string24,ahash,1024,get-hit,lru,2,7.433982
string24,ahash,1024,get-hit,hashlink,2,7.052495
string24,ahash,1024,get-hit,micro,2,6.631125
string24,ahash,1024,get-hit,baseline,2,6.566275
string24,ahash,1024,get-hit,lru,3,7.706535
string24,ahash,1024,get-hit,hashlink,3,7.767253
string24,ahash,1024,get-hit,micro,3,6.724132
string24,ahash,1024,get-hit,baseline,3,6.705174
string24,ahash,1024,get-hit,quick_cache,3,6.886045
string24,ahash,1024,get-hit,hashlink,4,7.509815
string24,ahash,1024,get-hit,micro,4,6.888496
string24,ahash,1024,get-hit,baseline,4,6.851009
string24,ahash,1024,get-hit,quick_cache,4,6.880018
string24,ahash,1024,get-hit,lru,4,8.030104
string24,ahash,1024,get-miss,micro,0,3.761500
string24,ahash,1024,get-miss,baseline,0,3.764302
string24,ahash,1024,get-miss,quick_cache,0,3.795297
string24,ahash,1024,get-miss,lru,0,4.195068
string24,ahash,1024,get-miss,hashlink,0,3.735578
string24,ahash,1024,get-miss,baseline,1,3.741725
string24,ahash,1024,get-miss,quick_cache,1,3.775357
string24,ahash,1024,get-miss,lru,1,4.173914
string24,ahash,1024,get-miss,hashlink,1,3.784756
string24,ahash,1024,get-miss,micro,1,3.800959
string24,ahash,1024,get-miss,quick_cache,2,3.734037
string24,ahash,1024,get-miss,lru,2,4.108062
string24,ahash,1024,get-miss,hashlink,2,3.693746
string24,ahash,1024,get-miss,micro,2,3.730132
string24,ahash,1024,get-miss,baseline,2,3.788323
string24,ahash,1024,get-miss,lru,3,4.107723
string24,ahash,1024,get-miss,hashlink,3,3.710455
string24,ahash,1024,get-miss,micro,3,3.757294
string24,ahash,1024,get-miss,baseline,3,3.757036
string24,ahash,1024,get-miss,quick_cache,3,3.755791
string24,ahash,1024,get-miss,hashlink,4,3.693695
string24,ahash,1024,get-miss,micro,4,3.730183
string24,ahash,1024,get-miss,baseline,4,3.768454
string24,ahash,1024,get-miss,quick_cache,4,3.774164
string24,ahash,1024,get-miss,lru,4,4.118330
string24,ahash,1024,update,micro,0,18.466443
string24,ahash,1024,update,baseline,0,18.738812
string24,ahash,1024,update,quick_cache,0,35.950173
string24,ahash,1024,update,lru,0,24.439178
string24,ahash,1024,update,hashlink,0,22.630579
string24,ahash,1024,update,baseline,1,18.570453
string24,ahash,1024,update,quick_cache,1,34.365101
string24,ahash,1024,update,lru,1,25.089860
string24,ahash,1024,update,hashlink,1,22.516587
string24,ahash,1024,update,micro,1,19.496177
string24,ahash,1024,update,quick_cache,2,33.939708
string24,ahash,1024,update,lru,2,23.309074
string24,ahash,1024,update,hashlink,2,22.229665
string24,ahash,1024,update,micro,2,18.550873
string24,ahash,1024,update,baseline,2,18.732703
string24,ahash,1024,update,lru,3,24.653117
string24,ahash,1024,update,hashlink,3,22.131527
string24,ahash,1024,update,micro,3,18.637341
string24,ahash,1024,update,baseline,3,18.686169
string24,ahash,1024,update,quick_cache,3,34.027555
string24,ahash,1024,update,hashlink,4,21.776389
string24,ahash,1024,update,micro,4,18.536127
string24,ahash,1024,update,baseline,4,18.526971
string24,ahash,1024,update,quick_cache,4,33.940629
string24,ahash,1024,update,lru,4,24.663289
string24,ahash,1024,insert-cycle,micro,0,42.404311
string24,ahash,1024,insert-cycle,baseline,0,42.246219
string24,ahash,1024,insert-cycle,quick_cache,0,29.073472
string24,ahash,1024,insert-cycle,lru,0,51.014867
string24,ahash,1024,insert-cycle,hashlink,0,46.155289
string24,ahash,1024,insert-cycle,baseline,1,41.979980
string24,ahash,1024,insert-cycle,quick_cache,1,28.352389
string24,ahash,1024,insert-cycle,lru,1,49.922689
string24,ahash,1024,insert-cycle,hashlink,1,44.133803
string24,ahash,1024,insert-cycle,micro,1,43.828628
string24,ahash,1024,insert-cycle,quick_cache,2,28.851275
string24,ahash,1024,insert-cycle,lru,2,49.328613
string24,ahash,1024,insert-cycle,hashlink,2,42.786802
string24,ahash,1024,insert-cycle,micro,2,42.523479
string24,ahash,1024,insert-cycle,baseline,2,42.230511
string24,ahash,1024,insert-cycle,lru,3,49.212646
string24,ahash,1024,insert-cycle,hashlink,3,44.314511
string24,ahash,1024,insert-cycle,micro,3,43.276927
string24,ahash,1024,insert-cycle,baseline,3,43.203915
string24,ahash,1024,insert-cycle,quick_cache,3,29.315996
string24,ahash,1024,insert-cycle,hashlink,4,43.531839
string24,ahash,1024,insert-cycle,micro,4,42.940848
string24,ahash,1024,insert-cycle,baseline,4,42.018345
string24,ahash,1024,insert-cycle,quick_cache,4,27.737599
string24,ahash,1024,insert-cycle,lru,4,49.458822
string24,ahash,1024,mixed-95,micro,0,10.509888
string24,ahash,1024,mixed-95,baseline,0,10.511220
string24,ahash,1024,mixed-95,quick_cache,0,13.393561
string24,ahash,1024,mixed-95,lru,0,12.308796
string24,ahash,1024,mixed-95,hashlink,0,11.107882
string24,ahash,1024,mixed-95,baseline,1,10.261853
string24,ahash,1024,mixed-95,quick_cache,1,13.697703
string24,ahash,1024,mixed-95,lru,1,12.621582
string24,ahash,1024,mixed-95,hashlink,1,10.799786
string24,ahash,1024,mixed-95,micro,1,10.614534
string24,ahash,1024,mixed-95,quick_cache,2,13.132353
string24,ahash,1024,mixed-95,lru,2,11.880159
string24,ahash,1024,mixed-95,hashlink,2,10.498126
string24,ahash,1024,mixed-95,micro,2,10.286947
string24,ahash,1024,mixed-95,baseline,2,10.863483
string24,ahash,1024,mixed-95,lru,3,12.486160
string24,ahash,1024,mixed-95,hashlink,3,11.091053
string24,ahash,1024,mixed-95,micro,3,10.518869
string24,ahash,1024,mixed-95,baseline,3,10.608792
string24,ahash,1024,mixed-95,quick_cache,3,13.537208
string24,ahash,1024,mixed-95,hashlink,4,10.488768
string24,ahash,1024,mixed-95,micro,4,10.157327
string24,ahash,1024,mixed-95,baseline,4,10.294199
string24,ahash,1024,mixed-95,quick_cache,4,13.308287
string24,ahash,1024,mixed-95,lru,4,12.535214
string24,ahash,1024,load-hit,micro,0,8.091582
string24,ahash,1024,load-hit,baseline,0,19.514648
string24,ahash,1024,load-hit,quick_cache,0,8.392681
string24,ahash,1024,load-hit,lru,0,9.178668
string24,ahash,1024,load-hit,hashlink,0,6.977009
string24,ahash,1024,load-hit,baseline,1,19.004822
string24,ahash,1024,load-hit,quick_cache,1,8.664273
string24,ahash,1024,load-hit,lru,1,9.169260
string24,ahash,1024,load-hit,hashlink,1,7.029889
string24,ahash,1024,load-hit,micro,1,8.186738
string24,ahash,1024,load-hit,quick_cache,2,8.587740
string24,ahash,1024,load-hit,lru,2,9.198505
string24,ahash,1024,load-hit,hashlink,2,6.957047
string24,ahash,1024,load-hit,micro,2,8.179614
string24,ahash,1024,load-hit,baseline,2,19.212598
string24,ahash,1024,load-hit,lru,3,9.204227
string24,ahash,1024,load-hit,hashlink,3,6.962805
string24,ahash,1024,load-hit,micro,3,8.381144
string24,ahash,1024,load-hit,baseline,3,19.119513
string24,ahash,1024,load-hit,quick_cache,3,8.595785
string24,ahash,1024,load-hit,hashlink,4,7.382507
string24,ahash,1024,load-hit,micro,4,7.843992
string24,ahash,1024,load-hit,baseline,4,19.208783
string24,ahash,1024,load-hit,quick_cache,4,9.069675
string24,ahash,1024,load-hit,lru,4,9.176511
string24,ahash,1024,load-cycle,micro,0,46.347305
string24,ahash,1024,load-cycle,baseline,0,46.175644
string24,ahash,1024,load-cycle,quick_cache,0,20.540595
string24,ahash,1024,load-cycle,lru,0,49.092611
string24,ahash,1024,load-cycle,hashlink,0,48.407431
string24,ahash,1024,load-cycle,baseline,1,44.904001
string24,ahash,1024,load-cycle,quick_cache,1,19.492438
string24,ahash,1024,load-cycle,lru,1,48.101610
string24,ahash,1024,load-cycle,hashlink,1,47.647461
string24,ahash,1024,load-cycle,micro,1,44.442842
string24,ahash,1024,load-cycle,quick_cache,2,20.022283
string24,ahash,1024,load-cycle,lru,2,48.114746
string24,ahash,1024,load-cycle,hashlink,2,48.485541
string24,ahash,1024,load-cycle,micro,2,45.280066
string24,ahash,1024,load-cycle,baseline,2,44.673414
string24,ahash,1024,load-cycle,lru,3,47.991353
string24,ahash,1024,load-cycle,hashlink,3,48.289315
string24,ahash,1024,load-cycle,micro,3,44.833718
string24,ahash,1024,load-cycle,baseline,3,45.266498
string24,ahash,1024,load-cycle,quick_cache,3,19.740671
string24,ahash,1024,load-cycle,hashlink,4,48.274225
string24,ahash,1024,load-cycle,micro,4,44.427424
string24,ahash,1024,load-cycle,baseline,4,45.381806
string24,ahash,1024,load-cycle,quick_cache,4,20.249739
string24,ahash,1024,load-cycle,lru,4,48.753954
string24,ahash,1024,clear-refill,micro,0,21211.267606
string24,ahash,1024,clear-refill,baseline,0,21552.978571
string24,ahash,1024,clear-refill,quick_cache,0,24414.975610
string24,ahash,1024,clear-refill,lru,0,51621.474576
string24,ahash,1024,clear-refill,hashlink,0,30431.818182
string24,ahash,1024,clear-refill,baseline,1,21500.592857
string24,ahash,1024,clear-refill,quick_cache,1,24977.958678
string24,ahash,1024,clear-refill,lru,1,50450.000000
string24,ahash,1024,clear-refill,hashlink,1,32014.191489
string24,ahash,1024,clear-refill,micro,1,21136.732394
string24,ahash,1024,clear-refill,quick_cache,2,23316.860465
string24,ahash,1024,clear-refill,lru,2,50124.300000
string24,ahash,1024,clear-refill,hashlink,2,30796.765306
string24,ahash,1024,clear-refill,micro,2,21045.741259
string24,ahash,1024,clear-refill,baseline,2,20936.048611
string24,ahash,1024,clear-refill,lru,3,50407.633333
string24,ahash,1024,clear-refill,hashlink,3,30967.783505
string24,ahash,1024,clear-refill,micro,3,21183.394366
string24,ahash,1024,clear-refill,baseline,3,20968.458333
string24,ahash,1024,clear-refill,quick_cache,3,22463.305970
string24,ahash,1024,clear-refill,hashlink,4,30927.835052
string24,ahash,1024,clear-refill,micro,4,21800.724638
string24,ahash,1024,clear-refill,baseline,4,21700.539568
string24,ahash,1024,clear-refill,quick_cache,4,22928.435115
string24,ahash,1024,clear-refill,lru,4,51103.118644
string24,ahash,1024,clear-empty,micro,0,48.135070
string24,ahash,1024,clear-empty,baseline,0,47.784076
string24,ahash,1024,clear-empty,quick_cache,0,4.023696
string24,ahash,1024,clear-empty,lru,0,2.171707
string24,ahash,1024,clear-empty,hashlink,0,0.626278
string24,ahash,1024,clear-empty,baseline,1,48.481082
string24,ahash,1024,clear-empty,quick_cache,1,3.961879
string24,ahash,1024,clear-empty,lru,1,2.140768
string24,ahash,1024,clear-empty,hashlink,1,0.609313
string24,ahash,1024,clear-empty,micro,1,47.673590
string24,ahash,1024,clear-empty,quick_cache,2,4.008448
string24,ahash,1024,clear-empty,lru,2,2.138666
string24,ahash,1024,clear-empty,hashlink,2,0.610034
string24,ahash,1024,clear-empty,micro,2,48.003029
string24,ahash,1024,clear-empty,baseline,2,47.767530
string24,ahash,1024,clear-empty,lru,3,2.151809
string24,ahash,1024,clear-empty,hashlink,3,0.611492
string24,ahash,1024,clear-empty,micro,3,47.730485
string24,ahash,1024,clear-empty,baseline,3,47.687484
string24,ahash,1024,clear-empty,quick_cache,3,3.973561
string24,ahash,1024,clear-empty,hashlink,4,0.607687
string24,ahash,1024,clear-empty,micro,4,47.639180
string24,ahash,1024,clear-empty,baseline,4,47.737106
string24,ahash,1024,clear-empty,quick_cache,4,3.945311
string24,ahash,1024,clear-empty,lru,4,2.145565
string24,ahash,1024,iter-dense,micro,0,277.987056
string24,ahash,1024,iter-dense,baseline,0,280.336660
string24,ahash,1024,iter-dense,quick_cache,0,247.248520
string24,ahash,1024,iter-dense,lru,0,1354.129464
string24,ahash,1024,iter-dense,hashlink,0,1347.488839
string24,ahash,1024,iter-dense,baseline,1,279.668899
string24,ahash,1024,iter-dense,quick_cache,1,274.625365
string24,ahash,1024,iter-dense,lru,1,1339.769196
string24,ahash,1024,iter-dense,hashlink,1,1294.627568
string24,ahash,1024,iter-dense,micro,1,276.401654
string24,ahash,1024,iter-dense,quick_cache,2,255.460235
string24,ahash,1024,iter-dense,lru,2,1345.945089
string24,ahash,1024,iter-dense,hashlink,2,1279.490287
string24,ahash,1024,iter-dense,micro,2,278.734700
string24,ahash,1024,iter-dense,baseline,2,274.370249
string24,ahash,1024,iter-dense,lru,3,1352.027232
string24,ahash,1024,iter-dense,hashlink,3,1291.969606
string24,ahash,1024,iter-dense,micro,3,275.934467
string24,ahash,1024,iter-dense,baseline,3,279.730841
string24,ahash,1024,iter-dense,quick_cache,3,254.907609
string24,ahash,1024,iter-dense,hashlink,4,1323.980634
string24,ahash,1024,iter-dense,micro,4,281.918637
string24,ahash,1024,iter-dense,baseline,4,277.167128
string24,ahash,1024,iter-dense,quick_cache,4,259.600138
string24,ahash,1024,iter-dense,lru,4,1318.467882
string24,ahash,1024,iter-dense-for,micro,0,276.686947
string24,ahash,1024,iter-dense-for,baseline,0,283.818731
string24,ahash,1024,iter-dense-for,quick_cache,0,504.277218
string24,ahash,1024,iter-dense-for,lru,0,754.718750
string24,ahash,1024,iter-dense-for,hashlink,0,762.819614
string24,ahash,1024,iter-dense-for,baseline,1,267.513177
string24,ahash,1024,iter-dense-for,quick_cache,1,270.698217
string24,ahash,1024,iter-dense-for,lru,1,833.149060
string24,ahash,1024,iter-dense-for,hashlink,1,959.661990
string24,ahash,1024,iter-dense-for,micro,1,269.322260
string24,ahash,1024,iter-dense-for,quick_cache,2,269.165652
string24,ahash,1024,iter-dense-for,lru,2,777.225207
string24,ahash,1024,iter-dense-for,hashlink,2,877.957068
string24,ahash,1024,iter-dense-for,micro,2,272.516576
string24,ahash,1024,iter-dense-for,baseline,2,272.744822
string24,ahash,1024,iter-dense-for,lru,3,745.370288
string24,ahash,1024,iter-dense-for,hashlink,3,863.997993
string24,ahash,1024,iter-dense-for,micro,3,271.601066
string24,ahash,1024,iter-dense-for,baseline,3,279.227121
string24,ahash,1024,iter-dense-for,quick_cache,3,271.371478
string24,ahash,1024,iter-dense-for,hashlink,4,915.655340
string24,ahash,1024,iter-dense-for,micro,4,272.437409
string24,ahash,1024,iter-dense-for,baseline,4,279.374349
string24,ahash,1024,iter-dense-for,quick_cache,4,298.284524
string24,ahash,1024,iter-dense-for,lru,4,750.630456
string24,ahash,1024,iter-density-1pct,micro,0,321.645869
string24,ahash,1024,iter-density-1pct,baseline,0,319.878508
string24,ahash,1024,iter-density-1pct,quick_cache,0,206.347321
string24,ahash,1024,iter-density-1pct,lru,0,4.450211
string24,ahash,1024,iter-density-1pct,hashlink,0,4.387463
string24,ahash,1024,iter-density-1pct,baseline,1,311.512624
string24,ahash,1024,iter-density-1pct,quick_cache,1,200.908391
string24,ahash,1024,iter-density-1pct,lru,1,4.433672
string24,ahash,1024,iter-density-1pct,hashlink,1,4.283484
string24,ahash,1024,iter-density-1pct,micro,1,347.458565
string24,ahash,1024,iter-density-1pct,quick_cache,2,175.498949
string24,ahash,1024,iter-density-1pct,lru,2,4.411265
string24,ahash,1024,iter-density-1pct,hashlink,2,4.254653
string24,ahash,1024,iter-density-1pct,micro,2,326.995318
string24,ahash,1024,iter-density-1pct,baseline,2,324.507137
string24,ahash,1024,iter-density-1pct,lru,3,4.382684
string24,ahash,1024,iter-density-1pct,hashlink,3,4.208493
string24,ahash,1024,iter-density-1pct,micro,3,320.490294
string24,ahash,1024,iter-density-1pct,baseline,3,318.622034
string24,ahash,1024,iter-density-1pct,quick_cache,3,202.885934
string24,ahash,1024,iter-density-1pct,hashlink,4,4.267437
string24,ahash,1024,iter-density-1pct,micro,4,322.773518
string24,ahash,1024,iter-density-1pct,baseline,4,322.442440
string24,ahash,1024,iter-density-1pct,quick_cache,4,179.353908
string24,ahash,1024,iter-density-1pct,lru,4,4.416399
string24,ahash,1024,iter-density-6pct,micro,0,302.600000
string24,ahash,1024,iter-density-6pct,baseline,0,304.395800
string24,ahash,1024,iter-density-6pct,quick_cache,0,179.450944
string24,ahash,1024,iter-density-6pct,lru,0,52.240738
string24,ahash,1024,iter-density-6pct,hashlink,0,52.088403
string24,ahash,1024,iter-density-6pct,baseline,1,296.369775
string24,ahash,1024,iter-density-6pct,quick_cache,1,183.782290
string24,ahash,1024,iter-density-6pct,lru,1,52.243646
string24,ahash,1024,iter-density-6pct,hashlink,1,51.888057
string24,ahash,1024,iter-density-6pct,micro,1,300.356929
string24,ahash,1024,iter-density-6pct,quick_cache,2,183.410645
string24,ahash,1024,iter-density-6pct,lru,2,55.960061
string24,ahash,1024,iter-density-6pct,hashlink,2,48.839648
string24,ahash,1024,iter-density-6pct,micro,2,294.258621
string24,ahash,1024,iter-density-6pct,baseline,2,282.461879
string24,ahash,1024,iter-density-6pct,lru,3,48.977366
string24,ahash,1024,iter-density-6pct,hashlink,3,52.353050
string24,ahash,1024,iter-density-6pct,micro,3,299.081011
string24,ahash,1024,iter-density-6pct,baseline,3,271.484375
string24,ahash,1024,iter-density-6pct,quick_cache,3,208.125485
string24,ahash,1024,iter-density-6pct,hashlink,4,50.421421
string24,ahash,1024,iter-density-6pct,micro,4,297.676885
string24,ahash,1024,iter-density-6pct,baseline,4,296.953224
string24,ahash,1024,iter-density-6pct,quick_cache,4,209.026378
string24,ahash,1024,iter-density-6pct,lru,4,50.590227
string24,ahash,1024,iter-density-quarter,micro,0,245.124837
string24,ahash,1024,iter-density-quarter,baseline,0,252.828757
string24,ahash,1024,iter-density-quarter,quick_cache,0,195.951331
string24,ahash,1024,iter-density-quarter,lru,0,301.323718
string24,ahash,1024,iter-density-quarter,hashlink,0,284.098769
string24,ahash,1024,iter-density-quarter,baseline,1,257.159675
string24,ahash,1024,iter-density-quarter,quick_cache,1,196.824751
string24,ahash,1024,iter-density-quarter,lru,1,313.897889
string24,ahash,1024,iter-density-quarter,hashlink,1,296.016463
string24,ahash,1024,iter-density-quarter,micro,1,251.023563
string24,ahash,1024,iter-density-quarter,quick_cache,2,166.419659
string24,ahash,1024,iter-density-quarter,lru,2,316.929688
string24,ahash,1024,iter-density-quarter,hashlink,2,293.636035
string24,ahash,1024,iter-density-quarter,micro,2,258.992596
string24,ahash,1024,iter-density-quarter,baseline,2,263.039041
string24,ahash,1024,iter-density-quarter,lru,3,294.511658
string24,ahash,1024,iter-density-quarter,hashlink,3,296.415024
string24,ahash,1024,iter-density-quarter,micro,3,254.001267
string24,ahash,1024,iter-density-quarter,baseline,3,249.529006
string24,ahash,1024,iter-density-quarter,quick_cache,3,197.464408
string24,ahash,1024,iter-density-quarter,hashlink,4,289.444252
string24,ahash,1024,iter-density-quarter,micro,4,258.605286
string24,ahash,1024,iter-density-quarter,baseline,4,257.384418
string24,ahash,1024,iter-density-quarter,quick_cache,4,196.366697
string24,ahash,1024,iter-density-quarter,lru,4,306.849163
string24,ahash,1024,iter-density-half,micro,0,484.938789
string24,ahash,1024,iter-density-half,baseline,0,481.163301
string24,ahash,1024,iter-density-half,quick_cache,0,197.134322
string24,ahash,1024,iter-density-half,lru,0,608.266129
string24,ahash,1024,iter-density-half,hashlink,0,617.281661
string24,ahash,1024,iter-density-half,baseline,1,500.581782
string24,ahash,1024,iter-density-half,quick_cache,1,196.871135
string24,ahash,1024,iter-density-half,lru,1,637.879039
string24,ahash,1024,iter-density-half,hashlink,1,648.482328
string24,ahash,1024,iter-density-half,micro,1,498.932044
string24,ahash,1024,iter-density-half,quick_cache,2,205.484136
string24,ahash,1024,iter-density-half,lru,2,629.710151
string24,ahash,1024,iter-density-half,hashlink,2,656.623252
string24,ahash,1024,iter-density-half,micro,2,513.682548
string24,ahash,1024,iter-density-half,baseline,2,492.875982
string24,ahash,1024,iter-density-half,lru,3,616.259804
string24,ahash,1024,iter-density-half,hashlink,3,691.224494
string24,ahash,1024,iter-density-half,micro,3,471.602858
string24,ahash,1024,iter-density-half,baseline,3,491.348986
string24,ahash,1024,iter-density-half,quick_cache,3,193.972753
string24,ahash,1024,iter-density-half,hashlink,4,635.838894
string24,ahash,1024,iter-density-half,micro,4,494.928783
string24,ahash,1024,iter-density-half,baseline,4,483.965528
string24,ahash,1024,iter-density-half,quick_cache,4,198.373679
string24,ahash,1024,iter-density-half,lru,4,621.662873
string24,ahash,1024,iter-front,micro,0,263.492626
string24,ahash,1024,iter-front,baseline,0,276.560195
string24,ahash,1024,iter-front,quick_cache,0,166.458887
string24,ahash,1024,iter-front,lru,0,1.213655
string24,ahash,1024,iter-front,hashlink,0,1.144004
string24,ahash,1024,iter-front,baseline,1,267.665331
string24,ahash,1024,iter-front,quick_cache,1,173.852257
string24,ahash,1024,iter-front,lru,1,1.205834
string24,ahash,1024,iter-front,hashlink,1,1.197043
string24,ahash,1024,iter-front,micro,1,264.113820
string24,ahash,1024,iter-front,quick_cache,2,164.190236
string24,ahash,1024,iter-front,lru,2,1.205323
string24,ahash,1024,iter-front,hashlink,2,1.150180
string24,ahash,1024,iter-front,micro,2,277.474760
string24,ahash,1024,iter-front,baseline,2,271.698880
string24,ahash,1024,iter-front,lru,3,1.223922
string24,ahash,1024,iter-front,hashlink,3,1.180225
string24,ahash,1024,iter-front,micro,3,267.561432
string24,ahash,1024,iter-front,baseline,3,246.847533
string24,ahash,1024,iter-front,quick_cache,3,194.196429
string24,ahash,1024,iter-front,hashlink,4,1.152839
string24,ahash,1024,iter-front,micro,4,262.140625
string24,ahash,1024,iter-front,baseline,4,263.840151
string24,ahash,1024,iter-front,quick_cache,4,184.554934
string24,ahash,1024,iter-front,lru,4,1.190627
string24,ahash,1024,iter-back,micro,0,259.832323
string24,ahash,1024,iter-back,baseline,0,258.209564
string24,ahash,1024,iter-back,quick_cache,0,193.578157
string24,ahash,1024,iter-back,lru,0,1.200261
string24,ahash,1024,iter-back,hashlink,0,1.174062
string24,ahash,1024,iter-back,baseline,1,268.537946
string24,ahash,1024,iter-back,quick_cache,1,196.203256
string24,ahash,1024,iter-back,lru,1,1.197731
string24,ahash,1024,iter-back,hashlink,1,1.187536
string24,ahash,1024,iter-back,micro,1,287.063647
string24,ahash,1024,iter-back,quick_cache,2,196.246797
string24,ahash,1024,iter-back,lru,2,1.233796
string24,ahash,1024,iter-back,hashlink,2,1.223379
string24,ahash,1024,iter-back,micro,2,269.411548
string24,ahash,1024,iter-back,baseline,2,261.348799
string24,ahash,1024,iter-back,lru,3,1.246361
string24,ahash,1024,iter-back,hashlink,3,1.164134
string24,ahash,1024,iter-back,micro,3,266.472035
string24,ahash,1024,iter-back,baseline,3,269.722073
string24,ahash,1024,iter-back,quick_cache,3,197.626053
string24,ahash,1024,iter-back,hashlink,4,1.198313
string24,ahash,1024,iter-back,micro,4,248.901691
string24,ahash,1024,iter-back,baseline,4,255.197690
string24,ahash,1024,iter-back,quick_cache,4,193.983536
string24,ahash,1024,iter-back,lru,4,1.192066
string24,ahash,1024,iter-empty,micro,0,263.049982
string24,ahash,1024,iter-empty,baseline,0,262.947917
string24,ahash,1024,iter-empty,quick_cache,0,167.422321
string24,ahash,1024,iter-empty,lru,0,0.998541
string24,ahash,1024,iter-empty,hashlink,0,0.991927
string24,ahash,1024,iter-empty,baseline,1,262.772847
string24,ahash,1024,iter-empty,quick_cache,1,173.160228
string24,ahash,1024,iter-empty,lru,1,0.992042
string24,ahash,1024,iter-empty,hashlink,1,1.003726
string24,ahash,1024,iter-empty,micro,1,262.991684
string24,ahash,1024,iter-empty,quick_cache,2,165.803942
string24,ahash,1024,iter-empty,lru,2,1.020753
string24,ahash,1024,iter-empty,hashlink,2,0.981737
string24,ahash,1024,iter-empty,micro,2,252.818312
string24,ahash,1024,iter-empty,baseline,2,254.527270
string24,ahash,1024,iter-empty,lru,3,0.986863
string24,ahash,1024,iter-empty,hashlink,3,1.005696
string24,ahash,1024,iter-empty,micro,3,280.177239
string24,ahash,1024,iter-empty,baseline,3,255.736972
string24,ahash,1024,iter-empty,quick_cache,3,193.414433
string24,ahash,1024,iter-empty,hashlink,4,0.992210
string24,ahash,1024,iter-empty,micro,4,264.911370
string24,ahash,1024,iter-empty,baseline,4,264.377993
string24,ahash,1024,iter-empty,quick_cache,4,162.654354
string24,ahash,1024,iter-empty,lru,4,0.983478
string24,ahash,1024,iter-count,micro,0,261.899653
string24,ahash,1024,iter-count,baseline,0,259.599355
string24,ahash,1024,iter-count,quick_cache,0,478.333281
string24,ahash,1024,iter-count,lru,0,0.407147
string24,ahash,1024,iter-count,hashlink,0,0.384959
string24,ahash,1024,iter-count,baseline,1,255.724949
string24,ahash,1024,iter-count,quick_cache,1,472.500000
string24,ahash,1024,iter-count,lru,1,0.395629
string24,ahash,1024,iter-count,hashlink,1,0.402919
string24,ahash,1024,iter-count,micro,1,269.745739
string24,ahash,1024,iter-count,quick_cache,2,471.751250
string24,ahash,1024,iter-count,lru,2,0.393707
string24,ahash,1024,iter-count,hashlink,2,0.406828
string24,ahash,1024,iter-count,micro,2,273.872820
string24,ahash,1024,iter-count,baseline,2,250.990442
string24,ahash,1024,iter-count,lru,3,0.389069
string24,ahash,1024,iter-count,hashlink,3,0.395588
string24,ahash,1024,iter-count,micro,3,269.268555
string24,ahash,1024,iter-count,baseline,3,278.558775
string24,ahash,1024,iter-count,quick_cache,3,458.740234
string24,ahash,1024,iter-count,hashlink,4,0.395322
string24,ahash,1024,iter-count,micro,4,261.921354
string24,ahash,1024,iter-count,baseline,4,258.920007
string24,ahash,1024,iter-count,quick_cache,4,484.147187
string24,ahash,1024,iter-count,lru,4,0.406949
string24,ahash,16384,get-hit,micro,0,10.678537
string24,ahash,16384,get-hit,baseline,0,10.587130
string24,ahash,16384,get-hit,quick_cache,0,10.987972
string24,ahash,16384,get-hit,lru,0,11.530556
string24,ahash,16384,get-hit,hashlink,0,11.449814
string24,ahash,16384,get-hit,baseline,1,10.482352
string24,ahash,16384,get-hit,quick_cache,1,11.012807
string24,ahash,16384,get-hit,lru,1,11.728764
string24,ahash,16384,get-hit,hashlink,1,11.544865
string24,ahash,16384,get-hit,micro,1,10.694085
string24,ahash,16384,get-hit,quick_cache,2,11.231242
string24,ahash,16384,get-hit,lru,2,12.107603
string24,ahash,16384,get-hit,hashlink,2,11.442394
string24,ahash,16384,get-hit,micro,2,10.727222
string24,ahash,16384,get-hit,baseline,2,10.856776
string24,ahash,16384,get-hit,lru,3,11.048860
string24,ahash,16384,get-hit,hashlink,3,10.730273
string24,ahash,16384,get-hit,micro,3,9.564262
string24,ahash,16384,get-hit,baseline,3,9.615122
string24,ahash,16384,get-hit,quick_cache,3,9.853162
string24,ahash,16384,get-hit,hashlink,4,11.199644
string24,ahash,16384,get-hit,micro,4,10.181566
string24,ahash,16384,get-hit,baseline,4,10.595703
string24,ahash,16384,get-hit,quick_cache,4,10.981093
string24,ahash,16384,get-hit,lru,4,11.912519
string24,ahash,16384,get-miss,micro,0,6.095677
string24,ahash,16384,get-miss,baseline,0,5.944692
string24,ahash,16384,get-miss,quick_cache,0,5.904746
string24,ahash,16384,get-miss,lru,0,5.881658
string24,ahash,16384,get-miss,hashlink,0,6.021719
string24,ahash,16384,get-miss,baseline,1,5.760193
string24,ahash,16384,get-miss,quick_cache,1,6.073748
string24,ahash,16384,get-miss,lru,1,6.088257
string24,ahash,16384,get-miss,hashlink,1,5.517686
string24,ahash,16384,get-miss,micro,1,5.631264
string24,ahash,16384,get-miss,quick_cache,2,5.504628
string24,ahash,16384,get-miss,lru,2,5.576316
string24,ahash,16384,get-miss,hashlink,2,5.444621
string24,ahash,16384,get-miss,micro,2,5.661636
string24,ahash,16384,get-miss,baseline,2,5.788008
string24,ahash,16384,get-miss,lru,3,6.126998
string24,ahash,16384,get-miss,hashlink,3,5.955194
string24,ahash,16384,get-miss,micro,3,6.118011
string24,ahash,16384,get-miss,baseline,3,5.829826
string24,ahash,16384,get-miss,quick_cache,3,5.959215
string24,ahash,16384,get-miss,hashlink,4,5.830958
string24,ahash,16384,get-miss,micro,4,6.147681
string24,ahash,16384,get-miss,baseline,4,5.420161
string24,ahash,16384,get-miss,quick_cache,4,5.458607
string24,ahash,16384,get-miss,lru,4,5.541446
string24,ahash,16384,update,micro,0,24.598861
string24,ahash,16384,update,baseline,0,24.442673
string24,ahash,16384,update,quick_cache,0,71.466227
string24,ahash,16384,update,lru,0,32.753418
string24,ahash,16384,update,hashlink,0,27.523586
string24,ahash,16384,update,baseline,1,26.062012
string24,ahash,16384,update,quick_cache,1,66.565613
string24,ahash,16384,update,lru,1,34.003518
string24,ahash,16384,update,hashlink,1,30.940165
string24,ahash,16384,update,micro,1,26.339940
string24,ahash,16384,update,quick_cache,2,64.144552
string24,ahash,16384,update,lru,2,34.260598
string24,ahash,16384,update,hashlink,2,31.241099
string24,ahash,16384,update,micro,2,24.030365
string24,ahash,16384,update,baseline,2,24.397850
string24,ahash,16384,update,lru,3,32.137553
string24,ahash,16384,update,hashlink,3,27.334298
string24,ahash,16384,update,micro,3,24.100937
string24,ahash,16384,update,baseline,3,24.013832
string24,ahash,16384,update,quick_cache,3,70.489665
string24,ahash,16384,update,hashlink,4,27.344840
string24,ahash,16384,update,micro,4,24.681258
string24,ahash,16384,update,baseline,4,24.483911
string24,ahash,16384,update,quick_cache,4,67.765137
string24,ahash,16384,update,lru,4,32.702128
string24,ahash,16384,insert-cycle,micro,0,46.343491
string24,ahash,16384,insert-cycle,baseline,0,46.471924
string24,ahash,16384,insert-cycle,quick_cache,0,36.014557
string24,ahash,16384,insert-cycle,lru,0,54.376602
string24,ahash,16384,insert-cycle,hashlink,0,52.256256
string24,ahash,16384,insert-cycle,baseline,1,45.892924
string24,ahash,16384,insert-cycle,quick_cache,1,42.008291
string24,ahash,16384,insert-cycle,lru,1,62.830612
string24,ahash,16384,insert-cycle,hashlink,1,52.282974
string24,ahash,16384,insert-cycle,micro,1,50.560623
string24,ahash,16384,insert-cycle,quick_cache,2,36.838959
string24,ahash,16384,insert-cycle,lru,2,55.419922
string24,ahash,16384,insert-cycle,hashlink,2,54.180145
string24,ahash,16384,insert-cycle,micro,2,46.225876
string24,ahash,16384,insert-cycle,baseline,2,46.045944
string24,ahash,16384,insert-cycle,lru,3,58.540344
string24,ahash,16384,insert-cycle,hashlink,3,52.082062
string24,ahash,16384,insert-cycle,micro,3,46.158681
string24,ahash,16384,insert-cycle,baseline,3,46.716049
string24,ahash,16384,insert-cycle,quick_cache,3,34.615407
string24,ahash,16384,insert-cycle,hashlink,4,49.852371
string24,ahash,16384,insert-cycle,micro,4,46.112701
string24,ahash,16384,insert-cycle,baseline,4,44.851939
string24,ahash,16384,insert-cycle,quick_cache,4,34.637024
string24,ahash,16384,insert-cycle,lru,4,52.671432
string24,ahash,16384,mixed-95,micro,0,14.353474
string24,ahash,16384,mixed-95,baseline,0,13.693988
string24,ahash,16384,mixed-95,quick_cache,0,13.972620
string24,ahash,16384,mixed-95,lru,0,14.027953
string24,ahash,16384,mixed-95,hashlink,0,14.555235
string24,ahash,16384,mixed-95,baseline,1,13.017515
string24,ahash,16384,mixed-95,quick_cache,1,13.563832
string24,ahash,16384,mixed-95,lru,1,15.301923
string24,ahash,16384,mixed-95,hashlink,1,13.406157
string24,ahash,16384,mixed-95,micro,1,13.529897
string24,ahash,16384,mixed-95,quick_cache,2,14.369249
string24,ahash,16384,mixed-95,lru,2,15.013635
string24,ahash,16384,mixed-95,hashlink,2,13.474723
string24,ahash,16384,mixed-95,micro,2,13.295611
string24,ahash,16384,mixed-95,baseline,2,13.668021
string24,ahash,16384,mixed-95,lru,3,14.740367
string24,ahash,16384,mixed-95,hashlink,3,13.204952
string24,ahash,16384,mixed-95,micro,3,13.267398
string24,ahash,16384,mixed-95,baseline,3,14.106274
string24,ahash,16384,mixed-95,quick_cache,3,15.169621
string24,ahash,16384,mixed-95,hashlink,4,13.246894
string24,ahash,16384,mixed-95,micro,4,13.156910
string24,ahash,16384,mixed-95,baseline,4,12.796164
string24,ahash,16384,mixed-95,quick_cache,4,13.616999
string24,ahash,16384,mixed-95,lru,4,13.778269
string24,ahash,16384,load-hit,micro,0,11.850499
string24,ahash,16384,load-hit,baseline,0,25.153605
string24,ahash,16384,load-hit,quick_cache,0,12.505762
string24,ahash,16384,load-hit,lru,0,12.989266
string24,ahash,16384,load-hit,hashlink,0,11.458557
string24,ahash,16384,load-hit,baseline,1,26.644026
string24,ahash,16384,load-hit,quick_cache,1,13.957271
string24,ahash,16384,load-hit,lru,1,13.191406
string24,ahash,16384,load-hit,hashlink,1,11.418505
string24,ahash,16384,load-hit,micro,1,11.364409
string24,ahash,16384,load-hit,quick_cache,2,13.044686
string24,ahash,16384,load-hit,lru,2,12.186519
string24,ahash,16384,load-hit,hashlink,2,10.501824
string24,ahash,16384,load-hit,micro,2,11.460461
string24,ahash,16384,load-hit,baseline,2,24.820964
string24,ahash,16384,load-hit,lru,3,11.932208
string24,ahash,16384,load-hit,hashlink,3,10.646711
string24,ahash,16384,load-hit,micro,3,11.629581
string24,ahash,16384,load-hit,baseline,3,24.883016
string24,ahash,16384,load-hit,quick_cache,3,12.850005
string24,ahash,16384,load-hit,hashlink,4,11.003382
string24,ahash,16384,load-hit,micro,4,11.552494
string24,ahash,16384,load-hit,baseline,4,24.123833
string24,ahash,16384,load-hit,quick_cache,4,12.439811
string24,ahash,16384,load-hit,lru,4,12.188654
string24,ahash,16384,load-cycle,micro,0,47.583252
string24,ahash,16384,load-cycle,baseline,0,48.097610
string24,ahash,16384,load-cycle,quick_cache,0,23.628868
string24,ahash,16384,load-cycle,lru,0,57.548523
string24,ahash,16384,load-cycle,hashlink,0,56.562424
string24,ahash,16384,load-cycle,baseline,1,48.174545
string24,ahash,16384,load-cycle,quick_cache,1,24.395943
string24,ahash,16384,load-cycle,lru,1,58.569595
string24,ahash,16384,load-cycle,hashlink,1,56.990936
string24,ahash,16384,load-cycle,micro,1,48.503876
string24,ahash,16384,load-cycle,quick_cache,2,24.785362
string24,ahash,16384,load-cycle,lru,2,57.446152
string24,ahash,16384,load-cycle,hashlink,2,57.854340
string24,ahash,16384,load-cycle,micro,2,49.227386
string24,ahash,16384,load-cycle,baseline,2,48.249573
string24,ahash,16384,load-cycle,lru,3,57.275146
string24,ahash,16384,load-cycle,hashlink,3,56.854248
string24,ahash,16384,load-cycle,micro,3,47.767639
string24,ahash,16384,load-cycle,baseline,3,48.356384
string24,ahash,16384,load-cycle,quick_cache,3,24.265610
string24,ahash,16384,load-cycle,hashlink,4,56.556061
string24,ahash,16384,load-cycle,micro,4,47.962189
string24,ahash,16384,load-cycle,baseline,4,47.946930
string24,ahash,16384,load-cycle,quick_cache,4,24.017967
string24,ahash,16384,load-cycle,lru,4,58.052704
string24,ahash,16384,clear-refill,micro,0,368652.777778
string24,ahash,16384,clear-refill,baseline,0,382442.750000
string24,ahash,16384,clear-refill,quick_cache,0,472017.857143
string24,ahash,16384,clear-refill,lru,0,889760.500000
string24,ahash,16384,clear-refill,hashlink,0,591625.000000
string24,ahash,16384,clear-refill,baseline,1,382750.000000
string24,ahash,16384,clear-refill,quick_cache,1,462732.142857
string24,ahash,16384,clear-refill,lru,1,908958.250000
string24,ahash,16384,clear-refill,hashlink,1,584645.833333
string24,ahash,16384,clear-refill,micro,1,365939.777778
string24,ahash,16384,clear-refill,quick_cache,2,459166.571429
string24,ahash,16384,clear-refill,lru,2,902562.500000
string24,ahash,16384,clear-refill,hashlink,2,586715.166667
string24,ahash,16384,clear-refill,micro,2,376619.750000
string24,ahash,16384,clear-refill,baseline,2,380302.125000
string24,ahash,16384,clear-refill,lru,3,886552.250000
string24,ahash,16384,clear-refill,hashlink,3,569069.500000
string24,ahash,16384,clear-refill,micro,3,367768.444444
string24,ahash,16384,clear-refill,baseline,3,366967.555556
string24,ahash,16384,clear-refill,quick_cache,3,457791.714286
string24,ahash,16384,clear-refill,hashlink,4,581055.500000
string24,ahash,16384,clear-refill,micro,4,378026.000000
string24,ahash,16384,clear-refill,baseline,4,380802.125000
string24,ahash,16384,clear-refill,quick_cache,4,500595.285714
string24,ahash,16384,clear-refill,lru,4,891593.750000
string24,ahash,16384,clear-empty,micro,0,325.375633
string24,ahash,16384,clear-empty,baseline,0,340.796987
string24,ahash,16384,clear-empty,quick_cache,0,4.054879
string24,ahash,16384,clear-empty,lru,0,2.195375
string24,ahash,16384,clear-empty,hashlink,0,0.625534
string24,ahash,16384,clear-empty,baseline,1,537.183416
string24,ahash,16384,clear-empty,quick_cache,1,3.937140
string24,ahash,16384,clear-empty,lru,1,2.125302
string24,ahash,16384,clear-empty,hashlink,1,0.613579
string24,ahash,16384,clear-empty,micro,1,540.105646
string24,ahash,16384,clear-empty,quick_cache,2,3.942820
string24,ahash,16384,clear-empty,lru,2,2.154638
string24,ahash,16384,clear-empty,hashlink,2,0.608886
string24,ahash,16384,clear-empty,micro,2,330.069119
string24,ahash,16384,clear-empty,baseline,2,330.299696
string24,ahash,16384,clear-empty,lru,3,2.169607
string24,ahash,16384,clear-empty,hashlink,3,0.637608
string24,ahash,16384,clear-empty,micro,3,5001.355469
string24,ahash,16384,clear-empty,baseline,3,4686.307292
string24,ahash,16384,clear-empty,quick_cache,3,4.137205
string24,ahash,16384,clear-empty,hashlink,4,0.616153
string24,ahash,16384,clear-empty,micro,4,309.403269
string24,ahash,16384,clear-empty,baseline,4,311.227899
string24,ahash,16384,clear-empty,quick_cache,4,3.977496
string24,ahash,16384,clear-empty,lru,4,2.182353
string24,ahash,16384,iter-dense,micro,0,6110.595703
string24,ahash,16384,iter-dense,baseline,0,6119.628906
string24,ahash,16384,iter-dense,quick_cache,0,6891.553571
string24,ahash,16384,iter-dense,lru,0,27611.328125
string24,ahash,16384,iter-dense,hashlink,0,25126.296875
string24,ahash,16384,iter-dense,baseline,1,6172.933594
string24,ahash,16384,iter-dense,quick_cache,1,7134.113839
string24,ahash,16384,iter-dense,lru,1,28981.117188
string24,ahash,16384,iter-dense,hashlink,1,27373.046875
string24,ahash,16384,iter-dense,micro,1,6186.441406
string24,ahash,16384,iter-dense,quick_cache,2,6907.832589
string24,ahash,16384,iter-dense,lru,2,23483.070312
string24,ahash,16384,iter-dense,hashlink,2,26521.812500
string24,ahash,16384,iter-dense,micro,2,6169.921875
string24,ahash,16384,iter-dense,baseline,2,6817.149554
string24,ahash,16384,iter-dense,lru,3,29124.671875
string24,ahash,16384,iter-dense,hashlink,3,27574.875000
string24,ahash,16384,iter-dense,micro,3,6322.222917
string24,ahash,16384,iter-dense,baseline,3,6409.200000
string24,ahash,16384,iter-dense,quick_cache,3,6993.767857
string24,ahash,16384,iter-dense,hashlink,4,28393.554688
string24,ahash,16384,iter-dense,micro,4,6294.966667
string24,ahash,16384,iter-dense,baseline,4,6411.545833
string24,ahash,16384,iter-dense,quick_cache,4,7004.464286
string24,ahash,16384,iter-dense,lru,4,26396.484375
string24,ahash,16384,iter-dense-for,micro,0,6497.568750
string24,ahash,16384,iter-dense-for,baseline,0,10936.055556
string24,ahash,16384,iter-dense-for,quick_cache,0,23652.671875
string24,ahash,16384,iter-dense-for,lru,0,25781.250000
string24,ahash,16384,iter-dense-for,hashlink,0,23033.068750
string24,ahash,16384,iter-dense-for,baseline,1,6131.671875
string24,ahash,16384,iter-dense-for,quick_cache,1,8321.833333
string24,ahash,16384,iter-dense-for,lru,1,18720.703125
string24,ahash,16384,iter-dense-for,hashlink,1,28895.507812
string24,ahash,16384,iter-dense-for,micro,1,6089.437500
string24,ahash,16384,iter-dense-for,quick_cache,2,8033.312500
string24,ahash,16384,iter-dense-for,lru,2,19115.368750
string24,ahash,16384,iter-dense-for,hashlink,2,25504.882812
string24,ahash,16384,iter-dense-for,micro,2,6127.197266
string24,ahash,16384,iter-dense-for,baseline,2,6095.050781
string24,ahash,16384,iter-dense-for,lru,3,24748.375000
string24,ahash,16384,iter-dense-for,hashlink,3,25757.164062
string24,ahash,16384,iter-dense-for,micro,3,6223.796875
string24,ahash,16384,iter-dense-for,baseline,3,6225.179688
string24,ahash,16384,iter-dense-for,quick_cache,3,8881.511364
string24,ahash,16384,iter-dense-for,hashlink,4,23055.468750
string24,ahash,16384,iter-dense-for,micro,4,6146.566406
string24,ahash,16384,iter-dense-for,baseline,4,6371.875000
string24,ahash,16384,iter-dense-for,quick_cache,4,7360.375000
string24,ahash,16384,iter-dense-for,lru,4,26941.406250
string24,ahash,16384,iter-density-1pct,micro,0,6342.620833
string24,ahash,16384,iter-density-1pct,baseline,0,6753.997768
string24,ahash,16384,iter-density-1pct,quick_cache,0,6996.837054
string24,ahash,16384,iter-density-1pct,lru,0,173.018565
string24,ahash,16384,iter-density-1pct,hashlink,0,179.138359
string24,ahash,16384,iter-density-1pct,baseline,1,6728.993750
string24,ahash,16384,iter-density-1pct,quick_cache,1,7163.689732
string24,ahash,16384,iter-density-1pct,lru,1,175.661751
string24,ahash,16384,iter-density-1pct,hashlink,1,175.372371
string24,ahash,16384,iter-density-1pct,micro,1,6446.875000
string24,ahash,16384,iter-density-1pct,quick_cache,2,7085.285714
string24,ahash,16384,iter-density-1pct,lru,2,177.855173
string24,ahash,16384,iter-density-1pct,hashlink,2,175.905840
string24,ahash,16384,iter-density-1pct,micro,2,6571.614583
string24,ahash,16384,iter-density-1pct,baseline,2,6399.654167
string24,ahash,16384,iter-density-1pct,lru,3,176.556085
string24,ahash,16384,iter-density-1pct,hashlink,3,177.521503
string24,ahash,16384,iter-density-1pct,micro,3,6380.814583
string24,ahash,16384,iter-density-1pct,baseline,3,7473.656250
string24,ahash,16384,iter-density-1pct,quick_cache,3,7071.986607
string24,ahash,16384,iter-density-1pct,hashlink,4,185.844678
string24,ahash,16384,iter-density-1pct,micro,4,6518.577083
string24,ahash,16384,iter-density-1pct,baseline,4,6857.607143
string24,ahash,16384,iter-density-1pct,quick_cache,4,6893.415179
string24,ahash,16384,iter-density-1pct,lru,4,181.819828
string24,ahash,16384,iter-density-6pct,micro,0,5770.450368
string24,ahash,16384,iter-density-6pct,baseline,0,5871.582031
string24,ahash,16384,iter-density-6pct,quick_cache,0,6377.258333
string24,ahash,16384,iter-density-6pct,lru,0,1246.504934
string24,ahash,16384,iter-density-6pct,hashlink,0,1243.249589
string24,ahash,16384,iter-density-6pct,baseline,1,5827.283088
string24,ahash,16384,iter-density-6pct,quick_cache,1,6421.266667
string24,ahash,16384,iter-density-6pct,lru,1,1287.760274
string24,ahash,16384,iter-density-6pct,hashlink,1,1353.608482
string24,ahash,16384,iter-density-6pct,micro,1,5897.136719
string24,ahash,16384,iter-density-6pct,quick_cache,2,6780.879464
string24,ahash,16384,iter-density-6pct,lru,2,1259.201667
string24,ahash,16384,iter-density-6pct,hashlink,2,1276.252534
string24,ahash,16384,iter-density-6pct,micro,2,6040.039062
string24,ahash,16384,iter-density-6pct,baseline,2,5796.340074
string24,ahash,16384,iter-density-6pct,lru,3,1277.730997
string24,ahash,16384,iter-density-6pct,hashlink,3,1290.311216
string24,ahash,16384,iter-density-6pct,micro,3,5760.110294
string24,ahash,16384,iter-density-6pct,baseline,3,5813.112132
string24,ahash,16384,iter-density-6pct,quick_cache,3,6634.462500
string24,ahash,16384,iter-density-6pct,hashlink,4,1326.731514
string24,ahash,16384,iter-density-6pct,micro,4,5780.255515
string24,ahash,16384,iter-density-6pct,baseline,4,5852.251838
string24,ahash,16384,iter-density-6pct,quick_cache,4,6565.191667
string24,ahash,16384,iter-density-6pct,lru,4,1342.615625
string24,ahash,16384,iter-density-quarter,micro,0,5869.464844
string24,ahash,16384,iter-density-quarter,baseline,0,5980.224609
string24,ahash,16384,iter-density-quarter,quick_cache,0,6993.303571
string24,ahash,16384,iter-density-quarter,lru,0,11398.003472
string24,ahash,16384,iter-density-quarter,hashlink,0,11497.829861
string24,ahash,16384,iter-density-quarter,baseline,1,5934.488281
string24,ahash,16384,iter-density-quarter,quick_cache,1,6991.350446
string24,ahash,16384,iter-density-quarter,lru,1,11330.003472
string24,ahash,16384,iter-density-quarter,hashlink,1,12495.117188
string24,ahash,16384,iter-density-quarter,micro,1,5884.603516
string24,ahash,16384,iter-density-quarter,quick_cache,2,6940.569196
string24,ahash,16384,iter-density-quarter,lru,2,12074.542969
string24,ahash,16384,iter-density-quarter,hashlink,2,9727.993750
string24,ahash,16384,iter-density-quarter,micro,2,5773.590074
string24,ahash,16384,iter-density-quarter,baseline,2,5909.912109
string24,ahash,16384,iter-density-quarter,lru,3,10956.309028
string24,ahash,16384,iter-density-quarter,hashlink,3,9688.671875
string24,ahash,16384,iter-density-quarter,micro,3,5837.545956
string24,ahash,16384,iter-density-quarter,baseline,3,5845.281250
string24,ahash,16384,iter-density-quarter,quick_cache,3,6830.544643
string24,ahash,16384,iter-density-quarter,hashlink,4,9778.646875
string24,ahash,16384,iter-density-quarter,micro,4,5939.697266
string24,ahash,16384,iter-density-quarter,baseline,4,6006.429688
string24,ahash,16384,iter-density-quarter,quick_cache,4,6939.638393
string24,ahash,16384,iter-density-quarter,lru,4,9766.796875
string24,ahash,16384,iter-density-half,micro,0,7836.697917
string24,ahash,16384,iter-density-half,baseline,0,8111.002604
string24,ahash,16384,iter-density-half,quick_cache,0,7010.044643
string24,ahash,16384,iter-density-half,lru,0,18888.671875
string24,ahash,16384,iter-density-half,hashlink,0,16853.515625
string24,ahash,16384,iter-density-half,baseline,1,7973.091146
string24,ahash,16384,iter-density-half,quick_cache,1,6802.176339
string24,ahash,16384,iter-density-half,lru,1,13953.125000
string24,ahash,16384,iter-density-half,hashlink,1,16788.630208
string24,ahash,16384,iter-density-half,micro,1,8004.338542
string24,ahash,16384,iter-density-half,quick_cache,2,6930.430804
string24,ahash,16384,iter-density-half,lru,2,13074.707031
string24,ahash,16384,iter-density-half,hashlink,2,13785.156250
string24,ahash,16384,iter-density-half,micro,2,7982.421875
string24,ahash,16384,iter-density-half,baseline,2,8040.799479
string24,ahash,16384,iter-density-half,lru,3,18835.675000
string24,ahash,16384,iter-density-half,hashlink,3,14599.517857
string24,ahash,16384,iter-density-half,micro,3,8018.445312
string24,ahash,16384,iter-density-half,baseline,3,8024.630208
string24,ahash,16384,iter-density-half,quick_cache,3,6887.743304
string24,ahash,16384,iter-density-half,hashlink,4,17110.895833
string24,ahash,16384,iter-density-half,micro,4,8329.101562
string24,ahash,16384,iter-density-half,baseline,4,7840.062500
string24,ahash,16384,iter-density-half,quick_cache,4,6797.247768
string24,ahash,16384,iter-density-half,lru,4,12959.144531
string24,ahash,16384,iter-front,micro,0,5382.595486
string24,ahash,16384,iter-front,baseline,0,5444.010417
string24,ahash,16384,iter-front,quick_cache,0,6928.292411
string24,ahash,16384,iter-front,lru,0,1.198068
string24,ahash,16384,iter-front,hashlink,0,1.128526
string24,ahash,16384,iter-front,baseline,1,5593.750000
string24,ahash,16384,iter-front,quick_cache,1,6936.104911
string24,ahash,16384,iter-front,lru,1,1.218640
string24,ahash,16384,iter-front,hashlink,1,1.136877
string24,ahash,16384,iter-front,micro,1,5564.338235
string24,ahash,16384,iter-front,quick_cache,2,7310.197115
string24,ahash,16384,iter-front,lru,2,1.214583
string24,ahash,16384,iter-front,hashlink,2,1.142861
string24,ahash,16384,iter-front,micro,2,5536.380515
string24,ahash,16384,iter-front,baseline,2,5616.573529
string24,ahash,16384,iter-front,lru,3,1.215071
string24,ahash,16384,iter-front,hashlink,3,1.173959
string24,ahash,16384,iter-front,micro,3,5378.616319
string24,ahash,16384,iter-front,baseline,3,5691.101103
string24,ahash,16384,iter-front,quick_cache,3,6819.196429
string24,ahash,16384,iter-front,hashlink,4,1.197853
string24,ahash,16384,iter-front,micro,4,5589.538603
string24,ahash,16384,iter-front,baseline,4,5693.781250
string24,ahash,16384,iter-front,quick_cache,4,6740.886161
string24,ahash,16384,iter-front,lru,4,1.218102
string24,ahash,16384,iter-back,micro,0,5577.972426
string24,ahash,16384,iter-back,baseline,0,5714.920956
string24,ahash,16384,iter-back,quick_cache,0,6860.397321
string24,ahash,16384,iter-back,lru,0,1.192870
string24,ahash,16384,iter-back,hashlink,0,1.145024
string24,ahash,16384,iter-back,baseline,1,5453.270833
string24,ahash,16384,iter-back,quick_cache,1,7329.326923
string24,ahash,16384,iter-back,lru,1,1.200768
string24,ahash,16384,iter-back,hashlink,1,1.171948
string24,ahash,16384,iter-back,micro,1,5559.207721
string24,ahash,16384,iter-back,quick_cache,2,7331.129808
string24,ahash,16384,iter-back,lru,2,1.249917
string24,ahash,16384,iter-back,hashlink,2,1.191520
string24,ahash,16384,iter-back,micro,2,5536.457721
string24,ahash,16384,iter-back,baseline,2,5565.180147
string24,ahash,16384,iter-back,lru,3,1.178504
string24,ahash,16384,iter-back,hashlink,3,1.145388
string24,ahash,16384,iter-back,micro,3,5586.242647
string24,ahash,16384,iter-back,baseline,3,5398.510417
string24,ahash,16384,iter-back,quick_cache,3,6707.680804
string24,ahash,16384,iter-back,hashlink,4,1.137660
string24,ahash,16384,iter-back,micro,4,5600.106618
string24,ahash,16384,iter-back,baseline,4,5635.262868
string24,ahash,16384,iter-back,quick_cache,4,6703.404018
string24,ahash,16384,iter-back,lru,4,2.109253
string24,ahash,16384,iter-empty,micro,0,15989.701705
string24,ahash,16384,iter-empty,baseline,0,5993.976562
string24,ahash,16384,iter-empty,quick_cache,0,8015.625000
string24,ahash,16384,iter-empty,lru,0,0.995614
string24,ahash,16384,iter-empty,hashlink,0,1.012955
string24,ahash,16384,iter-empty,baseline,1,5487.052083
string24,ahash,16384,iter-empty,quick_cache,1,7850.151042
string24,ahash,16384,iter-empty,lru,1,1.025072
string24,ahash,16384,iter-empty,hashlink,1,0.999339
string24,ahash,16384,iter-empty,micro,1,5312.137153
string24,ahash,16384,iter-empty,quick_cache,2,7269.031250
string24,ahash,16384,iter-empty,lru,2,1.004188
string24,ahash,16384,iter-empty,hashlink,2,1.001399
string24,ahash,16384,iter-empty,micro,2,5261.862847
string24,ahash,16384,iter-empty,baseline,2,5381.800347
string24,ahash,16384,iter-empty,lru,3,0.979286
string24,ahash,16384,iter-empty,hashlink,3,0.993009
string24,ahash,16384,iter-empty,micro,3,5389.973958
string24,ahash,16384,iter-empty,baseline,3,5459.852431
string24,ahash,16384,iter-empty,quick_cache,3,6922.712054
string24,ahash,16384,iter-empty,hashlink,4,0.992862
string24,ahash,16384,iter-empty,micro,4,5435.980903
string24,ahash,16384,iter-empty,baseline,4,5459.489583
string24,ahash,16384,iter-empty,quick_cache,4,7066.776786
string24,ahash,16384,iter-empty,lru,4,0.986064
string24,ahash,16384,iter-count,micro,0,5518.717448
string24,ahash,16384,iter-count,baseline,0,5401.041667
string24,ahash,16384,iter-count,quick_cache,0,7997.314453
string24,ahash,16384,iter-count,lru,0,0.397071
string24,ahash,16384,iter-count,hashlink,0,0.396209
string24,ahash,16384,iter-count,baseline,1,5453.287760
string24,ahash,16384,iter-count,quick_cache,1,8008.138672
string24,ahash,16384,iter-count,lru,1,0.396815
string24,ahash,16384,iter-count,hashlink,1,0.397265
string24,ahash,16384,iter-count,micro,1,5478.678385
string24,ahash,16384,iter-count,quick_cache,2,8001.464844
string24,ahash,16384,iter-count,lru,2,0.396861
string24,ahash,16384,iter-count,hashlink,2,0.401869
string24,ahash,16384,iter-count,micro,2,5633.138021
string24,ahash,16384,iter-count,baseline,2,5499.131510
string24,ahash,16384,iter-count,lru,3,0.402762
string24,ahash,16384,iter-count,hashlink,3,0.398521
string24,ahash,16384,iter-count,micro,3,5498.154948
string24,ahash,16384,iter-count,baseline,3,5703.992188
string24,ahash,16384,iter-count,quick_cache,3,7992.675781
string24,ahash,16384,iter-count,hashlink,4,0.401245
string24,ahash,16384,iter-count,micro,4,5676.324219
string24,ahash,16384,iter-count,baseline,4,5584.093750
string24,ahash,16384,iter-count,quick_cache,4,7885.986328
string24,ahash,16384,iter-count,lru,4,0.397866
string128,sip,128,get-hit,micro,0,28.254977
string128,sip,128,get-hit,baseline,0,28.130301
string128,sip,128,get-hit,quick_cache,0,28.454909
string128,sip,128,get-hit,lru,0,28.824632
string128,sip,128,get-hit,hashlink,0,28.444730
string128,sip,128,get-hit,baseline,1,28.663828
string128,sip,128,get-hit,quick_cache,1,28.919312
string128,sip,128,get-hit,lru,1,28.281194
string128,sip,128,get-hit,hashlink,1,28.336351
string128,sip,128,get-hit,micro,1,28.733474
string128,sip,128,get-hit,quick_cache,2,28.379780
string128,sip,128,get-hit,lru,2,28.218985
string128,sip,128,get-hit,hashlink,2,27.888707
string128,sip,128,get-hit,micro,2,27.788068
string128,sip,128,get-hit,baseline,2,27.785522
string128,sip,128,get-hit,lru,3,27.359375
string128,sip,128,get-hit,hashlink,3,28.028939
string128,sip,128,get-hit,micro,3,28.389179
string128,sip,128,get-hit,baseline,3,28.492065
string128,sip,128,get-hit,quick_cache,3,29.035907
string128,sip,128,get-hit,hashlink,4,27.811689
string128,sip,128,get-hit,micro,4,37.522283
string128,sip,128,get-hit,baseline,4,110.170990
string128,sip,128,get-hit,quick_cache,4,73.312378
string128,sip,128,get-hit,lru,4,48.599243
string128,sip,128,get-miss,micro,0,35.043890
string128,sip,128,get-miss,baseline,0,108.484888
string128,sip,128,get-miss,quick_cache,0,58.545794
string128,sip,128,get-miss,lru,0,99.367767
string128,sip,128,get-miss,hashlink,0,58.187570
string128,sip,128,get-miss,baseline,1,69.423258
string128,sip,128,get-miss,quick_cache,1,31.487356
string128,sip,128,get-miss,lru,1,31.213125
string128,sip,128,get-miss,hashlink,1,36.933386
string128,sip,128,get-miss,micro,1,29.671697
string128,sip,128,get-miss,quick_cache,2,60.022984
string128,sip,128,get-miss,lru,2,26.439854
string128,sip,128,get-miss,hashlink,2,22.898033
string128,sip,128,get-miss,micro,2,23.687042
string128,sip,128,get-miss,baseline,2,23.189865
string128,sip,128,get-miss,lru,3,23.591995
string128,sip,128,get-miss,hashlink,3,23.149170
string128,sip,128,get-miss,micro,3,23.154892
string128,sip,128,get-miss,baseline,3,23.226738
string128,sip,128,get-miss,quick_cache,3,23.208298
string128,sip,128,get-miss,hashlink,4,23.213707
string128,sip,128,get-miss,micro,4,22.949219
string128,sip,128,get-miss,baseline,4,23.055389
string128,sip,128,get-miss,quick_cache,4,23.313522
string128,sip,128,get-miss,lru,4,23.824692
string128,sip,128,update,micro,0,39.079285
string128,sip,128,update,baseline,0,41.903470
string128,sip,128,update,quick_cache,0,61.703145
string128,sip,128,update,lru,0,39.639783
string128,sip,128,update,hashlink,0,39.244592
string128,sip,128,update,baseline,1,39.029956
string128,sip,128,update,quick_cache,1,59.326172
string128,sip,128,update,lru,1,38.457739
string128,sip,128,update,hashlink,1,39.598596
string128,sip,128,update,micro,1,40.228271
string128,sip,128,update,quick_cache,2,58.666399
string128,sip,128,update,lru,2,39.560449
string128,sip,128,update,hashlink,2,39.742029
string128,sip,128,update,micro,2,38.759875
string128,sip,128,update,baseline,2,38.989771
string128,sip,128,update,lru,3,39.220178
string128,sip,128,update,hashlink,3,39.738464
string128,sip,128,update,micro,3,41.627672
string128,sip,128,update,baseline,3,39.216614
string128,sip,128,update,quick_cache,3,59.419172
string128,sip,128,update,hashlink,4,39.439893
string128,sip,128,update,micro,4,39.456689
string128,sip,128,update,baseline,4,39.438879
string128,sip,128,update,quick_cache,4,62.338928
string128,sip,128,update,lru,4,39.521289
string128,sip,128,insert-cycle,micro,0,73.474121
string128,sip,128,insert-cycle,baseline,0,76.741013
string128,sip,128,insert-cycle,quick_cache,0,63.099420
string128,sip,128,insert-cycle,lru,0,127.584706
string128,sip,128,insert-cycle,hashlink,0,129.136976
string128,sip,128,insert-cycle,baseline,1,70.572722
string128,sip,128,insert-cycle,quick_cache,1,63.473057
string128,sip,128,insert-cycle,lru,1,121.506524
string128,sip,128,insert-cycle,hashlink,1,116.027228
string128,sip,128,insert-cycle,micro,1,64.903639
string128,sip,128,insert-cycle,quick_cache,2,59.032958
string128,sip,128,insert-cycle,lru,2,121.407539
string128,sip,128,insert-cycle,hashlink,2,120.333107
string128,sip,128,insert-cycle,micro,2,64.750755
string128,sip,128,insert-cycle,baseline,2,64.679366
string128,sip,128,insert-cycle,lru,3,120.098892
string128,sip,128,insert-cycle,hashlink,3,117.255859
string128,sip,128,insert-cycle,micro,3,66.478902
string128,sip,128,insert-cycle,baseline,3,73.547363
string128,sip,128,insert-cycle,quick_cache,3,58.575132
string128,sip,128,insert-cycle,hashlink,4,119.267203
string128,sip,128,insert-cycle,micro,4,64.872151
string128,sip,128,insert-cycle,baseline,4,65.849390
string128,sip,128,insert-cycle,quick_cache,4,61.967167
string128,sip,128,insert-cycle,lru,4,123.062134
string128,sip,128,mixed-95,micro,0,34.802158
string128,sip,128,mixed-95,baseline,0,34.886599
string128,sip,128,mixed-95,quick_cache,0,39.822638
string128,sip,128,mixed-95,lru,0,38.096428
string128,sip,128,mixed-95,hashlink,0,38.570324
string128,sip,128,mixed-95,baseline,1,34.820437
string128,sip,128,mixed-95,quick_cache,1,39.459686
string128,sip,128,mixed-95,lru,1,38.146317
string128,sip,128,mixed-95,hashlink,1,37.894666
string128,sip,128,mixed-95,micro,1,35.051744
string128,sip,128,mixed-95,quick_cache,2,39.420029
string128,sip,128,mixed-95,lru,2,38.239697
string128,sip,128,mixed-95,hashlink,2,38.082759
string128,sip,128,mixed-95,micro,2,34.763376
string128,sip,128,mixed-95,baseline,2,34.846921
string128,sip,128,mixed-95,lru,3,38.000027
string128,sip,128,mixed-95,hashlink,3,38.226704
string128,sip,128,mixed-95,micro,3,34.706155
string128,sip,128,mixed-95,baseline,3,34.994125
string128,sip,128,mixed-95,quick_cache,3,39.127747
string128,sip,128,mixed-95,hashlink,4,37.888885
string128,sip,128,mixed-95,micro,4,34.747819
string128,sip,128,mixed-95,baseline,4,34.946104
string128,sip,128,mixed-95,quick_cache,4,38.857579
string128,sip,128,mixed-95,lru,4,38.352767
string128,sip,128,load-hit,micro,0,31.740824
string128,sip,128,load-hit,baseline,0,39.721179
string128,sip,128,load-hit,quick_cache,0,32.484690
string128,sip,128,load-hit,lru,0,31.749308
string128,sip,128,load-hit,hashlink,0,30.610830
string128,sip,128,load-hit,baseline,1,39.331567
string128,sip,128,load-hit,quick_cache,1,31.779816
string128,sip,128,load-hit,lru,1,31.013062
string128,sip,128,load-hit,hashlink,1,29.417772
string128,sip,128,load-hit,micro,1,31.523387
string128,sip,128,load-hit,quick_cache,2,32.160441
string128,sip,128,load-hit,lru,2,30.711711
string128,sip,128,load-hit,hashlink,2,28.731520
string128,sip,128,load-hit,micro,2,31.701833
string128,sip,128,load-hit,baseline,2,39.662170
string128,sip,128,load-hit,lru,3,30.920664
string128,sip,128,load-hit,hashlink,3,28.938880
string128,sip,128,load-hit,micro,3,31.755229
string128,sip,128,load-hit,baseline,3,39.453125
string128,sip,128,load-hit,quick_cache,3,32.495280
string128,sip,128,load-hit,hashlink,4,29.054303
string128,sip,128,load-hit,micro,4,31.706492
string128,sip,128,load-hit,baseline,4,39.674377
string128,sip,128,load-hit,quick_cache,4,32.273610
string128,sip,128,load-hit,lru,4,31.002462
string128,sip,128,load-cycle,micro,0,65.091570
string128,sip,128,load-cycle,baseline,0,66.035025
string128,sip,128,load-cycle,quick_cache,0,51.132252
string128,sip,128,load-cycle,lru,0,121.962951
string128,sip,128,load-cycle,hashlink,0,144.537205
string128,sip,128,load-cycle,baseline,1,65.105056
string128,sip,128,load-cycle,quick_cache,1,50.100294
string128,sip,128,load-cycle,lru,1,120.848784
string128,sip,128,load-cycle,hashlink,1,139.439706
string128,sip,128,load-cycle,micro,1,65.377235
string128,sip,128,load-cycle,quick_cache,2,52.021398
string128,sip,128,load-cycle,lru,2,125.450175
string128,sip,128,load-cycle,hashlink,2,149.510878
string128,sip,128,load-cycle,micro,2,70.561985
string128,sip,128,load-cycle,baseline,2,74.859425
string128,sip,128,load-cycle,lru,3,130.600781
string128,sip,128,load-cycle,hashlink,3,146.339699
string128,sip,128,load-cycle,micro,3,73.543286
string128,sip,128,load-cycle,baseline,3,72.988427
string128,sip,128,load-cycle,quick_cache,3,49.326664
string128,sip,128,load-cycle,hashlink,4,147.290039
string128,sip,128,load-cycle,micro,4,70.384614
string128,sip,128,load-cycle,baseline,4,75.547952
string128,sip,128,load-cycle,quick_cache,4,49.967453
string128,sip,128,load-cycle,lru,4,127.462636
string128,sip,128,clear-refill,micro,0,5300.867491
string128,sip,128,clear-refill,baseline,0,5840.466926
string128,sip,128,clear-refill,quick_cache,0,5110.544218
string128,sip,128,clear-refill,lru,0,14563.917476
string128,sip,128,clear-refill,hashlink,0,9290.891641
string128,sip,128,clear-refill,baseline,1,5468.351548
string128,sip,128,clear-refill,quick_cache,1,5021.461538
string128,sip,128,clear-refill,lru,1,14842.778325
string128,sip,128,clear-refill,hashlink,1,9163.871951
string128,sip,128,clear-refill,micro,1,5920.201183
string128,sip,128,clear-refill,quick_cache,2,5500.380952
string128,sip,128,clear-refill,lru,2,14794.133005
string128,sip,128,clear-refill,hashlink,2,10067.953020
string128,sip,128,clear-refill,micro,2,5073.268581
string128,sip,128,clear-refill,baseline,2,5057.801347
string128,sip,128,clear-refill,lru,3,14472.355769
string128,sip,128,clear-refill,hashlink,3,9161.079268
string128,sip,128,clear-refill,micro,3,4995.354409
string128,sip,128,clear-refill,baseline,3,5647.791353
string128,sip,128,clear-refill,quick_cache,3,5031.197655
string128,sip,128,clear-refill,hashlink,4,9078.676737
string128,sip,128,clear-refill,micro,4,5269.591228
string128,sip,128,clear-refill,baseline,4,4899.061990
string128,sip,128,clear-refill,quick_cache,4,5158.218213
string128,sip,128,clear-refill,lru,4,14610.237864
string128,sip,128,clear-empty,micro,0,49.681939
string128,sip,128,clear-empty,baseline,0,48.946810
string128,sip,128,clear-empty,quick_cache,0,3.975153
string128,sip,128,clear-empty,lru,0,2.222828
string128,sip,128,clear-empty,hashlink,0,0.666917
string128,sip,128,clear-empty,baseline,1,49.681939
string128,sip,128,clear-empty,quick_cache,1,4.043353
string128,sip,128,clear-empty,lru,1,2.263933
string128,sip,128,clear-empty,hashlink,1,0.648215
string128,sip,128,clear-empty,micro,1,47.346223
string128,sip,128,clear-empty,quick_cache,2,3.979368
string128,sip,128,clear-empty,lru,2,2.218928
string128,sip,128,clear-empty,hashlink,2,0.646962
string128,sip,128,clear-empty,micro,2,48.825434
string128,sip,128,clear-empty,baseline,2,48.976644
string128,sip,128,clear-empty,lru,3,2.312263
string128,sip,128,clear-empty,hashlink,3,0.625218
string128,sip,128,clear-empty,micro,3,48.030994
string128,sip,128,clear-empty,baseline,3,46.875641
string128,sip,128,clear-empty,quick_cache,3,3.901319
string128,sip,128,clear-empty,hashlink,4,0.643861
string128,sip,128,clear-empty,micro,4,49.532041
string128,sip,128,clear-empty,baseline,4,49.534794
string128,sip,128,clear-empty,quick_cache,4,3.993425
string128,sip,128,clear-empty,lru,4,2.273657
string128,sip,128,iter-dense,micro,0,39.820528
string128,sip,128,iter-dense,baseline,0,42.254619
string128,sip,128,iter-dense,quick_cache,0,29.920908
string128,sip,128,iter-dense,lru,0,141.508767
string128,sip,128,iter-dense,hashlink,0,135.873324
string128,sip,128,iter-dense,baseline,1,39.045145
string128,sip,128,iter-dense,quick_cache,1,30.569449
string128,sip,128,iter-dense,lru,1,138.706546
string128,sip,128,iter-dense,hashlink,1,139.809985
string128,sip,128,iter-dense,micro,1,37.884053
string128,sip,128,iter-dense,quick_cache,2,29.200570
string128,sip,128,iter-dense,lru,2,132.700141
string128,sip,128,iter-dense,hashlink,2,139.946735
string128,sip,128,iter-dense,micro,2,38.230177
string128,sip,128,iter-dense,baseline,2,38.395987
string128,sip,128,iter-dense,lru,3,133.308194
string128,sip,128,iter-dense,hashlink,3,132.144938
string128,sip,128,iter-dense,micro,3,38.286775
string128,sip,128,iter-dense,baseline,3,38.948899
string128,sip,128,iter-dense,quick_cache,3,29.632684
string128,sip,128,iter-dense,hashlink,4,136.132892
string128,sip,128,iter-dense,micro,4,38.211428
string128,sip,128,iter-dense,baseline,4,37.346612
string128,sip,128,iter-dense,quick_cache,4,29.949996
string128,sip,128,iter-dense,lru,4,129.268552
string128,sip,128,iter-dense-for,micro,0,38.430661
string128,sip,128,iter-dense-for,baseline,0,37.859243
string128,sip,128,iter-dense-for,quick_cache,0,69.356162
string128,sip,128,iter-dense-for,lru,0,96.890883
string128,sip,128,iter-dense-for,hashlink,0,75.959438
string128,sip,128,iter-dense-for,baseline,1,37.433471
string128,sip,128,iter-dense-for,quick_cache,1,69.139081
string128,sip,128,iter-dense-for,lru,1,81.865347
string128,sip,128,iter-dense-for,hashlink,1,76.203087
string128,sip,128,iter-dense-for,micro,1,44.844348
string128,sip,128,iter-dense-for,quick_cache,2,71.170026
string128,sip,128,iter-dense-for,lru,2,80.978789
string128,sip,128,iter-dense-for,hashlink,2,71.612595
string128,sip,128,iter-dense-for,micro,2,38.886976
string128,sip,128,iter-dense-for,baseline,2,39.609844
string128,sip,128,iter-dense-for,lru,3,78.344716
string128,sip,128,iter-dense-for,hashlink,3,71.561952
string128,sip,128,iter-dense-for,micro,3,38.209836
string128,sip,128,iter-dense-for,baseline,3,38.557617
string128,sip,128,iter-dense-for,quick_cache,3,69.548451
string128,sip,128,iter-dense-for,hashlink,4,73.990783
string128,sip,128,iter-dense-for,micro,4,43.287353
string128,sip,128,iter-dense-for,baseline,4,38.355266
string128,sip,128,iter-dense-for,quick_cache,4,69.211255
string128,sip,128,iter-dense-for,lru,4,82.059739
string128,sip,128,iter-density-1pct,micro,0,40.379724
string128,sip,128,iter-density-1pct,baseline,0,38.339598
string128,sip,128,iter-density-1pct,quick_cache,0,26.713853
string128,sip,128,iter-density-1pct,lru,0,1.311079
string128,sip,128,iter-density-1pct,hashlink,0,1.273466
string128,sip,128,iter-density-1pct,baseline,1,41.247924
string128,sip,128,iter-density-1pct,quick_cache,1,26.169943
string128,sip,128,iter-density-1pct,lru,1,1.276552
string128,sip,128,iter-density-1pct,hashlink,1,1.271014
string128,sip,128,iter-density-1pct,micro,1,39.291056
string128,sip,128,iter-density-1pct,quick_cache,2,27.160052
string128,sip,128,iter-density-1pct,lru,2,1.320274
string128,sip,128,iter-density-1pct,hashlink,2,1.352521
string128,sip,128,iter-density-1pct,micro,2,37.719039
string128,sip,128,iter-density-1pct,baseline,2,38.132142
string128,sip,128,iter-density-1pct,lru,3,1.287315
string128,sip,128,iter-density-1pct,hashlink,3,1.280738
string128,sip,128,iter-density-1pct,micro,3,42.552249
string128,sip,128,iter-density-1pct,baseline,3,37.330700
string128,sip,128,iter-density-1pct,quick_cache,3,23.342202
string128,sip,128,iter-density-1pct,hashlink,4,1.280703
string128,sip,128,iter-density-1pct,micro,4,36.400718
string128,sip,128,iter-density-1pct,baseline,4,37.763039
string128,sip,128,iter-density-1pct,quick_cache,4,24.647509
string128,sip,128,iter-density-1pct,lru,4,1.288589
string128,sip,128,iter-density-6pct,micro,0,37.194863
string128,sip,128,iter-density-6pct,baseline,0,37.776680
string128,sip,128,iter-density-6pct,quick_cache,0,23.055546
string128,sip,128,iter-density-6pct,lru,0,3.692544
string128,sip,128,iter-density-6pct,hashlink,0,3.271566
string128,sip,128,iter-density-6pct,baseline,1,37.190215
string128,sip,128,iter-density-6pct,quick_cache,1,23.629143
string128,sip,128,iter-density-6pct,lru,1,3.460048
string128,sip,128,iter-density-6pct,hashlink,1,3.291899
string128,sip,128,iter-density-6pct,micro,1,34.376329
string128,sip,128,iter-density-6pct,quick_cache,2,23.102837
string128,sip,128,iter-density-6pct,lru,2,3.405252
string128,sip,128,iter-density-6pct,hashlink,2,3.333380
string128,sip,128,iter-density-6pct,micro,2,39.453079
string128,sip,128,iter-density-6pct,baseline,2,38.049886
string128,sip,128,iter-density-6pct,lru,3,3.543754
string128,sip,128,iter-density-6pct,hashlink,3,3.176288
string128,sip,128,iter-density-6pct,micro,3,37.092897
string128,sip,128,iter-density-6pct,baseline,3,36.748641
string128,sip,128,iter-density-6pct,quick_cache,3,23.825878
string128,sip,128,iter-density-6pct,hashlink,4,3.149567
string128,sip,128,iter-density-6pct,micro,4,35.851852
string128,sip,128,iter-density-6pct,baseline,4,34.463823
string128,sip,128,iter-density-6pct,quick_cache,4,27.076045
string128,sip,128,iter-density-6pct,lru,4,3.373806
string128,sip,128,iter-density-quarter,micro,0,40.372982
string128,sip,128,iter-density-quarter,baseline,0,36.605728
string128,sip,128,iter-density-quarter,quick_cache,0,21.816710
string128,sip,128,iter-density-quarter,lru,0,19.351722
string128,sip,128,iter-density-quarter,hashlink,0,19.209793
string128,sip,128,iter-density-quarter,baseline,1,38.397062
string128,sip,128,iter-density-quarter,quick_cache,1,21.730758
string128,sip,128,iter-density-quarter,lru,1,18.997752
string128,sip,128,iter-density-quarter,hashlink,1,18.630763
string128,sip,128,iter-density-quarter,micro,1,36.898502
string128,sip,128,iter-density-quarter,quick_cache,2,21.679314
string128,sip,128,iter-density-quarter,lru,2,19.527729
string128,sip,128,iter-density-quarter,hashlink,2,18.825822
string128,sip,128,iter-density-quarter,micro,2,37.189682
string128,sip,128,iter-density-quarter,baseline,2,37.076166
string128,sip,128,iter-density-quarter,lru,3,19.783042
string128,sip,128,iter-density-quarter,hashlink,3,18.900285
string128,sip,128,iter-density-quarter,micro,3,35.319562
string128,sip,128,iter-density-quarter,baseline,3,36.507009
string128,sip,128,iter-density-quarter,quick_cache,3,21.876888
string128,sip,128,iter-density-quarter,hashlink,4,18.888340
string128,sip,128,iter-density-quarter,micro,4,36.769301
string128,sip,128,iter-density-quarter,baseline,4,36.735777
string128,sip,128,iter-density-quarter,quick_cache,4,21.858006
string128,sip,128,iter-density-quarter,lru,4,19.285402
string128,sip,128,iter-density-half,micro,0,63.123002
string128,sip,128,iter-density-half,baseline,0,63.088829
string128,sip,128,iter-density-half,quick_cache,0,24.727906
string128,sip,128,iter-density-half,lru,0,52.521744
string128,sip,128,iter-density-half,hashlink,0,51.190639
string128,sip,128,iter-density-half,baseline,1,62.800004
string128,sip,128,iter-density-half,quick_cache,1,24.809523
string128,sip,128,iter-density-half,lru,1,52.173171
string128,sip,128,iter-density-half,hashlink,1,51.099131
string128,sip,128,iter-density-half,micro,1,62.547761
string128,sip,128,iter-density-half,quick_cache,2,25.003817
string128,sip,128,iter-density-half,lru,2,53.703859
string128,sip,128,iter-density-half,hashlink,2,50.982327
string128,sip,128,iter-density-half,micro,2,62.775393
string128,sip,128,iter-density-half,baseline,2,62.830543
string128,sip,128,iter-density-half,lru,3,52.996999
string128,sip,128,iter-density-half,hashlink,3,53.135322
string128,sip,128,iter-density-half,micro,3,66.658893
string128,sip,128,iter-density-half,baseline,3,62.819198
string128,sip,128,iter-density-half,quick_cache,3,24.540230
string128,sip,128,iter-density-half,hashlink,4,51.650262
string128,sip,128,iter-density-half,micro,4,62.798267
string128,sip,128,iter-density-half,baseline,4,63.175602
string128,sip,128,iter-density-half,quick_cache,4,24.724131
string128,sip,128,iter-density-half,lru,4,53.030437
string128,sip,128,iter-front,micro,0,36.634314
string128,sip,128,iter-front,baseline,0,36.723548
string128,sip,128,iter-front,quick_cache,0,22.098589
string128,sip,128,iter-front,lru,0,1.177867
string128,sip,128,iter-front,hashlink,0,1.141664
string128,sip,128,iter-front,baseline,1,37.236584
string128,sip,128,iter-front,quick_cache,1,22.124358
string128,sip,128,iter-front,lru,1,1.178593
string128,sip,128,iter-front,hashlink,1,1.141970
string128,sip,128,iter-front,micro,1,37.694998
string128,sip,128,iter-front,quick_cache,2,22.378737
string128,sip,128,iter-front,lru,2,1.207761
string128,sip,128,iter-front,hashlink,2,1.195151
string128,sip,128,iter-front,micro,2,39.227576
string128,sip,128,iter-front,baseline,2,39.964408
string128,sip,128,iter-front,lru,3,1.258068
string128,sip,128,iter-front,hashlink,3,1.183921
string128,sip,128,iter-front,micro,3,39.430456
string128,sip,128,iter-front,baseline,3,40.720265
string128,sip,128,iter-front,quick_cache,3,22.703859
string128,sip,128,iter-front,hashlink,4,1.215291
string128,sip,128,iter-front,micro,4,40.306924
string128,sip,128,iter-front,baseline,4,40.047549
string128,sip,128,iter-front,quick_cache,4,20.242444
string128,sip,128,iter-front,lru,4,1.187280
string128,sip,128,iter-back,micro,0,38.507444
string128,sip,128,iter-back,baseline,0,38.328955
string128,sip,128,iter-back,quick_cache,0,21.324319
string128,sip,128,iter-back,lru,0,1.184834
string128,sip,128,iter-back,hashlink,0,1.161465
string128,sip,128,iter-back,baseline,1,38.609536
string128,sip,128,iter-back,quick_cache,1,21.657773
string128,sip,128,iter-back,lru,1,1.183802
string128,sip,128,iter-back,hashlink,1,1.203111
string128,sip,128,iter-back,micro,1,37.903042
string128,sip,128,iter-back,quick_cache,2,21.067416
string128,sip,128,iter-back,lru,2,1.179883
string128,sip,128,iter-back,hashlink,2,1.195852
string128,sip,128,iter-back,micro,2,39.053819
string128,sip,128,iter-back,baseline,2,36.649726
string128,sip,128,iter-back,lru,3,1.183010
string128,sip,128,iter-back,hashlink,3,1.149531
string128,sip,128,iter-back,micro,3,38.224878
string128,sip,128,iter-back,baseline,3,39.339411
string128,sip,128,iter-back,quick_cache,3,21.604083
string128,sip,128,iter-back,hashlink,4,1.164134
string128,sip,128,iter-back,micro,4,39.235212
string128,sip,128,iter-back,baseline,4,37.856606
string128,sip,128,iter-back,quick_cache,4,21.017513
string128,sip,128,iter-back,lru,4,1.198052
string128,sip,128,iter-empty,micro,0,36.158552
string128,sip,128,iter-empty,baseline,0,36.385077
string128,sip,128,iter-empty,quick_cache,0,22.094612
string128,sip,128,iter-empty,lru,0,0.981583
string128,sip,128,iter-empty,hashlink,0,1.006031
string128,sip,128,iter-empty,baseline,1,36.845629
string128,sip,128,iter-empty,quick_cache,1,20.545471
string128,sip,128,iter-empty,lru,1,0.989018
string128,sip,128,iter-empty,hashlink,1,0.990198
string128,sip,128,iter-empty,micro,1,37.516044
string128,sip,128,iter-empty,quick_cache,2,21.537467
string128,sip,128,iter-empty,lru,2,0.977836
string128,sip,128,iter-empty,hashlink,2,0.991203
string128,sip,128,iter-empty,micro,2,37.968117
string128,sip,128,iter-empty,baseline,2,37.142636
string128,sip,128,iter-empty,lru,3,0.996757
string128,sip,128,iter-empty,hashlink,3,1.017661
string128,sip,128,iter-empty,micro,3,37.222323
string128,sip,128,iter-empty,baseline,3,37.064081
string128,sip,128,iter-empty,quick_cache,3,22.297369
string128,sip,128,iter-empty,hashlink,4,1.018856
string128,sip,128,iter-empty,micro,4,38.986162
string128,sip,128,iter-empty,baseline,4,39.469131
string128,sip,128,iter-empty,quick_cache,4,22.497173
string128,sip,128,iter-empty,lru,4,0.989749
string128,sip,128,iter-count,micro,0,37.214261
string128,sip,128,iter-count,baseline,0,37.148005
string128,sip,128,iter-count,quick_cache,0,54.437337
string128,sip,128,iter-count,lru,0,0.396520
string128,sip,128,iter-count,hashlink,0,0.394170
string128,sip,128,iter-count,baseline,1,36.917441
string128,sip,128,iter-count,quick_cache,1,53.988675
string128,sip,128,iter-count,lru,1,0.396848
string128,sip,128,iter-count,hashlink,1,0.405617
string128,sip,128,iter-count,micro,1,36.801198
string128,sip,128,iter-count,quick_cache,2,54.279098
string128,sip,128,iter-count,lru,2,0.397380
string128,sip,128,iter-count,hashlink,2,0.398177
string128,sip,128,iter-count,micro,2,38.951100
string128,sip,128,iter-count,baseline,2,36.009993
string128,sip,128,iter-count,lru,3,0.390826
string128,sip,128,iter-count,hashlink,3,0.394173
string128,sip,128,iter-count,micro,3,37.183025
string128,sip,128,iter-count,baseline,3,38.678621
string128,sip,128,iter-count,quick_cache,3,52.891997
string128,sip,128,iter-count,hashlink,4,0.389144
string128,sip,128,iter-count,micro,4,39.723435
string128,sip,128,iter-count,baseline,4,39.389655
string128,sip,128,iter-count,quick_cache,4,55.389980
string128,sip,128,iter-count,lru,4,0.427199
string128,sip,1024,get-hit,micro,0,32.379578
string128,sip,1024,get-hit,baseline,0,32.908976
string128,sip,1024,get-hit,quick_cache,0,32.772909
string128,sip,1024,get-hit,lru,0,33.343695
string128,sip,1024,get-hit,hashlink,0,33.489227
string128,sip,1024,get-hit,baseline,1,32.632609
string128,sip,1024,get-hit,quick_cache,1,32.766978
string128,sip,1024,get-hit,lru,1,33.537431
string128,sip,1024,get-hit,hashlink,1,33.113688
string128,sip,1024,get-hit,micro,1,32.811483
string128,sip,1024,get-hit,quick_cache,2,32.748749
string128,sip,1024,get-hit,lru,2,33.453280
string128,sip,1024,get-hit,hashlink,2,33.218384
string128,sip,1024,get-hit,micro,2,34.102939
string128,sip,1024,get-hit,baseline,2,32.591075
string128,sip,1024,get-hit,lru,3,35.996404
string128,sip,1024,get-hit,hashlink,3,34.994418
string128,sip,1024,get-hit,micro,3,34.405795
string128,sip,1024,get-hit,baseline,3,31.819661
string128,sip,1024,get-hit,quick_cache,3,32.657196
string128,sip,1024,get-hit,hashlink,4,33.201426
string128,sip,1024,get-hit,micro,4,33.456055
string128,sip,1024,get-hit,baseline,4,33.271372
string128,sip,1024,get-hit,quick_cache,4,33.699263
string128,sip,1024,get-hit,lru,4,33.593373
string128,sip,1024,get-miss,micro,0,23.727097
string128,sip,1024,get-miss,baseline,0,23.998573
string128,sip,1024,get-miss,quick_cache,0,24.015747
string128,sip,1024,get-miss,lru,0,24.346352
string128,sip,1024,get-miss,hashlink,0,24.357162
string128,sip,1024,get-miss,baseline,1,24.176277
string128,sip,1024,get-miss,quick_cache,1,24.246216
string128,sip,1024,get-miss,lru,1,25.575765
string128,sip,1024,get-miss,hashlink,1,23.641273
string128,sip,1024,get-miss,micro,1,23.975052
string128,sip,1024,get-miss,quick_cache,2,23.522697
string128,sip,1024,get-miss,lru,2,24.173737
string128,sip,1024,get-miss,hashlink,2,24.128914
string128,sip,1024,get-miss,micro,2,23.932770
string128,sip,1024,get-miss,baseline,2,24.223640
string128,sip,1024,get-miss,lru,3,24.503247
string128,sip,1024,get-miss,hashlink,3,24.073921
string128,sip,1024,get-miss,micro,3,24.336174
string128,sip,1024,get-miss,baseline,3,24.078369
string128,sip,1024,get-miss,quick_cache,3,24.101257
string128,sip,1024,get-miss,hashlink,4,24.546305
string128,sip,1024,get-miss,micro,4,24.415337
string128,sip,1024,get-miss,baseline,4,22.752944
string128,sip,1024,get-miss,quick_cache,4,23.290634
string128,sip,1024,get-miss,lru,4,24.143852
string128,sip,1024,update,micro,0,46.222687
string128,sip,1024,update,baseline,0,45.219699
string128,sip,1024,update,quick_cache,0,60.126168
string128,sip,1024,update,lru,0,46.901703
string128,sip,1024,update,hashlink,0,46.139389
string128,sip,1024,update,baseline,1,46.703339
string128,sip,1024,update,quick_cache,1,62.774658
string128,sip,1024,update,lru,1,46.806961
string128,sip,1024,update,hashlink,1,46.335220
string128,sip,1024,update,micro,1,44.839355
string128,sip,1024,update,quick_cache,2,62.989136
string128,sip,1024,update,lru,2,43.875231
string128,sip,1024,update,hashlink,2,44.530233
string128,sip,1024,update,micro,2,43.723212
string128,sip,1024,update,baseline,2,43.207804
string128,sip,1024,update,lru,3,48.818588
string128,sip,1024,update,hashlink,3,45.506239
string128,sip,1024,update,micro,3,46.923325
string128,sip,1024,update,baseline,3,46.981171
string128,sip,1024,update,quick_cache,3,59.419904
string128,sip,1024,update,hashlink,4,45.869186
string128,sip,1024,update,micro,4,45.880630
string128,sip,1024,update,baseline,4,47.431305
string128,sip,1024,update,quick_cache,4,63.502848
string128,sip,1024,update,lru,4,47.615677
string128,sip,1024,insert-cycle,micro,0,72.350865
string128,sip,1024,insert-cycle,baseline,0,71.198963
string128,sip,1024,insert-cycle,quick_cache,0,62.843323
string128,sip,1024,insert-cycle,lru,0,126.503825
string128,sip,1024,insert-cycle,hashlink,0,122.768799
string128,sip,1024,insert-cycle,baseline,1,71.075939
string128,sip,1024,insert-cycle,quick_cache,1,62.865377
string128,sip,1024,insert-cycle,lru,1,124.957642
string128,sip,1024,insert-cycle,hashlink,1,122.455160
string128,sip,1024,insert-cycle,micro,1,79.742958
string128,sip,1024,insert-cycle,quick_cache,2,64.402705
string128,sip,1024,insert-cycle,lru,2,139.043635
string128,sip,1024,insert-cycle,hashlink,2,131.741007
string128,sip,1024,insert-cycle,micro,2,83.999051
string128,sip,1024,insert-cycle,baseline,2,81.179970
string128,sip,1024,insert-cycle,lru,3,133.420987
string128,sip,1024,insert-cycle,hashlink,3,151.772021
string128,sip,1024,insert-cycle,micro,3,83.220296
string128,sip,1024,insert-cycle,baseline,3,88.893497
string128,sip,1024,insert-cycle,quick_cache,3,70.390974
string128,sip,1024,insert-cycle,hashlink,4,131.413778
string128,sip,1024,insert-cycle,micro,4,80.840538
string128,sip,1024,insert-cycle,baseline,4,85.913764
string128,sip,1024,insert-cycle,quick_cache,4,73.491406
string128,sip,1024,insert-cycle,lru,4,131.072998
string128,sip,1024,mixed-95,micro,0,39.625645
string128,sip,1024,mixed-95,baseline,0,39.641658
string128,sip,1024,mixed-95,quick_cache,0,44.008832
string128,sip,1024,mixed-95,lru,0,43.908417
string128,sip,1024,mixed-95,hashlink,0,43.051720
string128,sip,1024,mixed-95,baseline,1,40.238917
string128,sip,1024,mixed-95,quick_cache,1,44.183055
string128,sip,1024,mixed-95,lru,1,43.786745
string128,sip,1024,mixed-95,hashlink,1,43.087383
string128,sip,1024,mixed-95,micro,1,39.545516
string128,sip,1024,mixed-95,quick_cache,2,43.678860
string128,sip,1024,mixed-95,lru,2,42.105178
string128,sip,1024,mixed-95,hashlink,2,42.385817
string128,sip,1024,mixed-95,micro,2,38.892686
string128,sip,1024,mixed-95,baseline,2,39.728025
string128,sip,1024,mixed-95,lru,3,43.566465
string128,sip,1024,mixed-95,hashlink,3,43.155491
string128,sip,1024,mixed-95,micro,3,40.132443
string128,sip,1024,mixed-95,baseline,3,39.319336
string128,sip,1024,mixed-95,quick_cache,3,43.200771
string128,sip,1024,mixed-95,hashlink,4,43.089807
string128,sip,1024,mixed-95,micro,4,38.892210
string128,sip,1024,mixed-95,baseline,4,39.443175
string128,sip,1024,mixed-95,quick_cache,4,43.240229
string128,sip,1024,mixed-95,lru,4,47.734996
string128,sip,1024,load-hit,micro,0,40.709880
string128,sip,1024,load-hit,baseline,0,48.985153
string128,sip,1024,load-hit,quick_cache,0,39.587915
string128,sip,1024,load-hit,lru,0,40.069067
string128,sip,1024,load-hit,hashlink,0,36.333019
string128,sip,1024,load-hit,baseline,1,46.714783
string128,sip,1024,load-hit,quick_cache,1,46.531677
string128,sip,1024,load-hit,lru,1,37.874353
string128,sip,1024,load-hit,hashlink,1,35.663030
string128,sip,1024,load-hit,micro,1,37.261963
string128,sip,1024,load-hit,quick_cache,2,39.193726
string128,sip,1024,load-hit,lru,2,42.130086
string128,sip,1024,load-hit,hashlink,2,36.524913
string128,sip,1024,load-hit,micro,2,38.700867
string128,sip,1024,load-hit,baseline,2,51.371887
string128,sip,1024,load-hit,lru,3,40.728529
string128,sip,1024,load-hit,hashlink,3,35.566384
string128,sip,1024,load-hit,micro,3,38.078821
string128,sip,1024,load-hit,baseline,3,45.864731
string128,sip,1024,load-hit,quick_cache,3,40.885647
string128,sip,1024,load-hit,hashlink,4,37.709045
string128,sip,1024,load-hit,micro,4,38.497925
string128,sip,1024,load-hit,baseline,4,46.816513
string128,sip,1024,load-hit,quick_cache,4,39.975488
string128,sip,1024,load-hit,lru,4,38.337708
string128,sip,1024,load-cycle,micro,0,77.418277
string128,sip,1024,load-cycle,baseline,0,72.855632
string128,sip,1024,load-cycle,quick_cache,0,53.628836
string128,sip,1024,load-cycle,lru,0,130.340576
string128,sip,1024,load-cycle,hashlink,0,146.761035
string128,sip,1024,load-cycle,baseline,1,72.943801
string128,sip,1024,load-cycle,quick_cache,1,53.907854
string128,sip,1024,load-cycle,lru,1,127.783895
string128,sip,1024,load-cycle,hashlink,1,151.295996
string128,sip,1024,load-cycle,micro,1,72.419666
string128,sip,1024,load-cycle,quick_cache,2,54.122925
string128,sip,1024,load-cycle,lru,2,131.306966
string128,sip,1024,load-cycle,hashlink,2,148.048926
string128,sip,1024,load-cycle,micro,2,72.348935
string128,sip,1024,load-cycle,baseline,2,72.169713
string128,sip,1024,load-cycle,lru,3,128.262004
string128,sip,1024,load-cycle,hashlink,3,148.722363
string128,sip,1024,load-cycle,micro,3,71.784133
string128,sip,1024,load-cycle,baseline,3,191.017415
string128,sip,1024,load-cycle,quick_cache,3,149.572754
string128,sip,1024,load-cycle,hashlink,4,302.303711
string128,sip,1024,load-cycle,micro,4,517.466227
string128,sip,1024,load-cycle,baseline,4,184.710205
string128,sip,1024,load-cycle,quick_cache,4,59.397793
string128,sip,1024,load-cycle,lru,4,321.438232
string128,sip,1024,clear-refill,micro,0,134373.173913
string128,sip,1024,clear-refill,baseline,0,81337.710526
string128,sip,1024,clear-refill,quick_cache,0,54077.375000
string128,sip,1024,clear-refill,lru,0,133818.826087
string128,sip,1024,clear-refill,hashlink,0,83813.666667
string128,sip,1024,clear-refill,baseline,1,49076.612903
string128,sip,1024,clear-refill,quick_cache,1,84009.250000
string128,sip,1024,clear-refill,lru,1,132597.826087
string128,sip,1024,clear-refill,hashlink,1,84230.333333
string128,sip,1024,clear-refill,micro,1,48221.571429
string128,sip,1024,clear-refill,quick_cache,2,49814.196721
string128,sip,1024,clear-refill,lru,2,139524.636364
string128,sip,1024,clear-refill,hashlink,2,97405.903226
string128,sip,1024,clear-refill,micro,2,51110.881356
string128,sip,1024,clear-refill,baseline,2,52028.741379
string128,sip,1024,clear-refill,lru,3,133210.130435
string128,sip,1024,clear-refill,hashlink,3,97303.375000
string128,sip,1024,clear-refill,micro,3,66023.543478
string128,sip,1024,clear-refill,baseline,3,58939.549020
string128,sip,1024,clear-refill,quick_cache,3,52028.741379
string128,sip,1024,clear-refill,hashlink,4,84366.888889
string128,sip,1024,clear-refill,micro,4,50959.033898
string128,sip,1024,clear-refill,baseline,4,49535.508197
string128,sip,1024,clear-refill,quick_cache,4,50832.633333
string128,sip,1024,clear-refill,lru,4,131086.956522
string128,sip,1024,clear-empty,micro,0,49.030225
string128,sip,1024,clear-empty,baseline,0,49.770193
string128,sip,1024,clear-empty,quick_cache,0,4.210257
string128,sip,1024,clear-empty,lru,0,2.282036
string128,sip,1024,clear-empty,hashlink,0,0.646846
string128,sip,1024,clear-empty,baseline,1,52.497489
string128,sip,1024,clear-empty,quick_cache,1,4.091678
string128,sip,1024,clear-empty,lru,1,2.364507
string128,sip,1024,clear-empty,hashlink,1,0.657341
string128,sip,1024,clear-empty,micro,1,52.507673
string128,sip,1024,clear-empty,quick_cache,2,4.041117
string128,sip,1024,clear-empty,lru,2,2.286106
string128,sip,1024,clear-empty,hashlink,2,0.763085
string128,sip,1024,clear-empty,micro,2,50.223407
string128,sip,1024,clear-empty,baseline,2,57.448855
string128,sip,1024,clear-empty,lru,3,2.318080
string128,sip,1024,clear-empty,hashlink,3,0.658634
string128,sip,1024,clear-empty,micro,3,86.304889
string128,sip,1024,clear-empty,baseline,3,148.168671
string128,sip,1024,clear-empty,quick_cache,3,4.509572
string128,sip,1024,clear-empty,hashlink,4,0.658458
string128,sip,1024,clear-empty,micro,4,49.317769
string128,sip,1024,clear-empty,baseline,4,53.040184
string128,sip,1024,clear-empty,quick_cache,4,5.176844
string128,sip,1024,clear-empty,lru,4,2.995283
string128,sip,1024,iter-dense,micro,0,287.836273
string128,sip,1024,iter-dense,baseline,0,279.827753
string128,sip,1024,iter-dense,quick_cache,0,252.061660
string128,sip,1024,iter-dense,lru,0,1449.980288
string128,sip,1024,iter-dense,hashlink,0,1468.974121
string128,sip,1024,iter-dense,baseline,1,283.508025
string128,sip,1024,iter-dense,quick_cache,1,253.438176
string128,sip,1024,iter-dense,lru,1,1337.276408
string128,sip,1024,iter-dense,hashlink,1,1375.302083
string128,sip,1024,iter-dense,micro,1,286.315454
string128,sip,1024,iter-dense,quick_cache,2,270.386798
string128,sip,1024,iter-dense,lru,2,1412.488340
string128,sip,1024,iter-dense,hashlink,2,1378.019475
string128,sip,1024,iter-dense,micro,2,284.564394
string128,sip,1024,iter-dense,baseline,2,299.421178
string128,sip,1024,iter-dense,lru,3,1547.985143
string128,sip,1024,iter-dense,hashlink,3,1336.670775
string128,sip,1024,iter-dense,micro,3,280.848522
string128,sip,1024,iter-dense,baseline,3,274.830958
string128,sip,1024,iter-dense,quick_cache,3,258.813275
string128,sip,1024,iter-dense,hashlink,4,1385.284420
string128,sip,1024,iter-dense,micro,4,270.103718
string128,sip,1024,iter-dense,baseline,4,275.880790
string128,sip,1024,iter-dense,quick_cache,4,256.927825
string128,sip,1024,iter-dense,lru,4,1243.283717
string128,sip,1024,iter-dense-for,micro,0,266.255754
string128,sip,1024,iter-dense-for,baseline,0,279.114769
string128,sip,1024,iter-dense-for,quick_cache,0,505.852319
string128,sip,1024,iter-dense-for,lru,0,760.343246
string128,sip,1024,iter-dense-for,hashlink,0,925.653493
string128,sip,1024,iter-dense-for,baseline,1,278.978116
string128,sip,1024,iter-dense-for,quick_cache,1,512.992316
string128,sip,1024,iter-dense-for,lru,1,757.938508
string128,sip,1024,iter-dense-for,hashlink,1,933.400371
string128,sip,1024,iter-dense-for,micro,1,271.277457
string128,sip,1024,iter-dense-for,quick_cache,2,347.651505
string128,sip,1024,iter-dense-for,lru,2,757.161542
string128,sip,1024,iter-dense-for,hashlink,2,1001.523604
string128,sip,1024,iter-dense-for,micro,2,278.954933
string128,sip,1024,iter-dense-for,baseline,2,279.327846
string128,sip,1024,iter-dense-for,lru,3,835.015763
string128,sip,1024,iter-dense-for,hashlink,3,1014.840726
string128,sip,1024,iter-dense-for,micro,3,270.822046
string128,sip,1024,iter-dense-for,baseline,3,273.934858
string128,sip,1024,iter-dense-for,quick_cache,3,512.373292
string128,sip,1024,iter-dense-for,hashlink,4,914.125607
string128,sip,1024,iter-dense-for,micro,4,279.083798
string128,sip,1024,iter-dense-for,baseline,4,277.140118
string128,sip,1024,iter-dense-for,quick_cache,4,516.569368
string128,sip,1024,iter-dense-for,lru,4,737.060547
string128,sip,1024,iter-density-1pct,micro,0,346.676084
string128,sip,1024,iter-density-1pct,baseline,0,366.128526
string128,sip,1024,iter-density-1pct,quick_cache,0,206.543709
string128,sip,1024,iter-density-1pct,lru,0,4.285127
string128,sip,1024,iter-density-1pct,hashlink,0,4.206734
string128,sip,1024,iter-density-1pct,baseline,1,361.222957
string128,sip,1024,iter-density-1pct,quick_cache,1,195.564779
string128,sip,1024,iter-density-1pct,lru,1,4.268154
string128,sip,1024,iter-density-1pct,hashlink,1,4.184695
string128,sip,1024,iter-density-1pct,micro,1,359.335129
string128,sip,1024,iter-density-1pct,quick_cache,2,175.120511
string128,sip,1024,iter-density-1pct,lru,2,4.281331
string128,sip,1024,iter-density-1pct,hashlink,2,4.219362
string128,sip,1024,iter-density-1pct,micro,2,330.252421
string128,sip,1024,iter-density-1pct,baseline,2,356.854919
string128,sip,1024,iter-density-1pct,lru,3,4.249581
string128,sip,1024,iter-density-1pct,hashlink,3,4.310345
string128,sip,1024,iter-density-1pct,micro,3,366.973877
string128,sip,1024,iter-density-1pct,baseline,3,370.831275
string128,sip,1024,iter-density-1pct,quick_cache,3,176.420054
string128,sip,1024,iter-density-1pct,hashlink,4,4.219917
string128,sip,1024,iter-density-1pct,micro,4,367.502930
string128,sip,1024,iter-density-1pct,baseline,4,368.147426
string128,sip,1024,iter-density-1pct,quick_cache,4,167.587444
string128,sip,1024,iter-density-1pct,lru,4,4.415773
string128,sip,1024,iter-density-6pct,micro,0,300.394369
string128,sip,1024,iter-density-6pct,baseline,0,299.429439
string128,sip,1024,iter-density-6pct,quick_cache,0,179.931932
string128,sip,1024,iter-density-6pct,lru,0,53.760966
string128,sip,1024,iter-density-6pct,hashlink,0,57.278940
string128,sip,1024,iter-density-6pct,baseline,1,319.019239
string128,sip,1024,iter-density-6pct,quick_cache,1,199.940565
string128,sip,1024,iter-density-6pct,lru,1,50.103766
string128,sip,1024,iter-density-6pct,hashlink,1,54.164717
string128,sip,1024,iter-density-6pct,micro,1,359.774066
string128,sip,1024,iter-density-6pct,quick_cache,2,194.228778
string128,sip,1024,iter-density-6pct,lru,2,54.079260
string128,sip,1024,iter-density-6pct,hashlink,2,50.296456
string128,sip,1024,iter-density-6pct,micro,2,302.957056
string128,sip,1024,iter-density-6pct,baseline,2,325.642904
string128,sip,1024,iter-density-6pct,lru,3,58.448540
string128,sip,1024,iter-density-6pct,hashlink,3,59.476399
string128,sip,1024,iter-density-6pct,micro,3,314.320339
string128,sip,1024,iter-density-6pct,baseline,3,321.325725
string128,sip,1024,iter-density-6pct,quick_cache,3,213.396662
string128,sip,1024,iter-density-6pct,hashlink,4,49.437286
string128,sip,1024,iter-density-6pct,micro,4,284.035121
string128,sip,1024,iter-density-6pct,baseline,4,302.646169
string128,sip,1024,iter-density-6pct,quick_cache,4,181.490752
string128,sip,1024,iter-density-6pct,lru,4,57.041401
string128,sip,1024,iter-density-quarter,micro,0,259.693715
string128,sip,1024,iter-density-quarter,baseline,0,255.264946
string128,sip,1024,iter-density-quarter,quick_cache,0,166.136615
string128,sip,1024,iter-density-quarter,lru,0,303.053629
string128,sip,1024,iter-density-quarter,hashlink,0,306.316164
string128,sip,1024,iter-density-quarter,baseline,1,258.095124
string128,sip,1024,iter-density-quarter,quick_cache,1,193.481508
string128,sip,1024,iter-density-quarter,lru,1,298.844646
string128,sip,1024,iter-density-quarter,hashlink,1,294.921875
string128,sip,1024,iter-density-quarter,micro,1,257.502140
string128,sip,1024,iter-density-quarter,quick_cache,2,198.774563
string128,sip,1024,iter-density-quarter,lru,2,322.437822
string128,sip,1024,iter-density-quarter,hashlink,2,300.132288
string128,sip,1024,iter-density-quarter,micro,2,249.968833
string128,sip,1024,iter-density-quarter,baseline,2,255.236668
string128,sip,1024,iter-density-quarter,lru,3,298.565575
string128,sip,1024,iter-density-quarter,hashlink,3,312.391819
string128,sip,1024,iter-density-quarter,micro,3,263.203256
string128,sip,1024,iter-density-quarter,baseline,3,266.016023
string128,sip,1024,iter-density-quarter,quick_cache,3,194.872212
string128,sip,1024,iter-density-quarter,hashlink,4,295.536065
string128,sip,1024,iter-density-quarter,micro,4,267.197917
string128,sip,1024,iter-density-quarter,baseline,4,257.252397
string128,sip,1024,iter-density-quarter,quick_cache,4,198.658766
string128,sip,1024,iter-density-quarter,lru,4,295.151140
string128,sip,1024,iter-density-half,micro,0,487.249028
string128,sip,1024,iter-density-half,baseline,0,510.352921
string128,sip,1024,iter-density-half,quick_cache,0,193.970041
string128,sip,1024,iter-density-half,lru,0,622.249379
string128,sip,1024,iter-density-half,hashlink,0,614.251430
string128,sip,1024,iter-density-half,baseline,1,497.457837
string128,sip,1024,iter-density-half,quick_cache,1,204.149660
string128,sip,1024,iter-density-half,lru,1,619.954359
string128,sip,1024,iter-density-half,hashlink,1,628.741458
string128,sip,1024,iter-density-half,micro,1,500.311669
string128,sip,1024,iter-density-half,quick_cache,2,196.252288
string128,sip,1024,iter-density-half,lru,2,646.686422
string128,sip,1024,iter-density-half,hashlink,2,667.072917
string128,sip,1024,iter-density-half,micro,2,471.772927
string128,sip,1024,iter-density-half,baseline,2,489.217122
string128,sip,1024,iter-density-half,lru,3,619.688734
string128,sip,1024,iter-density-half,hashlink,3,632.165898
string128,sip,1024,iter-density-half,micro,3,511.032269
string128,sip,1024,iter-density-half,baseline,3,521.759201
string128,sip,1024,iter-density-half,quick_cache,3,196.715540
string128,sip,1024,iter-density-half,hashlink,4,598.485669
string128,sip,1024,iter-density-half,micro,4,487.046632
string128,sip,1024,iter-density-half,baseline,4,501.399102
string128,sip,1024,iter-density-half,quick_cache,4,206.517896
string128,sip,1024,iter-density-half,lru,4,602.505609
string128,sip,1024,iter-front,micro,0,251.790801
string128,sip,1024,iter-front,baseline,0,253.677534
string128,sip,1024,iter-front,quick_cache,0,167.142491
string128,sip,1024,iter-front,lru,0,1.348067
string128,sip,1024,iter-front,hashlink,0,1.161178
string128,sip,1024,iter-front,baseline,1,263.701194
string128,sip,1024,iter-front,quick_cache,1,165.415123
string128,sip,1024,iter-front,lru,1,1.202308
string128,sip,1024,iter-front,hashlink,1,1.220433
string128,sip,1024,iter-front,micro,1,258.454545
string128,sip,1024,iter-front,quick_cache,2,166.826512
string128,sip,1024,iter-front,lru,2,1.183563
string128,sip,1024,iter-front,hashlink,2,1.211538
string128,sip,1024,iter-front,micro,2,273.543823
string128,sip,1024,iter-front,baseline,2,247.787434
string128,sip,1024,iter-front,lru,3,1.196462
string128,sip,1024,iter-front,hashlink,3,1.200476
string128,sip,1024,iter-front,micro,3,257.455822
string128,sip,1024,iter-front,baseline,3,271.950543
string128,sip,1024,iter-front,quick_cache,3,188.160195
string128,sip,1024,iter-front,hashlink,4,1.165943
string128,sip,1024,iter-front,micro,4,261.951466
string128,sip,1024,iter-front,baseline,4,263.419505
string128,sip,1024,iter-front,quick_cache,4,165.062005
string128,sip,1024,iter-front,lru,4,1.228027
string128,sip,1024,iter-back,micro,0,248.594577
string128,sip,1024,iter-back,baseline,0,253.239387
string128,sip,1024,iter-back,quick_cache,0,163.147609
string128,sip,1024,iter-back,lru,0,1.200430
string128,sip,1024,iter-back,hashlink,0,1.161422
string128,sip,1024,iter-back,baseline,1,257.712311
string128,sip,1024,iter-back,quick_cache,1,163.978256
string128,sip,1024,iter-back,lru,1,1.196905
string128,sip,1024,iter-back,hashlink,1,1.176980
string128,sip,1024,iter-back,micro,1,268.658220
string128,sip,1024,iter-back,quick_cache,2,165.463294
string128,sip,1024,iter-back,lru,2,1.164828
string128,sip,1024,iter-back,hashlink,2,1.170821
string128,sip,1024,iter-back,micro,2,262.497119
string128,sip,1024,iter-back,baseline,2,260.319339
string128,sip,1024,iter-back,lru,3,1.220052
string128,sip,1024,iter-back,hashlink,3,1.167584
string128,sip,1024,iter-back,micro,3,261.232765
string128,sip,1024,iter-back,baseline,3,274.792946
string128,sip,1024,iter-back,quick_cache,3,171.410820
string128,sip,1024,iter-back,hashlink,4,1.261267
string128,sip,1024,iter-back,micro,4,289.355903
string128,sip,1024,iter-back,baseline,4,259.987448
string128,sip,1024,iter-back,quick_cache,4,194.952443
string128,sip,1024,iter-back,lru,4,1.202478
string128,sip,1024,iter-empty,micro,0,289.162596
string128,sip,1024,iter-empty,baseline,0,250.062500
string128,sip,1024,iter-empty,quick_cache,0,162.801107
string128,sip,1024,iter-empty,lru,0,0.995075
string128,sip,1024,iter-empty,hashlink,0,0.992011
string128,sip,1024,iter-empty,baseline,1,263.360955
string128,sip,1024,iter-empty,quick_cache,1,165.428902
string128,sip,1024,iter-empty,lru,1,0.986738
string128,sip,1024,iter-empty,hashlink,1,1.002824
string128,sip,1024,iter-empty,micro,1,263.017244
string128,sip,1024,iter-empty,quick_cache,2,163.760253
string128,sip,1024,iter-empty,lru,2,1.060604
string128,sip,1024,iter-empty,hashlink,2,0.978652
string128,sip,1024,iter-empty,micro,2,252.825303
string128,sip,1024,iter-empty,baseline,2,255.697973
string128,sip,1024,iter-empty,lru,3,1.006603
string128,sip,1024,iter-empty,hashlink,3,1.060005
string128,sip,1024,iter-empty,micro,3,272.714571
string128,sip,1024,iter-empty,baseline,3,262.329784
string128,sip,1024,iter-empty,quick_cache,3,196.767427
string128,sip,1024,iter-empty,hashlink,4,1.006441
string128,sip,1024,iter-empty,micro,4,280.942085
string128,sip,1024,iter-empty,baseline,4,277.170907
string128,sip,1024,iter-empty,quick_cache,4,166.740675
string128,sip,1024,iter-empty,lru,4,0.985121
string128,sip,1024,iter-count,micro,0,264.221615
string128,sip,1024,iter-count,baseline,0,262.735069
string128,sip,1024,iter-count,quick_cache,0,516.983696
string128,sip,1024,iter-count,lru,0,0.387884
string128,sip,1024,iter-count,hashlink,0,0.400715
string128,sip,1024,iter-count,baseline,1,262.026215
string128,sip,1024,iter-count,quick_cache,1,482.408906
string128,sip,1024,iter-count,lru,1,0.414242
string128,sip,1024,iter-count,hashlink,1,0.400564
string128,sip,1024,iter-count,micro,1,264.037153
string128,sip,1024,iter-count,quick_cache,2,486.972656
string128,sip,1024,iter-count,lru,2,0.401897
string128,sip,1024,iter-count,hashlink,2,0.405092
string128,sip,1024,iter-count,micro,2,246.141195
string128,sip,1024,iter-count,baseline,2,251.915060
string128,sip,1024,iter-count,lru,3,0.400901
string128,sip,1024,iter-count,hashlink,3,0.393418
string128,sip,1024,iter-count,micro,3,259.549762
string128,sip,1024,iter-count,baseline,3,264.948611
string128,sip,1024,iter-count,quick_cache,3,485.566406
string128,sip,1024,iter-count,hashlink,4,0.402416
string128,sip,1024,iter-count,micro,4,267.271129
string128,sip,1024,iter-count,baseline,4,264.684549
string128,sip,1024,iter-count,quick_cache,4,488.389648
string128,sip,1024,iter-count,lru,4,0.399031
string128,sip,16384,get-hit,micro,0,43.820421
string128,sip,16384,get-hit,baseline,0,43.060872
string128,sip,16384,get-hit,quick_cache,0,45.843124
string128,sip,16384,get-hit,lru,0,45.462145
string128,sip,16384,get-hit,hashlink,0,44.564141
string128,sip,16384,get-hit,baseline,1,45.102146
string128,sip,16384,get-hit,quick_cache,1,47.697067
string128,sip,16384,get-hit,lru,1,45.681424
string128,sip,16384,get-hit,hashlink,1,44.814494
string128,sip,16384,get-hit,micro,1,46.620682
string128,sip,16384,get-hit,quick_cache,2,46.180084
string128,sip,16384,get-hit,lru,2,45.288656
string128,sip,16384,get-hit,hashlink,2,50.761551
string128,sip,16384,get-hit,micro,2,45.164890
string128,sip,16384,get-hit,baseline,2,45.172241
string128,sip,16384,get-hit,lru,3,46.304703
string128,sip,16384,get-hit,hashlink,3,44.470323
string128,sip,16384,get-hit,micro,3,45.133803
string128,sip,16384,get-hit,baseline,3,41.658759
string128,sip,16384,get-hit,quick_cache,3,41.775743
string128,sip,16384,get-hit,hashlink,4,40.629578
string128,sip,16384,get-hit,micro,4,41.470567
string128,sip,16384,get-hit,baseline,4,43.502808
string128,sip,16384,get-hit,quick_cache,4,41.295369
string128,sip,16384,get-hit,lru,4,41.533298
string128,sip,16384,get-miss,micro,0,30.796895
string128,sip,16384,get-miss,baseline,0,28.982694
string128,sip,16384,get-miss,quick_cache,0,29.531626
string128,sip,16384,get-miss,lru,0,30.240572
string128,sip,16384,get-miss,hashlink,0,28.832463
string128,sip,16384,get-miss,baseline,1,29.462769
string128,sip,16384,get-miss,quick_cache,1,29.735079
string128,sip,16384,get-miss,lru,1,30.331740
string128,sip,16384,get-miss,hashlink,1,29.529278
string128,sip,16384,get-miss,micro,1,29.716684
string128,sip,16384,get-miss,quick_cache,2,29.645480
string128,sip,16384,get-miss,lru,2,30.020686
string128,sip,16384,get-miss,hashlink,2,30.168973
string128,sip,16384,get-miss,micro,2,29.853619
string128,sip,16384,get-miss,baseline,2,29.200627
string128,sip,16384,get-miss,lru,3,30.121235
string128,sip,16384,get-miss,hashlink,3,30.168185
string128,sip,16384,get-miss,micro,3,29.075036
string128,sip,16384,get-miss,baseline,3,29.575843
string128,sip,16384,get-miss,quick_cache,3,30.359901
string128,sip,16384,get-miss,hashlink,4,29.553927
string128,sip,16384,get-miss,micro,4,29.406823
string128,sip,16384,get-miss,baseline,4,29.126681
string128,sip,16384,get-miss,quick_cache,4,29.750338
string128,sip,16384,get-miss,lru,4,29.639611
string128,sip,16384,update,micro,0,55.867501
string128,sip,16384,update,baseline,0,55.386492
string128,sip,16384,update,quick_cache,0,211.011230
string128,sip,16384,update,lru,0,58.173043
string128,sip,16384,update,hashlink,0,56.148717
string128,sip,16384,update,baseline,1,55.952532
string128,sip,16384,update,quick_cache,1,204.208374
string128,sip,16384,update,lru,1,59.227347
string128,sip,16384,update,hashlink,1,56.068778
string128,sip,16384,update,micro,1,56.496041
string128,sip,16384,update,quick_cache,2,201.906799
string128,sip,16384,update,lru,2,55.836269
string128,sip,16384,update,hashlink,2,56.637730
string128,sip,16384,update,micro,2,55.422102
string128,sip,16384,update,baseline,2,56.009208
string128,sip,16384,update,lru,3,55.446812
string128,sip,16384,update,hashlink,3,56.073870
string128,sip,16384,update,micro,3,56.653704
string128,sip,16384,update,baseline,3,57.633894
string128,sip,16384,update,quick_cache,3,214.078308
string128,sip,16384,update,hashlink,4,51.943466
string128,sip,16384,update,micro,4,53.358538
string128,sip,16384,update,baseline,4,59.930716
string128,sip,16384,update,quick_cache,4,205.823242
string128,sip,16384,update,lru,4,55.427194
string128,sip,16384,insert-cycle,micro,0,73.900848
string128,sip,16384,insert-cycle,baseline,0,73.542923
string128,sip,16384,insert-cycle,quick_cache,0,94.435394
string128,sip,16384,insert-cycle,lru,0,128.963470
string128,sip,16384,insert-cycle,hashlink,0,123.987823
string128,sip,16384,insert-cycle,baseline,1,73.429108
string128,sip,16384,insert-cycle,quick_cache,1,97.710938
string128,sip,16384,insert-cycle,lru,1,136.016846
string128,sip,16384,insert-cycle,hashlink,1,139.012665
string128,sip,16384,insert-cycle,micro,1,74.988678
string128,sip,16384,insert-cycle,quick_cache,2,98.130554
string128,sip,16384,insert-cycle,lru,2,132.408142
string128,sip,16384,insert-cycle,hashlink,2,122.297943
string128,sip,16384,insert-cycle,micro,2,74.129105
string128,sip,16384,insert-cycle,baseline,2,73.932022
string128,sip,16384,insert-cycle,lru,3,133.010864
string128,sip,16384,insert-cycle,hashlink,3,126.182556
string128,sip,16384,insert-cycle,micro,3,82.241684
string128,sip,16384,insert-cycle,baseline,3,80.066681
string128,sip,16384,insert-cycle,quick_cache,3,91.775269
string128,sip,16384,insert-cycle,hashlink,4,123.143524
string128,sip,16384,insert-cycle,micro,4,74.043915
string128,sip,16384,insert-cycle,baseline,4,73.335648
string128,sip,16384,insert-cycle,quick_cache,4,78.450516
string128,sip,16384,insert-cycle,lru,4,139.066071
string128,sip,16384,mixed-95,micro,0,47.430098
string128,sip,16384,mixed-95,baseline,0,47.665457
string128,sip,16384,mixed-95,quick_cache,0,49.941659
string128,sip,16384,mixed-95,lru,0,49.122850
string128,sip,16384,mixed-95,hashlink,0,47.986507
string128,sip,16384,mixed-95,baseline,1,48.308630
string128,sip,16384,mixed-95,quick_cache,1,47.904650
string128,sip,16384,mixed-95,lru,1,47.620376
string128,sip,16384,mixed-95,hashlink,1,48.660199
string128,sip,16384,mixed-95,micro,1,48.076908
string128,sip,16384,mixed-95,quick_cache,2,49.549142
string128,sip,16384,mixed-95,lru,2,47.466835
string128,sip,16384,mixed-95,hashlink,2,48.988521
string128,sip,16384,mixed-95,micro,2,49.012323
string128,sip,16384,mixed-95,baseline,2,48.301637
string128,sip,16384,mixed-95,lru,3,45.850098
string128,sip,16384,mixed-95,hashlink,3,45.474986
string128,sip,16384,mixed-95,micro,3,48.378110
string128,sip,16384,mixed-95,baseline,3,48.086047
string128,sip,16384,mixed-95,quick_cache,3,49.714406
string128,sip,16384,mixed-95,hashlink,4,47.451794
string128,sip,16384,mixed-95,micro,4,48.344930
string128,sip,16384,mixed-95,baseline,4,47.994991
string128,sip,16384,mixed-95,quick_cache,4,49.722811
string128,sip,16384,mixed-95,lru,4,46.260396
string128,sip,16384,load-hit,micro,0,44.914524
string128,sip,16384,load-hit,baseline,0,52.743827
string128,sip,16384,load-hit,quick_cache,0,46.761826
string128,sip,16384,load-hit,lru,0,44.630263
string128,sip,16384,load-hit,hashlink,0,41.295369
string128,sip,16384,load-hit,baseline,1,52.023575
string128,sip,16384,load-hit,quick_cache,1,47.142654
string128,sip,16384,load-hit,lru,1,46.149582
string128,sip,16384,load-hit,hashlink,1,41.252428
string128,sip,16384,load-hit,micro,1,44.943346
string128,sip,16384,load-hit,quick_cache,2,49.308151
string128,sip,16384,load-hit,lru,2,45.555962
string128,sip,16384,load-hit,hashlink,2,41.475084
string128,sip,16384,load-hit,micro,2,44.709378
string128,sip,16384,load-hit,baseline,2,53.369437
string128,sip,16384,load-hit,lru,3,46.043396
string128,sip,16384,load-hit,hashlink,3,41.985406
string128,sip,16384,load-hit,micro,3,44.756863
string128,sip,16384,load-hit,baseline,3,52.607230
string128,sip,16384,load-hit,quick_cache,3,46.943665
string128,sip,16384,load-hit,hashlink,4,41.672323
string128,sip,16384,load-hit,micro,4,44.808851
string128,sip,16384,load-hit,baseline,4,53.713832
string128,sip,16384,load-hit,quick_cache,4,46.807617
string128,sip,16384,load-hit,lru,4,44.512153
string128,sip,16384,load-cycle,micro,0,72.365448
string128,sip,16384,load-cycle,baseline,0,75.657532
string128,sip,16384,load-cycle,quick_cache,0,66.713974
string128,sip,16384,load-cycle,lru,0,128.707886
string128,sip,16384,load-cycle,hashlink,0,148.518890
string128,sip,16384,load-cycle,baseline,1,72.169632
string128,sip,16384,load-cycle,quick_cache,1,71.496323
string128,sip,16384,load-cycle,lru,1,135.838806
string128,sip,16384,load-cycle,hashlink,1,150.948853
string128,sip,16384,load-cycle,micro,1,73.375702
string128,sip,16384,load-cycle,quick_cache,2,95.550537
string128,sip,16384,load-cycle,lru,2,133.902222
string128,sip,16384,load-cycle,hashlink,2,149.517059
string128,sip,16384,load-cycle,micro,2,74.029922
string128,sip,16384,load-cycle,baseline,2,73.005676
string128,sip,16384,load-cycle,lru,3,135.743469
string128,sip,16384,load-cycle,hashlink,3,148.419708
string128,sip,16384,load-cycle,micro,3,73.134750
string128,sip,16384,load-cycle,baseline,3,74.591949
string128,sip,16384,load-cycle,quick_cache,3,69.773987
string128,sip,16384,load-cycle,hashlink,4,146.016449
string128,sip,16384,load-cycle,micro,4,76.314926
string128,sip,16384,load-cycle,baseline,4,72.409943
string128,sip,16384,load-cycle,quick_cache,4,68.470642
string128,sip,16384,load-cycle,lru,4,133.162201
string128,sip,16384,clear-refill,micro,0,823125.000000
string128,sip,16384,clear-refill,baseline,0,834385.250000
string128,sip,16384,clear-refill,quick_cache,0,791968.750000
string128,sip,16384,clear-refill,lru,0,2251812.500000
string128,sip,16384,clear-refill,hashlink,0,1397375.000000
string128,sip,16384,clear-refill,baseline,1,846500.000000
string128,sip,16384,clear-refill,quick_cache,1,929770.750000
string128,sip,16384,clear-refill,lru,1,2205396.000000
string128,sip,16384,clear-refill,hashlink,1,1401000.000000
string128,sip,16384,clear-refill,micro,1,890406.250000
string128,sip,16384,clear-refill,quick_cache,2,887458.250000
string128,sip,16384,clear-refill,lru,2,2232458.500000
string128,sip,16384,clear-refill,hashlink,2,1376708.333333
string128,sip,16384,clear-refill,micro,2,871843.750000
string128,sip,16384,clear-refill,baseline,2,863500.000000
string128,sip,16384,clear-refill,lru,3,2280500.000000
string128,sip,16384,clear-refill,hashlink,3,1434111.000000
string128,sip,16384,clear-refill,micro,3,855302.000000
string128,sip,16384,clear-refill,baseline,3,1064055.333333
string128,sip,16384,clear-refill,quick_cache,3,860510.500000
string128,sip,16384,clear-refill,hashlink,4,1435861.000000
string128,sip,16384,clear-refill,micro,4,823687.500000
string128,sip,16384,clear-refill,baseline,4,808291.750000
string128,sip,16384,clear-refill,quick_cache,4,880291.750000
string128,sip,16384,clear-refill,lru,4,2218208.500000
string128,sip,16384,clear-empty,micro,0,318.302154
string128,sip,16384,clear-empty,baseline,0,329.332140
string128,sip,16384,clear-empty,quick_cache,0,3.966782
string128,sip,16384,clear-empty,lru,0,2.251874
string128,sip,16384,clear-empty,hashlink,0,0.637001
string128,sip,16384,clear-empty,baseline,1,472.675781
string128,sip,16384,clear-empty,quick_cache,1,4.012565
string128,sip,16384,clear-empty,lru,1,2.249192
string128,sip,16384,clear-empty,hashlink,1,0.699335
string128,sip,16384,clear-empty,micro,1,312.435752
string128,sip,16384,clear-empty,quick_cache,2,3.946309
string128,sip,16384,clear-empty,lru,2,2.218354
string128,sip,16384,clear-empty,hashlink,2,0.637331
string128,sip,16384,clear-empty,micro,2,320.246516
string128,sip,16384,clear-empty,baseline,2,317.928315
string128,sip,16384,clear-empty,lru,3,2.407831
string128,sip,16384,clear-empty,hashlink,3,0.644959
string128,sip,16384,clear-empty,micro,3,317.321263
string128,sip,16384,clear-empty,baseline,3,316.850612
string128,sip,16384,clear-empty,quick_cache,3,4.054824
string128,sip,16384,clear-empty,hashlink,4,0.642220
string128,sip,16384,clear-empty,micro,4,316.470498
string128,sip,16384,clear-empty,baseline,4,317.536845
string128,sip,16384,clear-empty,quick_cache,4,3.992452
string128,sip,16384,clear-empty,lru,4,2.260098
string128,sip,16384,iter-dense,micro,0,6389.931250
string128,sip,16384,iter-dense,baseline,0,6138.835938
string128,sip,16384,iter-dense,quick_cache,0,6964.100446
string128,sip,16384,iter-dense,lru,0,27475.257812
string128,sip,16384,iter-dense,hashlink,0,23321.356250
string128,sip,16384,iter-dense,baseline,1,6115.234375
string128,sip,16384,iter-dense,quick_cache,1,6911.551339
string128,sip,16384,iter-dense,lru,1,28849.929688
string128,sip,16384,iter-dense,hashlink,1,27110.351562
string128,sip,16384,iter-dense,micro,1,6216.308594
string128,sip,16384,iter-dense,quick_cache,2,8308.049479
string128,sip,16384,iter-dense,lru,2,25289.718750
string128,sip,16384,iter-dense,hashlink,2,29246.750000
string128,sip,16384,iter-dense,micro,2,6140.298828
string128,sip,16384,iter-dense,baseline,2,6264.150000
string128,sip,16384,iter-dense,lru,3,25229.492188
string128,sip,16384,iter-dense,hashlink,3,24981.773438
string128,sip,16384,iter-dense,micro,3,6163.656250
string128,sip,16384,iter-dense,baseline,3,6119.708984
string128,sip,16384,iter-dense,quick_cache,3,7694.012019
string128,sip,16384,iter-dense,hashlink,4,24413.414062
string128,sip,16384,iter-dense,micro,4,6119.710938
string128,sip,16384,iter-dense,baseline,4,6748.883929
string128,sip,16384,iter-dense,quick_cache,4,6957.589286
string128,sip,16384,iter-dense,lru,4,25579.101562
string128,sip,16384,iter-dense-for,micro,0,6273.177083
string128,sip,16384,iter-dense-for,baseline,0,6134.441406
string128,sip,16384,iter-dense-for,quick_cache,0,8143.013021
string128,sip,16384,iter-dense-for,lru,0,23111.975000
string128,sip,16384,iter-dense-for,hashlink,0,26557.617188
string128,sip,16384,iter-dense-for,baseline,1,6488.368750
string128,sip,16384,iter-dense-for,quick_cache,1,8317.924479
string128,sip,16384,iter-dense-for,lru,1,19615.887500
string128,sip,16384,iter-dense-for,hashlink,1,21369.531250
string128,sip,16384,iter-dense-for,micro,1,6129.882812
string128,sip,16384,iter-dense-for,quick_cache,2,8105.794271
string128,sip,16384,iter-dense-for,lru,2,24941.078125
string128,sip,16384,iter-dense-for,hashlink,2,21748.962500
string128,sip,16384,iter-dense-for,micro,2,6063.558594
string128,sip,16384,iter-dense-for,baseline,2,6143.148438
string128,sip,16384,iter-dense-for,lru,3,23198.956250
string128,sip,16384,iter-dense-for,hashlink,3,27065.429688
string128,sip,16384,iter-dense-for,micro,3,6153.400391
string128,sip,16384,iter-dense-for,baseline,3,6134.033203
string128,sip,16384,iter-dense-for,quick_cache,3,8727.627841
string128,sip,16384,iter-dense-for,hashlink,4,21421.350000
string128,sip,16384,iter-dense-for,micro,4,6217.529297
string128,sip,16384,iter-dense-for,baseline,4,6252.689583
string128,sip,16384,iter-dense-for,quick_cache,4,7984.809896
string128,sip,16384,iter-dense-for,lru,4,25844.726562
string128,sip,16384,iter-density-1pct,micro,0,7398.937500
string128,sip,16384,iter-density-1pct,baseline,0,6519.010417
string128,sip,16384,iter-density-1pct,quick_cache,0,6941.033482
string128,sip,16384,iter-density-1pct,lru,0,190.259952
string128,sip,16384,iter-density-1pct,hashlink,0,174.935868
string128,sip,16384,iter-density-1pct,baseline,1,6445.400000
string128,sip,16384,iter-density-1pct,quick_cache,1,7214.843750
string128,sip,16384,iter-density-1pct,lru,1,181.465607
string128,sip,16384,iter-density-1pct,hashlink,1,182.069175
string128,sip,16384,iter-density-1pct,micro,1,6982.236607
string128,sip,16384,iter-density-1pct,quick_cache,2,7048.455357
string128,sip,16384,iter-density-1pct,lru,2,180.743678
string128,sip,16384,iter-density-1pct,hashlink,2,190.768420
string128,sip,16384,iter-density-1pct,micro,2,6243.816406
string128,sip,16384,iter-density-1pct,baseline,2,6423.264583
string128,sip,16384,iter-density-1pct,lru,3,181.087597
string128,sip,16384,iter-density-1pct,hashlink,3,178.128439
string128,sip,16384,iter-density-1pct,micro,3,6484.460417
string128,sip,16384,iter-density-1pct,baseline,3,6507.812500
string128,sip,16384,iter-density-1pct,quick_cache,3,7005.116071
string128,sip,16384,iter-density-1pct,hashlink,4,182.613388
string128,sip,16384,iter-density-1pct,micro,4,6493.314583
string128,sip,16384,iter-density-1pct,baseline,4,6733.723214
string128,sip,16384,iter-density-1pct,quick_cache,4,6720.888393
string128,sip,16384,iter-density-1pct,lru,4,192.161373
string128,sip,16384,iter-density-6pct,micro,0,5917.968750
string128,sip,16384,iter-density-6pct,baseline,0,5686.503676
string128,sip,16384,iter-density-6pct,quick_cache,0,6506.943750
string128,sip,16384,iter-density-6pct,lru,0,1266.337083
string128,sip,16384,iter-density-6pct,hashlink,0,1262.569583
string128,sip,16384,iter-density-6pct,baseline,1,5683.823529
string128,sip,16384,iter-density-6pct,quick_cache,1,6464.497917
string128,sip,16384,iter-density-6pct,lru,1,1299.586045
string128,sip,16384,iter-density-6pct,hashlink,1,1310.510851
string128,sip,16384,iter-density-6pct,micro,1,5769.990809
string128,sip,16384,iter-density-6pct,quick_cache,2,6464.150000
string128,sip,16384,iter-density-6pct,lru,2,1324.383803
string128,sip,16384,iter-density-6pct,hashlink,2,1260.694583
string128,sip,16384,iter-density-6pct,micro,2,5746.860294
string128,sip,16384,iter-density-6pct,baseline,2,5771.904412
string128,sip,16384,iter-density-6pct,lru,3,1402.791045
string128,sip,16384,iter-density-6pct,hashlink,3,1269.513514
string128,sip,16384,iter-density-6pct,micro,3,5507.234375
string128,sip,16384,iter-density-6pct,baseline,3,6290.279167
string128,sip,16384,iter-density-6pct,quick_cache,3,6600.606250
string128,sip,16384,iter-density-6pct,hashlink,4,1300.781250
string128,sip,16384,iter-density-6pct,micro,4,5751.301471
string128,sip,16384,iter-density-6pct,baseline,4,5358.869792
string128,sip,16384,iter-density-6pct,quick_cache,4,6468.229167
string128,sip,16384,iter-density-6pct,lru,4,1296.411387
string128,sip,16384,iter-density-quarter,micro,0,5978.921875
string128,sip,16384,iter-density-quarter,baseline,0,5988.931641
string128,sip,16384,iter-density-quarter,quick_cache,0,6934.709821
string128,sip,16384,iter-density-quarter,lru,0,12620.769531
string128,sip,16384,iter-density-quarter,hashlink,0,8902.698864
string128,sip,16384,iter-density-quarter,baseline,1,5965.982422
string128,sip,16384,iter-density-quarter,quick_cache,1,6949.406250
string128,sip,16384,iter-density-quarter,lru,1,12472.656250
string128,sip,16384,iter-density-quarter,hashlink,1,8505.859375
string128,sip,16384,iter-density-quarter,micro,1,5876.382812
string128,sip,16384,iter-density-quarter,quick_cache,2,6995.165179
string128,sip,16384,iter-density-quarter,lru,2,12345.703125
string128,sip,16384,iter-density-quarter,hashlink,2,8586.409091
string128,sip,16384,iter-density-quarter,micro,2,5889.972656
string128,sip,16384,iter-density-quarter,baseline,2,5873.535156
string128,sip,16384,iter-density-quarter,lru,3,12812.011719
string128,sip,16384,iter-density-quarter,hashlink,3,8568.181818
string128,sip,16384,iter-density-quarter,micro,3,5900.146484
string128,sip,16384,iter-density-quarter,baseline,3,5996.664062
string128,sip,16384,iter-density-quarter,quick_cache,3,7088.727679
string128,sip,16384,iter-density-quarter,hashlink,4,11211.083333
string128,sip,16384,iter-density-quarter,micro,4,5912.271484
string128,sip,16384,iter-density-quarter,baseline,4,5937.500000
string128,sip,16384,iter-density-quarter,quick_cache,4,6882.720982
string128,sip,16384,iter-density-quarter,lru,4,10295.834375
string128,sip,16384,iter-density-half,micro,0,8156.684896
string128,sip,16384,iter-density-half,baseline,0,8108.182292
string128,sip,16384,iter-density-half,quick_cache,0,6830.636161
string128,sip,16384,iter-density-half,lru,0,18843.750000
string128,sip,16384,iter-density-half,hashlink,0,15079.616071
string128,sip,16384,iter-density-half,baseline,1,7803.185096
string128,sip,16384,iter-density-half,quick_cache,1,6901.598214
string128,sip,16384,iter-density-half,lru,1,17406.682292
string128,sip,16384,iter-density-half,hashlink,1,14689.915179
string128,sip,16384,iter-density-half,micro,1,8187.825521
string128,sip,16384,iter-density-half,quick_cache,2,6798.363839
string128,sip,16384,iter-density-half,lru,2,20315.625000
string128,sip,16384,iter-density-half,hashlink,2,18475.260417
string128,sip,16384,iter-density-half,micro,2,8629.377841
string128,sip,16384,iter-density-half,baseline,2,8052.625000
string128,sip,16384,iter-density-half,lru,3,14481.772321
string128,sip,16384,iter-density-half,hashlink,3,20165.887500
string128,sip,16384,iter-density-half,micro,3,8086.914062
string128,sip,16384,iter-density-half,baseline,3,8171.765625
string128,sip,16384,iter-density-half,quick_cache,3,7034.691964
string128,sip,16384,iter-density-half,hashlink,4,15962.239583
string128,sip,16384,iter-density-half,micro,4,8094.401042
string128,sip,16384,iter-density-half,baseline,4,8101.997396
string128,sip,16384,iter-density-half,quick_cache,4,7417.766827
string128,sip,16384,iter-density-half,lru,4,20154.168750
string128,sip,16384,iter-front,micro,0,5571.386029
string128,sip,16384,iter-front,baseline,0,5577.511029
string128,sip,16384,iter-front,quick_cache,0,6857.142857
string128,sip,16384,iter-front,lru,0,1.200353
string128,sip,16384,iter-front,hashlink,0,1.134219
string128,sip,16384,iter-front,baseline,1,5468.605903
string128,sip,16384,iter-front,quick_cache,1,6725.910714
string128,sip,16384,iter-front,lru,1,1.199463
string128,sip,16384,iter-front,hashlink,1,1.162401
string128,sip,16384,iter-front,micro,1,5787.913603
string128,sip,16384,iter-front,quick_cache,2,7316.105769
string128,sip,16384,iter-front,lru,2,1.203420
string128,sip,16384,iter-front,hashlink,2,1.169857
string128,sip,16384,iter-front,micro,2,5631.816176
string128,sip,16384,iter-front,baseline,2,5252.097222
string128,sip,16384,iter-front,lru,3,1.176773
string128,sip,16384,iter-front,hashlink,3,1.223507
string128,sip,16384,iter-front,micro,3,5533.088235
string128,sip,16384,iter-front,baseline,3,5545.419118
string128,sip,16384,iter-front,quick_cache,3,6865.607143
string128,sip,16384,iter-front,hashlink,4,1.133753
string128,sip,16384,iter-front,micro,4,5735.371324
string128,sip,16384,iter-front,baseline,4,5582.643382
string128,sip,16384,iter-front,quick_cache,4,6906.062500
string128,sip,16384,iter-front,lru,4,1.198650
string128,sip,16384,iter-back,micro,0,5482.782986
string128,sip,16384,iter-back,baseline,0,5424.189236
string128,sip,16384,iter-back,quick_cache,0,6942.522321
string128,sip,16384,iter-back,lru,0,1.200953
string128,sip,16384,iter-back,hashlink,0,1.220528
string128,sip,16384,iter-back,baseline,1,5478.227431
string128,sip,16384,iter-back,quick_cache,1,6969.029018
string128,sip,16384,iter-back,lru,1,1.174606
string128,sip,16384,iter-back,hashlink,1,1.178089
string128,sip,16384,iter-back,micro,1,5686.735294
string128,sip,16384,iter-back,quick_cache,2,7020.926339
string128,sip,16384,iter-back,lru,2,1.202555
string128,sip,16384,iter-back,hashlink,2,1.136433
string128,sip,16384,iter-back,micro,2,5623.314338
string128,sip,16384,iter-back,baseline,2,5743.871324
string128,sip,16384,iter-back,lru,3,1.204873
string128,sip,16384,iter-back,hashlink,3,1.193553
string128,sip,16384,iter-back,micro,3,5669.422794
string128,sip,16384,iter-back,baseline,3,5798.943015
string128,sip,16384,iter-back,quick_cache,3,6894.625000
string128,sip,16384,iter-back,hashlink,4,1.143586
string128,sip,16384,iter-back,micro,4,5495.079861
string128,sip,16384,iter-back,baseline,4,5487.774306
string128,sip,16384,iter-back,quick_cache,4,6784.783482
string128,sip,16384,iter-back,lru,4,1.188559
string128,sip,16384,iter-empty,micro,0,5821.384191
string128,sip,16384,iter-empty,baseline,0,5503.255208
string128,sip,16384,iter-empty,quick_cache,0,6789.154018
string128,sip,16384,iter-empty,lru,0,0.991686
string128,sip,16384,iter-empty,hashlink,0,0.999808
string128,sip,16384,iter-empty,baseline,1,5483.145833
string128,sip,16384,iter-empty,quick_cache,1,7303.185096
string128,sip,16384,iter-empty,lru,1,0.983230
string128,sip,16384,iter-empty,hashlink,1,1.006204
string128,sip,16384,iter-empty,micro,1,5580.268382
string128,sip,16384,iter-empty,quick_cache,2,6943.359375
string128,sip,16384,iter-empty,lru,2,0.999435
string128,sip,16384,iter-empty,hashlink,2,1.028536
string128,sip,16384,iter-empty,micro,2,5571.308824
string128,sip,16384,iter-empty,baseline,2,5671.415441
string128,sip,16384,iter-empty,lru,3,1.023460
string128,sip,16384,iter-empty,hashlink,3,1.070144
string128,sip,16384,iter-empty,micro,3,5765.395221
string128,sip,16384,iter-empty,baseline,3,6226.886719
string128,sip,16384,iter-empty,quick_cache,3,13091.148438
string128,sip,16384,iter-empty,hashlink,4,1.003489
string128,sip,16384,iter-empty,micro,4,5685.738971
string128,sip,16384,iter-empty,baseline,4,5590.227941
string128,sip,16384,iter-empty,quick_cache,4,6913.316964
string128,sip,16384,iter-empty,lru,4,0.977757
string128,sip,16384,iter-count,micro,0,5510.524740
string128,sip,16384,iter-count,baseline,0,5412.597656
string128,sip,16384,iter-count,quick_cache,0,7899.738281
string128,sip,16384,iter-count,lru,0,0.393081
string128,sip,16384,iter-count,hashlink,0,0.406449
string128,sip,16384,iter-count,baseline,1,5628.039062
string128,sip,16384,iter-count,quick_cache,1,8025.878906
string128,sip,16384,iter-count,lru,1,0.399936
string128,sip,16384,iter-count,hashlink,1,0.390683
string128,sip,16384,iter-count,micro,1,5685.221354
string128,sip,16384,iter-count,quick_cache,2,7891.681641
string128,sip,16384,iter-count,lru,2,0.408248
string128,sip,16384,iter-count,hashlink,2,0.399282
string128,sip,16384,iter-count,micro,2,5551.595052
string128,sip,16384,iter-count,baseline,2,5610.622396
string128,sip,16384,iter-count,lru,3,0.400269
string128,sip,16384,iter-count,hashlink,3,0.398291
string128,sip,16384,iter-count,micro,3,5414.062500
string128,sip,16384,iter-count,baseline,3,5685.166667
string128,sip,16384,iter-count,quick_cache,3,8353.597656
string128,sip,16384,iter-count,hashlink,4,0.398719
string128,sip,16384,iter-count,micro,4,6364.746094
string128,sip,16384,iter-count,baseline,4,5509.602865
string128,sip,16384,iter-count,quick_cache,4,8430.419922
string128,sip,16384,iter-count,lru,4,0.393826
string128,ahash,128,get-hit,micro,0,11.151863
string128,ahash,128,get-hit,baseline,0,11.319710
string128,ahash,128,get-hit,quick_cache,0,12.029175
string128,ahash,128,get-hit,lru,0,11.919741
string128,ahash,128,get-hit,hashlink,0,11.290427
string128,ahash,128,get-hit,baseline,1,11.334351
string128,ahash,128,get-hit,quick_cache,1,11.392767
string128,ahash,128,get-hit,lru,1,12.477791
string128,ahash,128,get-hit,hashlink,1,11.534374
string128,ahash,128,get-hit,micro,1,11.751331
string128,ahash,128,get-hit,quick_cache,2,11.924990
string128,ahash,128,get-hit,lru,2,12.335372
string128,ahash,128,get-hit,hashlink,2,11.607170
string128,ahash,128,get-hit,micro,2,11.902348
string128,ahash,128,get-hit,baseline,2,12.244332
string128,ahash,128,get-hit,lru,3,12.476265
string128,ahash,128,get-hit,hashlink,3,12.057070
string128,ahash,128,get-hit,micro,3,11.535645
string128,ahash,128,get-hit,baseline,3,12.812647
string128,ahash,128,get-hit,quick_cache,3,12.252979
string128,ahash,128,get-hit,hashlink,4,11.471748
string128,ahash,128,get-hit,micro,4,11.739891
string128,ahash,128,get-hit,baseline,4,11.768497
string128,ahash,128,get-hit,quick_cache,4,11.891357
string128,ahash,128,get-hit,lru,4,12.496948
string128,ahash,128,get-miss,micro,0,7.359211
string128,ahash,128,get-miss,baseline,0,7.409058
string128,ahash,128,get-miss,quick_cache,0,7.375286
string128,ahash,128,get-miss,lru,0,7.758458
string128,ahash,128,get-miss,hashlink,0,7.268969
string128,ahash,128,get-miss,baseline,1,7.364399
string128,ahash,128,get-miss,quick_cache,1,7.345479
string128,ahash,128,get-miss,lru,1,7.540435
string128,ahash,128,get-miss,hashlink,1,7.172610
string128,ahash,128,get-miss,micro,1,7.482910
string128,ahash,128,get-miss,quick_cache,2,7.397563
string128,ahash,128,get-miss,lru,2,7.617352
string128,ahash,128,get-miss,hashlink,2,7.233662
string128,ahash,128,get-miss,micro,2,7.430928
string128,ahash,128,get-miss,baseline,2,7.474627
string128,ahash,128,get-miss,lru,3,7.860118
string128,ahash,128,get-miss,hashlink,3,7.234361
string128,ahash,128,get-miss,micro,3,7.680468
string128,ahash,128,get-miss,baseline,3,7.425537
string128,ahash,128,get-miss,quick_cache,3,7.508881
string128,ahash,128,get-miss,hashlink,4,8.437070
string128,ahash,128,get-miss,micro,4,7.372537
string128,ahash,128,get-miss,baseline,4,7.384236
string128,ahash,128,get-miss,quick_cache,4,7.306169
string128,ahash,128,get-miss,lru,4,7.696894
string128,ahash,128,update,micro,0,23.066841
string128,ahash,128,update,baseline,0,22.637458
string128,ahash,128,update,quick_cache,0,41.373359
string128,ahash,128,update,lru,0,24.208702
string128,ahash,128,update,hashlink,0,23.290001
string128,ahash,128,update,baseline,1,23.181915
string128,ahash,128,update,quick_cache,1,40.072131
string128,ahash,128,update,lru,1,23.940086
string128,ahash,128,update,hashlink,1,23.994759
string128,ahash,128,update,micro,1,22.691614
string128,ahash,128,update,quick_cache,2,41.376194
string128,ahash,128,update,lru,2,24.506632
string128,ahash,128,update,hashlink,2,23.993492
string128,ahash,128,update,micro,2,22.802016
string128,ahash,128,update,baseline,2,23.445450
string128,ahash,128,update,lru,3,28.245972
string128,ahash,128,update,hashlink,3,23.804665
string128,ahash,128,update,micro,3,23.683548
string128,ahash,128,update,baseline,3,23.793541
string128,ahash,128,update,quick_cache,3,42.982313
string128,ahash,128,update,hashlink,4,24.546305
string128,ahash,128,update,micro,4,22.804407
string128,ahash,128,update,baseline,4,22.794240
string128,ahash,128,update,quick_cache,4,39.402771
string128,ahash,128,update,lru,4,23.595490
string128,ahash,128,insert-cycle,micro,0,53.631421
string128,ahash,128,insert-cycle,baseline,0,49.561577
string128,ahash,128,insert-cycle,quick_cache,0,38.107079
string128,ahash,128,insert-cycle,lru,0,65.708843
string128,ahash,128,insert-cycle,hashlink,0,58.906191
string128,ahash,128,insert-cycle,baseline,1,50.524481
string128,ahash,128,insert-cycle,quick_cache,1,37.393424
string128,ahash,128,insert-cycle,lru,1,69.391804
string128,ahash,128,insert-cycle,hashlink,1,62.551072
string128,ahash,128,insert-cycle,micro,1,49.521756
string128,ahash,128,insert-cycle,quick_cache,2,37.741585
string128,ahash,128,insert-cycle,lru,2,72.902514
string128,ahash,128,insert-cycle,hashlink,2,57.556545
string128,ahash,128,insert-cycle,micro,2,51.096858
string128,ahash,128,insert-cycle,baseline,2,49.968833
string128,ahash,128,insert-cycle,lru,3,69.944359
string128,ahash,128,insert-cycle,hashlink,3,64.237001
string128,ahash,128,insert-cycle,micro,3,49.553336
string128,ahash,128,insert-cycle,baseline,3,51.388220
string128,ahash,128,insert-cycle,quick_cache,3,38.080662
string128,ahash,128,insert-cycle,hashlink,4,61.149597
string128,ahash,128,insert-cycle,micro,4,52.583292
string128,ahash,128,insert-cycle,baseline,4,56.773438
string128,ahash,128,insert-cycle,quick_cache,4,39.628312
string128,ahash,128,insert-cycle,lru,4,71.746570
string128,ahash,128,mixed-95,micro,0,16.868651
string128,ahash,128,mixed-95,baseline,0,16.680002
string128,ahash,128,mixed-95,quick_cache,0,19.111991
string128,ahash,128,mixed-95,lru,0,17.699659
string128,ahash,128,mixed-95,hashlink,0,17.508388
string128,ahash,128,mixed-95,baseline,1,16.243061
string128,ahash,128,mixed-95,quick_cache,1,19.461949
string128,ahash,128,mixed-95,lru,1,17.574389
string128,ahash,128,mixed-95,hashlink,1,17.325362
string128,ahash,128,mixed-95,micro,1,15.953124
string128,ahash,128,mixed-95,quick_cache,2,19.922714
string128,ahash,128,mixed-95,lru,2,19.280195
string128,ahash,128,mixed-95,hashlink,2,18.948694
string128,ahash,128,mixed-95,micro,2,16.219298
string128,ahash,128,mixed-95,baseline,2,16.670147
string128,ahash,128,mixed-95,lru,3,17.827610
string128,ahash,128,mixed-95,hashlink,3,17.467698
string128,ahash,128,mixed-95,micro,3,16.089102
string128,ahash,128,mixed-95,baseline,3,16.719679
string128,ahash,128,mixed-95,quick_cache,3,18.963536
string128,ahash,128,mixed-95,hashlink,4,18.111905
string128,ahash,128,mixed-95,micro,4,16.052942
string128,ahash,128,mixed-95,baseline,4,16.241292
string128,ahash,128,mixed-95,quick_cache,4,19.366960
string128,ahash,128,mixed-95,lru,4,17.694771
string128,ahash,128,load-hit,micro,0,12.640419
string128,ahash,128,load-hit,baseline,0,23.379646
string128,ahash,128,load-hit,quick_cache,0,13.256252
string128,ahash,128,load-hit,lru,0,12.829308
string128,ahash,128,load-hit,hashlink,0,11.288885
string128,ahash,128,load-hit,baseline,1,23.198448
string128,ahash,128,load-hit,quick_cache,1,13.583338
string128,ahash,128,load-hit,lru,1,13.157253
string128,ahash,128,load-hit,hashlink,1,11.959280
string128,ahash,128,load-hit,micro,1,12.578328
string128,ahash,128,load-hit,quick_cache,2,13.326734
string128,ahash,128,load-hit,lru,2,13.244991
string128,ahash,128,load-hit,hashlink,2,12.465922
string128,ahash,128,load-hit,micro,2,12.527804
string128,ahash,128,load-hit,baseline,2,23.352943
string128,ahash,128,load-hit,lru,3,13.409389
string128,ahash,128,load-hit,hashlink,3,11.517368
string128,ahash,128,load-hit,micro,3,13.238817
string128,ahash,128,load-hit,baseline,3,23.532867
string128,ahash,128,load-hit,quick_cache,3,13.917146
string128,ahash,128,load-hit,hashlink,4,11.504494
string128,ahash,128,load-hit,micro,4,13.042228
string128,ahash,128,load-hit,baseline,4,23.450851
string128,ahash,128,load-hit,quick_cache,4,13.812785
string128,ahash,128,load-hit,lru,4,13.111843
string128,ahash,128,load-cycle,micro,0,48.638356
string128,ahash,128,load-cycle,baseline,0,52.721237
string128,ahash,128,load-cycle,quick_cache,0,25.827996
string128,ahash,128,load-cycle,lru,0,73.743784
string128,ahash,128,load-cycle,hashlink,0,66.684615
string128,ahash,128,load-cycle,baseline,1,54.784864
string128,ahash,128,load-cycle,quick_cache,1,24.760186
string128,ahash,128,load-cycle,lru,1,64.127604
string128,ahash,128,load-cycle,hashlink,1,63.732188
string128,ahash,128,load-cycle,micro,1,49.562945
string128,ahash,128,load-cycle,quick_cache,2,25.091538
string128,ahash,128,load-cycle,lru,2,62.162430
string128,ahash,128,load-cycle,hashlink,2,62.649788
string128,ahash,128,load-cycle,micro,2,49.528613
string128,ahash,128,load-cycle,baseline,2,54.971178
string128,ahash,128,load-cycle,lru,3,65.496072
string128,ahash,128,load-cycle,hashlink,3,64.787638
string128,ahash,128,load-cycle,micro,3,48.427282
string128,ahash,128,load-cycle,baseline,3,53.819936
string128,ahash,128,load-cycle,quick_cache,3,24.902344
string128,ahash,128,load-cycle,hashlink,4,65.774310
string128,ahash,128,load-cycle,micro,4,50.281851
string128,ahash,128,load-cycle,baseline,4,52.950662
string128,ahash,128,load-cycle,quick_cache,4,24.785346
string128,ahash,128,load-cycle,lru,4,64.618561
string128,ahash,128,clear-refill,micro,0,2884.975962
string128,ahash,128,clear-refill,baseline,0,2884.526417
string128,ahash,128,clear-refill,quick_cache,0,3335.277778
string128,ahash,128,clear-refill,lru,0,6702.845982
string128,ahash,128,clear-refill,hashlink,0,3971.781746
string128,ahash,128,clear-refill,baseline,1,2867.319962
string128,ahash,128,clear-refill,quick_cache,1,3131.300313
string128,ahash,128,clear-refill,lru,1,6687.454343
string128,ahash,128,clear-refill,hashlink,1,4002.722667
string128,ahash,128,clear-refill,micro,1,2936.602740
string128,ahash,128,clear-refill,quick_cache,2,3081.665298
string128,ahash,128,clear-refill,lru,2,6764.826577
string128,ahash,128,clear-refill,hashlink,2,4061.343708
string128,ahash,128,clear-refill,micro,2,2871.012440
string128,ahash,128,clear-refill,baseline,2,2879.558541
string128,ahash,128,clear-refill,lru,3,6794.683258
string128,ahash,128,clear-refill,hashlink,3,4067.468835
string128,ahash,128,clear-refill,micro,3,2953.288386
string128,ahash,128,clear-refill,baseline,3,2927.032195
string128,ahash,128,clear-refill,quick_cache,3,3253.160347
string128,ahash,128,clear-refill,hashlink,4,4021.447721
string128,ahash,128,clear-refill,micro,4,2872.966507
string128,ahash,128,clear-refill,baseline,4,2863.390267
string128,ahash,128,clear-refill,quick_cache,4,2962.117473
string128,ahash,128,clear-refill,lru,4,7117.791469
string128,ahash,128,clear-empty,micro,0,47.817153
string128,ahash,128,clear-empty,baseline,0,47.848916
string128,ahash,128,clear-empty,quick_cache,0,3.959313
string128,ahash,128,clear-empty,lru,0,2.141159
string128,ahash,128,clear-empty,hashlink,0,0.607284
string128,ahash,128,clear-empty,baseline,1,47.665650
string128,ahash,128,clear-empty,quick_cache,1,3.955797
string128,ahash,128,clear-empty,lru,1,2.137195
string128,ahash,128,clear-empty,hashlink,1,0.607764
string128,ahash,128,clear-empty,micro,1,47.489135
string128,ahash,128,clear-empty,quick_cache,2,3.985278
string128,ahash,128,clear-empty,lru,2,2.137945
string128,ahash,128,clear-empty,hashlink,2,0.609494
string128,ahash,128,clear-empty,micro,2,48.289609
string128,ahash,128,clear-empty,baseline,2,48.276202
string128,ahash,128,clear-empty,lru,3,2.183167
string128,ahash,128,clear-empty,hashlink,3,0.610106
string128,ahash,128,clear-empty,micro,3,48.363297
string128,ahash,128,clear-empty,baseline,3,48.569861
string128,ahash,128,clear-empty,quick_cache,3,4.131601
string128,ahash,128,clear-empty,hashlink,4,0.612489
string128,ahash,128,clear-empty,micro,4,41.840428
string128,ahash,128,clear-empty,baseline,4,42.119946
string128,ahash,128,clear-empty,quick_cache,4,3.971718
string128,ahash,128,clear-empty,lru,4,2.151593
string128,ahash,128,iter-dense,micro,0,39.290506
string128,ahash,128,iter-dense,baseline,0,38.690775
string128,ahash,128,iter-dense,quick_cache,0,29.928802
string128,ahash,128,iter-dense,lru,0,137.385981
string128,ahash,128,iter-dense,hashlink,0,134.832974
string128,ahash,128,iter-dense,baseline,1,39.263152
string128,ahash,128,iter-dense,quick_cache,1,29.743843
string128,ahash,128,iter-dense,lru,1,137.253701
string128,ahash,128,iter-dense,hashlink,1,132.450212
string128,ahash,128,iter-dense,micro,1,38.460598
string128,ahash,128,iter-dense,quick_cache,2,30.272492
string128,ahash,128,iter-dense,lru,2,126.260010
string128,ahash,128,iter-dense,hashlink,2,126.632465
string128,ahash,128,iter-dense,micro,2,37.697062
string128,ahash,128,iter-dense,baseline,2,38.159989
string128,ahash,128,iter-dense,lru,3,140.352077
string128,ahash,128,iter-dense,hashlink,3,155.053357
string128,ahash,128,iter-dense,micro,3,38.185070
string128,ahash,128,iter-dense,baseline,3,38.580247
string128,ahash,128,iter-dense,quick_cache,3,29.893957
string128,ahash,128,iter-dense,hashlink,4,141.773650
string128,ahash,128,iter-dense,micro,4,41.857910
string128,ahash,128,iter-dense,baseline,4,38.516530
string128,ahash,128,iter-dense,quick_cache,4,29.633099
string128,ahash,128,iter-dense,lru,4,135.814264
string128,ahash,128,iter-dense-for,micro,0,38.369374
string128,ahash,128,iter-dense-for,baseline,0,39.467487
string128,ahash,128,iter-dense-for,quick_cache,0,71.011331
string128,ahash,128,iter-dense-for,lru,0,79.243428
string128,ahash,128,iter-dense-for,hashlink,0,71.239599
string128,ahash,128,iter-dense-for,baseline,1,38.117696
string128,ahash,128,iter-dense-for,quick_cache,1,41.577744
string128,ahash,128,iter-dense-for,lru,1,84.261062
string128,ahash,128,iter-dense-for,hashlink,1,69.055481
string128,ahash,128,iter-dense-for,micro,1,37.967067
string128,ahash,128,iter-dense-for,quick_cache,2,70.336905
string128,ahash,128,iter-dense-for,lru,2,80.854876
string128,ahash,128,iter-dense-for,hashlink,2,73.389427
string128,ahash,128,iter-dense-for,micro,2,38.106969
string128,ahash,128,iter-dense-for,baseline,2,37.903572
string128,ahash,128,iter-dense-for,lru,3,80.721332
string128,ahash,128,iter-dense-for,hashlink,3,72.373143
string128,ahash,128,iter-dense-for,micro,3,38.340658
string128,ahash,128,iter-dense-for,baseline,3,38.223285
string128,ahash,128,iter-dense-for,quick_cache,3,39.876648
string128,ahash,128,iter-dense-for,hashlink,4,69.476273
string128,ahash,128,iter-dense-for,micro,4,37.492303
string128,ahash,128,iter-dense-for,baseline,4,38.465930
string128,ahash,128,iter-dense-for,quick_cache,4,51.806371
string128,ahash,128,iter-dense-for,lru,4,84.934981
string128,ahash,128,iter-density-1pct,micro,0,36.048335
string128,ahash,128,iter-density-1pct,baseline,0,37.172879
string128,ahash,128,iter-density-1pct,quick_cache,0,27.002853
string128,ahash,128,iter-density-1pct,lru,0,1.301541
string128,ahash,128,iter-density-1pct,hashlink,0,1.262830
string128,ahash,128,iter-density-1pct,baseline,1,39.333945
string128,ahash,128,iter-density-1pct,quick_cache,1,21.880776
string128,ahash,128,iter-density-1pct,lru,1,1.312492
string128,ahash,128,iter-density-1pct,hashlink,1,1.250567
string128,ahash,128,iter-density-1pct,micro,1,38.490032
string128,ahash,128,iter-density-1pct,quick_cache,2,22.514409
string128,ahash,128,iter-density-1pct,lru,2,1.305092
string128,ahash,128,iter-density-1pct,hashlink,2,1.271324
string128,ahash,128,iter-density-1pct,micro,2,38.782478
string128,ahash,128,iter-density-1pct,baseline,2,38.039326
string128,ahash,128,iter-density-1pct,lru,3,1.293907
string128,ahash,128,iter-density-1pct,hashlink,3,1.298369
string128,ahash,128,iter-density-1pct,micro,3,38.600414
string128,ahash,128,iter-density-1pct,baseline,3,38.634374
string128,ahash,128,iter-density-1pct,quick_cache,3,22.323906
string128,ahash,128,iter-density-1pct,hashlink,4,1.291269
string128,ahash,128,iter-density-1pct,micro,4,39.470223
string128,ahash,128,iter-density-1pct,baseline,4,38.269031
string128,ahash,128,iter-density-1pct,quick_cache,4,22.443327
string128,ahash,128,iter-density-1pct,lru,4,1.340703
string128,ahash,128,iter-density-6pct,micro,0,37.465466
string128,ahash,128,iter-density-6pct,baseline,0,36.422919
string128,ahash,128,iter-density-6pct,quick_cache,0,25.328024
string128,ahash,128,iter-density-6pct,lru,0,3.456015
string128,ahash,128,iter-density-6pct,hashlink,0,3.160272
string128,ahash,128,iter-density-6pct,baseline,1,35.817239
string128,ahash,128,iter-density-6pct,quick_cache,1,23.214417
string128,ahash,128,iter-density-6pct,lru,1,3.560577
string128,ahash,128,iter-density-6pct,hashlink,1,3.214339
string128,ahash,128,iter-density-6pct,micro,1,36.139210
string128,ahash,128,iter-density-6pct,quick_cache,2,23.411493
string128,ahash,128,iter-density-6pct,lru,2,3.549523
string128,ahash,128,iter-density-6pct,hashlink,2,3.171345
string128,ahash,128,iter-density-6pct,micro,2,37.690816
string128,ahash,128,iter-density-6pct,baseline,2,35.908273
string128,ahash,128,iter-density-6pct,lru,3,3.574202
string128,ahash,128,iter-density-6pct,hashlink,3,3.164751
string128,ahash,128,iter-density-6pct,micro,3,36.448722
string128,ahash,128,iter-density-6pct,baseline,3,39.018610
string128,ahash,128,iter-density-6pct,quick_cache,3,23.869431
string128,ahash,128,iter-density-6pct,hashlink,4,3.221871
string128,ahash,128,iter-density-6pct,micro,4,36.528340
string128,ahash,128,iter-density-6pct,baseline,4,36.983789
string128,ahash,128,iter-density-6pct,quick_cache,4,24.321093
string128,ahash,128,iter-density-6pct,lru,4,4.246043
string128,ahash,128,iter-density-quarter,micro,0,41.279833
string128,ahash,128,iter-density-quarter,baseline,0,38.425333
string128,ahash,128,iter-density-quarter,quick_cache,0,26.109475
string128,ahash,128,iter-density-quarter,lru,0,18.926202
string128,ahash,128,iter-density-quarter,hashlink,0,19.408889
string128,ahash,128,iter-density-quarter,baseline,1,36.626697
string128,ahash,128,iter-density-quarter,quick_cache,1,25.512330
string128,ahash,128,iter-density-quarter,lru,1,19.148814
string128,ahash,128,iter-density-quarter,hashlink,1,18.912250
string128,ahash,128,iter-density-quarter,micro,1,37.706486
string128,ahash,128,iter-density-quarter,quick_cache,2,22.373710
string128,ahash,128,iter-density-quarter,lru,2,19.263984
string128,ahash,128,iter-density-quarter,hashlink,2,19.099167
string128,ahash,128,iter-density-quarter,micro,2,37.247753
string128,ahash,128,iter-density-quarter,baseline,2,37.764083
string128,ahash,128,iter-density-quarter,lru,3,19.163941
string128,ahash,128,iter-density-quarter,hashlink,3,17.974543
string128,ahash,128,iter-density-quarter,micro,3,36.323131
string128,ahash,128,iter-density-quarter,baseline,3,37.156324
string128,ahash,128,iter-density-quarter,quick_cache,3,22.629473
string128,ahash,128,iter-density-quarter,hashlink,4,18.992961
string128,ahash,128,iter-density-quarter,micro,4,37.228005
string128,ahash,128,iter-density-quarter,baseline,4,38.715744
string128,ahash,128,iter-density-quarter,quick_cache,4,22.985176
string128,ahash,128,iter-density-quarter,lru,4,19.487944
string128,ahash,128,iter-density-half,micro,0,64.423613
string128,ahash,128,iter-density-half,baseline,0,64.351686
string128,ahash,128,iter-density-half,quick_cache,0,25.227552
string128,ahash,128,iter-density-half,lru,0,56.365967
string128,ahash,128,iter-density-half,hashlink,0,53.827928
string128,ahash,128,iter-density-half,baseline,1,60.836515
string128,ahash,128,iter-density-half,quick_cache,1,24.596463
string128,ahash,128,iter-density-half,lru,1,50.817954
string128,ahash,128,iter-density-half,hashlink,1,52.859886
string128,ahash,128,iter-density-half,micro,1,63.596398
string128,ahash,128,iter-density-half,quick_cache,2,25.039286
string128,ahash,128,iter-density-half,lru,2,51.684244
string128,ahash,128,iter-density-half,hashlink,2,51.873047
string128,ahash,128,iter-density-half,micro,2,65.398361
string128,ahash,128,iter-density-half,baseline,2,63.854386
string128,ahash,128,iter-density-half,lru,3,51.102691
string128,ahash,128,iter-density-half,hashlink,3,51.059812
string128,ahash,128,iter-density-half,micro,3,63.808291
string128,ahash,128,iter-density-half,baseline,3,64.742042
string128,ahash,128,iter-density-half,quick_cache,3,25.527643
string128,ahash,128,iter-density-half,hashlink,4,51.972907
string128,ahash,128,iter-density-half,micro,4,64.261695
string128,ahash,128,iter-density-half,baseline,4,63.688859
string128,ahash,128,iter-density-half,quick_cache,4,24.819539
string128,ahash,128,iter-density-half,lru,4,53.158819
string128,ahash,128,iter-front,micro,0,37.752554
string128,ahash,128,iter-front,baseline,0,37.458687
string128,ahash,128,iter-front,quick_cache,0,22.365577
string128,ahash,128,iter-front,lru,0,1.230267
string128,ahash,128,iter-front,hashlink,0,1.203821
string128,ahash,128,iter-front,baseline,1,39.220972
string128,ahash,128,iter-front,quick_cache,1,23.149113
string128,ahash,128,iter-front,lru,1,1.193006
string128,ahash,128,iter-front,hashlink,1,1.233504
string128,ahash,128,iter-front,micro,1,42.242047
string128,ahash,128,iter-front,quick_cache,2,26.917196
string128,ahash,128,iter-front,lru,2,1.245980
string128,ahash,128,iter-front,hashlink,2,1.210740
string128,ahash,128,iter-front,micro,2,39.146764
string128,ahash,128,iter-front,baseline,2,45.050457
string128,ahash,128,iter-front,lru,3,1.896967
string128,ahash,128,iter-front,hashlink,3,1.300007
string128,ahash,128,iter-front,micro,3,44.132971
string128,ahash,128,iter-front,baseline,3,37.918368
string128,ahash,128,iter-front,quick_cache,3,30.455383
string128,ahash,128,iter-front,hashlink,4,1.161897
string128,ahash,128,iter-front,micro,4,39.392398
string128,ahash,128,iter-front,baseline,4,37.350246
string128,ahash,128,iter-front,quick_cache,4,30.720542
string128,ahash,128,iter-front,lru,4,1.194511
string128,ahash,128,iter-back,micro,0,39.199676
string128,ahash,128,iter-back,baseline,0,39.188192
string128,ahash,128,iter-back,quick_cache,0,26.531692
string128,ahash,128,iter-back,lru,0,1.195745
string128,ahash,128,iter-back,hashlink,0,1.161063
string128,ahash,128,iter-back,baseline,1,38.800683
string128,ahash,128,iter-back,quick_cache,1,22.624012
string128,ahash,128,iter-back,lru,1,1.267800
string128,ahash,128,iter-back,hashlink,1,1.141108
string128,ahash,128,iter-back,micro,1,38.579918
string128,ahash,128,iter-back,quick_cache,2,22.247575
string128,ahash,128,iter-back,lru,2,1.183234
string128,ahash,128,iter-back,hashlink,2,1.157022
string128,ahash,128,iter-back,micro,2,39.273516
string128,ahash,128,iter-back,baseline,2,38.345693
string128,ahash,128,iter-back,lru,3,1.192323
string128,ahash,128,iter-back,hashlink,3,1.147308
string128,ahash,128,iter-back,micro,3,39.135317
string128,ahash,128,iter-back,baseline,3,39.852715
string128,ahash,128,iter-back,quick_cache,3,24.686792
string128,ahash,128,iter-back,hashlink,4,1.135923
string128,ahash,128,iter-back,micro,4,38.264573
string128,ahash,128,iter-back,baseline,4,38.372558
string128,ahash,128,iter-back,quick_cache,4,26.215666
string128,ahash,128,iter-back,lru,4,1.180701
string128,ahash,128,iter-empty,micro,0,37.713269
string128,ahash,128,iter-empty,baseline,0,36.582301
string128,ahash,128,iter-empty,quick_cache,0,22.397329
string128,ahash,128,iter-empty,lru,0,1.036954
string128,ahash,128,iter-empty,hashlink,0,1.075004
string128,ahash,128,iter-empty,baseline,1,38.938681
string128,ahash,128,iter-empty,quick_cache,1,26.195926
string128,ahash,128,iter-empty,lru,1,0.993356
string128,ahash,128,iter-empty,hashlink,1,1.021119
string128,ahash,128,iter-empty,micro,1,39.260430
string128,ahash,128,iter-empty,quick_cache,2,26.632251
string128,ahash,128,iter-empty,lru,2,1.003393
string128,ahash,128,iter-empty,hashlink,2,0.999637
string128,ahash,128,iter-empty,micro,2,37.857136
string128,ahash,128,iter-empty,baseline,2,38.200636
string128,ahash,128,iter-empty,lru,3,0.994568
string128,ahash,128,iter-empty,hashlink,3,0.992673
string128,ahash,128,iter-empty,micro,3,37.283064
string128,ahash,128,iter-empty,baseline,3,37.476269
string128,ahash,128,iter-empty,quick_cache,3,26.026853
string128,ahash,128,iter-empty,hashlink,4,0.997054
string128,ahash,128,iter-empty,micro,4,38.378684
string128,ahash,128,iter-empty,baseline,4,37.513550
string128,ahash,128,iter-empty,quick_cache,4,26.252003
string128,ahash,128,iter-empty,lru,4,0.980331
string128,ahash,128,iter-count,micro,0,37.219432
string128,ahash,128,iter-count,baseline,0,37.329668
string128,ahash,128,iter-count,quick_cache,0,55.064976
string128,ahash,128,iter-count,lru,0,0.399622
string128,ahash,128,iter-count,hashlink,0,0.398074
string128,ahash,128,iter-count,baseline,1,37.467652
string128,ahash,128,iter-count,quick_cache,1,57.763912
string128,ahash,128,iter-count,lru,1,0.392417
string128,ahash,128,iter-count,hashlink,1,0.401352
string128,ahash,128,iter-count,micro,1,37.484824
string128,ahash,128,iter-count,quick_cache,2,55.938430
string128,ahash,128,iter-count,lru,2,0.398480
string128,ahash,128,iter-count,hashlink,2,0.402118
string128,ahash,128,iter-count,micro,2,36.593215
string128,ahash,128,iter-count,baseline,2,35.594223
string128,ahash,128,iter-count,lru,3,0.394874
string128,ahash,128,iter-count,hashlink,3,0.395783
string128,ahash,128,iter-count,micro,3,36.775691
string128,ahash,128,iter-count,baseline,3,37.450492
string128,ahash,128,iter-count,quick_cache,3,53.268537
string128,ahash,128,iter-count,hashlink,4,0.398630
string128,ahash,128,iter-count,micro,4,36.394131
string128,ahash,128,iter-count,baseline,4,36.563291
string128,ahash,128,iter-count,quick_cache,4,54.597420
string128,ahash,128,iter-count,lru,4,0.400797
string128,ahash,1024,get-hit,micro,0,15.624156
string128,ahash,1024,get-hit,baseline,0,16.181174
string128,ahash,1024,get-hit,quick_cache,0,17.092391
string128,ahash,1024,get-hit,lru,0,20.636380
string128,ahash,1024,get-hit,hashlink,0,16.238892
string128,ahash,1024,get-hit,baseline,1,15.973962
string128,ahash,1024,get-hit,quick_cache,1,15.890544
string128,ahash,1024,get-hit,lru,1,18.271798
string128,ahash,1024,get-hit,hashlink,1,18.117269
string128,ahash,1024,get-hit,micro,1,15.368780
string128,ahash,1024,get-hit,quick_cache,2,15.803869
string128,ahash,1024,get-hit,lru,2,17.550026
string128,ahash,1024,get-hit,hashlink,2,16.550702
string128,ahash,1024,get-hit,micro,2,15.728846
string128,ahash,1024,get-hit,baseline,2,16.684099
string128,ahash,1024,get-hit,lru,3,18.516541
string128,ahash,1024,get-hit,hashlink,3,17.612758
string128,ahash,1024,get-hit,micro,3,16.774730
string128,ahash,1024,get-hit,baseline,3,17.057473
string128,ahash,1024,get-hit,quick_cache,3,15.532389
string128,ahash,1024,get-hit,hashlink,4,16.509792
string128,ahash,1024,get-hit,micro,4,15.844772
string128,ahash,1024,get-hit,baseline,4,15.895630
string128,ahash,1024,get-hit,quick_cache,4,15.880793
string128,ahash,1024,get-hit,lru,4,18.422186
string128,ahash,1024,get-miss,micro,0,8.435336
string128,ahash,1024,get-miss,baseline,0,8.481343
string128,ahash,1024,get-miss,quick_cache,0,8.529073
string128,ahash,1024,get-miss,lru,0,8.623935
string128,ahash,1024,get-miss,hashlink,0,8.492210
string128,ahash,1024,get-miss,baseline,1,8.653034
string128,ahash,1024,get-miss,quick_cache,1,8.777437
string128,ahash,1024,get-miss,lru,1,8.756121
string128,ahash,1024,get-miss,hashlink,1,8.520911
string128,ahash,1024,get-miss,micro,1,9.067317
string128,ahash,1024,get-miss,quick_cache,2,8.603709
string128,ahash,1024,get-miss,lru,2,8.766296
string128,ahash,1024,get-miss,hashlink,2,8.316040
string128,ahash,1024,get-miss,micro,2,8.631390
string128,ahash,1024,get-miss,baseline,2,8.506545
string128,ahash,1024,get-miss,lru,3,8.742074
string128,ahash,1024,get-miss,hashlink,3,8.531557
string128,ahash,1024,get-miss,micro,3,8.765811
string128,ahash,1024,get-miss,baseline,3,8.636829
string128,ahash,1024,get-miss,quick_cache,3,8.698691
string128,ahash,1024,get-miss,hashlink,4,8.639313
string128,ahash,1024,get-miss,micro,4,8.678228
string128,ahash,1024,get-miss,baseline,4,8.657292
string128,ahash,1024,get-miss,quick_cache,4,8.757214
string128,ahash,1024,get-miss,lru,4,8.336154
string128,ahash,1024,update,micro,0,32.206645
string128,ahash,1024,update,baseline,0,28.963135
string128,ahash,1024,update,quick_cache,0,43.395996
string128,ahash,1024,update,lru,0,29.904100
string128,ahash,1024,update,hashlink,0,30.128277
string128,ahash,1024,update,baseline,1,29.460421
string128,ahash,1024,update,quick_cache,1,44.963691
string128,ahash,1024,update,lru,1,30.920247
string128,ahash,1024,update,hashlink,1,30.177584
string128,ahash,1024,update,micro,1,31.032856
string128,ahash,1024,update,quick_cache,2,44.799805
string128,ahash,1024,update,lru,2,31.425059
string128,ahash,1024,update,hashlink,2,30.318434
string128,ahash,1024,update,micro,2,29.539842
string128,ahash,1024,update,baseline,2,29.159931
string128,ahash,1024,update,lru,3,30.547251
string128,ahash,1024,update,hashlink,3,30.286743
string128,ahash,1024,update,micro,3,29.268705
string128,ahash,1024,update,baseline,3,29.424420
string128,ahash,1024,update,quick_cache,3,44.050998
string128,ahash,1024,update,hashlink,4,29.513634
string128,ahash,1024,update,micro,4,29.359469
string128,ahash,1024,update,baseline,4,29.312134
string128,ahash,1024,update,quick_cache,4,43.059733
string128,ahash,1024,update,lru,4,31.620870
string128,ahash,1024,insert-cycle,micro,0,55.316696
string128,ahash,1024,insert-cycle,baseline,0,54.471228
string128,ahash,1024,insert-cycle,quick_cache,0,35.164969
string128,ahash,1024,insert-cycle,lru,0,74.701953
string128,ahash,1024,insert-cycle,hashlink,0,65.426142
string128,ahash,1024,insert-cycle,baseline,1,55.912724
string128,ahash,1024,insert-cycle,quick_cache,1,35.269601
string128,ahash,1024,insert-cycle,lru,1,71.187337
string128,ahash,1024,insert-cycle,hashlink,1,68.289085
string128,ahash,1024,insert-cycle,micro,1,57.418419
string128,ahash,1024,insert-cycle,quick_cache,2,36.423590
string128,ahash,1024,insert-cycle,lru,2,71.819964
string128,ahash,1024,insert-cycle,hashlink,2,63.252767
string128,ahash,1024,insert-cycle,micro,2,56.365967
string128,ahash,1024,insert-cycle,baseline,2,55.818522
string128,ahash,1024,insert-cycle,lru,3,71.168945
string128,ahash,1024,insert-cycle,hashlink,3,65.995818
string128,ahash,1024,insert-cycle,micro,3,55.176541
string128,ahash,1024,insert-cycle,baseline,3,55.826823
string128,ahash,1024,insert-cycle,quick_cache,3,36.503489
string128,ahash,1024,insert-cycle,hashlink,4,63.235799
string128,ahash,1024,insert-cycle,micro,4,55.087619
string128,ahash,1024,insert-cycle,baseline,4,54.007394
string128,ahash,1024,insert-cycle,quick_cache,4,35.731874
string128,ahash,1024,insert-cycle,lru,4,74.582935
string128,ahash,1024,mixed-95,micro,0,19.762436
string128,ahash,1024,mixed-95,baseline,0,20.172477
string128,ahash,1024,mixed-95,quick_cache,0,24.099926
string128,ahash,1024,mixed-95,lru,0,22.337218
string128,ahash,1024,mixed-95,hashlink,0,20.946602
string128,ahash,1024,mixed-95,baseline,1,19.837955
string128,ahash,1024,mixed-95,quick_cache,1,23.805380
string128,ahash,1024,mixed-95,lru,1,22.466680
string128,ahash,1024,mixed-95,hashlink,1,21.802684
string128,ahash,1024,mixed-95,micro,1,21.022300
string128,ahash,1024,mixed-95,quick_cache,2,23.883005
string128,ahash,1024,mixed-95,lru,2,24.251858
string128,ahash,1024,mixed-95,hashlink,2,24.632056
string128,ahash,1024,mixed-95,micro,2,20.423293
string128,ahash,1024,mixed-95,baseline,2,20.384292
string128,ahash,1024,mixed-95,lru,3,22.147596
string128,ahash,1024,mixed-95,hashlink,3,21.928072
string128,ahash,1024,mixed-95,micro,3,21.024307
string128,ahash,1024,mixed-95,baseline,3,20.295044
string128,ahash,1024,mixed-95,quick_cache,3,22.777835
string128,ahash,1024,mixed-95,hashlink,4,21.066268
string128,ahash,1024,mixed-95,micro,4,20.313004
string128,ahash,1024,mixed-95,baseline,4,20.820955
string128,ahash,1024,mixed-95,quick_cache,4,24.076084
string128,ahash,1024,mixed-95,lru,4,21.806379
string128,ahash,1024,load-hit,micro,0,17.666045
string128,ahash,1024,load-hit,baseline,0,30.169753
string128,ahash,1024,load-hit,quick_cache,0,18.071004
string128,ahash,1024,load-hit,lru,0,18.771619
string128,ahash,1024,load-hit,hashlink,0,17.414207
string128,ahash,1024,load-hit,baseline,1,31.515757
string128,ahash,1024,load-hit,quick_cache,1,19.413728
string128,ahash,1024,load-hit,lru,1,19.946713
string128,ahash,1024,load-hit,hashlink,1,18.219721
string128,ahash,1024,load-hit,micro,1,19.184363
string128,ahash,1024,load-hit,quick_cache,2,19.295680
string128,ahash,1024,load-hit,lru,2,20.378961
string128,ahash,1024,load-hit,hashlink,2,18.034680
string128,ahash,1024,load-hit,micro,2,18.929291
string128,ahash,1024,load-hit,baseline,2,33.853704
string128,ahash,1024,load-hit,lru,3,19.439697
string128,ahash,1024,load-hit,hashlink,3,18.472034
string128,ahash,1024,load-hit,micro,3,18.802130
string128,ahash,1024,load-hit,baseline,3,31.717519
string128,ahash,1024,load-hit,quick_cache,3,19.512246
string128,ahash,1024,load-hit,hashlink,4,17.981393
string128,ahash,1024,load-hit,micro,4,18.926495
string128,ahash,1024,load-hit,baseline,4,32.722056
string128,ahash,1024,load-hit,quick_cache,4,19.293804
string128,ahash,1024,load-hit,lru,4,19.691329
string128,ahash,1024,load-cycle,micro,0,54.395128
string128,ahash,1024,load-cycle,baseline,0,59.457188
string128,ahash,1024,load-cycle,quick_cache,0,25.581097
string128,ahash,1024,load-cycle,lru,0,76.275635
string128,ahash,1024,load-cycle,hashlink,0,76.132202
string128,ahash,1024,load-cycle,baseline,1,60.577813
string128,ahash,1024,load-cycle,quick_cache,1,25.879626
string128,ahash,1024,load-cycle,lru,1,68.657160
string128,ahash,1024,load-cycle,hashlink,1,70.694196
string128,ahash,1024,load-cycle,micro,1,55.474175
string128,ahash,1024,load-cycle,quick_cache,2,25.907466
string128,ahash,1024,load-cycle,lru,2,73.788452
string128,ahash,1024,load-cycle,hashlink,2,70.943197
string128,ahash,1024,load-cycle,micro,2,54.703324
string128,ahash,1024,load-cycle,baseline,2,61.235209
string128,ahash,1024,load-cycle,lru,3,74.197388
string128,ahash,1024,load-cycle,hashlink,3,73.182106
string128,ahash,1024,load-cycle,micro,3,55.832086
string128,ahash,1024,load-cycle,baseline,3,57.586670
string128,ahash,1024,load-cycle,quick_cache,3,25.472008
string128,ahash,1024,load-cycle,hashlink,4,72.076707
string128,ahash,1024,load-cycle,micro,4,55.523148
string128,ahash,1024,load-cycle,baseline,4,60.700684
string128,ahash,1024,load-cycle,quick_cache,4,25.157864
string128,ahash,1024,load-cycle,lru,4,73.750806
string128,ahash,1024,clear-refill,micro,0,31327.260417
string128,ahash,1024,clear-refill,baseline,0,30582.070707
string128,ahash,1024,clear-refill,quick_cache,0,33567.588889
string128,ahash,1024,clear-refill,lru,0,70104.651163
string128,ahash,1024,clear-refill,hashlink,0,41104.729730
string128,ahash,1024,clear-refill,baseline,1,31333.770833
string128,ahash,1024,clear-refill,quick_cache,1,32101.063830
string128,ahash,1024,clear-refill,lru,1,72240.071429
string128,ahash,1024,clear-refill,hashlink,1,40933.000000
string128,ahash,1024,clear-refill,micro,1,66296.775510
string128,ahash,1024,clear-refill,quick_cache,2,35067.837209
string128,ahash,1024,clear-refill,lru,2,72471.214286
string128,ahash,1024,clear-refill,hashlink,2,42064.236111
string128,ahash,1024,clear-refill,micro,2,31625.442105
string128,ahash,1024,clear-refill,baseline,2,30537.454545
string128,ahash,1024,clear-refill,lru,3,72261.904762
string128,ahash,1024,clear-refill,hashlink,3,45060.328358
string128,ahash,1024,clear-refill,micro,3,31822.368421
string128,ahash,1024,clear-refill,baseline,3,31776.757895
string128,ahash,1024,clear-refill,quick_cache,3,31546.875000
string128,ahash,1024,clear-refill,hashlink,4,41918.972222
string128,ahash,1024,clear-refill,micro,4,32385.752688
string128,ahash,1024,clear-refill,baseline,4,29593.137255
string128,ahash,1024,clear-refill,quick_cache,4,33571.288889
string128,ahash,1024,clear-refill,lru,4,72124.000000
string128,ahash,1024,clear-empty,micro,0,47.673590
string128,ahash,1024,clear-empty,baseline,0,48.610214
string128,ahash,1024,clear-empty,quick_cache,0,3.970041
string128,ahash,1024,clear-empty,lru,0,2.147561
string128,ahash,1024,clear-empty,hashlink,0,0.615683
string128,ahash,1024,clear-empty,baseline,1,47.254993
string128,ahash,1024,clear-empty,quick_cache,1,3.966451
string128,ahash,1024,clear-empty,lru,1,2.136446
string128,ahash,1024,clear-empty,hashlink,1,0.618796
string128,ahash,1024,clear-empty,micro,1,47.264176
string128,ahash,1024,clear-empty,quick_cache,2,3.956017
string128,ahash,1024,clear-empty,lru,2,2.167480
string128,ahash,1024,clear-empty,hashlink,2,0.619450
string128,ahash,1024,clear-empty,micro,2,49.510071
string128,ahash,1024,clear-empty,baseline,2,48.628209
string128,ahash,1024,clear-empty,lru,3,2.176921
string128,ahash,1024,clear-empty,hashlink,3,0.616169
string128,ahash,1024,clear-empty,micro,3,48.616929
string128,ahash,1024,clear-empty,baseline,3,49.468190
string128,ahash,1024,clear-empty,quick_cache,3,4.057235
string128,ahash,1024,clear-empty,hashlink,4,0.608570
string128,ahash,1024,clear-empty,micro,4,47.270744
string128,ahash,1024,clear-empty,baseline,4,46.766699
string128,ahash,1024,clear-empty,quick_cache,4,3.981051
string128,ahash,1024,clear-empty,lru,4,2.181135
string128,ahash,1024,iter-dense,micro,0,277.482433
string128,ahash,1024,iter-dense,baseline,0,277.140210
string128,ahash,1024,iter-dense,quick_cache,0,255.921492
string128,ahash,1024,iter-dense,lru,0,1347.954018
string128,ahash,1024,iter-dense,hashlink,0,1270.182432
string128,ahash,1024,iter-dense,baseline,1,272.881086
string128,ahash,1024,iter-dense,quick_cache,1,248.908571
string128,ahash,1024,iter-dense,lru,1,1288.420377
string128,ahash,1024,iter-dense,hashlink,1,1258.610833
string128,ahash,1024,iter-dense,micro,1,271.867482
string128,ahash,1024,iter-dense,quick_cache,2,262.264316
string128,ahash,1024,iter-dense,lru,2,1278.733530
string128,ahash,1024,iter-dense,hashlink,2,1252.708333
string128,ahash,1024,iter-dense,micro,2,274.282712
string128,ahash,1024,iter-dense,baseline,2,278.765579
string128,ahash,1024,iter-dense,lru,3,1329.830546
string128,ahash,1024,iter-dense,hashlink,3,1225.818588
string128,ahash,1024,iter-dense,micro,3,276.397794
string128,ahash,1024,iter-dense,baseline,3,276.056985
string128,ahash,1024,iter-dense,quick_cache,3,261.035156
string128,ahash,1024,iter-dense,hashlink,4,1388.078125
string128,ahash,1024,iter-dense,micro,4,267.531784
string128,ahash,1024,iter-dense,baseline,4,271.700108
string128,ahash,1024,iter-dense,quick_cache,4,251.476625
string128,ahash,1024,iter-dense,lru,4,1316.080729
string128,ahash,1024,iter-dense-for,micro,0,278.885386
string128,ahash,1024,iter-dense-for,baseline,0,275.827206
string128,ahash,1024,iter-dense-for,quick_cache,0,513.639857
string128,ahash,1024,iter-dense-for,lru,0,767.329268
string128,ahash,1024,iter-dense-for,hashlink,0,904.597356
string128,ahash,1024,iter-dense-for,baseline,1,275.636913
string128,ahash,1024,iter-dense-for,quick_cache,1,271.552113
string128,ahash,1024,iter-dense-for,lru,1,788.044905
string128,ahash,1024,iter-dense-for,hashlink,1,917.703277
string128,ahash,1024,iter-dense-for,micro,1,276.133548
string128,ahash,1024,iter-dense-for,quick_cache,2,270.754593
string128,ahash,1024,iter-dense-for,lru,2,794.999206
string128,ahash,1024,iter-dense-for,hashlink,2,910.800971
string128,ahash,1024,iter-dense-for,micro,2,276.210110
string128,ahash,1024,iter-dense-for,baseline,2,279.792969
string128,ahash,1024,iter-dense-for,lru,3,786.404167
string128,ahash,1024,iter-dense-for,hashlink,3,954.032513
string128,ahash,1024,iter-dense-for,micro,3,274.198922
string128,ahash,1024,iter-dense-for,baseline,3,272.007065
string128,ahash,1024,iter-dense-for,quick_cache,3,507.376182
string128,ahash,1024,iter-dense-for,hashlink,4,998.323803
string128,ahash,1024,iter-dense-for,micro,4,277.940828
string128,ahash,1024,iter-dense-for,baseline,4,278.160411
string128,ahash,1024,iter-dense-for,quick_cache,4,266.333215
string128,ahash,1024,iter-dense-for,lru,4,762.033770
string128,ahash,1024,iter-density-1pct,micro,0,327.081446
string128,ahash,1024,iter-density-1pct,baseline,0,326.677700
string128,ahash,1024,iter-density-1pct,quick_cache,0,175.508645
string128,ahash,1024,iter-density-1pct,lru,0,4.393158
string128,ahash,1024,iter-density-1pct,hashlink,0,4.247906
string128,ahash,1024,iter-density-1pct,baseline,1,334.849330
string128,ahash,1024,iter-density-1pct,quick_cache,1,175.766620
string128,ahash,1024,iter-density-1pct,lru,1,4.271714
string128,ahash,1024,iter-density-1pct,hashlink,1,4.215932
string128,ahash,1024,iter-density-1pct,micro,1,308.953536
string128,ahash,1024,iter-density-1pct,quick_cache,2,203.198255
string128,ahash,1024,iter-density-1pct,lru,2,4.328376
string128,ahash,1024,iter-density-1pct,hashlink,2,4.261422
string128,ahash,1024,iter-density-1pct,micro,2,336.110103
string128,ahash,1024,iter-density-1pct,baseline,2,313.841242
string128,ahash,1024,iter-density-1pct,lru,3,4.324661
string128,ahash,1024,iter-density-1pct,hashlink,3,4.280626
string128,ahash,1024,iter-density-1pct,micro,3,328.947368
string128,ahash,1024,iter-density-1pct,baseline,3,315.862584
string128,ahash,1024,iter-density-1pct,quick_cache,3,188.279116
string128,ahash,1024,iter-density-1pct,hashlink,4,4.207739
string128,ahash,1024,iter-density-1pct,micro,4,336.772849
string128,ahash,1024,iter-density-1pct,baseline,4,339.077617
string128,ahash,1024,iter-density-1pct,quick_cache,4,173.398510
string128,ahash,1024,iter-density-1pct,lru,4,4.391695
string128,ahash,1024,iter-density-6pct,micro,0,299.957568
string128,ahash,1024,iter-density-6pct,baseline,0,298.462302
string128,ahash,1024,iter-density-6pct,quick_cache,0,179.470901
string128,ahash,1024,iter-density-6pct,lru,0,52.056583
string128,ahash,1024,iter-density-6pct,hashlink,0,52.385946
string128,ahash,1024,iter-density-6pct,baseline,1,289.162692
string128,ahash,1024,iter-density-6pct,quick_cache,1,204.833652
string128,ahash,1024,iter-density-6pct,lru,1,50.878747
string128,ahash,1024,iter-density-6pct,hashlink,1,50.302055
string128,ahash,1024,iter-density-6pct,micro,1,273.862700
string128,ahash,1024,iter-density-6pct,quick_cache,2,181.503324
string128,ahash,1024,iter-density-6pct,lru,2,50.025700
string128,ahash,1024,iter-density-6pct,hashlink,2,51.310483
string128,ahash,1024,iter-density-6pct,micro,2,297.282931
string128,ahash,1024,iter-density-6pct,baseline,2,295.204403
string128,ahash,1024,iter-density-6pct,lru,3,52.694154
string128,ahash,1024,iter-density-6pct,hashlink,3,49.659858
string128,ahash,1024,iter-density-6pct,micro,3,297.394185
string128,ahash,1024,iter-density-6pct,baseline,3,301.152644
string128,ahash,1024,iter-density-6pct,quick_cache,3,179.867098
string128,ahash,1024,iter-density-6pct,hashlink,4,51.440500
string128,ahash,1024,iter-density-6pct,micro,4,297.987004
string128,ahash,1024,iter-density-6pct,baseline,4,279.599144
string128,ahash,1024,iter-density-6pct,quick_cache,4,183.143616
string128,ahash,1024,iter-density-6pct,lru,4,51.353146
string128,ahash,1024,iter-density-quarter,micro,0,257.554945
string128,ahash,1024,iter-density-quarter,baseline,0,264.612676
string128,ahash,1024,iter-density-quarter,quick_cache,0,193.438595
string128,ahash,1024,iter-density-quarter,lru,0,293.672754
string128,ahash,1024,iter-density-quarter,hashlink,0,289.258750
string128,ahash,1024,iter-density-quarter,baseline,1,257.427226
string128,ahash,1024,iter-density-quarter,quick_cache,1,194.385158
string128,ahash,1024,iter-density-quarter,lru,1,302.238244
string128,ahash,1024,iter-density-quarter,hashlink,1,282.779556
string128,ahash,1024,iter-density-quarter,micro,1,257.644402
string128,ahash,1024,iter-density-quarter,quick_cache,2,194.780342
string128,ahash,1024,iter-density-quarter,lru,2,314.955642
string128,ahash,1024,iter-density-quarter,hashlink,2,288.902212
string128,ahash,1024,iter-density-quarter,micro,2,256.702527
string128,ahash,1024,iter-density-quarter,baseline,2,257.994935
string128,ahash,1024,iter-density-quarter,lru,3,294.446415
string128,ahash,1024,iter-density-quarter,hashlink,3,294.793299
string128,ahash,1024,iter-density-quarter,micro,3,256.652664
string128,ahash,1024,iter-density-quarter,baseline,3,263.744996
string128,ahash,1024,iter-density-quarter,quick_cache,3,194.742479
string128,ahash,1024,iter-density-quarter,hashlink,4,284.513068
string128,ahash,1024,iter-density-quarter,micro,4,254.117971
string128,ahash,1024,iter-density-quarter,baseline,4,261.395978
string128,ahash,1024,iter-density-quarter,quick_cache,4,200.434562
string128,ahash,1024,iter-density-quarter,lru,4,315.563024
string128,ahash,1024,iter-density-half,micro,0,496.141865
string128,ahash,1024,iter-density-half,baseline,0,476.674810
string128,ahash,1024,iter-density-half,quick_cache,0,194.325828
string128,ahash,1024,iter-density-half,lru,0,646.154324
string128,ahash,1024,iter-density-half,hashlink,0,623.542632
string128,ahash,1024,iter-density-half,baseline,1,469.531250
string128,ahash,1024,iter-density-half,quick_cache,1,194.285391
string128,ahash,1024,iter-density-half,lru,1,619.440584
string128,ahash,1024,iter-density-half,hashlink,1,615.732230
string128,ahash,1024,iter-density-half,micro,1,500.166223
string128,ahash,1024,iter-density-half,quick_cache,2,193.567461
string128,ahash,1024,iter-density-half,lru,2,606.191331
string128,ahash,1024,iter-density-half,hashlink,2,599.041401
string128,ahash,1024,iter-density-half,micro,2,501.198305
string128,ahash,1024,iter-density-half,baseline,2,497.905589
string128,ahash,1024,iter-density-half,lru,3,617.213199
string128,ahash,1024,iter-density-half,hashlink,3,608.825284
string128,ahash,1024,iter-density-half,micro,3,492.296466
string128,ahash,1024,iter-density-half,baseline,3,494.586020
string128,ahash,1024,iter-density-half,quick_cache,3,210.089835
string128,ahash,1024,iter-density-half,hashlink,4,681.536911
string128,ahash,1024,iter-density-half,micro,4,494.805428
string128,ahash,1024,iter-density-half,baseline,4,492.303338
string128,ahash,1024,iter-density-half,quick_cache,4,199.006356
string128,ahash,1024,iter-density-half,lru,4,646.529110
string128,ahash,1024,iter-front,micro,0,276.844487
string128,ahash,1024,iter-front,baseline,0,265.231462
string128,ahash,1024,iter-front,quick_cache,0,166.076715
string128,ahash,1024,iter-front,lru,0,1.197150
string128,ahash,1024,iter-front,hashlink,0,1.133204
string128,ahash,1024,iter-front,baseline,1,271.480582
string128,ahash,1024,iter-front,quick_cache,1,165.330161
string128,ahash,1024,iter-front,lru,1,1.196233
string128,ahash,1024,iter-front,hashlink,1,1.159956
string128,ahash,1024,iter-front,micro,1,262.973389
string128,ahash,1024,iter-front,quick_cache,2,168.626855
string128,ahash,1024,iter-front,lru,2,1.210771
string128,ahash,1024,iter-front,hashlink,2,1.140705
string128,ahash,1024,iter-front,micro,2,268.348214
string128,ahash,1024,iter-front,baseline,2,260.539670
string128,ahash,1024,iter-front,lru,3,1.220084
string128,ahash,1024,iter-front,hashlink,3,1.188379
string128,ahash,1024,iter-front,micro,3,266.288952
string128,ahash,1024,iter-front,baseline,3,261.958799
string128,ahash,1024,iter-front,quick_cache,3,165.188105
string128,ahash,1024,iter-front,hashlink,4,1.146354
string128,ahash,1024,iter-front,micro,4,265.728311
string128,ahash,1024,iter-front,baseline,4,261.392322
string128,ahash,1024,iter-front,quick_cache,4,165.684353
string128,ahash,1024,iter-front,lru,4,1.205478
string128,ahash,1024,iter-back,micro,0,271.205835
string128,ahash,1024,iter-back,baseline,0,272.116576
string128,ahash,1024,iter-back,quick_cache,0,169.085529
string128,ahash,1024,iter-back,lru,0,1.185748
string128,ahash,1024,iter-back,hashlink,0,1.167948
string128,ahash,1024,iter-back,baseline,1,268.043214
string128,ahash,1024,iter-back,quick_cache,1,165.233880
string128,ahash,1024,iter-back,lru,1,1.183936
string128,ahash,1024,iter-back,hashlink,1,1.159483
string128,ahash,1024,iter-back,micro,1,267.965000
string128,ahash,1024,iter-back,quick_cache,2,164.936621
string128,ahash,1024,iter-back,lru,2,1.186829
string128,ahash,1024,iter-back,hashlink,2,1.171978
string128,ahash,1024,iter-back,micro,2,267.131143
string128,ahash,1024,iter-back,baseline,2,264.992320
string128,ahash,1024,iter-back,lru,3,1.179987
string128,ahash,1024,iter-back,hashlink,3,1.154144
string128,ahash,1024,iter-back,micro,3,268.191964
string128,ahash,1024,iter-back,baseline,3,263.327206
string128,ahash,1024,iter-back,quick_cache,3,164.858853
string128,ahash,1024,iter-back,hashlink,4,1.162762
string128,ahash,1024,iter-back,micro,4,267.257212
string128,ahash,1024,iter-back,baseline,4,266.045503
string128,ahash,1024,iter-back,quick_cache,4,167.097587
string128,ahash,1024,iter-back,lru,4,1.185179
string128,ahash,1024,iter-empty,micro,0,265.143185
string128,ahash,1024,iter-empty,baseline,0,265.466896
string128,ahash,1024,iter-empty,quick_cache,0,168.975225
string128,ahash,1024,iter-empty,lru,0,1.013667
string128,ahash,1024,iter-empty,hashlink,0,1.002416
string128,ahash,1024,iter-empty,baseline,1,265.271893
string128,ahash,1024,iter-empty,quick_cache,1,166.740675
string128,ahash,1024,iter-empty,lru,1,0.989446
string128,ahash,1024,iter-empty,hashlink,1,0.995625
string128,ahash,1024,iter-empty,micro,1,265.304996
string128,ahash,1024,iter-empty,quick_cache,2,165.295830
string128,ahash,1024,iter-empty,lru,2,0.990533
string128,ahash,1024,iter-empty,hashlink,2,1.005394
string128,ahash,1024,iter-empty,micro,2,264.929820
string128,ahash,1024,iter-empty,baseline,2,261.522893
string128,ahash,1024,iter-empty,lru,3,0.991109
string128,ahash,1024,iter-empty,hashlink,3,1.001474
string128,ahash,1024,iter-empty,micro,3,263.796261
string128,ahash,1024,iter-empty,baseline,3,261.729631
string128,ahash,1024,iter-empty,quick_cache,3,165.571263
string128,ahash,1024,iter-empty,hashlink,4,0.995434
string128,ahash,1024,iter-empty,micro,4,263.902300
string128,ahash,1024,iter-empty,baseline,4,261.345143
string128,ahash,1024,iter-empty,quick_cache,4,167.223708
string128,ahash,1024,iter-empty,lru,4,1.004070
string128,ahash,1024,iter-count,micro,0,264.670139
string128,ahash,1024,iter-count,baseline,0,261.454687
string128,ahash,1024,iter-count,quick_cache,0,489.698730
string128,ahash,1024,iter-count,lru,0,0.402485
string128,ahash,1024,iter-count,hashlink,0,0.408601
string128,ahash,1024,iter-count,baseline,1,262.073264
string128,ahash,1024,iter-count,quick_cache,1,486.582031
string128,ahash,1024,iter-count,lru,1,0.396137
string128,ahash,1024,iter-count,hashlink,1,0.404009
string128,ahash,1024,iter-count,micro,1,262.832726
string128,ahash,1024,iter-count,quick_cache,2,485.872344
string128,ahash,1024,iter-count,lru,2,0.395730
string128,ahash,1024,iter-count,hashlink,2,0.398792
string128,ahash,1024,iter-count,micro,2,267.359908
string128,ahash,1024,iter-count,baseline,2,261.476476
string128,ahash,1024,iter-count,lru,3,0.395074
string128,ahash,1024,iter-count,hashlink,3,0.402256
string128,ahash,1024,iter-count,micro,3,258.456522
string128,ahash,1024,iter-count,baseline,3,247.083822
string128,ahash,1024,iter-count,quick_cache,3,466.008113
string128,ahash,1024,iter-count,hashlink,4,0.395042
string128,ahash,1024,iter-count,micro,4,268.721147
string128,ahash,1024,iter-count,baseline,4,252.164312
string128,ahash,1024,iter-count,quick_cache,4,468.380709
string128,ahash,1024,iter-count,lru,4,0.395570
string128,ahash,16384,get-hit,micro,0,21.039890
string128,ahash,16384,get-hit,baseline,0,21.229492
string128,ahash,16384,get-hit,quick_cache,0,22.694602
string128,ahash,16384,get-hit,lru,0,24.752474
string128,ahash,16384,get-hit,hashlink,0,21.895465
string128,ahash,16384,get-hit,baseline,1,21.333198
string128,ahash,16384,get-hit,quick_cache,1,22.148581
string128,ahash,16384,get-hit,lru,1,23.848534
string128,ahash,16384,get-hit,hashlink,1,23.562752
string128,ahash,16384,get-hit,micro,1,23.271240
string128,ahash,16384,get-hit,quick_cache,2,24.957657
string128,ahash,16384,get-hit,lru,2,25.086133
string128,ahash,16384,get-hit,hashlink,2,24.049759
string128,ahash,16384,get-hit,micro,2,23.553215
string128,ahash,16384,get-hit,baseline,2,23.273155
string128,ahash,16384,get-hit,lru,3,24.969824
string128,ahash,16384,get-hit,hashlink,3,24.244942
string128,ahash,16384,get-hit,micro,3,23.331001
string128,ahash,16384,get-hit,baseline,3,23.399040
string128,ahash,16384,get-hit,quick_cache,3,25.068831
string128,ahash,16384,get-hit,hashlink,4,24.249710
string128,ahash,16384,get-hit,micro,4,23.736641
string128,ahash,16384,get-hit,baseline,4,22.088142
string128,ahash,16384,get-hit,quick_cache,4,21.544211
string128,ahash,16384,get-hit,lru,4,22.937454
string128,ahash,16384,get-miss,micro,0,11.977657
string128,ahash,16384,get-miss,baseline,0,11.936145
string128,ahash,16384,get-miss,quick_cache,0,12.446594
string128,ahash,16384,get-miss,lru,0,12.960150
string128,ahash,16384,get-miss,hashlink,0,12.638137
string128,ahash,16384,get-miss,baseline,1,12.835272
string128,ahash,16384,get-miss,quick_cache,1,12.793002
string128,ahash,16384,get-miss,lru,1,12.885612
string128,ahash,16384,get-miss,hashlink,1,12.652344
string128,ahash,16384,get-miss,micro,1,12.821592
string128,ahash,16384,get-miss,quick_cache,2,12.971023
string128,ahash,16384,get-miss,lru,2,13.082747
string128,ahash,16384,get-miss,hashlink,2,12.727581
string128,ahash,16384,get-miss,micro,2,13.110025
string128,ahash,16384,get-miss,baseline,2,13.207393
string128,ahash,16384,get-miss,lru,3,13.084957
string128,ahash,16384,get-miss,hashlink,3,12.633402
string128,ahash,16384,get-miss,micro,3,12.889821
string128,ahash,16384,get-miss,baseline,3,12.787391
string128,ahash,16384,get-miss,quick_cache,3,12.768799
string128,ahash,16384,get-miss,hashlink,4,12.637434
string128,ahash,16384,get-miss,micro,4,12.902971
string128,ahash,16384,get-miss,baseline,4,12.822295
string128,ahash,16384,get-miss,quick_cache,4,12.947522
string128,ahash,16384,get-miss,lru,4,12.879470
string128,ahash,16384,update,micro,0,38.608301
string128,ahash,16384,update,baseline,0,39.368689
string128,ahash,16384,update,quick_cache,0,204.689026
string128,ahash,16384,update,lru,0,36.332098
string128,ahash,16384,update,hashlink,0,42.689006
string128,ahash,16384,update,baseline,1,38.459265
string128,ahash,16384,update,quick_cache,1,216.852844
string128,ahash,16384,update,lru,1,41.819255
string128,ahash,16384,update,hashlink,1,40.083313
string128,ahash,16384,update,micro,1,38.710022
string128,ahash,16384,update,quick_cache,2,176.010132
string128,ahash,16384,update,lru,2,36.579024
string128,ahash,16384,update,hashlink,2,36.601218
string128,ahash,16384,update,micro,2,35.639904
string128,ahash,16384,update,baseline,2,38.908386
string128,ahash,16384,update,lru,3,39.612317
string128,ahash,16384,update,hashlink,3,39.794421
string128,ahash,16384,update,micro,3,38.662207
string128,ahash,16384,update,baseline,3,37.361145
string128,ahash,16384,update,quick_cache,3,213.676453
string128,ahash,16384,update,hashlink,4,37.473547
string128,ahash,16384,update,micro,4,38.816833
string128,ahash,16384,update,baseline,4,35.361095
string128,ahash,16384,update,quick_cache,4,219.965576
string128,ahash,16384,update,lru,4,42.424520
string128,ahash,16384,insert-cycle,micro,0,56.029633
string128,ahash,16384,insert-cycle,baseline,0,53.946182
string128,ahash,16384,insert-cycle,quick_cache,0,52.442551
string128,ahash,16384,insert-cycle,lru,0,76.353073
string128,ahash,16384,insert-cycle,hashlink,0,68.269730
string128,ahash,16384,insert-cycle,baseline,1,55.941895
string128,ahash,16384,insert-cycle,quick_cache,1,52.048370
string128,ahash,16384,insert-cycle,lru,1,76.150253
string128,ahash,16384,insert-cycle,hashlink,1,72.011307
string128,ahash,16384,insert-cycle,micro,1,55.313110
string128,ahash,16384,insert-cycle,quick_cache,2,52.291229
string128,ahash,16384,insert-cycle,lru,2,75.974777
string128,ahash,16384,insert-cycle,hashlink,2,73.396057
string128,ahash,16384,insert-cycle,micro,2,53.349182
string128,ahash,16384,insert-cycle,baseline,2,53.717285
string128,ahash,16384,insert-cycle,lru,3,73.563889
string128,ahash,16384,insert-cycle,hashlink,3,68.989441
string128,ahash,16384,insert-cycle,micro,3,55.558533
string128,ahash,16384,insert-cycle,baseline,3,54.910034
string128,ahash,16384,insert-cycle,quick_cache,3,52.303314
string128,ahash,16384,insert-cycle,hashlink,4,69.077805
string128,ahash,16384,insert-cycle,micro,4,57.785034
string128,ahash,16384,insert-cycle,baseline,4,55.981949
string128,ahash,16384,insert-cycle,quick_cache,4,51.443100
string128,ahash,16384,insert-cycle,lru,4,76.499298
string128,ahash,16384,mixed-95,micro,0,27.776361
string128,ahash,16384,mixed-95,baseline,0,28.373957
string128,ahash,16384,mixed-95,quick_cache,0,27.563810
string128,ahash,16384,mixed-95,lru,0,26.643316
string128,ahash,16384,mixed-95,hashlink,0,26.109835
string128,ahash,16384,mixed-95,baseline,1,26.503722
string128,ahash,16384,mixed-95,quick_cache,1,30.845682
string128,ahash,16384,mixed-95,lru,1,26.423275
string128,ahash,16384,mixed-95,hashlink,1,26.739737
string128,ahash,16384,mixed-95,micro,1,26.215295
string128,ahash,16384,mixed-95,quick_cache,2,26.312470
string128,ahash,16384,mixed-95,lru,2,25.245627
string128,ahash,16384,mixed-95,hashlink,2,24.725536
string128,ahash,16384,mixed-95,micro,2,26.017209
string128,ahash,16384,mixed-95,baseline,2,26.529471
string128,ahash,16384,mixed-95,lru,3,27.070045
string128,ahash,16384,mixed-95,hashlink,3,25.306801
string128,ahash,16384,mixed-95,micro,3,24.898688
string128,ahash,16384,mixed-95,baseline,3,25.331537
string128,ahash,16384,mixed-95,quick_cache,3,27.778665
string128,ahash,16384,mixed-95,hashlink,4,26.266038
string128,ahash,16384,mixed-95,micro,4,25.943220
string128,ahash,16384,mixed-95,baseline,4,25.676628
string128,ahash,16384,mixed-95,quick_cache,4,28.502663
string128,ahash,16384,mixed-95,lru,4,27.142187
string128,ahash,16384,load-hit,micro,0,26.186450
string128,ahash,16384,load-hit,baseline,0,41.136570
string128,ahash,16384,load-hit,quick_cache,0,27.337577
string128,ahash,16384,load-hit,lru,0,25.846012
string128,ahash,16384,load-hit,hashlink,0,24.053253
string128,ahash,16384,load-hit,baseline,1,40.360010
string128,ahash,16384,load-hit,quick_cache,1,27.392796
string128,ahash,16384,load-hit,lru,1,25.796851
string128,ahash,16384,load-hit,hashlink,1,23.881599
string128,ahash,16384,load-hit,micro,1,25.594759
string128,ahash,16384,load-hit,quick_cache,2,27.245300
string128,ahash,16384,load-hit,lru,2,25.806681
string128,ahash,16384,load-hit,hashlink,2,23.881912
string128,ahash,16384,load-hit,micro,2,25.455729
string128,ahash,16384,load-hit,baseline,2,40.282178
string128,ahash,16384,load-hit,lru,3,26.249843
string128,ahash,16384,load-hit,hashlink,3,23.932457
string128,ahash,16384,load-hit,micro,3,25.641553
string128,ahash,16384,load-hit,baseline,3,41.120171
string128,ahash,16384,load-hit,quick_cache,3,29.641958
string128,ahash,16384,load-hit,hashlink,4,21.420797
string128,ahash,16384,load-hit,micro,4,23.619652
string128,ahash,16384,load-hit,baseline,4,39.305115
string128,ahash,16384,load-hit,quick_cache,4,27.529759
string128,ahash,16384,load-hit,lru,4,25.798877
string128,ahash,16384,load-cycle,micro,0,56.102112
string128,ahash,16384,load-cycle,baseline,0,54.520294
string128,ahash,16384,load-cycle,quick_cache,0,34.073720
string128,ahash,16384,load-cycle,lru,0,82.720428
string128,ahash,16384,load-cycle,hashlink,0,72.924942
string128,ahash,16384,load-cycle,baseline,1,58.425278
string128,ahash,16384,load-cycle,quick_cache,1,35.461853
string128,ahash,16384,load-cycle,lru,1,76.721832
string128,ahash,16384,load-cycle,hashlink,1,82.856506
string128,ahash,16384,load-cycle,micro,1,57.325363
string128,ahash,16384,load-cycle,quick_cache,2,56.219101
string128,ahash,16384,load-cycle,lru,2,76.908737
string128,ahash,16384,load-cycle,hashlink,2,83.545685
string128,ahash,16384,load-cycle,micro,2,58.859497
string128,ahash,16384,load-cycle,baseline,2,57.788849
string128,ahash,16384,load-cycle,lru,3,85.550949
string128,ahash,16384,load-cycle,hashlink,3,76.277420
string128,ahash,16384,load-cycle,micro,3,65.733597
string128,ahash,16384,load-cycle,baseline,3,60.073853
string128,ahash,16384,load-cycle,quick_cache,3,37.713786
string128,ahash,16384,load-cycle,hashlink,4,92.564911
string128,ahash,16384,load-cycle,micro,4,55.724472
string128,ahash,16384,load-cycle,baseline,4,57.921082
string128,ahash,16384,load-cycle,quick_cache,4,38.698832
string128,ahash,16384,load-cycle,lru,4,127.190918
string128,ahash,16384,clear-refill,micro,0,609383.400000
string128,ahash,16384,clear-refill,baseline,0,535312.500000
string128,ahash,16384,clear-refill,quick_cache,0,563632.000000
string128,ahash,16384,clear-refill,lru,0,1289222.333333
string128,ahash,16384,clear-refill,hashlink,0,708375.000000
string128,ahash,16384,clear-refill,baseline,1,525430.666667
string128,ahash,16384,clear-refill,quick_cache,1,607125.000000
string128,ahash,16384,clear-refill,lru,1,1355208.333333
string128,ahash,16384,clear-refill,hashlink,1,774000.000000
string128,ahash,16384,clear-refill,micro,1,580215.166667
string128,ahash,16384,clear-refill,quick_cache,2,594784.666667
string128,ahash,16384,clear-refill,lru,2,1360875.000000
string128,ahash,16384,clear-refill,hashlink,2,762177.250000
string128,ahash,16384,clear-refill,micro,2,892239.500000
string128,ahash,16384,clear-refill,baseline,2,5270250.000000
string128,ahash,16384,clear-refill,lru,3,2948167.000000
string128,ahash,16384,clear-refill,hashlink,3,1345944.333333
string128,ahash,16384,clear-refill,micro,3,1636083.500000
string128,ahash,16384,clear-refill,baseline,3,1009277.666667
string128,ahash,16384,clear-refill,quick_cache,3,1003885.500000
string128,ahash,16384,clear-refill,hashlink,4,1104875.000000
string128,ahash,16384,clear-refill,micro,4,652325.000000
string128,ahash,16384,clear-refill,baseline,4,577805.500000
string128,ahash,16384,clear-refill,quick_cache,4,615750.000000
string128,ahash,16384,clear-refill,lru,4,1401986.333333
string128,ahash,16384,clear-empty,micro,0,363.715199
string128,ahash,16384,clear-empty,baseline,0,321.838894
string128,ahash,16384,clear-empty,quick_cache,0,3.966947
string128,ahash,16384,clear-empty,lru,0,2.236194
string128,ahash,16384,clear-empty,hashlink,0,0.611977
string128,ahash,16384,clear-empty,baseline,1,325.701119
string128,ahash,16384,clear-empty,quick_cache,1,3.899860
string128,ahash,16384,clear-empty,lru,1,2.213621
string128,ahash,16384,clear-empty,hashlink,1,0.612137
string128,ahash,16384,clear-empty,micro,1,544.552024
string128,ahash,16384,clear-empty,quick_cache,2,4.009005
string128,ahash,16384,clear-empty,lru,2,2.158637
string128,ahash,16384,clear-empty,hashlink,2,0.615231
string128,ahash,16384,clear-empty,micro,2,320.048564
string128,ahash,16384,clear-empty,baseline,2,345.400893
string128,ahash,16384,clear-empty,lru,3,2.329933
string128,ahash,16384,clear-empty,hashlink,3,0.612241
string128,ahash,16384,clear-empty,micro,3,317.985431
string128,ahash,16384,clear-empty,baseline,3,317.343222
string128,ahash,16384,clear-empty,quick_cache,3,3.975153
string128,ahash,16384,clear-empty,hashlink,4,0.604481
string128,ahash,16384,clear-empty,micro,4,446.041956
string128,ahash,16384,clear-empty,baseline,4,321.750950
string128,ahash,16384,clear-empty,quick_cache,4,3.995119
string128,ahash,16384,clear-empty,lru,4,2.194964
string128,ahash,16384,iter-dense,micro,0,6039.632812
string128,ahash,16384,iter-dense,baseline,0,6105.468750
string128,ahash,16384,iter-dense,quick_cache,0,6939.732143
string128,ahash,16384,iter-dense,lru,0,24793.289062
string128,ahash,16384,iter-dense,hashlink,0,23576.825000
string128,ahash,16384,iter-dense,baseline,1,6101.400391
string128,ahash,16384,iter-dense,quick_cache,1,7007.162946
string128,ahash,16384,iter-dense,lru,1,27048.828125
string128,ahash,16384,iter-dense,hashlink,1,24500.976562
string128,ahash,16384,iter-dense,micro,1,6138.998047
string128,ahash,16384,iter-dense,quick_cache,2,6988.654018
string128,ahash,16384,iter-dense,lru,2,23577.796875
string128,ahash,16384,iter-dense,hashlink,2,26057.289062
string128,ahash,16384,iter-dense,micro,2,6261.458333
string128,ahash,16384,iter-dense,baseline,2,6086.425781
string128,ahash,16384,iter-dense,lru,3,26787.757812
string128,ahash,16384,iter-dense,hashlink,3,27655.601562
string128,ahash,16384,iter-dense,micro,3,6043.537109
string128,ahash,16384,iter-dense,baseline,3,6087.646484
string128,ahash,16384,iter-dense,quick_cache,3,6941.964286
string128,ahash,16384,iter-dense,hashlink,4,25599.609375
string128,ahash,16384,iter-dense,micro,4,6128.335938
string128,ahash,16384,iter-dense,baseline,4,6196.126953
string128,ahash,16384,iter-dense,quick_cache,4,6906.808036
string128,ahash,16384,iter-dense,lru,4,30936.851563
string128,ahash,16384,iter-dense-for,micro,0,6247.964844
string128,ahash,16384,iter-dense-for,baseline,0,6190.673828
string128,ahash,16384,iter-dense-for,quick_cache,0,8282.335938
string128,ahash,16384,iter-dense-for,lru,0,20623.175000
string128,ahash,16384,iter-dense-for,hashlink,0,24819.335938
string128,ahash,16384,iter-dense-for,baseline,1,6113.933594
string128,ahash,16384,iter-dense-for,quick_cache,1,7648.137019
string128,ahash,16384,iter-dense-for,lru,1,17836.588542
string128,ahash,16384,iter-dense-for,hashlink,1,24430.335938
string128,ahash,16384,iter-dense-for,micro,1,6063.396484
string128,ahash,16384,iter-dense-for,quick_cache,2,7203.962054
string128,ahash,16384,iter-dense-for,lru,2,18493.921875
string128,ahash,16384,iter-dense-for,hashlink,2,24765.953125
string128,ahash,16384,iter-dense-for,micro,2,6191.080078
string128,ahash,16384,iter-dense-for,baseline,2,6109.699219
string128,ahash,16384,iter-dense-for,lru,3,19475.525000
string128,ahash,16384,iter-dense-for,hashlink,3,28123.046875
string128,ahash,16384,iter-dense-for,micro,3,6403.297917
string128,ahash,16384,iter-dense-for,baseline,3,6054.117188
string128,ahash,16384,iter-dense-for,quick_cache,3,8149.088542
string128,ahash,16384,iter-dense-for,hashlink,4,25741.859375
string128,ahash,16384,iter-dense-for,micro,4,6075.847656
string128,ahash,16384,iter-dense-for,baseline,4,6139.892578
string128,ahash,16384,iter-dense-for,quick_cache,4,8148.653646
string128,ahash,16384,iter-dense-for,lru,4,18817.276042
string128,ahash,16384,iter-density-1pct,micro,0,6395.052083
string128,ahash,16384,iter-density-1pct,baseline,0,6519.791667
string128,ahash,16384,iter-density-1pct,quick_cache,0,6871.279018
string128,ahash,16384,iter-density-1pct,lru,0,185.715718
string128,ahash,16384,iter-density-1pct,hashlink,0,183.700771
string128,ahash,16384,iter-density-1pct,baseline,1,6549.393750
string128,ahash,16384,iter-density-1pct,quick_cache,1,7416.867788
string128,ahash,16384,iter-density-1pct,lru,1,175.734902
string128,ahash,16384,iter-density-1pct,hashlink,1,178.678095
string128,ahash,16384,iter-density-1pct,micro,1,6632.897917
string128,ahash,16384,iter-density-1pct,quick_cache,2,7114.024554
string128,ahash,16384,iter-density-1pct,lru,2,185.139855
string128,ahash,16384,iter-density-1pct,hashlink,2,182.763767
string128,ahash,16384,iter-density-1pct,micro,2,6523.958333
string128,ahash,16384,iter-density-1pct,baseline,2,6677.864583
string128,ahash,16384,iter-density-1pct,lru,3,185.937500
string128,ahash,16384,iter-density-1pct,hashlink,3,183.514799
string128,ahash,16384,iter-density-1pct,micro,3,6599.393750
string128,ahash,16384,iter-density-1pct,baseline,3,6572.483333
string128,ahash,16384,iter-density-1pct,quick_cache,3,7105.933036
string128,ahash,16384,iter-density-1pct,hashlink,4,184.626722
string128,ahash,16384,iter-density-1pct,micro,4,6769.437500
string128,ahash,16384,iter-density-1pct,baseline,4,6572.222917
string128,ahash,16384,iter-density-1pct,quick_cache,4,7159.504464
string128,ahash,16384,iter-density-1pct,lru,4,194.430965
string128,ahash,16384,iter-density-6pct,micro,0,5669.347426
string128,ahash,16384,iter-density-6pct,baseline,0,5775.505515
string128,ahash,16384,iter-density-6pct,quick_cache,0,6762.370536
string128,ahash,16384,iter-density-6pct,lru,0,1592.977754
string128,ahash,16384,iter-density-6pct,hashlink,0,1245.356908
string128,ahash,16384,iter-density-6pct,baseline,1,5675.858456
string128,ahash,16384,iter-density-6pct,quick_cache,1,6539.322917
string128,ahash,16384,iter-density-6pct,lru,1,1247.515625
string128,ahash,16384,iter-density-6pct,hashlink,1,1259.826667
string128,ahash,16384,iter-density-6pct,micro,1,5782.933824
string128,ahash,16384,iter-density-6pct,quick_cache,2,6710.473214
string128,ahash,16384,iter-density-6pct,lru,2,1252.187500
string128,ahash,16384,iter-density-6pct,hashlink,2,1294.502997
string128,ahash,16384,iter-density-6pct,micro,2,5735.523897
string128,ahash,16384,iter-density-6pct,baseline,2,5905.681641
string128,ahash,16384,iter-density-6pct,lru,3,1267.120355
string128,ahash,16384,iter-density-6pct,hashlink,3,1303.114149
string128,ahash,16384,iter-density-6pct,micro,3,5665.136029
string128,ahash,16384,iter-density-6pct,baseline,3,5852.788603
string128,ahash,16384,iter-density-6pct,quick_cache,3,6501.910417
string128,ahash,16384,iter-density-6pct,hashlink,4,1359.337409
string128,ahash,16384,iter-density-6pct,micro,4,5974.609375
string128,ahash,16384,iter-density-6pct,baseline,4,5589.996324
string128,ahash,16384,iter-density-6pct,quick_cache,4,6789.808036
string128,ahash,16384,iter-density-6pct,lru,4,1298.337757
string128,ahash,16384,iter-density-quarter,micro,0,5867.262868
string128,ahash,16384,iter-density-quarter,baseline,0,5678.079044
string128,ahash,16384,iter-density-quarter,quick_cache,0,6712.424107
string128,ahash,16384,iter-density-quarter,lru,0,10100.781250
string128,ahash,16384,iter-density-quarter,hashlink,0,9788.934375
string128,ahash,16384,iter-density-quarter,baseline,1,5940.103516
string128,ahash,16384,iter-density-quarter,quick_cache,1,7018.785714
string128,ahash,16384,iter-density-quarter,lru,1,10484.954861
string128,ahash,16384,iter-density-quarter,hashlink,1,9404.559375
string128,ahash,16384,iter-density-quarter,micro,1,5866.498162
string128,ahash,16384,iter-density-quarter,quick_cache,2,6843.100446
string128,ahash,16384,iter-density-quarter,lru,2,12075.519531
string128,ahash,16384,iter-density-quarter,hashlink,2,9318.062500
string128,ahash,16384,iter-density-quarter,micro,2,5945.068359
string128,ahash,16384,iter-density-quarter,baseline,2,6025.714844
string128,ahash,16384,iter-density-quarter,lru,3,11379.052083
string128,ahash,16384,iter-density-quarter,hashlink,3,9467.450000
string128,ahash,16384,iter-density-quarter,micro,3,5800.704044
string128,ahash,16384,iter-density-quarter,baseline,3,5849.878676
string128,ahash,16384,iter-density-quarter,quick_cache,3,6935.455357
string128,ahash,16384,iter-density-quarter,hashlink,4,10312.890625
string128,ahash,16384,iter-density-quarter,micro,4,5875.568359
string128,ahash,16384,iter-density-quarter,baseline,4,5869.791016
string128,ahash,16384,iter-density-quarter,quick_cache,4,7092.075893
string128,ahash,16384,iter-density-quarter,lru,4,11404.659722
string128,ahash,16384,iter-density-half,micro,0,8133.138021
string128,ahash,16384,iter-density-half,baseline,0,8229.276042
string128,ahash,16384,iter-density-half,quick_cache,0,6921.037946
string128,ahash,16384,iter-density-half,lru,0,18785.588542
string128,ahash,16384,iter-density-half,hashlink,0,14341.705357
string128,ahash,16384,iter-density-half,baseline,1,8340.820312
string128,ahash,16384,iter-density-half,quick_cache,1,6928.386161
string128,ahash,16384,iter-density-half,lru,1,19334.637500
string128,ahash,16384,iter-density-half,hashlink,1,14177.642857
string128,ahash,16384,iter-density-half,micro,1,8114.690104
string128,ahash,16384,iter-density-half,quick_cache,2,6800.408482
string128,ahash,16384,iter-density-half,lru,2,18694.010417
string128,ahash,16384,iter-density-half,hashlink,2,14093.566964
string128,ahash,16384,iter-density-half,micro,2,8075.739583
string128,ahash,16384,iter-density-half,baseline,2,8100.585938
string128,ahash,16384,iter-density-half,lru,3,18877.081250
string128,ahash,16384,iter-density-half,hashlink,3,13801.709821
string128,ahash,16384,iter-density-half,micro,3,8126.520833
string128,ahash,16384,iter-density-half,baseline,3,8228.408854
string128,ahash,16384,iter-density-half,quick_cache,3,7089.658482
string128,ahash,16384,iter-density-half,hashlink,4,18769.793750
string128,ahash,16384,iter-density-half,micro,4,8146.700521
string128,ahash,16384,iter-density-half,baseline,4,8297.960938
string128,ahash,16384,iter-density-half,quick_cache,4,6928.383929
string128,ahash,16384,iter-density-half,lru,4,15112.348214
string128,ahash,16384,iter-front,micro,0,5451.460069
string128,ahash,16384,iter-front,baseline,0,5556.525735
string128,ahash,16384,iter-front,quick_cache,0,6894.997768
string128,ahash,16384,iter-front,lru,0,1.198252
string128,ahash,16384,iter-front,hashlink,0,1.151564
string128,ahash,16384,iter-front,baseline,1,5473.307292
string128,ahash,16384,iter-front,quick_cache,1,6885.602679
string128,ahash,16384,iter-front,lru,1,1.205958
string128,ahash,16384,iter-front,hashlink,1,1.147182
string128,ahash,16384,iter-front,micro,1,5536.689338
string128,ahash,16384,iter-front,quick_cache,2,7111.698661
string128,ahash,16384,iter-front,lru,2,1.218355
string128,ahash,16384,iter-front,hashlink,2,1.162762
string128,ahash,16384,iter-front,micro,2,5451.317708
string128,ahash,16384,iter-front,baseline,2,5453.052083
string128,ahash,16384,iter-front,lru,3,1.246974
string128,ahash,16384,iter-front,hashlink,3,1.158036
string128,ahash,16384,iter-front,micro,3,5520.527574
string128,ahash,16384,iter-front,baseline,3,5342.086806
string128,ahash,16384,iter-front,quick_cache,3,6767.205357
string128,ahash,16384,iter-front,hashlink,4,1.156965
string128,ahash,16384,iter-front,micro,4,5584.943015
string128,ahash,16384,iter-front,baseline,4,5566.253676
string128,ahash,16384,iter-front,quick_cache,4,6644.270833
string128,ahash,16384,iter-front,lru,4,1.206331
string128,ahash,16384,iter-back,micro,0,5483.651042
string128,ahash,16384,iter-back,baseline,0,5512.730903
string128,ahash,16384,iter-back,quick_cache,0,7006.229911
string128,ahash,16384,iter-back,lru,0,1.186033
string128,ahash,16384,iter-back,hashlink,0,1.175519
string128,ahash,16384,iter-back,baseline,1,5600.338235
string128,ahash,16384,iter-back,quick_cache,1,7089.843750
string128,ahash,16384,iter-back,lru,1,1.212603
string128,ahash,16384,iter-back,hashlink,1,1.238016
string128,ahash,16384,iter-back,micro,1,5786.227941
string128,ahash,16384,iter-back,quick_cache,2,7060.638393
string128,ahash,16384,iter-back,lru,2,1.240129
string128,ahash,16384,iter-back,hashlink,2,1.221419
string128,ahash,16384,iter-back,micro,2,5586.549632
string128,ahash,16384,iter-back,baseline,2,5670.801471
string128,ahash,16384,iter-back,lru,3,1.252773
string128,ahash,16384,iter-back,hashlink,3,1.180225
string128,ahash,16384,iter-back,micro,3,5426.432292
string128,ahash,16384,iter-back,baseline,3,5505.281250
string128,ahash,16384,iter-back,quick_cache,3,7133.743304
string128,ahash,16384,iter-back,hashlink,4,1.182980
string128,ahash,16384,iter-back,micro,4,5462.166667
string128,ahash,16384,iter-back,baseline,4,5499.855903
string128,ahash,16384,iter-back,quick_cache,4,6976.468750
string128,ahash,16384,iter-back,lru,4,1.210708
string128,ahash,16384,iter-empty,micro,0,5433.376736
string128,ahash,16384,iter-empty,baseline,0,5822.610294
string128,ahash,16384,iter-empty,quick_cache,0,6850.261161
string128,ahash,16384,iter-empty,lru,0,0.990973
string128,ahash,16384,iter-empty,hashlink,0,0.990439
string128,ahash,16384,iter-empty,baseline,1,5540.942708
string128,ahash,16384,iter-empty,quick_cache,1,6701.450893
string128,ahash,16384,iter-empty,lru,1,0.981121
string128,ahash,16384,iter-empty,hashlink,1,1.034106
string128,ahash,16384,iter-empty,micro,1,5286.387153
string128,ahash,16384,iter-empty,quick_cache,2,6869.792411
string128,ahash,16384,iter-empty,lru,2,0.980987
string128,ahash,16384,iter-empty,hashlink,2,1.006409
string128,ahash,16384,iter-empty,micro,2,5703.277574
string128,ahash,16384,iter-empty,baseline,2,5559.512868
string128,ahash,16384,iter-empty,lru,3,0.996577
string128,ahash,16384,iter-empty,hashlink,3,1.111032
string128,ahash,16384,iter-empty,micro,3,5547.871324
string128,ahash,16384,iter-empty,baseline,3,5432.508681
string128,ahash,16384,iter-empty,quick_cache,3,7021.020089
string128,ahash,16384,iter-empty,hashlink,4,1.038563
string128,ahash,16384,iter-empty,micro,4,5601.485294
string128,ahash,16384,iter-empty,baseline,4,5488.208333
string128,ahash,16384,iter-empty,quick_cache,4,7109.747768
string128,ahash,16384,iter-empty,lru,4,0.987310
string128,ahash,16384,iter-count,micro,0,5501.736979
string128,ahash,16384,iter-count,baseline,0,5663.845052
string128,ahash,16384,iter-count,quick_cache,0,7979.248047
string128,ahash,16384,iter-count,lru,0,0.397178
string128,ahash,16384,iter-count,hashlink,0,0.394396
string128,ahash,16384,iter-count,baseline,1,5377.929688
string128,ahash,16384,iter-count,quick_cache,1,7946.289062
string128,ahash,16384,iter-count,lru,1,0.429778
string128,ahash,16384,iter-count,hashlink,1,0.407927
string128,ahash,16384,iter-count,micro,1,5509.385417
string128,ahash,16384,iter-count,quick_cache,2,7939.126953
string128,ahash,16384,iter-count,lru,2,0.398841
string128,ahash,16384,iter-count,hashlink,2,0.418299
string128,ahash,16384,iter-count,micro,2,5446.018229
string128,ahash,16384,iter-count,baseline,2,5668.457031
string128,ahash,16384,iter-count,lru,3,0.402981
string128,ahash,16384,iter-count,hashlink,3,0.402057
string128,ahash,16384,iter-count,micro,3,5524.847656
string128,ahash,16384,iter-count,baseline,3,5569.498698
string128,ahash,16384,iter-count,quick_cache,3,7953.289062
string128,ahash,16384,iter-count,hashlink,4,0.396070
string128,ahash,16384,iter-count,micro,4,6758.056641
string128,ahash,16384,iter-count,baseline,4,5630.371094
string128,ahash,16384,iter-count,quick_cache,4,8375.976562
string128,ahash,16384,iter-count,lru,4,0.403197
