key,hasher,capacity,operation,library,sample,ns_per_op
u64,sip,128,get-hit,micro,0,5.711717
u64,sip,128,get-hit,baseline,0,5.836042
u64,sip,128,get-hit,quick_cache,0,5.660306
u64,sip,128,get-hit,lru,0,6.440815
u64,sip,128,get-hit,hashlink,0,5.986121
u64,sip,128,get-hit,baseline,1,5.328635
u64,sip,128,get-hit,quick_cache,1,5.234419
u64,sip,128,get-hit,lru,1,5.948713
u64,sip,128,get-hit,hashlink,1,5.963479
u64,sip,128,get-hit,micro,1,5.635344
u64,sip,128,get-hit,quick_cache,2,5.196442
u64,sip,128,get-hit,lru,2,5.981774
u64,sip,128,get-hit,hashlink,2,5.498023
u64,sip,128,get-hit,micro,2,4.819436
u64,sip,128,get-hit,baseline,2,4.698859
u64,sip,128,get-hit,lru,3,5.589957
u64,sip,128,get-hit,hashlink,3,5.197659
u64,sip,128,get-hit,micro,3,4.764837
u64,sip,128,get-hit,baseline,3,4.841453
u64,sip,128,get-hit,quick_cache,3,4.905396
u64,sip,128,get-hit,hashlink,4,5.351486
u64,sip,128,get-hit,micro,4,5.015742
u64,sip,128,get-hit,baseline,4,4.803942
u64,sip,128,get-hit,quick_cache,4,4.805330
u64,sip,128,get-hit,lru,4,5.575700
u64,sip,128,get-miss,micro,0,4.399375
u64,sip,128,get-miss,baseline,0,4.591878
u64,sip,128,get-miss,quick_cache,0,4.335051
u64,sip,128,get-miss,lru,0,5.321705
u64,sip,128,get-miss,hashlink,0,4.268262
u64,sip,128,get-miss,baseline,1,4.551264
u64,sip,128,get-miss,quick_cache,1,4.296591
u64,sip,128,get-miss,lru,1,5.306571
u64,sip,128,get-miss,hashlink,1,4.209906
u64,sip,128,get-miss,micro,1,4.365830
u64,sip,128,get-miss,quick_cache,2,4.306232
u64,sip,128,get-miss,lru,2,5.330772
u64,sip,128,get-miss,hashlink,2,4.247380
u64,sip,128,get-miss,micro,2,4.355756
u64,sip,128,get-miss,baseline,2,4.432770
u64,sip,128,get-miss,lru,3,5.168287
u64,sip,128,get-miss,hashlink,3,4.231830
u64,sip,128,get-miss,micro,3,4.335890
u64,sip,128,get-miss,baseline,3,4.583917
u64,sip,128,get-miss,quick_cache,3,4.376911
u64,sip,128,get-miss,hashlink,4,4.195647
u64,sip,128,get-miss,micro,4,4.313510
u64,sip,128,get-miss,baseline,4,4.514927
u64,sip,128,get-miss,quick_cache,4,4.346780
u64,sip,128,get-miss,lru,4,5.231473
u64,sip,128,update,micro,0,4.866751
u64,sip,128,update,baseline,0,4.882812
u64,sip,128,update,quick_cache,0,8.772595
u64,sip,128,update,lru,0,5.395255
u64,sip,128,update,hashlink,0,13.194855
u64,sip,128,update,baseline,1,6.363879
u64,sip,128,update,quick_cache,1,28.246565
u64,sip,128,update,lru,1,18.431348
u64,sip,128,update,hashlink,1,26.286168
u64,sip,128,update,micro,1,14.841104
u64,sip,128,update,quick_cache,2,12.237040
u64,sip,128,update,lru,2,17.780366
u64,sip,128,update,hashlink,2,15.208740
u64,sip,128,update,micro,2,4.973059
u64,sip,128,update,baseline,2,4.961787
u64,sip,128,update,lru,3,5.110494
u64,sip,128,update,hashlink,3,14.942627
u64,sip,128,update,micro,3,4.910889
u64,sip,128,update,baseline,3,4.949415
u64,sip,128,update,quick_cache,3,8.971299
u64,sip,128,update,hashlink,4,15.250244
u64,sip,128,update,micro,4,4.916519
u64,sip,128,update,baseline,4,4.897868
u64,sip,128,update,quick_cache,4,8.774167
u64,sip,128,update,lru,4,5.348169
u64,sip,128,insert-cycle,micro,0,11.867508
u64,sip,128,insert-cycle,baseline,0,12.120516
u64,sip,128,insert-cycle,quick_cache,0,15.248471
u64,sip,128,insert-cycle,lru,0,23.676870
u64,sip,128,insert-cycle,hashlink,0,29.580988
u64,sip,128,insert-cycle,baseline,1,11.804963
u64,sip,128,insert-cycle,quick_cache,1,15.902153
u64,sip,128,insert-cycle,lru,1,24.117011
u64,sip,128,insert-cycle,hashlink,1,29.744769
u64,sip,128,insert-cycle,micro,1,12.324096
u64,sip,128,insert-cycle,quick_cache,2,14.926333
u64,sip,128,insert-cycle,lru,2,23.492297
u64,sip,128,insert-cycle,hashlink,2,28.183368
u64,sip,128,insert-cycle,micro,2,12.010086
u64,sip,128,insert-cycle,baseline,2,11.766464
u64,sip,128,insert-cycle,lru,3,24.811501
u64,sip,128,insert-cycle,hashlink,3,30.078966
u64,sip,128,insert-cycle,micro,3,12.400246
u64,sip,128,insert-cycle,baseline,3,11.998625
u64,sip,128,insert-cycle,quick_cache,3,15.976690
u64,sip,128,insert-cycle,hashlink,4,30.466629
u64,sip,128,insert-cycle,micro,4,12.366701
u64,sip,128,insert-cycle,baseline,4,12.193156
u64,sip,128,insert-cycle,quick_cache,4,16.219085
u64,sip,128,insert-cycle,lru,4,24.641446
u64,sip,128,mixed-95,micro,0,9.660555
u64,sip,128,mixed-95,baseline,0,11.187004
u64,sip,128,mixed-95,quick_cache,0,11.891027
u64,sip,128,mixed-95,lru,0,11.670910
u64,sip,128,mixed-95,hashlink,0,9.931410
u64,sip,128,mixed-95,baseline,1,12.878064
u64,sip,128,mixed-95,quick_cache,1,12.551371
u64,sip,128,mixed-95,lru,1,12.719516
u64,sip,128,mixed-95,hashlink,1,10.192871
u64,sip,128,mixed-95,micro,1,11.478308
u64,sip,128,mixed-95,quick_cache,2,12.220597
u64,sip,128,mixed-95,lru,2,13.232461
u64,sip,128,mixed-95,hashlink,2,10.390951
u64,sip,128,mixed-95,micro,2,11.473836
u64,sip,128,mixed-95,baseline,2,14.550429
u64,sip,128,mixed-95,lru,3,12.217712
u64,sip,128,mixed-95,hashlink,3,9.255725
u64,sip,128,mixed-95,micro,3,9.401762
u64,sip,128,mixed-95,baseline,3,9.806046
u64,sip,128,mixed-95,quick_cache,3,12.512887
u64,sip,128,mixed-95,hashlink,4,9.406328
u64,sip,128,mixed-95,micro,4,13.420105
u64,sip,128,mixed-95,baseline,4,9.581737
u64,sip,128,mixed-95,quick_cache,4,12.344360
u64,sip,128,mixed-95,lru,4,13.487680
u64,sip,128,load-hit,micro,0,15.336990
u64,sip,128,load-hit,baseline,0,15.306051
u64,sip,128,load-hit,quick_cache,0,8.618496
u64,sip,128,load-hit,lru,0,5.417319
u64,sip,128,load-hit,hashlink,0,5.284773
u64,sip,128,load-hit,baseline,1,7.237853
u64,sip,128,load-hit,quick_cache,1,8.401814
u64,sip,128,load-hit,lru,1,5.379865
u64,sip,128,load-hit,hashlink,1,5.283538
u64,sip,128,load-hit,micro,1,7.208929
u64,sip,128,load-hit,quick_cache,2,8.035634
u64,sip,128,load-hit,lru,2,5.131261
u64,sip,128,load-hit,hashlink,2,5.090925
u64,sip,128,load-hit,micro,2,7.308761
u64,sip,128,load-hit,baseline,2,7.239150
u64,sip,128,load-hit,lru,3,5.347578
u64,sip,128,load-hit,hashlink,3,5.264064
u64,sip,128,load-hit,micro,3,11.052149
u64,sip,128,load-hit,baseline,3,15.116577
u64,sip,128,load-hit,quick_cache,3,8.604773
u64,sip,128,load-hit,hashlink,4,5.286516
u64,sip,128,load-hit,micro,4,7.363892
u64,sip,128,load-hit,baseline,4,7.391255
u64,sip,128,load-hit,quick_cache,4,8.400773
u64,sip,128,load-hit,lru,4,5.427716
u64,sip,128,load-cycle,micro,0,15.204696
u64,sip,128,load-cycle,baseline,0,14.919291
u64,sip,128,load-cycle,quick_cache,0,17.328817
u64,sip,128,load-cycle,lru,0,24.915124
u64,sip,128,load-cycle,hashlink,0,30.240718
u64,sip,128,load-cycle,baseline,1,15.258204
u64,sip,128,load-cycle,quick_cache,1,17.290532
u64,sip,128,load-cycle,lru,1,24.815283
u64,sip,128,load-cycle,hashlink,1,30.723372
u64,sip,128,load-cycle,micro,1,15.291202
u64,sip,128,load-cycle,quick_cache,2,17.210060
u64,sip,128,load-cycle,lru,2,24.995702
u64,sip,128,load-cycle,hashlink,2,30.833487
u64,sip,128,load-cycle,micro,2,15.051473
u64,sip,128,load-cycle,baseline,2,14.955482
u64,sip,128,load-cycle,lru,3,24.951870
u64,sip,128,load-cycle,hashlink,3,29.705627
u64,sip,128,load-cycle,micro,3,15.004136
u64,sip,128,load-cycle,baseline,3,15.065382
u64,sip,128,load-cycle,quick_cache,3,17.696450
u64,sip,128,load-cycle,hashlink,4,28.557130
u64,sip,128,load-cycle,micro,4,14.887001
u64,sip,128,load-cycle,baseline,4,14.840042
u64,sip,128,load-cycle,quick_cache,4,16.780389
u64,sip,128,load-cycle,lru,4,24.422201
u64,sip,128,clear-refill,micro,0,1239.656340
u64,sip,128,clear-refill,baseline,0,1246.002907
u64,sip,128,clear-refill,quick_cache,0,1208.283011
u64,sip,128,clear-refill,lru,0,4756.801902
u64,sip,128,clear-refill,hashlink,0,2937.010763
u64,sip,128,clear-refill,baseline,1,1299.750974
u64,sip,128,clear-refill,quick_cache,1,1708.120091
u64,sip,128,clear-refill,lru,1,4776.696343
u64,sip,128,clear-refill,hashlink,1,2944.757605
u64,sip,128,clear-refill,micro,1,1720.685206
u64,sip,128,clear-refill,quick_cache,2,1207.076428
u64,sip,128,clear-refill,lru,2,4765.807937
u64,sip,128,clear-refill,hashlink,2,2940.214496
u64,sip,128,clear-refill,micro,2,1365.218380
u64,sip,128,clear-refill,baseline,2,1246.745326
u64,sip,128,clear-refill,lru,3,4806.332800
u64,sip,128,clear-refill,hashlink,3,2941.070519
u64,sip,128,clear-refill,micro,3,1342.938675
u64,sip,128,clear-refill,baseline,3,1397.190875
u64,sip,128,clear-refill,quick_cache,3,1213.862055
u64,sip,128,clear-refill,hashlink,4,2987.022886
u64,sip,128,clear-refill,micro,4,1641.890044
u64,sip,128,clear-refill,baseline,4,1261.564340
u64,sip,128,clear-refill,quick_cache,4,1206.507439
u64,sip,128,clear-refill,lru,4,4817.215088
u64,sip,128,clear-empty,micro,0,48.024283
u64,sip,128,clear-empty,baseline,0,47.618959
u64,sip,128,clear-empty,quick_cache,0,1.650155
u64,sip,128,clear-empty,lru,0,0.603446
u64,sip,128,clear-empty,hashlink,0,0.593152
u64,sip,128,clear-empty,baseline,1,46.930344
u64,sip,128,clear-empty,quick_cache,1,1.653483
u64,sip,128,clear-empty,lru,1,0.587141
u64,sip,128,clear-empty,hashlink,1,0.593655
u64,sip,128,clear-empty,micro,1,40.036849
u64,sip,128,clear-empty,quick_cache,2,1.652249
u64,sip,128,clear-empty,lru,2,0.599096
u64,sip,128,clear-empty,hashlink,2,0.595080
u64,sip,128,clear-empty,micro,2,46.545604
u64,sip,128,clear-empty,baseline,2,46.912109
u64,sip,128,clear-empty,lru,3,0.587760
u64,sip,128,clear-empty,hashlink,3,0.596490
u64,sip,128,clear-empty,micro,3,48.298997
u64,sip,128,clear-empty,baseline,3,47.442682
u64,sip,128,clear-empty,quick_cache,3,1.659244
u64,sip,128,clear-empty,hashlink,4,0.591433
u64,sip,128,clear-empty,micro,4,46.687702
u64,sip,128,clear-empty,baseline,4,47.766879
u64,sip,128,clear-empty,quick_cache,4,1.747242
u64,sip,128,clear-empty,lru,4,0.593153
u64,sip,128,iter-dense,micro,0,37.746779
u64,sip,128,iter-dense,baseline,0,40.273411
u64,sip,128,iter-dense,quick_cache,0,28.700040
u64,sip,128,iter-dense,lru,0,129.752680
u64,sip,128,iter-dense,hashlink,0,131.244537
u64,sip,128,iter-dense,baseline,1,36.447192
u64,sip,128,iter-dense,quick_cache,1,28.241482
u64,sip,128,iter-dense,lru,1,127.918571
u64,sip,128,iter-dense,hashlink,1,127.289688
u64,sip,128,iter-dense,micro,1,36.303075
u64,sip,128,iter-dense,quick_cache,2,28.078439
u64,sip,128,iter-dense,lru,2,127.799302
u64,sip,128,iter-dense,hashlink,2,126.340638
u64,sip,128,iter-dense,micro,2,36.807361
u64,sip,128,iter-dense,baseline,2,37.081838
u64,sip,128,iter-dense,lru,3,127.740761
u64,sip,128,iter-dense,hashlink,3,127.210185
u64,sip,128,iter-dense,micro,3,36.381027
u64,sip,128,iter-dense,baseline,3,37.011740
u64,sip,128,iter-dense,quick_cache,3,28.377062
u64,sip,128,iter-dense,hashlink,4,127.263187
u64,sip,128,iter-dense,micro,4,35.676489
u64,sip,128,iter-dense,baseline,4,35.551613
u64,sip,128,iter-dense,quick_cache,4,27.438250
u64,sip,128,iter-dense,lru,4,128.492423
u64,sip,128,iter-dense-for,micro,0,37.236063
u64,sip,128,iter-dense-for,baseline,0,38.449095
u64,sip,128,iter-dense-for,quick_cache,0,64.021608
u64,sip,128,iter-dense-for,lru,0,77.161574
u64,sip,128,iter-dense-for,hashlink,0,70.876441
u64,sip,128,iter-dense-for,baseline,1,36.359878
u64,sip,128,iter-dense-for,quick_cache,1,64.273304
u64,sip,128,iter-dense-for,lru,1,77.262665
u64,sip,128,iter-dense-for,hashlink,1,69.912449
u64,sip,128,iter-dense-for,micro,1,36.394653
u64,sip,128,iter-dense-for,quick_cache,2,64.931029
u64,sip,128,iter-dense-for,lru,2,79.276310
u64,sip,128,iter-dense-for,hashlink,2,68.183705
u64,sip,128,iter-dense-for,micro,2,35.844120
u64,sip,128,iter-dense-for,baseline,2,36.670671
u64,sip,128,iter-dense-for,lru,3,79.144699
u64,sip,128,iter-dense-for,hashlink,3,68.578285
u64,sip,128,iter-dense-for,micro,3,37.185790
u64,sip,128,iter-dense-for,baseline,3,37.413844
u64,sip,128,iter-dense-for,quick_cache,3,64.775056
u64,sip,128,iter-dense-for,hashlink,4,68.568759
u64,sip,128,iter-dense-for,micro,4,37.691858
u64,sip,128,iter-dense-for,baseline,4,37.913630
u64,sip,128,iter-dense-for,quick_cache,4,65.205581
u64,sip,128,iter-dense-for,lru,4,77.913024
u64,sip,128,iter-density-1pct,micro,0,32.567916
u64,sip,128,iter-density-1pct,baseline,0,32.254214
u64,sip,128,iter-density-1pct,quick_cache,0,20.919616
u64,sip,128,iter-density-1pct,lru,0,1.289227
u64,sip,128,iter-density-1pct,hashlink,0,1.260775
u64,sip,128,iter-density-1pct,baseline,1,33.074757
u64,sip,128,iter-density-1pct,quick_cache,1,20.838256
u64,sip,128,iter-density-1pct,lru,1,1.283420
u64,sip,128,iter-density-1pct,hashlink,1,1.279619
u64,sip,128,iter-density-1pct,micro,1,33.435773
u64,sip,128,iter-density-1pct,quick_cache,2,20.642118
u64,sip,128,iter-density-1pct,lru,2,1.280843
u64,sip,128,iter-density-1pct,hashlink,2,1.265319
u64,sip,128,iter-density-1pct,micro,2,33.458382
u64,sip,128,iter-density-1pct,baseline,2,32.814600
u64,sip,128,iter-density-1pct,lru,3,1.272878
u64,sip,128,iter-density-1pct,hashlink,3,1.262643
u64,sip,128,iter-density-1pct,micro,3,33.243974
u64,sip,128,iter-density-1pct,baseline,3,32.820058
u64,sip,128,iter-density-1pct,quick_cache,3,20.602443
u64,sip,128,iter-density-1pct,hashlink,4,1.248053
u64,sip,128,iter-density-1pct,micro,4,33.067216
u64,sip,128,iter-density-1pct,baseline,4,32.648644
u64,sip,128,iter-density-1pct,quick_cache,4,20.780232
u64,sip,128,iter-density-1pct,lru,4,1.276257
u64,sip,128,iter-density-6pct,micro,0,36.866926
u64,sip,128,iter-density-6pct,baseline,0,36.408265
u64,sip,128,iter-density-6pct,quick_cache,0,20.437432
u64,sip,128,iter-density-6pct,lru,0,3.187258
u64,sip,128,iter-density-6pct,hashlink,0,3.278018
u64,sip,128,iter-density-6pct,baseline,1,38.520594
u64,sip,128,iter-density-6pct,quick_cache,1,20.119702
u64,sip,128,iter-density-6pct,lru,1,3.172696
u64,sip,128,iter-density-6pct,hashlink,1,3.308792
u64,sip,128,iter-density-6pct,micro,1,37.015569
u64,sip,128,iter-density-6pct,quick_cache,2,20.544335
u64,sip,128,iter-density-6pct,lru,2,3.219879
u64,sip,128,iter-density-6pct,hashlink,2,3.136710
u64,sip,128,iter-density-6pct,micro,2,36.580765
u64,sip,128,iter-density-6pct,baseline,2,36.018140
u64,sip,128,iter-density-6pct,lru,3,3.167658
u64,sip,128,iter-density-6pct,hashlink,3,3.139109
u64,sip,128,iter-density-6pct,micro,3,35.887761
u64,sip,128,iter-density-6pct,baseline,3,35.635809
u64,sip,128,iter-density-6pct,quick_cache,3,20.404876
u64,sip,128,iter-density-6pct,hashlink,4,3.125313
u64,sip,128,iter-density-6pct,micro,4,35.917261
u64,sip,128,iter-density-6pct,baseline,4,35.768056
u64,sip,128,iter-density-6pct,quick_cache,4,20.361699
u64,sip,128,iter-density-6pct,lru,4,3.170487
u64,sip,128,iter-density-quarter,micro,0,36.220947
u64,sip,128,iter-density-quarter,baseline,0,35.377854
u64,sip,128,iter-density-quarter,quick_cache,0,25.315394
u64,sip,128,iter-density-quarter,lru,0,18.403208
u64,sip,128,iter-density-quarter,hashlink,0,18.257315
u64,sip,128,iter-density-quarter,baseline,1,36.093473
u64,sip,128,iter-density-quarter,quick_cache,1,25.926801
u64,sip,128,iter-density-quarter,lru,1,19.257143
u64,sip,128,iter-density-quarter,hashlink,1,18.498939
u64,sip,128,iter-density-quarter,micro,1,35.237963
u64,sip,128,iter-density-quarter,quick_cache,2,25.767579
u64,sip,128,iter-density-quarter,lru,2,18.575067
u64,sip,128,iter-density-quarter,hashlink,2,18.448230
u64,sip,128,iter-density-quarter,micro,2,35.895530
u64,sip,128,iter-density-quarter,baseline,2,35.844120
u64,sip,128,iter-density-quarter,lru,3,18.323572
u64,sip,128,iter-density-quarter,hashlink,3,18.322302
u64,sip,128,iter-density-quarter,micro,3,35.554726
u64,sip,128,iter-density-quarter,baseline,3,35.774263
u64,sip,128,iter-density-quarter,quick_cache,3,25.173733
u64,sip,128,iter-density-quarter,hashlink,4,18.361768
u64,sip,128,iter-density-quarter,micro,4,35.681436
u64,sip,128,iter-density-quarter,baseline,4,35.534684
u64,sip,128,iter-density-quarter,quick_cache,4,25.071716
u64,sip,128,iter-density-quarter,lru,4,18.420512
u64,sip,128,iter-density-half,micro,0,37.150134
u64,sip,128,iter-density-half,baseline,0,37.129752
u64,sip,128,iter-density-half,quick_cache,0,29.019808
u64,sip,128,iter-density-half,lru,0,49.070349
u64,sip,128,iter-density-half,hashlink,0,48.272243
u64,sip,128,iter-density-half,baseline,1,36.850749
u64,sip,128,iter-density-half,quick_cache,1,28.704421
u64,sip,128,iter-density-half,lru,1,49.154334
u64,sip,128,iter-density-half,hashlink,1,48.835579
u64,sip,128,iter-density-half,micro,1,37.470148
u64,sip,128,iter-density-half,quick_cache,2,29.460709
u64,sip,128,iter-density-half,lru,2,49.288952
u64,sip,128,iter-density-half,hashlink,2,48.788827
u64,sip,128,iter-density-half,micro,2,38.711447
u64,sip,128,iter-density-half,baseline,2,37.008657
u64,sip,128,iter-density-half,lru,3,49.376316
u64,sip,128,iter-density-half,hashlink,3,48.482081
u64,sip,128,iter-density-half,micro,3,37.556518
u64,sip,128,iter-density-half,baseline,3,37.160734
u64,sip,128,iter-density-half,quick_cache,3,28.966829
u64,sip,128,iter-density-half,hashlink,4,49.379065
u64,sip,128,iter-density-half,micro,4,37.425279
u64,sip,128,iter-density-half,baseline,4,37.505212
u64,sip,128,iter-density-half,quick_cache,4,28.983926
u64,sip,128,iter-density-half,lru,4,49.459949
u64,sip,128,iter-front,micro,0,35.920546
u64,sip,128,iter-front,baseline,0,35.658270
u64,sip,128,iter-front,quick_cache,0,20.545471
u64,sip,128,iter-front,lru,0,1.173165
u64,sip,128,iter-front,hashlink,0,1.150391
u64,sip,128,iter-front,baseline,1,36.102847
u64,sip,128,iter-front,quick_cache,1,20.377703
u64,sip,128,iter-front,lru,1,1.178667
u64,sip,128,iter-front,hashlink,1,1.165827
u64,sip,128,iter-front,micro,1,35.702173
u64,sip,128,iter-front,quick_cache,2,19.156908
u64,sip,128,iter-front,lru,2,1.145052
u64,sip,128,iter-front,hashlink,2,1.171421
u64,sip,128,iter-front,micro,2,35.381285
u64,sip,128,iter-front,baseline,2,34.901365
u64,sip,128,iter-front,lru,3,1.159512
u64,sip,128,iter-front,hashlink,3,1.132178
u64,sip,128,iter-front,micro,3,35.226204
u64,sip,128,iter-front,baseline,3,34.572905
u64,sip,128,iter-front,quick_cache,3,20.080919
u64,sip,128,iter-front,hashlink,4,1.140622
u64,sip,128,iter-front,micro,4,34.982801
u64,sip,128,iter-front,baseline,4,34.238750
u64,sip,128,iter-front,quick_cache,4,20.063730
u64,sip,128,iter-front,lru,4,1.169288
u64,sip,128,iter-back,micro,0,36.062692
u64,sip,128,iter-back,baseline,0,35.310734
u64,sip,128,iter-back,quick_cache,0,20.279601
u64,sip,128,iter-back,lru,0,1.162070
u64,sip,128,iter-back,hashlink,0,1.134191
u64,sip,128,iter-back,baseline,1,36.433554
u64,sip,128,iter-back,quick_cache,1,20.263197
u64,sip,128,iter-back,lru,1,1.165059
u64,sip,128,iter-back,hashlink,1,1.142596
u64,sip,128,iter-back,micro,1,36.218943
u64,sip,128,iter-back,quick_cache,2,20.485129
u64,sip,128,iter-back,lru,2,1.189147
u64,sip,128,iter-back,hashlink,2,1.139416
u64,sip,128,iter-back,micro,2,36.473016
u64,sip,128,iter-back,baseline,2,37.342978
u64,sip,128,iter-back,lru,3,1.169244
u64,sip,128,iter-back,hashlink,3,1.169901
u64,sip,128,iter-back,micro,3,36.490759
u64,sip,128,iter-back,baseline,3,36.049837
u64,sip,128,iter-back,quick_cache,3,20.410740
u64,sip,128,iter-back,hashlink,4,1.165117
u64,sip,128,iter-back,micro,4,36.711213
u64,sip,128,iter-back,baseline,4,35.306758
u64,sip,128,iter-back,quick_cache,4,20.390720
u64,sip,128,iter-back,lru,4,1.170061
u64,sip,128,iter-empty,micro,0,35.462569
u64,sip,128,iter-empty,baseline,0,34.580107
u64,sip,128,iter-empty,quick_cache,0,20.174306
u64,sip,128,iter-empty,lru,0,0.970849
u64,sip,128,iter-empty,hashlink,0,0.979255
u64,sip,128,iter-empty,baseline,1,35.038502
u64,sip,128,iter-empty,quick_cache,1,20.266733
u64,sip,128,iter-empty,lru,1,0.978928
u64,sip,128,iter-empty,hashlink,1,0.981974
u64,sip,128,iter-empty,micro,1,35.169437
u64,sip,128,iter-empty,quick_cache,2,20.069697
u64,sip,128,iter-empty,lru,2,1.000107
u64,sip,128,iter-empty,hashlink,2,0.983065
u64,sip,128,iter-empty,micro,2,36.211399
u64,sip,128,iter-empty,baseline,2,34.735562
u64,sip,128,iter-empty,lru,3,0.980720
u64,sip,128,iter-empty,hashlink,3,0.983086
u64,sip,128,iter-empty,micro,3,37.451016
u64,sip,128,iter-empty,baseline,3,34.979462
u64,sip,128,iter-empty,quick_cache,3,20.404883
u64,sip,128,iter-empty,hashlink,4,0.984066
u64,sip,128,iter-empty,micro,4,36.116261
u64,sip,128,iter-empty,baseline,4,34.362793
u64,sip,128,iter-empty,quick_cache,4,20.334079
u64,sip,128,iter-empty,lru,4,0.971916
u64,sip,128,iter-count,micro,0,34.831208
u64,sip,128,iter-count,baseline,0,34.130950
u64,sip,128,iter-count,quick_cache,0,50.912304
u64,sip,128,iter-count,lru,0,0.385212
u64,sip,128,iter-count,hashlink,0,0.384764
u64,sip,128,iter-count,baseline,1,34.660767
u64,sip,128,iter-count,quick_cache,1,50.708294
u64,sip,128,iter-count,lru,1,0.383661
u64,sip,128,iter-count,hashlink,1,0.385136
u64,sip,128,iter-count,micro,1,34.505687
u64,sip,128,iter-count,quick_cache,2,50.716696
u64,sip,128,iter-count,lru,2,0.384921
u64,sip,128,iter-count,hashlink,2,0.386763
u64,sip,128,iter-count,micro,2,34.394955
u64,sip,128,iter-count,baseline,2,33.896033
u64,sip,128,iter-count,lru,3,0.386661
u64,sip,128,iter-count,hashlink,3,0.388842
u64,sip,128,iter-count,micro,3,34.234728
u64,sip,128,iter-count,baseline,3,35.812750
u64,sip,128,iter-count,quick_cache,3,52.456822
u64,sip,128,iter-count,hashlink,4,0.380163
u64,sip,128,iter-count,micro,4,34.838940
u64,sip,128,iter-count,baseline,4,34.832182
u64,sip,128,iter-count,quick_cache,4,52.115885
u64,sip,128,iter-count,lru,4,0.384189
u64,sip,1024,get-hit,micro,0,5.019306
u64,sip,1024,get-hit,baseline,0,5.060554
u64,sip,1024,get-hit,quick_cache,0,5.066057
u64,sip,1024,get-hit,lru,0,5.636676
u64,sip,1024,get-hit,hashlink,0,5.351340
u64,sip,1024,get-hit,baseline,1,5.049892
u64,sip,1024,get-hit,quick_cache,1,5.033449
u64,sip,1024,get-hit,lru,1,5.671261
u64,sip,1024,get-hit,hashlink,1,5.317429
u64,sip,1024,get-hit,micro,1,5.037909
u64,sip,1024,get-hit,quick_cache,2,5.065291
u64,sip,1024,get-hit,lru,2,5.619549
u64,sip,1024,get-hit,hashlink,2,5.369473
u64,sip,1024,get-hit,micro,2,5.040765
u64,sip,1024,get-hit,baseline,2,5.057278
u64,sip,1024,get-hit,lru,3,5.630108
u64,sip,1024,get-hit,hashlink,3,5.344410
u64,sip,1024,get-hit,micro,3,5.036795
u64,sip,1024,get-hit,baseline,3,5.093892
u64,sip,1024,get-hit,quick_cache,3,5.073582
u64,sip,1024,get-hit,hashlink,4,5.504247
u64,sip,1024,get-hit,micro,4,5.039303
u64,sip,1024,get-hit,baseline,4,5.062365
u64,sip,1024,get-hit,quick_cache,4,5.084033
u64,sip,1024,get-hit,lru,4,5.651386
u64,sip,1024,get-miss,micro,0,4.467848
u64,sip,1024,get-miss,baseline,0,4.545110
u64,sip,1024,get-miss,quick_cache,0,4.406884
u64,sip,1024,get-miss,lru,0,4.874447
u64,sip,1024,get-miss,hashlink,0,4.331941
u64,sip,1024,get-miss,baseline,1,4.525204
u64,sip,1024,get-miss,quick_cache,1,4.390898
u64,sip,1024,get-miss,lru,1,4.846874
u64,sip,1024,get-miss,hashlink,1,4.316024
u64,sip,1024,get-miss,micro,1,4.452196
u64,sip,1024,get-miss,quick_cache,2,4.419412
u64,sip,1024,get-miss,lru,2,4.853231
u64,sip,1024,get-miss,hashlink,2,4.314885
u64,sip,1024,get-miss,micro,2,4.438897
u64,sip,1024,get-miss,baseline,2,4.580179
u64,sip,1024,get-miss,lru,3,4.858652
u64,sip,1024,get-miss,hashlink,3,4.311236
u64,sip,1024,get-miss,micro,3,4.442084
u64,sip,1024,get-miss,baseline,3,4.558549
u64,sip,1024,get-miss,quick_cache,3,4.389808
u64,sip,1024,get-miss,hashlink,4,4.349592
u64,sip,1024,get-miss,micro,4,4.569348
u64,sip,1024,get-miss,baseline,4,4.531799
u64,sip,1024,get-miss,quick_cache,4,4.370069
u64,sip,1024,get-miss,lru,4,4.899022
u64,sip,1024,update,micro,0,5.030870
u64,sip,1024,update,baseline,0,5.018678
u64,sip,1024,update,quick_cache,0,9.047098
u64,sip,1024,update,lru,0,5.711403
u64,sip,1024,update,hashlink,0,14.272250
u64,sip,1024,update,baseline,1,4.795488
u64,sip,1024,update,quick_cache,1,8.795843
u64,sip,1024,update,lru,1,5.190639
u64,sip,1024,update,hashlink,1,14.678758
u64,sip,1024,update,micro,1,4.901665
u64,sip,1024,update,quick_cache,2,8.807710
u64,sip,1024,update,lru,2,5.218863
u64,sip,1024,update,hashlink,2,14.595229
u64,sip,1024,update,micro,2,4.921942
u64,sip,1024,update,baseline,2,4.956426
u64,sip,1024,update,lru,3,5.220010
u64,sip,1024,update,hashlink,3,14.734092
u64,sip,1024,update,micro,3,4.919230
u64,sip,1024,update,baseline,3,4.945814
u64,sip,1024,update,quick_cache,3,8.808318
u64,sip,1024,update,hashlink,4,14.828691
u64,sip,1024,update,micro,4,4.960205
u64,sip,1024,update,baseline,4,5.098697
u64,sip,1024,update,quick_cache,4,8.867655
u64,sip,1024,update,lru,4,5.232690
u64,sip,1024,insert-cycle,micro,0,12.483241
u64,sip,1024,insert-cycle,baseline,0,12.385008
u64,sip,1024,insert-cycle,quick_cache,0,16.919602
u64,sip,1024,insert-cycle,lru,0,23.699030
u64,sip,1024,insert-cycle,hashlink,0,35.799352
u64,sip,1024,insert-cycle,baseline,1,11.740723
u64,sip,1024,insert-cycle,quick_cache,1,16.699818
u64,sip,1024,insert-cycle,lru,1,23.152992
u64,sip,1024,insert-cycle,hashlink,1,34.953288
u64,sip,1024,insert-cycle,micro,1,12.334403
u64,sip,1024,insert-cycle,quick_cache,2,16.737271
u64,sip,1024,insert-cycle,lru,2,22.918381
u64,sip,1024,insert-cycle,hashlink,2,33.932773
u64,sip,1024,insert-cycle,micro,2,11.913269
u64,sip,1024,insert-cycle,baseline,2,11.772785
u64,sip,1024,insert-cycle,lru,3,22.933960
u64,sip,1024,insert-cycle,hashlink,3,34.917434
u64,sip,1024,insert-cycle,micro,3,11.800617
u64,sip,1024,insert-cycle,baseline,3,11.652549
u64,sip,1024,insert-cycle,quick_cache,3,16.823969
u64,sip,1024,insert-cycle,hashlink,4,34.502362
u64,sip,1024,insert-cycle,micro,4,11.792805
u64,sip,1024,insert-cycle,baseline,4,11.700343
u64,sip,1024,insert-cycle,quick_cache,4,16.974323
u64,sip,1024,insert-cycle,lru,4,23.794189
u64,sip,1024,mixed-95,micro,0,15.141602
u64,sip,1024,mixed-95,baseline,0,13.515839
u64,sip,1024,mixed-95,quick_cache,0,13.637591
u64,sip,1024,mixed-95,lru,0,13.593035
u64,sip,1024,mixed-95,hashlink,0,11.193015
u64,sip,1024,mixed-95,baseline,1,14.367521
u64,sip,1024,mixed-95,quick_cache,1,13.322375
u64,sip,1024,mixed-95,lru,1,13.287136
u64,sip,1024,mixed-95,hashlink,1,10.885351
u64,sip,1024,mixed-95,micro,1,13.665848
u64,sip,1024,mixed-95,quick_cache,2,13.873820
u64,sip,1024,mixed-95,lru,2,13.563368
u64,sip,1024,mixed-95,hashlink,2,10.808759
u64,sip,1024,mixed-95,micro,2,13.156163
u64,sip,1024,mixed-95,baseline,2,13.803738
u64,sip,1024,mixed-95,lru,3,12.828432
u64,sip,1024,mixed-95,hashlink,3,10.636537
u64,sip,1024,mixed-95,micro,3,13.603027
u64,sip,1024,mixed-95,baseline,3,12.409127
u64,sip,1024,mixed-95,quick_cache,3,13.407392
u64,sip,1024,mixed-95,hashlink,4,10.583639
u64,sip,1024,mixed-95,micro,4,12.717938
u64,sip,1024,mixed-95,baseline,4,12.664286
u64,sip,1024,mixed-95,quick_cache,4,14.373390
u64,sip,1024,mixed-95,lru,4,14.656577
u64,sip,1024,load-hit,micro,0,15.394633
u64,sip,1024,load-hit,baseline,0,15.536413
u64,sip,1024,load-hit,quick_cache,0,8.799598
u64,sip,1024,load-hit,lru,0,5.264863
u64,sip,1024,load-hit,hashlink,0,5.182615
u64,sip,1024,load-hit,baseline,1,11.311387
u64,sip,1024,load-hit,quick_cache,1,8.824422
u64,sip,1024,load-hit,lru,1,5.378981
u64,sip,1024,load-hit,hashlink,1,5.206326
u64,sip,1024,load-hit,micro,1,7.403564
u64,sip,1024,load-hit,quick_cache,2,8.708155
u64,sip,1024,load-hit,lru,2,5.351338
u64,sip,1024,load-hit,hashlink,2,5.167644
u64,sip,1024,load-hit,micro,2,11.395696
u64,sip,1024,load-hit,baseline,2,15.331268
u64,sip,1024,load-hit,lru,3,5.351633
u64,sip,1024,load-hit,hashlink,3,5.170723
u64,sip,1024,load-hit,micro,3,14.076891
u64,sip,1024,load-hit,baseline,3,15.398234
u64,sip,1024,load-hit,quick_cache,3,8.678112
u64,sip,1024,load-hit,hashlink,4,5.151606
u64,sip,1024,load-hit,micro,4,15.418157
u64,sip,1024,load-hit,baseline,4,15.654460
u64,sip,1024,load-hit,quick_cache,4,8.893816
u64,sip,1024,load-hit,lru,4,5.487622
u64,sip,1024,load-cycle,micro,0,18.566017
u64,sip,1024,load-cycle,baseline,0,21.937128
u64,sip,1024,load-cycle,quick_cache,0,17.654850
u64,sip,1024,load-cycle,lru,0,24.106557
u64,sip,1024,load-cycle,hashlink,0,35.027879
u64,sip,1024,load-cycle,baseline,1,18.965501
u64,sip,1024,load-cycle,quick_cache,1,17.450480
u64,sip,1024,load-cycle,lru,1,23.654076
u64,sip,1024,load-cycle,hashlink,1,33.944791
u64,sip,1024,load-cycle,micro,1,20.641347
u64,sip,1024,load-cycle,quick_cache,2,17.449027
u64,sip,1024,load-cycle,lru,2,23.360321
u64,sip,1024,load-cycle,hashlink,2,32.818381
u64,sip,1024,load-cycle,micro,2,18.420160
u64,sip,1024,load-cycle,baseline,2,20.757400
u64,sip,1024,load-cycle,lru,3,23.503379
u64,sip,1024,load-cycle,hashlink,3,33.776478
u64,sip,1024,load-cycle,micro,3,19.142318
u64,sip,1024,load-cycle,baseline,3,20.441128
u64,sip,1024,load-cycle,quick_cache,3,17.654844
u64,sip,1024,load-cycle,hashlink,4,34.209495
u64,sip,1024,load-cycle,micro,4,18.571944
u64,sip,1024,load-cycle,baseline,4,20.561781
u64,sip,1024,load-cycle,quick_cache,4,17.663674
u64,sip,1024,load-cycle,lru,4,24.069528
u64,sip,1024,clear-refill,micro,0,9924.640264
u64,sip,1024,clear-refill,baseline,0,10001.526667
u64,sip,1024,clear-refill,quick_cache,0,9952.539735
u64,sip,1024,clear-refill,lru,0,38398.734177
u64,sip,1024,clear-refill,hashlink,0,25113.191667
u64,sip,1024,clear-refill,baseline,1,14076.130841
u64,sip,1024,clear-refill,quick_cache,1,10003.890000
u64,sip,1024,clear-refill,lru,1,36412.650602
u64,sip,1024,clear-refill,hashlink,1,24817.487603
u64,sip,1024,clear-refill,micro,1,14166.273585
u64,sip,1024,clear-refill,quick_cache,2,14059.967290
u64,sip,1024,clear-refill,lru,2,36362.445783
u64,sip,1024,clear-refill,hashlink,2,24689.213115
u64,sip,1024,clear-refill,micro,2,13928.430556
u64,sip,1024,clear-refill,baseline,2,9895.697368
u64,sip,1024,clear-refill,lru,3,36146.590361
u64,sip,1024,clear-refill,hashlink,3,24663.934426
u64,sip,1024,clear-refill,micro,3,13946.953704
u64,sip,1024,clear-refill,baseline,3,13943.092593
u64,sip,1024,clear-refill,quick_cache,3,12353.053498
u64,sip,1024,clear-refill,hashlink,4,24655.737705
u64,sip,1024,clear-refill,micro,4,13951.388889
u64,sip,1024,clear-refill,baseline,4,13938.462963
u64,sip,1024,clear-refill,quick_cache,4,14084.887850
u64,sip,1024,clear-refill,lru,4,36397.590361
u64,sip,1024,clear-empty,micro,0,62.607339
u64,sip,1024,clear-empty,baseline,0,63.778214
u64,sip,1024,clear-empty,quick_cache,0,1.680877
u64,sip,1024,clear-empty,lru,0,0.598514
u64,sip,1024,clear-empty,hashlink,0,0.597363
u64,sip,1024,clear-empty,baseline,1,64.295701
u64,sip,1024,clear-empty,quick_cache,1,1.689091
u64,sip,1024,clear-empty,lru,1,0.589291
u64,sip,1024,clear-empty,hashlink,1,0.601480
u64,sip,1024,clear-empty,micro,1,63.459861
u64,sip,1024,clear-empty,quick_cache,2,1.675992
u64,sip,1024,clear-empty,lru,2,0.586063
u64,sip,1024,clear-empty,hashlink,2,0.600170
u64,sip,1024,clear-empty,micro,2,63.065293
u64,sip,1024,clear-empty,baseline,2,63.044292
u64,sip,1024,clear-empty,lru,3,0.592673
u64,sip,1024,clear-empty,hashlink,3,0.599893
u64,sip,1024,clear-empty,micro,3,63.146673
u64,sip,1024,clear-empty,baseline,3,63.053910
u64,sip,1024,clear-empty,quick_cache,3,1.682972
u64,sip,1024,clear-empty,hashlink,4,0.593723
u64,sip,1024,clear-empty,micro,4,63.711850
u64,sip,1024,clear-empty,baseline,4,63.210538
u64,sip,1024,clear-empty,quick_cache,4,1.670190
u64,sip,1024,clear-empty,lru,4,0.588320
u64,sip,1024,iter-dense,micro,0,270.323037
u64,sip,1024,iter-dense,baseline,0,266.708807
u64,sip,1024,iter-dense,quick_cache,0,237.954077
u64,sip,1024,iter-dense,lru,0,1289.062500
u64,sip,1024,iter-dense,hashlink,0,1248.389803
u64,sip,1024,iter-dense,baseline,1,258.716426
u64,sip,1024,iter-dense,quick_cache,1,246.500410
u64,sip,1024,iter-dense,lru,1,1257.222083
u64,sip,1024,iter-dense,hashlink,1,1221.049513
u64,sip,1024,iter-dense,micro,1,262.915004
u64,sip,1024,iter-dense,quick_cache,2,242.980246
u64,sip,1024,iter-dense,lru,2,1245.922286
u64,sip,1024,iter-dense,hashlink,2,1219.697240
u64,sip,1024,iter-dense,micro,2,263.617012
u64,sip,1024,iter-dense,baseline,2,264.506338
u64,sip,1024,iter-dense,lru,3,1231.398539
u64,sip,1024,iter-dense,hashlink,3,1228.338068
u64,sip,1024,iter-dense,micro,3,263.397560
u64,sip,1024,iter-dense,baseline,3,265.143185
u64,sip,1024,iter-dense,quick_cache,3,245.698298
u64,sip,1024,iter-dense,hashlink,4,1236.379523
u64,sip,1024,iter-dense,micro,4,263.415906
u64,sip,1024,iter-dense,baseline,4,267.498397
u64,sip,1024,iter-dense,quick_cache,4,244.500000
u64,sip,1024,iter-dense,lru,4,1229.132711
u64,sip,1024,iter-dense-for,micro,0,265.779922
u64,sip,1024,iter-dense-for,baseline,0,268.560268
u64,sip,1024,iter-dense-for,quick_cache,0,489.020508
u64,sip,1024,iter-dense-for,lru,0,742.013287
u64,sip,1024,iter-dense-for,hashlink,0,580.343364
u64,sip,1024,iter-dense-for,baseline,1,275.025935
u64,sip,1024,iter-dense-for,quick_cache,1,479.890784
u64,sip,1024,iter-dense-for,lru,1,738.209961
u64,sip,1024,iter-dense-for,hashlink,1,581.139082
u64,sip,1024,iter-dense-for,micro,1,269.206662
u64,sip,1024,iter-dense-for,quick_cache,2,483.468911
u64,sip,1024,iter-dense-for,lru,2,730.973353
u64,sip,1024,iter-dense-for,hashlink,2,572.877096
u64,sip,1024,iter-dense-for,micro,2,267.442753
u64,sip,1024,iter-dense-for,baseline,2,270.998379
u64,sip,1024,iter-dense-for,lru,3,725.530769
u64,sip,1024,iter-dense-for,hashlink,3,568.718371
u64,sip,1024,iter-dense-for,micro,3,267.205306
u64,sip,1024,iter-dense-for,baseline,3,269.983926
u64,sip,1024,iter-dense-for,quick_cache,3,485.059601
u64,sip,1024,iter-dense-for,hashlink,4,877.482477
u64,sip,1024,iter-dense-for,micro,4,265.643414
u64,sip,1024,iter-dense-for,baseline,4,269.329782
u64,sip,1024,iter-dense-for,quick_cache,4,480.063457
u64,sip,1024,iter-dense-for,lru,4,732.245155
u64,sip,1024,iter-density-1pct,micro,0,287.282588
u64,sip,1024,iter-density-1pct,baseline,0,287.087443
u64,sip,1024,iter-density-1pct,quick_cache,0,168.466674
u64,sip,1024,iter-density-1pct,lru,0,4.180474
u64,sip,1024,iter-density-1pct,hashlink,0,4.279319
u64,sip,1024,iter-density-1pct,baseline,1,293.733789
u64,sip,1024,iter-density-1pct,quick_cache,1,171.345176
u64,sip,1024,iter-density-1pct,lru,1,4.276196
u64,sip,1024,iter-density-1pct,hashlink,1,4.210702
u64,sip,1024,iter-density-1pct,micro,1,292.335962
u64,sip,1024,iter-density-1pct,quick_cache,2,171.670247
u64,sip,1024,iter-density-1pct,lru,2,4.220618
u64,sip,1024,iter-density-1pct,hashlink,2,4.244194
u64,sip,1024,iter-density-1pct,micro,2,293.050098
u64,sip,1024,iter-density-1pct,baseline,2,290.010899
u64,sip,1024,iter-density-1pct,lru,3,4.207112
u64,sip,1024,iter-density-1pct,hashlink,3,4.239131
u64,sip,1024,iter-density-1pct,micro,3,292.311624
u64,sip,1024,iter-density-1pct,baseline,3,290.002894
u64,sip,1024,iter-density-1pct,quick_cache,3,169.226295
u64,sip,1024,iter-density-1pct,hashlink,4,4.253244
u64,sip,1024,iter-density-1pct,micro,4,292.571262
u64,sip,1024,iter-density-1pct,baseline,4,289.556809
u64,sip,1024,iter-density-1pct,quick_cache,4,168.569569
u64,sip,1024,iter-density-1pct,lru,4,4.206793
u64,sip,1024,iter-density-6pct,micro,0,272.169384
u64,sip,1024,iter-density-6pct,baseline,0,272.922693
u64,sip,1024,iter-density-6pct,quick_cache,0,175.006297
u64,sip,1024,iter-density-6pct,lru,0,48.891945
u64,sip,1024,iter-density-6pct,hashlink,0,48.711445
u64,sip,1024,iter-density-6pct,baseline,1,284.426326
u64,sip,1024,iter-density-6pct,quick_cache,1,174.051542
u64,sip,1024,iter-density-6pct,lru,1,49.745806
u64,sip,1024,iter-density-6pct,hashlink,1,49.718054
u64,sip,1024,iter-density-6pct,micro,1,298.674662
u64,sip,1024,iter-density-6pct,quick_cache,2,171.991815
u64,sip,1024,iter-density-6pct,lru,2,48.816941
u64,sip,1024,iter-density-6pct,hashlink,2,50.011117
u64,sip,1024,iter-density-6pct,micro,2,290.039062
u64,sip,1024,iter-density-6pct,baseline,2,282.153247
u64,sip,1024,iter-density-6pct,lru,3,48.353017
u64,sip,1024,iter-density-6pct,hashlink,3,48.628890
u64,sip,1024,iter-density-6pct,micro,3,283.771620
u64,sip,1024,iter-density-6pct,baseline,3,281.398204
u64,sip,1024,iter-density-6pct,quick_cache,3,175.001458
u64,sip,1024,iter-density-6pct,hashlink,4,48.959008
u64,sip,1024,iter-density-6pct,micro,4,287.015768
u64,sip,1024,iter-density-6pct,baseline,4,284.276420
u64,sip,1024,iter-density-6pct,quick_cache,4,176.001114
u64,sip,1024,iter-density-6pct,lru,4,49.235154
u64,sip,1024,iter-density-quarter,micro,0,251.452162
u64,sip,1024,iter-density-quarter,baseline,0,251.881535
u64,sip,1024,iter-density-quarter,quick_cache,0,220.670956
u64,sip,1024,iter-density-quarter,lru,0,286.410728
u64,sip,1024,iter-density-quarter,hashlink,0,296.369775
u64,sip,1024,iter-density-quarter,baseline,1,248.150215
u64,sip,1024,iter-density-quarter,quick_cache,1,219.905738
u64,sip,1024,iter-density-quarter,lru,1,284.544697
u64,sip,1024,iter-density-quarter,hashlink,1,293.664551
u64,sip,1024,iter-density-quarter,micro,1,249.546293
u64,sip,1024,iter-density-quarter,quick_cache,2,219.753293
u64,sip,1024,iter-density-quarter,lru,2,302.146101
u64,sip,1024,iter-density-quarter,hashlink,2,297.365407
u64,sip,1024,iter-density-quarter,micro,2,246.643947
u64,sip,1024,iter-density-quarter,baseline,2,249.240136
u64,sip,1024,iter-density-quarter,lru,3,295.061124
u64,sip,1024,iter-density-quarter,hashlink,3,294.844143
u64,sip,1024,iter-density-quarter,micro,3,247.753133
u64,sip,1024,iter-density-quarter,baseline,3,249.954953
u64,sip,1024,iter-density-quarter,quick_cache,3,219.102877
u64,sip,1024,iter-density-quarter,hashlink,4,284.568371
u64,sip,1024,iter-density-quarter,micro,4,249.452876
u64,sip,1024,iter-density-quarter,baseline,4,249.754072
u64,sip,1024,iter-density-quarter,quick_cache,4,219.978850
u64,sip,1024,iter-density-quarter,lru,4,285.591660
u64,sip,1024,iter-density-half,micro,0,254.992442
u64,sip,1024,iter-density-half,baseline,0,257.295291
u64,sip,1024,iter-density-half,quick_cache,0,224.020510
u64,sip,1024,iter-density-half,lru,0,600.028065
u64,sip,1024,iter-density-half,hashlink,0,597.681131
u64,sip,1024,iter-density-half,baseline,1,254.181487
u64,sip,1024,iter-density-half,quick_cache,1,224.450508
u64,sip,1024,iter-density-half,lru,1,596.848695
u64,sip,1024,iter-density-half,hashlink,1,598.045979
u64,sip,1024,iter-density-half,micro,1,253.945017
u64,sip,1024,iter-density-half,quick_cache,2,222.224304
u64,sip,1024,iter-density-half,lru,2,603.582532
u64,sip,1024,iter-density-half,hashlink,2,626.545208
u64,sip,1024,iter-density-half,micro,2,254.787279
u64,sip,1024,iter-density-half,baseline,2,256.137943
u64,sip,1024,iter-density-half,lru,3,601.287059
u64,sip,1024,iter-density-half,hashlink,3,604.742588
u64,sip,1024,iter-density-half,micro,3,256.730960
u64,sip,1024,iter-density-half,baseline,3,264.649296
u64,sip,1024,iter-density-half,quick_cache,3,224.979391
u64,sip,1024,iter-density-half,hashlink,4,599.356489
u64,sip,1024,iter-density-half,micro,4,254.530827
u64,sip,1024,iter-density-half,baseline,4,257.116866
u64,sip,1024,iter-density-half,quick_cache,4,228.216241
u64,sip,1024,iter-density-half,lru,4,597.789013
u64,sip,1024,iter-front,micro,0,245.277823
u64,sip,1024,iter-front,baseline,0,245.355989
u64,sip,1024,iter-front,quick_cache,0,161.020583
u64,sip,1024,iter-front,lru,0,1.104292
u64,sip,1024,iter-front,hashlink,0,1.152598
u64,sip,1024,iter-front,baseline,1,240.379236
u64,sip,1024,iter-front,quick_cache,1,154.488880
u64,sip,1024,iter-front,lru,1,1.159684
u64,sip,1024,iter-front,hashlink,1,1.161178
u64,sip,1024,iter-front,micro,1,241.143156
u64,sip,1024,iter-front,quick_cache,2,157.626471
u64,sip,1024,iter-front,lru,2,1.160416
u64,sip,1024,iter-front,hashlink,2,1.170587
u64,sip,1024,iter-front,micro,2,246.681594
u64,sip,1024,iter-front,baseline,2,250.859960
u64,sip,1024,iter-front,lru,3,1.163296
u64,sip,1024,iter-front,hashlink,3,1.172080
u64,sip,1024,iter-front,micro,3,246.370571
u64,sip,1024,iter-front,baseline,3,244.327148
u64,sip,1024,iter-front,quick_cache,3,160.412233
u64,sip,1024,iter-front,hashlink,4,1.170792
u64,sip,1024,iter-front,micro,4,246.148458
u64,sip,1024,iter-front,baseline,4,245.732493
u64,sip,1024,iter-front,quick_cache,4,206.652671
u64,sip,1024,iter-front,lru,4,1.120915
u64,sip,1024,iter-back,micro,0,248.908654
u64,sip,1024,iter-back,baseline,0,242.513889
u64,sip,1024,iter-back,quick_cache,0,153.652209
u64,sip,1024,iter-back,lru,0,1.127779
u64,sip,1024,iter-back,hashlink,0,1.118575
u64,sip,1024,iter-back,baseline,1,250.465250
u64,sip,1024,iter-back,quick_cache,1,153.048940
u64,sip,1024,iter-back,lru,1,1.183279
u64,sip,1024,iter-back,hashlink,1,1.134988
u64,sip,1024,iter-back,micro,1,250.003500
u64,sip,1024,iter-back,quick_cache,2,159.373674
u64,sip,1024,iter-back,lru,2,1.179839
u64,sip,1024,iter-back,hashlink,2,1.173503
u64,sip,1024,iter-back,micro,2,252.152638
u64,sip,1024,iter-back,baseline,2,246.230479
u64,sip,1024,iter-back,lru,3,1.198527
u64,sip,1024,iter-back,hashlink,3,1.174415
u64,sip,1024,iter-back,micro,3,263.050070
u64,sip,1024,iter-back,baseline,3,248.673740
u64,sip,1024,iter-back,quick_cache,3,159.406834
u64,sip,1024,iter-back,hashlink,4,1.144745
u64,sip,1024,iter-back,micro,4,250.465250
u64,sip,1024,iter-back,baseline,4,250.950451
u64,sip,1024,iter-back,quick_cache,4,159.839012
u64,sip,1024,iter-back,lru,4,1.189193
u64,sip,1024,iter-empty,micro,0,248.529101
u64,sip,1024,iter-empty,baseline,0,245.355989
u64,sip,1024,iter-empty,quick_cache,0,159.362638
u64,sip,1024,iter-empty,lru,0,0.957228
u64,sip,1024,iter-empty,hashlink,0,0.976125
u64,sip,1024,iter-empty,baseline,1,245.626718
u64,sip,1024,iter-empty,quick_cache,1,159.832411
u64,sip,1024,iter-empty,lru,1,0.956935
u64,sip,1024,iter-empty,hashlink,1,0.986448
u64,sip,1024,iter-empty,micro,1,248.212219
u64,sip,1024,iter-empty,quick_cache,2,158.528663
u64,sip,1024,iter-empty,lru,2,0.958844
u64,sip,1024,iter-empty,hashlink,2,0.976074
u64,sip,1024,iter-empty,micro,2,249.660655
u64,sip,1024,iter-empty,baseline,2,242.369186
u64,sip,1024,iter-empty,lru,3,0.955667
u64,sip,1024,iter-empty,hashlink,3,0.975678
u64,sip,1024,iter-empty,micro,3,245.783541
u64,sip,1024,iter-empty,baseline,3,256.169874
u64,sip,1024,iter-empty,quick_cache,3,159.941120
u64,sip,1024,iter-empty,hashlink,4,0.969453
u64,sip,1024,iter-empty,micro,4,244.886913
u64,sip,1024,iter-empty,baseline,4,247.388935
u64,sip,1024,iter-empty,quick_cache,4,159.447598
u64,sip,1024,iter-empty,lru,4,0.969293
u64,sip,1024,iter-count,micro,0,244.795085
u64,sip,1024,iter-count,baseline,0,242.821907
u64,sip,1024,iter-count,quick_cache,0,452.849609
u64,sip,1024,iter-count,lru,0,0.385326
u64,sip,1024,iter-count,hashlink,0,0.386712
u64,sip,1024,iter-count,baseline,1,242.964764
u64,sip,1024,iter-count,quick_cache,1,454.708834
u64,sip,1024,iter-count,lru,1,0.385027
u64,sip,1024,iter-count,hashlink,1,0.388829
u64,sip,1024,iter-count,micro,1,242.217395
u64,sip,1024,iter-count,quick_cache,2,460.687200
u64,sip,1024,iter-count,lru,2,0.382846
u64,sip,1024,iter-count,hashlink,2,0.385699
u64,sip,1024,iter-count,micro,2,242.994659
u64,sip,1024,iter-count,baseline,2,239.746094
u64,sip,1024,iter-count,lru,3,0.382271
u64,sip,1024,iter-count,hashlink,3,0.385955
u64,sip,1024,iter-count,micro,3,243.615753
u64,sip,1024,iter-count,baseline,3,242.449936
u64,sip,1024,iter-count,quick_cache,3,460.624399
u64,sip,1024,iter-count,hashlink,4,0.393595
u64,sip,1024,iter-count,micro,4,249.674535
u64,sip,1024,iter-count,baseline,4,238.981094
u64,sip,1024,iter-count,quick_cache,4,466.026893
u64,sip,1024,iter-count,lru,4,0.386635
u64,sip,16384,get-hit,micro,0,7.476702
u64,sip,16384,get-hit,baseline,0,7.526529
u64,sip,16384,get-hit,quick_cache,0,7.429199
u64,sip,16384,get-hit,lru,0,8.676218
u64,sip,16384,get-hit,hashlink,0,8.091027
u64,sip,16384,get-hit,baseline,1,6.623858
u64,sip,16384,get-hit,quick_cache,1,6.986222
u64,sip,16384,get-hit,lru,1,7.774671
u64,sip,16384,get-hit,hashlink,1,7.713425
u64,sip,16384,get-hit,micro,1,6.925090
u64,sip,16384,get-hit,quick_cache,2,6.949467
u64,sip,16384,get-hit,lru,2,7.929591
u64,sip,16384,get-hit,hashlink,2,7.755491
u64,sip,16384,get-hit,micro,2,6.943613
u64,sip,16384,get-hit,baseline,2,6.979792
u64,sip,16384,get-hit,lru,3,8.020041
u64,sip,16384,get-hit,hashlink,3,7.842802
u64,sip,16384,get-hit,micro,3,6.986029
u64,sip,16384,get-hit,baseline,3,7.288017
u64,sip,16384,get-hit,quick_cache,3,7.172316
u64,sip,16384,get-hit,hashlink,4,7.895612
u64,sip,16384,get-hit,micro,4,7.170553
u64,sip,16384,get-hit,baseline,4,7.149524
u64,sip,16384,get-hit,quick_cache,4,7.064134
u64,sip,16384,get-hit,lru,4,8.013075
u64,sip,16384,get-miss,micro,0,5.115580
u64,sip,16384,get-miss,baseline,0,5.128437
u64,sip,16384,get-miss,quick_cache,0,5.035260
u64,sip,16384,get-miss,lru,0,5.334533
u64,sip,16384,get-miss,hashlink,0,4.962886
u64,sip,16384,get-miss,baseline,1,5.107808
u64,sip,16384,get-miss,quick_cache,1,5.015950
u64,sip,16384,get-miss,lru,1,5.341165
u64,sip,16384,get-miss,hashlink,1,4.891968
u64,sip,16384,get-miss,micro,1,5.064385
u64,sip,16384,get-miss,quick_cache,2,5.006808
u64,sip,16384,get-miss,lru,2,5.325685
u64,sip,16384,get-miss,hashlink,2,4.900173
u64,sip,16384,get-miss,micro,2,5.032543
u64,sip,16384,get-miss,baseline,2,5.090783
u64,sip,16384,get-miss,lru,3,5.338365
u64,sip,16384,get-miss,hashlink,3,4.965637
u64,sip,16384,get-miss,micro,3,5.193504
u64,sip,16384,get-miss,baseline,3,5.179536
u64,sip,16384,get-miss,quick_cache,3,5.103217
u64,sip,16384,get-miss,hashlink,4,4.965705
u64,sip,16384,get-miss,micro,4,5.051564
u64,sip,16384,get-miss,baseline,4,5.107173
u64,sip,16384,get-miss,quick_cache,4,5.039233
u64,sip,16384,get-miss,lru,4,5.319053
u64,sip,16384,update,micro,0,6.835562
u64,sip,16384,update,baseline,0,6.859108
u64,sip,16384,update,quick_cache,0,12.081023
u64,sip,16384,update,lru,0,7.485939
u64,sip,16384,update,hashlink,0,21.050632
u64,sip,16384,update,baseline,1,6.821716
u64,sip,16384,update,quick_cache,1,12.041153
u64,sip,16384,update,lru,1,7.474060
u64,sip,16384,update,hashlink,1,20.630446
u64,sip,16384,update,micro,1,6.830664
u64,sip,16384,update,quick_cache,2,12.207031
u64,sip,16384,update,lru,2,7.496841
u64,sip,16384,update,hashlink,2,20.740933
u64,sip,16384,update,micro,2,6.835090
u64,sip,16384,update,baseline,2,6.947162
u64,sip,16384,update,lru,3,7.712789
u64,sip,16384,update,hashlink,3,21.105164
u64,sip,16384,update,micro,3,7.001575
u64,sip,16384,update,baseline,3,7.105215
u64,sip,16384,update,quick_cache,3,12.226021
u64,sip,16384,update,hashlink,4,20.666897
u64,sip,16384,update,micro,4,6.895842
u64,sip,16384,update,baseline,4,6.998026
u64,sip,16384,update,quick_cache,4,12.286039
u64,sip,16384,update,lru,4,7.568462
u64,sip,16384,insert-cycle,micro,0,30.530294
u64,sip,16384,insert-cycle,baseline,0,30.920664
u64,sip,16384,insert-cycle,quick_cache,0,20.439661
u64,sip,16384,insert-cycle,lru,0,37.027995
u64,sip,16384,insert-cycle,hashlink,0,49.825027
u64,sip,16384,insert-cycle,baseline,1,30.534536
u64,sip,16384,insert-cycle,quick_cache,1,20.121259
u64,sip,16384,insert-cycle,lru,1,38.174103
u64,sip,16384,insert-cycle,hashlink,1,51.875427
u64,sip,16384,insert-cycle,micro,1,30.691783
u64,sip,16384,insert-cycle,quick_cache,2,20.984137
u64,sip,16384,insert-cycle,lru,2,38.244883
u64,sip,16384,insert-cycle,hashlink,2,50.414398
u64,sip,16384,insert-cycle,micro,2,30.392014
u64,sip,16384,insert-cycle,baseline,2,31.175395
u64,sip,16384,insert-cycle,lru,3,38.787415
u64,sip,16384,insert-cycle,hashlink,3,50.106689
u64,sip,16384,insert-cycle,micro,3,30.238464
u64,sip,16384,insert-cycle,baseline,3,30.458138
u64,sip,16384,insert-cycle,quick_cache,3,20.152026
u64,sip,16384,insert-cycle,hashlink,4,51.459625
u64,sip,16384,insert-cycle,micro,4,30.433975
u64,sip,16384,insert-cycle,baseline,4,30.480698
u64,sip,16384,insert-cycle,quick_cache,4,20.323944
u64,sip,16384,insert-cycle,lru,4,38.695017
u64,sip,16384,mixed-95,micro,0,21.938247
u64,sip,16384,mixed-95,baseline,0,20.161679
u64,sip,16384,mixed-95,quick_cache,0,11.940575
u64,sip,16384,mixed-95,lru,0,20.446777
u64,sip,16384,mixed-95,hashlink,0,14.351088
u64,sip,16384,mixed-95,baseline,1,20.190320
u64,sip,16384,mixed-95,quick_cache,1,11.151556
u64,sip,16384,mixed-95,lru,1,20.458930
u64,sip,16384,mixed-95,hashlink,1,15.004272
u64,sip,16384,mixed-95,micro,1,20.892395
u64,sip,16384,mixed-95,quick_cache,2,11.141846
u64,sip,16384,mixed-95,lru,2,21.312859
u64,sip,16384,mixed-95,hashlink,2,15.581340
u64,sip,16384,mixed-95,micro,2,21.150662
u64,sip,16384,mixed-95,baseline,2,21.224128
u64,sip,16384,mixed-95,lru,3,20.388285
u64,sip,16384,mixed-95,hashlink,3,15.322790
u64,sip,16384,mixed-95,micro,3,21.514045
u64,sip,16384,mixed-95,baseline,3,21.211690
u64,sip,16384,mixed-95,quick_cache,3,11.430376
u64,sip,16384,mixed-95,hashlink,4,14.699297
u64,sip,16384,mixed-95,micro,4,21.671968
u64,sip,16384,mixed-95,baseline,4,21.858959
u64,sip,16384,mixed-95,quick_cache,4,11.399703
u64,sip,16384,mixed-95,lru,4,20.506117
u64,sip,16384,load-hit,micro,0,20.589471
u64,sip,16384,load-hit,baseline,0,20.731038
u64,sip,16384,load-hit,quick_cache,0,11.922694
u64,sip,16384,load-hit,lru,0,7.620052
u64,sip,16384,load-hit,hashlink,0,7.569707
u64,sip,16384,load-hit,baseline,1,21.012485
u64,sip,16384,load-hit,quick_cache,1,11.936311
u64,sip,16384,load-hit,lru,1,7.693713
u64,sip,16384,load-hit,hashlink,1,7.548636
u64,sip,16384,load-hit,micro,1,21.208869
u64,sip,16384,load-hit,quick_cache,2,11.921544
u64,sip,16384,load-hit,lru,2,7.615172
u64,sip,16384,load-hit,hashlink,2,7.557044
u64,sip,16384,load-hit,micro,2,21.132005
u64,sip,16384,load-hit,baseline,2,21.191630
u64,sip,16384,load-hit,lru,3,8.401234
u64,sip,16384,load-hit,hashlink,3,8.402854
u64,sip,16384,load-hit,micro,3,21.438036
u64,sip,16384,load-hit,baseline,3,21.795834
u64,sip,16384,load-hit,quick_cache,3,12.483044
u64,sip,16384,load-hit,hashlink,4,8.171704
u64,sip,16384,load-hit,micro,4,21.975349
u64,sip,16384,load-hit,baseline,4,21.354112
u64,sip,16384,load-hit,quick_cache,4,12.535095
u64,sip,16384,load-hit,lru,4,8.263032
u64,sip,16384,load-cycle,micro,0,37.882914
u64,sip,16384,load-cycle,baseline,0,38.414429
u64,sip,16384,load-cycle,quick_cache,0,21.286267
u64,sip,16384,load-cycle,lru,0,40.339996
u64,sip,16384,load-cycle,hashlink,0,53.234741
u64,sip,16384,load-cycle,baseline,1,37.771434
u64,sip,16384,load-cycle,quick_cache,1,21.323395
u64,sip,16384,load-cycle,lru,1,39.887746
u64,sip,16384,load-cycle,hashlink,1,52.686691
u64,sip,16384,load-cycle,micro,1,37.670980
u64,sip,16384,load-cycle,quick_cache,2,21.872205
u64,sip,16384,load-cycle,lru,2,39.551626
u64,sip,16384,load-cycle,hashlink,2,52.835464
u64,sip,16384,load-cycle,micro,2,37.682851
u64,sip,16384,load-cycle,baseline,2,37.525177
u64,sip,16384,load-cycle,lru,3,39.432098
u64,sip,16384,load-cycle,hashlink,3,53.322464
u64,sip,16384,load-cycle,micro,3,37.525594
u64,sip,16384,load-cycle,baseline,3,37.429810
u64,sip,16384,load-cycle,quick_cache,3,21.426898
u64,sip,16384,load-cycle,hashlink,4,53.134277
u64,sip,16384,load-cycle,micro,4,37.373444
u64,sip,16384,load-cycle,baseline,4,37.142436
u64,sip,16384,load-cycle,quick_cache,4,21.354675
u64,sip,16384,load-cycle,lru,4,39.014181
u64,sip,16384,clear-refill,micro,0,179362.705882
u64,sip,16384,clear-refill,baseline,0,239121.769231
u64,sip,16384,clear-refill,quick_cache,0,240519.230769
u64,sip,16384,clear-refill,lru,0,691233.400000
u64,sip,16384,clear-refill,hashlink,0,424406.250000
u64,sip,16384,clear-refill,baseline,1,231038.642857
u64,sip,16384,clear-refill,quick_cache,1,235929.461538
u64,sip,16384,clear-refill,lru,1,685741.600000
u64,sip,16384,clear-refill,hashlink,1,422755.250000
u64,sip,16384,clear-refill,micro,1,238246.769231
u64,sip,16384,clear-refill,quick_cache,2,237275.692308
u64,sip,16384,clear-refill,lru,2,728400.000000
u64,sip,16384,clear-refill,hashlink,2,426791.625000
u64,sip,16384,clear-refill,micro,2,225776.785714
u64,sip,16384,clear-refill,baseline,2,219181.571429
u64,sip,16384,clear-refill,lru,3,641400.000000
u64,sip,16384,clear-refill,hashlink,3,394817.625000
u64,sip,16384,clear-refill,micro,3,233262.846154
u64,sip,16384,clear-refill,baseline,3,226645.857143
u64,sip,16384,clear-refill,quick_cache,3,201625.000000
u64,sip,16384,clear-refill,hashlink,4,399635.375000
u64,sip,16384,clear-refill,micro,4,200719.466667
u64,sip,16384,clear-refill,baseline,4,236759.615385
u64,sip,16384,clear-refill,quick_cache,4,201104.125000
u64,sip,16384,clear-refill,lru,4,690450.000000
u64,sip,16384,clear-empty,micro,0,323.875633
u64,sip,16384,clear-empty,baseline,0,308.718030
u64,sip,16384,clear-empty,quick_cache,0,1.690309
u64,sip,16384,clear-empty,lru,0,0.599586
u64,sip,16384,clear-empty,hashlink,0,0.600284
u64,sip,16384,clear-empty,baseline,1,312.354441
u64,sip,16384,clear-empty,quick_cache,1,1.692506
u64,sip,16384,clear-empty,lru,1,0.597302
u64,sip,16384,clear-empty,hashlink,1,0.606358
u64,sip,16384,clear-empty,micro,1,313.266653
u64,sip,16384,clear-empty,quick_cache,2,1.686488
u64,sip,16384,clear-empty,lru,2,0.597316
u64,sip,16384,clear-empty,hashlink,2,0.600855
u64,sip,16384,clear-empty,micro,2,311.626234
u64,sip,16384,clear-empty,baseline,2,308.820724
u64,sip,16384,clear-empty,lru,3,0.592514
u64,sip,16384,clear-empty,hashlink,3,0.602484
u64,sip,16384,clear-empty,micro,3,330.873806
u64,sip,16384,clear-empty,baseline,3,309.613178
u64,sip,16384,clear-empty,quick_cache,3,1.675659
u64,sip,16384,clear-empty,hashlink,4,0.593784
u64,sip,16384,clear-empty,micro,4,348.020106
u64,sip,16384,clear-empty,baseline,4,335.690960
u64,sip,16384,clear-empty,quick_cache,4,1.688038
u64,sip,16384,clear-empty,lru,4,0.593071
u64,sip,16384,iter-dense,micro,0,4629.092262
u64,sip,16384,iter-dense,baseline,0,4641.122024
u64,sip,16384,iter-dense,quick_cache,0,5288.048611
u64,sip,16384,iter-dense,lru,0,21651.306250
u64,sip,16384,iter-dense,hashlink,0,21801.825000
u64,sip,16384,iter-dense,baseline,1,4603.671131
u64,sip,16384,iter-dense,quick_cache,1,5297.887153
u64,sip,16384,iter-dense,lru,1,21651.562500
u64,sip,16384,iter-dense,hashlink,1,21954.950000
u64,sip,16384,iter-dense,micro,1,4624.132440
u64,sip,16384,iter-dense,quick_cache,2,5292.027778
u64,sip,16384,iter-dense,lru,2,21686.981250
u64,sip,16384,iter-dense,hashlink,2,22358.593750
u64,sip,16384,iter-dense,micro,2,4609.994048
u64,sip,16384,iter-dense,baseline,2,4615.575893
u64,sip,16384,iter-dense,lru,3,21914.325000
u64,sip,16384,iter-dense,hashlink,3,22399.475000
u64,sip,16384,iter-dense,micro,3,4422.112216
u64,sip,16384,iter-dense,baseline,3,4523.872024
u64,sip,16384,iter-dense,quick_cache,3,5133.291118
u64,sip,16384,iter-dense,hashlink,4,21596.875000
u64,sip,16384,iter-dense,micro,4,4541.355655
u64,sip,16384,iter-dense,baseline,4,4531.870536
u64,sip,16384,iter-dense,quick_cache,4,5153.440789
u64,sip,16384,iter-dense,lru,4,21353.387500
u64,sip,16384,iter-dense-for,micro,0,4537.202381
u64,sip,16384,iter-dense-for,baseline,0,4527.715774
u64,sip,16384,iter-dense-for,quick_cache,0,7833.007812
u64,sip,16384,iter-dense-for,lru,0,16552.515625
u64,sip,16384,iter-dense-for,hashlink,0,16603.296875
u64,sip,16384,iter-dense-for,baseline,1,4526.104167
u64,sip,16384,iter-dense-for,quick_cache,1,7854.710938
u64,sip,16384,iter-dense-for,lru,1,16856.338542
u64,sip,16384,iter-dense-for,hashlink,1,16565.755208
u64,sip,16384,iter-dense-for,micro,1,4558.284226
u64,sip,16384,iter-dense-for,quick_cache,2,7805.088942
u64,sip,16384,iter-dense-for,lru,2,17109.807292
u64,sip,16384,iter-dense-for,hashlink,2,17738.718750
u64,sip,16384,iter-dense-for,micro,2,4485.181548
u64,sip,16384,iter-dense-for,baseline,2,4594.122024
u64,sip,16384,iter-dense-for,lru,3,17193.145833
u64,sip,16384,iter-dense-for,hashlink,3,16690.317708
u64,sip,16384,iter-dense-for,micro,3,4535.714286
u64,sip,16384,iter-dense-for,baseline,3,4546.316964
u64,sip,16384,iter-dense-for,quick_cache,3,7844.401042
u64,sip,16384,iter-dense-for,hashlink,4,17269.531250
u64,sip,16384,iter-dense-for,micro,4,4529.822917
u64,sip,16384,iter-dense-for,baseline,4,4528.336310
u64,sip,16384,iter-dense-for,quick_cache,4,7853.947917
u64,sip,16384,iter-dense-for,lru,4,15748.484375
u64,sip,16384,iter-density-1pct,micro,0,4876.628125
u64,sip,16384,iter-density-1pct,baseline,0,4841.862500
u64,sip,16384,iter-density-1pct,quick_cache,0,4745.507812
u64,sip,16384,iter-density-1pct,lru,0,173.693056
u64,sip,16384,iter-density-1pct,hashlink,0,170.752841
u64,sip,16384,iter-density-1pct,baseline,1,4809.504687
u64,sip,16384,iter-density-1pct,quick_cache,1,4829.687500
u64,sip,16384,iter-density-1pct,lru,1,175.900915
u64,sip,16384,iter-density-1pct,hashlink,1,174.661022
u64,sip,16384,iter-density-1pct,micro,1,4892.903125
u64,sip,16384,iter-density-1pct,quick_cache,2,4823.307813
u64,sip,16384,iter-density-1pct,lru,2,176.980130
u64,sip,16384,iter-density-1pct,hashlink,2,176.784193
u64,sip,16384,iter-density-1pct,micro,2,4853.515625
u64,sip,16384,iter-density-1pct,baseline,2,4866.210938
u64,sip,16384,iter-density-1pct,lru,3,173.208314
u64,sip,16384,iter-density-1pct,hashlink,3,172.984894
u64,sip,16384,iter-density-1pct,micro,3,4843.098437
u64,sip,16384,iter-density-1pct,baseline,3,4862.500000
u64,sip,16384,iter-density-1pct,quick_cache,3,4695.053125
u64,sip,16384,iter-density-1pct,hashlink,4,173.150657
u64,sip,16384,iter-density-1pct,micro,4,4866.470312
u64,sip,16384,iter-density-1pct,baseline,4,4875.131250
u64,sip,16384,iter-density-1pct,quick_cache,4,4867.251562
u64,sip,16384,iter-density-1pct,lru,4,174.275906
u64,sip,16384,iter-density-6pct,micro,0,4162.591033
u64,sip,16384,iter-density-6pct,baseline,0,4262.398098
u64,sip,16384,iter-density-6pct,quick_cache,0,4551.339286
u64,sip,16384,iter-density-6pct,lru,0,3968.967448
u64,sip,16384,iter-density-6pct,hashlink,0,4282.375000
u64,sip,16384,iter-density-6pct,baseline,1,4465.897321
u64,sip,16384,iter-density-6pct,quick_cache,1,4775.976562
u64,sip,16384,iter-density-6pct,lru,1,4601.376488
u64,sip,16384,iter-density-6pct,hashlink,1,4324.099432
u64,sip,16384,iter-density-6pct,micro,1,4511.842262
u64,sip,16384,iter-density-6pct,quick_cache,2,4748.957812
u64,sip,16384,iter-density-6pct,lru,2,4608.877976
u64,sip,16384,iter-density-6pct,hashlink,2,4450.994318
u64,sip,16384,iter-density-6pct,micro,2,4471.415179
u64,sip,16384,iter-density-6pct,baseline,2,4292.318182
u64,sip,16384,iter-density-6pct,lru,3,4617.001488
u64,sip,16384,iter-density-6pct,hashlink,3,4442.353693
u64,sip,16384,iter-density-6pct,micro,3,4646.391369
u64,sip,16384,iter-density-6pct,baseline,3,4282.552557
u64,sip,16384,iter-density-6pct,quick_cache,3,4637.400298
u64,sip,16384,iter-density-6pct,hashlink,4,4229.392663
u64,sip,16384,iter-density-6pct,micro,4,4503.596726
u64,sip,16384,iter-density-6pct,baseline,4,4556.361607
u64,sip,16384,iter-density-6pct,quick_cache,4,4821.875000
u64,sip,16384,iter-density-6pct,lru,4,4393.524148
u64,sip,16384,iter-density-quarter,micro,0,4020.127604
u64,sip,16384,iter-density-quarter,baseline,0,4101.505435
u64,sip,16384,iter-density-quarter,quick_cache,0,4766.340625
u64,sip,16384,iter-density-quarter,lru,0,6430.468750
u64,sip,16384,iter-density-quarter,hashlink,0,6157.876953
u64,sip,16384,iter-density-quarter,baseline,1,4057.236979
u64,sip,16384,iter-density-quarter,quick_cache,1,4730.403125
u64,sip,16384,iter-density-quarter,lru,1,6518.922917
u64,sip,16384,iter-density-quarter,hashlink,1,6166.666016
u64,sip,16384,iter-density-quarter,micro,1,4031.901042
u64,sip,16384,iter-density-quarter,quick_cache,2,4905.468750
u64,sip,16384,iter-density-quarter,lru,2,6494.879167
u64,sip,16384,iter-density-quarter,hashlink,2,6191.406250
u64,sip,16384,iter-density-quarter,micro,2,4018.989583
u64,sip,16384,iter-density-quarter,baseline,2,4047.906250
u64,sip,16384,iter-density-quarter,lru,3,6580.643750
u64,sip,16384,iter-density-quarter,hashlink,3,6193.195312
u64,sip,16384,iter-density-quarter,micro,3,4008.138021
u64,sip,16384,iter-density-quarter,baseline,3,4041.938802
u64,sip,16384,iter-density-quarter,quick_cache,3,4737.043750
u64,sip,16384,iter-density-quarter,hashlink,4,6485.329167
u64,sip,16384,iter-density-quarter,micro,4,4014.919271
u64,sip,16384,iter-density-quarter,baseline,4,4076.444010
u64,sip,16384,iter-density-quarter,quick_cache,4,4870.378125
u64,sip,16384,iter-density-quarter,lru,4,6504.252083
u64,sip,16384,iter-density-half,micro,0,4140.342391
u64,sip,16384,iter-density-half,baseline,0,4265.684659
u64,sip,16384,iter-density-half,quick_cache,0,4799.479688
u64,sip,16384,iter-density-half,lru,0,14157.178571
u64,sip,16384,iter-density-half,hashlink,0,15645.619792
u64,sip,16384,iter-density-half,baseline,1,4230.978261
u64,sip,16384,iter-density-half,quick_cache,1,4810.937500
u64,sip,16384,iter-density-half,lru,1,14335.566964
u64,sip,16384,iter-density-half,hashlink,1,15724.828125
u64,sip,16384,iter-density-half,micro,1,4233.016304
u64,sip,16384,iter-density-half,quick_cache,2,4996.435855
u64,sip,16384,iter-density-half,lru,2,14362.723214
u64,sip,16384,iter-density-half,hashlink,2,15655.598958
u64,sip,16384,iter-density-half,micro,2,4234.091033
u64,sip,16384,iter-density-half,baseline,2,4232.959239
u64,sip,16384,iter-density-half,lru,3,14285.714286
u64,sip,16384,iter-density-half,hashlink,3,15635.635417
u64,sip,16384,iter-density-half,micro,3,4238.336957
u64,sip,16384,iter-density-half,baseline,3,4286.576705
u64,sip,16384,iter-density-half,quick_cache,3,4935.238487
u64,sip,16384,iter-density-half,hashlink,4,14604.169643
u64,sip,16384,iter-density-half,micro,4,4263.198864
u64,sip,16384,iter-density-half,baseline,4,4322.088068
u64,sip,16384,iter-density-half,quick_cache,4,4858.071875
u64,sip,16384,iter-density-half,lru,4,15820.312500
u64,sip,16384,iter-front,micro,0,4016.330729
u64,sip,16384,iter-front,baseline,0,4038.194010
u64,sip,16384,iter-front,quick_cache,0,4667.968750
u64,sip,16384,iter-front,lru,0,1.183324
u64,sip,16384,iter-front,hashlink,0,1.138337
u64,sip,16384,iter-front,baseline,1,4050.402344
u64,sip,16384,iter-front,quick_cache,1,4695.063988
u64,sip,16384,iter-front,lru,1,1.169594
u64,sip,16384,iter-front,hashlink,1,1.186754
u64,sip,16384,iter-front,micro,1,4037.272135
u64,sip,16384,iter-front,quick_cache,2,4925.976562
u64,sip,16384,iter-front,lru,2,1.169405
u64,sip,16384,iter-front,hashlink,2,1.165943
u64,sip,16384,iter-front,micro,2,4048.773438
u64,sip,16384,iter-front,baseline,2,4036.783854
u64,sip,16384,iter-front,lru,3,1.192748
u64,sip,16384,iter-front,hashlink,3,1.210068
u64,sip,16384,iter-front,micro,3,4099.524457
u64,sip,16384,iter-front,baseline,3,4058.321615
u64,sip,16384,iter-front,quick_cache,3,4856.381250
u64,sip,16384,iter-front,hashlink,4,1.199309
u64,sip,16384,iter-front,micro,4,4076.993207
u64,sip,16384,iter-front,baseline,4,4080.445652
u64,sip,16384,iter-front,quick_cache,4,4837.370313
u64,sip,16384,iter-front,lru,4,1.183503
u64,sip,16384,iter-back,micro,0,4062.880208
u64,sip,16384,iter-back,baseline,0,4040.852865
u64,sip,16384,iter-back,quick_cache,0,4897.785937
u64,sip,16384,iter-back,lru,0,1.198650
u64,sip,16384,iter-back,hashlink,0,1.155738
u64,sip,16384,iter-back,baseline,1,4058.756510
u64,sip,16384,iter-back,quick_cache,1,4964.157895
u64,sip,16384,iter-back,lru,1,1.206191
u64,sip,16384,iter-back,hashlink,1,1.147983
u64,sip,16384,iter-back,micro,1,4060.709635
u64,sip,16384,iter-back,quick_cache,2,4963.952303
u64,sip,16384,iter-back,lru,2,1.202262
u64,sip,16384,iter-back,hashlink,2,1.152725
u64,sip,16384,iter-back,micro,2,4167.514946
u64,sip,16384,iter-back,baseline,2,4080.672554
u64,sip,16384,iter-back,lru,3,1.207014
u64,sip,16384,iter-back,hashlink,3,1.199478
u64,sip,16384,iter-back,micro,3,4070.040365
u64,sip,16384,iter-back,baseline,3,4074.544271
u64,sip,16384,iter-back,quick_cache,3,4698.764063
u64,sip,16384,iter-back,hashlink,4,1.186739
u64,sip,16384,iter-back,micro,4,4060.113281
u64,sip,16384,iter-back,baseline,4,4049.533854
u64,sip,16384,iter-back,quick_cache,4,4852.278125
u64,sip,16384,iter-back,lru,4,1.196081
u64,sip,16384,iter-empty,micro,0,4029.459635
u64,sip,16384,iter-empty,baseline,0,3956.977865
u64,sip,16384,iter-empty,quick_cache,0,4897.331250
u64,sip,16384,iter-empty,lru,0,0.972480
u64,sip,16384,iter-empty,hashlink,0,0.987019
u64,sip,16384,iter-empty,baseline,1,4060.764323
u64,sip,16384,iter-empty,quick_cache,1,4872.006250
u64,sip,16384,iter-empty,lru,1,0.973177
u64,sip,16384,iter-empty,hashlink,1,0.980341
u64,sip,16384,iter-empty,micro,1,4100.430707
u64,sip,16384,iter-empty,quick_cache,2,5018.297697
u64,sip,16384,iter-empty,lru,2,0.979951
u64,sip,16384,iter-empty,hashlink,2,0.995244
u64,sip,16384,iter-empty,micro,2,4122.452446
u64,sip,16384,iter-empty,baseline,2,3940.320312
u64,sip,16384,iter-empty,lru,3,0.975760
u64,sip,16384,iter-empty,hashlink,3,0.984852
u64,sip,16384,iter-empty,micro,3,3964.192708
u64,sip,16384,iter-empty,baseline,3,3920.953125
u64,sip,16384,iter-empty,quick_cache,3,4873.501562
u64,sip,16384,iter-empty,hashlink,4,0.981758
u64,sip,16384,iter-empty,micro,4,3946.126302
u64,sip,16384,iter-empty,baseline,4,3944.119792
u64,sip,16384,iter-empty,quick_cache,4,4853.254687
u64,sip,16384,iter-empty,lru,4,0.967123
u64,sip,16384,iter-count,micro,0,4078.993490
u64,sip,16384,iter-count,baseline,0,4056.748698
u64,sip,16384,iter-count,quick_cache,0,7597.656250
u64,sip,16384,iter-count,lru,0,0.390422
u64,sip,16384,iter-count,hashlink,0,0.393741
u64,sip,16384,iter-count,baseline,1,4055.285156
u64,sip,16384,iter-count,quick_cache,1,7619.140625
u64,sip,16384,iter-count,lru,1,0.396370
u64,sip,16384,iter-count,hashlink,1,0.397845
u64,sip,16384,iter-count,micro,1,4044.813802
u64,sip,16384,iter-count,quick_cache,2,7636.474609
u64,sip,16384,iter-count,lru,2,0.389152
u64,sip,16384,iter-count,hashlink,2,0.392154
u64,sip,16384,iter-count,micro,2,4046.984375
u64,sip,16384,iter-count,baseline,2,4073.350260
u64,sip,16384,iter-count,lru,3,0.391924
u64,sip,16384,iter-count,hashlink,3,0.390131
u64,sip,16384,iter-count,micro,3,4040.311198
u64,sip,16384,iter-count,baseline,3,4068.196615
u64,sip,16384,iter-count,quick_cache,3,7586.343750
u64,sip,16384,iter-count,hashlink,4,0.392404
u64,sip,16384,iter-count,micro,4,4161.187500
u64,sip,16384,iter-count,baseline,4,3852.010742
u64,sip,16384,iter-count,quick_cache,4,7879.394531
u64,sip,16384,iter-count,lru,4,0.364831
u64,ahash,128,get-hit,micro,0,2.129725
u64,ahash,128,get-hit,baseline,0,2.107642
u64,ahash,128,get-hit,quick_cache,0,2.246174
u64,ahash,128,get-hit,lru,0,3.638945
u64,ahash,128,get-hit,hashlink,0,3.459427
u64,ahash,128,get-hit,baseline,1,2.100627
u64,ahash,128,get-hit,quick_cache,1,2.254432
u64,ahash,128,get-hit,lru,1,3.670502
u64,ahash,128,get-hit,hashlink,1,3.471423
u64,ahash,128,get-hit,micro,1,2.102981
u64,ahash,128,get-hit,quick_cache,2,2.196169
u64,ahash,128,get-hit,lru,2,3.516497
u64,ahash,128,get-hit,hashlink,2,3.348426
u64,ahash,128,get-hit,micro,2,2.090136
u64,ahash,128,get-hit,baseline,2,2.102138
u64,ahash,128,get-hit,lru,3,3.629830
u64,ahash,128,get-hit,hashlink,3,3.451719
u64,ahash,128,get-hit,micro,3,2.094784
u64,ahash,128,get-hit,baseline,3,2.102894
u64,ahash,128,get-hit,quick_cache,3,2.245833
u64,ahash,128,get-hit,hashlink,4,3.461921
u64,ahash,128,get-hit,micro,4,2.104719
u64,ahash,128,get-hit,baseline,4,2.113284
u64,ahash,128,get-hit,quick_cache,4,2.274156
u64,ahash,128,get-hit,lru,4,3.721193
u64,ahash,128,get-miss,micro,0,1.604194
u64,ahash,128,get-miss,baseline,0,1.597905
u64,ahash,128,get-miss,quick_cache,0,1.658674
u64,ahash,128,get-miss,lru,0,1.986447
u64,ahash,128,get-miss,hashlink,0,1.763442
u64,ahash,128,get-miss,baseline,1,1.572943
u64,ahash,128,get-miss,quick_cache,1,1.642045
u64,ahash,128,get-miss,lru,1,1.957589
u64,ahash,128,get-miss,hashlink,1,1.757049
u64,ahash,128,get-miss,micro,1,1.577222
u64,ahash,128,get-miss,quick_cache,2,1.627808
u64,ahash,128,get-miss,lru,2,1.970763
u64,ahash,128,get-miss,hashlink,2,1.891225
u64,ahash,128,get-miss,micro,2,1.748681
u64,ahash,128,get-miss,baseline,2,1.611163
u64,ahash,128,get-miss,lru,3,1.947446
u64,ahash,128,get-miss,hashlink,3,1.712526
u64,ahash,128,get-miss,micro,3,1.563474
u64,ahash,128,get-miss,baseline,3,1.532046
u64,ahash,128,get-miss,quick_cache,3,1.659134
u64,ahash,128,get-miss,hashlink,4,1.746284
u64,ahash,128,get-miss,micro,4,1.573729
u64,ahash,128,get-miss,baseline,4,1.583494
u64,ahash,128,get-miss,quick_cache,4,1.592641
u64,ahash,128,get-miss,lru,4,1.973416
u64,ahash,128,update,micro,0,2.082131
u64,ahash,128,update,baseline,0,2.127234
u64,ahash,128,update,quick_cache,0,3.471950
u64,ahash,128,update,lru,0,3.486393
u64,ahash,128,update,hashlink,0,4.052801
u64,ahash,128,update,baseline,1,2.121324
u64,ahash,128,update,quick_cache,1,3.481259
u64,ahash,128,update,lru,1,3.430090
u64,ahash,128,update,hashlink,1,3.970074
u64,ahash,128,update,micro,1,2.058279
u64,ahash,128,update,quick_cache,2,3.492179
u64,ahash,128,update,lru,2,3.416650
u64,ahash,128,update,hashlink,2,3.961487
u64,ahash,128,update,micro,2,2.112144
u64,ahash,128,update,baseline,2,2.089703
u64,ahash,128,update,lru,3,3.430803
u64,ahash,128,update,hashlink,3,3.968981
u64,ahash,128,update,micro,3,2.071459
u64,ahash,128,update,baseline,3,2.135964
u64,ahash,128,update,quick_cache,3,3.481354
u64,ahash,128,update,hashlink,4,3.957223
u64,ahash,128,update,micro,4,2.050389
u64,ahash,128,update,baseline,4,2.108899
u64,ahash,128,update,quick_cache,4,3.481163
u64,ahash,128,update,lru,4,3.420653
u64,ahash,128,insert-cycle,micro,0,10.804742
u64,ahash,128,insert-cycle,baseline,0,10.885000
u64,ahash,128,insert-cycle,quick_cache,0,8.266462
u64,ahash,128,insert-cycle,lru,0,17.717281
u64,ahash,128,insert-cycle,hashlink,0,16.780853
u64,ahash,128,insert-cycle,baseline,1,10.948106
u64,ahash,128,insert-cycle,quick_cache,1,8.206749
u64,ahash,128,insert-cycle,lru,1,18.131810
u64,ahash,128,insert-cycle,hashlink,1,16.762695
u64,ahash,128,insert-cycle,micro,1,10.854463
u64,ahash,128,insert-cycle,quick_cache,2,8.099778
u64,ahash,128,insert-cycle,lru,2,17.637353
u64,ahash,128,insert-cycle,hashlink,2,16.666759
u64,ahash,128,insert-cycle,micro,2,10.818165
u64,ahash,128,insert-cycle,baseline,2,10.843819
u64,ahash,128,insert-cycle,lru,3,17.596426
u64,ahash,128,insert-cycle,hashlink,3,16.692090
u64,ahash,128,insert-cycle,micro,3,10.782166
u64,ahash,128,insert-cycle,baseline,3,10.866786
u64,ahash,128,insert-cycle,quick_cache,3,8.094071
u64,ahash,128,insert-cycle,hashlink,4,16.655201
u64,ahash,128,insert-cycle,micro,4,10.712730
u64,ahash,128,insert-cycle,baseline,4,10.829654
u64,ahash,128,insert-cycle,quick_cache,4,8.033491
u64,ahash,128,insert-cycle,lru,4,17.882556
u64,ahash,128,mixed-95,micro,0,2.710679
u64,ahash,128,mixed-95,baseline,0,3.039988
u64,ahash,128,mixed-95,quick_cache,0,3.932168
u64,ahash,128,mixed-95,lru,0,3.327423
u64,ahash,128,mixed-95,hashlink,0,3.134224
u64,ahash,128,mixed-95,baseline,1,2.885153
u64,ahash,128,mixed-95,quick_cache,1,3.764717
u64,ahash,128,mixed-95,lru,1,3.187185
u64,ahash,128,mixed-95,hashlink,1,3.051337
u64,ahash,128,mixed-95,micro,1,2.720322
u64,ahash,128,mixed-95,quick_cache,2,3.803371
u64,ahash,128,mixed-95,lru,2,3.109862
u64,ahash,128,mixed-95,hashlink,2,3.064473
u64,ahash,128,mixed-95,micro,2,2.689668
u64,ahash,128,mixed-95,baseline,2,2.981749
u64,ahash,128,mixed-95,lru,3,3.170452
u64,ahash,128,mixed-95,hashlink,3,3.092918
u64,ahash,128,mixed-95,micro,3,2.719681
u64,ahash,128,mixed-95,baseline,3,2.911280
u64,ahash,128,mixed-95,quick_cache,3,3.827148
u64,ahash,128,mixed-95,hashlink,4,3.068500
u64,ahash,128,mixed-95,micro,4,2.726839
u64,ahash,128,mixed-95,baseline,4,2.817320
u64,ahash,128,mixed-95,quick_cache,4,3.710814
u64,ahash,128,mixed-95,lru,4,3.206689
u64,ahash,128,load-hit,micro,0,2.462537
u64,ahash,128,load-hit,baseline,0,2.419455
u64,ahash,128,load-hit,quick_cache,0,3.333629
u64,ahash,128,load-hit,lru,0,3.477324
u64,ahash,128,load-hit,hashlink,0,3.428617
u64,ahash,128,load-hit,baseline,1,2.416276
u64,ahash,128,load-hit,quick_cache,1,3.338115
u64,ahash,128,load-hit,lru,1,3.444731
u64,ahash,128,load-hit,hashlink,1,3.423055
u64,ahash,128,load-hit,micro,1,2.447476
u64,ahash,128,load-hit,quick_cache,2,3.343201
u64,ahash,128,load-hit,lru,2,3.433703
u64,ahash,128,load-hit,hashlink,2,3.413543
u64,ahash,128,load-hit,micro,2,2.459123
u64,ahash,128,load-hit,baseline,2,2.423103
u64,ahash,128,load-hit,lru,3,3.441452
u64,ahash,128,load-hit,hashlink,3,3.440691
u64,ahash,128,load-hit,micro,3,2.479450
u64,ahash,128,load-hit,baseline,3,2.480687
u64,ahash,128,load-hit,quick_cache,3,3.397294
u64,ahash,128,load-hit,hashlink,4,3.469647
u64,ahash,128,load-hit,micro,4,2.475223
u64,ahash,128,load-hit,baseline,4,2.446322
u64,ahash,128,load-hit,quick_cache,4,3.384186
u64,ahash,128,load-hit,lru,4,3.458610
u64,ahash,128,load-cycle,micro,0,10.896477
u64,ahash,128,load-cycle,baseline,0,10.783514
u64,ahash,128,load-cycle,quick_cache,0,8.450751
u64,ahash,128,load-cycle,lru,0,17.250448
u64,ahash,128,load-cycle,hashlink,0,18.795435
u64,ahash,128,load-cycle,baseline,1,10.825297
u64,ahash,128,load-cycle,quick_cache,1,8.454505
u64,ahash,128,load-cycle,lru,1,16.707983
u64,ahash,128,load-cycle,hashlink,1,18.720301
u64,ahash,128,load-cycle,micro,1,10.804144
u64,ahash,128,load-cycle,quick_cache,2,8.446070
u64,ahash,128,load-cycle,lru,2,16.186345
u64,ahash,128,load-cycle,hashlink,2,18.621856
u64,ahash,128,load-cycle,micro,2,10.823342
u64,ahash,128,load-cycle,baseline,2,10.687885
u64,ahash,128,load-cycle,lru,3,16.203654
u64,ahash,128,load-cycle,hashlink,3,24.920925
u64,ahash,128,load-cycle,micro,3,59.635589
u64,ahash,128,load-cycle,baseline,3,36.105264
u64,ahash,128,load-cycle,quick_cache,3,25.958492
u64,ahash,128,load-cycle,hashlink,4,76.637927
u64,ahash,128,load-cycle,micro,4,16.082696
u64,ahash,128,load-cycle,baseline,4,36.107272
u64,ahash,128,load-cycle,quick_cache,4,9.406272
u64,ahash,128,load-cycle,lru,4,15.600544
u64,ahash,128,clear-refill,micro,0,727.509699
u64,ahash,128,clear-refill,baseline,0,728.883139
u64,ahash,128,clear-refill,quick_cache,0,770.138090
u64,ahash,128,clear-refill,lru,0,2971.782178
u64,ahash,128,clear-refill,hashlink,0,1794.906100
u64,ahash,128,clear-refill,baseline,1,713.874851
u64,ahash,128,clear-refill,quick_cache,1,769.316154
u64,ahash,128,clear-refill,lru,1,3024.738911
u64,ahash,128,clear-refill,hashlink,1,1739.154203
u64,ahash,128,clear-refill,micro,1,727.187349
u64,ahash,128,clear-refill,quick_cache,2,779.723233
u64,ahash,128,clear-refill,lru,2,3049.245935
u64,ahash,128,clear-refill,hashlink,2,1759.530792
u64,ahash,128,clear-refill,micro,2,720.754264
u64,ahash,128,clear-refill,baseline,2,730.739649
u64,ahash,128,clear-refill,lru,3,2998.917083
u64,ahash,128,clear-refill,hashlink,3,1788.786651
u64,ahash,128,clear-refill,micro,3,745.012913
u64,ahash,128,clear-refill,baseline,3,715.066015
u64,ahash,128,clear-refill,quick_cache,3,779.596519
u64,ahash,128,clear-refill,hashlink,4,1785.863095
u64,ahash,128,clear-refill,micro,4,732.442383
u64,ahash,128,clear-refill,baseline,4,751.126690
u64,ahash,128,clear-refill,quick_cache,4,784.573222
u64,ahash,128,clear-refill,lru,4,3060.185525
u64,ahash,128,clear-empty,micro,0,48.674144
u64,ahash,128,clear-empty,baseline,0,48.949528
u64,ahash,128,clear-empty,quick_cache,0,1.663178
u64,ahash,128,clear-empty,lru,0,0.554918
u64,ahash,128,clear-empty,hashlink,0,0.600332
u64,ahash,128,clear-empty,baseline,1,47.880134
u64,ahash,128,clear-empty,quick_cache,1,1.697328
u64,ahash,128,clear-empty,lru,1,0.557130
u64,ahash,128,clear-empty,hashlink,1,0.625084
u64,ahash,128,clear-empty,micro,1,41.721113
u64,ahash,128,clear-empty,quick_cache,2,1.687333
u64,ahash,128,clear-empty,lru,2,0.553178
u64,ahash,128,clear-empty,hashlink,2,0.622470
u64,ahash,128,clear-empty,micro,2,49.040599
u64,ahash,128,clear-empty,baseline,2,49.174065
u64,ahash,128,clear-empty,lru,3,0.561231
u64,ahash,128,clear-empty,hashlink,3,0.659728
u64,ahash,128,clear-empty,micro,3,43.333905
u64,ahash,128,clear-empty,baseline,3,40.319843
u64,ahash,128,clear-empty,quick_cache,3,1.667246
u64,ahash,128,clear-empty,hashlink,4,0.585528
u64,ahash,128,clear-empty,micro,4,49.282218
u64,ahash,128,clear-empty,baseline,4,49.524492
u64,ahash,128,clear-empty,quick_cache,4,1.738429
u64,ahash,128,clear-empty,lru,4,0.566961
u64,ahash,128,iter-dense,micro,0,38.021264
u64,ahash,128,iter-dense,baseline,0,38.005308
u64,ahash,128,iter-dense,quick_cache,0,28.919340
u64,ahash,128,iter-dense,lru,0,130.441933
u64,ahash,128,iter-dense,hashlink,0,127.809946
u64,ahash,128,iter-dense,baseline,1,37.247244
u64,ahash,128,iter-dense,quick_cache,1,28.138984
u64,ahash,128,iter-dense,lru,1,128.786401
u64,ahash,128,iter-dense,hashlink,1,126.973402
u64,ahash,128,iter-dense,micro,1,37.226454
u64,ahash,128,iter-dense,quick_cache,2,28.312840
u64,ahash,128,iter-dense,lru,2,127.857842
u64,ahash,128,iter-dense,hashlink,2,126.174311
u64,ahash,128,iter-dense,micro,2,37.643328
u64,ahash,128,iter-dense,baseline,2,37.722710
u64,ahash,128,iter-dense,lru,3,126.452999
u64,ahash,128,iter-dense,hashlink,3,126.184682
u64,ahash,128,iter-dense,micro,3,37.405166
u64,ahash,128,iter-dense,baseline,3,37.656350
u64,ahash,128,iter-dense,quick_cache,3,28.497017
u64,ahash,128,iter-dense,hashlink,4,127.351552
u64,ahash,128,iter-dense,micro,4,37.443728
u64,ahash,128,iter-dense,baseline,4,37.778253
u64,ahash,128,iter-dense,quick_cache,4,28.391178
u64,ahash,128,iter-dense,lru,4,128.547731
u64,ahash,128,iter-dense-for,micro,0,37.272394
u64,ahash,128,iter-dense-for,baseline,0,39.203478
u64,ahash,128,iter-dense-for,quick_cache,0,37.645938
u64,ahash,128,iter-dense-for,lru,0,79.476721
u64,ahash,128,iter-dense-for,hashlink,0,69.015223
u64,ahash,128,iter-dense-for,baseline,1,37.711711
u64,ahash,128,iter-dense-for,quick_cache,1,37.741034
u64,ahash,128,iter-dense-for,lru,1,80.178285
u64,ahash,128,iter-dense-for,hashlink,1,68.199795
u64,ahash,128,iter-dense-for,micro,1,37.458700
u64,ahash,128,iter-dense-for,quick_cache,2,37.492815
u64,ahash,128,iter-dense-for,lru,2,84.560274
u64,ahash,128,iter-dense-for,hashlink,2,68.210227
u64,ahash,128,iter-dense-for,micro,2,37.337278
u64,ahash,128,iter-dense-for,baseline,2,37.669383
u64,ahash,128,iter-dense-for,lru,3,77.345682
u64,ahash,128,iter-dense-for,hashlink,3,68.713759
u64,ahash,128,iter-dense-for,micro,3,37.137995
u64,ahash,128,iter-dense-for,baseline,3,37.711698
u64,ahash,128,iter-dense-for,quick_cache,3,50.184206
u64,ahash,128,iter-dense-for,hashlink,4,68.262714
u64,ahash,128,iter-dense-for,micro,4,37.375859
u64,ahash,128,iter-dense-for,baseline,4,37.629264
u64,ahash,128,iter-dense-for,quick_cache,4,37.410215
u64,ahash,128,iter-dense-for,lru,4,77.236923
u64,ahash,128,iter-density-1pct,micro,0,31.456170
u64,ahash,128,iter-density-1pct,baseline,0,31.853717
u64,ahash,128,iter-density-1pct,quick_cache,0,25.058324
u64,ahash,128,iter-density-1pct,lru,0,1.298440
u64,ahash,128,iter-density-1pct,hashlink,0,1.221053
u64,ahash,128,iter-density-1pct,baseline,1,32.457436
u64,ahash,128,iter-density-1pct,quick_cache,1,20.672547
u64,ahash,128,iter-density-1pct,lru,1,1.259031
u64,ahash,128,iter-density-1pct,hashlink,1,1.241031
u64,ahash,128,iter-density-1pct,micro,1,31.960953
u64,ahash,128,iter-density-1pct,quick_cache,2,22.014653
u64,ahash,128,iter-density-1pct,lru,2,1.267406
u64,ahash,128,iter-density-1pct,hashlink,2,1.253024
u64,ahash,128,iter-density-1pct,micro,2,32.543952
u64,ahash,128,iter-density-1pct,baseline,2,32.021997
u64,ahash,128,iter-density-1pct,lru,3,1.263784
u64,ahash,128,iter-density-1pct,hashlink,3,1.251970
u64,ahash,128,iter-density-1pct,micro,3,32.424663
u64,ahash,128,iter-density-1pct,baseline,3,31.961401
u64,ahash,128,iter-density-1pct,quick_cache,3,22.226796
u64,ahash,128,iter-density-1pct,hashlink,4,1.245582
u64,ahash,128,iter-density-1pct,micro,4,32.434084
u64,ahash,128,iter-density-1pct,baseline,4,31.684765
u64,ahash,128,iter-density-1pct,quick_cache,4,22.133263
u64,ahash,128,iter-density-1pct,lru,4,1.268177
u64,ahash,128,iter-density-6pct,micro,0,36.710185
u64,ahash,128,iter-density-6pct,baseline,0,35.680948
u64,ahash,128,iter-density-6pct,quick_cache,0,22.594759
u64,ahash,128,iter-density-6pct,lru,0,3.155016
u64,ahash,128,iter-density-6pct,hashlink,0,3.150606
u64,ahash,128,iter-density-6pct,baseline,1,39.009411
u64,ahash,128,iter-density-6pct,quick_cache,1,23.058019
u64,ahash,128,iter-density-6pct,lru,1,3.162999
u64,ahash,128,iter-density-6pct,hashlink,1,3.118184
u64,ahash,128,iter-density-6pct,micro,1,36.704477
u64,ahash,128,iter-density-6pct,quick_cache,2,23.445643
u64,ahash,128,iter-density-6pct,lru,2,3.170532
u64,ahash,128,iter-density-6pct,hashlink,2,3.126503
u64,ahash,128,iter-density-6pct,micro,2,36.713244
u64,ahash,128,iter-density-6pct,baseline,2,36.321166
u64,ahash,128,iter-density-6pct,lru,3,3.191686
u64,ahash,128,iter-density-6pct,hashlink,3,3.164708
u64,ahash,128,iter-density-6pct,micro,3,36.680947
u64,ahash,128,iter-density-6pct,baseline,3,36.291542
u64,ahash,128,iter-density-6pct,quick_cache,3,22.437956
u64,ahash,128,iter-density-6pct,hashlink,4,3.110778
u64,ahash,128,iter-density-6pct,micro,4,36.479098
u64,ahash,128,iter-density-6pct,baseline,4,36.182051
u64,ahash,128,iter-density-6pct,quick_cache,4,22.525851
u64,ahash,128,iter-density-6pct,lru,4,3.160228
u64,ahash,128,iter-density-quarter,micro,0,36.115767
u64,ahash,128,iter-density-quarter,baseline,0,35.790887
u64,ahash,128,iter-density-quarter,quick_cache,0,25.083392
u64,ahash,128,iter-density-quarter,lru,0,18.050924
u64,ahash,128,iter-density-quarter,hashlink,0,17.954884
u64,ahash,128,iter-density-quarter,baseline,1,34.255206
u64,ahash,128,iter-density-quarter,quick_cache,1,23.456069
u64,ahash,128,iter-density-quarter,lru,1,19.300741
u64,ahash,128,iter-density-quarter,hashlink,1,18.553594
u64,ahash,128,iter-density-quarter,micro,1,34.305342
u64,ahash,128,iter-density-quarter,quick_cache,2,23.758893
u64,ahash,128,iter-density-quarter,lru,2,18.151773
u64,ahash,128,iter-density-quarter,hashlink,2,18.184718
u64,ahash,128,iter-density-quarter,micro,2,35.432811
u64,ahash,128,iter-density-quarter,baseline,2,35.248766
u64,ahash,128,iter-density-quarter,lru,3,17.982685
u64,ahash,128,iter-density-quarter,hashlink,3,18.023669
u64,ahash,128,iter-density-quarter,micro,3,35.218856
u64,ahash,128,iter-density-quarter,baseline,3,35.130878
u64,ahash,128,iter-density-quarter,quick_cache,3,23.654626
u64,ahash,128,iter-density-quarter,hashlink,4,17.911294
u64,ahash,128,iter-density-quarter,micro,4,34.632434
u64,ahash,128,iter-density-quarter,baseline,4,35.083181
u64,ahash,128,iter-density-quarter,quick_cache,4,24.089213
u64,ahash,128,iter-density-quarter,lru,4,18.287321
u64,ahash,128,iter-density-half,micro,0,36.894923
u64,ahash,128,iter-density-half,baseline,0,37.336246
u64,ahash,128,iter-density-half,quick_cache,0,28.807440
u64,ahash,128,iter-density-half,lru,0,48.973287
u64,ahash,128,iter-density-half,hashlink,0,48.489481
u64,ahash,128,iter-density-half,baseline,1,37.184241
u64,ahash,128,iter-density-half,quick_cache,1,28.842491
u64,ahash,128,iter-density-half,lru,1,48.671705
u64,ahash,128,iter-density-half,hashlink,1,48.854254
u64,ahash,128,iter-density-half,micro,1,37.096494
u64,ahash,128,iter-density-half,quick_cache,2,29.693111
u64,ahash,128,iter-density-half,lru,2,50.157353
u64,ahash,128,iter-density-half,hashlink,2,47.989845
u64,ahash,128,iter-density-half,micro,2,37.521784
u64,ahash,128,iter-density-half,baseline,2,37.703345
u64,ahash,128,iter-density-half,lru,3,50.253718
u64,ahash,128,iter-density-half,hashlink,3,48.162365
u64,ahash,128,iter-density-half,micro,3,37.180103
u64,ahash,128,iter-density-half,baseline,3,37.517607
u64,ahash,128,iter-density-half,quick_cache,3,28.820752
u64,ahash,128,iter-density-half,hashlink,4,49.999733
u64,ahash,128,iter-density-half,micro,4,37.169503
u64,ahash,128,iter-density-half,baseline,4,37.438660
u64,ahash,128,iter-density-half,quick_cache,4,29.142058
u64,ahash,128,iter-density-half,lru,4,49.639095
u64,ahash,128,iter-front,micro,0,35.121629
u64,ahash,128,iter-front,baseline,0,35.147946
u64,ahash,128,iter-front,quick_cache,0,20.417077
u64,ahash,128,iter-front,lru,0,1.176951
u64,ahash,128,iter-front,hashlink,0,1.177882
u64,ahash,128,iter-front,baseline,1,36.003804
u64,ahash,128,iter-front,quick_cache,1,20.501907
u64,ahash,128,iter-front,lru,1,1.181221
u64,ahash,128,iter-front,hashlink,1,1.191611
u64,ahash,128,iter-front,micro,1,36.144107
u64,ahash,128,iter-front,quick_cache,2,20.570522
u64,ahash,128,iter-front,lru,2,1.193553
u64,ahash,128,iter-front,hashlink,2,1.216285
u64,ahash,128,iter-front,micro,2,36.701932
u64,ahash,128,iter-front,baseline,2,35.380307
u64,ahash,128,iter-front,lru,3,1.178015
u64,ahash,128,iter-front,hashlink,3,1.206595
u64,ahash,128,iter-front,micro,3,36.455300
u64,ahash,128,iter-front,baseline,3,35.357065
u64,ahash,128,iter-front,quick_cache,3,20.430990
u64,ahash,128,iter-front,hashlink,4,1.137439
u64,ahash,128,iter-front,micro,4,36.040978
u64,ahash,128,iter-front,baseline,4,35.269850
u64,ahash,128,iter-front,quick_cache,4,20.468654
u64,ahash,128,iter-front,lru,4,1.175431
u64,ahash,128,iter-back,micro,0,46.285661
u64,ahash,128,iter-back,baseline,0,45.219458
u64,ahash,128,iter-back,quick_cache,0,20.689389
u64,ahash,128,iter-back,lru,0,1.182100
u64,ahash,128,iter-back,hashlink,0,1.195943
u64,ahash,128,iter-back,baseline,1,46.551732
u64,ahash,128,iter-back,quick_cache,1,20.660884
u64,ahash,128,iter-back,lru,1,1.179290
u64,ahash,128,iter-back,hashlink,1,1.166161
u64,ahash,128,iter-back,micro,1,46.575509
u64,ahash,128,iter-back,quick_cache,2,20.676564
u64,ahash,128,iter-back,lru,2,1.186573
u64,ahash,128,iter-back,hashlink,2,1.169974
u64,ahash,128,iter-back,micro,2,46.802879
u64,ahash,128,iter-back,baseline,2,48.134962
u64,ahash,128,iter-back,lru,3,1.184176
u64,ahash,128,iter-back,hashlink,3,1.191172
u64,ahash,128,iter-back,micro,3,46.770449
u64,ahash,128,iter-back,baseline,3,46.262827
u64,ahash,128,iter-back,quick_cache,3,20.580690
u64,ahash,128,iter-back,hashlink,4,1.167453
u64,ahash,128,iter-back,micro,4,46.248998
u64,ahash,128,iter-back,baseline,4,45.233734
u64,ahash,128,iter-back,quick_cache,4,20.622285
u64,ahash,128,iter-back,lru,4,1.181132
u64,ahash,128,iter-empty,micro,0,36.421911
u64,ahash,128,iter-empty,baseline,0,35.621284
u64,ahash,128,iter-empty,quick_cache,0,20.383261
u64,ahash,128,iter-empty,lru,0,0.983333
u64,ahash,128,iter-empty,hashlink,0,0.994400
u64,ahash,128,iter-empty,baseline,1,35.859321
u64,ahash,128,iter-empty,quick_cache,1,20.358584
u64,ahash,128,iter-empty,lru,1,0.972258
u64,ahash,128,iter-empty,hashlink,1,0.985193
u64,ahash,128,iter-empty,micro,1,36.180543
u64,ahash,128,iter-empty,quick_cache,2,20.286246
u64,ahash,128,iter-empty,lru,2,0.968712
u64,ahash,128,iter-empty,hashlink,2,0.984324
u64,ahash,128,iter-empty,micro,2,36.457317
u64,ahash,128,iter-empty,baseline,2,35.293952
u64,ahash,128,iter-empty,lru,3,0.976756
u64,ahash,128,iter-empty,hashlink,3,0.994621
u64,ahash,128,iter-empty,micro,3,37.681923
u64,ahash,128,iter-empty,baseline,3,35.864575
u64,ahash,128,iter-empty,quick_cache,3,20.292208
u64,ahash,128,iter-empty,hashlink,4,0.988705
u64,ahash,128,iter-empty,micro,4,37.201569
u64,ahash,128,iter-empty,baseline,4,35.616656
u64,ahash,128,iter-empty,quick_cache,4,20.281574
u64,ahash,128,iter-empty,lru,4,0.978305
u64,ahash,128,iter-count,micro,0,35.730874
u64,ahash,128,iter-count,baseline,0,35.501935
u64,ahash,128,iter-count,quick_cache,0,52.146997
u64,ahash,128,iter-count,lru,0,0.389152
u64,ahash,128,iter-count,hashlink,0,0.389372
u64,ahash,128,iter-count,baseline,1,35.555256
u64,ahash,128,iter-count,quick_cache,1,52.330392
u64,ahash,128,iter-count,lru,1,0.390988
u64,ahash,128,iter-count,hashlink,1,0.388630
u64,ahash,128,iter-count,micro,1,35.032847
u64,ahash,128,iter-count,quick_cache,2,51.408032
u64,ahash,128,iter-count,lru,2,0.363919
u64,ahash,128,iter-count,hashlink,2,0.372686
u64,ahash,128,iter-count,micro,2,34.525793
u64,ahash,128,iter-count,baseline,2,34.627155
u64,ahash,128,iter-count,lru,3,0.370927
u64,ahash,128,iter-count,hashlink,3,0.373487
u64,ahash,128,iter-count,micro,3,34.500414
u64,ahash,128,iter-count,baseline,3,34.159816
u64,ahash,128,iter-count,quick_cache,3,53.614316
u64,ahash,128,iter-count,hashlink,4,0.371258
u64,ahash,128,iter-count,micro,4,35.019240
u64,ahash,128,iter-count,baseline,4,34.155557
u64,ahash,128,iter-count,quick_cache,4,52.009161
u64,ahash,128,iter-count,lru,4,0.376603
u64,ahash,1024,get-hit,micro,0,2.052123
u64,ahash,1024,get-hit,baseline,0,2.066166
u64,ahash,1024,get-hit,quick_cache,0,2.154750
u64,ahash,1024,get-hit,lru,0,3.426953
u64,ahash,1024,get-hit,hashlink,0,3.274555
u64,ahash,1024,get-hit,baseline,1,2.060822
u64,ahash,1024,get-hit,quick_cache,1,2.105421
u64,ahash,1024,get-hit,lru,1,3.459762
u64,ahash,1024,get-hit,hashlink,1,3.284635
u64,ahash,1024,get-hit,micro,1,2.059823
u64,ahash,1024,get-hit,quick_cache,2,2.106414
u64,ahash,1024,get-hit,lru,2,3.438742
u64,ahash,1024,get-hit,hashlink,2,3.281820
u64,ahash,1024,get-hit,micro,2,2.061079
u64,ahash,1024,get-hit,baseline,2,2.070368
u64,ahash,1024,get-hit,lru,3,3.432846
u64,ahash,1024,get-hit,hashlink,3,3.287225
u64,ahash,1024,get-hit,micro,3,2.067823
u64,ahash,1024,get-hit,baseline,3,2.069821
u64,ahash,1024,get-hit,quick_cache,3,2.109951
u64,ahash,1024,get-hit,hashlink,4,3.330578
u64,ahash,1024,get-hit,micro,4,2.100684
u64,ahash,1024,get-hit,baseline,4,2.067423
u64,ahash,1024,get-hit,quick_cache,4,2.125940
u64,ahash,1024,get-hit,lru,4,3.482266
u64,ahash,1024,get-miss,micro,0,1.576021
u64,ahash,1024,get-miss,baseline,0,1.593592
u64,ahash,1024,get-miss,quick_cache,0,1.575759
u64,ahash,1024,get-miss,lru,0,1.916250
u64,ahash,1024,get-miss,hashlink,0,1.703145
u64,ahash,1024,get-miss,baseline,1,1.581258
u64,ahash,1024,get-miss,quick_cache,1,1.558604
u64,ahash,1024,get-miss,lru,1,1.922900
u64,ahash,1024,get-miss,hashlink,1,1.691124
u64,ahash,1024,get-miss,micro,1,1.601484
u64,ahash,1024,get-miss,quick_cache,2,1.560725
u64,ahash,1024,get-miss,lru,2,1.915058
u64,ahash,1024,get-miss,hashlink,2,1.690373
u64,ahash,1024,get-miss,micro,2,1.597905
u64,ahash,1024,get-miss,baseline,2,1.585416
u64,ahash,1024,get-miss,lru,3,1.928015
u64,ahash,1024,get-miss,hashlink,3,1.702933
u64,ahash,1024,get-miss,micro,3,1.604572
u64,ahash,1024,get-miss,baseline,3,1.580008
u64,ahash,1024,get-miss,quick_cache,3,1.560638
u64,ahash,1024,get-miss,hashlink,4,1.698341
u64,ahash,1024,get-miss,micro,4,1.623463
u64,ahash,1024,get-miss,baseline,4,1.623868
u64,ahash,1024,get-miss,quick_cache,4,1.573140
u64,ahash,1024,get-miss,lru,4,1.923300
u64,ahash,1024,update,micro,0,1.958538
u64,ahash,1024,update,baseline,0,2.054396
u64,ahash,1024,update,quick_cache,0,3.372799
u64,ahash,1024,update,lru,0,3.214028
u64,ahash,1024,update,hashlink,0,3.693237
u64,ahash,1024,update,baseline,1,1.981251
u64,ahash,1024,update,quick_cache,1,3.326416
u64,ahash,1024,update,lru,1,3.209431
u64,ahash,1024,update,hashlink,1,3.702851
u64,ahash,1024,update,micro,1,2.048372
u64,ahash,1024,update,quick_cache,2,3.288768
u64,ahash,1024,update,lru,2,3.010484
u64,ahash,1024,update,hashlink,2,3.614338
u64,ahash,1024,update,micro,2,1.937063
u64,ahash,1024,update,baseline,2,1.997049
u64,ahash,1024,update,lru,3,3.163918
u64,ahash,1024,update,hashlink,3,3.681488
u64,ahash,1024,update,micro,3,2.014384
u64,ahash,1024,update,baseline,3,1.945940
u64,ahash,1024,update,quick_cache,3,3.567149
u64,ahash,1024,update,hashlink,4,3.710300
u64,ahash,1024,update,micro,4,2.001986
u64,ahash,1024,update,baseline,4,2.015250
u64,ahash,1024,update,quick_cache,4,3.621470
u64,ahash,1024,update,lru,4,3.299655
u64,ahash,1024,insert-cycle,micro,0,11.382502
u64,ahash,1024,insert-cycle,baseline,0,12.064449
u64,ahash,1024,insert-cycle,quick_cache,0,8.401462
u64,ahash,1024,insert-cycle,lru,0,18.073599
u64,ahash,1024,insert-cycle,hashlink,0,17.332066
u64,ahash,1024,insert-cycle,baseline,1,11.468250
u64,ahash,1024,insert-cycle,quick_cache,1,8.304919
u64,ahash,1024,insert-cycle,lru,1,17.212153
u64,ahash,1024,insert-cycle,hashlink,1,17.180210
u64,ahash,1024,insert-cycle,micro,1,11.610936
u64,ahash,1024,insert-cycle,quick_cache,2,8.189055
u64,ahash,1024,insert-cycle,lru,2,17.337098
u64,ahash,1024,insert-cycle,hashlink,2,16.946255
u64,ahash,1024,insert-cycle,micro,2,11.010013
u64,ahash,1024,insert-cycle,baseline,2,11.115490
u64,ahash,1024,insert-cycle,lru,3,17.325844
u64,ahash,1024,insert-cycle,hashlink,3,16.979936
u64,ahash,1024,insert-cycle,micro,3,11.038949
u64,ahash,1024,insert-cycle,baseline,3,10.629992
u64,ahash,1024,insert-cycle,quick_cache,3,8.184167
u64,ahash,1024,insert-cycle,hashlink,4,17.122490
u64,ahash,1024,insert-cycle,micro,4,11.038490
u64,ahash,1024,insert-cycle,baseline,4,10.623804
u64,ahash,1024,insert-cycle,quick_cache,4,8.183940
u64,ahash,1024,insert-cycle,lru,4,17.638916
u64,ahash,1024,mixed-95,micro,0,2.756142
u64,ahash,1024,mixed-95,baseline,0,2.756410
u64,ahash,1024,mixed-95,quick_cache,0,6.158531
u64,ahash,1024,mixed-95,lru,0,3.294628
u64,ahash,1024,mixed-95,hashlink,0,3.205540
u64,ahash,1024,mixed-95,baseline,1,2.809714
u64,ahash,1024,mixed-95,quick_cache,1,6.138440
u64,ahash,1024,mixed-95,lru,1,3.275099
u64,ahash,1024,mixed-95,hashlink,1,3.177511
u64,ahash,1024,mixed-95,micro,1,2.713260
u64,ahash,1024,mixed-95,quick_cache,2,5.924431
u64,ahash,1024,mixed-95,lru,2,3.292266
u64,ahash,1024,mixed-95,hashlink,2,3.184620
u64,ahash,1024,mixed-95,micro,2,2.665128
u64,ahash,1024,mixed-95,baseline,2,2.739560
u64,ahash,1024,mixed-95,lru,3,3.157034
u64,ahash,1024,mixed-95,hashlink,3,3.282048
u64,ahash,1024,mixed-95,micro,3,2.719982
u64,ahash,1024,mixed-95,baseline,3,2.797406
u64,ahash,1024,mixed-95,quick_cache,3,6.122166
u64,ahash,1024,mixed-95,hashlink,4,3.225182
u64,ahash,1024,mixed-95,micro,4,2.693775
u64,ahash,1024,mixed-95,baseline,4,2.807695
u64,ahash,1024,mixed-95,quick_cache,4,5.949697
u64,ahash,1024,mixed-95,lru,4,3.259304
u64,ahash,1024,load-hit,micro,0,2.356603
u64,ahash,1024,load-hit,baseline,0,2.279120
u64,ahash,1024,load-hit,quick_cache,0,3.185858
u64,ahash,1024,load-hit,lru,0,3.215545
u64,ahash,1024,load-hit,hashlink,0,3.208724
u64,ahash,1024,load-hit,baseline,1,2.291298
u64,ahash,1024,load-hit,quick_cache,1,3.180625
u64,ahash,1024,load-hit,lru,1,3.220229
u64,ahash,1024,load-hit,hashlink,1,3.217061
u64,ahash,1024,load-hit,micro,1,2.297274
u64,ahash,1024,load-hit,quick_cache,2,3.269251
u64,ahash,1024,load-hit,lru,2,3.257775
u64,ahash,1024,load-hit,hashlink,2,3.253498
u64,ahash,1024,load-hit,micro,2,2.336507
u64,ahash,1024,load-hit,baseline,2,2.309803
u64,ahash,1024,load-hit,lru,3,3.219917
u64,ahash,1024,load-hit,hashlink,3,3.248817
u64,ahash,1024,load-hit,micro,3,2.312522
u64,ahash,1024,load-hit,baseline,3,2.315433
u64,ahash,1024,load-hit,quick_cache,3,3.277324
u64,ahash,1024,load-hit,hashlink,4,3.237318
u64,ahash,1024,load-hit,micro,4,2.290821
u64,ahash,1024,load-hit,baseline,4,2.277161
u64,ahash,1024,load-hit,quick_cache,4,3.258269
u64,ahash,1024,load-hit,lru,4,3.241210
u64,ahash,1024,load-cycle,micro,0,11.356324
u64,ahash,1024,load-cycle,baseline,0,11.925507
u64,ahash,1024,load-cycle,quick_cache,0,8.723304
u64,ahash,1024,load-cycle,lru,0,16.590135
u64,ahash,1024,load-cycle,hashlink,0,19.363667
u64,ahash,1024,load-cycle,baseline,1,11.740234
u64,ahash,1024,load-cycle,quick_cache,1,8.413552
u64,ahash,1024,load-cycle,lru,1,15.660712
u64,ahash,1024,load-cycle,hashlink,1,18.699163
u64,ahash,1024,load-cycle,micro,1,11.025181
u64,ahash,1024,load-cycle,quick_cache,2,8.477889
u64,ahash,1024,load-cycle,lru,2,15.230056
u64,ahash,1024,load-cycle,hashlink,2,18.644049
u64,ahash,1024,load-cycle,micro,2,10.901331
u64,ahash,1024,load-cycle,baseline,2,11.407738
u64,ahash,1024,load-cycle,lru,3,16.038755
u64,ahash,1024,load-cycle,hashlink,3,18.548507
u64,ahash,1024,load-cycle,micro,3,11.161111
u64,ahash,1024,load-cycle,baseline,3,11.665303
u64,ahash,1024,load-cycle,quick_cache,3,8.652393
u64,ahash,1024,load-cycle,hashlink,4,18.861165
u64,ahash,1024,load-cycle,micro,4,10.933186
u64,ahash,1024,load-cycle,baseline,4,11.087747
u64,ahash,1024,load-cycle,quick_cache,4,8.431621
u64,ahash,1024,load-cycle,lru,4,15.668935
u64,ahash,1024,clear-refill,micro,0,4948.380560
u64,ahash,1024,clear-refill,baseline,0,4974.200331
u64,ahash,1024,clear-refill,quick_cache,0,5881.684932
u64,ahash,1024,clear-refill,lru,0,23582.687500
u64,ahash,1024,clear-refill,hashlink,0,15305.416244
u64,ahash,1024,clear-refill,baseline,1,4977.888889
u64,ahash,1024,clear-refill,quick_cache,1,5856.237817
u64,ahash,1024,clear-refill,lru,1,22451.492537
u64,ahash,1024,clear-refill,hashlink,1,15197.388889
u64,ahash,1024,clear-refill,micro,1,4948.586491
u64,ahash,1024,clear-refill,quick_cache,2,5873.205479
u64,ahash,1024,clear-refill,lru,2,22299.377778
u64,ahash,1024,clear-refill,hashlink,2,15298.431472
u64,ahash,1024,clear-refill,micro,2,4961.638017
u64,ahash,1024,clear-refill,baseline,2,4982.519071
u64,ahash,1024,clear-refill,lru,3,24086.336000
u64,ahash,1024,clear-refill,hashlink,3,15405.128205
u64,ahash,1024,clear-refill,micro,3,5082.345178
u64,ahash,1024,clear-refill,baseline,3,5040.897651
u64,ahash,1024,clear-refill,quick_cache,3,5866.130859
u64,ahash,1024,clear-refill,hashlink,4,15414.528205
u64,ahash,1024,clear-refill,micro,4,5056.397306
u64,ahash,1024,clear-refill,baseline,4,5013.355593
u64,ahash,1024,clear-refill,quick_cache,4,5866.373047
u64,ahash,1024,clear-refill,lru,4,22313.266667
u64,ahash,1024,clear-empty,micro,0,62.581387
u64,ahash,1024,clear-empty,baseline,0,63.004032
u64,ahash,1024,clear-empty,quick_cache,0,1.685470
u64,ahash,1024,clear-empty,lru,0,0.558416
u64,ahash,1024,clear-empty,hashlink,0,0.630210
u64,ahash,1024,clear-empty,baseline,1,64.188098
u64,ahash,1024,clear-empty,quick_cache,1,1.689649
u64,ahash,1024,clear-empty,lru,1,0.558922
u64,ahash,1024,clear-empty,hashlink,1,0.624451
u64,ahash,1024,clear-empty,micro,1,64.812824
u64,ahash,1024,clear-empty,quick_cache,2,1.677362
u64,ahash,1024,clear-empty,lru,2,0.558496
u64,ahash,1024,clear-empty,hashlink,2,0.630033
u64,ahash,1024,clear-empty,micro,2,64.060003
u64,ahash,1024,clear-empty,baseline,2,64.155161
u64,ahash,1024,clear-empty,lru,3,0.563564
u64,ahash,1024,clear-empty,hashlink,3,0.624252
u64,ahash,1024,clear-empty,micro,3,64.411079
u64,ahash,1024,clear-empty,baseline,3,65.294054
u64,ahash,1024,clear-empty,quick_cache,3,1.745143
u64,ahash,1024,clear-empty,hashlink,4,0.632395
u64,ahash,1024,clear-empty,micro,4,64.498734
u64,ahash,1024,clear-empty,baseline,4,64.526464
u64,ahash,1024,clear-empty,quick_cache,4,1.701741
u64,ahash,1024,clear-empty,lru,4,0.565885
u64,ahash,1024,iter-dense,micro,0,268.639595
u64,ahash,1024,iter-dense,baseline,0,270.431826
u64,ahash,1024,iter-dense,quick_cache,0,245.834751
u64,ahash,1024,iter-dense,lru,0,1232.463880
u64,ahash,1024,iter-dense,hashlink,0,1240.611431
u64,ahash,1024,iter-dense,baseline,1,264.165141
u64,ahash,1024,iter-dense,quick_cache,1,246.442339
u64,ahash,1024,iter-dense,lru,1,1223.450893
u64,ahash,1024,iter-dense,hashlink,1,1218.547078
u64,ahash,1024,iter-dense,micro,1,262.224337
u64,ahash,1024,iter-dense,quick_cache,2,245.077187
u64,ahash,1024,iter-dense,lru,2,1235.814145
u64,ahash,1024,iter-dense,hashlink,2,1226.630276
u64,ahash,1024,iter-dense,micro,2,262.060667
u64,ahash,1024,iter-dense,baseline,2,268.374286
u64,ahash,1024,iter-dense,lru,3,1222.842532
u64,ahash,1024,iter-dense,hashlink,3,1218.479302
u64,ahash,1024,iter-dense,micro,3,261.773155
u64,ahash,1024,iter-dense,baseline,3,266.281604
u64,ahash,1024,iter-dense,quick_cache,3,246.698655
u64,ahash,1024,iter-dense,hashlink,4,1284.656678
u64,ahash,1024,iter-dense,micro,4,265.654479
u64,ahash,1024,iter-dense,baseline,4,265.779922
u64,ahash,1024,iter-dense,quick_cache,4,250.274333
u64,ahash,1024,iter-dense,lru,4,1248.749589
u64,ahash,1024,iter-dense-for,micro,0,263.075543
u64,ahash,1024,iter-dense-for,baseline,0,266.424006
u64,ahash,1024,iter-dense-for,quick_cache,0,260.655382
u64,ahash,1024,iter-dense-for,lru,0,731.397287
u64,ahash,1024,iter-dense-for,hashlink,0,868.622396
u64,ahash,1024,iter-dense-for,baseline,1,263.898613
u64,ahash,1024,iter-dense-for,quick_cache,1,262.082402
u64,ahash,1024,iter-dense-for,lru,1,754.906250
u64,ahash,1024,iter-dense-for,hashlink,1,867.486239
u64,ahash,1024,iter-dense-for,micro,1,263.206845
u64,ahash,1024,iter-dense-for,quick_cache,2,260.005540
u64,ahash,1024,iter-dense-for,lru,2,732.910156
u64,ahash,1024,iter-dense-for,hashlink,2,867.832569
u64,ahash,1024,iter-dense-for,micro,2,261.893331
u64,ahash,1024,iter-dense-for,baseline,2,265.496204
u64,ahash,1024,iter-dense-for,lru,3,727.511386
u64,ahash,1024,iter-dense-for,hashlink,3,867.390482
u64,ahash,1024,iter-dense-for,micro,3,262.060580
u64,ahash,1024,iter-dense-for,baseline,3,266.853072
u64,ahash,1024,iter-dense-for,quick_cache,3,260.731337
u64,ahash,1024,iter-dense-for,hashlink,4,873.287905
u64,ahash,1024,iter-dense-for,micro,4,263.390274
u64,ahash,1024,iter-dense-for,baseline,4,272.797783
u64,ahash,1024,iter-dense-for,quick_cache,4,260.854340
u64,ahash,1024,iter-dense-for,lru,4,726.562500
u64,ahash,1024,iter-density-1pct,micro,0,291.114454
u64,ahash,1024,iter-density-1pct,baseline,0,286.196361
u64,ahash,1024,iter-density-1pct,quick_cache,0,154.150452
u64,ahash,1024,iter-density-1pct,lru,0,4.120336
u64,ahash,1024,iter-density-1pct,hashlink,0,4.270022
u64,ahash,1024,iter-density-1pct,baseline,1,296.978046
u64,ahash,1024,iter-density-1pct,quick_cache,1,160.385524
u64,ahash,1024,iter-density-1pct,lru,1,4.197752
u64,ahash,1024,iter-density-1pct,hashlink,1,4.171731
u64,ahash,1024,iter-density-1pct,micro,1,293.745996
u64,ahash,1024,iter-density-1pct,quick_cache,2,156.833560
u64,ahash,1024,iter-density-1pct,lru,2,4.158962
u64,ahash,1024,iter-density-1pct,hashlink,2,4.181593
u64,ahash,1024,iter-density-1pct,micro,2,284.398674
u64,ahash,1024,iter-density-1pct,baseline,2,281.554992
u64,ahash,1024,iter-density-1pct,lru,3,4.160253
u64,ahash,1024,iter-density-1pct,hashlink,3,4.193130
u64,ahash,1024,iter-density-1pct,micro,3,285.761778
u64,ahash,1024,iter-density-1pct,baseline,3,283.390011
u64,ahash,1024,iter-density-1pct,quick_cache,3,157.858954
u64,ahash,1024,iter-density-1pct,hashlink,4,4.176248
u64,ahash,1024,iter-density-1pct,micro,4,283.736216
u64,ahash,1024,iter-density-1pct,baseline,4,284.327652
u64,ahash,1024,iter-density-1pct,quick_cache,4,158.682318
u64,ahash,1024,iter-density-1pct,lru,4,4.283229
u64,ahash,1024,iter-density-6pct,micro,0,277.802237
u64,ahash,1024,iter-density-6pct,baseline,0,263.993768
u64,ahash,1024,iter-density-6pct,quick_cache,0,159.573820
u64,ahash,1024,iter-density-6pct,lru,0,50.975153
u64,ahash,1024,iter-density-6pct,hashlink,0,50.465891
u64,ahash,1024,iter-density-6pct,baseline,1,280.715943
u64,ahash,1024,iter-density-6pct,quick_cache,1,157.040395
u64,ahash,1024,iter-density-6pct,lru,1,49.792402
u64,ahash,1024,iter-density-6pct,hashlink,1,50.140658
u64,ahash,1024,iter-density-6pct,micro,1,273.911990
u64,ahash,1024,iter-density-6pct,quick_cache,2,156.881428
u64,ahash,1024,iter-density-6pct,lru,2,49.600344
u64,ahash,1024,iter-density-6pct,hashlink,2,49.484664
u64,ahash,1024,iter-density-6pct,micro,2,279.727028
u64,ahash,1024,iter-density-6pct,baseline,2,270.398055
u64,ahash,1024,iter-density-6pct,lru,3,49.429741
u64,ahash,1024,iter-density-6pct,hashlink,3,49.492909
u64,ahash,1024,iter-density-6pct,micro,3,279.525484
u64,ahash,1024,iter-density-6pct,baseline,3,278.213093
u64,ahash,1024,iter-density-6pct,quick_cache,3,156.267396
u64,ahash,1024,iter-density-6pct,hashlink,4,49.497708
u64,ahash,1024,iter-density-6pct,micro,4,279.316313
u64,ahash,1024,iter-density-6pct,baseline,4,277.848373
u64,ahash,1024,iter-density-6pct,quick_cache,4,156.016015
u64,ahash,1024,iter-density-6pct,lru,4,49.853652
u64,ahash,1024,iter-density-quarter,micro,0,247.546999
u64,ahash,1024,iter-density-quarter,baseline,0,252.047631
u64,ahash,1024,iter-density-quarter,quick_cache,0,190.238844
u64,ahash,1024,iter-density-quarter,lru,0,284.856345
u64,ahash,1024,iter-density-quarter,hashlink,0,295.712166
u64,ahash,1024,iter-density-quarter,baseline,1,246.411581
u64,ahash,1024,iter-density-quarter,quick_cache,1,188.094940
u64,ahash,1024,iter-density-quarter,lru,1,285.259119
u64,ahash,1024,iter-density-quarter,hashlink,1,294.772825
u64,ahash,1024,iter-density-quarter,micro,1,246.312418
u64,ahash,1024,iter-density-quarter,quick_cache,2,189.237840
u64,ahash,1024,iter-density-quarter,lru,2,286.140720
u64,ahash,1024,iter-density-quarter,hashlink,2,296.127465
u64,ahash,1024,iter-density-quarter,micro,2,242.308624
u64,ahash,1024,iter-density-quarter,baseline,2,247.471389
u64,ahash,1024,iter-density-quarter,lru,3,285.950171
u64,ahash,1024,iter-density-quarter,hashlink,3,297.175831
u64,ahash,1024,iter-density-quarter,micro,3,243.051085
u64,ahash,1024,iter-density-quarter,baseline,3,247.036020
u64,ahash,1024,iter-density-quarter,quick_cache,3,186.738941
u64,ahash,1024,iter-density-quarter,hashlink,4,284.414489
u64,ahash,1024,iter-density-quarter,micro,4,245.390013
u64,ahash,1024,iter-density-quarter,baseline,4,248.766993
u64,ahash,1024,iter-density-quarter,quick_cache,4,187.292103
u64,ahash,1024,iter-density-quarter,lru,4,291.468556
u64,ahash,1024,iter-density-half,micro,0,247.869970
u64,ahash,1024,iter-density-half,baseline,0,250.107667
u64,ahash,1024,iter-density-half,quick_cache,0,220.516652
u64,ahash,1024,iter-density-half,lru,0,614.523693
u64,ahash,1024,iter-density-half,hashlink,0,620.357113
u64,ahash,1024,iter-density-half,baseline,1,246.602936
u64,ahash,1024,iter-density-half,quick_cache,1,219.188084
u64,ahash,1024,iter-density-half,lru,1,607.014315
u64,ahash,1024,iter-density-half,hashlink,1,619.286184
u64,ahash,1024,iter-density-half,micro,1,246.025605
u64,ahash,1024,iter-density-half,quick_cache,2,219.802035
u64,ahash,1024,iter-density-half,lru,2,595.142603
u64,ahash,1024,iter-density-half,hashlink,2,594.986155
u64,ahash,1024,iter-density-half,micro,2,247.385472
u64,ahash,1024,iter-density-half,baseline,2,249.989611
u64,ahash,1024,iter-density-half,lru,3,602.292197
u64,ahash,1024,iter-density-half,hashlink,3,597.133758
u64,ahash,1024,iter-density-half,micro,3,240.841987
u64,ahash,1024,iter-density-half,baseline,3,242.221086
u64,ahash,1024,iter-density-half,quick_cache,3,213.781891
u64,ahash,1024,iter-density-half,hashlink,4,600.061505
u64,ahash,1024,iter-density-half,micro,4,246.107365
u64,ahash,1024,iter-density-half,baseline,4,252.107191
u64,ahash,1024,iter-density-half,quick_cache,4,219.477147
u64,ahash,1024,iter-density-half,lru,4,603.356971
u64,ahash,1024,iter-front,micro,0,239.516901
u64,ahash,1024,iter-front,baseline,0,241.814997
u64,ahash,1024,iter-front,quick_cache,0,160.107349
u64,ahash,1024,iter-front,lru,0,1.186589
u64,ahash,1024,iter-front,hashlink,0,1.151861
u64,ahash,1024,iter-front,baseline,1,259.698927
u64,ahash,1024,iter-front,quick_cache,1,162.203990
u64,ahash,1024,iter-front,lru,1,1.170909
u64,ahash,1024,iter-front,hashlink,1,1.186904
u64,ahash,1024,iter-front,micro,1,252.527134
u64,ahash,1024,iter-front,quick_cache,2,163.317500
u64,ahash,1024,iter-front,lru,2,1.182756
u64,ahash,1024,iter-front,hashlink,2,1.151395
u64,ahash,1024,iter-front,micro,2,249.681433
u64,ahash,1024,iter-front,baseline,2,246.001718
u64,ahash,1024,iter-front,lru,3,1.173606
u64,ahash,1024,iter-front,hashlink,3,1.154258
u64,ahash,1024,iter-front,micro,3,302.284365
u64,ahash,1024,iter-front,baseline,3,343.912202
u64,ahash,1024,iter-front,quick_cache,3,171.152657
u64,ahash,1024,iter-front,hashlink,4,1.443996
u64,ahash,1024,iter-front,micro,4,283.881703
u64,ahash,1024,iter-front,baseline,4,270.739553
u64,ahash,1024,iter-front,quick_cache,4,170.246824
u64,ahash,1024,iter-front,lru,4,1.216395
u64,ahash,1024,iter-back,micro,0,274.934384
u64,ahash,1024,iter-back,baseline,0,278.286536
u64,ahash,1024,iter-back,quick_cache,0,169.350745
u64,ahash,1024,iter-back,lru,0,1.220989
u64,ahash,1024,iter-back,hashlink,0,1.175180
u64,ahash,1024,iter-back,baseline,1,270.013919
u64,ahash,1024,iter-back,quick_cache,1,169.416573
u64,ahash,1024,iter-back,lru,1,1.225907
u64,ahash,1024,iter-back,hashlink,1,1.187054
u64,ahash,1024,iter-back,micro,1,265.084304
u64,ahash,1024,iter-back,quick_cache,2,162.509911
u64,ahash,1024,iter-back,lru,2,1.174797
u64,ahash,1024,iter-back,hashlink,2,1.203034
u64,ahash,1024,iter-back,micro,2,255.531165
u64,ahash,1024,iter-back,baseline,2,241.737838
u64,ahash,1024,iter-back,lru,3,1.145332
u64,ahash,1024,iter-back,hashlink,3,1.166480
u64,ahash,1024,iter-back,micro,3,250.222250
u64,ahash,1024,iter-back,baseline,3,247.804667
u64,ahash,1024,iter-back,quick_cache,3,160.020691
u64,ahash,1024,iter-back,hashlink,4,1.167991
u64,ahash,1024,iter-back,micro,4,249.359375
u64,ahash,1024,iter-back,baseline,4,244.000325
u64,ahash,1024,iter-back,quick_cache,4,161.027283
u64,ahash,1024,iter-back,lru,4,1.166466
u64,ahash,1024,iter-empty,micro,0,250.912099
u64,ahash,1024,iter-empty,baseline,0,246.247539
u64,ahash,1024,iter-empty,quick_cache,0,159.280826
u64,ahash,1024,iter-empty,lru,0,0.961262
u64,ahash,1024,iter-empty,hashlink,0,0.985297
u64,ahash,1024,iter-empty,baseline,1,247.969575
u64,ahash,1024,iter-empty,quick_cache,1,159.247666
u64,ahash,1024,iter-empty,lru,1,0.964040
u64,ahash,1024,iter-empty,hashlink,1,0.985307
u64,ahash,1024,iter-empty,micro,1,253.804139
u64,ahash,1024,iter-empty,quick_cache,2,163.154457
u64,ahash,1024,iter-empty,lru,2,0.960573
u64,ahash,1024,iter-empty,hashlink,2,0.990219
u64,ahash,1024,iter-empty,micro,2,253.983699
u64,ahash,1024,iter-empty,baseline,2,250.000000
u64,ahash,1024,iter-empty,lru,3,1.034654
u64,ahash,1024,iter-empty,hashlink,3,0.974087
u64,ahash,1024,iter-empty,micro,3,249.480552
u64,ahash,1024,iter-empty,baseline,3,245.858557
u64,ahash,1024,iter-empty,quick_cache,3,159.329478
u64,ahash,1024,iter-empty,hashlink,4,0.975303
u64,ahash,1024,iter-empty,micro,4,246.623442
u64,ahash,1024,iter-empty,baseline,4,246.121063
u64,ahash,1024,iter-empty,quick_cache,4,159.651361
u64,ahash,1024,iter-empty,lru,4,0.964546
u64,ahash,1024,iter-count,micro,0,250.792969
u64,ahash,1024,iter-count,baseline,0,242.014828
u64,ahash,1024,iter-count,quick_cache,0,455.729267
u64,ahash,1024,iter-count,lru,0,0.385948
u64,ahash,1024,iter-count,hashlink,0,0.388295
u64,ahash,1024,iter-count,baseline,1,245.975016
u64,ahash,1024,iter-count,quick_cache,1,455.917067
u64,ahash,1024,iter-count,lru,1,0.387781
u64,ahash,1024,iter-count,hashlink,1,0.388656
u64,ahash,1024,iter-count,micro,1,247.968913
u64,ahash,1024,iter-count,quick_cache,2,462.302133
u64,ahash,1024,iter-count,lru,2,0.395063
u64,ahash,1024,iter-count,hashlink,2,0.393358
u64,ahash,1024,iter-count,micro,2,245.737712
u64,ahash,1024,iter-count,baseline,2,242.868463
u64,ahash,1024,iter-count,lru,3,0.390136
u64,ahash,1024,iter-count,hashlink,3,0.390846
u64,ahash,1024,iter-count,micro,3,251.859624
u64,ahash,1024,iter-count,baseline,3,245.985270
u64,ahash,1024,iter-count,quick_cache,3,452.843299
u64,ahash,1024,iter-count,hashlink,4,0.387979
u64,ahash,1024,iter-count,micro,4,245.364665
u64,ahash,1024,iter-count,baseline,4,248.135010
u64,ahash,1024,iter-count,quick_cache,4,452.893329
u64,ahash,1024,iter-count,lru,4,0.386980
u64,ahash,16384,get-hit,micro,0,3.116457
u64,ahash,16384,get-hit,baseline,0,3.134139
u64,ahash,16384,get-hit,quick_cache,0,3.557988
u64,ahash,16384,get-hit,lru,0,6.307139
u64,ahash,16384,get-hit,hashlink,0,6.378788
u64,ahash,16384,get-hit,baseline,1,3.278414
u64,ahash,16384,get-hit,quick_cache,1,3.926757
u64,ahash,16384,get-hit,lru,1,6.588617
u64,ahash,16384,get-hit,hashlink,1,6.695650
u64,ahash,16384,get-hit,micro,1,3.363980
u64,ahash,16384,get-hit,quick_cache,2,4.043020
u64,ahash,16384,get-hit,lru,2,6.758995
u64,ahash,16384,get-hit,hashlink,2,6.958487
u64,ahash,16384,get-hit,micro,2,3.373639
u64,ahash,16384,get-hit,baseline,2,3.442640
u64,ahash,16384,get-hit,lru,3,6.820586
u64,ahash,16384,get-hit,hashlink,3,6.846675
u64,ahash,16384,get-hit,micro,3,3.361133
u64,ahash,16384,get-hit,baseline,3,3.570655
u64,ahash,16384,get-hit,quick_cache,3,3.842566
u64,ahash,16384,get-hit,hashlink,4,6.666426
u64,ahash,16384,get-hit,micro,4,3.539305
u64,ahash,16384,get-hit,baseline,4,3.449817
u64,ahash,16384,get-hit,quick_cache,4,4.008418
u64,ahash,16384,get-hit,lru,4,6.777308
u64,ahash,16384,get-miss,micro,0,2.014440
u64,ahash,16384,get-miss,baseline,0,2.060222
u64,ahash,16384,get-miss,quick_cache,0,2.077149
u64,ahash,16384,get-miss,lru,0,2.360971
u64,ahash,16384,get-miss,hashlink,0,2.138093
u64,ahash,16384,get-miss,baseline,1,1.973252
u64,ahash,16384,get-miss,quick_cache,1,2.072926
u64,ahash,16384,get-miss,lru,1,2.343245
u64,ahash,16384,get-miss,hashlink,1,2.107321
u64,ahash,16384,get-miss,micro,1,2.007935
u64,ahash,16384,get-miss,quick_cache,2,2.072466
u64,ahash,16384,get-miss,lru,2,2.381956
u64,ahash,16384,get-miss,hashlink,2,2.181673
u64,ahash,16384,get-miss,micro,2,2.028436
u64,ahash,16384,get-miss,baseline,2,2.069247
u64,ahash,16384,get-miss,lru,3,2.373349
u64,ahash,16384,get-miss,hashlink,3,2.136437
u64,ahash,16384,get-miss,micro,3,2.011715
u64,ahash,16384,get-miss,baseline,3,2.070713
u64,ahash,16384,get-miss,quick_cache,3,2.076632
u64,ahash,16384,get-miss,hashlink,4,2.105917
u64,ahash,16384,get-miss,micro,4,2.065423
u64,ahash,16384,get-miss,baseline,4,2.061737
u64,ahash,16384,get-miss,quick_cache,4,2.067194
u64,ahash,16384,get-miss,lru,4,2.343472
u64,ahash,16384,update,micro,0,3.274509
u64,ahash,16384,update,baseline,0,3.328661
u64,ahash,16384,update,quick_cache,0,6.655740
u64,ahash,16384,update,lru,0,6.444028
u64,ahash,16384,update,hashlink,0,7.560054
u64,ahash,16384,update,baseline,1,3.230179
u64,ahash,16384,update,quick_cache,1,6.664575
u64,ahash,16384,update,lru,1,6.451523
u64,ahash,16384,update,hashlink,1,7.634481
u64,ahash,16384,update,micro,1,3.260790
u64,ahash,16384,update,quick_cache,2,6.750579
u64,ahash,16384,update,lru,2,6.529156
u64,ahash,16384,update,hashlink,2,7.677396
u64,ahash,16384,update,micro,2,3.247062
u64,ahash,16384,update,baseline,2,3.343433
u64,ahash,16384,update,lru,3,6.494175
u64,ahash,16384,update,hashlink,3,7.547079
u64,ahash,16384,update,micro,3,3.259260
u64,ahash,16384,update,baseline,3,3.324858
u64,ahash,16384,update,quick_cache,3,6.631034
u64,ahash,16384,update,hashlink,4,7.497569
u64,ahash,16384,update,micro,4,3.326600
u64,ahash,16384,update,baseline,4,3.317022
u64,ahash,16384,update,quick_cache,4,6.779805
u64,ahash,16384,update,lru,4,6.359583
u64,ahash,16384,insert-cycle,micro,0,26.918411
u64,ahash,16384,insert-cycle,baseline,0,27.072273
u64,ahash,16384,insert-cycle,quick_cache,0,12.032349
u64,ahash,16384,insert-cycle,lru,0,25.900528
u64,ahash,16384,insert-cycle,hashlink,0,26.576042
u64,ahash,16384,insert-cycle,baseline,1,25.873825
u64,ahash,16384,insert-cycle,quick_cache,1,10.873864
u64,ahash,16384,insert-cycle,lru,1,26.650108
u64,ahash,16384,insert-cycle,hashlink,1,26.798882
u64,ahash,16384,insert-cycle,micro,1,27.470268
u64,ahash,16384,insert-cycle,quick_cache,2,10.767900
u64,ahash,16384,insert-cycle,lru,2,27.585663
u64,ahash,16384,insert-cycle,hashlink,2,27.024902
u64,ahash,16384,insert-cycle,micro,2,27.002975
u64,ahash,16384,insert-cycle,baseline,2,26.926994
u64,ahash,16384,insert-cycle,lru,3,26.728310
u64,ahash,16384,insert-cycle,hashlink,3,26.296303
u64,ahash,16384,insert-cycle,micro,3,26.919365
u64,ahash,16384,insert-cycle,baseline,3,26.688576
u64,ahash,16384,insert-cycle,quick_cache,3,10.892941
u64,ahash,16384,insert-cycle,hashlink,4,26.456833
u64,ahash,16384,insert-cycle,micro,4,27.036354
u64,ahash,16384,insert-cycle,baseline,4,27.450241
u64,ahash,16384,insert-cycle,quick_cache,4,10.735830
u64,ahash,16384,insert-cycle,lru,4,27.129173
u64,ahash,16384,mixed-95,micro,0,4.048329
u64,ahash,16384,mixed-95,baseline,0,4.061632
u64,ahash,16384,mixed-95,quick_cache,0,5.013476
u64,ahash,16384,mixed-95,lru,0,6.184133
u64,ahash,16384,mixed-95,hashlink,0,6.571633
u64,ahash,16384,mixed-95,baseline,1,4.089750
u64,ahash,16384,mixed-95,quick_cache,1,4.770914
u64,ahash,16384,mixed-95,lru,1,6.180064
u64,ahash,16384,mixed-95,hashlink,1,6.500244
u64,ahash,16384,mixed-95,micro,1,4.250947
u64,ahash,16384,mixed-95,quick_cache,2,4.707271
u64,ahash,16384,mixed-95,lru,2,6.178876
u64,ahash,16384,mixed-95,hashlink,2,6.512378
u64,ahash,16384,mixed-95,micro,2,4.033741
u64,ahash,16384,mixed-95,baseline,2,4.094217
u64,ahash,16384,mixed-95,lru,3,6.269122
u64,ahash,16384,mixed-95,hashlink,3,6.508990
u64,ahash,16384,mixed-95,micro,3,4.117644
u64,ahash,16384,mixed-95,baseline,3,4.163569
u64,ahash,16384,mixed-95,quick_cache,3,4.707272
u64,ahash,16384,mixed-95,hashlink,4,6.425734
u64,ahash,16384,mixed-95,micro,4,4.053584
u64,ahash,16384,mixed-95,baseline,4,4.046654
u64,ahash,16384,mixed-95,quick_cache,4,4.612732
u64,ahash,16384,mixed-95,lru,4,6.149292
u64,ahash,16384,load-hit,micro,0,3.581816
u64,ahash,16384,load-hit,baseline,0,3.846274
u64,ahash,16384,load-hit,quick_cache,0,5.899338
u64,ahash,16384,load-hit,lru,0,5.994489
u64,ahash,16384,load-hit,hashlink,0,6.321786
u64,ahash,16384,load-hit,baseline,1,4.087717
u64,ahash,16384,load-hit,quick_cache,1,6.353444
u64,ahash,16384,load-hit,lru,1,6.333713
u64,ahash,16384,load-hit,hashlink,1,6.561460
u64,ahash,16384,load-hit,micro,1,4.188017
u64,ahash,16384,load-hit,quick_cache,2,6.501135
u64,ahash,16384,load-hit,lru,2,6.425556
u64,ahash,16384,load-hit,hashlink,2,6.636119
u64,ahash,16384,load-hit,micro,2,4.152219
u64,ahash,16384,load-hit,baseline,2,4.325658
u64,ahash,16384,load-hit,lru,3,6.480167
u64,ahash,16384,load-hit,hashlink,3,6.611507
u64,ahash,16384,load-hit,micro,3,4.092013
u64,ahash,16384,load-hit,baseline,3,4.293693
u64,ahash,16384,load-hit,quick_cache,3,6.449024
u64,ahash,16384,load-hit,hashlink,4,6.624405
u64,ahash,16384,load-hit,micro,4,4.176227
u64,ahash,16384,load-hit,baseline,4,4.166978
u64,ahash,16384,load-hit,quick_cache,4,6.409744
u64,ahash,16384,load-hit,lru,4,6.489358
u64,ahash,16384,load-cycle,micro,0,28.105415
u64,ahash,16384,load-cycle,baseline,0,27.893700
u64,ahash,16384,load-cycle,quick_cache,0,11.612255
u64,ahash,16384,load-cycle,lru,0,28.196014
u64,ahash,16384,load-cycle,hashlink,0,29.648781
u64,ahash,16384,load-cycle,baseline,1,27.820900
u64,ahash,16384,load-cycle,quick_cache,1,11.699200
u64,ahash,16384,load-cycle,lru,1,28.594971
u64,ahash,16384,load-cycle,hashlink,1,29.530846
u64,ahash,16384,load-cycle,micro,1,28.141342
u64,ahash,16384,load-cycle,quick_cache,2,11.878330
u64,ahash,16384,load-cycle,lru,2,27.977303
u64,ahash,16384,load-cycle,hashlink,2,29.506363
u64,ahash,16384,load-cycle,micro,2,27.869545
u64,ahash,16384,load-cycle,baseline,2,28.023720
u64,ahash,16384,load-cycle,lru,3,27.696930
u64,ahash,16384,load-cycle,hashlink,3,29.553413
u64,ahash,16384,load-cycle,micro,3,27.790710
u64,ahash,16384,load-cycle,baseline,3,27.957916
u64,ahash,16384,load-cycle,quick_cache,3,11.672497
u64,ahash,16384,load-cycle,hashlink,4,29.040649
u64,ahash,16384,load-cycle,micro,4,27.775764
u64,ahash,16384,load-cycle,baseline,4,27.990028
u64,ahash,16384,load-cycle,quick_cache,4,11.456329
u64,ahash,16384,load-cycle,lru,4,28.156281
u64,ahash,16384,clear-refill,micro,0,89514.705882
u64,ahash,16384,clear-refill,baseline,0,89995.117647
u64,ahash,16384,clear-refill,quick_cache,0,101659.700000
u64,ahash,16384,clear-refill,lru,0,453773.714286
u64,ahash,16384,clear-refill,hashlink,0,266680.583333
u64,ahash,16384,clear-refill,baseline,1,89660.558824
u64,ahash,16384,clear-refill,quick_cache,1,102483.333333
u64,ahash,16384,clear-refill,lru,1,419755.125000
u64,ahash,16384,clear-refill,hashlink,1,262590.250000
u64,ahash,16384,clear-refill,micro,1,87676.171429
u64,ahash,16384,clear-refill,quick_cache,2,101026.400000
u64,ahash,16384,clear-refill,lru,2,437321.428571
u64,ahash,16384,clear-refill,hashlink,2,268895.833333
u64,ahash,16384,clear-refill,micro,2,88807.588235
u64,ahash,16384,clear-refill,baseline,2,88540.441176
u64,ahash,16384,clear-refill,lru,3,444833.285714
u64,ahash,16384,clear-refill,hashlink,3,260034.750000
u64,ahash,16384,clear-refill,micro,3,89372.529412
u64,ahash,16384,clear-refill,baseline,3,90926.787879
u64,ahash,16384,clear-refill,quick_cache,3,101477.766667
u64,ahash,16384,clear-refill,hashlink,4,265937.500000
u64,ahash,16384,clear-refill,micro,4,88032.142857
u64,ahash,16384,clear-refill,baseline,4,88027.371429
u64,ahash,16384,clear-refill,quick_cache,4,101562.500000
u64,ahash,16384,clear-refill,lru,4,434976.142857
u64,ahash,16384,clear-empty,micro,0,322.811128
u64,ahash,16384,clear-empty,baseline,0,312.491365
u64,ahash,16384,clear-empty,quick_cache,0,1.681430
u64,ahash,16384,clear-empty,lru,0,0.569939
u64,ahash,16384,clear-empty,hashlink,0,0.633181
u64,ahash,16384,clear-empty,baseline,1,347.268497
u64,ahash,16384,clear-empty,quick_cache,1,1.669645
u64,ahash,16384,clear-empty,lru,1,0.564549
u64,ahash,16384,clear-empty,hashlink,1,0.621858
u64,ahash,16384,clear-empty,micro,1,312.799753
u64,ahash,16384,clear-empty,quick_cache,2,1.686292
u64,ahash,16384,clear-empty,lru,2,0.562328
u64,ahash,16384,clear-empty,hashlink,2,0.622296
u64,ahash,16384,clear-empty,micro,2,311.746197
u64,ahash,16384,clear-empty,baseline,2,307.287560
u64,ahash,16384,clear-empty,lru,3,0.564841
u64,ahash,16384,clear-empty,hashlink,3,0.626295
u64,ahash,16384,clear-empty,micro,3,311.729030
u64,ahash,16384,clear-empty,baseline,3,308.966386
u64,ahash,16384,clear-empty,quick_cache,3,1.685345
u64,ahash,16384,clear-empty,hashlink,4,0.605981
u64,ahash,16384,clear-empty,micro,4,310.319799
u64,ahash,16384,clear-empty,baseline,4,309.548931
u64,ahash,16384,clear-empty,quick_cache,4,1.675396
u64,ahash,16384,clear-empty,lru,4,0.578675
u64,ahash,16384,iter-dense,micro,0,4661.583333
u64,ahash,16384,iter-dense,baseline,0,4616.752976
u64,ahash,16384,iter-dense,quick_cache,0,5324.942708
u64,ahash,16384,iter-dense,lru,0,21276.562500
u64,ahash,16384,iter-dense,hashlink,0,21401.562500
u64,ahash,16384,iter-dense,baseline,1,4590.278274
u64,ahash,16384,iter-dense,quick_cache,1,5256.727431
u64,ahash,16384,iter-dense,lru,1,20742.706250
u64,ahash,16384,iter-dense,hashlink,1,21535.156250
u64,ahash,16384,iter-dense,micro,1,4632.563988
u64,ahash,16384,iter-dense,quick_cache,2,5250.939236
u64,ahash,16384,iter-dense,lru,2,20735.156250
u64,ahash,16384,iter-dense,hashlink,2,21365.881250
u64,ahash,16384,iter-dense,micro,2,4590.959821
u64,ahash,16384,iter-dense,baseline,2,4644.159226
u64,ahash,16384,iter-dense,lru,3,21010.156250
u64,ahash,16384,iter-dense,hashlink,3,21582.812500
u64,ahash,16384,iter-dense,micro,3,4597.903274
u64,ahash,16384,iter-dense,baseline,3,4639.632440
u64,ahash,16384,iter-dense,quick_cache,3,5314.163194
u64,ahash,16384,iter-dense,hashlink,4,21665.625000
u64,ahash,16384,iter-dense,micro,4,4922.395312
u64,ahash,16384,iter-dense,baseline,4,4512.400298
u64,ahash,16384,iter-dense,quick_cache,4,5096.628289
u64,ahash,16384,iter-dense,lru,4,21624.743750
u64,ahash,16384,iter-dense-for,micro,0,4573.784226
u64,ahash,16384,iter-dense-for,baseline,0,4549.107143
u64,ahash,16384,iter-dense-for,quick_cache,0,5256.727431
u64,ahash,16384,iter-dense-for,lru,0,14504.834821
u64,ahash,16384,iter-dense-for,hashlink,0,17557.291667
u64,ahash,16384,iter-dense-for,baseline,1,4702.017187
u64,ahash,16384,iter-dense-for,quick_cache,1,7292.067308
u64,ahash,16384,iter-dense-for,lru,1,17435.328125
u64,ahash,16384,iter-dense-for,hashlink,1,16875.651042
u64,ahash,16384,iter-dense-for,micro,1,4612.474702
u64,ahash,16384,iter-dense-for,quick_cache,2,5469.689236
u64,ahash,16384,iter-dense-for,lru,2,17472.656250
u64,ahash,16384,iter-dense-for,hashlink,2,16672.744792
u64,ahash,16384,iter-dense-for,micro,2,4613.157738
u64,ahash,16384,iter-dense-for,baseline,2,4628.906250
u64,ahash,16384,iter-dense-for,lru,3,17631.729167
u64,ahash,16384,iter-dense-for,hashlink,3,16777.994792
u64,ahash,16384,iter-dense-for,micro,3,4733.007812
u64,ahash,16384,iter-dense-for,baseline,3,4633.989583
u64,ahash,16384,iter-dense-for,quick_cache,3,5597.656250
u64,ahash,16384,iter-dense-for,hashlink,4,18277.343750
u64,ahash,16384,iter-dense-for,micro,4,4618.675595
u64,ahash,16384,iter-dense-for,baseline,4,4653.956845
u64,ahash,16384,iter-dense-for,quick_cache,4,5730.773897
u64,ahash,16384,iter-dense-for,lru,4,15676.526786
u64,ahash,16384,iter-density-1pct,micro,0,5174.411184
u64,ahash,16384,iter-density-1pct,baseline,0,5254.411458
u64,ahash,16384,iter-density-1pct,quick_cache,0,5117.324013
u64,ahash,16384,iter-density-1pct,lru,0,181.687198
u64,ahash,16384,iter-density-1pct,hashlink,0,183.489237
u64,ahash,16384,iter-density-1pct,baseline,1,5121.299342
u64,ahash,16384,iter-density-1pct,quick_cache,1,5023.985197
u64,ahash,16384,iter-density-1pct,lru,1,175.253096
u64,ahash,16384,iter-density-1pct,hashlink,1,174.525151
u64,ahash,16384,iter-density-1pct,micro,1,4717.773438
u64,ahash,16384,iter-density-1pct,quick_cache,2,4835.676562
u64,ahash,16384,iter-density-1pct,lru,2,174.126507
u64,ahash,16384,iter-density-1pct,hashlink,2,172.750230
u64,ahash,16384,iter-density-1pct,micro,2,4825.326563
u64,ahash,16384,iter-density-1pct,baseline,2,4953.776563
u64,ahash,16384,iter-density-1pct,lru,3,183.408142
u64,ahash,16384,iter-density-1pct,hashlink,3,177.272862
u64,ahash,16384,iter-density-1pct,micro,3,4816.406250
u64,ahash,16384,iter-density-1pct,baseline,3,4896.354688
u64,ahash,16384,iter-density-1pct,quick_cache,3,4897.851562
u64,ahash,16384,iter-density-1pct,hashlink,4,173.302218
u64,ahash,16384,iter-density-1pct,micro,4,4872.329687
u64,ahash,16384,iter-density-1pct,baseline,4,4830.403125
u64,ahash,16384,iter-density-1pct,quick_cache,4,4889.778125
u64,ahash,16384,iter-density-1pct,lru,4,171.758127
u64,ahash,16384,iter-density-6pct,micro,0,4582.093750
u64,ahash,16384,iter-density-6pct,baseline,0,4665.053571
u64,ahash,16384,iter-density-6pct,quick_cache,0,4729.167188
u64,ahash,16384,iter-density-6pct,lru,0,4766.340625
u64,ahash,16384,iter-density-6pct,hashlink,0,4476.562500
u64,ahash,16384,iter-density-6pct,baseline,1,4556.113095
u64,ahash,16384,iter-density-6pct,quick_cache,1,4660.032738
u64,ahash,16384,iter-density-6pct,lru,1,4821.810938
u64,ahash,16384,iter-density-6pct,hashlink,1,4478.299107
u64,ahash,16384,iter-density-6pct,micro,1,4538.255952
u64,ahash,16384,iter-density-6pct,quick_cache,2,4687.623512
u64,ahash,16384,iter-density-6pct,lru,2,4846.875000
u64,ahash,16384,iter-density-6pct,hashlink,2,4648.498512
u64,ahash,16384,iter-density-6pct,micro,2,4620.782738
u64,ahash,16384,iter-density-6pct,baseline,2,4604.663690
u64,ahash,16384,iter-density-6pct,lru,3,6263.020833
u64,ahash,16384,iter-density-6pct,hashlink,3,5490.958333
u64,ahash,16384,iter-density-6pct,micro,3,4670.510417
u64,ahash,16384,iter-density-6pct,baseline,3,4735.871875
u64,ahash,16384,iter-density-6pct,quick_cache,3,4759.504687
u64,ahash,16384,iter-density-6pct,hashlink,4,5472.873264
u64,ahash,16384,iter-density-6pct,micro,4,4766.015625
u64,ahash,16384,iter-density-6pct,baseline,4,4810.873438
u64,ahash,16384,iter-density-6pct,quick_cache,4,4725.129687
u64,ahash,16384,iter-density-6pct,lru,4,5648.437500
u64,ahash,16384,iter-density-quarter,micro,0,4089.277174
u64,ahash,16384,iter-density-quarter,baseline,0,4100.543478
u64,ahash,16384,iter-density-quarter,quick_cache,0,4944.557566
u64,ahash,16384,iter-density-quarter,lru,0,6758.743304
u64,ahash,16384,iter-density-quarter,hashlink,0,6805.058036
u64,ahash,16384,iter-density-quarter,baseline,1,4087.296196
u64,ahash,16384,iter-density-quarter,quick_cache,1,4781.054688
u64,ahash,16384,iter-density-quarter,lru,1,6725.631696
u64,ahash,16384,iter-density-quarter,hashlink,1,6854.816964
u64,ahash,16384,iter-density-quarter,micro,1,4146.964674
u64,ahash,16384,iter-density-quarter,quick_cache,2,5092.516447
u64,ahash,16384,iter-density-quarter,lru,2,6794.921875
u64,ahash,16384,iter-density-quarter,hashlink,2,6817.522321
u64,ahash,16384,iter-density-quarter,micro,2,4200.917120
u64,ahash,16384,iter-density-quarter,baseline,2,4129.076087
u64,ahash,16384,iter-density-quarter,lru,3,6724.421875
u64,ahash,16384,iter-density-quarter,hashlink,3,6833.241071
u64,ahash,16384,iter-density-quarter,micro,3,4123.585598
u64,ahash,16384,iter-density-quarter,baseline,3,4119.735054
u64,ahash,16384,iter-density-quarter,quick_cache,3,4793.489062
u64,ahash,16384,iter-density-quarter,hashlink,4,6737.908482
u64,ahash,16384,iter-density-quarter,micro,4,4108.808424
u64,ahash,16384,iter-density-quarter,baseline,4,4130.717391
u64,ahash,16384,iter-density-quarter,quick_cache,4,4903.971875
u64,ahash,16384,iter-density-quarter,lru,4,6958.332589
u64,ahash,16384,iter-density-half,micro,0,4250.623641
u64,ahash,16384,iter-density-half,baseline,0,4274.443182
u64,ahash,16384,iter-density-half,quick_cache,0,4885.678125
u64,ahash,16384,iter-density-half,lru,0,13298.175781
u64,ahash,16384,iter-density-half,hashlink,0,15691.187500
u64,ahash,16384,iter-density-half,baseline,1,4327.000000
u64,ahash,16384,iter-density-half,quick_cache,1,4927.670313
u64,ahash,16384,iter-density-half,lru,1,14446.986607
u64,ahash,16384,iter-density-half,hashlink,1,15243.303571
u64,ahash,16384,iter-density-half,micro,1,4283.143466
u64,ahash,16384,iter-density-half,quick_cache,2,5043.447368
u64,ahash,16384,iter-density-half,lru,2,13397.691964
u64,ahash,16384,iter-density-half,hashlink,2,14930.616071
u64,ahash,16384,iter-density-half,micro,2,4247.679348
u64,ahash,16384,iter-density-half,baseline,2,4270.181818
u64,ahash,16384,iter-density-half,lru,3,13592.633929
u64,ahash,16384,iter-density-half,hashlink,3,14947.732143
u64,ahash,16384,iter-density-half,micro,3,4255.379076
u64,ahash,16384,iter-density-half,baseline,3,4300.899148
u64,ahash,16384,iter-density-half,quick_cache,3,4897.395312
u64,ahash,16384,iter-density-half,hashlink,4,13160.156250
u64,ahash,16384,iter-density-half,micro,4,4284.210227
u64,ahash,16384,iter-density-half,baseline,4,4131.058424
u64,ahash,16384,iter-density-half,quick_cache,4,4812.629687
u64,ahash,16384,iter-density-half,lru,4,14983.633929
u64,ahash,16384,iter-front,micro,0,3846.927500
u64,ahash,16384,iter-front,baseline,0,3938.421875
u64,ahash,16384,iter-front,quick_cache,0,4786.848437
u64,ahash,16384,iter-front,lru,0,1.187069
u64,ahash,16384,iter-front,hashlink,0,1.157679
u64,ahash,16384,iter-front,baseline,1,4029.569010
u64,ahash,16384,iter-front,quick_cache,1,4823.632812
u64,ahash,16384,iter-front,lru,1,1.194191
u64,ahash,16384,iter-front,hashlink,1,1.152187
u64,ahash,16384,iter-front,micro,1,4024.902344
u64,ahash,16384,iter-front,quick_cache,2,4871.939062
u64,ahash,16384,iter-front,lru,2,1.178326
u64,ahash,16384,iter-front,hashlink,2,1.135153
u64,ahash,16384,iter-front,micro,2,4062.662760
u64,ahash,16384,iter-front,baseline,2,4018.066406
u64,ahash,16384,iter-front,lru,3,1.177379
u64,ahash,16384,iter-front,hashlink,3,1.129300
u64,ahash,16384,iter-front,micro,3,4047.147135
u64,ahash,16384,iter-front,baseline,3,4016.601562
u64,ahash,16384,iter-front,quick_cache,3,4798.957812
u64,ahash,16384,iter-front,hashlink,4,1.128308
u64,ahash,16384,iter-front,micro,4,4043.078125
u64,ahash,16384,iter-front,baseline,4,4036.242188
u64,ahash,16384,iter-front,quick_cache,4,4860.871875
u64,ahash,16384,iter-front,lru,4,1.173694
u64,ahash,16384,iter-back,micro,0,4031.901042
u64,ahash,16384,iter-back,baseline,0,4060.601562
u64,ahash,16384,iter-back,quick_cache,0,4942.159539
u64,ahash,16384,iter-back,lru,0,1.184610
u64,ahash,16384,iter-back,hashlink,0,1.146424
u64,ahash,16384,iter-back,baseline,1,4053.385417
u64,ahash,16384,iter-back,quick_cache,1,4894.401563
u64,ahash,16384,iter-back,lru,1,1.176286
u64,ahash,16384,iter-back,hashlink,1,1.159168
u64,ahash,16384,iter-back,micro,1,4020.996094
u64,ahash,16384,iter-back,quick_cache,2,4855.207812
u64,ahash,16384,iter-back,lru,2,1.172344
u64,ahash,16384,iter-back,hashlink,2,1.164061
u64,ahash,16384,iter-back,micro,2,4017.631510
u64,ahash,16384,iter-back,baseline,2,4000.760417
u64,ahash,16384,iter-back,lru,3,1.174459
u64,ahash,16384,iter-back,hashlink,3,1.146579
u64,ahash,16384,iter-back,micro,3,4028.916667
u64,ahash,16384,iter-back,baseline,3,3985.459635
u64,ahash,16384,iter-back,quick_cache,3,4851.953125
u64,ahash,16384,iter-back,hashlink,4,1.135579
u64,ahash,16384,iter-back,micro,4,4018.934896
u64,ahash,16384,iter-back,baseline,4,3982.041667
u64,ahash,16384,iter-back,quick_cache,4,4906.379687
u64,ahash,16384,iter-back,lru,4,1.195532
u64,ahash,16384,iter-empty,micro,0,4078.521739
u64,ahash,16384,iter-empty,baseline,0,3985.785156
u64,ahash,16384,iter-empty,quick_cache,0,4875.845312
u64,ahash,16384,iter-empty,lru,0,0.984686
u64,ahash,16384,iter-empty,hashlink,0,0.986136
u64,ahash,16384,iter-empty,baseline,1,4023.925781
u64,ahash,16384,iter-empty,quick_cache,1,4828.970312
u64,ahash,16384,iter-empty,lru,1,0.975902
u64,ahash,16384,iter-empty,hashlink,1,0.986167
u64,ahash,16384,iter-empty,micro,1,4015.571615
u64,ahash,16384,iter-empty,quick_cache,2,4863.476562
u64,ahash,16384,iter-empty,lru,2,0.977520
u64,ahash,16384,iter-empty,hashlink,2,0.988955
u64,ahash,16384,iter-empty,micro,2,4012.260417
u64,ahash,16384,iter-empty,baseline,2,3892.707500
u64,ahash,16384,iter-empty,lru,3,0.984056
u64,ahash,16384,iter-empty,hashlink,3,0.983416
u64,ahash,16384,iter-empty,micro,3,3896.615000
u64,ahash,16384,iter-empty,baseline,3,3924.751302
u64,ahash,16384,iter-empty,quick_cache,3,4823.762500
u64,ahash,16384,iter-empty,hashlink,4,0.984790
u64,ahash,16384,iter-empty,micro,4,3940.376302
u64,ahash,16384,iter-empty,baseline,4,3925.076823
u64,ahash,16384,iter-empty,quick_cache,4,4812.304688
u64,ahash,16384,iter-empty,lru,4,0.980228
u64,ahash,16384,iter-count,micro,0,4032.334635
u64,ahash,16384,iter-count,baseline,0,4038.519531
u64,ahash,16384,iter-count,quick_cache,0,7552.896484
u64,ahash,16384,iter-count,lru,0,0.390675
u64,ahash,16384,iter-count,hashlink,0,0.388733
u64,ahash,16384,iter-count,baseline,1,4006.292969
u64,ahash,16384,iter-count,quick_cache,1,7488.605469
u64,ahash,16384,iter-count,lru,1,0.390688
u64,ahash,16384,iter-count,hashlink,1,0.388108
u64,ahash,16384,iter-count,micro,1,3999.891927
u64,ahash,16384,iter-count,quick_cache,2,7529.947266
u64,ahash,16384,iter-count,lru,2,0.392364
u64,ahash,16384,iter-count,hashlink,2,0.384365
u64,ahash,16384,iter-count,micro,2,3836.059570
u64,ahash,16384,iter-count,baseline,2,3979.980469
u64,ahash,16384,iter-count,lru,3,0.389325
u64,ahash,16384,iter-count,hashlink,3,0.402845
u64,ahash,16384,iter-count,micro,3,4357.368490
u64,ahash,16384,iter-count,baseline,3,4332.084635
u64,ahash,16384,iter-count,quick_cache,3,8527.996094
u64,ahash,16384,iter-count,hashlink,4,0.454426
u64,ahash,16384,iter-count,micro,4,6489.419922
u64,ahash,16384,iter-count,baseline,4,5197.049479
u64,ahash,16384,iter-count,quick_cache,4,7617.593750
u64,ahash,16384,iter-count,lru,4,0.392470
string24,sip,128,get-hit,micro,0,9.278616
string24,sip,128,get-hit,baseline,0,9.284848
string24,sip,128,get-hit,quick_cache,0,9.272003
string24,sip,128,get-hit,lru,0,9.761876
string24,sip,128,get-hit,hashlink,0,9.181467
string24,sip,128,get-hit,baseline,1,9.277979
string24,sip,128,get-hit,quick_cache,1,9.270477
string24,sip,128,get-hit,lru,1,9.728149
string24,sip,128,get-hit,hashlink,1,9.168881
string24,sip,128,get-hit,micro,1,9.271365
string24,sip,128,get-hit,quick_cache,2,9.309131
string24,sip,128,get-hit,lru,2,9.884750
string24,sip,128,get-hit,hashlink,2,9.385681
string24,sip,128,get-hit,micro,2,9.355927
string24,sip,128,get-hit,baseline,2,9.273529
string24,sip,128,get-hit,lru,3,9.913541
string24,sip,128,get-hit,hashlink,3,9.348932
string24,sip,128,get-hit,micro,3,9.369788
string24,sip,128,get-hit,baseline,3,9.310150
string24,sip,128,get-hit,quick_cache,3,9.251657
string24,sip,128,get-hit,hashlink,4,9.191513
string24,sip,128,get-hit,micro,4,9.294128
string24,sip,128,get-hit,baseline,4,9.269714
string24,sip,128,get-hit,quick_cache,4,9.262085
string24,sip,128,get-hit,lru,4,9.753980
string24,sip,128,get-miss,micro,0,8.557461
string24,sip,128,get-miss,baseline,0,8.656821
string24,sip,128,get-miss,quick_cache,0,8.749462
string24,sip,128,get-miss,lru,0,8.968818
string24,sip,128,get-miss,hashlink,0,8.498799
string24,sip,128,get-miss,baseline,1,8.603947
string24,sip,128,get-miss,quick_cache,1,8.330372
string24,sip,128,get-miss,lru,1,8.868748
string24,sip,128,get-miss,hashlink,1,8.942767
string24,sip,128,get-miss,micro,1,8.327598
string24,sip,128,get-miss,quick_cache,2,8.228103
string24,sip,128,get-miss,lru,2,8.423198
string24,sip,128,get-miss,hashlink,2,8.229913
string24,sip,128,get-miss,micro,2,8.570946
string24,sip,128,get-miss,baseline,2,8.314459
string24,sip,128,get-miss,lru,3,8.818249
string24,sip,128,get-miss,hashlink,3,8.515328
string24,sip,128,get-miss,micro,3,8.541964
string24,sip,128,get-miss,baseline,3,8.339969
string24,sip,128,get-miss,quick_cache,3,8.305642
string24,sip,128,get-miss,hashlink,4,8.526231
string24,sip,128,get-miss,micro,4,8.459958
string24,sip,128,get-miss,baseline,4,8.321691
string24,sip,128,get-miss,quick_cache,4,8.306771
string24,sip,128,get-miss,lru,4,8.860997
string24,sip,128,update,micro,0,22.207225
string24,sip,128,update,baseline,0,22.157255
string24,sip,128,update,quick_cache,0,41.890462
string24,sip,128,update,lru,0,22.326596
string24,sip,128,update,hashlink,0,21.855368
string24,sip,128,update,baseline,1,22.025017
string24,sip,128,update,quick_cache,1,42.087131
string24,sip,128,update,lru,1,22.820865
string24,sip,128,update,hashlink,1,22.069293
string24,sip,128,update,micro,1,22.072287
string24,sip,128,update,quick_cache,2,42.233493
string24,sip,128,update,lru,2,22.453455
string24,sip,128,update,hashlink,2,22.337668
string24,sip,128,update,micro,2,22.691909
string24,sip,128,update,baseline,2,22.285314
string24,sip,128,update,lru,3,22.822661
string24,sip,128,update,hashlink,3,22.762523
string24,sip,128,update,micro,3,22.851383
string24,sip,128,update,baseline,3,22.324212
string24,sip,128,update,quick_cache,3,49.563721
string24,sip,128,update,hashlink,4,21.732106
string24,sip,128,update,micro,4,21.673168
string24,sip,128,update,baseline,4,21.570841
string24,sip,128,update,quick_cache,4,40.312708
string24,sip,128,update,lru,4,22.019632
string24,sip,128,insert-cycle,micro,0,43.631288
string24,sip,128,insert-cycle,baseline,0,44.199850
string24,sip,128,insert-cycle,quick_cache,0,38.605276
string24,sip,128,insert-cycle,lru,0,63.081023
string24,sip,128,insert-cycle,hashlink,0,64.516634
string24,sip,128,insert-cycle,baseline,1,42.559485
string24,sip,128,insert-cycle,quick_cache,1,39.154180
string24,sip,128,insert-cycle,lru,1,61.798417
string24,sip,128,insert-cycle,hashlink,1,63.400908
string24,sip,128,insert-cycle,micro,1,44.277594
string24,sip,128,insert-cycle,quick_cache,2,38.453087
string24,sip,128,insert-cycle,lru,2,63.215810
string24,sip,128,insert-cycle,hashlink,2,66.245343
string24,sip,128,insert-cycle,micro,2,44.364195
string24,sip,128,insert-cycle,baseline,2,45.550206
string24,sip,128,insert-cycle,lru,3,64.407516
string24,sip,128,insert-cycle,hashlink,3,66.756747
string24,sip,128,insert-cycle,micro,3,44.718275
string24,sip,128,insert-cycle,baseline,3,44.877147
string24,sip,128,insert-cycle,quick_cache,3,40.447643
string24,sip,128,insert-cycle,hashlink,4,67.106585
string24,sip,128,insert-cycle,micro,4,44.315669
string24,sip,128,insert-cycle,baseline,4,44.432972
string24,sip,128,insert-cycle,quick_cache,4,39.682195
string24,sip,128,insert-cycle,lru,4,64.554194
string24,sip,128,mixed-95,micro,0,16.550919
string24,sip,128,mixed-95,baseline,0,16.584091
string24,sip,128,mixed-95,quick_cache,0,19.765220
string24,sip,128,mixed-95,lru,0,19.843654
string24,sip,128,mixed-95,hashlink,0,19.895321
string24,sip,128,mixed-95,baseline,1,16.886158
string24,sip,128,mixed-95,quick_cache,1,19.983392
string24,sip,128,mixed-95,lru,1,19.089001
string24,sip,128,mixed-95,hashlink,1,18.880206
string24,sip,128,mixed-95,micro,1,16.847556
string24,sip,128,mixed-95,quick_cache,2,20.073602
string24,sip,128,mixed-95,lru,2,19.312808
string24,sip,128,mixed-95,hashlink,2,20.616319
string24,sip,128,mixed-95,micro,2,16.739813
string24,sip,128,mixed-95,baseline,2,16.773110
string24,sip,128,mixed-95,lru,3,18.784332
string24,sip,128,mixed-95,hashlink,3,18.856049
string24,sip,128,mixed-95,micro,3,17.160822
string24,sip,128,mixed-95,baseline,3,16.955983
string24,sip,128,mixed-95,quick_cache,3,19.385620
string24,sip,128,mixed-95,hashlink,4,18.505603
string24,sip,128,mixed-95,micro,4,16.805242
string24,sip,128,mixed-95,baseline,4,16.904424
string24,sip,128,mixed-95,quick_cache,4,19.688387
string24,sip,128,mixed-95,lru,4,18.449146
string24,sip,128,load-hit,micro,0,21.829346
string24,sip,128,load-hit,baseline,0,21.906537
string24,sip,128,load-hit,quick_cache,0,13.098942
string24,sip,128,load-hit,lru,0,13.303118
string24,sip,128,load-hit,hashlink,0,9.158870
string24,sip,128,load-hit,baseline,1,21.839219
string24,sip,128,load-hit,quick_cache,1,13.082411
string24,sip,128,load-hit,lru,1,14.096187
string24,sip,128,load-hit,hashlink,1,9.170151
string24,sip,128,load-hit,micro,1,21.561567
string24,sip,128,load-hit,quick_cache,2,13.106027
string24,sip,128,load-hit,lru,2,12.897886
string24,sip,128,load-hit,hashlink,2,9.413627
string24,sip,128,load-hit,micro,2,21.691119
string24,sip,128,load-hit,baseline,2,21.488051
string24,sip,128,load-hit,lru,3,12.557475
string24,sip,128,load-hit,hashlink,3,9.248987
string24,sip,128,load-hit,micro,3,21.420234
string24,sip,128,load-hit,baseline,3,21.477030
string24,sip,128,load-hit,quick_cache,3,12.974529
string24,sip,128,load-hit,hashlink,4,9.158963
string24,sip,128,load-hit,micro,4,21.478156
string24,sip,128,load-hit,baseline,4,21.737491
string24,sip,128,load-hit,quick_cache,4,13.047144
string24,sip,128,load-hit,lru,4,12.558150
string24,sip,128,load-cycle,micro,0,45.097776
string24,sip,128,load-cycle,baseline,0,45.091526
string24,sip,128,load-cycle,quick_cache,0,26.581987
string24,sip,128,load-cycle,lru,0,63.088920
string24,sip,128,load-cycle,hashlink,0,68.176735
string24,sip,128,load-cycle,baseline,1,45.219216
string24,sip,128,load-cycle,quick_cache,1,26.661266
string24,sip,128,load-cycle,lru,1,62.616876
string24,sip,128,load-cycle,hashlink,1,69.237339
string24,sip,128,load-cycle,micro,1,45.032253
string24,sip,128,load-cycle,quick_cache,2,26.483282
string24,sip,128,load-cycle,lru,2,62.609957
string24,sip,128,load-cycle,hashlink,2,69.184651
string24,sip,128,load-cycle,micro,2,44.859136
string24,sip,128,load-cycle,baseline,2,45.177284
string24,sip,128,load-cycle,lru,3,61.896937
string24,sip,128,load-cycle,hashlink,3,68.266624
string24,sip,128,load-cycle,micro,3,45.276303
string24,sip,128,load-cycle,baseline,3,45.055316
string24,sip,128,load-cycle,quick_cache,3,26.379626
string24,sip,128,load-cycle,hashlink,4,68.020683
string24,sip,128,load-cycle,micro,4,44.961162
string24,sip,128,load-cycle,baseline,4,44.893920
string24,sip,128,load-cycle,quick_cache,4,26.527370
string24,sip,128,load-cycle,lru,4,62.170160
string24,sip,128,clear-refill,micro,0,3060.483180
string24,sip,128,clear-refill,baseline,0,3076.203893
string24,sip,128,clear-refill,quick_cache,0,3193.750000
string24,sip,128,clear-refill,lru,0,8228.194521
string24,sip,128,clear-refill,hashlink,0,5127.843003
string24,sip,128,clear-refill,baseline,1,3068.634969
string24,sip,128,clear-refill,quick_cache,1,3202.197439
string24,sip,128,clear-refill,lru,1,8282.600551
string24,sip,128,clear-refill,hashlink,1,5161.010309
string24,sip,128,clear-refill,micro,1,3149.834208
string24,sip,128,clear-refill,quick_cache,2,3234.015086
string24,sip,128,clear-refill,lru,2,8242.673077
string24,sip,128,clear-refill,hashlink,2,5126.991468
string24,sip,128,clear-refill,micro,2,3119.802495
string24,sip,128,clear-refill,baseline,2,3108.092133
string24,sip,128,clear-refill,lru,3,8471.478873
string24,sip,128,clear-refill,hashlink,3,5092.796610
string24,sip,128,clear-refill,micro,3,3064.606742
string24,sip,128,clear-refill,baseline,3,3066.394280
string24,sip,128,clear-refill,quick_cache,3,3197.194888
string24,sip,128,clear-refill,hashlink,4,5101.726655
string24,sip,128,clear-refill,micro,4,3057.578411
string24,sip,128,clear-refill,baseline,4,3082.221766
string24,sip,128,clear-refill,quick_cache,4,3211.719786
string24,sip,128,clear-refill,lru,4,8200.478142
string24,sip,128,clear-empty,micro,0,49.732968
string24,sip,128,clear-empty,baseline,0,49.512131
string24,sip,128,clear-empty,quick_cache,0,3.893976
string24,sip,128,clear-empty,lru,0,2.216226
string24,sip,128,clear-empty,hashlink,0,0.609480
string24,sip,128,clear-empty,baseline,1,49.252134
string24,sip,128,clear-empty,quick_cache,1,3.922863
string24,sip,128,clear-empty,lru,1,2.207490
string24,sip,128,clear-empty,hashlink,1,0.606609
string24,sip,128,clear-empty,micro,1,47.907366
string24,sip,128,clear-empty,quick_cache,2,3.873602
string24,sip,128,clear-empty,lru,2,2.167941
string24,sip,128,clear-empty,hashlink,2,0.603694
string24,sip,128,clear-empty,micro,2,49.638482
string24,sip,128,clear-empty,baseline,2,50.027011
string24,sip,128,clear-empty,lru,3,2.206720
string24,sip,128,clear-empty,hashlink,3,0.613933
string24,sip,128,clear-empty,micro,3,49.611715
string24,sip,128,clear-empty,baseline,3,48.672783
string24,sip,128,clear-empty,quick_cache,3,3.920239
string24,sip,128,clear-empty,hashlink,4,0.601795
string24,sip,128,clear-empty,micro,4,42.116445
string24,sip,128,clear-empty,baseline,4,42.414669
string24,sip,128,clear-empty,quick_cache,4,3.947365
string24,sip,128,clear-empty,lru,4,2.185730
string24,sip,128,iter-dense,micro,0,37.818715
string24,sip,128,iter-dense,baseline,0,37.224382
string24,sip,128,iter-dense,quick_cache,0,29.144894
string24,sip,128,iter-dense,lru,0,128.690158
string24,sip,128,iter-dense,hashlink,0,126.109585
string24,sip,128,iter-dense,baseline,1,36.661943
string24,sip,128,iter-dense,quick_cache,1,29.208450
string24,sip,128,iter-dense,lru,1,127.943426
string24,sip,128,iter-dense,hashlink,1,126.051831
string24,sip,128,iter-dense,micro,1,36.681974
string24,sip,128,iter-dense,quick_cache,2,29.117333
string24,sip,128,iter-dense,lru,2,128.734782
string24,sip,128,iter-dense,hashlink,2,128.079107
string24,sip,128,iter-dense,micro,2,37.368598
string24,sip,128,iter-dense,baseline,2,37.110655
string24,sip,128,iter-dense,lru,3,129.865694
string24,sip,128,iter-dense,hashlink,3,126.990993
string24,sip,128,iter-dense,micro,3,36.512595
string24,sip,128,iter-dense,baseline,3,36.878195
string24,sip,128,iter-dense,quick_cache,3,29.443848
string24,sip,128,iter-dense,hashlink,4,128.235656
string24,sip,128,iter-dense,micro,4,36.693787
string24,sip,128,iter-dense,baseline,4,37.081307
string24,sip,128,iter-dense,quick_cache,4,29.448591
string24,sip,128,iter-dense,lru,4,133.330389
string24,sip,128,iter-dense-for,micro,0,37.258616
string24,sip,128,iter-dense-for,baseline,0,37.947478
string24,sip,128,iter-dense-for,quick_cache,0,65.926783
string24,sip,128,iter-dense-for,lru,0,77.509478
string24,sip,128,iter-dense-for,hashlink,0,68.362222
string24,sip,128,iter-dense-for,baseline,1,37.425292
string24,sip,128,iter-dense-for,quick_cache,1,38.386142
string24,sip,128,iter-dense-for,lru,1,77.293101
string24,sip,128,iter-dense-for,hashlink,1,68.557360
string24,sip,128,iter-dense-for,micro,1,36.968183
string24,sip,128,iter-dense-for,quick_cache,2,37.808203
string24,sip,128,iter-dense-for,lru,2,77.540677
string24,sip,128,iter-dense-for,hashlink,2,68.987422
string24,sip,128,iter-dense-for,micro,2,36.929106
string24,sip,128,iter-dense-for,baseline,2,37.250348
string24,sip,128,iter-dense-for,lru,3,81.426568
string24,sip,128,iter-dense-for,hashlink,3,69.657573
string24,sip,128,iter-dense-for,micro,3,36.864215
string24,sip,128,iter-dense-for,baseline,3,37.455172
string24,sip,128,iter-dense-for,quick_cache,3,66.457920
string24,sip,128,iter-dense-for,hashlink,4,69.039189
string24,sip,128,iter-dense-for,micro,4,36.857557
string24,sip,128,iter-dense-for,baseline,4,36.872051
string24,sip,128,iter-dense-for,quick_cache,4,65.951169
string24,sip,128,iter-dense-for,lru,4,76.592270
string24,sip,128,iter-density-1pct,micro,0,47.047479
string24,sip,128,iter-density-1pct,baseline,0,50.555222
string24,sip,128,iter-density-1pct,quick_cache,0,41.590452
string24,sip,128,iter-density-1pct,lru,0,2.760032
string24,sip,128,iter-density-1pct,hashlink,0,2.912255
string24,sip,128,iter-density-1pct,baseline,1,72.660486
string24,sip,128,iter-density-1pct,quick_cache,1,30.952098
string24,sip,128,iter-density-1pct,lru,1,4.881033
string24,sip,128,iter-density-1pct,hashlink,1,1.549740
string24,sip,128,iter-density-1pct,micro,1,35.917249
string24,sip,128,iter-density-1pct,quick_cache,2,21.462170
string24,sip,128,iter-density-1pct,lru,2,1.275111
string24,sip,128,iter-density-1pct,hashlink,2,1.253946
string24,sip,128,iter-density-1pct,micro,2,36.235945
string24,sip,128,iter-density-1pct,baseline,2,35.817740
string24,sip,128,iter-density-1pct,lru,3,1.255777
string24,sip,128,iter-density-1pct,hashlink,3,1.247953
string24,sip,128,iter-density-1pct,micro,3,38.009538
string24,sip,128,iter-density-1pct,baseline,3,35.855342
string24,sip,128,iter-density-1pct,quick_cache,3,21.218446
string24,sip,128,iter-density-1pct,hashlink,4,1.241262
string24,sip,128,iter-density-1pct,micro,4,36.463404
string24,sip,128,iter-density-1pct,baseline,4,36.908255
string24,sip,128,iter-density-1pct,quick_cache,4,21.562831
string24,sip,128,iter-density-1pct,lru,4,1.308937
string24,sip,128,iter-density-6pct,micro,0,35.332870
string24,sip,128,iter-density-6pct,baseline,0,35.292976
string24,sip,128,iter-density-6pct,quick_cache,0,21.830130
string24,sip,128,iter-density-6pct,lru,0,3.358215
string24,sip,128,iter-density-6pct,hashlink,0,3.051205
string24,sip,128,iter-density-6pct,baseline,1,33.408388
string24,sip,128,iter-density-6pct,quick_cache,1,21.737219
string24,sip,128,iter-density-6pct,lru,1,3.416246
string24,sip,128,iter-density-6pct,hashlink,1,3.092878
string24,sip,128,iter-density-6pct,micro,1,34.525347
string24,sip,128,iter-density-6pct,quick_cache,2,22.582302
string24,sip,128,iter-density-6pct,lru,2,3.556795
string24,sip,128,iter-density-6pct,hashlink,2,3.165500
string24,sip,128,iter-density-6pct,micro,2,34.908530
string24,sip,128,iter-density-6pct,baseline,2,34.758096
string24,sip,128,iter-density-6pct,lru,3,3.536135
string24,sip,128,iter-density-6pct,hashlink,3,3.167872
string24,sip,128,iter-density-6pct,micro,3,35.073922
string24,sip,128,iter-density-6pct,baseline,3,36.147118
string24,sip,128,iter-density-6pct,quick_cache,3,23.193057
string24,sip,128,iter-density-6pct,hashlink,4,3.144707
string24,sip,128,iter-density-6pct,micro,4,34.888858
string24,sip,128,iter-density-6pct,baseline,4,35.000233
string24,sip,128,iter-density-6pct,quick_cache,4,23.244159
string24,sip,128,iter-density-6pct,lru,4,3.550378
string24,sip,128,iter-density-quarter,micro,0,36.253903
string24,sip,128,iter-density-quarter,baseline,0,35.924521
string24,sip,128,iter-density-quarter,quick_cache,0,21.612545
string24,sip,128,iter-density-quarter,lru,0,18.630763
string24,sip,128,iter-density-quarter,hashlink,0,18.258581
string24,sip,128,iter-density-quarter,baseline,1,35.765077
string24,sip,128,iter-density-quarter,quick_cache,1,21.663687
string24,sip,128,iter-density-quarter,lru,1,18.377952
string24,sip,128,iter-density-quarter,hashlink,1,18.243609
string24,sip,128,iter-density-quarter,micro,1,36.093967
string24,sip,128,iter-density-quarter,quick_cache,2,21.621310
string24,sip,128,iter-density-quarter,lru,2,18.333301
string24,sip,128,iter-density-quarter,hashlink,2,18.225117
string24,sip,128,iter-density-quarter,micro,2,35.904001
string24,sip,128,iter-density-quarter,baseline,2,35.878803
string24,sip,128,iter-density-quarter,lru,3,18.373843
string24,sip,128,iter-density-quarter,hashlink,3,21.857394
string24,sip,128,iter-density-quarter,micro,3,46.172344
string24,sip,128,iter-density-quarter,baseline,3,35.151856
string24,sip,128,iter-density-quarter,quick_cache,3,23.993587
string24,sip,128,iter-density-quarter,hashlink,4,19.017812
string24,sip,128,iter-density-quarter,micro,4,35.362957
string24,sip,128,iter-density-quarter,baseline,4,34.605627
string24,sip,128,iter-density-quarter,quick_cache,4,24.006536
string24,sip,128,iter-density-quarter,lru,4,17.878814
string24,sip,128,iter-density-half,micro,0,36.299543
string24,sip,128,iter-density-half,baseline,0,36.045331
string24,sip,128,iter-density-half,quick_cache,0,24.408723
string24,sip,128,iter-density-half,lru,0,48.632942
string24,sip,128,iter-density-half,hashlink,0,48.207873
string24,sip,128,iter-density-half,baseline,1,35.978175
string24,sip,128,iter-density-half,quick_cache,1,24.407112
string24,sip,128,iter-density-half,lru,1,48.695613
string24,sip,128,iter-density-half,hashlink,1,48.031010
string24,sip,128,iter-density-half,micro,1,36.116754
string24,sip,128,iter-density-half,quick_cache,2,24.379022
string24,sip,128,iter-density-half,lru,2,49.240497
string24,sip,128,iter-density-half,hashlink,2,47.950745
string24,sip,128,iter-density-half,micro,2,35.997481
string24,sip,128,iter-density-half,baseline,2,36.360896
string24,sip,128,iter-density-half,lru,3,48.149015
string24,sip,128,iter-density-half,hashlink,3,48.007744
string24,sip,128,iter-density-half,micro,3,36.076580
string24,sip,128,iter-density-half,baseline,3,36.192481
string24,sip,128,iter-density-half,quick_cache,3,24.327403
string24,sip,128,iter-density-half,hashlink,4,48.832194
string24,sip,128,iter-density-half,micro,4,36.119776
string24,sip,128,iter-density-half,baseline,4,37.646465
string24,sip,128,iter-density-half,quick_cache,4,24.496718
string24,sip,128,iter-density-half,lru,4,48.598057
string24,sip,128,iter-front,micro,0,35.262023
string24,sip,128,iter-front,baseline,0,35.378833
string24,sip,128,iter-front,quick_cache,0,22.325461
string24,sip,128,iter-front,lru,0,1.228992
string24,sip,128,iter-front,hashlink,0,1.191808
string24,sip,128,iter-front,baseline,1,36.017132
string24,sip,128,iter-front,quick_cache,1,22.418751
string24,sip,128,iter-front,lru,1,1.222088
string24,sip,128,iter-front,hashlink,1,1.179364
string24,sip,128,iter-front,micro,1,35.937799
string24,sip,128,iter-front,quick_cache,2,22.405787
string24,sip,128,iter-front,lru,2,1.216537
string24,sip,128,iter-front,hashlink,2,1.173871
string24,sip,128,iter-front,micro,2,36.024143
string24,sip,128,iter-front,baseline,2,35.516300
string24,sip,128,iter-front,lru,3,1.211961
string24,sip,128,iter-front,hashlink,3,1.187355
string24,sip,128,iter-front,micro,3,36.076568
string24,sip,128,iter-front,baseline,3,35.359021
string24,sip,128,iter-front,quick_cache,3,22.627783
string24,sip,128,iter-front,hashlink,4,1.163238
string24,sip,128,iter-front,micro,4,35.837658
string24,sip,128,iter-front,baseline,4,35.471056
string24,sip,128,iter-front,quick_cache,4,22.388185
string24,sip,128,iter-front,lru,4,1.237591
string24,sip,128,iter-back,micro,0,37.833976
string24,sip,128,iter-back,baseline,0,36.081582
string24,sip,128,iter-back,quick_cache,0,21.260863
string24,sip,128,iter-back,lru,0,1.203620
string24,sip,128,iter-back,hashlink,0,1.182234
string24,sip,128,iter-back,baseline,1,36.969723
string24,sip,128,iter-back,quick_cache,1,21.660177
string24,sip,128,iter-back,lru,1,1.188318
string24,sip,128,iter-back,hashlink,1,1.165871
string24,sip,128,iter-back,micro,1,36.961310
string24,sip,128,iter-back,quick_cache,2,21.366276
string24,sip,128,iter-back,lru,2,1.189117
string24,sip,128,iter-back,hashlink,2,1.165958
string24,sip,128,iter-back,micro,2,36.621606
string24,sip,128,iter-back,baseline,2,36.113757
string24,sip,128,iter-back,lru,3,1.189132
string24,sip,128,iter-back,hashlink,3,1.166059
string24,sip,128,iter-back,micro,3,36.601654
string24,sip,128,iter-back,baseline,3,36.102859
string24,sip,128,iter-back,quick_cache,3,21.402790
string24,sip,128,iter-back,hashlink,4,1.173591
string24,sip,128,iter-back,micro,4,36.473527
string24,sip,128,iter-back,baseline,4,36.296022
string24,sip,128,iter-back,quick_cache,4,21.442545
string24,sip,128,iter-back,lru,4,1.188755
string24,sip,128,iter-empty,micro,0,36.116766
string24,sip,128,iter-empty,baseline,0,36.744049
string24,sip,128,iter-empty,quick_cache,0,21.503483
string24,sip,128,iter-empty,lru,0,0.992851
string24,sip,128,iter-empty,hashlink,0,0.999872
string24,sip,128,iter-empty,baseline,1,36.196911
string24,sip,128,iter-empty,quick_cache,1,22.325461
string24,sip,128,iter-empty,lru,1,0.980854
string24,sip,128,iter-empty,hashlink,1,1.000897
string24,sip,128,iter-empty,micro,1,35.817239
string24,sip,128,iter-empty,quick_cache,2,22.210999
string24,sip,128,iter-empty,lru,2,0.976532
string24,sip,128,iter-empty,hashlink,2,0.929092
string24,sip,128,iter-empty,micro,2,34.528224
string24,sip,128,iter-empty,baseline,2,34.600819
string24,sip,128,iter-empty,lru,3,0.958442
string24,sip,128,iter-empty,hashlink,3,0.992851
string24,sip,128,iter-empty,micro,3,34.881115
string24,sip,128,iter-empty,baseline,3,35.579732
string24,sip,128,iter-empty,quick_cache,3,21.217859
string24,sip,128,iter-empty,hashlink,4,0.994843
string24,sip,128,iter-empty,micro,4,34.860014
string24,sip,128,iter-empty,baseline,4,34.378438
string24,sip,128,iter-empty,quick_cache,4,21.221480
string24,sip,128,iter-empty,lru,4,0.972490
string24,sip,128,iter-count,micro,0,34.425014
string24,sip,128,iter-count,baseline,0,34.086948
string24,sip,128,iter-count,quick_cache,0,51.843131
string24,sip,128,iter-count,lru,0,0.387704
string24,sip,128,iter-count,hashlink,0,0.379088
string24,sip,128,iter-count,baseline,1,34.794024
string24,sip,128,iter-count,quick_cache,1,52.012756
string24,sip,128,iter-count,lru,1,0.380139
string24,sip,128,iter-count,hashlink,1,0.379505
string24,sip,128,iter-count,micro,1,34.224296
string24,sip,128,iter-count,quick_cache,2,51.125883
string24,sip,128,iter-count,lru,2,0.377695
string24,sip,128,iter-count,hashlink,2,0.379149
string24,sip,128,iter-count,micro,2,34.258462
string24,sip,128,iter-count,baseline,2,34.341968
string24,sip,128,iter-count,lru,3,0.382115
string24,sip,128,iter-count,hashlink,3,0.393662
string24,sip,128,iter-count,micro,3,35.192427
string24,sip,128,iter-count,baseline,3,34.245650
string24,sip,128,iter-count,quick_cache,3,50.847487
string24,sip,128,iter-count,hashlink,4,0.380825
string24,sip,128,iter-count,micro,4,33.999479
string24,sip,128,iter-count,baseline,4,34.395436
string24,sip,128,iter-count,quick_cache,4,51.159137
string24,sip,128,iter-count,lru,4,0.379838
string24,sip,1024,get-hit,micro,0,10.722712
string24,sip,1024,get-hit,baseline,0,10.781232
string24,sip,1024,get-hit,quick_cache,0,10.827159
string24,sip,1024,get-hit,lru,0,12.061665
string24,sip,1024,get-hit,hashlink,0,11.833598
string24,sip,1024,get-hit,baseline,1,10.934269
string24,sip,1024,get-hit,quick_cache,1,10.972864
string24,sip,1024,get-hit,lru,1,12.082827
string24,sip,1024,get-hit,hashlink,1,11.597633
string24,sip,1024,get-hit,micro,1,10.791554
string24,sip,1024,get-hit,quick_cache,2,10.867098
string24,sip,1024,get-hit,lru,2,12.104977
string24,sip,1024,get-hit,hashlink,2,11.476200
string24,sip,1024,get-hit,micro,2,10.788563
string24,sip,1024,get-hit,baseline,2,10.727801
string24,sip,1024,get-hit,lru,3,11.930566
string24,sip,1024,get-hit,hashlink,3,11.462849
string24,sip,1024,get-hit,micro,3,10.789461
string24,sip,1024,get-hit,baseline,3,10.716466
string24,sip,1024,get-hit,quick_cache,3,10.888342
string24,sip,1024,get-hit,hashlink,4,11.418812
string24,sip,1024,get-hit,micro,4,10.748870
string24,sip,1024,get-hit,baseline,4,10.660080
string24,sip,1024,get-hit,quick_cache,4,10.941449
string24,sip,1024,get-hit,lru,4,12.000791
string24,sip,1024,get-miss,micro,0,8.051333
string24,sip,1024,get-miss,baseline,0,8.030656
string24,sip,1024,get-miss,quick_cache,0,8.036738
string24,sip,1024,get-miss,lru,0,8.388289
string24,sip,1024,get-miss,hashlink,0,8.209907
string24,sip,1024,get-miss,baseline,1,8.150114
string24,sip,1024,get-miss,quick_cache,1,7.999586
string24,sip,1024,get-miss,lru,1,8.447243
string24,sip,1024,get-miss,hashlink,1,8.050561
string24,sip,1024,get-miss,micro,1,8.103967
string24,sip,1024,get-miss,quick_cache,2,8.082955
string24,sip,1024,get-miss,lru,2,8.255455
string24,sip,1024,get-miss,hashlink,2,8.002571
string24,sip,1024,get-miss,micro,2,8.002017
string24,sip,1024,get-miss,baseline,2,8.098436
string24,sip,1024,get-miss,lru,3,8.330605
string24,sip,1024,get-miss,hashlink,3,7.952426
string24,sip,1024,get-miss,micro,3,8.005337
string24,sip,1024,get-miss,baseline,3,8.031319
string24,sip,1024,get-miss,quick_cache,3,8.022586
string24,sip,1024,get-miss,hashlink,4,7.927212
string24,sip,1024,get-miss,micro,4,7.966746
string24,sip,1024,get-miss,baseline,4,8.028222
string24,sip,1024,get-miss,quick_cache,4,7.985434
string24,sip,1024,get-miss,lru,4,8.317622
string24,sip,1024,update,micro,0,24.003662
string24,sip,1024,update,baseline,0,24.024643
string24,sip,1024,update,quick_cache,0,39.851379
string24,sip,1024,update,lru,0,26.220049
string24,sip,1024,update,hashlink,0,25.833130
string24,sip,1024,update,baseline,1,24.874536
string24,sip,1024,update,quick_cache,1,40.143323
string24,sip,1024,update,lru,1,26.480172
string24,sip,1024,update,hashlink,1,25.585254
string24,sip,1024,update,micro,1,24.372742
string24,sip,1024,update,quick_cache,2,40.470886
string24,sip,1024,update,lru,2,26.062354
string24,sip,1024,update,hashlink,2,25.640194
string24,sip,1024,update,micro,2,24.195992
string24,sip,1024,update,baseline,2,24.022423
string24,sip,1024,update,lru,3,26.397705
string24,sip,1024,update,hashlink,3,25.593742
string24,sip,1024,update,micro,3,24.360023
string24,sip,1024,update,baseline,3,24.323463
string24,sip,1024,update,quick_cache,3,40.324902
string24,sip,1024,update,hashlink,4,25.363835
string24,sip,1024,update,micro,4,24.208702
string24,sip,1024,update,baseline,4,24.064705
string24,sip,1024,update,quick_cache,4,40.261328
string24,sip,1024,update,lru,4,26.590620
string24,sip,1024,insert-cycle,micro,0,51.746582
string24,sip,1024,insert-cycle,baseline,0,52.448818
string24,sip,1024,insert-cycle,quick_cache,0,34.592274
string24,sip,1024,insert-cycle,lru,0,72.613421
string24,sip,1024,insert-cycle,hashlink,0,66.952792
string24,sip,1024,insert-cycle,baseline,1,50.665494
string24,sip,1024,insert-cycle,quick_cache,1,34.493380
string24,sip,1024,insert-cycle,lru,1,69.938546
string24,sip,1024,insert-cycle,hashlink,1,66.884366
string24,sip,1024,insert-cycle,micro,1,51.808324
string24,sip,1024,insert-cycle,quick_cache,2,34.279047
string24,sip,1024,insert-cycle,lru,2,71.075939
string24,sip,1024,insert-cycle,hashlink,2,68.245628
string24,sip,1024,insert-cycle,micro,2,51.454741
string24,sip,1024,insert-cycle,baseline,2,53.057722
string24,sip,1024,insert-cycle,lru,3,71.295852
string24,sip,1024,insert-cycle,hashlink,3,68.764426
string24,sip,1024,insert-cycle,micro,3,51.636433
string24,sip,1024,insert-cycle,baseline,3,52.423576
string24,sip,1024,insert-cycle,quick_cache,3,35.065186
string24,sip,1024,insert-cycle,hashlink,4,68.756104
string24,sip,1024,insert-cycle,micro,4,51.263217
string24,sip,1024,insert-cycle,baseline,4,52.909494
string24,sip,1024,insert-cycle,quick_cache,4,35.215832
string24,sip,1024,insert-cycle,lru,4,74.107861
string24,sip,1024,mixed-95,micro,0,18.857825
string24,sip,1024,mixed-95,baseline,0,18.375653
string24,sip,1024,mixed-95,quick_cache,0,21.323595
string24,sip,1024,mixed-95,lru,0,20.167031
string24,sip,1024,mixed-95,hashlink,0,21.604650
string24,sip,1024,mixed-95,baseline,1,16.800387
string24,sip,1024,mixed-95,quick_cache,1,19.940025
string24,sip,1024,mixed-95,lru,1,20.515442
string24,sip,1024,mixed-95,hashlink,1,18.899792
string24,sip,1024,mixed-95,micro,1,17.385542
string24,sip,1024,mixed-95,quick_cache,2,19.995972
string24,sip,1024,mixed-95,lru,2,19.865870
string24,sip,1024,mixed-95,hashlink,2,19.408107
string24,sip,1024,mixed-95,micro,2,18.199376
string24,sip,1024,mixed-95,baseline,2,17.304621
string24,sip,1024,mixed-95,lru,3,20.207995
string24,sip,1024,mixed-95,hashlink,3,19.597104
string24,sip,1024,mixed-95,micro,3,18.470258
string24,sip,1024,mixed-95,baseline,3,18.358868
string24,sip,1024,mixed-95,quick_cache,3,21.866742
string24,sip,1024,mixed-95,hashlink,4,19.621466
string24,sip,1024,mixed-95,micro,4,18.907422
string24,sip,1024,mixed-95,baseline,4,18.617755
string24,sip,1024,mixed-95,quick_cache,4,21.807201
string24,sip,1024,mixed-95,lru,4,20.402981
string24,sip,1024,load-hit,micro,0,25.501506
string24,sip,1024,load-hit,baseline,0,25.156999
string24,sip,1024,load-hit,quick_cache,0,15.845403
string24,sip,1024,load-hit,lru,0,16.533012
string24,sip,1024,load-hit,hashlink,0,12.062650
string24,sip,1024,load-hit,baseline,1,25.278727
string24,sip,1024,load-hit,quick_cache,1,15.894150
string24,sip,1024,load-hit,lru,1,16.507138
string24,sip,1024,load-hit,hashlink,1,12.063138
string24,sip,1024,load-hit,micro,1,25.224813
string24,sip,1024,load-hit,quick_cache,2,16.065292
string24,sip,1024,load-hit,lru,2,18.872583
string24,sip,1024,load-hit,hashlink,2,12.279256
string24,sip,1024,load-hit,micro,2,25.357389
string24,sip,1024,load-hit,baseline,2,25.217692
string24,sip,1024,load-hit,lru,3,16.947427
string24,sip,1024,load-hit,hashlink,3,12.225171
string24,sip,1024,load-hit,micro,3,25.344515
string24,sip,1024,load-hit,baseline,3,25.079346
string24,sip,1024,load-hit,quick_cache,3,15.708074
string24,sip,1024,load-hit,hashlink,4,10.585240
string24,sip,1024,load-hit,micro,4,23.711205
string24,sip,1024,load-hit,baseline,4,23.866974
string24,sip,1024,load-hit,quick_cache,4,15.043945
string24,sip,1024,load-hit,lru,4,15.576681
string24,sip,1024,load-cycle,micro,0,51.614696
string24,sip,1024,load-cycle,baseline,0,52.846994
string24,sip,1024,load-cycle,quick_cache,0,27.845851
string24,sip,1024,load-cycle,lru,0,72.518485
string24,sip,1024,load-cycle,hashlink,0,75.509644
string24,sip,1024,load-cycle,baseline,1,52.331107
string24,sip,1024,load-cycle,quick_cache,1,27.817438
string24,sip,1024,load-cycle,lru,1,71.502209
string24,sip,1024,load-cycle,hashlink,1,75.993848
string24,sip,1024,load-cycle,micro,1,52.637015
string24,sip,1024,load-cycle,quick_cache,2,27.849683
string24,sip,1024,load-cycle,lru,2,72.477795
string24,sip,1024,load-cycle,hashlink,2,77.704179
string24,sip,1024,load-cycle,micro,2,52.650094
string24,sip,1024,load-cycle,baseline,2,52.684954
string24,sip,1024,load-cycle,lru,3,72.181338
string24,sip,1024,load-cycle,hashlink,3,75.945044
string24,sip,1024,load-cycle,micro,3,53.665161
string24,sip,1024,load-cycle,baseline,3,52.759818
string24,sip,1024,load-cycle,quick_cache,3,27.770222
string24,sip,1024,load-cycle,hashlink,4,76.478076
string24,sip,1024,load-cycle,micro,4,51.865150
string24,sip,1024,load-cycle,baseline,4,52.780151
string24,sip,1024,load-cycle,quick_cache,4,27.832418
string24,sip,1024,load-cycle,lru,4,72.526251
string24,sip,1024,clear-refill,micro,0,26152.904348
string24,sip,1024,clear-refill,baseline,0,26073.629310
string24,sip,1024,clear-refill,quick_cache,0,27310.609091
string24,sip,1024,clear-refill,lru,0,69050.181818
string24,sip,1024,clear-refill,hashlink,0,44977.611940
string24,sip,1024,clear-refill,baseline,1,26125.356522
string24,sip,1024,clear-refill,quick_cache,1,27464.772727
string24,sip,1024,clear-refill,lru,1,69261.363636
string24,sip,1024,clear-refill,hashlink,1,44424.014706
string24,sip,1024,clear-refill,micro,1,26663.353982
string24,sip,1024,clear-refill,quick_cache,2,27528.669725
string24,sip,1024,clear-refill,lru,2,68944.113636
string24,sip,1024,clear-refill,hashlink,2,45161.059701
string24,sip,1024,clear-refill,micro,2,26885.785714
string24,sip,1024,clear-refill,baseline,2,26463.087719
string24,sip,1024,clear-refill,lru,3,69285.977273
string24,sip,1024,clear-refill,hashlink,3,45873.742424
string24,sip,1024,clear-refill,micro,3,27184.306306
string24,sip,1024,clear-refill,baseline,3,26250.365217
string24,sip,1024,clear-refill,quick_cache,3,27335.990909
string24,sip,1024,clear-refill,hashlink,4,45012.432836
string24,sip,1024,clear-refill,micro,4,26276.443478
string24,sip,1024,clear-refill,baseline,4,26102.895652
string24,sip,1024,clear-refill,quick_cache,4,27387.500000
string24,sip,1024,clear-refill,lru,4,69536.000000
string24,sip,1024,clear-empty,micro,0,48.115042
string24,sip,1024,clear-empty,baseline,0,48.349216
string24,sip,1024,clear-empty,quick_cache,0,3.908258
string24,sip,1024,clear-empty,lru,0,2.183755
string24,sip,1024,clear-empty,hashlink,0,0.605214
string24,sip,1024,clear-empty,baseline,1,48.155065
string24,sip,1024,clear-empty,quick_cache,1,3.929439
string24,sip,1024,clear-empty,lru,1,2.183604
string24,sip,1024,clear-empty,hashlink,1,0.604209
string24,sip,1024,clear-empty,micro,1,48.552363
string24,sip,1024,clear-empty,quick_cache,2,3.921171
string24,sip,1024,clear-empty,lru,2,2.184132
string24,sip,1024,clear-empty,hashlink,2,0.604904
string24,sip,1024,clear-empty,micro,2,49.756406
string24,sip,1024,clear-empty,baseline,2,49.928657
string24,sip,1024,clear-empty,lru,3,2.248360
string24,sip,1024,clear-empty,hashlink,3,0.607630
string24,sip,1024,clear-empty,micro,3,48.921045
string24,sip,1024,clear-empty,baseline,3,49.459932
string24,sip,1024,clear-empty,quick_cache,3,4.009430
string24,sip,1024,clear-empty,hashlink,4,0.607796
string24,sip,1024,clear-empty,micro,4,49.062402
string24,sip,1024,clear-empty,baseline,4,48.604161
string24,sip,1024,clear-empty,quick_cache,4,3.928839
string24,sip,1024,clear-empty,lru,4,2.191165
string24,sip,1024,iter-dense,micro,0,269.482579
string24,sip,1024,iter-dense,baseline,0,269.422773
string24,sip,1024,iter-dense,quick_cache,0,253.067385
string24,sip,1024,iter-dense,lru,0,1236.568257
string24,sip,1024,iter-dense,hashlink,0,1220.187094
string24,sip,1024,iter-dense,baseline,1,262.769170
string24,sip,1024,iter-dense,quick_cache,1,250.856451
string24,sip,1024,iter-dense,lru,1,1234.700247
string24,sip,1024,iter-dense,hashlink,1,1222.334821
string24,sip,1024,iter-dense,micro,1,266.004869
string24,sip,1024,iter-dense,quick_cache,2,252.586610
string24,sip,1024,iter-dense,lru,2,1298.694349
string24,sip,1024,iter-dense,hashlink,2,1306.803385
string24,sip,1024,iter-dense,micro,2,261.747824
string24,sip,1024,iter-dense,baseline,2,265.588084
string24,sip,1024,iter-dense,lru,3,1243.900905
string24,sip,1024,iter-dense,hashlink,3,1253.003333
string24,sip,1024,iter-dense,micro,3,269.419323
string24,sip,1024,iter-dense,baseline,3,269.407777
string24,sip,1024,iter-dense,quick_cache,3,260.283241
string24,sip,1024,iter-dense,hashlink,4,1249.486020
string24,sip,1024,iter-dense,micro,4,268.128750
string24,sip,1024,iter-dense,baseline,4,265.492585
string24,sip,1024,iter-dense,quick_cache,4,247.787434
string24,sip,1024,iter-dense,lru,4,1249.057566
string24,sip,1024,iter-dense-for,micro,0,265.143185
string24,sip,1024,iter-dense-for,baseline,0,266.122964
string24,sip,1024,iter-dense-for,quick_cache,0,484.468911
string24,sip,1024,iter-dense-for,lru,0,734.141113
string24,sip,1024,iter-dense-for,hashlink,0,873.107350
string24,sip,1024,iter-dense-for,baseline,1,261.628047
string24,sip,1024,iter-dense-for,quick_cache,1,486.122409
string24,sip,1024,iter-dense-for,lru,1,728.308624
string24,sip,1024,iter-dense-for,hashlink,1,871.587963
string24,sip,1024,iter-dense-for,micro,1,261.878753
string24,sip,1024,iter-dense-for,quick_cache,2,485.865933
string24,sip,1024,iter-dense-for,lru,2,728.338905
string24,sip,1024,iter-dense-for,hashlink,2,872.456019
string24,sip,1024,iter-dense-for,micro,2,260.572135
string24,sip,1024,iter-dense-for,baseline,2,265.772574
string24,sip,1024,iter-dense-for,lru,3,731.457849
string24,sip,1024,iter-dense-for,hashlink,3,894.469048
string24,sip,1024,iter-dense-for,micro,3,264.711708
string24,sip,1024,iter-dense-for,baseline,3,263.514659
string24,sip,1024,iter-dense-for,quick_cache,3,489.020345
string24,sip,1024,iter-dense-for,hashlink,4,891.177771
string24,sip,1024,iter-dense-for,micro,4,262.057001
string24,sip,1024,iter-dense-for,baseline,4,265.275512
string24,sip,1024,iter-dense-for,quick_cache,4,491.471695
string24,sip,1024,iter-dense-for,lru,4,730.064922
string24,sip,1024,iter-density-1pct,micro,0,329.989035
string24,sip,1024,iter-density-1pct,baseline,0,328.270760
string24,sip,1024,iter-density-1pct,quick_cache,0,195.845316
string24,sip,1024,iter-density-1pct,lru,0,4.260976
string24,sip,1024,iter-density-1pct,hashlink,0,4.140718
string24,sip,1024,iter-density-1pct,baseline,1,333.736432
string24,sip,1024,iter-density-1pct,quick_cache,1,194.866766
string24,sip,1024,iter-density-1pct,lru,1,4.220048
string24,sip,1024,iter-density-1pct,hashlink,1,4.137966
string24,sip,1024,iter-density-1pct,micro,1,340.801404
string24,sip,1024,iter-density-1pct,quick_cache,2,197.082327
string24,sip,1024,iter-density-1pct,lru,2,4.115994
string24,sip,1024,iter-density-1pct,hashlink,2,3.965904
string24,sip,1024,iter-density-1pct,micro,2,330.334947
string24,sip,1024,iter-density-1pct,baseline,2,325.584093
string24,sip,1024,iter-density-1pct,lru,3,4.041994
string24,sip,1024,iter-density-1pct,hashlink,3,4.117802
string24,sip,1024,iter-density-1pct,micro,3,436.064680
string24,sip,1024,iter-density-1pct,baseline,3,421.518778
string24,sip,1024,iter-density-1pct,quick_cache,3,208.448864
string24,sip,1024,iter-density-1pct,hashlink,4,4.129161
string24,sip,1024,iter-density-1pct,micro,4,370.150468
string24,sip,1024,iter-density-1pct,baseline,4,381.240473
string24,sip,1024,iter-density-1pct,quick_cache,4,189.853745
string24,sip,1024,iter-density-1pct,lru,4,4.293036
string24,sip,1024,iter-density-6pct,micro,0,277.667345
string24,sip,1024,iter-density-6pct,baseline,0,283.956477
string24,sip,1024,iter-density-6pct,quick_cache,0,165.128466
string24,sip,1024,iter-density-6pct,lru,0,48.114963
string24,sip,1024,iter-density-6pct,hashlink,0,49.111528
string24,sip,1024,iter-density-6pct,baseline,1,296.784415
string24,sip,1024,iter-density-6pct,quick_cache,1,164.913774
string24,sip,1024,iter-density-6pct,lru,1,50.415121
string24,sip,1024,iter-density-6pct,hashlink,1,47.961285
string24,sip,1024,iter-density-6pct,micro,1,295.835864
string24,sip,1024,iter-density-6pct,quick_cache,2,169.134741
string24,sip,1024,iter-density-6pct,lru,2,49.292275
string24,sip,1024,iter-density-6pct,hashlink,2,51.783510
string24,sip,1024,iter-density-6pct,micro,2,289.375965
string24,sip,1024,iter-density-6pct,baseline,2,285.140388
string24,sip,1024,iter-density-6pct,lru,3,51.510989
string24,sip,1024,iter-density-6pct,hashlink,3,52.136899
string24,sip,1024,iter-density-6pct,micro,3,292.842971
string24,sip,1024,iter-density-6pct,baseline,3,315.444945
string24,sip,1024,iter-density-6pct,quick_cache,3,193.521778
string24,sip,1024,iter-density-6pct,hashlink,4,56.396723
string24,sip,1024,iter-density-6pct,micro,4,320.019198
string24,sip,1024,iter-density-6pct,baseline,4,313.723662
string24,sip,1024,iter-density-6pct,quick_cache,4,319.927190
string24,sip,1024,iter-density-6pct,lru,4,87.721936
string24,sip,1024,iter-density-quarter,micro,0,267.938929
string24,sip,1024,iter-density-quarter,baseline,0,267.920357
string24,sip,1024,iter-density-quarter,quick_cache,0,169.767631
string24,sip,1024,iter-density-quarter,lru,0,320.401344
string24,sip,1024,iter-density-quarter,hashlink,0,322.921070
string24,sip,1024,iter-density-quarter,baseline,1,272.214674
string24,sip,1024,iter-density-quarter,quick_cache,1,169.421255
string24,sip,1024,iter-density-quarter,lru,1,320.814740
string24,sip,1024,iter-density-quarter,hashlink,1,336.418235
string24,sip,1024,iter-density-quarter,micro,1,288.790000
string24,sip,1024,iter-density-quarter,quick_cache,2,271.085441
string24,sip,1024,iter-density-quarter,lru,2,384.685579
string24,sip,1024,iter-density-quarter,hashlink,2,323.293858
string24,sip,1024,iter-density-quarter,micro,2,291.456425
string24,sip,1024,iter-density-quarter,baseline,2,290.985391
string24,sip,1024,iter-density-quarter,lru,3,326.131185
string24,sip,1024,iter-density-quarter,hashlink,3,300.377696
string24,sip,1024,iter-density-quarter,micro,3,250.912182
string24,sip,1024,iter-density-quarter,baseline,3,256.385929
string24,sip,1024,iter-density-quarter,quick_cache,3,169.696994
string24,sip,1024,iter-density-quarter,hashlink,4,406.633252
string24,sip,1024,iter-density-quarter,micro,4,264.837924
string24,sip,1024,iter-density-quarter,baseline,4,259.387949
string24,sip,1024,iter-density-quarter,quick_cache,4,169.174606
string24,sip,1024,iter-density-quarter,lru,4,360.243056
string24,sip,1024,iter-density-half,micro,0,280.782186
string24,sip,1024,iter-density-half,baseline,0,281.402040
string24,sip,1024,iter-density-half,quick_cache,0,201.459697
string24,sip,1024,iter-density-half,lru,0,677.757869
string24,sip,1024,iter-density-half,hashlink,0,678.685252
string24,sip,1024,iter-density-half,baseline,1,269.538703
string24,sip,1024,iter-density-half,quick_cache,1,284.734091
string24,sip,1024,iter-density-half,lru,1,685.390055
string24,sip,1024,iter-density-half,hashlink,1,660.715449
string24,sip,1024,iter-density-half,micro,1,258.476067
string24,sip,1024,iter-density-half,quick_cache,2,197.268317
string24,sip,1024,iter-density-half,lru,2,672.516741
string24,sip,1024,iter-density-half,hashlink,2,664.658451
string24,sip,1024,iter-density-half,micro,2,265.076977
string24,sip,1024,iter-density-half,baseline,2,263.457315
string24,sip,1024,iter-density-half,lru,3,626.831458
string24,sip,1024,iter-density-half,hashlink,3,663.072183
string24,sip,1024,iter-density-half,micro,3,269.808100
string24,sip,1024,iter-density-half,baseline,3,278.719214
string24,sip,1024,iter-density-half,quick_cache,3,626.429831
string24,sip,1024,iter-density-half,hashlink,4,1574.479167
string24,sip,1024,iter-density-half,micro,4,1651.750396
string24,sip,1024,iter-density-half,baseline,4,1117.606027
string24,sip,1024,iter-density-half,quick_cache,4,1718.388918
string24,sip,1024,iter-density-half,lru,4,947.798295
string24,sip,1024,iter-front,micro,0,305.467936
string24,sip,1024,iter-front,baseline,0,270.604467
string24,sip,1024,iter-front,quick_cache,0,172.901301
string24,sip,1024,iter-front,lru,0,1.273431
string24,sip,1024,iter-front,hashlink,0,1.206269
string24,sip,1024,iter-front,baseline,1,264.777729
string24,sip,1024,iter-front,quick_cache,1,199.573338
string24,sip,1024,iter-front,lru,1,1.208165
string24,sip,1024,iter-front,hashlink,1,1.160488
string24,sip,1024,iter-front,micro,1,269.684716
string24,sip,1024,iter-front,quick_cache,2,167.877907
string24,sip,1024,iter-front,lru,2,1.626471
string24,sip,1024,iter-front,hashlink,2,9.836387
string24,sip,1024,iter-front,micro,2,282.793787
string24,sip,1024,iter-front,baseline,2,344.088599
string24,sip,1024,iter-front,lru,3,1.217627
string24,sip,1024,iter-front,hashlink,3,1.174694
string24,sip,1024,iter-front,micro,3,257.891226
string24,sip,1024,iter-front,baseline,3,254.904042
string24,sip,1024,iter-front,quick_cache,3,197.383206
string24,sip,1024,iter-front,hashlink,4,1.190174
string24,sip,1024,iter-front,micro,4,257.948403
string24,sip,1024,iter-front,baseline,4,239.241231
string24,sip,1024,iter-front,quick_cache,4,153.422437
string24,sip,1024,iter-front,lru,4,1.218672
string24,sip,1024,iter-back,micro,0,280.418190
string24,sip,1024,iter-back,baseline,0,246.206529
string24,sip,1024,iter-back,quick_cache,0,153.422437
string24,sip,1024,iter-back,lru,0,1.256686
string24,sip,1024,iter-back,hashlink,0,1.149841
string24,sip,1024,iter-back,baseline,1,245.493865
string24,sip,1024,iter-back,quick_cache,1,158.838727
string24,sip,1024,iter-back,lru,1,1.205788
string24,sip,1024,iter-back,hashlink,1,1.156722
string24,sip,1024,iter-back,micro,1,253.200809
string24,sip,1024,iter-back,quick_cache,2,160.577643
string24,sip,1024,iter-back,lru,2,1.209225
string24,sip,1024,iter-back,hashlink,2,1.152754
string24,sip,1024,iter-back,micro,2,253.688007
string24,sip,1024,iter-back,baseline,2,250.420167
string24,sip,1024,iter-back,lru,3,1.212243
string24,sip,1024,iter-back,hashlink,3,1.146088
string24,sip,1024,iter-back,micro,3,255.080927
string24,sip,1024,iter-back,baseline,3,246.353510
string24,sip,1024,iter-back,quick_cache,3,154.735200
string24,sip,1024,iter-back,hashlink,4,1.148404
string24,sip,1024,iter-back,micro,4,261.388753
string24,sip,1024,iter-back,baseline,4,248.181217
string24,sip,1024,iter-back,quick_cache,4,161.547978
string24,sip,1024,iter-back,lru,4,1.171875
string24,sip,1024,iter-empty,micro,0,249.298823
string24,sip,1024,iter-empty,baseline,0,242.735869
string24,sip,1024,iter-empty,quick_cache,0,159.941067
string24,sip,1024,iter-empty,lru,0,0.978070
string24,sip,1024,iter-empty,hashlink,0,0.989352
string24,sip,1024,iter-empty,baseline,1,247.584845
string24,sip,1024,iter-empty,quick_cache,1,158.812341
string24,sip,1024,iter-empty,lru,1,0.977826
string24,sip,1024,iter-empty,hashlink,1,0.988257
string24,sip,1024,iter-empty,micro,1,248.050347
string24,sip,1024,iter-empty,quick_cache,2,155.428653
string24,sip,1024,iter-empty,lru,2,0.960790
string24,sip,1024,iter-empty,hashlink,2,0.994600
string24,sip,1024,iter-empty,micro,2,250.905247
string24,sip,1024,iter-empty,baseline,2,250.486083
string24,sip,1024,iter-empty,lru,3,0.921548
string24,sip,1024,iter-empty,hashlink,3,0.980341
string24,sip,1024,iter-empty,micro,3,243.591071
string24,sip,1024,iter-empty,baseline,3,244.893685
string24,sip,1024,iter-empty,quick_cache,3,159.406834
string24,sip,1024,iter-empty,hashlink,4,0.993904
string24,sip,1024,iter-empty,micro,4,251.229027
string24,sip,1024,iter-empty,baseline,4,270.683177
string24,sip,1024,iter-empty,quick_cache,4,159.375902
string24,sip,1024,iter-empty,lru,4,0.985266
string24,sip,1024,iter-count,micro,0,258.169922
string24,sip,1024,iter-count,baseline,0,250.702959
string24,sip,1024,iter-count,quick_cache,0,462.252103
string24,sip,1024,iter-count,lru,0,0.383962
string24,sip,1024,iter-count,hashlink,0,0.384787
string24,sip,1024,iter-count,baseline,1,257.391389
string24,sip,1024,iter-count,quick_cache,1,461.419471
string24,sip,1024,iter-count,lru,1,0.390287
string24,sip,1024,iter-count,hashlink,1,0.362563
string24,sip,1024,iter-count,micro,1,246.531169
string24,sip,1024,iter-count,quick_cache,2,455.084285
string24,sip,1024,iter-count,lru,2,0.374167
string24,sip,1024,iter-count,hashlink,2,0.376894
string24,sip,1024,iter-count,micro,2,242.167570
string24,sip,1024,iter-count,baseline,2,240.865434
string24,sip,1024,iter-count,lru,3,0.377537
string24,sip,1024,iter-count,hashlink,3,0.380380
string24,sip,1024,iter-count,micro,3,240.148039
string24,sip,1024,iter-count,baseline,3,238.167344
string24,sip,1024,iter-count,quick_cache,3,457.801232
string24,sip,1024,iter-count,hashlink,4,0.377707
string24,sip,1024,iter-count,micro,4,244.656006
string24,sip,1024,iter-count,baseline,4,245.652995
string24,sip,1024,iter-count,quick_cache,4,483.847656
string24,sip,1024,iter-count,lru,4,0.379634
string24,sip,16384,get-hit,micro,0,15.025430
string24,sip,16384,get-hit,baseline,0,15.062661
string24,sip,16384,get-hit,quick_cache,0,15.728841
string24,sip,16384,get-hit,lru,0,15.593424
string24,sip,16384,get-hit,hashlink,0,15.263453
string24,sip,16384,get-hit,baseline,1,14.952598
string24,sip,16384,get-hit,quick_cache,1,15.340591
string24,sip,16384,get-hit,lru,1,15.601262
string24,sip,16384,get-hit,hashlink,1,15.142822
string24,sip,16384,get-hit,micro,1,15.143232
string24,sip,16384,get-hit,quick_cache,2,15.602534
string24,sip,16384,get-hit,lru,2,15.680313
string24,sip,16384,get-hit,hashlink,2,14.857588
string24,sip,16384,get-hit,micro,2,15.031533
string24,sip,16384,get-hit,baseline,2,15.180664
string24,sip,16384,get-hit,lru,3,15.687729
string24,sip,16384,get-hit,hashlink,3,14.906616
string24,sip,16384,get-hit,micro,3,15.183916
string24,sip,16384,get-hit,baseline,3,15.707652
string24,sip,16384,get-hit,quick_cache,3,15.506109
string24,sip,16384,get-hit,hashlink,4,15.525182
string24,sip,16384,get-hit,micro,4,15.964081
string24,sip,16384,get-hit,baseline,4,15.049033
string24,sip,16384,get-hit,quick_cache,4,16.000716
string24,sip,16384,get-hit,lru,4,15.670985
string24,sip,16384,get-miss,micro,0,11.091793
string24,sip,16384,get-miss,baseline,0,11.020885
string24,sip,16384,get-miss,quick_cache,0,11.001587
string24,sip,16384,get-miss,lru,0,11.165272
string24,sip,16384,get-miss,hashlink,0,11.222764
string24,sip,16384,get-miss,baseline,1,12.141235
string24,sip,16384,get-miss,quick_cache,1,11.172822
string24,sip,16384,get-miss,lru,1,11.933523
string24,sip,16384,get-miss,hashlink,1,11.736233
string24,sip,16384,get-miss,micro,1,12.271969
string24,sip,16384,get-miss,quick_cache,2,11.709530
string24,sip,16384,get-miss,lru,2,12.279256
string24,sip,16384,get-miss,hashlink,2,12.953832
string24,sip,16384,get-miss,micro,2,12.861231
string24,sip,16384,get-miss,baseline,2,12.056412
string24,sip,16384,get-miss,lru,3,13.102940
string24,sip,16384,get-miss,hashlink,3,12.426416
string24,sip,16384,get-miss,micro,3,12.683914
string24,sip,16384,get-miss,baseline,3,11.720818
string24,sip,16384,get-miss,quick_cache,3,14.145484
string24,sip,16384,get-miss,hashlink,4,13.122920
string24,sip,16384,get-miss,micro,4,12.728112
string24,sip,16384,get-miss,baseline,4,12.511190
string24,sip,16384,get-miss,quick_cache,4,12.885784
string24,sip,16384,get-miss,lru,4,12.531535
string24,sip,16384,update,micro,0,38.464856
string24,sip,16384,update,baseline,0,36.159169
string24,sip,16384,update,quick_cache,0,68.031311
string24,sip,16384,update,lru,0,39.486194
string24,sip,16384,update,hashlink,0,39.059961
string24,sip,16384,update,baseline,1,36.062988
string24,sip,16384,update,quick_cache,1,101.743042
string24,sip,16384,update,lru,1,38.558960
string24,sip,16384,update,hashlink,1,37.868762
string24,sip,16384,update,micro,1,49.816132
string24,sip,16384,update,quick_cache,2,106.063843
string24,sip,16384,update,lru,2,38.128149
string24,sip,16384,update,hashlink,2,38.459778
string24,sip,16384,update,micro,2,35.655629
string24,sip,16384,update,baseline,2,35.334262
string24,sip,16384,update,lru,3,38.036597
string24,sip,16384,update,hashlink,3,37.652087
string24,sip,16384,update,micro,3,36.217429
string24,sip,16384,update,baseline,3,38.669849
string24,sip,16384,update,quick_cache,3,62.861125
string24,sip,16384,update,hashlink,4,38.516748
string24,sip,16384,update,micro,4,37.290442
string24,sip,16384,update,baseline,4,35.522916
string24,sip,16384,update,quick_cache,4,63.325663
string24,sip,16384,update,lru,4,40.038037
string24,sip,16384,insert-cycle,micro,0,64.454391
string24,sip,16384,insert-cycle,baseline,0,58.848694
string24,sip,16384,insert-cycle,quick_cache,0,52.824661
string24,sip,16384,insert-cycle,lru,0,78.458786
string24,sip,16384,insert-cycle,hashlink,0,79.958588
string24,sip,16384,insert-cycle,baseline,1,58.333725
string24,sip,16384,insert-cycle,quick_cache,1,52.864075
string24,sip,16384,insert-cycle,lru,1,83.113358
string24,sip,16384,insert-cycle,hashlink,1,75.775146
string24,sip,16384,insert-cycle,micro,1,57.902023
string24,sip,16384,insert-cycle,quick_cache,2,53.593323
string24,sip,16384,insert-cycle,lru,2,84.082291
string24,sip,16384,insert-cycle,hashlink,2,86.880997
string24,sip,16384,insert-cycle,micro,2,57.314560
string24,sip,16384,insert-cycle,baseline,2,73.246643
string24,sip,16384,insert-cycle,lru,3,77.676132
string24,sip,16384,insert-cycle,hashlink,3,81.075043
string24,sip,16384,insert-cycle,micro,3,57.381943
string24,sip,16384,insert-cycle,baseline,3,60.740784
string24,sip,16384,insert-cycle,quick_cache,3,54.012299
string24,sip,16384,insert-cycle,hashlink,4,75.780243
string24,sip,16384,insert-cycle,micro,4,58.576584
string24,sip,16384,insert-cycle,baseline,4,62.671021
string24,sip,16384,insert-cycle,quick_cache,4,53.348541
string24,sip,16384,insert-cycle,lru,4,91.846466
string24,sip,16384,mixed-95,micro,0,25.198364
string24,sip,16384,mixed-95,baseline,0,24.929810
string24,sip,16384,mixed-95,quick_cache,0,25.735132
string24,sip,16384,mixed-95,lru,0,21.740486
string24,sip,16384,mixed-95,hashlink,0,23.226105
string24,sip,16384,mixed-95,baseline,1,24.415755
string24,sip,16384,mixed-95,quick_cache,1,24.502222
string24,sip,16384,mixed-95,lru,1,24.476449
string24,sip,16384,mixed-95,hashlink,1,23.857117
string24,sip,16384,mixed-95,micro,1,23.338951
string24,sip,16384,mixed-95,quick_cache,2,25.387573
string24,sip,16384,mixed-95,lru,2,23.716286
string24,sip,16384,mixed-95,hashlink,2,24.936930
string24,sip,16384,mixed-95,micro,2,21.681246
string24,sip,16384,mixed-95,baseline,2,23.033783
string24,sip,16384,mixed-95,lru,3,23.828186
string24,sip,16384,mixed-95,hashlink,3,24.067245
string24,sip,16384,mixed-95,micro,3,23.497261
string24,sip,16384,mixed-95,baseline,3,22.505816
string24,sip,16384,mixed-95,quick_cache,3,23.788132
string24,sip,16384,mixed-95,hashlink,4,23.581505
string24,sip,16384,mixed-95,micro,4,25.302799
string24,sip,16384,mixed-95,baseline,4,21.362590
string24,sip,16384,mixed-95,quick_cache,4,23.817383
string24,sip,16384,mixed-95,lru,4,23.741081
string24,sip,16384,load-hit,micro,0,34.582886
string24,sip,16384,load-hit,baseline,0,34.202803
string24,sip,16384,load-hit,quick_cache,0,23.141541
string24,sip,16384,load-hit,lru,0,22.715849
string24,sip,16384,load-hit,hashlink,0,22.279031
string24,sip,16384,load-hit,baseline,1,35.540028
string24,sip,16384,load-hit,quick_cache,1,22.725722
string24,sip,16384,load-hit,lru,1,22.099516
string24,sip,16384,load-hit,hashlink,1,16.501162
string24,sip,16384,load-hit,micro,1,34.151478
string24,sip,16384,load-hit,quick_cache,2,23.825966
string24,sip,16384,load-hit,lru,2,20.522508
string24,sip,16384,load-hit,hashlink,2,16.415586
string24,sip,16384,load-hit,micro,2,35.970514
string24,sip,16384,load-hit,baseline,2,36.052357
string24,sip,16384,load-hit,lru,3,21.739883
string24,sip,16384,load-hit,hashlink,3,17.586844
string24,sip,16384,load-hit,micro,3,38.231409
string24,sip,16384,load-hit,baseline,3,35.463734
string24,sip,16384,load-hit,quick_cache,3,21.284600
string24,sip,16384,load-hit,hashlink,4,17.329129
string24,sip,16384,load-hit,micro,4,38.628137
string24,sip,16384,load-hit,baseline,4,35.414262
string24,sip,16384,load-hit,quick_cache,4,23.145988
string24,sip,16384,load-hit,lru,4,23.676872
string24,sip,16384,load-cycle,micro,0,59.018463
string24,sip,16384,load-cycle,baseline,0,56.295395
string24,sip,16384,load-cycle,quick_cache,0,37.417938
string24,sip,16384,load-cycle,lru,0,84.180832
string24,sip,16384,load-cycle,hashlink,0,82.876831
string24,sip,16384,load-cycle,baseline,1,56.910828
string24,sip,16384,load-cycle,quick_cache,1,35.788645
string24,sip,16384,load-cycle,lru,1,82.234055
string24,sip,16384,load-cycle,hashlink,1,83.133698
string24,sip,16384,load-cycle,micro,1,56.972504
string24,sip,16384,load-cycle,quick_cache,2,36.660095
string24,sip,16384,load-cycle,lru,2,88.204071
string24,sip,16384,load-cycle,hashlink,2,84.582642
string24,sip,16384,load-cycle,micro,2,55.269867
string24,sip,16384,load-cycle,baseline,2,56.423828
string24,sip,16384,load-cycle,lru,3,83.554581
string24,sip,16384,load-cycle,hashlink,3,80.404922
string24,sip,16384,load-cycle,micro,3,56.799561
string24,sip,16384,load-cycle,baseline,3,57.460785
string24,sip,16384,load-cycle,quick_cache,3,35.573324
string24,sip,16384,load-cycle,hashlink,4,79.116821
string24,sip,16384,load-cycle,micro,4,53.537369
string24,sip,16384,load-cycle,baseline,4,55.289581
string24,sip,16384,load-cycle,quick_cache,4,37.865112
string24,sip,16384,load-cycle,lru,4,85.252136
string24,sip,16384,clear-refill,micro,0,510444.500000
string24,sip,16384,clear-refill,baseline,0,496881.000000
string24,sip,16384,clear-refill,quick_cache,0,495988.000000
string24,sip,16384,clear-refill,lru,0,1302416.666667
string24,sip,16384,clear-refill,hashlink,0,805822.750000
string24,sip,16384,clear-refill,baseline,1,476744.000000
string24,sip,16384,clear-refill,quick_cache,1,511541.666667
string24,sip,16384,clear-refill,lru,1,1308166.666667
string24,sip,16384,clear-refill,hashlink,1,779906.250000
string24,sip,16384,clear-refill,micro,1,542527.833333
string24,sip,16384,clear-refill,quick_cache,2,560291.666667
string24,sip,16384,clear-refill,lru,2,1299097.333333
string24,sip,16384,clear-refill,hashlink,2,811552.000000
string24,sip,16384,clear-refill,micro,2,491988.142857
string24,sip,16384,clear-refill,baseline,2,503097.166667
string24,sip,16384,clear-refill,lru,3,1303000.000000
string24,sip,16384,clear-refill,hashlink,3,824656.250000
string24,sip,16384,clear-refill,micro,3,494797.571429
string24,sip,16384,clear-refill,baseline,3,474279.857143
string24,sip,16384,clear-refill,quick_cache,3,510076.333333
string24,sip,16384,clear-refill,hashlink,4,802250.000000
string24,sip,16384,clear-refill,micro,4,483756.000000
string24,sip,16384,clear-refill,baseline,4,460404.857143
string24,sip,16384,clear-refill,quick_cache,4,536132.000000
string24,sip,16384,clear-refill,lru,4,1309916.666667
string24,sip,16384,clear-empty,micro,0,445.680122
string24,sip,16384,clear-empty,baseline,0,366.250355
string24,sip,16384,clear-empty,quick_cache,0,4.156393
string24,sip,16384,clear-empty,lru,0,2.293746
string24,sip,16384,clear-empty,hashlink,0,0.620155
string24,sip,16384,clear-empty,baseline,1,343.136161
string24,sip,16384,clear-empty,quick_cache,1,4.175237
string24,sip,16384,clear-empty,lru,1,2.457345
string24,sip,16384,clear-empty,hashlink,1,0.633010
string24,sip,16384,clear-empty,micro,1,581.465402
string24,sip,16384,clear-empty,quick_cache,2,4.050282
string24,sip,16384,clear-empty,lru,2,2.294291
string24,sip,16384,clear-empty,hashlink,2,0.608292
string24,sip,16384,clear-empty,micro,2,359.700483
string24,sip,16384,clear-empty,baseline,2,509.922917
string24,sip,16384,clear-empty,lru,3,2.279342
string24,sip,16384,clear-empty,hashlink,3,0.592822
string24,sip,16384,clear-empty,micro,3,404.410807
string24,sip,16384,clear-empty,baseline,3,2045.386719
string24,sip,16384,clear-empty,quick_cache,3,4.110100
string24,sip,16384,clear-empty,hashlink,4,0.624351
string24,sip,16384,clear-empty,micro,4,372.583984
string24,sip,16384,clear-empty,baseline,4,346.799403
string24,sip,16384,clear-empty,quick_cache,4,4.039555
string24,sip,16384,clear-empty,lru,4,2.292400
string24,sip,16384,iter-dense,micro,0,6185.546875
string24,sip,16384,iter-dense,baseline,0,6507.116667
string24,sip,16384,iter-dense,quick_cache,0,7399.639423
string24,sip,16384,iter-dense,lru,0,26692.710938
string24,sip,16384,iter-dense,hashlink,0,28737.632812
string24,sip,16384,iter-dense,baseline,1,6265.452083
string24,sip,16384,iter-dense,quick_cache,1,7299.079327
string24,sip,16384,iter-dense,lru,1,24025.062500
string24,sip,16384,iter-dense,hashlink,1,28083.335938
string24,sip,16384,iter-dense,micro,1,6243.408203
string24,sip,16384,iter-dense,quick_cache,2,7014.417411
string24,sip,16384,iter-dense,lru,2,29777.343750
string24,sip,16384,iter-dense,hashlink,2,27536.453125
string24,sip,16384,iter-dense,micro,2,6332.639583
string24,sip,16384,iter-dense,baseline,2,6320.833333
string24,sip,16384,iter-dense,lru,3,28384.117188
string24,sip,16384,iter-dense,hashlink,3,26919.921875
string24,sip,16384,iter-dense,micro,3,6176.189453
string24,sip,16384,iter-dense,baseline,3,6357.464583
string24,sip,16384,iter-dense,quick_cache,3,7467.649038
string24,sip,16384,iter-dense,hashlink,4,27943.359375
string24,sip,16384,iter-dense,micro,4,6321.787500
string24,sip,16384,iter-dense,baseline,4,6225.585938
string24,sip,16384,iter-dense,quick_cache,4,7167.781250
string24,sip,16384,iter-dense,lru,4,28403.976562
string24,sip,16384,iter-dense-for,micro,0,6419.356250
string24,sip,16384,iter-dense-for,baseline,0,6276.822917
string24,sip,16384,iter-dense-for,quick_cache,0,8463.976562
string24,sip,16384,iter-dense-for,lru,0,21222.918750
string24,sip,16384,iter-dense-for,hashlink,0,28353.515625
string24,sip,16384,iter-dense-for,baseline,1,6160.724609
string24,sip,16384,iter-dense-for,quick_cache,1,8270.617188
string24,sip,16384,iter-dense-for,lru,1,27166.015625
string24,sip,16384,iter-dense-for,hashlink,1,24704.429688
string24,sip,16384,iter-dense-for,micro,1,6277.832031
string24,sip,16384,iter-dense-for,quick_cache,2,7442.108173
string24,sip,16384,iter-dense-for,lru,2,25731.117188
string24,sip,16384,iter-dense-for,hashlink,2,24594.726562
string24,sip,16384,iter-dense-for,micro,2,6199.542969
string24,sip,16384,iter-dense-for,baseline,2,6482.987500
string24,sip,16384,iter-dense-for,lru,3,27045.578125
string24,sip,16384,iter-dense-for,hashlink,3,22918.750000
string24,sip,16384,iter-dense-for,micro,3,5956.869141
string24,sip,16384,iter-dense-for,baseline,3,6430.468750
string24,sip,16384,iter-dense-for,quick_cache,3,7182.107143
string24,sip,16384,iter-dense-for,hashlink,4,30270.835938
string24,sip,16384,iter-dense-for,micro,4,6308.854167
string24,sip,16384,iter-dense-for,baseline,4,6268.229167
string24,sip,16384,iter-dense-for,quick_cache,4,7312.800481
string24,sip,16384,iter-dense-for,lru,4,22033.850000
string24,sip,16384,iter-density-1pct,micro,0,7232.572115
string24,sip,16384,iter-density-1pct,baseline,0,6930.709821
string24,sip,16384,iter-density-1pct,quick_cache,0,7364.283654
string24,sip,16384,iter-density-1pct,lru,0,184.711307
string24,sip,16384,iter-density-1pct,hashlink,0,206.229945
string24,sip,16384,iter-density-1pct,baseline,1,7536.459135
string24,sip,16384,iter-density-1pct,quick_cache,1,7176.805804
string24,sip,16384,iter-density-1pct,lru,1,175.786107
string24,sip,16384,iter-density-1pct,hashlink,1,198.544331
string24,sip,16384,iter-density-1pct,micro,1,6816.872768
string24,sip,16384,iter-density-1pct,quick_cache,2,6983.816964
string24,sip,16384,iter-density-1pct,lru,2,186.022259
string24,sip,16384,iter-density-1pct,hashlink,2,195.402018
string24,sip,16384,iter-density-1pct,micro,2,6905.040179
string24,sip,16384,iter-density-1pct,baseline,2,6416.318750
string24,sip,16384,iter-density-1pct,lru,3,196.396705
string24,sip,16384,iter-density-1pct,hashlink,3,191.037615
string24,sip,16384,iter-density-1pct,micro,3,6819.754464
string24,sip,16384,iter-density-1pct,baseline,3,6478.991667
string24,sip,16384,iter-density-1pct,quick_cache,3,7264.622596
string24,sip,16384,iter-density-1pct,hashlink,4,207.725525
string24,sip,16384,iter-density-1pct,micro,4,7030.412946
string24,sip,16384,iter-density-1pct,baseline,4,6711.310268
string24,sip,16384,iter-density-1pct,quick_cache,4,7247.495192
string24,sip,16384,iter-density-1pct,lru,4,194.385093
string24,sip,16384,iter-density-6pct,micro,0,5803.920956
string24,sip,16384,iter-density-6pct,baseline,0,5554.227941
string24,sip,16384,iter-density-6pct,quick_cache,0,7260.016827
string24,sip,16384,iter-density-6pct,lru,0,1446.975000
string24,sip,16384,iter-density-6pct,hashlink,0,1388.959099
string24,sip,16384,iter-density-6pct,baseline,1,5602.481618
string24,sip,16384,iter-density-6pct,quick_cache,1,6958.241071
string24,sip,16384,iter-density-6pct,lru,1,1387.733456
string24,sip,16384,iter-density-6pct,hashlink,1,1365.583786
string24,sip,16384,iter-density-6pct,micro,1,6025.552734
string24,sip,16384,iter-density-6pct,quick_cache,2,6863.930804
string24,sip,16384,iter-density-6pct,lru,2,1438.999527
string24,sip,16384,iter-density-6pct,hashlink,2,1309.661024
string24,sip,16384,iter-density-6pct,micro,2,6056.478516
string24,sip,16384,iter-density-6pct,baseline,2,6115.478516
string24,sip,16384,iter-density-6pct,lru,3,1513.126008
string24,sip,16384,iter-density-6pct,hashlink,3,1461.838942
string24,sip,16384,iter-density-6pct,micro,3,5903.644531
string24,sip,16384,iter-density-6pct,baseline,3,5873.466912
string24,sip,16384,iter-density-6pct,quick_cache,3,6810.546875
string24,sip,16384,iter-density-6pct,hashlink,4,1441.327652
string24,sip,16384,iter-density-6pct,micro,4,5850.720588
string24,sip,16384,iter-density-6pct,baseline,4,5905.599609
string24,sip,16384,iter-density-6pct,quick_cache,4,6477.343750
string24,sip,16384,iter-density-6pct,lru,4,1287.706764
string24,sip,16384,iter-density-quarter,micro,0,5769.301471
string24,sip,16384,iter-density-quarter,baseline,0,6254.427083
string24,sip,16384,iter-density-quarter,quick_cache,0,6939.453125
string24,sip,16384,iter-density-quarter,lru,0,11864.417969
string24,sip,16384,iter-density-quarter,hashlink,0,13144.695312
string24,sip,16384,iter-density-quarter,baseline,1,5949.218750
string24,sip,16384,iter-density-quarter,quick_cache,1,7679.086538
string24,sip,16384,iter-density-quarter,lru,1,13862.165179
string24,sip,16384,iter-density-quarter,hashlink,1,10484.086806
string24,sip,16384,iter-density-quarter,micro,1,6737.935417
string24,sip,16384,iter-density-quarter,quick_cache,2,7653.947115
string24,sip,16384,iter-density-quarter,lru,2,13359.699219
string24,sip,16384,iter-density-quarter,hashlink,2,11208.913194
string24,sip,16384,iter-density-quarter,micro,2,6151.855469
string24,sip,16384,iter-density-quarter,baseline,2,6113.281250
string24,sip,16384,iter-density-quarter,lru,3,11519.097222
string24,sip,16384,iter-density-quarter,hashlink,3,11236.111111
string24,sip,16384,iter-density-quarter,micro,3,6156.167969
string24,sip,16384,iter-density-quarter,baseline,3,6033.365234
string24,sip,16384,iter-density-quarter,quick_cache,3,6967.075893
string24,sip,16384,iter-density-quarter,hashlink,4,10493.631944
string24,sip,16384,iter-density-quarter,micro,4,6282.291667
string24,sip,16384,iter-density-quarter,baseline,4,6265.054688
string24,sip,16384,iter-density-quarter,quick_cache,4,8270.617188
string24,sip,16384,iter-density-quarter,lru,4,13578.289062
string24,sip,16384,iter-density-half,micro,0,6832.122768
string24,sip,16384,iter-density-half,baseline,0,6797.060268
string24,sip,16384,iter-density-half,quick_cache,0,8612.926136
string24,sip,16384,iter-density-half,lru,0,18906.250000
string24,sip,16384,iter-density-half,hashlink,0,19100.262500
string24,sip,16384,iter-density-half,baseline,1,6594.531250
string24,sip,16384,iter-density-half,quick_cache,1,8015.841146
string24,sip,16384,iter-density-half,lru,1,18139.109375
string24,sip,16384,iter-density-half,hashlink,1,17678.171875
string24,sip,16384,iter-density-half,micro,1,6611.458333
string24,sip,16384,iter-density-half,quick_cache,2,7449.819712
string24,sip,16384,iter-density-half,lru,2,16678.385417
string24,sip,16384,iter-density-half,hashlink,2,17822.046875
string24,sip,16384,iter-density-half,micro,2,6544.879167
string24,sip,16384,iter-density-half,baseline,2,6322.395833
string24,sip,16384,iter-density-half,lru,3,19446.612500
string24,sip,16384,iter-density-half,hashlink,3,19164.843750
string24,sip,16384,iter-density-half,micro,3,6576.910417
string24,sip,16384,iter-density-half,baseline,3,6704.986607
string24,sip,16384,iter-density-half,quick_cache,3,7652.644231
string24,sip,16384,iter-density-half,hashlink,4,18676.432292
string24,sip,16384,iter-density-half,micro,4,6559.808333
string24,sip,16384,iter-density-half,baseline,4,6563.889583
string24,sip,16384,iter-density-half,quick_cache,4,7643.528846
string24,sip,16384,iter-density-half,lru,4,16633.677083
string24,sip,16384,iter-front,micro,0,6041.910156
string24,sip,16384,iter-front,baseline,0,6270.400000
string24,sip,16384,iter-front,quick_cache,0,7660.257212
string24,sip,16384,iter-front,lru,0,1.322901
string24,sip,16384,iter-front,hashlink,0,1.273466
string24,sip,16384,iter-front,baseline,1,6269.964583
string24,sip,16384,iter-front,quick_cache,1,7571.814904
string24,sip,16384,iter-front,lru,1,1.344529
string24,sip,16384,iter-front,hashlink,1,1.316769
string24,sip,16384,iter-front,micro,1,6585.677083
string24,sip,16384,iter-front,quick_cache,2,8140.299479
string24,sip,16384,iter-front,lru,2,1.323797
string24,sip,16384,iter-front,hashlink,2,1.269792
string24,sip,16384,iter-front,micro,2,5418.619792
string24,sip,16384,iter-front,baseline,2,5403.428819
string24,sip,16384,iter-front,lru,3,1.219306
string24,sip,16384,iter-front,hashlink,3,1.223140
string24,sip,16384,iter-front,micro,3,5369.503472
string24,sip,16384,iter-front,baseline,3,5458.767361
string24,sip,16384,iter-front,quick_cache,3,6927.082589
string24,sip,16384,iter-front,hashlink,4,1.204579
string24,sip,16384,iter-front,micro,4,5477.864583
string24,sip,16384,iter-front,baseline,4,5232.421875
string24,sip,16384,iter-front,quick_cache,4,6831.939732
string24,sip,16384,iter-front,lru,4,1.226420
string24,sip,16384,iter-back,micro,0,5450.086806
string24,sip,16384,iter-back,baseline,0,5533.930147
string24,sip,16384,iter-back,quick_cache,0,7002.975446
string24,sip,16384,iter-back,lru,0,1.185688
string24,sip,16384,iter-back,hashlink,0,1.228397
string24,sip,16384,iter-back,baseline,1,5211.083333
string24,sip,16384,iter-back,quick_cache,1,6343.404167
string24,sip,16384,iter-back,lru,1,1.198252
string24,sip,16384,iter-back,hashlink,1,1.156665
string24,sip,16384,iter-back,micro,1,5636.106618
string24,sip,16384,iter-back,quick_cache,2,6748.325893
string24,sip,16384,iter-back,lru,2,1.199232
string24,sip,16384,iter-back,hashlink,2,1.161825
string24,sip,16384,iter-back,micro,2,5540.593750
string24,sip,16384,iter-back,baseline,2,5746.783088
string24,sip,16384,iter-back,lru,3,1.246957
string24,sip,16384,iter-back,hashlink,3,1.159942
string24,sip,16384,iter-back,micro,3,5515.854779
string24,sip,16384,iter-back,baseline,3,5575.979779
string24,sip,16384,iter-back,quick_cache,3,6954.426339
string24,sip,16384,iter-back,hashlink,4,1.197486
string24,sip,16384,iter-back,micro,4,5534.926471
string24,sip,16384,iter-back,baseline,4,5723.345588
string24,sip,16384,iter-back,quick_cache,4,7147.042411
string24,sip,16384,iter-back,lru,4,1.198589
string24,sip,16384,iter-empty,micro,0,5414.135417
string24,sip,16384,iter-empty,baseline,0,5547.334559
string24,sip,16384,iter-empty,quick_cache,0,6983.908482
string24,sip,16384,iter-empty,lru,0,1.001538
string24,sip,16384,iter-empty,hashlink,0,1.019698
string24,sip,16384,iter-empty,baseline,1,5679.917279
string24,sip,16384,iter-empty,quick_cache,1,6988.468750
string24,sip,16384,iter-empty,lru,1,0.994463
string24,sip,16384,iter-empty,hashlink,1,1.005103
string24,sip,16384,iter-empty,micro,1,5554.917279
string24,sip,16384,iter-empty,quick_cache,2,6938.149554
string24,sip,16384,iter-empty,lru,2,0.999947
string24,sip,16384,iter-empty,hashlink,2,1.006884
string24,sip,16384,iter-empty,micro,2,5582.413603
string24,sip,16384,iter-empty,baseline,2,5601.715074
string24,sip,16384,iter-empty,lru,3,1.003737
string24,sip,16384,iter-empty,hashlink,3,1.022969
string24,sip,16384,iter-empty,micro,3,5730.773897
string24,sip,16384,iter-empty,baseline,3,5442.564236
string24,sip,16384,iter-empty,quick_cache,3,7225.819196
string24,sip,16384,iter-empty,hashlink,4,1.022913
string24,sip,16384,iter-empty,micro,4,5426.071181
string24,sip,16384,iter-empty,baseline,4,5659.237132
string24,sip,16384,iter-empty,quick_cache,4,6957.776786
string24,sip,16384,iter-empty,lru,4,0.995160
string24,sip,16384,iter-count,micro,0,5636.881510
string24,sip,16384,iter-count,baseline,0,5463.541667
string24,sip,16384,iter-count,quick_cache,0,7891.033203
string24,sip,16384,iter-count,lru,0,0.386839
string24,sip,16384,iter-count,hashlink,0,0.388718
string24,sip,16384,iter-count,baseline,1,5719.834635
string24,sip,16384,iter-count,quick_cache,1,7890.218750
string24,sip,16384,iter-count,lru,1,0.390831
string24,sip,16384,iter-count,hashlink,1,0.390077
string24,sip,16384,iter-count,micro,1,5376.248698
string24,sip,16384,iter-count,quick_cache,2,7887.125000
string24,sip,16384,iter-count,lru,2,0.387486
string24,sip,16384,iter-count,hashlink,2,0.388108
string24,sip,16384,iter-count,micro,2,5497.666667
string24,sip,16384,iter-count,baseline,2,5534.125000
string24,sip,16384,iter-count,lru,3,0.388062
string24,sip,16384,iter-count,hashlink,3,0.362489
string24,sip,16384,iter-count,micro,3,5270.996094
string24,sip,16384,iter-count,baseline,3,5264.701823
string24,sip,16384,iter-count,quick_cache,3,7749.755859
string24,sip,16384,iter-count,hashlink,4,0.385118
string24,sip,16384,iter-count,micro,4,5595.269531
string24,sip,16384,iter-count,baseline,4,5152.126302
string24,sip,16384,iter-count,quick_cache,4,7677.083984
string24,sip,16384,iter-count,lru,4,0.384757
string24,ahash,128,get-hit,micro,0,5.334680
string24,ahash,128,get-hit,baseline,0,5.336742
string24,ahash,128,get-hit,quick_cache,0,5.278596
string24,ahash,128,get-hit,lru,0,5.828857
string24,ahash,128,get-hit,hashlink,0,5.689181
string24,ahash,128,get-hit,baseline,1,5.321926
string24,ahash,128,get-hit,quick_cache,1,5.291602
string24,ahash,128,get-hit,lru,1,5.677287
string24,ahash,128,get-hit,hashlink,1,5.489218
string24,ahash,128,get-hit,micro,1,5.247280
string24,ahash,128,get-hit,quick_cache,2,5.107313
string24,ahash,128,get-hit,lru,2,5.739927
string24,ahash,128,get-hit,hashlink,2,5.675254
string24,ahash,128,get-hit,micro,2,5.354950
string24,ahash,128,get-hit,baseline,2,5.349790
string24,ahash,128,get-hit,lru,3,5.926972
string24,ahash,128,get-hit,hashlink,3,5.841289
string24,ahash,128,get-hit,micro,3,5.406026
string24,ahash,128,get-hit,baseline,3,5.418592
string24,ahash,128,get-hit,quick_cache,3,5.345884
string24,ahash,128,get-hit,hashlink,4,5.815697
string24,ahash,128,get-hit,micro,4,5.353917
string24,ahash,128,get-hit,baseline,4,5.416572
string24,ahash,128,get-hit,quick_cache,4,5.407521
string24,ahash,128,get-hit,lru,4,5.932962
string24,ahash,128,get-miss,micro,0,3.305064
string24,ahash,128,get-miss,baseline,0,3.402380
string24,ahash,128,get-miss,quick_cache,0,3.380125
string24,ahash,128,get-miss,lru,0,3.355777
string24,ahash,128,get-miss,hashlink,0,3.250438
string24,ahash,128,get-miss,baseline,1,3.385071
string24,ahash,128,get-miss,quick_cache,1,3.383811
string24,ahash,128,get-miss,lru,1,3.311798
string24,ahash,128,get-miss,hashlink,1,3.243146
string24,ahash,128,get-miss,micro,1,3.293763
string24,ahash,128,get-miss,quick_cache,2,3.401815
string24,ahash,128,get-miss,lru,2,3.334923
string24,ahash,128,get-miss,hashlink,2,3.257819
string24,ahash,128,get-miss,micro,2,3.312166
string24,ahash,128,get-miss,baseline,2,3.384604
string24,ahash,128,get-miss,lru,3,3.312074
string24,ahash,128,get-miss,hashlink,3,3.258764
string24,ahash,128,get-miss,micro,3,3.360620
string24,ahash,128,get-miss,baseline,3,3.445301
string24,ahash,128,get-miss,quick_cache,3,3.405960
string24,ahash,128,get-miss,hashlink,4,3.281321
string24,ahash,128,get-miss,micro,4,3.362533
string24,ahash,128,get-miss,baseline,4,3.383299
string24,ahash,128,get-miss,quick_cache,4,3.407985
string24,ahash,128,get-miss,lru,4,3.318580
string24,ahash,128,update,micro,0,15.927082
string24,ahash,128,update,baseline,0,16.105320
string24,ahash,128,update,quick_cache,0,32.245636
string24,ahash,128,update,lru,0,22.591388
string24,ahash,128,update,hashlink,0,16.237119
string24,ahash,128,update,baseline,1,16.141145
string24,ahash,128,update,quick_cache,1,32.765706
string24,ahash,128,update,lru,1,21.148682
string24,ahash,128,update,hashlink,1,15.842016
string24,ahash,128,update,micro,1,15.970645
string24,ahash,128,update,quick_cache,2,31.749725
string24,ahash,128,update,lru,2,21.983729
string24,ahash,128,update,hashlink,2,16.031016
string24,ahash,128,update,micro,2,16.049592
string24,ahash,128,update,baseline,2,16.085417
string24,ahash,128,update,lru,3,22.831938
string24,ahash,128,update,hashlink,3,16.376438
string24,ahash,128,update,micro,3,16.274048
string24,ahash,128,update,baseline,3,16.494310
string24,ahash,128,update,quick_cache,3,32.107035
string24,ahash,128,update,hashlink,4,16.362729
string24,ahash,128,update,micro,4,16.290193
string24,ahash,128,update,baseline,4,16.239996
string24,ahash,128,update,quick_cache,4,32.299886
string24,ahash,128,update,lru,4,22.840612
string24,ahash,128,insert-cycle,micro,0,36.689258
string24,ahash,128,insert-cycle,baseline,0,36.585098
string24,ahash,128,insert-cycle,quick_cache,0,30.672048
string24,ahash,128,insert-cycle,lru,0,40.893129
string24,ahash,128,insert-cycle,hashlink,0,36.453780
string24,ahash,128,insert-cycle,baseline,1,36.396157
string24,ahash,128,insert-cycle,quick_cache,1,30.862366
string24,ahash,128,insert-cycle,lru,1,41.506211
string24,ahash,128,insert-cycle,hashlink,1,36.053429
string24,ahash,128,insert-cycle,micro,1,36.376197
string24,ahash,128,insert-cycle,quick_cache,2,30.723802
string24,ahash,128,insert-cycle,lru,2,41.253769
string24,ahash,128,insert-cycle,hashlink,2,36.061695
string24,ahash,128,insert-cycle,micro,2,36.381748
string24,ahash,128,insert-cycle,baseline,2,36.429020
string24,ahash,128,insert-cycle,lru,3,40.707058
string24,ahash,128,insert-cycle,hashlink,3,35.876469
string24,ahash,128,insert-cycle,micro,3,36.410314
string24,ahash,128,insert-cycle,baseline,3,37.007714
string24,ahash,128,insert-cycle,quick_cache,3,31.646595
string24,ahash,128,insert-cycle,hashlink,4,36.025463
string24,ahash,128,insert-cycle,micro,4,36.646008
string24,ahash,128,insert-cycle,baseline,4,36.856022
string24,ahash,128,insert-cycle,quick_cache,4,30.990188
string24,ahash,128,insert-cycle,lru,4,41.040101
string24,ahash,128,mixed-95,micro,0,8.973782
string24,ahash,128,mixed-95,baseline,0,9.038163
string24,ahash,128,mixed-95,quick_cache,0,11.177601
string24,ahash,128,mixed-95,lru,0,9.675145
string24,ahash,128,mixed-95,hashlink,0,8.643810
string24,ahash,128,mixed-95,baseline,1,8.999958
string24,ahash,128,mixed-95,quick_cache,1,11.039436
string24,ahash,128,mixed-95,lru,1,9.133813
string24,ahash,128,mixed-95,hashlink,1,9.032831
string24,ahash,128,mixed-95,micro,1,9.065459
string24,ahash,128,mixed-95,quick_cache,2,10.933518
string24,ahash,128,mixed-95,lru,2,9.102426
string24,ahash,128,mixed-95,hashlink,2,9.295273
string24,ahash,128,mixed-95,micro,2,8.913191
string24,ahash,128,mixed-95,baseline,2,8.523985
string24,ahash,128,mixed-95,lru,3,9.095108
string24,ahash,128,mixed-95,hashlink,3,8.542438
string24,ahash,128,mixed-95,micro,3,9.042632
string24,ahash,128,mixed-95,baseline,3,9.044368
string24,ahash,128,mixed-95,quick_cache,3,11.216597
string24,ahash,128,mixed-95,hashlink,4,9.123886
string24,ahash,128,mixed-95,micro,4,8.975643
string24,ahash,128,mixed-95,baseline,4,9.051811
string24,ahash,128,mixed-95,quick_cache,4,10.793798
string24,ahash,128,mixed-95,lru,4,9.145350
string24,ahash,128,load-hit,micro,0,16.591171
string24,ahash,128,load-hit,baseline,0,16.588957
string24,ahash,128,load-hit,quick_cache,0,7.149623
string24,ahash,128,load-hit,lru,0,6.672530
string24,ahash,128,load-hit,hashlink,0,5.623402
string24,ahash,128,load-hit,baseline,1,16.686640
string24,ahash,128,load-hit,quick_cache,1,7.159893
string24,ahash,128,load-hit,lru,1,6.590254
string24,ahash,128,load-hit,hashlink,1,5.558899
string24,ahash,128,load-hit,micro,1,16.637610
string24,ahash,128,load-hit,quick_cache,2,7.170652
string24,ahash,128,load-hit,lru,2,6.654105
string24,ahash,128,load-hit,hashlink,2,5.629106
string24,ahash,128,load-hit,micro,2,17.020486
string24,ahash,128,load-hit,baseline,2,16.894487
string24,ahash,128,load-hit,lru,3,6.677894
string24,ahash,128,load-hit,hashlink,3,5.602363
string24,ahash,128,load-hit,micro,3,16.625669
string24,ahash,128,load-hit,baseline,3,16.853799
string24,ahash,128,load-hit,quick_cache,3,7.206835
string24,ahash,128,load-hit,hashlink,4,5.548050
string24,ahash,128,load-hit,micro,4,16.592497
string24,ahash,128,load-hit,baseline,4,16.630971
string24,ahash,128,load-hit,quick_cache,4,7.157743
string24,ahash,128,load-hit,lru,4,6.668368
string24,ahash,128,load-cycle,micro,0,38.492034
string24,ahash,128,load-cycle,baseline,0,38.789088
string24,ahash,128,load-cycle,quick_cache,0,18.500518
string24,ahash,128,load-cycle,lru,0,38.544326
string24,ahash,128,load-cycle,hashlink,0,39.005723
string24,ahash,128,load-cycle,baseline,1,37.356626
string24,ahash,128,load-cycle,quick_cache,1,18.150052
string24,ahash,128,load-cycle,lru,1,38.437077
string24,ahash,128,load-cycle,hashlink,1,38.581183
string24,ahash,128,load-cycle,micro,1,38.524590
string24,ahash,128,load-cycle,quick_cache,2,18.372790
string24,ahash,128,load-cycle,lru,2,38.651855
string24,ahash,128,load-cycle,hashlink,2,38.804351
string24,ahash,128,load-cycle,micro,2,39.041956
string24,ahash,128,load-cycle,baseline,2,39.545849
string24,ahash,128,load-cycle,lru,3,38.561369
string24,ahash,128,load-cycle,hashlink,3,41.298746
string24,ahash,128,load-cycle,micro,3,48.179752
string24,ahash,128,load-cycle,baseline,3,83.201740
string24,ahash,128,load-cycle,quick_cache,3,64.108927
string24,ahash,128,load-cycle,hashlink,4,99.689387
string24,ahash,128,load-cycle,micro,4,100.632957
string24,ahash,128,load-cycle,baseline,4,63.868850
string24,ahash,128,load-cycle,quick_cache,4,30.071971
string24,ahash,128,load-cycle,lru,4,45.394441
string24,ahash,128,clear-refill,micro,0,2522.163866
string24,ahash,128,clear-refill,baseline,0,2598.484848
string24,ahash,128,clear-refill,quick_cache,0,2637.594903
string24,ahash,128,clear-refill,lru,0,4990.102990
string24,ahash,128,clear-refill,hashlink,0,3470.231214
string24,ahash,128,clear-refill,baseline,1,2479.442149
string24,ahash,128,clear-refill,quick_cache,1,2533.719831
string24,ahash,128,clear-refill,lru,1,5334.666075
string24,ahash,128,clear-refill,hashlink,1,3580.896181
string24,ahash,128,clear-refill,micro,1,2520.535684
string24,ahash,128,clear-refill,quick_cache,2,2600.736568
string24,ahash,128,clear-refill,lru,2,5191.320069
string24,ahash,128,clear-refill,hashlink,2,3652.372263
string24,ahash,128,clear-refill,micro,2,2615.627724
string24,ahash,128,clear-refill,baseline,2,2389.994427
string24,ahash,128,clear-refill,lru,3,5213.107639
string24,ahash,128,clear-refill,hashlink,3,3565.567696
string24,ahash,128,clear-refill,micro,3,2480.337190
string24,ahash,128,clear-refill,baseline,3,2522.794118
string24,ahash,128,clear-refill,quick_cache,3,2640.244503
string24,ahash,128,clear-refill,hashlink,4,3708.179012
string24,ahash,128,clear-refill,micro,4,2576.394850
string24,ahash,128,clear-refill,baseline,4,2614.183798
string24,ahash,128,clear-refill,quick_cache,4,2640.845070
string24,ahash,128,clear-refill,lru,4,5234.900697
string24,ahash,128,clear-empty,micro,0,50.748850
string24,ahash,128,clear-empty,baseline,0,43.417245
string24,ahash,128,clear-empty,quick_cache,0,3.782946
string24,ahash,128,clear-empty,lru,0,2.175093
string24,ahash,128,clear-empty,hashlink,0,0.597051
string24,ahash,128,clear-empty,baseline,1,48.743030
string24,ahash,128,clear-empty,quick_cache,1,3.852691
string24,ahash,128,clear-empty,lru,1,2.179005
string24,ahash,128,clear-empty,hashlink,1,0.610719
string24,ahash,128,clear-empty,micro,1,49.606903
string24,ahash,128,clear-empty,quick_cache,2,3.951193
string24,ahash,128,clear-empty,lru,2,2.191043
string24,ahash,128,clear-empty,hashlink,2,0.613027
string24,ahash,128,clear-empty,micro,2,49.984076
string24,ahash,128,clear-empty,baseline,2,49.323234
string24,ahash,128,clear-empty,lru,3,2.212074
string24,ahash,128,clear-empty,hashlink,3,0.613886
string24,ahash,128,clear-empty,micro,3,49.957048
string24,ahash,128,clear-empty,baseline,3,49.040599
string24,ahash,128,clear-empty,quick_cache,3,3.996092
string24,ahash,128,clear-empty,hashlink,4,0.614175
string24,ahash,128,clear-empty,micro,4,50.370507
string24,ahash,128,clear-empty,baseline,4,49.575323
string24,ahash,128,clear-empty,quick_cache,4,3.952016
string24,ahash,128,clear-empty,lru,4,2.191165
string24,ahash,128,iter-dense,micro,0,38.199580
string24,ahash,128,iter-dense,baseline,0,37.926797
string24,ahash,128,iter-dense,quick_cache,0,29.465470
string24,ahash,128,iter-dense,lru,0,128.345161
string24,ahash,128,iter-dense,hashlink,0,126.300345
string24,ahash,128,iter-dense,baseline,1,37.393877
string24,ahash,128,iter-dense,quick_cache,1,29.347613
string24,ahash,128,iter-dense,lru,1,128.734782
string24,ahash,128,iter-dense,hashlink,1,126.065818
string24,ahash,128,iter-dense,micro,1,37.097533
string24,ahash,128,iter-dense,quick_cache,2,29.585102
string24,ahash,128,iter-dense,lru,2,127.747871
string24,ahash,128,iter-dense,hashlink,2,126.851056
string24,ahash,128,iter-dense,micro,2,36.928601
string24,ahash,128,iter-dense,baseline,2,37.107576
string24,ahash,128,iter-dense,lru,3,127.347990
string24,ahash,128,iter-dense,hashlink,3,127.563435
string24,ahash,128,iter-dense,micro,3,37.293755
string24,ahash,128,iter-dense,baseline,3,37.239687
string24,ahash,128,iter-dense,quick_cache,3,30.117742
string24,ahash,128,iter-dense,hashlink,4,127.970072
string24,ahash,128,iter-dense,micro,4,37.330190
string24,ahash,128,iter-dense,baseline,4,37.388694
string24,ahash,128,iter-dense,quick_cache,4,29.553557
string24,ahash,128,iter-dense,lru,4,131.707909
string24,ahash,128,iter-dense-for,micro,0,37.201049
string24,ahash,128,iter-dense-for,baseline,0,37.136968
string24,ahash,128,iter-dense-for,quick_cache,0,37.843435
string24,ahash,128,iter-dense-for,lru,0,77.501937
string24,ahash,128,iter-dense-for,hashlink,0,69.097734
string24,ahash,128,iter-dense-for,baseline,1,37.358379
string24,ahash,128,iter-dense-for,quick_cache,1,37.681923
string24,ahash,128,iter-dense-for,lru,1,76.777107
string24,ahash,128,iter-dense-for,hashlink,1,69.029594
string24,ahash,128,iter-dense-for,micro,1,36.956691
string24,ahash,128,iter-dense-for,quick_cache,2,37.927387
string24,ahash,128,iter-dense-for,lru,2,76.637817
string24,ahash,128,iter-dense-for,hashlink,2,68.830819
string24,ahash,128,iter-dense-for,micro,2,37.351121
string24,ahash,128,iter-dense-for,baseline,2,36.973827
string24,ahash,128,iter-dense-for,lru,3,77.058289
string24,ahash,128,iter-dense-for,hashlink,3,68.651057
string24,ahash,128,iter-dense-for,micro,3,37.030695
string24,ahash,128,iter-dense-for,baseline,3,37.238657
string24,ahash,128,iter-dense-for,quick_cache,3,38.125788
string24,ahash,128,iter-dense-for,hashlink,4,70.288114
string24,ahash,128,iter-dense-for,micro,4,38.028120
string24,ahash,128,iter-dense-for,baseline,4,37.118134
string24,ahash,128,iter-dense-for,quick_cache,4,37.229555
string24,ahash,128,iter-dense-for,lru,4,78.983914
string24,ahash,128,iter-density-1pct,micro,0,35.396612
string24,ahash,128,iter-density-1pct,baseline,0,35.537159
string24,ahash,128,iter-density-1pct,quick_cache,0,22.155726
string24,ahash,128,iter-density-1pct,lru,0,1.295337
string24,ahash,128,iter-density-1pct,hashlink,0,1.266105
string24,ahash,128,iter-density-1pct,baseline,1,36.419903
string24,ahash,128,iter-density-1pct,quick_cache,1,22.809110
string24,ahash,128,iter-density-1pct,lru,1,1.284863
string24,ahash,128,iter-density-1pct,hashlink,1,1.262541
string24,ahash,128,iter-density-1pct,micro,1,36.963872
string24,ahash,128,iter-density-1pct,quick_cache,2,22.789302
string24,ahash,128,iter-density-1pct,lru,2,1.287209
string24,ahash,128,iter-density-1pct,hashlink,2,1.267731
string24,ahash,128,iter-density-1pct,micro,2,37.193301
string24,ahash,128,iter-density-1pct,baseline,2,36.228905
string24,ahash,128,iter-density-1pct,lru,3,1.290824
string24,ahash,128,iter-density-1pct,hashlink,3,1.275285
string24,ahash,128,iter-density-1pct,micro,3,37.132834
string24,ahash,128,iter-density-1pct,baseline,3,36.631775
string24,ahash,128,iter-density-1pct,quick_cache,3,22.722711
string24,ahash,128,iter-density-1pct,hashlink,4,1.265165
string24,ahash,128,iter-density-1pct,micro,4,37.240208
string24,ahash,128,iter-density-1pct,baseline,4,36.590933
string24,ahash,128,iter-density-1pct,quick_cache,4,23.365468
string24,ahash,128,iter-density-1pct,lru,4,1.308426
string24,ahash,128,iter-density-6pct,micro,0,35.497917
string24,ahash,128,iter-density-6pct,baseline,0,35.604119
string24,ahash,128,iter-density-6pct,quick_cache,0,23.101634
string24,ahash,128,iter-density-6pct,lru,0,3.531521
string24,ahash,128,iter-density-6pct,hashlink,0,3.179691
string24,ahash,128,iter-density-6pct,baseline,1,35.550630
string24,ahash,128,iter-density-6pct,quick_cache,1,23.127235
string24,ahash,128,iter-density-6pct,lru,1,3.563961
string24,ahash,128,iter-density-6pct,hashlink,1,3.156672
string24,ahash,128,iter-density-6pct,micro,1,35.472534
string24,ahash,128,iter-density-6pct,quick_cache,2,23.254069
string24,ahash,128,iter-density-6pct,lru,2,3.509838
string24,ahash,128,iter-density-6pct,hashlink,2,3.176287
string24,ahash,128,iter-density-6pct,micro,2,35.481401
string24,ahash,128,iter-density-6pct,baseline,2,36.370951
string24,ahash,128,iter-density-6pct,lru,3,3.568808
string24,ahash,128,iter-density-6pct,hashlink,3,3.159864
string24,ahash,128,iter-density-6pct,micro,3,35.482879
string24,ahash,128,iter-density-6pct,baseline,3,34.891177
string24,ahash,128,iter-density-6pct,quick_cache,3,23.418308
string24,ahash,128,iter-density-6pct,hashlink,4,3.152046
string24,ahash,128,iter-density-6pct,micro,4,35.294928
string24,ahash,128,iter-density-6pct,baseline,4,34.797762
string24,ahash,128,iter-density-6pct,quick_cache,4,23.362548
string24,ahash,128,iter-density-6pct,lru,4,3.538136
string24,ahash,128,iter-density-quarter,micro,0,37.721654
string24,ahash,128,iter-density-quarter,baseline,0,36.370442
string24,ahash,128,iter-density-quarter,quick_cache,0,25.662519
string24,ahash,128,iter-density-quarter,lru,0,18.940972
string24,ahash,128,iter-density-quarter,hashlink,0,18.414850
string24,ahash,128,iter-density-quarter,baseline,1,36.865906
string24,ahash,128,iter-density-quarter,quick_cache,1,25.339595
string24,ahash,128,iter-density-quarter,lru,1,18.711435
string24,ahash,128,iter-density-quarter,hashlink,1,18.407330
string24,ahash,128,iter-density-quarter,micro,1,36.377012
string24,ahash,128,iter-density-quarter,quick_cache,2,25.190170
string24,ahash,128,iter-density-quarter,lru,2,18.665439
string24,ahash,128,iter-density-quarter,hashlink,2,18.397806
string24,ahash,128,iter-density-quarter,micro,2,36.307612
string24,ahash,128,iter-density-quarter,baseline,2,36.140715
string24,ahash,128,iter-density-quarter,lru,3,18.482499
string24,ahash,128,iter-density-quarter,hashlink,3,18.434999
string24,ahash,128,iter-density-quarter,micro,3,36.099345
string24,ahash,128,iter-density-quarter,baseline,3,36.012301
string24,ahash,128,iter-density-quarter,quick_cache,3,25.185846
string24,ahash,128,iter-density-quarter,hashlink,4,18.354842
string24,ahash,128,iter-density-quarter,micro,4,36.395647
string24,ahash,128,iter-density-quarter,baseline,4,36.165084
string24,ahash,128,iter-density-quarter,quick_cache,4,25.291046
string24,ahash,128,iter-density-quarter,lru,4,18.568033
string24,ahash,128,iter-density-half,micro,0,37.096494
string24,ahash,128,iter-density-half,baseline,0,37.758848
string24,ahash,128,iter-density-half,quick_cache,0,26.008434
string24,ahash,128,iter-density-half,lru,0,50.151103
string24,ahash,128,iter-density-half,hashlink,0,50.155281
string24,ahash,128,iter-density-half,baseline,1,37.350598
string24,ahash,128,iter-density-half,quick_cache,1,25.397676
string24,ahash,128,iter-density-half,lru,1,50.279273
string24,ahash,128,iter-density-half,hashlink,1,50.251624
string24,ahash,128,iter-density-half,micro,1,37.156312
string24,ahash,128,iter-density-half,quick_cache,2,25.550988
string24,ahash,128,iter-density-half,lru,2,50.146925
string24,ahash,128,iter-density-half,hashlink,2,49.484664
string24,ahash,128,iter-density-half,micro,2,37.410215
string24,ahash,128,iter-density-half,baseline,2,37.036360
string24,ahash,128,iter-density-half,lru,3,49.829254
string24,ahash,128,iter-density-half,hashlink,3,49.163722
string24,ahash,128,iter-density-half,micro,3,37.076166
string24,ahash,128,iter-density-half,baseline,3,36.986871
string24,ahash,128,iter-density-half,quick_cache,3,25.395915
string24,ahash,128,iter-density-half,hashlink,4,49.631501
string24,ahash,128,iter-density-half,micro,4,37.211173
string24,ahash,128,iter-density-half,baseline,4,37.011449
string24,ahash,128,iter-density-half,quick_cache,4,25.386221
string24,ahash,128,iter-density-half,lru,4,50.041956
string24,ahash,128,iter-front,micro,0,35.830925
string24,ahash,128,iter-front,baseline,0,37.487605
string24,ahash,128,iter-front,quick_cache,0,29.541785
string24,ahash,128,iter-front,lru,0,1.233829
string24,ahash,128,iter-front,hashlink,0,1.216158
string24,ahash,128,iter-front,baseline,1,39.372442
string24,ahash,128,iter-front,quick_cache,1,30.040952
string24,ahash,128,iter-front,lru,1,1.487009
string24,ahash,128,iter-front,hashlink,1,1.559122
string24,ahash,128,iter-front,micro,1,43.363841
string24,ahash,128,iter-front,quick_cache,2,26.912457
string24,ahash,128,iter-front,lru,2,1.202941
string24,ahash,128,iter-front,hashlink,2,1.182324
string24,ahash,128,iter-front,micro,2,37.553927
string24,ahash,128,iter-front,baseline,2,35.239431
string24,ahash,128,iter-front,lru,3,1.194328
string24,ahash,128,iter-front,hashlink,3,1.194587
string24,ahash,128,iter-front,micro,3,36.166590
string24,ahash,128,iter-front,baseline,3,36.283475
string24,ahash,128,iter-front,quick_cache,3,21.821489
string24,ahash,128,iter-front,hashlink,4,1.134823
string24,ahash,128,iter-front,micro,4,36.246944
string24,ahash,128,iter-front,baseline,4,35.536662
string24,ahash,128,iter-front,quick_cache,4,21.828616
string24,ahash,128,iter-front,lru,4,1.192035
string24,ahash,128,iter-back,micro,0,45.721477
string24,ahash,128,iter-back,baseline,0,44.988724
string24,ahash,128,iter-back,quick_cache,0,21.657773
string24,ahash,128,iter-back,lru,0,1.177956
string24,ahash,128,iter-back,hashlink,0,1.170851
string24,ahash,128,iter-back,baseline,1,49.248030
string24,ahash,128,iter-back,quick_cache,1,21.690247
string24,ahash,128,iter-back,lru,1,1.226918
string24,ahash,128,iter-back,hashlink,1,1.149841
string24,ahash,128,iter-back,micro,1,46.833385
string24,ahash,128,iter-back,quick_cache,2,21.619927
string24,ahash,128,iter-back,lru,2,1.183339
string24,ahash,128,iter-back,hashlink,2,1.165972
string24,ahash,128,iter-back,micro,2,45.936551
string24,ahash,128,iter-back,baseline,2,45.048841
string24,ahash,128,iter-back,lru,3,1.178652
string24,ahash,128,iter-back,hashlink,3,1.183518
string24,ahash,128,iter-back,micro,3,45.681366
string24,ahash,128,iter-back,baseline,3,45.347498
string24,ahash,128,iter-back,quick_cache,3,21.465895
string24,ahash,128,iter-back,hashlink,4,1.173077
string24,ahash,128,iter-back,micro,4,45.919151
string24,ahash,128,iter-back,baseline,4,44.398452
string24,ahash,128,iter-back,quick_cache,4,21.456665
string24,ahash,128,iter-back,lru,4,1.186889
string24,ahash,128,iter-empty,micro,0,36.208482
string24,ahash,128,iter-empty,baseline,0,35.637792
string24,ahash,128,iter-empty,quick_cache,0,21.546308
string24,ahash,128,iter-empty,lru,0,0.967343
string24,ahash,128,iter-empty,hashlink,0,0.988788
string24,ahash,128,iter-empty,baseline,1,36.092968
string24,ahash,128,iter-empty,quick_cache,1,21.864855
string24,ahash,128,iter-empty,lru,1,0.991959
string24,ahash,128,iter-empty,hashlink,1,0.987611
string24,ahash,128,iter-empty,micro,1,36.304576
string24,ahash,128,iter-empty,quick_cache,2,21.837338
string24,ahash,128,iter-empty,lru,2,0.971754
string24,ahash,128,iter-empty,hashlink,2,0.997075
string24,ahash,128,iter-empty,micro,2,36.087952
string24,ahash,128,iter-empty,baseline,2,35.446692
string24,ahash,128,iter-empty,lru,3,0.964377
string24,ahash,128,iter-empty,hashlink,3,0.995403
string24,ahash,128,iter-empty,micro,3,36.073069
string24,ahash,128,iter-empty,baseline,3,35.508768
string24,ahash,128,iter-empty,quick_cache,3,21.696367
string24,ahash,128,iter-empty,hashlink,4,0.977805
string24,ahash,128,iter-empty,micro,4,36.344283
string24,ahash,128,iter-empty,baseline,4,35.511364
string24,ahash,128,iter-empty,quick_cache,4,21.692851
string24,ahash,128,iter-empty,lru,4,0.960593
string24,ahash,128,iter-count,micro,0,35.406274
string24,ahash,128,iter-count,baseline,0,35.056658
string24,ahash,128,iter-count,quick_cache,0,52.361625
string24,ahash,128,iter-count,lru,0,0.390131
string24,ahash,128,iter-count,hashlink,0,0.389599
string24,ahash,128,iter-count,baseline,1,34.899519
string24,ahash,128,iter-count,quick_cache,1,51.889605
string24,ahash,128,iter-count,lru,1,0.392375
string24,ahash,128,iter-count,hashlink,1,0.391473
string24,ahash,128,iter-count,micro,1,37.920552
string24,ahash,128,iter-count,quick_cache,2,55.569183
string24,ahash,128,iter-count,lru,2,0.368827
string24,ahash,128,iter-count,hashlink,2,0.388352
string24,ahash,128,iter-count,micro,2,34.995429
string24,ahash,128,iter-count,baseline,2,34.412608
string24,ahash,128,iter-count,lru,3,0.388242
string24,ahash,128,iter-count,hashlink,3,0.387082
string24,ahash,128,iter-count,micro,3,34.742130
string24,ahash,128,iter-count,baseline,3,34.649244
string24,ahash,128,iter-count,quick_cache,3,51.463696
string24,ahash,128,iter-count,hashlink,4,0.388455
string24,ahash,128,iter-count,micro,4,34.994461
string24,ahash,128,iter-count,baseline,4,34.677567
string24,ahash,128,iter-count,quick_cache,4,51.343443
string24,ahash,128,iter-count,lru,4,0.388610
string24,ahash,1024,get-hit,micro,0,6.391943
string24,ahash,1024,get-hit,baseline,0,6.397379
string24,ahash,1024,get-hit,quick_cache,0,6.517734
string24,ahash,1024,get-hit,lru,0,7.234162
string24,ahash,1024,get-hit,hashlink,0,7.167034
string24,ahash,1024,get-hit,baseline,1,6.472583
string24,ahash,1024,get-hit,quick_cache,1,6.547747
string24,ahash,1024,get-hit,lru,1,7.206138
string24,ahash,1024,get-hit,hashlink,1,7.206237
string24,ahash,1024,get-hit,micro,1,6.531833
string24,ahash,1024,get-hit,quick_cache,2,6.624403
string24,ahash,1024,get-hit,lru,2,7.467346
string24,ahash,1024,get-hit,hashlink,2,7.366130
string24,ahash,1024,get-hit,micro,2,6.693801
string24,ahash,1024,get-hit,baseline,2,6.520589
string24,ahash,1024,get-hit,lru,3,7.374675
string24,ahash,1024,get-hit,hashlink,3,7.143949
string24,ahash,1024,get-hit,micro,3,6.255932
string24,ahash,1024,get-hit,baseline,3,6.397556
string24,ahash,1024,get-hit,quick_cache,3,6.405008
string24,ahash,1024,get-hit,hashlink,4,7.131822
string24,ahash,1024,get-hit,micro,4,6.472939
string24,ahash,1024,get-hit,baseline,4,6.546838
string24,ahash,1024,get-hit,quick_cache,4,6.836220
string24,ahash,1024,get-hit,lru,4,7.185992
string24,ahash,1024,get-miss,micro,0,3.626153
string24,ahash,1024,get-miss,baseline,0,4.040113
string24,ahash,1024,get-miss,quick_cache,0,3.756204
string24,ahash,1024,get-miss,lru,0,3.996862
string24,ahash,1024,get-miss,hashlink,0,3.678792
string24,ahash,1024,get-miss,baseline,1,3.865774
string24,ahash,1024,get-miss,quick_cache,1,3.892491
string24,ahash,1024,get-miss,lru,1,4.005654
string24,ahash,1024,get-miss,hashlink,1,3.654707
string24,ahash,1024,get-miss,micro,1,3.794405
string24,ahash,1024,get-miss,quick_cache,2,3.908468
string24,ahash,1024,get-miss,lru,2,4.003939
string24,ahash,1024,get-miss,hashlink,2,3.713692
string24,ahash,1024,get-miss,micro,2,3.778254
string24,ahash,1024,get-miss,baseline,2,3.822327
string24,ahash,1024,get-miss,lru,3,3.941306
string24,ahash,1024,get-miss,hashlink,3,3.711841
string24,ahash,1024,get-miss,micro,3,3.723657
string24,ahash,1024,get-miss,baseline,3,3.795191
string24,ahash,1024,get-miss,quick_cache,3,3.807776
string24,ahash,1024,get-miss,hashlink,4,3.656368
string24,ahash,1024,get-miss,micro,4,3.723659
string24,ahash,1024,get-miss,baseline,4,3.781716
string24,ahash,1024,get-miss,quick_cache,4,3.815015
string24,ahash,1024,get-miss,lru,4,3.968543
string24,ahash,1024,update,micro,0,18.001500
string24,ahash,1024,update,baseline,0,18.037098
string24,ahash,1024,update,quick_cache,0,35.006436
string24,ahash,1024,update,lru,0,24.630737
string24,ahash,1024,update,hashlink,0,21.066454
string24,ahash,1024,update,baseline,1,18.130104
string24,ahash,1024,update,quick_cache,1,34.587058
string24,ahash,1024,update,lru,1,24.838599
string24,ahash,1024,update,hashlink,1,21.099236
string24,ahash,1024,update,micro,1,18.459576
string24,ahash,1024,update,quick_cache,2,35.214511
string24,ahash,1024,update,lru,2,24.505282
string24,ahash,1024,update,hashlink,2,21.515455
string24,ahash,1024,update,micro,2,18.406171
string24,ahash,1024,update,baseline,2,18.295532
string24,ahash,1024,update,lru,3,25.453353
string24,ahash,1024,update,hashlink,3,20.498766
string24,ahash,1024,update,micro,3,18.282447
string24,ahash,1024,update,baseline,3,18.434650
string24,ahash,1024,update,quick_cache,3,34.756747
string24,ahash,1024,update,hashlink,4,20.989597
string24,ahash,1024,update,micro,4,18.498993
string24,ahash,1024,update,baseline,4,18.121629
string24,ahash,1024,update,quick_cache,4,34.380371
string24,ahash,1024,update,lru,4,24.082497
string24,ahash,1024,insert-cycle,micro,0,42.241560
string24,ahash,1024,insert-cycle,baseline,0,42.750195
string24,ahash,1024,insert-cycle,quick_cache,0,28.373131
string24,ahash,1024,insert-cycle,lru,0,49.290641
string24,ahash,1024,insert-cycle,hashlink,0,43.895637
string24,ahash,1024,insert-cycle,baseline,1,43.068736
string24,ahash,1024,insert-cycle,quick_cache,1,28.957385
string24,ahash,1024,insert-cycle,lru,1,49.294027
string24,ahash,1024,insert-cycle,hashlink,1,43.250589
string24,ahash,1024,insert-cycle,micro,1,42.433956
string24,ahash,1024,insert-cycle,quick_cache,2,28.477990
string24,ahash,1024,insert-cycle,lru,2,50.393327
string24,ahash,1024,insert-cycle,hashlink,2,44.420040
string24,ahash,1024,insert-cycle,micro,2,43.109361
string24,ahash,1024,insert-cycle,baseline,2,43.165025
string24,ahash,1024,insert-cycle,lru,3,48.802530
string24,ahash,1024,insert-cycle,hashlink,3,43.653292
string24,ahash,1024,insert-cycle,micro,3,42.951311
string24,ahash,1024,insert-cycle,baseline,3,42.161928
string24,ahash,1024,insert-cycle,quick_cache,3,28.035488
string24,ahash,1024,insert-cycle,hashlink,4,42.969908
string24,ahash,1024,insert-cycle,micro,4,42.242146
string24,ahash,1024,insert-cycle,baseline,4,43.142880
string24,ahash,1024,insert-cycle,quick_cache,4,28.251840
string24,ahash,1024,insert-cycle,lru,4,50.030518
string24,ahash,1024,mixed-95,micro,0,10.539171
string24,ahash,1024,mixed-95,baseline,0,10.602532
string24,ahash,1024,mixed-95,quick_cache,0,14.568819
string24,ahash,1024,mixed-95,lru,0,12.067241
string24,ahash,1024,mixed-95,hashlink,0,11.160804
string24,ahash,1024,mixed-95,baseline,1,10.357893
string24,ahash,1024,mixed-95,quick_cache,1,14.382582
string24,ahash,1024,mixed-95,lru,1,12.315027
string24,ahash,1024,mixed-95,hashlink,1,10.905995
string24,ahash,1024,mixed-95,micro,1,10.581606
string24,ahash,1024,mixed-95,quick_cache,2,14.302570
string24,ahash,1024,mixed-95,lru,2,11.167584
string24,ahash,1024,mixed-95,hashlink,2,10.132384
string24,ahash,1024,mixed-95,micro,2,10.212084
string24,ahash,1024,mixed-95,baseline,2,10.222541
string24,ahash,1024,mixed-95,lru,3,11.507034
string24,ahash,1024,mixed-95,hashlink,3,10.405080
string24,ahash,1024,mixed-95,micro,3,10.464621
string24,ahash,1024,mixed-95,baseline,3,10.387278
string24,ahash,1024,mixed-95,quick_cache,3,14.285945
string24,ahash,1024,mixed-95,hashlink,4,10.501971
string24,ahash,1024,mixed-95,micro,4,9.956431
string24,ahash,1024,mixed-95,baseline,4,10.149843
string24,ahash,1024,mixed-95,quick_cache,4,13.960286
string24,ahash,1024,mixed-95,lru,4,11.685371
string24,ahash,1024,load-hit,micro,0,18.603009
string24,ahash,1024,load-hit,baseline,0,18.620050
string24,ahash,1024,load-hit,quick_cache,0,8.545867
string24,ahash,1024,load-hit,lru,0,8.721521
string24,ahash,1024,load-hit,hashlink,0,6.804572
string24,ahash,1024,load-hit,baseline,1,18.554938
string24,ahash,1024,load-hit,quick_cache,1,8.682725
string24,ahash,1024,load-hit,lru,1,8.737351
string24,ahash,1024,load-hit,hashlink,1,6.835280
string24,ahash,1024,load-hit,micro,1,19.277742
string24,ahash,1024,load-hit,quick_cache,2,8.965222
string24,ahash,1024,load-hit,lru,2,9.073272
string24,ahash,1024,load-hit,hashlink,2,7.045258
string24,ahash,1024,load-hit,micro,2,19.105786
string24,ahash,1024,load-hit,baseline,2,19.195813
string24,ahash,1024,load-hit,lru,3,9.029109
string24,ahash,1024,load-hit,hashlink,3,7.072350
string24,ahash,1024,load-hit,micro,3,19.069928
string24,ahash,1024,load-hit,baseline,3,19.111890
string24,ahash,1024,load-hit,quick_cache,3,8.951452
string24,ahash,1024,load-hit,hashlink,4,7.017700
string24,ahash,1024,load-hit,micro,4,18.719739
string24,ahash,1024,load-hit,baseline,4,18.487549
string24,ahash,1024,load-hit,quick_cache,4,8.807591
string24,ahash,1024,load-hit,lru,4,8.783854
string24,ahash,1024,load-cycle,micro,0,45.185739
string24,ahash,1024,load-cycle,baseline,0,43.261360
string24,ahash,1024,load-cycle,quick_cache,0,20.002481
string24,ahash,1024,load-cycle,lru,0,46.277374
string24,ahash,1024,load-cycle,hashlink,0,46.394348
string24,ahash,1024,load-cycle,baseline,1,42.804241
string24,ahash,1024,load-cycle,quick_cache,1,19.995889
string24,ahash,1024,load-cycle,lru,1,47.540480
string24,ahash,1024,load-cycle,hashlink,1,45.840576
string24,ahash,1024,load-cycle,micro,1,43.248794
string24,ahash,1024,load-cycle,quick_cache,2,20.045371
string24,ahash,1024,load-cycle,lru,2,45.293635
string24,ahash,1024,load-cycle,hashlink,2,44.990308
string24,ahash,1024,load-cycle,micro,2,43.099796
string24,ahash,1024,load-cycle,baseline,2,42.874581
string24,ahash,1024,load-cycle,lru,3,45.328155
string24,ahash,1024,load-cycle,hashlink,3,45.313980
string24,ahash,1024,load-cycle,micro,3,43.121338
string24,ahash,1024,load-cycle,baseline,3,43.572510
string24,ahash,1024,load-cycle,quick_cache,3,20.289310
string24,ahash,1024,load-cycle,hashlink,4,45.058742
string24,ahash,1024,load-cycle,micro,4,43.550968
string24,ahash,1024,load-cycle,baseline,4,43.149457
string24,ahash,1024,load-cycle,quick_cache,4,19.874367
string24,ahash,1024,load-cycle,lru,4,45.604359
string24,ahash,1024,clear-refill,micro,0,21262.619718
string24,ahash,1024,clear-refill,baseline,0,21046.622378
string24,ahash,1024,clear-refill,quick_cache,0,23079.198473
string24,ahash,1024,clear-refill,lru,0,51286.016949
string24,ahash,1024,clear-refill,hashlink,0,32446.236559
string24,ahash,1024,clear-refill,baseline,1,20912.326389
string24,ahash,1024,clear-refill,quick_cache,1,23321.387597
string24,ahash,1024,clear-refill,lru,1,52326.155172
string24,ahash,1024,clear-refill,hashlink,1,31428.385417
string24,ahash,1024,clear-refill,micro,1,21151.119718
string24,ahash,1024,clear-refill,quick_cache,2,22255.866667
string24,ahash,1024,clear-refill,lru,2,51117.220339
string24,ahash,1024,clear-refill,hashlink,2,32510.301075
string24,ahash,1024,clear-refill,micro,2,20973.673611
string24,ahash,1024,clear-refill,baseline,2,21044.000000
string24,ahash,1024,clear-refill,lru,3,52309.620690
string24,ahash,1024,clear-refill,hashlink,3,31183.855670
string24,ahash,1024,clear-refill,micro,3,21047.496503
string24,ahash,1024,clear-refill,baseline,3,21595.625899
string24,ahash,1024,clear-refill,quick_cache,3,22580.511278
string24,ahash,1024,clear-refill,hashlink,4,33544.911111
string24,ahash,1024,clear-refill,micro,4,21281.914894
string24,ahash,1024,clear-refill,baseline,4,21333.624113
string24,ahash,1024,clear-refill,quick_cache,4,22646.616541
string24,ahash,1024,clear-refill,lru,4,50730.550000
string24,ahash,1024,clear-empty,micro,0,47.707333
string24,ahash,1024,clear-empty,baseline,0,47.732470
string24,ahash,1024,clear-empty,quick_cache,0,3.903648
string24,ahash,1024,clear-empty,lru,0,2.198533
string24,ahash,1024,clear-empty,hashlink,0,0.609630
string24,ahash,1024,clear-empty,baseline,1,48.310378
string24,ahash,1024,clear-empty,quick_cache,1,3.959862
string24,ahash,1024,clear-empty,lru,1,2.183482
string24,ahash,1024,clear-empty,hashlink,1,0.605410
string24,ahash,1024,clear-empty,micro,1,47.201164
string24,ahash,1024,clear-empty,quick_cache,2,3.898078
string24,ahash,1024,clear-empty,lru,2,2.189254
string24,ahash,1024,clear-empty,hashlink,2,0.608720
string24,ahash,1024,clear-empty,micro,2,47.394137
string24,ahash,1024,clear-empty,baseline,2,47.277312
string24,ahash,1024,clear-empty,lru,3,2.186048
string24,ahash,1024,clear-empty,hashlink,3,0.606766
string24,ahash,1024,clear-empty,micro,3,46.997391
string24,ahash,1024,clear-empty,baseline,3,46.556579
string24,ahash,1024,clear-empty,quick_cache,3,3.959916
string24,ahash,1024,clear-empty,hashlink,4,0.609416
string24,ahash,1024,clear-empty,micro,4,47.581399
string24,ahash,1024,clear-empty,baseline,4,47.042969
string24,ahash,1024,clear-empty,quick_cache,4,3.959037
string24,ahash,1024,clear-empty,lru,4,2.204168
string24,ahash,1024,iter-dense,micro,0,273.062773
string24,ahash,1024,iter-dense,baseline,0,267.390759
string24,ahash,1024,iter-dense,quick_cache,0,248.818800
string24,ahash,1024,iter-dense,lru,0,1240.611020
string24,ahash,1024,iter-dense,hashlink,0,1249.297697
string24,ahash,1024,iter-dense,baseline,1,262.177025
string24,ahash,1024,iter-dense,quick_cache,1,244.706950
string24,ahash,1024,iter-dense,lru,1,1231.229708
string24,ahash,1024,iter-dense,hashlink,1,1232.650162
string24,ahash,1024,iter-dense,micro,1,262.177025
string24,ahash,1024,iter-dense,quick_cache,2,249.348986
string24,ahash,1024,iter-dense,lru,2,1242.650082
string24,ahash,1024,iter-dense,hashlink,2,1223.366477
string24,ahash,1024,iter-dense,micro,2,261.758705
string24,ahash,1024,iter-dense,baseline,2,264.678697
string24,ahash,1024,iter-dense,lru,3,1229.285308
string24,ahash,1024,iter-dense,hashlink,3,1237.390214
string24,ahash,1024,iter-dense,micro,3,259.197341
string24,ahash,1024,iter-dense,baseline,3,261.573642
string24,ahash,1024,iter-dense,quick_cache,3,256.154713
string24,ahash,1024,iter-dense,hashlink,4,1228.845373
string24,ahash,1024,iter-dense,micro,4,265.043874
string24,ahash,1024,iter-dense,baseline,4,268.236607
string24,ahash,1024,iter-dense,quick_cache,4,254.121528
string24,ahash,1024,iter-dense,lru,4,1262.135417
string24,ahash,1024,iter-dense-for,micro,0,261.165365
string24,ahash,1024,iter-dense-for,baseline,0,264.458627
string24,ahash,1024,iter-dense-for,quick_cache,0,492.801047
string24,ahash,1024,iter-dense-for,lru,0,731.316618
string24,ahash,1024,iter-dense-for,hashlink,0,869.032118
string24,ahash,1024,iter-dense-for,baseline,1,255.556029
string24,ahash,1024,iter-dense-for,quick_cache,1,262.311540
string24,ahash,1024,iter-dense-for,lru,1,734.487061
string24,ahash,1024,iter-dense-for,hashlink,1,880.415304
string24,ahash,1024,iter-dense-for,micro,1,259.521064
string24,ahash,1024,iter-dense-for,quick_cache,2,259.323204
string24,ahash,1024,iter-dense-for,lru,2,725.150240
string24,ahash,1024,iter-dense-for,hashlink,2,872.805845
string24,ahash,1024,iter-dense-for,micro,2,263.741397
string24,ahash,1024,iter-dense-for,baseline,2,264.026685
string24,ahash,1024,iter-dense-for,lru,3,728.894138
string24,ahash,1024,iter-dense-for,hashlink,3,870.973090
string24,ahash,1024,iter-dense-for,micro,3,262.926033
string24,ahash,1024,iter-dense-for,baseline,3,266.782848
string24,ahash,1024,iter-dense-for,quick_cache,3,261.232765
string24,ahash,1024,iter-dense-for,hashlink,4,876.180491
string24,ahash,1024,iter-dense-for,micro,4,263.254202
string24,ahash,1024,iter-dense-for,baseline,4,268.217946
string24,ahash,1024,iter-dense-for,quick_cache,4,262.286138
string24,ahash,1024,iter-dense-for,lru,4,773.544314
string24,ahash,1024,iter-density-1pct,micro,0,334.306495
string24,ahash,1024,iter-density-1pct,baseline,0,328.343531
string24,ahash,1024,iter-density-1pct,quick_cache,0,198.700146
string24,ahash,1024,iter-density-1pct,lru,0,4.204413
string24,ahash,1024,iter-density-1pct,hashlink,0,4.183517
string24,ahash,1024,iter-density-1pct,baseline,1,329.404167
string24,ahash,1024,iter-density-1pct,quick_cache,1,171.846383
string24,ahash,1024,iter-density-1pct,lru,1,4.219421
string24,ahash,1024,iter-density-1pct,hashlink,1,4.147244
string24,ahash,1024,iter-density-1pct,micro,1,330.123900
string24,ahash,1024,iter-density-1pct,quick_cache,2,172.612190
string24,ahash,1024,iter-density-1pct,lru,2,4.245347
string24,ahash,1024,iter-density-1pct,hashlink,2,4.150492
string24,ahash,1024,iter-density-1pct,micro,2,329.536732
string24,ahash,1024,iter-density-1pct,baseline,2,326.772975
string24,ahash,1024,iter-density-1pct,lru,3,4.242139
string24,ahash,1024,iter-density-1pct,hashlink,3,4.142606
string24,ahash,1024,iter-density-1pct,micro,3,330.252421
string24,ahash,1024,iter-density-1pct,baseline,3,325.796658
string24,ahash,1024,iter-density-1pct,quick_cache,3,170.520852
string24,ahash,1024,iter-density-1pct,hashlink,4,4.139428
string24,ahash,1024,iter-density-1pct,micro,4,331.164723
string24,ahash,1024,iter-density-1pct,baseline,4,326.682274
string24,ahash,1024,iter-density-1pct,quick_cache,4,171.395073
string24,ahash,1024,iter-density-1pct,lru,4,4.270098
string24,ahash,1024,iter-density-6pct,micro,0,298.020040
string24,ahash,1024,iter-density-6pct,baseline,0,295.757788
string24,ahash,1024,iter-density-6pct,quick_cache,0,175.190940
string24,ahash,1024,iter-density-6pct,lru,0,50.420733
string24,ahash,1024,iter-density-6pct,hashlink,0,48.400942
string24,ahash,1024,iter-density-6pct,baseline,1,286.287633
string24,ahash,1024,iter-density-6pct,quick_cache,1,174.772521
string24,ahash,1024,iter-density-6pct,lru,1,49.541072
string24,ahash,1024,iter-density-6pct,hashlink,1,49.411930
string24,ahash,1024,iter-density-6pct,micro,1,284.114583
string24,ahash,1024,iter-density-6pct,quick_cache,2,194.482208
string24,ahash,1024,iter-density-6pct,lru,2,55.819847
string24,ahash,1024,iter-density-6pct,hashlink,2,50.926167
string24,ahash,1024,iter-density-6pct,micro,2,293.310547
string24,ahash,1024,iter-density-6pct,baseline,2,279.703776
string24,ahash,1024,iter-density-6pct,lru,3,47.957960
string24,ahash,1024,iter-density-6pct,hashlink,3,48.992751
string24,ahash,1024,iter-density-6pct,micro,3,269.935345
string24,ahash,1024,iter-density-6pct,baseline,3,266.060287
string24,ahash,1024,iter-density-6pct,quick_cache,3,195.858886
string24,ahash,1024,iter-density-6pct,hashlink,4,48.619897
string24,ahash,1024,iter-density-6pct,micro,4,278.259458
string24,ahash,1024,iter-density-6pct,baseline,4,278.584013
string24,ahash,1024,iter-density-6pct,quick_cache,4,174.447665
string24,ahash,1024,iter-density-6pct,lru,4,48.348905
string24,ahash,1024,iter-density-quarter,micro,0,247.735900
string24,ahash,1024,iter-density-quarter,baseline,0,249.387051
string24,ahash,1024,iter-density-quarter,quick_cache,0,196.287722
string24,ahash,1024,iter-density-quarter,lru,0,298.757663
string24,ahash,1024,iter-density-quarter,hashlink,0,289.492477
string24,ahash,1024,iter-density-quarter,baseline,1,250.201417
string24,ahash,1024,iter-density-quarter,quick_cache,1,190.402637
string24,ahash,1024,iter-density-quarter,lru,1,288.223735
string24,ahash,1024,iter-density-quarter,hashlink,1,282.540380
string24,ahash,1024,iter-density-quarter,micro,1,248.040013
string24,ahash,1024,iter-density-quarter,quick_cache,2,189.793143
string24,ahash,1024,iter-density-quarter,lru,2,288.509615
string24,ahash,1024,iter-density-quarter,hashlink,2,284.734091
string24,ahash,1024,iter-density-quarter,micro,2,247.650066
string24,ahash,1024,iter-density-quarter,baseline,2,250.677083
string24,ahash,1024,iter-density-quarter,lru,3,286.267816
string24,ahash,1024,iter-density-quarter,hashlink,3,286.116902
string24,ahash,1024,iter-density-quarter,micro,3,247.931728
string24,ahash,1024,iter-density-quarter,baseline,3,248.374091
string24,ahash,1024,iter-density-quarter,quick_cache,3,191.228551
string24,ahash,1024,iter-density-quarter,hashlink,4,291.375582
string24,ahash,1024,iter-density-quarter,micro,4,247.155921
string24,ahash,1024,iter-density-quarter,baseline,4,248.853282
string24,ahash,1024,iter-density-quarter,quick_cache,4,190.162272
string24,ahash,1024,iter-density-quarter,lru,4,286.271723
string24,ahash,1024,iter-density-half,micro,0,254.590871
string24,ahash,1024,iter-density-half,baseline,0,255.485014
string24,ahash,1024,iter-density-half,quick_cache,0,194.604707
string24,ahash,1024,iter-density-half,lru,0,642.917166
string24,ahash,1024,iter-density-half,hashlink,0,625.607708
string24,ahash,1024,iter-density-half,baseline,1,241.015987
string24,ahash,1024,iter-density-half,quick_cache,1,190.802846
string24,ahash,1024,iter-density-half,lru,1,607.165726
string24,ahash,1024,iter-density-half,hashlink,1,596.675633
string24,ahash,1024,iter-density-half,micro,1,245.369615
string24,ahash,1024,iter-density-half,quick_cache,2,192.117203
string24,ahash,1024,iter-density-half,lru,2,602.914663
string24,ahash,1024,iter-density-half,hashlink,2,595.488726
string24,ahash,1024,iter-density-half,micro,2,250.929562
string24,ahash,1024,iter-density-half,baseline,2,254.110942
string24,ahash,1024,iter-density-half,lru,3,600.724920
string24,ahash,1024,iter-density-half,hashlink,3,600.268710
string24,ahash,1024,iter-density-half,micro,3,252.131636
string24,ahash,1024,iter-density-half,baseline,3,255.243716
string24,ahash,1024,iter-density-half,quick_cache,3,193.029835
string24,ahash,1024,iter-density-half,hashlink,4,604.550681
string24,ahash,1024,iter-density-half,micro,4,253.688091
string24,ahash,1024,iter-density-half,baseline,4,257.909083
string24,ahash,1024,iter-density-half,quick_cache,4,193.945829
string24,ahash,1024,iter-density-half,lru,4,605.628427
string24,ahash,1024,iter-front,micro,0,253.431166
string24,ahash,1024,iter-front,baseline,0,250.818098
string24,ahash,1024,iter-front,quick_cache,0,163.409190
string24,ahash,1024,iter-front,lru,0,1.206471
string24,ahash,1024,iter-front,hashlink,0,1.159741
string24,ahash,1024,iter-front,baseline,1,263.492626
string24,ahash,1024,iter-front,quick_cache,1,163.698953
string24,ahash,1024,iter-front,lru,1,1.210177
string24,ahash,1024,iter-front,hashlink,1,1.164987
string24,ahash,1024,iter-front,micro,1,256.421533
string24,ahash,1024,iter-front,quick_cache,2,164.663268
string24,ahash,1024,iter-front,lru,2,1.195212
string24,ahash,1024,iter-front,hashlink,2,1.151861
string24,ahash,1024,iter-front,micro,2,258.141569
string24,ahash,1024,iter-front,baseline,2,253.032345
string24,ahash,1024,iter-front,lru,3,1.192551
string24,ahash,1024,iter-front,hashlink,3,1.145808
string24,ahash,1024,iter-front,micro,3,260.767535
string24,ahash,1024,iter-front,baseline,3,249.840758
string24,ahash,1024,iter-front,quick_cache,3,163.317500
string24,ahash,1024,iter-front,hashlink,4,1.144521
string24,ahash,1024,iter-front,micro,4,256.077572
string24,ahash,1024,iter-front,baseline,4,250.066000
string24,ahash,1024,iter-front,quick_cache,4,162.258056
string24,ahash,1024,iter-front,lru,4,1.198696
string24,ahash,1024,iter-back,micro,0,301.056691
string24,ahash,1024,iter-back,baseline,0,293.339063
string24,ahash,1024,iter-back,quick_cache,0,162.708514
string24,ahash,1024,iter-back,lru,0,1.211647
string24,ahash,1024,iter-back,hashlink,0,1.142471
string24,ahash,1024,iter-back,baseline,1,305.561279
string24,ahash,1024,iter-back,quick_cache,1,167.251560
string24,ahash,1024,iter-back,lru,1,1.213168
string24,ahash,1024,iter-back,hashlink,1,1.170354
string24,ahash,1024,iter-back,micro,1,263.518258
string24,ahash,1024,iter-back,quick_cache,2,165.822383
string24,ahash,1024,iter-back,lru,2,1.193295
string24,ahash,1024,iter-back,hashlink,2,1.143516
string24,ahash,1024,iter-back,micro,2,261.290738
string24,ahash,1024,iter-back,baseline,2,259.352037
string24,ahash,1024,iter-back,lru,3,1.203173
string24,ahash,1024,iter-back,hashlink,3,1.144367
string24,ahash,1024,iter-back,micro,3,259.067766
string24,ahash,1024,iter-back,baseline,3,255.541809
string24,ahash,1024,iter-back,quick_cache,3,162.764920
string24,ahash,1024,iter-back,hashlink,4,1.153307
string24,ahash,1024,iter-back,micro,4,259.549810
string24,ahash,1024,iter-back,baseline,4,253.021816
string24,ahash,1024,iter-back,quick_cache,4,162.363971
string24,ahash,1024,iter-back,lru,4,1.197226
string24,ahash,1024,iter-empty,micro,0,257.437928
string24,ahash,1024,iter-empty,baseline,0,250.856451
string24,ahash,1024,iter-empty,quick_cache,0,161.950831
string24,ahash,1024,iter-empty,lru,0,0.977295
string24,ahash,1024,iter-empty,hashlink,0,0.994062
string24,ahash,1024,iter-empty,baseline,1,255.857629
string24,ahash,1024,iter-empty,quick_cache,1,165.231624
string24,ahash,1024,iter-empty,lru,1,0.996143
string24,ahash,1024,iter-empty,hashlink,1,1.015182
string24,ahash,1024,iter-empty,micro,1,258.091518
string24,ahash,1024,iter-empty,quick_cache,2,163.950994
string24,ahash,1024,iter-empty,lru,2,0.981860
string24,ahash,1024,iter-empty,hashlink,2,1.004274
string24,ahash,1024,iter-empty,micro,2,259.477814
string24,ahash,1024,iter-empty,baseline,2,253.874578
string24,ahash,1024,iter-empty,lru,3,0.982457
string24,ahash,1024,iter-empty,hashlink,3,1.009802
string24,ahash,1024,iter-empty,micro,3,265.422758
string24,ahash,1024,iter-empty,baseline,3,256.545936
string24,ahash,1024,iter-empty,quick_cache,3,161.995790
string24,ahash,1024,iter-empty,hashlink,4,1.001164
string24,ahash,1024,iter-empty,micro,4,257.455736
string24,ahash,1024,iter-empty,baseline,4,252.972709
string24,ahash,1024,iter-empty,quick_cache,4,163.558907
string24,ahash,1024,iter-empty,lru,4,0.980105
string24,ahash,1024,iter-count,micro,0,257.232252
string24,ahash,1024,iter-count,baseline,0,251.686420
string24,ahash,1024,iter-count,quick_cache,0,470.280000
string24,ahash,1024,iter-count,lru,0,0.392646
string24,ahash,1024,iter-count,hashlink,0,0.392008
string24,ahash,1024,iter-count,baseline,1,252.614528
string24,ahash,1024,iter-count,quick_cache,1,470.963594
string24,ahash,1024,iter-count,lru,1,0.392562
string24,ahash,1024,iter-count,hashlink,1,0.394337
string24,ahash,1024,iter-count,micro,1,262.492795
string24,ahash,1024,iter-count,quick_cache,2,473.860781
string24,ahash,1024,iter-count,lru,2,0.394557
string24,ahash,1024,iter-count,hashlink,2,0.394557
string24,ahash,1024,iter-count,micro,2,255.424168
string24,ahash,1024,iter-count,baseline,2,254.183344
string24,ahash,1024,iter-count,lru,3,0.392870
string24,ahash,1024,iter-count,hashlink,3,0.391087
string24,ahash,1024,iter-count,micro,3,253.743517
string24,ahash,1024,iter-count,baseline,3,251.863115
string24,ahash,1024,iter-count,quick_cache,3,473.281250
string24,ahash,1024,iter-count,hashlink,4,0.391800
string24,ahash,1024,iter-count,micro,4,250.304771
string24,ahash,1024,iter-count,baseline,4,250.193900
string24,ahash,1024,iter-count,quick_cache,4,470.162812
string24,ahash,1024,iter-count,lru,4,0.392981
string24,ahash,16384,get-hit,micro,0,10.293325
string24,ahash,16384,get-hit,baseline,0,10.377391
string24,ahash,16384,get-hit,quick_cache,0,10.768199
string24,ahash,16384,get-hit,lru,0,11.511803
string24,ahash,16384,get-hit,hashlink,0,10.752068
string24,ahash,16384,get-hit,baseline,1,10.271142
string24,ahash,16384,get-hit,quick_cache,1,10.595703
string24,ahash,16384,get-hit,lru,1,11.685528
string24,ahash,16384,get-hit,hashlink,1,11.487484
string24,ahash,16384,get-hit,micro,1,10.450857
string24,ahash,16384,get-hit,quick_cache,2,10.755266
string24,ahash,16384,get-hit,lru,2,11.499249
string24,ahash,16384,get-hit,hashlink,2,11.219985
string24,ahash,16384,get-hit,micro,2,10.329213
string24,ahash,16384,get-hit,baseline,2,10.311412
string24,ahash,16384,get-hit,lru,3,11.459511
string24,ahash,16384,get-hit,hashlink,3,11.219678
string24,ahash,16384,get-hit,micro,3,10.334300
string24,ahash,16384,get-hit,baseline,3,10.323561
string24,ahash,16384,get-hit,quick_cache,3,10.706292
string24,ahash,16384,get-hit,hashlink,4,11.239102
string24,ahash,16384,get-hit,micro,4,10.442240
string24,ahash,16384,get-hit,baseline,4,10.372019
string24,ahash,16384,get-hit,quick_cache,4,10.703676
string24,ahash,16384,get-hit,lru,4,11.392767
string24,ahash,16384,get-miss,micro,0,5.776644
string24,ahash,16384,get-miss,baseline,0,5.906523
string24,ahash,16384,get-miss,quick_cache,0,5.793411
string24,ahash,16384,get-miss,lru,0,5.965858
string24,ahash,16384,get-miss,hashlink,0,5.733013
string24,ahash,16384,get-miss,baseline,1,5.907776
string24,ahash,16384,get-miss,quick_cache,1,6.082588
string24,ahash,16384,get-miss,lru,1,5.860989
string24,ahash,16384,get-miss,hashlink,1,5.859536
string24,ahash,16384,get-miss,micro,1,5.990797
string24,ahash,16384,get-miss,quick_cache,2,6.031140
string24,ahash,16384,get-miss,lru,2,5.854207
string24,ahash,16384,get-miss,hashlink,2,5.799612
string24,ahash,16384,get-miss,micro,2,5.915323
string24,ahash,16384,get-miss,baseline,2,6.039561
string24,ahash,16384,get-miss,lru,3,5.844682
string24,ahash,16384,get-miss,hashlink,3,5.783398
string24,ahash,16384,get-miss,micro,3,5.938786
string24,ahash,16384,get-miss,baseline,3,5.993259
string24,ahash,16384,get-miss,quick_cache,3,5.996212
string24,ahash,16384,get-miss,hashlink,4,5.878670
string24,ahash,16384,get-miss,micro,4,5.991945
string24,ahash,16384,get-miss,baseline,4,6.015549
string24,ahash,16384,get-miss,quick_cache,4,6.004709
string24,ahash,16384,get-miss,lru,4,5.934112
string24,ahash,16384,update,micro,0,26.379543
string24,ahash,16384,update,baseline,0,26.053540
string24,ahash,16384,update,quick_cache,0,65.586528
string24,ahash,16384,update,lru,0,34.047907
string24,ahash,16384,update,hashlink,0,29.239755
string24,ahash,16384,update,baseline,1,26.075911
string24,ahash,16384,update,quick_cache,1,67.429443
string24,ahash,16384,update,lru,1,33.220510
string24,ahash,16384,update,hashlink,1,29.147808
string24,ahash,16384,update,micro,1,25.910775
string24,ahash,16384,update,quick_cache,2,69.324910
string24,ahash,16384,update,lru,2,33.241699
string24,ahash,16384,update,hashlink,2,29.466290
string24,ahash,16384,update,micro,2,25.796175
string24,ahash,16384,update,baseline,2,25.705290
string24,ahash,16384,update,lru,3,33.451427
string24,ahash,16384,update,hashlink,3,26.075236
string24,ahash,16384,update,micro,3,23.287140
string24,ahash,16384,update,baseline,3,23.428917
string24,ahash,16384,update,quick_cache,3,66.424906
string24,ahash,16384,update,hashlink,4,27.894889
string24,ahash,16384,update,micro,4,23.737274
string24,ahash,16384,update,baseline,4,23.983315
string24,ahash,16384,update,quick_cache,4,68.383972
string24,ahash,16384,update,lru,4,32.075673
string24,ahash,16384,insert-cycle,micro,0,45.493652
string24,ahash,16384,insert-cycle,baseline,0,46.015411
string24,ahash,16384,insert-cycle,quick_cache,0,35.525004
string24,ahash,16384,insert-cycle,lru,0,54.101944
string24,ahash,16384,insert-cycle,hashlink,0,51.488876
string24,ahash,16384,insert-cycle,baseline,1,45.749664
string24,ahash,16384,insert-cycle,quick_cache,1,36.318461
string24,ahash,16384,insert-cycle,lru,1,54.119736
string24,ahash,16384,insert-cycle,hashlink,1,51.634460
string24,ahash,16384,insert-cycle,micro,1,45.525441
string24,ahash,16384,insert-cycle,quick_cache,2,36.348134
string24,ahash,16384,insert-cycle,lru,2,55.264160
string24,ahash,16384,insert-cycle,hashlink,2,52.288696
string24,ahash,16384,insert-cycle,micro,2,45.862198
string24,ahash,16384,insert-cycle,baseline,2,46.091721
string24,ahash,16384,insert-cycle,lru,3,53.983047
string24,ahash,16384,insert-cycle,hashlink,3,51.655457
string24,ahash,16384,insert-cycle,micro,3,45.690328
string24,ahash,16384,insert-cycle,baseline,3,46.255112
string24,ahash,16384,insert-cycle,quick_cache,3,35.816193
string24,ahash,16384,insert-cycle,hashlink,4,51.025391
string24,ahash,16384,insert-cycle,micro,4,45.927684
string24,ahash,16384,insert-cycle,baseline,4,45.953125
string24,ahash,16384,insert-cycle,quick_cache,4,35.343587
string24,ahash,16384,insert-cycle,lru,4,54.031372
string24,ahash,16384,mixed-95,micro,0,12.630546
string24,ahash,16384,mixed-95,baseline,0,12.677246
string24,ahash,16384,mixed-95,quick_cache,0,13.394854
string24,ahash,16384,mixed-95,lru,0,13.444990
string24,ahash,16384,mixed-95,hashlink,0,13.019784
string24,ahash,16384,mixed-95,baseline,1,12.671281
string24,ahash,16384,mixed-95,quick_cache,1,13.311659
string24,ahash,16384,mixed-95,lru,1,13.502938
string24,ahash,16384,mixed-95,hashlink,1,13.255894
string24,ahash,16384,mixed-95,micro,1,12.622750
string24,ahash,16384,mixed-95,quick_cache,2,13.337817
string24,ahash,16384,mixed-95,lru,2,13.765313
string24,ahash,16384,mixed-95,hashlink,2,12.930508
string24,ahash,16384,mixed-95,micro,2,12.478467
string24,ahash,16384,mixed-95,baseline,2,12.537130
string24,ahash,16384,mixed-95,lru,3,13.664153
string24,ahash,16384,mixed-95,hashlink,3,13.387224
string24,ahash,16384,mixed-95,micro,3,12.599862
string24,ahash,16384,mixed-95,baseline,3,12.465076
string24,ahash,16384,mixed-95,quick_cache,3,13.255707
string24,ahash,16384,mixed-95,hashlink,4,12.921210
string24,ahash,16384,mixed-95,micro,4,12.602743
string24,ahash,16384,mixed-95,baseline,4,12.122208
string24,ahash,16384,mixed-95,quick_cache,4,13.324916
string24,ahash,16384,mixed-95,lru,4,13.799976
string24,ahash,16384,load-hit,micro,0,24.640234
string24,ahash,16384,load-hit,baseline,0,24.270378
string24,ahash,16384,load-hit,quick_cache,0,12.647502
string24,ahash,16384,load-hit,lru,0,11.177757
string24,ahash,16384,load-hit,hashlink,0,9.910516
string24,ahash,16384,load-hit,baseline,1,24.186768
string24,ahash,16384,load-hit,quick_cache,1,12.188819
string24,ahash,16384,load-hit,lru,1,11.649132
string24,ahash,16384,load-hit,hashlink,1,10.110942
string24,ahash,16384,load-hit,micro,1,23.999214
string24,ahash,16384,load-hit,quick_cache,2,12.282987
string24,ahash,16384,load-hit,lru,2,11.594456
string24,ahash,16384,load-hit,hashlink,2,10.112866
string24,ahash,16384,load-hit,micro,2,24.160072
string24,ahash,16384,load-hit,baseline,2,23.796394
string24,ahash,16384,load-hit,lru,3,11.573792
string24,ahash,16384,load-hit,hashlink,3,10.267188
string24,ahash,16384,load-hit,micro,3,23.830093
string24,ahash,16384,load-hit,baseline,3,24.541219
string24,ahash,16384,load-hit,quick_cache,3,12.505253
string24,ahash,16384,load-hit,hashlink,4,10.354784
string24,ahash,16384,load-hit,micro,4,24.379730
string24,ahash,16384,load-hit,baseline,4,24.289131
string24,ahash,16384,load-hit,quick_cache,4,12.389795
string24,ahash,16384,load-hit,lru,4,11.644363
string24,ahash,16384,load-cycle,micro,0,46.039581
string24,ahash,16384,load-cycle,baseline,0,46.676636
string24,ahash,16384,load-cycle,quick_cache,0,23.567833
string24,ahash,16384,load-cycle,lru,0,53.330734
string24,ahash,16384,load-cycle,hashlink,0,52.766800
string24,ahash,16384,load-cycle,baseline,1,45.939133
string24,ahash,16384,load-cycle,quick_cache,1,23.682907
string24,ahash,16384,load-cycle,lru,1,53.288773
string24,ahash,16384,load-cycle,hashlink,1,52.583054
string24,ahash,16384,load-cycle,micro,1,46.342850
string24,ahash,16384,load-cycle,quick_cache,2,23.545265
string24,ahash,16384,load-cycle,lru,2,53.932831
string24,ahash,16384,load-cycle,hashlink,2,53.284317
string24,ahash,16384,load-cycle,micro,2,46.641663
string24,ahash,16384,load-cycle,baseline,2,46.913788
string24,ahash,16384,load-cycle,lru,3,52.885681
string24,ahash,16384,load-cycle,hashlink,3,53.269699
string24,ahash,16384,load-cycle,micro,3,46.130493
string24,ahash,16384,load-cycle,baseline,3,46.323135
string24,ahash,16384,load-cycle,quick_cache,3,23.499809
string24,ahash,16384,load-cycle,hashlink,4,52.359268
string24,ahash,16384,load-cycle,micro,4,46.598434
string24,ahash,16384,load-cycle,baseline,4,46.045303
string24,ahash,16384,load-cycle,quick_cache,4,23.792908
string24,ahash,16384,load-cycle,lru,4,54.975510
string24,ahash,16384,clear-refill,micro,0,373004.666667
string24,ahash,16384,clear-refill,baseline,0,370583.333333
string24,ahash,16384,clear-refill,quick_cache,0,480208.285714
string24,ahash,16384,clear-refill,lru,0,888531.250000
string24,ahash,16384,clear-refill,hashlink,0,571145.833333
string24,ahash,16384,clear-refill,baseline,1,365865.666667
string24,ahash,16384,clear-refill,quick_cache,1,475077.285714
string24,ahash,16384,clear-refill,lru,1,890698.000000
string24,ahash,16384,clear-refill,hashlink,1,536798.500000
string24,ahash,16384,clear-refill,micro,1,367370.333333
string24,ahash,16384,clear-refill,quick_cache,2,457857.142857
string24,ahash,16384,clear-refill,lru,2,868364.750000
string24,ahash,16384,clear-refill,hashlink,2,540479.166667
string24,ahash,16384,clear-refill,micro,2,362018.555556
string24,ahash,16384,clear-refill,baseline,2,357463.000000
string24,ahash,16384,clear-refill,lru,3,880833.500000
string24,ahash,16384,clear-refill,hashlink,3,551007.000000
string24,ahash,16384,clear-refill,micro,3,371578.666667
string24,ahash,16384,clear-refill,baseline,3,360763.888889
string24,ahash,16384,clear-refill,quick_cache,3,456565.571429
string24,ahash,16384,clear-refill,hashlink,4,549291.666667
string24,ahash,16384,clear-refill,micro,4,367490.777778
string24,ahash,16384,clear-refill,baseline,4,372069.444444
string24,ahash,16384,clear-refill,quick_cache,4,461172.571429
string24,ahash,16384,clear-refill,lru,4,891812.500000
string24,ahash,16384,clear-empty,micro,0,309.193462
string24,ahash,16384,clear-empty,baseline,0,315.288343
string24,ahash,16384,clear-empty,quick_cache,0,3.882529
string24,ahash,16384,clear-empty,lru,0,2.180941
string24,ahash,16384,clear-empty,hashlink,0,0.603841
string24,ahash,16384,clear-empty,baseline,1,312.380037
string24,ahash,16384,clear-empty,quick_cache,1,3.891281
string24,ahash,16384,clear-empty,lru,1,2.174569
string24,ahash,16384,clear-empty,hashlink,1,0.629136
string24,ahash,16384,clear-empty,micro,1,477.858125
string24,ahash,16384,clear-empty,quick_cache,2,3.691918
string24,ahash,16384,clear-empty,lru,2,2.149441
string24,ahash,16384,clear-empty,hashlink,2,0.599740
string24,ahash,16384,clear-empty,micro,2,311.686266
string24,ahash,16384,clear-empty,baseline,2,314.984272
string24,ahash,16384,clear-empty,lru,3,2.177265
string24,ahash,16384,clear-empty,hashlink,3,0.606946
string24,ahash,16384,clear-empty,micro,3,318.570524
string24,ahash,16384,clear-empty,baseline,3,318.187817
string24,ahash,16384,clear-empty,quick_cache,3,3.988267
string24,ahash,16384,clear-empty,hashlink,4,0.615215
string24,ahash,16384,clear-empty,micro,4,321.522276
string24,ahash,16384,clear-empty,baseline,4,319.371199
string24,ahash,16384,clear-empty,quick_cache,4,3.942711
string24,ahash,16384,clear-empty,lru,4,2.208322
string24,ahash,16384,iter-dense,micro,0,6156.005859
string24,ahash,16384,iter-dense,baseline,0,6084.310547
string24,ahash,16384,iter-dense,quick_cache,0,6930.060268
string24,ahash,16384,iter-dense,lru,0,23485.023438
string24,ahash,16384,iter-dense,hashlink,0,24931.640625
string24,ahash,16384,iter-dense,baseline,1,6032.146484
string24,ahash,16384,iter-dense,quick_cache,1,6933.035714
string24,ahash,16384,iter-dense,lru,1,23517.257812
string24,ahash,16384,iter-dense,hashlink,1,25368.484375
string24,ahash,16384,iter-dense,micro,1,6025.066406
string24,ahash,16384,iter-dense,quick_cache,2,6938.522321
string24,ahash,16384,iter-dense,lru,2,23329.687500
string24,ahash,16384,iter-dense,hashlink,2,25338.539062
string24,ahash,16384,iter-dense,micro,2,6166.339844
string24,ahash,16384,iter-dense,baseline,2,6874.720982
string24,ahash,16384,iter-dense,lru,3,25751.304688
string24,ahash,16384,iter-dense,hashlink,3,24213.867188
string24,ahash,16384,iter-dense,micro,3,5765.242647
string24,ahash,16384,iter-dense,baseline,3,5933.513672
string24,ahash,16384,iter-dense,quick_cache,3,6825.055804
string24,ahash,16384,iter-dense,hashlink,4,23100.781250
string24,ahash,16384,iter-dense,micro,4,5999.429688
string24,ahash,16384,iter-dense,baseline,4,6075.519531
string24,ahash,16384,iter-dense,quick_cache,4,6915.457589
string24,ahash,16384,iter-dense,lru,4,25471.359375
string24,ahash,16384,iter-dense-for,micro,0,6049.152344
string24,ahash,16384,iter-dense-for,baseline,0,6077.472656
string24,ahash,16384,iter-dense-for,quick_cache,0,8034.721354
string24,ahash,16384,iter-dense-for,lru,0,19381.250000
string24,ahash,16384,iter-dense-for,hashlink,0,24535.156250
string24,ahash,16384,iter-dense-for,baseline,1,5862.222656
string24,ahash,16384,iter-dense-for,quick_cache,1,7835.395833
string24,ahash,16384,iter-dense-for,lru,1,25093.750000
string24,ahash,16384,iter-dense-for,hashlink,1,24985.031250
string24,ahash,16384,iter-dense-for,micro,1,6058.105469
string24,ahash,16384,iter-dense-for,quick_cache,2,7120.162946
string24,ahash,16384,iter-dense-for,lru,2,24435.226562
string24,ahash,16384,iter-dense-for,hashlink,2,24765.625000
string24,ahash,16384,iter-dense-for,micro,2,6011.880859
string24,ahash,16384,iter-dense-for,baseline,2,6036.050781
string24,ahash,16384,iter-dense-for,lru,3,24033.203125
string24,ahash,16384,iter-dense-for,hashlink,3,24808.921875
string24,ahash,16384,iter-dense-for,micro,3,5989.177734
string24,ahash,16384,iter-dense-for,baseline,3,6038.410156
string24,ahash,16384,iter-dense-for,quick_cache,3,7004.930804
string24,ahash,16384,iter-dense-for,hashlink,4,26471.031250
string24,ahash,16384,iter-dense-for,micro,4,6010.253906
string24,ahash,16384,iter-dense-for,baseline,4,6021.484375
string24,ahash,16384,iter-dense-for,quick_cache,4,8001.408854
string24,ahash,16384,iter-dense-for,lru,4,19932.293750
string24,ahash,16384,iter-density-1pct,micro,0,6392.535417
string24,ahash,16384,iter-density-1pct,baseline,0,6454.947917
string24,ahash,16384,iter-density-1pct,quick_cache,0,6839.752232
string24,ahash,16384,iter-density-1pct,lru,0,177.630800
string24,ahash,16384,iter-density-1pct,hashlink,0,190.720846
string24,ahash,16384,iter-density-1pct,baseline,1,6295.658333
string24,ahash,16384,iter-density-1pct,quick_cache,1,6810.919643
string24,ahash,16384,iter-density-1pct,lru,1,173.186693
string24,ahash,16384,iter-density-1pct,hashlink,1,172.336972
string24,ahash,16384,iter-density-1pct,micro,1,6394.358333
string24,ahash,16384,iter-density-1pct,quick_cache,2,6773.901786
string24,ahash,16384,iter-density-1pct,lru,2,174.726490
string24,ahash,16384,iter-density-1pct,hashlink,2,174.707111
string24,ahash,16384,iter-density-1pct,micro,2,6362.935417
string24,ahash,16384,iter-density-1pct,baseline,2,6357.637500
string24,ahash,16384,iter-density-1pct,lru,3,175.489194
string24,ahash,16384,iter-density-1pct,hashlink,3,174.859870
string24,ahash,16384,iter-density-1pct,micro,3,6341.752083
string24,ahash,16384,iter-density-1pct,baseline,3,6355.814583
string24,ahash,16384,iter-density-1pct,quick_cache,3,6756.604911
string24,ahash,16384,iter-density-1pct,hashlink,4,174.503369
string24,ahash,16384,iter-density-1pct,micro,4,6368.316667
string24,ahash,16384,iter-density-1pct,baseline,4,6637.585417
string24,ahash,16384,iter-density-1pct,quick_cache,4,6743.212054
string24,ahash,16384,iter-density-1pct,lru,4,182.742583
string24,ahash,16384,iter-density-6pct,micro,0,5620.020221
string24,ahash,16384,iter-density-6pct,baseline,0,5600.873162
string24,ahash,16384,iter-density-6pct,quick_cache,0,6368.662500
string24,ahash,16384,iter-density-6pct,lru,0,1270.586993
string24,ahash,16384,iter-density-6pct,hashlink,0,1248.509457
string24,ahash,16384,iter-density-6pct,baseline,1,5468.821181
string24,ahash,16384,iter-density-6pct,quick_cache,1,6376.997917
string24,ahash,16384,iter-density-6pct,lru,1,1263.958333
string24,ahash,16384,iter-density-6pct,hashlink,1,1244.654605
string24,ahash,16384,iter-density-6pct,micro,1,5573.224265
string24,ahash,16384,iter-density-6pct,quick_cache,2,6404.514583
string24,ahash,16384,iter-density-6pct,lru,2,1268.158784
string24,ahash,16384,iter-density-6pct,hashlink,2,1249.211760
string24,ahash,16384,iter-density-6pct,micro,2,5467.809028
string24,ahash,16384,iter-density-6pct,baseline,2,5607.766544
string24,ahash,16384,iter-density-6pct,lru,3,1304.506510
string24,ahash,16384,iter-density-6pct,hashlink,3,1243.575247
string24,ahash,16384,iter-density-6pct,micro,3,5671.490809
string24,ahash,16384,iter-density-6pct,baseline,3,5598.422794
string24,ahash,16384,iter-density-6pct,quick_cache,3,6447.916667
string24,ahash,16384,iter-density-6pct,hashlink,4,1279.648649
string24,ahash,16384,iter-density-6pct,micro,4,5557.827206
string24,ahash,16384,iter-density-6pct,baseline,4,5530.023897
string24,ahash,16384,iter-density-6pct,quick_cache,4,6562.847917
string24,ahash,16384,iter-density-6pct,lru,4,1268.493243
string24,ahash,16384,iter-density-quarter,micro,0,5745.097426
string24,ahash,16384,iter-density-quarter,baseline,0,5829.198529
string24,ahash,16384,iter-density-quarter,quick_cache,0,6698.697917
string24,ahash,16384,iter-density-quarter,lru,0,13254.558594
string24,ahash,16384,iter-density-quarter,hashlink,0,9658.593750
string24,ahash,16384,iter-density-quarter,baseline,1,5804.994485
string24,ahash,16384,iter-density-quarter,quick_cache,1,6881.511161
string24,ahash,16384,iter-density-quarter,lru,1,12119.628906
string24,ahash,16384,iter-density-quarter,hashlink,1,9599.609375
string24,ahash,16384,iter-density-quarter,micro,1,5752.373162
string24,ahash,16384,iter-density-quarter,quick_cache,2,6806.082589
string24,ahash,16384,iter-density-quarter,lru,2,13094.726562
string24,ahash,16384,iter-density-quarter,hashlink,2,9667.187500
string24,ahash,16384,iter-density-quarter,micro,2,5838.465074
string24,ahash,16384,iter-density-quarter,baseline,2,5769.606618
string24,ahash,16384,iter-density-quarter,lru,3,12160.484375
string24,ahash,16384,iter-density-quarter,hashlink,3,9114.227273
string24,ahash,16384,iter-density-quarter,micro,3,5527.113971
string24,ahash,16384,iter-density-quarter,baseline,3,5629.213235
string24,ahash,16384,iter-density-quarter,quick_cache,3,6534.114583
string24,ahash,16384,iter-density-quarter,hashlink,4,9119.553977
string24,ahash,16384,iter-density-quarter,micro,4,6124.917969
string24,ahash,16384,iter-density-quarter,baseline,4,5690.027574
string24,ahash,16384,iter-density-quarter,quick_cache,4,6732.142857
string24,ahash,16384,iter-density-quarter,lru,4,10079.034375
string24,ahash,16384,iter-density-half,micro,0,5655.025735
string24,ahash,16384,iter-density-half,baseline,0,5748.009191
string24,ahash,16384,iter-density-half,quick_cache,0,6688.368750
string24,ahash,16384,iter-density-half,lru,0,17780.598958
string24,ahash,16384,iter-density-half,hashlink,0,13344.398438
string24,ahash,16384,iter-density-half,baseline,1,5940.265625
string24,ahash,16384,iter-density-half,quick_cache,1,6970.238839
string24,ahash,16384,iter-density-half,lru,1,18314.015625
string24,ahash,16384,iter-density-half,hashlink,1,13455.727679
string24,ahash,16384,iter-density-half,micro,1,5896.728516
string24,ahash,16384,iter-density-half,quick_cache,2,6714.100446
string24,ahash,16384,iter-density-half,lru,2,17701.822917
string24,ahash,16384,iter-density-half,hashlink,2,13470.424107
string24,ahash,16384,iter-density-half,micro,2,5874.673828
string24,ahash,16384,iter-density-half,baseline,2,5909.585938
string24,ahash,16384,iter-density-half,lru,3,18157.119792
string24,ahash,16384,iter-density-half,hashlink,3,13401.040179
string24,ahash,16384,iter-density-half,micro,3,5860.025391
string24,ahash,16384,iter-density-half,baseline,3,5874.593750
string24,ahash,16384,iter-density-half,quick_cache,3,6827.566964
string24,ahash,16384,iter-density-half,hashlink,4,16166.015625
string24,ahash,16384,iter-density-half,micro,4,5877.115234
string24,ahash,16384,iter-density-half,baseline,4,5903.564453
string24,ahash,16384,iter-density-half,quick_cache,4,6756.696429
string24,ahash,16384,iter-density-half,lru,4,13772.508929
string24,ahash,16384,iter-front,micro,0,5662.071691
string24,ahash,16384,iter-front,baseline,0,5522.859375
string24,ahash,16384,iter-front,quick_cache,0,6700.613839
string24,ahash,16384,iter-front,lru,0,1.213294
string24,ahash,16384,iter-front,hashlink,0,1.180017
string24,ahash,16384,iter-front,baseline,1,5307.796875
string24,ahash,16384,iter-front,quick_cache,1,6811.011161
string24,ahash,16384,iter-front,lru,1,1.215055
string24,ahash,16384,iter-front,hashlink,1,1.145850
string24,ahash,16384,iter-front,micro,1,5339.553819
string24,ahash,16384,iter-front,quick_cache,2,6711.216518
string24,ahash,16384,iter-front,lru,2,1.201969
string24,ahash,16384,iter-front,hashlink,2,1.183070
string24,ahash,16384,iter-front,micro,2,5301.432292
string24,ahash,16384,iter-front,baseline,2,5564.338235
string24,ahash,16384,iter-front,lru,3,1.198972
string24,ahash,16384,iter-front,hashlink,3,1.142902
string24,ahash,16384,iter-front,micro,3,5353.371528
string24,ahash,16384,iter-front,baseline,3,5362.991319
string24,ahash,16384,iter-front,quick_cache,3,6830.823661
string24,ahash,16384,iter-front,hashlink,4,1.166625
string24,ahash,16384,iter-front,micro,4,5614.354779
string24,ahash,16384,iter-front,baseline,4,5433.883681
string24,ahash,16384,iter-front,quick_cache,4,6655.902083
string24,ahash,16384,iter-front,lru,4,1.223747
string24,ahash,16384,iter-back,micro,0,5611.213235
string24,ahash,16384,iter-back,baseline,0,5321.397569
string24,ahash,16384,iter-back,quick_cache,0,6854.723214
string24,ahash,16384,iter-back,lru,0,1.185269
string24,ahash,16384,iter-back,hashlink,0,1.183070
string24,ahash,16384,iter-back,baseline,1,5352.430556
string24,ahash,16384,iter-back,quick_cache,1,6746.372768
string24,ahash,16384,iter-back,lru,1,1.185913
string24,ahash,16384,iter-back,hashlink,1,1.147266
string24,ahash,16384,iter-back,micro,1,5502.387153
string24,ahash,16384,iter-back,quick_cache,2,6711.031250
string24,ahash,16384,iter-back,lru,2,1.185403
string24,ahash,16384,iter-back,hashlink,2,1.180285
string24,ahash,16384,iter-back,micro,2,5487.774306
string24,ahash,16384,iter-back,baseline,2,5450.086806
string24,ahash,16384,iter-back,lru,3,1.208414
string24,ahash,16384,iter-back,hashlink,3,1.150519
string24,ahash,16384,iter-back,micro,3,5663.755515
string24,ahash,16384,iter-back,baseline,3,5561.351103
string24,ahash,16384,iter-back,quick_cache,3,6807.104911
string24,ahash,16384,iter-back,hashlink,4,1.211037
string24,ahash,16384,iter-back,micro,4,5590.533088
string24,ahash,16384,iter-back,baseline,4,5313.223958
string24,ahash,16384,iter-back,quick_cache,4,6766.183036
string24,ahash,16384,iter-back,lru,4,1.199202
string24,ahash,16384,iter-empty,micro,0,5422.597222
string24,ahash,16384,iter-empty,baseline,0,5441.840278
string24,ahash,16384,iter-empty,quick_cache,0,6714.006696
string24,ahash,16384,iter-empty,lru,0,0.977652
string24,ahash,16384,iter-empty,hashlink,0,0.942817
string24,ahash,16384,iter-empty,baseline,1,5281.611111
string24,ahash,16384,iter-empty,quick_cache,1,6422.220833
string24,ahash,16384,iter-empty,lru,1,0.963594
string24,ahash,16384,iter-empty,hashlink,1,0.995107
string24,ahash,16384,iter-empty,micro,1,7061.941964
string24,ahash,16384,iter-empty,quick_cache,2,7115.886161
string24,ahash,16384,iter-empty,lru,2,2.507469
string24,ahash,16384,iter-empty,hashlink,2,0.969473
string24,ahash,16384,iter-empty,micro,2,5340.928819
string24,ahash,16384,iter-empty,baseline,2,5282.479167
string24,ahash,16384,iter-empty,lru,3,0.973136
string24,ahash,16384,iter-empty,hashlink,3,0.981439
string24,ahash,16384,iter-empty,micro,3,5061.129934
string24,ahash,16384,iter-empty,baseline,3,5418.473958
string24,ahash,16384,iter-empty,quick_cache,3,6436.718750
string24,ahash,16384,iter-empty,hashlink,4,0.975171
string24,ahash,16384,iter-empty,micro,4,5079.700658
string24,ahash,16384,iter-empty,baseline,4,5049.822368
string24,ahash,16384,iter-empty,quick_cache,4,6549.914583
string24,ahash,16384,iter-empty,lru,4,0.956896
string24,ahash,16384,iter-count,micro,0,5238.444010
string24,ahash,16384,iter-count,baseline,0,5242.458333
string24,ahash,16384,iter-count,quick_cache,0,7718.505859
string24,ahash,16384,iter-count,lru,0,0.397418
string24,ahash,16384,iter-count,hashlink,0,0.390807
string24,ahash,16384,iter-count,baseline,1,5439.398438
string24,ahash,16384,iter-count,quick_cache,1,7740.478516
string24,ahash,16384,iter-count,lru,1,0.391053
string24,ahash,16384,iter-count,hashlink,1,0.390852
string24,ahash,16384,iter-count,micro,1,5266.384115
string24,ahash,16384,iter-count,quick_cache,2,8749.837891
string24,ahash,16384,iter-count,lru,2,0.502268
string24,ahash,16384,iter-count,hashlink,2,0.671522
string24,ahash,16384,iter-count,micro,2,5174.804688
string24,ahash,16384,iter-count,baseline,2,5044.921875
string24,ahash,16384,iter-count,lru,3,0.385864
string24,ahash,16384,iter-count,hashlink,3,0.394954
string24,ahash,16384,iter-count,micro,3,5537.164062
string24,ahash,16384,iter-count,baseline,3,5662.705729
string24,ahash,16384,iter-count,quick_cache,3,8368.001953
string24,ahash,16384,iter-count,hashlink,4,0.387256
string24,ahash,16384,iter-count,micro,4,5228.515625
string24,ahash,16384,iter-count,baseline,4,5398.165365
string24,ahash,16384,iter-count,quick_cache,4,7876.953125
string24,ahash,16384,iter-count,lru,4,0.399540
string128,sip,128,get-hit,micro,0,27.691432
string128,sip,128,get-hit,baseline,0,28.891151
string128,sip,128,get-hit,quick_cache,0,28.002058
string128,sip,128,get-hit,lru,0,28.181161
string128,sip,128,get-hit,hashlink,0,27.515956
string128,sip,128,get-hit,baseline,1,28.222891
string128,sip,128,get-hit,quick_cache,1,28.079808
string128,sip,128,get-hit,lru,1,28.339093
string128,sip,128,get-hit,hashlink,1,27.776088
string128,sip,128,get-hit,micro,1,43.208374
string128,sip,128,get-hit,quick_cache,2,30.749847
string128,sip,128,get-hit,lru,2,127.399048
string128,sip,128,get-hit,hashlink,2,33.376520
string128,sip,128,get-hit,micro,2,28.744037
string128,sip,128,get-hit,baseline,2,27.853830
string128,sip,128,get-hit,lru,3,28.320707
string128,sip,128,get-hit,hashlink,3,27.984977
string128,sip,128,get-hit,micro,3,27.084351
string128,sip,128,get-hit,baseline,3,26.765730
string128,sip,128,get-hit,quick_cache,3,27.064008
string128,sip,128,get-hit,hashlink,4,26.161194
string128,sip,128,get-hit,micro,4,26.856201
string128,sip,128,get-hit,baseline,4,26.601153
string128,sip,128,get-hit,quick_cache,4,26.495797
string128,sip,128,get-hit,lru,4,27.469448
string128,sip,128,get-miss,micro,0,22.136015
string128,sip,128,get-miss,baseline,0,22.513894
string128,sip,128,get-miss,quick_cache,0,21.569645
string128,sip,128,get-miss,lru,0,21.594299
string128,sip,128,get-miss,hashlink,0,21.936157
string128,sip,128,get-miss,baseline,1,21.751853
string128,sip,128,get-miss,quick_cache,1,21.833230
string128,sip,128,get-miss,lru,1,22.313433
string128,sip,128,get-miss,hashlink,1,21.817677
string128,sip,128,get-miss,micro,1,21.721629
string128,sip,128,get-miss,quick_cache,2,22.043565
string128,sip,128,get-miss,lru,2,23.081146
string128,sip,128,get-miss,hashlink,2,22.628181
string128,sip,128,get-miss,micro,2,21.925982
string128,sip,128,get-miss,baseline,2,21.761130
string128,sip,128,get-miss,lru,3,21.858959
string128,sip,128,get-miss,hashlink,3,21.890675
string128,sip,128,get-miss,micro,3,22.249411
string128,sip,128,get-miss,baseline,3,22.124347
string128,sip,128,get-miss,quick_cache,3,22.202134
string128,sip,128,get-miss,hashlink,4,22.342163
string128,sip,128,get-miss,micro,4,22.291001
string128,sip,128,get-miss,baseline,4,22.185978
string128,sip,128,get-miss,quick_cache,4,21.421644
string128,sip,128,get-miss,lru,4,22.048950
string128,sip,128,update,micro,0,37.437952
string128,sip,128,update,baseline,0,38.488257
string128,sip,128,update,quick_cache,0,59.113281
string128,sip,128,update,lru,0,38.994849
string128,sip,128,update,hashlink,0,38.708997
string128,sip,128,update,baseline,1,40.290320
string128,sip,128,update,quick_cache,1,60.410993
string128,sip,128,update,lru,1,38.346863
string128,sip,128,update,hashlink,1,39.153027
string128,sip,128,update,micro,1,38.687646
string128,sip,128,update,quick_cache,2,61.695516
string128,sip,128,update,lru,2,40.027368
string128,sip,128,update,hashlink,2,39.595032
string128,sip,128,update,micro,2,40.659070
string128,sip,128,update,baseline,2,40.413403
string128,sip,128,update,lru,3,39.143372
string128,sip,128,update,hashlink,3,39.123022
string128,sip,128,update,micro,3,39.277136
string128,sip,128,update,baseline,3,40.636694
string128,sip,128,update,quick_cache,3,60.046980
string128,sip,128,update,hashlink,4,38.803613
string128,sip,128,update,micro,4,38.947546
string128,sip,128,update,baseline,4,38.307190
string128,sip,128,update,quick_cache,4,60.250419
string128,sip,128,update,lru,4,39.755762
string128,sip,128,insert-cycle,micro,0,71.429143
string128,sip,128,insert-cycle,baseline,0,70.283262
string128,sip,128,insert-cycle,quick_cache,0,62.045304
string128,sip,128,insert-cycle,lru,0,125.008685
string128,sip,128,insert-cycle,hashlink,0,121.738080
string128,sip,128,insert-cycle,baseline,1,70.058687
string128,sip,128,insert-cycle,quick_cache,1,63.061786
string128,sip,128,insert-cycle,lru,1,128.398522
string128,sip,128,insert-cycle,hashlink,1,126.699345
string128,sip,128,insert-cycle,micro,1,71.951088
string128,sip,128,insert-cycle,quick_cache,2,63.800314
string128,sip,128,insert-cycle,lru,2,127.140373
string128,sip,128,insert-cycle,hashlink,2,122.934977
string128,sip,128,insert-cycle,micro,2,69.953078
string128,sip,128,insert-cycle,baseline,2,71.839868
string128,sip,128,insert-cycle,lru,3,128.884787
string128,sip,128,insert-cycle,hashlink,3,124.492845
string128,sip,128,insert-cycle,micro,3,70.131324
string128,sip,128,insert-cycle,baseline,3,69.680728
string128,sip,128,insert-cycle,quick_cache,3,62.090071
string128,sip,128,insert-cycle,hashlink,4,122.216105
string128,sip,128,insert-cycle,micro,4,69.805804
string128,sip,128,insert-cycle,baseline,4,70.394368
string128,sip,128,insert-cycle,quick_cache,4,61.562643
string128,sip,128,insert-cycle,lru,4,124.580263
string128,sip,128,mixed-95,micro,0,34.856623
string128,sip,128,mixed-95,baseline,0,35.250577
string128,sip,128,mixed-95,quick_cache,0,38.830566
string128,sip,128,mixed-95,lru,0,39.285278
string128,sip,128,mixed-95,hashlink,0,39.173889
string128,sip,128,mixed-95,baseline,1,35.022161
string128,sip,128,mixed-95,quick_cache,1,38.883459
string128,sip,128,mixed-95,lru,1,38.796997
string128,sip,128,mixed-95,hashlink,1,39.446008
string128,sip,128,mixed-95,micro,1,35.412875
string128,sip,128,mixed-95,quick_cache,2,36.845398
string128,sip,128,mixed-95,lru,2,38.402808
string128,sip,128,mixed-95,hashlink,2,37.879944
string128,sip,128,mixed-95,micro,2,33.770020
string128,sip,128,mixed-95,baseline,2,33.904574
string128,sip,128,mixed-95,lru,3,39.912915
string128,sip,128,mixed-95,hashlink,3,37.680554
string128,sip,128,mixed-95,micro,3,34.685070
string128,sip,128,mixed-95,baseline,3,34.706354
string128,sip,128,mixed-95,quick_cache,3,38.464355
string128,sip,128,mixed-95,hashlink,4,37.968445
string128,sip,128,mixed-95,micro,4,34.636985
string128,sip,128,mixed-95,baseline,4,34.318404
string128,sip,128,mixed-95,quick_cache,4,36.547108
string128,sip,128,mixed-95,lru,4,37.664294
string128,sip,128,load-hit,micro,0,37.761438
string128,sip,128,load-hit,baseline,0,40.020251
string128,sip,128,load-hit,quick_cache,0,31.086395
string128,sip,128,load-hit,lru,0,28.469379
string128,sip,128,load-hit,hashlink,0,27.287798
string128,sip,128,load-hit,baseline,1,37.746680
string128,sip,128,load-hit,quick_cache,1,30.793508
string128,sip,128,load-hit,lru,1,29.515972
string128,sip,128,load-hit,hashlink,1,27.001883
string128,sip,128,load-hit,micro,1,38.052368
string128,sip,128,load-hit,quick_cache,2,30.958394
string128,sip,128,load-hit,lru,2,29.546490
string128,sip,128,load-hit,hashlink,2,27.319406
string128,sip,128,load-hit,micro,2,38.891089
string128,sip,128,load-hit,baseline,2,38.858545
string128,sip,128,load-hit,lru,3,29.895874
string128,sip,128,load-hit,hashlink,3,27.463274
string128,sip,128,load-hit,micro,3,37.692261
string128,sip,128,load-hit,baseline,3,37.887061
string128,sip,128,load-hit,quick_cache,3,30.789276
string128,sip,128,load-hit,hashlink,4,27.452009
string128,sip,128,load-hit,micro,4,37.708020
string128,sip,128,load-hit,baseline,4,37.734485
string128,sip,128,load-hit,quick_cache,4,30.860901
string128,sip,128,load-hit,lru,4,29.707689
string128,sip,128,load-cycle,micro,0,64.119600
string128,sip,128,load-cycle,baseline,0,63.898501
string128,sip,128,load-cycle,quick_cache,0,49.786762
string128,sip,128,load-cycle,lru,0,116.753984
string128,sip,128,load-cycle,hashlink,0,136.868278
string128,sip,128,load-cycle,baseline,1,64.048433
string128,sip,128,load-cycle,quick_cache,1,49.571878
string128,sip,128,load-cycle,lru,1,116.633161
string128,sip,128,load-cycle,hashlink,1,134.980738
string128,sip,128,load-cycle,micro,1,63.553104
string128,sip,128,load-cycle,quick_cache,2,50.780557
string128,sip,128,load-cycle,lru,2,116.405941
string128,sip,128,load-cycle,hashlink,2,137.383040
string128,sip,128,load-cycle,micro,2,64.161394
string128,sip,128,load-cycle,baseline,2,64.804731
string128,sip,128,load-cycle,lru,3,117.723008
string128,sip,128,load-cycle,hashlink,3,138.669945
string128,sip,128,load-cycle,micro,3,63.403547
string128,sip,128,load-cycle,baseline,3,64.467441
string128,sip,128,load-cycle,quick_cache,3,49.785371
string128,sip,128,load-cycle,hashlink,4,136.807731
string128,sip,128,load-cycle,micro,4,63.510874
string128,sip,128,load-cycle,baseline,4,64.584585
string128,sip,128,load-cycle,quick_cache,4,49.735716
string128,sip,128,load-cycle,lru,4,116.565478
string128,sip,128,clear-refill,micro,0,4839.180645
string128,sip,128,clear-refill,baseline,0,5213.107639
string128,sip,128,clear-refill,quick_cache,0,5037.332215
string128,sip,128,clear-refill,lru,0,14420.253589
string128,sip,128,clear-refill,hashlink,0,9072.761329
string128,sip,128,clear-refill,baseline,1,5259.049037
string128,sip,128,clear-refill,quick_cache,1,5012.938230
string128,sip,128,clear-refill,lru,1,14635.160976
string128,sip,128,clear-refill,hashlink,1,9043.171687
string128,sip,128,clear-refill,micro,1,4848.883683
string128,sip,128,clear-refill,quick_cache,2,5089.547458
string128,sip,128,clear-refill,lru,2,14389.153110
string128,sip,128,clear-refill,hashlink,2,9056.852410
string128,sip,128,clear-refill,micro,2,4864.533225
string128,sip,128,clear-refill,baseline,2,6721.384787
string128,sip,128,clear-refill,lru,3,55810.185185
string128,sip,128,clear-refill,hashlink,3,55765.444444
string128,sip,128,clear-refill,micro,3,18753.381250
string128,sip,128,clear-refill,baseline,3,12104.669355
string128,sip,128,clear-refill,quick_cache,3,16959.835052
string128,sip,128,clear-refill,hashlink,4,13576.167421
string128,sip,128,clear-refill,micro,4,4848.478191
string128,sip,128,clear-refill,baseline,4,4958.057756
string128,sip,128,clear-refill,quick_cache,4,4938.527961
string128,sip,128,clear-refill,lru,4,14438.100962
string128,sip,128,clear-empty,micro,0,44.911892
string128,sip,128,clear-empty,baseline,0,42.732003
string128,sip,128,clear-empty,quick_cache,0,3.869065
string128,sip,128,clear-empty,lru,0,2.084590
string128,sip,128,clear-empty,hashlink,0,0.599411
string128,sip,128,clear-empty,baseline,1,41.864300
string128,sip,128,clear-empty,quick_cache,1,3.846104
string128,sip,128,clear-empty,lru,1,2.129131
string128,sip,128,clear-empty,hashlink,1,0.577949
string128,sip,128,clear-empty,micro,1,45.838669
string128,sip,128,clear-empty,quick_cache,2,3.749321
string128,sip,128,clear-empty,lru,2,2.260220
string128,sip,128,clear-empty,hashlink,2,0.585820
string128,sip,128,clear-empty,micro,2,46.644423
string128,sip,128,clear-empty,baseline,2,47.160658
string128,sip,128,clear-empty,lru,3,2.218385
string128,sip,128,clear-empty,hashlink,3,0.612226
string128,sip,128,clear-empty,micro,3,45.303964
string128,sip,128,clear-empty,baseline,3,44.303995
string128,sip,128,clear-empty,quick_cache,3,3.941714
string128,sip,128,clear-empty,hashlink,4,0.610655
string128,sip,128,clear-empty,micro,4,50.624815
string128,sip,128,clear-empty,baseline,4,51.091202
string128,sip,128,clear-empty,quick_cache,4,3.952016
string128,sip,128,clear-empty,lru,4,2.188558
string128,sip,128,iter-dense,micro,0,38.432812
string128,sip,128,iter-dense,baseline,0,38.152944
string128,sip,128,iter-dense,quick_cache,0,29.480057
string128,sip,128,iter-dense,lru,0,128.722265
string128,sip,128,iter-dense,hashlink,0,127.048399
string128,sip,128,iter-dense,baseline,1,37.380383
string128,sip,128,iter-dense,quick_cache,1,29.668127
string128,sip,128,iter-dense,lru,1,127.666199
string128,sip,128,iter-dense,hashlink,1,127.058985
string128,sip,128,iter-dense,micro,1,37.483026
string128,sip,128,iter-dense,quick_cache,2,29.359649
string128,sip,128,iter-dense,lru,2,127.685629
string128,sip,128,iter-dense,hashlink,2,129.640021
string128,sip,128,iter-dense,micro,2,36.852447
string128,sip,128,iter-dense,baseline,2,37.373792
string128,sip,128,iter-dense,lru,3,127.478558
string128,sip,128,iter-dense,hashlink,3,126.393320
string128,sip,128,iter-dense,micro,3,37.166914
string128,sip,128,iter-dense,baseline,3,37.683481
string128,sip,128,iter-dense,quick_cache,3,30.373087
string128,sip,128,iter-dense,hashlink,4,131.585291
string128,sip,128,iter-dense,micro,4,37.016593
string128,sip,128,iter-dense,baseline,4,37.332778
string128,sip,128,iter-dense,quick_cache,4,29.325999
string128,sip,128,iter-dense,lru,4,128.732982
string128,sip,128,iter-dense-for,micro,0,37.335723
string128,sip,128,iter-dense-for,baseline,0,37.270842
string128,sip,128,iter-dense-for,quick_cache,0,66.528147
string128,sip,128,iter-dense-for,lru,0,77.767620
string128,sip,128,iter-dense-for,hashlink,0,68.182750
string128,sip,128,iter-dense-for,baseline,1,37.146518
string128,sip,128,iter-dense-for,quick_cache,1,66.634817
string128,sip,128,iter-dense-for,lru,1,76.567806
string128,sip,128,iter-dense-for,hashlink,1,68.388334
string128,sip,128,iter-dense-for,micro,1,37.448944
string128,sip,128,iter-dense-for,quick_cache,2,67.043804
string128,sip,128,iter-dense-for,lru,2,78.894870
string128,sip,128,iter-dense-for,hashlink,2,68.218750
string128,sip,128,iter-dense-for,micro,2,37.128713
string128,sip,128,iter-dense-for,baseline,2,37.591257
string128,sip,128,iter-dense-for,lru,3,77.633485
string128,sip,128,iter-dense-for,hashlink,3,68.690865
string128,sip,128,iter-dense-for,micro,3,37.295831
string128,sip,128,iter-dense-for,baseline,3,37.220251
string128,sip,128,iter-dense-for,quick_cache,3,66.742660
string128,sip,128,iter-dense-for,hashlink,4,72.481984
string128,sip,128,iter-dense-for,micro,4,38.776559
string128,sip,128,iter-dense-for,baseline,4,37.144183
string128,sip,128,iter-dense-for,quick_cache,4,66.270053
string128,sip,128,iter-dense-for,lru,4,77.661501
string128,sip,128,iter-density-1pct,micro,0,36.352814
string128,sip,128,iter-density-1pct,baseline,0,37.016581
string128,sip,128,iter-density-1pct,quick_cache,0,25.599816
string128,sip,128,iter-density-1pct,lru,0,1.316529
string128,sip,128,iter-density-1pct,hashlink,0,1.266310
string128,sip,128,iter-density-1pct,baseline,1,37.384532
string128,sip,128,iter-density-1pct,quick_cache,1,26.199200
string128,sip,128,iter-density-1pct,lru,1,1.347641
string128,sip,128,iter-density-1pct,hashlink,1,1.275892
string128,sip,128,iter-density-1pct,micro,1,37.703357
string128,sip,128,iter-density-1pct,quick_cache,2,25.755855
string128,sip,128,iter-density-1pct,lru,2,1.312658
string128,sip,128,iter-density-1pct,hashlink,2,1.274851
string128,sip,128,iter-density-1pct,micro,2,37.455578
string128,sip,128,iter-density-1pct,baseline,2,36.540031
string128,sip,128,iter-density-1pct,lru,3,1.307823
string128,sip,128,iter-density-1pct,hashlink,3,1.251535
string128,sip,128,iter-density-1pct,micro,3,37.433471
string128,sip,128,iter-density-1pct,baseline,3,36.359369
string128,sip,128,iter-density-1pct,quick_cache,3,25.946908
string128,sip,128,iter-density-1pct,hashlink,4,1.262932
string128,sip,128,iter-density-1pct,micro,4,37.493865
string128,sip,128,iter-density-1pct,baseline,4,39.044065
string128,sip,128,iter-density-1pct,quick_cache,4,26.195917
string128,sip,128,iter-density-1pct,lru,4,1.321204
string128,sip,128,iter-density-6pct,micro,0,36.317632
string128,sip,128,iter-density-6pct,baseline,0,35.268875
string128,sip,128,iter-density-6pct,quick_cache,0,28.737617
string128,sip,128,iter-density-6pct,lru,0,3.486216
string128,sip,128,iter-density-6pct,hashlink,0,3.120258
string128,sip,128,iter-density-6pct,baseline,1,35.637913
string128,sip,128,iter-density-6pct,quick_cache,1,20.218096
string128,sip,128,iter-density-6pct,lru,1,3.372274
string128,sip,128,iter-density-6pct,hashlink,1,3.109496
string128,sip,128,iter-density-6pct,micro,1,34.937942
string128,sip,128,iter-density-6pct,quick_cache,2,20.682565
string128,sip,128,iter-density-6pct,lru,2,3.540809
string128,sip,128,iter-density-6pct,hashlink,2,3.108671
string128,sip,128,iter-density-6pct,micro,2,34.097057
string128,sip,128,iter-density-6pct,baseline,2,34.061331
string128,sip,128,iter-density-6pct,lru,3,3.518616
string128,sip,128,iter-density-6pct,hashlink,3,3.158311
string128,sip,128,iter-density-6pct,micro,3,35.091926
string128,sip,128,iter-density-6pct,baseline,3,34.506406
string128,sip,128,iter-density-6pct,quick_cache,3,26.364167
string128,sip,128,iter-density-6pct,hashlink,4,3.080623
string128,sip,128,iter-density-6pct,micro,4,34.927840
string128,sip,128,iter-density-6pct,baseline,4,34.533748
string128,sip,128,iter-density-6pct,quick_cache,4,22.203558
string128,sip,128,iter-density-6pct,lru,4,3.664829
string128,sip,128,iter-density-quarter,micro,0,36.622107
string128,sip,128,iter-density-quarter,baseline,0,35.361484
string128,sip,128,iter-density-quarter,quick_cache,0,25.012578
string128,sip,128,iter-density-quarter,lru,0,18.333557
string128,sip,128,iter-density-quarter,hashlink,0,18.146767
string128,sip,128,iter-density-quarter,baseline,1,35.921037
string128,sip,128,iter-density-quarter,quick_cache,1,26.018903
string128,sip,128,iter-density-quarter,lru,1,18.305685
string128,sip,128,iter-density-quarter,hashlink,1,18.287833
string128,sip,128,iter-density-quarter,micro,1,35.761108
string128,sip,128,iter-density-quarter,quick_cache,2,24.810904
string128,sip,128,iter-density-quarter,lru,2,18.401417
string128,sip,128,iter-density-quarter,hashlink,2,18.050172
string128,sip,128,iter-density-quarter,micro,2,35.613677
string128,sip,128,iter-density-quarter,baseline,2,35.547171
string128,sip,128,iter-density-quarter,lru,3,18.437094
string128,sip,128,iter-density-quarter,hashlink,3,18.108943
string128,sip,128,iter-density-quarter,micro,3,35.751942
string128,sip,128,iter-density-quarter,baseline,3,35.479923
string128,sip,128,iter-density-quarter,quick_cache,3,24.978914
string128,sip,128,iter-density-quarter,hashlink,4,18.031599
string128,sip,128,iter-density-quarter,micro,4,35.598685
string128,sip,128,iter-density-quarter,baseline,4,35.822706
string128,sip,128,iter-density-quarter,quick_cache,4,24.870134
string128,sip,128,iter-density-quarter,lru,4,18.356622
string128,sip,128,iter-density-half,micro,0,36.777978
string128,sip,128,iter-density-half,baseline,0,39.256540
string128,sip,128,iter-density-half,quick_cache,0,24.687813
string128,sip,128,iter-density-half,lru,0,49.245290
string128,sip,128,iter-density-half,hashlink,0,48.728642
string128,sip,128,iter-density-half,baseline,1,37.117627
string128,sip,128,iter-density-half,quick_cache,1,24.496375
string128,sip,128,iter-density-half,lru,1,49.402331
string128,sip,128,iter-density-half,hashlink,1,48.404298
string128,sip,128,iter-density-half,micro,1,36.830138
string128,sip,128,iter-density-half,quick_cache,2,24.446578
string128,sip,128,iter-density-half,lru,2,49.719429
string128,sip,128,iter-density-half,hashlink,2,48.057615
string128,sip,128,iter-density-half,micro,2,36.347299
string128,sip,128,iter-density-half,baseline,2,36.856022
string128,sip,128,iter-density-half,lru,3,48.745550
string128,sip,128,iter-density-half,hashlink,3,48.076923
string128,sip,128,iter-density-half,micro,3,36.309063
string128,sip,128,iter-density-half,baseline,3,36.329681
string128,sip,128,iter-density-half,quick_cache,3,24.830268
string128,sip,128,iter-density-half,hashlink,4,49.050814
string128,sip,128,iter-density-half,micro,4,36.382045
string128,sip,128,iter-density-half,baseline,4,36.866254
string128,sip,128,iter-density-half,quick_cache,4,24.428820
string128,sip,128,iter-density-half,lru,4,49.192238
string128,sip,128,iter-front,micro,0,35.819232
string128,sip,128,iter-front,baseline,0,35.444731
string128,sip,128,iter-front,quick_cache,0,25.353654
string128,sip,128,iter-front,lru,0,1.233115
string128,sip,128,iter-front,hashlink,0,1.166262
string128,sip,128,iter-front,baseline,1,36.225886
string128,sip,128,iter-front,quick_cache,1,25.338894
string128,sip,128,iter-front,lru,1,1.193857
string128,sip,128,iter-front,hashlink,1,1.178949
string128,sip,128,iter-front,micro,1,36.121280
string128,sip,128,iter-front,quick_cache,2,25.500935
string128,sip,128,iter-front,lru,2,1.216727
string128,sip,128,iter-front,hashlink,2,1.177113
string128,sip,128,iter-front,micro,2,36.321662
string128,sip,128,iter-front,baseline,2,35.764588
string128,sip,128,iter-front,lru,3,1.220274
string128,sip,128,iter-front,hashlink,3,1.191490
string128,sip,128,iter-front,micro,3,36.214912
string128,sip,128,iter-front,baseline,3,35.982672
string128,sip,128,iter-front,quick_cache,3,25.374239
string128,sip,128,iter-front,hashlink,4,1.166741
string128,sip,128,iter-front,micro,4,36.064700
string128,sip,128,iter-front,baseline,4,35.991483
string128,sip,128,iter-front,quick_cache,4,25.206166
string128,sip,128,iter-front,lru,4,1.250784
string128,sip,128,iter-back,micro,0,37.737877
string128,sip,128,iter-back,baseline,0,36.547131
string128,sip,128,iter-back,quick_cache,0,25.710704
string128,sip,128,iter-back,lru,0,1.215449
string128,sip,128,iter-back,hashlink,0,1.193538
string128,sip,128,iter-back,baseline,1,37.784549
string128,sip,128,iter-back,quick_cache,1,25.812586
string128,sip,128,iter-back,lru,1,1.195532
string128,sip,128,iter-back,hashlink,1,1.165436
string128,sip,128,iter-back,micro,1,37.676715
string128,sip,128,iter-back,quick_cache,2,25.844275
string128,sip,128,iter-back,lru,2,1.195029
string128,sip,128,iter-back,hashlink,2,1.167177
string128,sip,128,iter-back,micro,2,37.437101
string128,sip,128,iter-back,baseline,2,36.951869
string128,sip,128,iter-back,lru,3,1.187867
string128,sip,128,iter-back,hashlink,3,1.169930
string128,sip,128,iter-back,micro,3,37.031213
string128,sip,128,iter-back,baseline,3,36.588897
string128,sip,128,iter-back,quick_cache,3,25.604323
string128,sip,128,iter-back,hashlink,4,1.151027
string128,sip,128,iter-back,micro,4,37.457651
string128,sip,128,iter-back,baseline,4,36.298030
string128,sip,128,iter-back,quick_cache,4,24.908392
string128,sip,128,iter-back,lru,4,1.192111
string128,sip,128,iter-empty,micro,0,36.286003
string128,sip,128,iter-empty,baseline,0,35.494334
string128,sip,128,iter-empty,quick_cache,0,25.838230
string128,sip,128,iter-empty,lru,0,0.984252
string128,sip,128,iter-empty,hashlink,0,1.000000
string128,sip,128,iter-empty,baseline,1,36.342615
string128,sip,128,iter-empty,quick_cache,1,25.877786
string128,sip,128,iter-empty,lru,1,1.022958
string128,sip,128,iter-empty,hashlink,1,1.009182
string128,sip,128,iter-empty,micro,1,35.963871
string128,sip,128,iter-empty,quick_cache,2,25.112011
string128,sip,128,iter-empty,lru,2,0.986593
string128,sip,128,iter-empty,hashlink,2,1.007079
string128,sip,128,iter-empty,micro,2,36.379511
string128,sip,128,iter-empty,baseline,2,35.727179
string128,sip,128,iter-empty,lru,3,0.985204
string128,sip,128,iter-empty,hashlink,3,1.010270
string128,sip,128,iter-empty,micro,3,36.088457
string128,sip,128,iter-empty,baseline,3,35.838388
string128,sip,128,iter-empty,quick_cache,3,25.021751
string128,sip,128,iter-empty,hashlink,4,0.995276
string128,sip,128,iter-empty,micro,4,36.191987
string128,sip,128,iter-empty,baseline,4,35.748963
string128,sip,128,iter-empty,quick_cache,4,24.901436
string128,sip,128,iter-empty,lru,4,0.989373
string128,sip,128,iter-count,micro,0,35.620360
string128,sip,128,iter-count,baseline,0,35.277461
string128,sip,128,iter-count,quick_cache,0,51.981074
string128,sip,128,iter-count,lru,0,0.383869
string128,sip,128,iter-count,hashlink,0,0.382716
string128,sip,128,iter-count,baseline,1,35.430632
string128,sip,128,iter-count,quick_cache,1,51.745629
string128,sip,128,iter-count,lru,1,0.387082
string128,sip,128,iter-count,hashlink,1,0.400283
string128,sip,128,iter-count,micro,1,37.484288
string128,sip,128,iter-count,quick_cache,2,52.813556
string128,sip,128,iter-count,lru,2,0.381885
string128,sip,128,iter-count,hashlink,2,0.385161
string128,sip,128,iter-count,micro,2,35.392543
string128,sip,128,iter-count,baseline,2,35.751215
string128,sip,128,iter-count,lru,3,0.384340
string128,sip,128,iter-count,hashlink,3,0.370999
string128,sip,128,iter-count,micro,3,34.001834
string128,sip,128,iter-count,baseline,3,34.316269
string128,sip,128,iter-count,quick_cache,3,50.937669
string128,sip,128,iter-count,hashlink,4,0.378904
string128,sip,128,iter-count,micro,4,34.850044
string128,sip,128,iter-count,baseline,4,34.299616
string128,sip,128,iter-count,quick_cache,4,50.760806
string128,sip,128,iter-count,lru,4,0.384764
string128,sip,1024,get-hit,micro,0,31.281789
string128,sip,1024,get-hit,baseline,0,31.255514
string128,sip,1024,get-hit,quick_cache,0,31.716665
string128,sip,1024,get-hit,lru,0,32.126953
string128,sip,1024,get-hit,hashlink,0,31.856964
string128,sip,1024,get-hit,baseline,1,31.305949
string128,sip,1024,get-hit,quick_cache,1,31.736165
string128,sip,1024,get-hit,lru,1,32.506307
string128,sip,1024,get-hit,hashlink,1,32.825897
string128,sip,1024,get-hit,micro,1,31.678090
string128,sip,1024,get-hit,quick_cache,2,31.503042
string128,sip,1024,get-hit,lru,2,33.510143
string128,sip,1024,get-hit,hashlink,2,31.862895
string128,sip,1024,get-hit,micro,2,33.084452
string128,sip,1024,get-hit,baseline,2,33.293291
string128,sip,1024,get-hit,lru,3,34.347079
string128,sip,1024,get-hit,hashlink,3,33.210754
string128,sip,1024,get-hit,micro,3,33.754750
string128,sip,1024,get-hit,baseline,3,33.922596
string128,sip,1024,get-hit,quick_cache,3,33.903176
string128,sip,1024,get-hit,hashlink,4,33.851851
string128,sip,1024,get-hit,micro,4,33.864335
string128,sip,1024,get-hit,baseline,4,34.100619
string128,sip,1024,get-hit,quick_cache,4,34.146862
string128,sip,1024,get-hit,lru,4,34.800681
string128,sip,1024,get-miss,micro,0,23.922287
string128,sip,1024,get-miss,baseline,0,23.945488
string128,sip,1024,get-miss,quick_cache,0,23.943581
string128,sip,1024,get-miss,lru,0,24.590389
string128,sip,1024,get-miss,hashlink,0,24.210609
string128,sip,1024,get-miss,baseline,1,24.033226
string128,sip,1024,get-miss,quick_cache,1,24.327591
string128,sip,1024,get-miss,lru,1,25.399097
string128,sip,1024,get-miss,hashlink,1,24.226830
string128,sip,1024,get-miss,micro,1,23.965515
string128,sip,1024,get-miss,quick_cache,2,24.113976
string128,sip,1024,get-miss,lru,2,24.334908
string128,sip,1024,get-miss,hashlink,2,24.223640
string128,sip,1024,get-miss,micro,2,24.292946
string128,sip,1024,get-miss,baseline,2,23.953758
string128,sip,1024,get-miss,lru,3,24.571403
string128,sip,1024,get-miss,hashlink,3,24.159744
string128,sip,1024,get-miss,micro,3,24.245583
string128,sip,1024,get-miss,baseline,3,24.042450
string128,sip,1024,get-miss,quick_cache,3,24.091400
string128,sip,1024,get-miss,hashlink,4,24.152756
string128,sip,1024,get-miss,micro,4,23.995720
string128,sip,1024,get-miss,baseline,4,24.250664
string128,sip,1024,get-miss,quick_cache,4,23.939766
string128,sip,1024,get-miss,lru,4,24.350807
string128,sip,1024,update,micro,0,46.970993
string128,sip,1024,update,baseline,0,46.953201
string128,sip,1024,update,quick_cache,0,60.958862
string128,sip,1024,update,lru,0,47.470093
string128,sip,1024,update,hashlink,0,46.546295
string128,sip,1024,update,baseline,1,47.823593
string128,sip,1024,update,quick_cache,1,61.906596
string128,sip,1024,update,lru,1,47.735214
string128,sip,1024,update,hashlink,1,47.106430
string128,sip,1024,update,micro,1,47.818497
string128,sip,1024,update,quick_cache,2,61.548014
string128,sip,1024,update,lru,2,47.351837
string128,sip,1024,update,hashlink,2,46.588257
string128,sip,1024,update,micro,2,47.150940
string128,sip,1024,update,baseline,2,43.292006
string128,sip,1024,update,lru,3,41.216810
string128,sip,1024,update,hashlink,3,42.642103
string128,sip,1024,update,micro,3,43.775201
string128,sip,1024,update,baseline,3,44.279867
string128,sip,1024,update,quick_cache,3,58.410645
string128,sip,1024,update,hashlink,4,44.275920
string128,sip,1024,update,micro,4,44.036296
string128,sip,1024,update,baseline,4,44.035170
string128,sip,1024,update,quick_cache,4,59.314558
string128,sip,1024,update,lru,4,43.674045
string128,sip,1024,insert-cycle,micro,0,70.424874
string128,sip,1024,insert-cycle,baseline,0,71.418899
string128,sip,1024,insert-cycle,quick_cache,0,62.295715
string128,sip,1024,insert-cycle,lru,0,128.111125
string128,sip,1024,insert-cycle,hashlink,0,117.151517
string128,sip,1024,insert-cycle,baseline,1,70.687430
string128,sip,1024,insert-cycle,quick_cache,1,60.405273
string128,sip,1024,insert-cycle,lru,1,126.934489
string128,sip,1024,insert-cycle,hashlink,1,117.477013
string128,sip,1024,insert-cycle,micro,1,69.750244
string128,sip,1024,insert-cycle,quick_cache,2,60.638027
string128,sip,1024,insert-cycle,lru,2,123.677572
string128,sip,1024,insert-cycle,hashlink,2,117.329928
string128,sip,1024,insert-cycle,micro,2,69.945312
string128,sip,1024,insert-cycle,baseline,2,70.505301
string128,sip,1024,insert-cycle,lru,3,122.351725
string128,sip,1024,insert-cycle,hashlink,3,117.708646
string128,sip,1024,insert-cycle,micro,3,69.932710
string128,sip,1024,insert-cycle,baseline,3,70.098400
string128,sip,1024,insert-cycle,quick_cache,3,60.235195
string128,sip,1024,insert-cycle,hashlink,4,118.380033
string128,sip,1024,insert-cycle,micro,4,69.763184
string128,sip,1024,insert-cycle,baseline,4,70.171061
string128,sip,1024,insert-cycle,quick_cache,4,60.218086
string128,sip,1024,insert-cycle,lru,4,124.606689
string128,sip,1024,mixed-95,micro,0,38.736475
string128,sip,1024,mixed-95,baseline,0,39.099121
string128,sip,1024,mixed-95,quick_cache,0,44.538710
string128,sip,1024,mixed-95,lru,0,40.886217
string128,sip,1024,mixed-95,hashlink,0,42.406996
string128,sip,1024,mixed-95,baseline,1,39.448547
string128,sip,1024,mixed-95,quick_cache,1,45.418064
string128,sip,1024,mixed-95,lru,1,42.653402
string128,sip,1024,mixed-95,hashlink,1,42.063395
string128,sip,1024,mixed-95,micro,1,38.968909
string128,sip,1024,mixed-95,quick_cache,2,43.032050
string128,sip,1024,mixed-95,lru,2,42.516642
string128,sip,1024,mixed-95,hashlink,2,41.507297
string128,sip,1024,mixed-95,micro,2,39.696753
string128,sip,1024,mixed-95,baseline,2,39.393616
string128,sip,1024,mixed-95,lru,3,42.181505
string128,sip,1024,mixed-95,hashlink,3,44.561876
string128,sip,1024,mixed-95,micro,3,40.758491
string128,sip,1024,mixed-95,baseline,3,39.837646
string128,sip,1024,mixed-95,quick_cache,3,44.164022
string128,sip,1024,mixed-95,hashlink,4,42.848945
string128,sip,1024,mixed-95,micro,4,39.419556
string128,sip,1024,mixed-95,baseline,4,39.897156
string128,sip,1024,mixed-95,quick_cache,4,44.099596
string128,sip,1024,mixed-95,lru,4,43.228719
string128,sip,1024,load-hit,micro,0,47.312408
string128,sip,1024,load-hit,baseline,0,44.268012
string128,sip,1024,load-hit,quick_cache,0,37.111914
string128,sip,1024,load-hit,lru,0,37.111414
string128,sip,1024,load-hit,hashlink,0,30.705770
string128,sip,1024,load-hit,baseline,1,41.229804
string128,sip,1024,load-hit,quick_cache,1,34.679066
string128,sip,1024,load-hit,lru,1,34.951416
string128,sip,1024,load-hit,hashlink,1,32.299886
string128,sip,1024,load-hit,micro,1,42.326185
string128,sip,1024,load-hit,quick_cache,2,35.269076
string128,sip,1024,load-hit,lru,2,35.877575
string128,sip,1024,load-hit,hashlink,2,34.272161
string128,sip,1024,load-hit,micro,2,44.116550
string128,sip,1024,load-hit,baseline,2,42.671495
string128,sip,1024,load-hit,lru,3,35.769831
string128,sip,1024,load-hit,hashlink,3,32.183757
string128,sip,1024,load-hit,micro,3,42.834812
string128,sip,1024,load-hit,baseline,3,42.520603
string128,sip,1024,load-hit,quick_cache,3,35.413341
string128,sip,1024,load-hit,hashlink,4,32.438914
string128,sip,1024,load-hit,micro,4,42.902059
string128,sip,1024,load-hit,baseline,4,43.346259
string128,sip,1024,load-hit,quick_cache,4,35.608010
string128,sip,1024,load-hit,lru,4,35.535866
string128,sip,1024,load-cycle,micro,0,70.515951
string128,sip,1024,load-cycle,baseline,0,70.641904
string128,sip,1024,load-cycle,quick_cache,0,51.553660
string128,sip,1024,load-cycle,lru,0,123.491089
string128,sip,1024,load-cycle,hashlink,0,141.634854
string128,sip,1024,load-cycle,baseline,1,69.280451
string128,sip,1024,load-cycle,quick_cache,1,51.587335
string128,sip,1024,load-cycle,lru,1,123.319824
string128,sip,1024,load-cycle,hashlink,1,141.202060
string128,sip,1024,load-cycle,micro,1,69.857143
string128,sip,1024,load-cycle,quick_cache,2,52.597046
string128,sip,1024,load-cycle,lru,2,128.316243
string128,sip,1024,load-cycle,hashlink,2,143.922718
string128,sip,1024,load-cycle,micro,2,69.323930
string128,sip,1024,load-cycle,baseline,2,69.803874
string128,sip,1024,load-cycle,lru,3,123.152018
string128,sip,1024,load-cycle,hashlink,3,142.426447
string128,sip,1024,load-cycle,micro,3,69.516269
string128,sip,1024,load-cycle,baseline,3,69.413619
string128,sip,1024,load-cycle,quick_cache,3,51.501044
string128,sip,1024,load-cycle,hashlink,4,141.403631
string128,sip,1024,load-cycle,micro,4,69.268422
string128,sip,1024,load-cycle,baseline,4,69.554177
string128,sip,1024,load-cycle,quick_cache,4,51.388099
string128,sip,1024,load-cycle,lru,4,122.751872
string128,sip,1024,clear-refill,micro,0,47657.396825
string128,sip,1024,clear-refill,baseline,0,47526.046875
string128,sip,1024,clear-refill,quick_cache,0,48393.822581
string128,sip,1024,clear-refill,lru,0,127036.458333
string128,sip,1024,clear-refill,hashlink,0,81552.918919
string128,sip,1024,clear-refill,baseline,1,47181.640625
string128,sip,1024,clear-refill,quick_cache,1,50606.950000
string128,sip,1024,clear-refill,lru,1,126557.291667
string128,sip,1024,clear-refill,hashlink,1,80173.236842
string128,sip,1024,clear-refill,micro,1,47009.109375
string128,sip,1024,clear-refill,quick_cache,2,52219.120690
string128,sip,1024,clear-refill,lru,2,133103.260870
string128,sip,1024,clear-refill,hashlink,2,81092.351351
string128,sip,1024,clear-refill,micro,2,47340.484375
string128,sip,1024,clear-refill,baseline,2,47894.841270
string128,sip,1024,clear-refill,lru,3,128314.208333
string128,sip,1024,clear-refill,hashlink,3,84219.916667
string128,sip,1024,clear-refill,micro,3,46031.575758
string128,sip,1024,clear-refill,baseline,3,47087.234375
string128,sip,1024,clear-refill,quick_cache,3,50253.483333
string128,sip,1024,clear-refill,hashlink,4,82432.432432
string128,sip,1024,clear-refill,micro,4,45610.484848
string128,sip,1024,clear-refill,baseline,4,46970.703125
string128,sip,1024,clear-refill,quick_cache,4,48971.096774
string128,sip,1024,clear-refill,lru,4,130305.583333
string128,sip,1024,clear-empty,micro,0,46.662512
string128,sip,1024,clear-empty,baseline,0,46.691484
string128,sip,1024,clear-empty,quick_cache,0,3.906250
string128,sip,1024,clear-empty,lru,0,2.186577
string128,sip,1024,clear-empty,hashlink,0,0.604972
string128,sip,1024,clear-empty,baseline,1,46.808858
string128,sip,1024,clear-empty,quick_cache,1,3.931201
string128,sip,1024,clear-empty,lru,1,2.106349
string128,sip,1024,clear-empty,hashlink,1,0.591881
string128,sip,1024,clear-empty,micro,1,46.429178
string128,sip,1024,clear-empty,quick_cache,2,3.857657
string128,sip,1024,clear-empty,lru,2,2.272555
string128,sip,1024,clear-empty,hashlink,2,0.607851
string128,sip,1024,clear-empty,micro,2,46.739480
string128,sip,1024,clear-empty,baseline,2,48.600126
string128,sip,1024,clear-empty,lru,3,2.227300
string128,sip,1024,clear-empty,hashlink,3,0.607000
string128,sip,1024,clear-empty,micro,3,48.195761
string128,sip,1024,clear-empty,baseline,3,48.686981
string128,sip,1024,clear-empty,quick_cache,3,3.923414
string128,sip,1024,clear-empty,hashlink,4,0.608482
string128,sip,1024,clear-empty,micro,4,48.168401
string128,sip,1024,clear-empty,baseline,4,48.338510
string128,sip,1024,clear-empty,quick_cache,4,3.948023
string128,sip,1024,clear-empty,lru,4,2.199679
string128,sip,1024,iter-dense,micro,0,272.444928
string128,sip,1024,iter-dense,baseline,0,271.555816
string128,sip,1024,iter-dense,quick_cache,0,249.229775
string128,sip,1024,iter-dense,lru,0,1246.710526
string128,sip,1024,iter-dense,hashlink,0,1224.093750
string128,sip,1024,iter-dense,baseline,1,269.576149
string128,sip,1024,iter-dense,quick_cache,1,246.988076
string128,sip,1024,iter-dense,lru,1,1241.005345
string128,sip,1024,iter-dense,hashlink,1,1233.952110
string128,sip,1024,iter-dense,micro,1,270.915886
string128,sip,1024,iter-dense,quick_cache,2,261.006250
string128,sip,1024,iter-dense,lru,2,1283.959882
string128,sip,1024,iter-dense,hashlink,2,1382.659467
string128,sip,1024,iter-dense,micro,2,264.605370
string128,sip,1024,iter-dense,baseline,2,267.901786
string128,sip,1024,iter-dense,lru,3,1225.835227
string128,sip,1024,iter-dense,hashlink,3,1282.006757
string128,sip,1024,iter-dense,micro,3,257.466438
string128,sip,1024,iter-dense,baseline,3,254.502625
string128,sip,1024,iter-dense,quick_cache,3,238.857745
string128,sip,1024,iter-dense,hashlink,4,1256.163333
string128,sip,1024,iter-dense,micro,4,258.741563
string128,sip,1024,iter-dense,baseline,4,263.235994
string128,sip,1024,iter-dense,quick_cache,4,246.086942
string128,sip,1024,iter-dense,lru,4,1240.508224
string128,sip,1024,iter-dense-for,micro,0,266.620117
string128,sip,1024,iter-dense-for,baseline,0,270.844561
string128,sip,1024,iter-dense-for,quick_cache,0,467.875466
string128,sip,1024,iter-dense-for,lru,0,721.424279
string128,sip,1024,iter-dense-for,hashlink,0,875.976562
string128,sip,1024,iter-dense-for,baseline,1,257.991329
string128,sip,1024,iter-dense-for,quick_cache,1,257.987809
string128,sip,1024,iter-dense-for,lru,1,736.135010
string128,sip,1024,iter-dense-for,hashlink,1,878.163843
string128,sip,1024,iter-dense-for,micro,1,261.163823
string128,sip,1024,iter-dense-for,quick_cache,2,259.103764
string128,sip,1024,iter-dense-for,lru,2,739.480807
string128,sip,1024,iter-dense-for,hashlink,2,887.664800
string128,sip,1024,iter-dense-for,micro,2,286.180450
string128,sip,1024,iter-dense-for,baseline,2,268.500804
string128,sip,1024,iter-dense-for,lru,3,726.392308
string128,sip,1024,iter-dense-for,hashlink,3,878.845502
string128,sip,1024,iter-dense-for,micro,3,257.416524
string128,sip,1024,iter-dense-for,baseline,3,276.524265
string128,sip,1024,iter-dense-for,quick_cache,3,264.933439
string128,sip,1024,iter-dense-for,hashlink,4,881.510514
string128,sip,1024,iter-dense-for,micro,4,258.644714
string128,sip,1024,iter-dense-for,baseline,4,267.037997
string128,sip,1024,iter-dense-for,quick_cache,4,310.003300
string128,sip,1024,iter-dense-for,lru,4,725.731010
string128,sip,1024,iter-density-1pct,micro,0,328.530267
string128,sip,1024,iter-density-1pct,baseline,0,327.639482
string128,sip,1024,iter-density-1pct,quick_cache,0,196.882075
string128,sip,1024,iter-density-1pct,lru,0,4.202775
string128,sip,1024,iter-density-1pct,hashlink,0,4.157913
string128,sip,1024,iter-density-1pct,baseline,1,332.631538
string128,sip,1024,iter-density-1pct,quick_cache,1,198.593882
string128,sip,1024,iter-density-1pct,lru,1,4.239897
string128,sip,1024,iter-density-1pct,hashlink,1,4.151537
string128,sip,1024,iter-density-1pct,micro,1,333.736432
string128,sip,1024,iter-density-1pct,quick_cache,2,196.712854
string128,sip,1024,iter-density-1pct,lru,2,4.268273
string128,sip,1024,iter-density-1pct,hashlink,2,4.219670
string128,sip,1024,iter-density-1pct,micro,2,340.471128
string128,sip,1024,iter-density-1pct,baseline,2,365.687865
string128,sip,1024,iter-density-1pct,lru,3,4.253109
string128,sip,1024,iter-density-1pct,hashlink,3,4.164504
string128,sip,1024,iter-density-1pct,micro,3,337.384780
string128,sip,1024,iter-density-1pct,baseline,3,329.650987
string128,sip,1024,iter-density-1pct,quick_cache,3,199.853125
string128,sip,1024,iter-density-1pct,hashlink,4,4.152629
string128,sip,1024,iter-density-1pct,micro,4,335.239955
string128,sip,1024,iter-density-1pct,baseline,4,331.377871
string128,sip,1024,iter-density-1pct,quick_cache,4,196.274059
string128,sip,1024,iter-density-1pct,lru,4,4.240546
string128,sip,1024,iter-density-6pct,micro,0,288.886250
string128,sip,1024,iter-density-6pct,baseline,0,286.005812
string128,sip,1024,iter-density-6pct,quick_cache,0,200.916756
string128,sip,1024,iter-density-6pct,lru,0,48.836263
string128,sip,1024,iter-density-6pct,hashlink,0,48.566157
string128,sip,1024,iter-density-6pct,baseline,1,285.906536
string128,sip,1024,iter-density-6pct,quick_cache,1,200.423478
string128,sip,1024,iter-density-6pct,lru,1,48.384691
string128,sip,1024,iter-density-6pct,hashlink,1,48.780697
string128,sip,1024,iter-density-6pct,micro,1,284.651136
string128,sip,1024,iter-density-6pct,quick_cache,2,202.429014
string128,sip,1024,iter-density-6pct,lru,2,48.720909
string128,sip,1024,iter-density-6pct,hashlink,2,48.761440
string128,sip,1024,iter-density-6pct,micro,2,281.483907
string128,sip,1024,iter-density-6pct,baseline,2,297.875298
string128,sip,1024,iter-density-6pct,lru,3,50.530088
string128,sip,1024,iter-density-6pct,hashlink,3,50.554532
string128,sip,1024,iter-density-6pct,micro,3,278.997404
string128,sip,1024,iter-density-6pct,baseline,3,283.984045
string128,sip,1024,iter-density-6pct,quick_cache,3,201.878965
string128,sip,1024,iter-density-6pct,hashlink,4,49.171900
string128,sip,1024,iter-density-6pct,micro,4,287.091456
string128,sip,1024,iter-density-6pct,baseline,4,282.936370
string128,sip,1024,iter-density-6pct,quick_cache,4,202.944602
string128,sip,1024,iter-density-6pct,lru,4,49.234465
string128,sip,1024,iter-density-quarter,micro,0,250.107583
string128,sip,1024,iter-density-quarter,baseline,0,250.381917
string128,sip,1024,iter-density-quarter,quick_cache,0,190.463362
string128,sip,1024,iter-density-quarter,lru,0,284.209280
string128,sip,1024,iter-density-quarter,hashlink,0,283.232628
string128,sip,1024,iter-density-quarter,baseline,1,250.284750
string128,sip,1024,iter-density-quarter,quick_cache,1,190.201889
string128,sip,1024,iter-density-quarter,lru,1,284.173769
string128,sip,1024,iter-density-quarter,hashlink,1,282.552052
string128,sip,1024,iter-density-quarter,micro,1,247.221053
string128,sip,1024,iter-density-quarter,quick_cache,2,192.126665
string128,sip,1024,iter-density-quarter,lru,2,282.215747
string128,sip,1024,iter-density-quarter,hashlink,2,284.757765
string128,sip,1024,iter-density-quarter,micro,2,247.159457
string128,sip,1024,iter-density-quarter,baseline,2,248.815318
string128,sip,1024,iter-density-quarter,lru,3,299.541534
string128,sip,1024,iter-density-quarter,hashlink,3,298.712082
string128,sip,1024,iter-density-quarter,micro,3,248.815401
string128,sip,1024,iter-density-quarter,baseline,3,250.072917
string128,sip,1024,iter-density-quarter,quick_cache,3,189.738573
string128,sip,1024,iter-density-quarter,hashlink,4,284.939205
string128,sip,1024,iter-density-quarter,micro,4,251.103610
string128,sip,1024,iter-density-quarter,baseline,4,249.348903
string128,sip,1024,iter-density-quarter,quick_cache,4,190.781631
string128,sip,1024,iter-density-quarter,lru,4,284.078361
string128,sip,1024,iter-density-half,micro,0,254.516768
string128,sip,1024,iter-density-half,baseline,0,255.257897
string128,sip,1024,iter-density-half,quick_cache,0,193.252186
string128,sip,1024,iter-density-half,lru,0,610.296672
string128,sip,1024,iter-density-half,hashlink,0,594.870847
string128,sip,1024,iter-density-half,baseline,1,252.733996
string128,sip,1024,iter-density-half,quick_cache,1,195.141957
string128,sip,1024,iter-density-half,lru,1,600.011545
string128,sip,1024,iter-density-half,hashlink,1,604.241787
string128,sip,1024,iter-density-half,micro,1,251.556887
string128,sip,1024,iter-density-half,quick_cache,2,193.540593
string128,sip,1024,iter-density-half,lru,2,600.094546
string128,sip,1024,iter-density-half,hashlink,2,604.166667
string128,sip,1024,iter-density-half,micro,2,252.565608
string128,sip,1024,iter-density-half,baseline,2,253.302561
string128,sip,1024,iter-density-half,lru,3,607.493347
string128,sip,1024,iter-density-half,hashlink,3,642.839498
string128,sip,1024,iter-density-half,micro,3,262.867647
string128,sip,1024,iter-density-half,baseline,3,251.605814
string128,sip,1024,iter-density-half,quick_cache,3,198.716631
string128,sip,1024,iter-density-half,hashlink,4,603.340345
string128,sip,1024,iter-density-half,micro,4,251.371900
string128,sip,1024,iter-density-half,baseline,4,255.566672
string128,sip,1024,iter-density-half,quick_cache,4,195.363997
string128,sip,1024,iter-density-half,lru,4,607.703427
string128,sip,1024,iter-front,micro,0,250.891293
string128,sip,1024,iter-front,baseline,0,249.222895
string128,sip,1024,iter-front,quick_cache,0,189.691162
string128,sip,1024,iter-front,lru,0,1.234283
string128,sip,1024,iter-front,hashlink,0,1.188002
string128,sip,1024,iter-front,baseline,1,269.199230
string128,sip,1024,iter-front,quick_cache,1,186.599155
string128,sip,1024,iter-front,lru,1,1.230460
string128,sip,1024,iter-front,hashlink,1,1.195928
string128,sip,1024,iter-front,micro,1,251.714058
string128,sip,1024,iter-front,quick_cache,2,194.096526
string128,sip,1024,iter-front,lru,2,1.218672
string128,sip,1024,iter-front,hashlink,2,1.196035
string128,sip,1024,iter-front,micro,2,250.755515
string128,sip,1024,iter-front,baseline,2,252.138609
string128,sip,1024,iter-front,lru,3,1.229669
string128,sip,1024,iter-front,hashlink,3,1.178474
string128,sip,1024,iter-front,micro,3,266.686612
string128,sip,1024,iter-front,baseline,3,259.929709
string128,sip,1024,iter-front,quick_cache,3,191.398278
string128,sip,1024,iter-front,hashlink,4,1.192460
string128,sip,1024,iter-front,micro,4,254.114414
string128,sip,1024,iter-front,baseline,4,250.635417
string128,sip,1024,iter-front,quick_cache,4,155.143750
string128,sip,1024,iter-front,lru,4,1.202617
string128,sip,1024,iter-back,micro,0,244.150798
string128,sip,1024,iter-back,baseline,0,247.814974
string128,sip,1024,iter-back,quick_cache,0,160.450053
string128,sip,1024,iter-back,lru,0,1.219639
string128,sip,1024,iter-back,hashlink,0,1.194998
string128,sip,1024,iter-back,baseline,1,253.547297
string128,sip,1024,iter-back,quick_cache,1,161.664871
string128,sip,1024,iter-back,lru,1,1.222119
string128,sip,1024,iter-back,hashlink,1,1.150985
string128,sip,1024,iter-back,micro,1,255.109502
string128,sip,1024,iter-back,quick_cache,2,163.006782
string128,sip,1024,iter-back,lru,2,1.209490
string128,sip,1024,iter-back,hashlink,2,1.177320
string128,sip,1024,iter-back,micro,2,253.783108
string128,sip,1024,iter-back,baseline,2,249.761054
string128,sip,1024,iter-back,lru,3,1.234088
string128,sip,1024,iter-back,hashlink,3,1.188348
string128,sip,1024,iter-back,micro,3,256.481984
string128,sip,1024,iter-back,baseline,3,267.312945
string128,sip,1024,iter-back,quick_cache,3,167.506027
string128,sip,1024,iter-back,hashlink,4,1.184071
string128,sip,1024,iter-back,micro,4,255.084494
string128,sip,1024,iter-back,baseline,4,251.466153
string128,sip,1024,iter-back,quick_cache,4,163.072935
string128,sip,1024,iter-back,lru,4,1.218815
string128,sip,1024,iter-empty,micro,0,252.198085
string128,sip,1024,iter-empty,baseline,0,251.577916
string128,sip,1024,iter-empty,quick_cache,0,162.417982
string128,sip,1024,iter-empty,lru,0,0.977764
string128,sip,1024,iter-empty,hashlink,0,1.002031
string128,sip,1024,iter-empty,baseline,1,252.555108
string128,sip,1024,iter-empty,quick_cache,1,163.563426
string128,sip,1024,iter-empty,lru,1,0.975546
string128,sip,1024,iter-empty,hashlink,1,0.995952
string128,sip,1024,iter-empty,micro,1,253.042874
string128,sip,1024,iter-empty,quick_cache,2,162.137468
string128,sip,1024,iter-empty,lru,2,0.980649
string128,sip,1024,iter-empty,hashlink,2,0.992757
string128,sip,1024,iter-empty,micro,2,254.710789
string128,sip,1024,iter-empty,baseline,2,247.725676
string128,sip,1024,iter-empty,lru,3,0.968452
string128,sip,1024,iter-empty,hashlink,3,0.990334
string128,sip,1024,iter-empty,micro,3,252.523606
string128,sip,1024,iter-empty,baseline,3,324.021907
string128,sip,1024,iter-empty,quick_cache,3,186.410226
string128,sip,1024,iter-empty,hashlink,4,1.009052
string128,sip,1024,iter-empty,micro,4,252.825219
string128,sip,1024,iter-empty,baseline,4,245.991492
string128,sip,1024,iter-empty,quick_cache,4,154.350380
string128,sip,1024,iter-empty,lru,4,0.984479
string128,sip,1024,iter-count,micro,0,247.395833
string128,sip,1024,iter-count,baseline,0,253.504488
string128,sip,1024,iter-count,quick_cache,0,454.239333
string128,sip,1024,iter-count,lru,0,0.379627
string128,sip,1024,iter-count,hashlink,0,0.380751
string128,sip,1024,iter-count,baseline,1,241.108020
string128,sip,1024,iter-count,quick_cache,1,455.797927
string128,sip,1024,iter-count,lru,1,0.375360
string128,sip,1024,iter-count,hashlink,1,0.379081
string128,sip,1024,iter-count,micro,1,242.725606
string128,sip,1024,iter-count,quick_cache,2,453.300331
string128,sip,1024,iter-count,lru,2,0.380331
string128,sip,1024,iter-count,hashlink,2,0.384385
string128,sip,1024,iter-count,micro,2,240.652902
string128,sip,1024,iter-count,baseline,2,244.004464
string128,sip,1024,iter-count,lru,3,0.380072
string128,sip,1024,iter-count,hashlink,3,0.380033
string128,sip,1024,iter-count,micro,3,244.496663
string128,sip,1024,iter-count,baseline,3,260.604688
string128,sip,1024,iter-count,quick_cache,3,510.742188
string128,sip,1024,iter-count,hashlink,4,0.382296
string128,sip,1024,iter-count,micro,4,241.898517
string128,sip,1024,iter-count,baseline,4,243.140784
string128,sip,1024,iter-count,quick_cache,4,461.407001
string128,sip,1024,iter-count,lru,4,0.383937
string128,sip,16384,get-hit,micro,0,40.195215
string128,sip,16384,get-hit,baseline,0,39.804077
string128,sip,16384,get-hit,quick_cache,0,41.073825
string128,sip,16384,get-hit,lru,0,39.842224
string128,sip,16384,get-hit,hashlink,0,39.490759
string128,sip,16384,get-hit,baseline,1,39.836121
string128,sip,16384,get-hit,quick_cache,1,41.081190
string128,sip,16384,get-hit,lru,1,40.093994
string128,sip,16384,get-hit,hashlink,1,39.620459
string128,sip,16384,get-hit,micro,1,39.819336
string128,sip,16384,get-hit,quick_cache,2,42.557888
string128,sip,16384,get-hit,lru,2,41.171604
string128,sip,16384,get-hit,hashlink,2,39.532471
string128,sip,16384,get-hit,micro,2,39.881384
string128,sip,16384,get-hit,baseline,2,40.112817
string128,sip,16384,get-hit,lru,3,40.258789
string128,sip,16384,get-hit,hashlink,3,40.007532
string128,sip,16384,get-hit,micro,3,39.775085
string128,sip,16384,get-hit,baseline,3,39.744568
string128,sip,16384,get-hit,quick_cache,3,40.839857
string128,sip,16384,get-hit,hashlink,4,39.482629
string128,sip,16384,get-hit,micro,4,39.870715
string128,sip,16384,get-hit,baseline,4,39.723206
string128,sip,16384,get-hit,quick_cache,4,41.375624
string128,sip,16384,get-hit,lru,4,40.752835
string128,sip,16384,get-miss,micro,0,26.555376
string128,sip,16384,get-miss,baseline,0,27.104335
string128,sip,16384,get-miss,quick_cache,0,27.491978
string128,sip,16384,get-miss,lru,0,26.964094
string128,sip,16384,get-miss,hashlink,0,27.199881
string128,sip,16384,get-miss,baseline,1,26.805333
string128,sip,16384,get-miss,quick_cache,1,26.937578
string128,sip,16384,get-miss,lru,1,26.886719
string128,sip,16384,get-miss,hashlink,1,27.284895
string128,sip,16384,get-miss,micro,1,26.660374
string128,sip,16384,get-miss,quick_cache,2,26.683262
string128,sip,16384,get-miss,lru,2,27.268912
string128,sip,16384,get-miss,hashlink,2,26.820949
string128,sip,16384,get-miss,micro,2,26.510690
string128,sip,16384,get-miss,baseline,2,26.522321
string128,sip,16384,get-miss,lru,3,26.736302
string128,sip,16384,get-miss,hashlink,3,27.093794
string128,sip,16384,get-miss,micro,3,26.521223
string128,sip,16384,get-miss,baseline,3,29.105553
string128,sip,16384,get-miss,quick_cache,3,28.174373
string128,sip,16384,get-miss,hashlink,4,28.313664
string128,sip,16384,get-miss,micro,4,28.242450
string128,sip,16384,get-miss,baseline,4,28.172450
string128,sip,16384,get-miss,quick_cache,4,28.876671
string128,sip,16384,get-miss,lru,4,28.668138
string128,sip,16384,update,micro,0,54.891689
string128,sip,16384,update,baseline,0,54.784127
string128,sip,16384,update,quick_cache,0,187.739014
string128,sip,16384,update,lru,0,55.007202
string128,sip,16384,update,hashlink,0,57.535069
string128,sip,16384,update,baseline,1,54.906930
string128,sip,16384,update,quick_cache,1,188.280701
string128,sip,16384,update,lru,1,54.862619
string128,sip,16384,update,hashlink,1,57.092582
string128,sip,16384,update,micro,1,58.331438
string128,sip,16384,update,quick_cache,2,188.557983
string128,sip,16384,update,lru,2,54.593035
string128,sip,16384,update,hashlink,2,54.780500
string128,sip,16384,update,micro,2,54.951991
string128,sip,16384,update,baseline,2,54.849522
string128,sip,16384,update,lru,3,55.629185
string128,sip,16384,update,hashlink,3,54.648263
string128,sip,16384,update,micro,3,54.742711
string128,sip,16384,update,baseline,3,55.854440
string128,sip,16384,update,quick_cache,3,196.049988
string128,sip,16384,update,hashlink,4,54.526925
string128,sip,16384,update,micro,4,55.207746
string128,sip,16384,update,baseline,4,55.908203
string128,sip,16384,update,quick_cache,4,201.080322
string128,sip,16384,update,lru,4,56.897130
string128,sip,16384,insert-cycle,micro,0,72.732925
string128,sip,16384,insert-cycle,baseline,0,74.155807
string128,sip,16384,insert-cycle,quick_cache,0,92.514038
string128,sip,16384,insert-cycle,lru,0,126.459747
string128,sip,16384,insert-cycle,hashlink,0,123.669922
string128,sip,16384,insert-cycle,baseline,1,72.378159
string128,sip,16384,insert-cycle,quick_cache,1,91.798157
string128,sip,16384,insert-cycle,lru,1,128.810883
string128,sip,16384,insert-cycle,hashlink,1,129.440308
string128,sip,16384,insert-cycle,micro,1,72.278336
string128,sip,16384,insert-cycle,quick_cache,2,80.634430
string128,sip,16384,insert-cycle,lru,2,123.032898
string128,sip,16384,insert-cycle,hashlink,2,120.572418
string128,sip,16384,insert-cycle,micro,2,72.480515
string128,sip,16384,insert-cycle,baseline,2,73.733658
string128,sip,16384,insert-cycle,lru,3,129.366547
string128,sip,16384,insert-cycle,hashlink,3,122.992188
string128,sip,16384,insert-cycle,micro,3,73.944733
string128,sip,16384,insert-cycle,baseline,3,73.440552
string128,sip,16384,insert-cycle,quick_cache,3,96.527100
string128,sip,16384,insert-cycle,hashlink,4,123.550415
string128,sip,16384,insert-cycle,micro,4,73.814392
string128,sip,16384,insert-cycle,baseline,4,72.177887
string128,sip,16384,insert-cycle,quick_cache,4,92.032135
string128,sip,16384,insert-cycle,lru,4,130.922943
string128,sip,16384,mixed-95,micro,0,48.191711
string128,sip,16384,mixed-95,baseline,0,47.222778
string128,sip,16384,mixed-95,quick_cache,0,49.152374
string128,sip,16384,mixed-95,lru,0,47.827408
string128,sip,16384,mixed-95,hashlink,0,47.449753
string128,sip,16384,mixed-95,baseline,1,47.607422
string128,sip,16384,mixed-95,quick_cache,1,50.304413
string128,sip,16384,mixed-95,lru,1,47.591522
string128,sip,16384,mixed-95,hashlink,1,48.021317
string128,sip,16384,mixed-95,micro,1,47.764465
string128,sip,16384,mixed-95,quick_cache,2,49.180359
string128,sip,16384,mixed-95,lru,2,47.679901
string128,sip,16384,mixed-95,hashlink,2,47.896698
string128,sip,16384,mixed-95,micro,2,43.993340
string128,sip,16384,mixed-95,baseline,2,46.623230
string128,sip,16384,mixed-95,lru,3,44.306437
string128,sip,16384,mixed-95,hashlink,3,44.031209
string128,sip,16384,mixed-95,micro,3,48.438385
string128,sip,16384,mixed-95,baseline,3,45.516968
string128,sip,16384,mixed-95,quick_cache,3,46.143845
string128,sip,16384,mixed-95,hashlink,4,45.479669
string128,sip,16384,mixed-95,micro,4,44.981784
string128,sip,16384,mixed-95,baseline,4,44.690728
string128,sip,16384,mixed-95,quick_cache,4,47.163651
string128,sip,16384,mixed-95,lru,4,44.124471
string128,sip,16384,load-hit,micro,0,51.653549
string128,sip,16384,load-hit,baseline,0,51.518112
string128,sip,16384,load-hit,quick_cache,0,45.400553
string128,sip,16384,load-hit,lru,0,42.857422
string128,sip,16384,load-hit,hashlink,0,39.313757
string128,sip,16384,load-hit,baseline,1,51.575974
string128,sip,16384,load-hit,quick_cache,1,45.965820
string128,sip,16384,load-hit,lru,1,43.462687
string128,sip,16384,load-hit,hashlink,1,42.478204
string128,sip,16384,load-hit,micro,1,53.995047
string128,sip,16384,load-hit,quick_cache,2,45.414673
string128,sip,16384,load-hit,lru,2,43.087986
string128,sip,16384,load-hit,hashlink,2,40.291846
string128,sip,16384,load-hit,micro,2,50.706238
string128,sip,16384,load-hit,baseline,2,51.328659
string128,sip,16384,load-hit,lru,3,43.026964
string128,sip,16384,load-hit,hashlink,3,39.677429
string128,sip,16384,load-hit,micro,3,50.835922
string128,sip,16384,load-hit,baseline,3,50.866455
string128,sip,16384,load-hit,quick_cache,3,45.250231
string128,sip,16384,load-hit,hashlink,4,39.661670
string128,sip,16384,load-hit,micro,4,50.977707
string128,sip,16384,load-hit,baseline,4,50.940201
string128,sip,16384,load-hit,quick_cache,4,47.126770
string128,sip,16384,load-hit,lru,4,43.311225
string128,sip,16384,load-cycle,micro,0,71.615219
string128,sip,16384,load-cycle,baseline,0,72.170258
string128,sip,16384,load-cycle,quick_cache,0,66.755295
string128,sip,16384,load-cycle,lru,0,126.312256
string128,sip,16384,load-cycle,hashlink,0,144.527435
string128,sip,16384,load-cycle,baseline,1,73.575333
string128,sip,16384,load-cycle,quick_cache,1,68.120331
string128,sip,16384,load-cycle,lru,1,126.599640
string128,sip,16384,load-cycle,hashlink,1,148.460388
string128,sip,16384,load-cycle,micro,1,73.499680
string128,sip,16384,load-cycle,quick_cache,2,68.816498
string128,sip,16384,load-cycle,lru,2,129.571259
string128,sip,16384,load-cycle,hashlink,2,145.202637
string128,sip,16384,load-cycle,micro,2,73.329300
string128,sip,16384,load-cycle,baseline,2,72.243378
string128,sip,16384,load-cycle,lru,3,128.833771
string128,sip,16384,load-cycle,hashlink,3,144.971191
string128,sip,16384,load-cycle,micro,3,73.268890
string128,sip,16384,load-cycle,baseline,3,73.367432
string128,sip,16384,load-cycle,quick_cache,3,91.899872
string128,sip,16384,load-cycle,hashlink,4,148.164124
string128,sip,16384,load-cycle,micro,4,71.694061
string128,sip,16384,load-cycle,baseline,4,73.719666
string128,sip,16384,load-cycle,quick_cache,4,67.879349
string128,sip,16384,load-cycle,lru,4,127.042145
string128,sip,16384,clear-refill,micro,0,792354.250000
string128,sip,16384,clear-refill,baseline,0,792802.000000
string128,sip,16384,clear-refill,quick_cache,0,801802.000000
string128,sip,16384,clear-refill,lru,0,2205875.000000
string128,sip,16384,clear-refill,hashlink,0,1383041.666667
string128,sip,16384,clear-refill,baseline,1,842552.000000
string128,sip,16384,clear-refill,quick_cache,1,824031.250000
string128,sip,16384,clear-refill,lru,1,2265708.500000
string128,sip,16384,clear-refill,hashlink,1,1337000.000000
string128,sip,16384,clear-refill,micro,1,781864.750000
string128,sip,16384,clear-refill,quick_cache,2,849020.750000
string128,sip,16384,clear-refill,lru,2,2201208.500000
string128,sip,16384,clear-refill,hashlink,2,1350389.000000
string128,sip,16384,clear-refill,micro,2,784448.000000
string128,sip,16384,clear-refill,baseline,2,794114.750000
string128,sip,16384,clear-refill,lru,3,2190104.000000
string128,sip,16384,clear-refill,hashlink,3,1362111.000000
string128,sip,16384,clear-refill,micro,3,846906.250000
string128,sip,16384,clear-refill,baseline,3,825666.750000
string128,sip,16384,clear-refill,quick_cache,3,807677.000000
string128,sip,16384,clear-refill,hashlink,4,1378902.666667
string128,sip,16384,clear-refill,micro,4,781062.500000
string128,sip,16384,clear-refill,baseline,4,806395.750000
string128,sip,16384,clear-refill,quick_cache,4,807010.500000
string128,sip,16384,clear-refill,lru,4,2182541.500000
string128,sip,16384,clear-empty,micro,0,315.078433
string128,sip,16384,clear-empty,baseline,0,313.823499
string128,sip,16384,clear-empty,quick_cache,0,3.943216
string128,sip,16384,clear-empty,lru,0,2.146744
string128,sip,16384,clear-empty,hashlink,0,0.605785
string128,sip,16384,clear-empty,baseline,1,314.012027
string128,sip,16384,clear-empty,quick_cache,1,3.934606
string128,sip,16384,clear-empty,lru,1,2.266998
string128,sip,16384,clear-empty,hashlink,1,0.614908
string128,sip,16384,clear-empty,micro,1,436.481337
string128,sip,16384,clear-empty,quick_cache,2,3.944366
string128,sip,16384,clear-empty,lru,2,2.227785
string128,sip,16384,clear-empty,hashlink,2,0.607930
string128,sip,16384,clear-empty,micro,2,316.745038
string128,sip,16384,clear-empty,baseline,2,317.461993
string128,sip,16384,clear-empty,lru,3,2.199588
string128,sip,16384,clear-empty,hashlink,3,0.604209
string128,sip,16384,clear-empty,micro,3,316.964844
string128,sip,16384,clear-empty,baseline,3,315.224095
string128,sip,16384,clear-empty,quick_cache,3,3.935763
string128,sip,16384,clear-empty,hashlink,4,0.603889
string128,sip,16384,clear-empty,micro,4,315.716591
string128,sip,16384,clear-empty,baseline,4,313.930613
string128,sip,16384,clear-empty,quick_cache,4,3.950520
string128,sip,16384,clear-empty,lru,4,2.272114
string128,sip,16384,iter-dense,micro,0,6147.296875
string128,sip,16384,iter-dense,baseline,0,6119.628906
string128,sip,16384,iter-dense,quick_cache,0,6882.162946
string128,sip,16384,iter-dense,lru,0,23712.242188
string128,sip,16384,iter-dense,hashlink,0,25052.734375
string128,sip,16384,iter-dense,baseline,1,6058.269531
string128,sip,16384,iter-dense,quick_cache,1,7035.714286
string128,sip,16384,iter-dense,lru,1,23756.187500
string128,sip,16384,iter-dense,hashlink,1,25320.632812
string128,sip,16384,iter-dense,micro,1,6053.384766
string128,sip,16384,iter-dense,quick_cache,2,7093.562500
string128,sip,16384,iter-dense,lru,2,23831.054688
string128,sip,16384,iter-dense,hashlink,2,25299.804688
string128,sip,16384,iter-dense,micro,2,6030.761719
string128,sip,16384,iter-dense,baseline,2,6136.066406
string128,sip,16384,iter-dense,lru,3,26609.046875
string128,sip,16384,iter-dense,hashlink,3,25494.460938
string128,sip,16384,iter-dense,micro,3,6087.810547
string128,sip,16384,iter-dense,baseline,3,6082.275391
string128,sip,16384,iter-dense,quick_cache,3,7048.270089
string128,sip,16384,iter-dense,hashlink,4,23694.992188
string128,sip,16384,iter-dense,micro,4,6053.466797
string128,sip,16384,iter-dense,baseline,4,6093.179688
string128,sip,16384,iter-dense,quick_cache,4,6896.484375
string128,sip,16384,iter-dense,lru,4,25838.867188
string128,sip,16384,iter-dense-for,micro,0,6068.195312
string128,sip,16384,iter-dense-for,baseline,0,6099.365234
string128,sip,16384,iter-dense-for,quick_cache,0,8027.885417
string128,sip,16384,iter-dense-for,lru,0,19476.562500
string128,sip,16384,iter-dense-for,hashlink,0,23306.768750
string128,sip,16384,iter-dense-for,baseline,1,5843.290441
string128,sip,16384,iter-dense-for,quick_cache,1,8039.169271
string128,sip,16384,iter-dense-for,lru,1,22308.850000
string128,sip,16384,iter-dense-for,hashlink,1,23501.300000
string128,sip,16384,iter-dense-for,micro,1,5879.232422
string128,sip,16384,iter-dense-for,quick_cache,2,7831.270833
string128,sip,16384,iter-dense-for,lru,2,22229.168750
string128,sip,16384,iter-dense-for,hashlink,2,23340.887500
string128,sip,16384,iter-dense-for,micro,2,5915.201172
string128,sip,16384,iter-dense-for,baseline,2,5959.064453
string128,sip,16384,iter-dense-for,lru,3,22707.287500
string128,sip,16384,iter-dense-for,hashlink,3,23466.143750
string128,sip,16384,iter-dense-for,micro,3,5961.751953
string128,sip,16384,iter-dense-for,baseline,3,6001.708984
string128,sip,16384,iter-dense-for,quick_cache,3,7883.570312
string128,sip,16384,iter-dense-for,hashlink,4,24471.679688
string128,sip,16384,iter-dense-for,micro,4,6267.795833
string128,sip,16384,iter-dense-for,baseline,4,6124.185547
string128,sip,16384,iter-dense-for,quick_cache,4,7982.856771
string128,sip,16384,iter-dense-for,lru,4,19484.637500
string128,sip,16384,iter-density-1pct,micro,0,6140.951172
string128,sip,16384,iter-density-1pct,baseline,0,6159.179688
string128,sip,16384,iter-density-1pct,quick_cache,0,6701.915179
string128,sip,16384,iter-density-1pct,lru,0,173.571800
string128,sip,16384,iter-density-1pct,hashlink,0,173.114622
string128,sip,16384,iter-density-1pct,baseline,1,6117.187500
string128,sip,16384,iter-density-1pct,quick_cache,1,6678.558333
string128,sip,16384,iter-density-1pct,lru,1,174.312151
string128,sip,16384,iter-density-1pct,hashlink,1,172.130677
string128,sip,16384,iter-density-1pct,micro,1,6130.777344
string128,sip,16384,iter-density-1pct,quick_cache,2,6564.408333
string128,sip,16384,iter-density-1pct,lru,2,176.074402
string128,sip,16384,iter-density-1pct,hashlink,2,182.819566
string128,sip,16384,iter-density-1pct,micro,2,6123.128906
string128,sip,16384,iter-density-1pct,baseline,2,6136.636719
string128,sip,16384,iter-density-1pct,lru,3,174.464626
string128,sip,16384,iter-density-1pct,hashlink,3,171.999027
string128,sip,16384,iter-density-1pct,micro,3,6139.160156
string128,sip,16384,iter-density-1pct,baseline,3,6220.785156
string128,sip,16384,iter-density-1pct,quick_cache,3,6448.177083
string128,sip,16384,iter-density-1pct,hashlink,4,171.323791
string128,sip,16384,iter-density-1pct,micro,4,6112.630859
string128,sip,16384,iter-density-1pct,baseline,4,6209.148438
string128,sip,16384,iter-density-1pct,quick_cache,4,6664.147917
string128,sip,16384,iter-density-1pct,lru,4,173.705150
string128,sip,16384,iter-density-6pct,micro,0,5554.841912
string128,sip,16384,iter-density-6pct,baseline,0,5550.474265
string128,sip,16384,iter-density-6pct,quick_cache,0,6691.060417
string128,sip,16384,iter-density-6pct,lru,0,1279.472973
string128,sip,16384,iter-density-6pct,hashlink,0,1240.337171
string128,sip,16384,iter-density-6pct,baseline,1,5456.597222
string128,sip,16384,iter-density-6pct,quick_cache,1,6401.475000
string128,sip,16384,iter-density-6pct,lru,1,1238.452714
string128,sip,16384,iter-density-6pct,hashlink,1,1234.477796
string128,sip,16384,iter-density-6pct,micro,1,5414.352431
string128,sip,16384,iter-density-6pct,quick_cache,2,6478.385417
string128,sip,16384,iter-density-6pct,lru,2,1254.687500
string128,sip,16384,iter-density-6pct,hashlink,2,1224.482549
string128,sip,16384,iter-density-6pct,micro,2,5351.779514
string128,sip,16384,iter-density-6pct,baseline,2,5516.314338
string128,sip,16384,iter-density-6pct,lru,3,1235.231497
string128,sip,16384,iter-density-6pct,hashlink,3,1239.120477
string128,sip,16384,iter-density-6pct,micro,3,5490.234375
string128,sip,16384,iter-density-6pct,baseline,3,5495.079861
string128,sip,16384,iter-density-6pct,quick_cache,3,6567.620833
string128,sip,16384,iter-density-6pct,hashlink,4,1241.279605
string128,sip,16384,iter-density-6pct,micro,4,5468.604167
string128,sip,16384,iter-density-6pct,baseline,4,5542.816176
string128,sip,16384,iter-density-6pct,quick_cache,4,6349.133333
string128,sip,16384,iter-density-6pct,lru,4,1247.635691
string128,sip,16384,iter-density-quarter,micro,0,5745.404412
string128,sip,16384,iter-density-quarter,baseline,0,5755.819853
string128,sip,16384,iter-density-quarter,quick_cache,0,6521.702083
string128,sip,16384,iter-density-quarter,lru,0,8973.366477
string128,sip,16384,iter-density-quarter,hashlink,0,8195.963542
string128,sip,16384,iter-density-quarter,baseline,1,5747.472426
string128,sip,16384,iter-density-quarter,quick_cache,1,6826.080357
string128,sip,16384,iter-density-quarter,lru,1,10756.222222
string128,sip,16384,iter-density-quarter,hashlink,1,8612.215909
string128,sip,16384,iter-density-quarter,micro,1,5817.555147
string128,sip,16384,iter-density-quarter,quick_cache,2,6813.337054
string128,sip,16384,iter-density-quarter,lru,2,10480.034722
string128,sip,16384,iter-density-quarter,hashlink,2,8323.242188
string128,sip,16384,iter-density-quarter,micro,2,5805.836397
string128,sip,16384,iter-density-quarter,baseline,2,5750.996324
string128,sip,16384,iter-density-quarter,lru,3,10184.765625
string128,sip,16384,iter-density-quarter,hashlink,3,8331.489583
string128,sip,16384,iter-density-quarter,micro,3,5828.584559
string128,sip,16384,iter-density-quarter,baseline,3,11714.843750
string128,sip,16384,iter-density-quarter,quick_cache,3,13999.441964
string128,sip,16384,iter-density-quarter,hashlink,4,10155.600000
string128,sip,16384,iter-density-quarter,micro,4,5638.479779
string128,sip,16384,iter-density-quarter,baseline,4,5431.062500
string128,sip,16384,iter-density-quarter,quick_cache,4,6448.264583
string128,sip,16384,iter-density-quarter,lru,4,9732.812500
string128,sip,16384,iter-density-half,micro,0,5630.974265
string128,sip,16384,iter-density-half,baseline,0,5760.340074
string128,sip,16384,iter-density-half,quick_cache,0,6566.754167
string128,sip,16384,iter-density-half,lru,0,14138.392857
string128,sip,16384,iter-density-half,hashlink,0,17086.588542
string128,sip,16384,iter-density-half,baseline,1,5578.277574
string128,sip,16384,iter-density-half,quick_cache,1,6348.610417
string128,sip,16384,iter-density-half,lru,1,19501.825000
string128,sip,16384,iter-density-half,hashlink,1,14251.116071
string128,sip,16384,iter-density-half,micro,1,5577.588235
string128,sip,16384,iter-density-half,quick_cache,2,7279.646635
string128,sip,16384,iter-density-half,lru,2,17698.567708
string128,sip,16384,iter-density-half,hashlink,2,14759.303571
string128,sip,16384,iter-density-half,micro,2,5936.035156
string128,sip,16384,iter-density-half,baseline,2,5877.035156
string128,sip,16384,iter-density-half,lru,3,13555.433036
string128,sip,16384,iter-density-half,hashlink,3,15414.437500
string128,sip,16384,iter-density-half,micro,3,5845.051471
string128,sip,16384,iter-density-half,baseline,3,5953.207031
string128,sip,16384,iter-density-half,quick_cache,3,6792.410714
string128,sip,16384,iter-density-half,hashlink,4,13291.828125
string128,sip,16384,iter-density-half,micro,4,5954.914062
string128,sip,16384,iter-density-half,baseline,4,5875.896484
string128,sip,16384,iter-density-half,quick_cache,4,6776.970982
string128,sip,16384,iter-density-half,lru,4,16857.203125
string128,sip,16384,iter-front,micro,0,5470.991319
string128,sip,16384,iter-front,baseline,0,5457.755208
string128,sip,16384,iter-front,quick_cache,0,6691.666667
string128,sip,16384,iter-front,lru,0,1.223108
string128,sip,16384,iter-front,hashlink,0,1.198512
string128,sip,16384,iter-front,baseline,1,5460.503472
string128,sip,16384,iter-front,quick_cache,1,6798.828125
string128,sip,16384,iter-front,lru,1,1.228992
string128,sip,16384,iter-front,hashlink,1,1.195471
string128,sip,16384,iter-front,micro,1,5301.144097
string128,sip,16384,iter-front,quick_cache,2,6795.386161
string128,sip,16384,iter-front,lru,2,1.218815
string128,sip,16384,iter-front,hashlink,2,1.201015
string128,sip,16384,iter-front,micro,2,5497.539931
string128,sip,16384,iter-front,baseline,2,5449.074653
string128,sip,16384,iter-front,lru,3,1.251988
string128,sip,16384,iter-front,hashlink,3,1.219528
string128,sip,16384,iter-front,micro,3,5595.511029
string128,sip,16384,iter-front,baseline,3,5363.281250
string128,sip,16384,iter-front,quick_cache,3,6871.372768
string128,sip,16384,iter-front,hashlink,4,1.195105
string128,sip,16384,iter-front,micro,4,5366.970486
string128,sip,16384,iter-front,baseline,4,5477.720486
string128,sip,16384,iter-front,quick_cache,4,6767.669643
string128,sip,16384,iter-front,lru,4,1.231398
string128,sip,16384,iter-back,micro,0,5310.907986
string128,sip,16384,iter-back,baseline,0,5543.965074
string128,sip,16384,iter-back,quick_cache,0,6715.959821
string128,sip,16384,iter-back,lru,0,1.197609
string128,sip,16384,iter-back,hashlink,0,1.183204
string128,sip,16384,iter-back,baseline,1,5383.100694
string128,sip,16384,iter-back,quick_cache,1,7158.017857
string128,sip,16384,iter-back,lru,1,1.216663
string128,sip,16384,iter-back,hashlink,1,1.194785
string128,sip,16384,iter-back,micro,1,5620.863971
string128,sip,16384,iter-back,quick_cache,2,6639.410417
string128,sip,16384,iter-back,lru,2,1.191444
string128,sip,16384,iter-back,hashlink,2,1.168661
string128,sip,16384,iter-back,micro,2,5687.654412
string128,sip,16384,iter-back,baseline,2,5468.315972
string128,sip,16384,iter-back,lru,3,1.203868
string128,sip,16384,iter-back,hashlink,3,1.192248
string128,sip,16384,iter-back,micro,3,5310.402778
string128,sip,16384,iter-back,baseline,3,5375.217014
string128,sip,16384,iter-back,quick_cache,3,6615.537500
string128,sip,16384,iter-back,hashlink,4,1.198160
string128,sip,16384,iter-back,micro,4,5509.258681
string128,sip,16384,iter-back,baseline,4,5350.333333
string128,sip,16384,iter-back,quick_cache,4,6721.540179
string128,sip,16384,iter-back,lru,4,1.201138
string128,sip,16384,iter-empty,micro,0,5586.781250
string128,sip,16384,iter-empty,baseline,0,5444.517361
string128,sip,16384,iter-empty,quick_cache,0,6682.031250
string128,sip,16384,iter-empty,lru,0,0.989571
string128,sip,16384,iter-empty,hashlink,0,0.951062
string128,sip,16384,iter-empty,baseline,1,5132.264803
string128,sip,16384,iter-empty,quick_cache,1,6607.204167
string128,sip,16384,iter-empty,lru,1,0.988726
string128,sip,16384,iter-empty,hashlink,1,0.998360
string128,sip,16384,iter-empty,micro,1,5493.923611
string128,sip,16384,iter-empty,quick_cache,2,6869.140625
string128,sip,16384,iter-empty,lru,2,1.007176
string128,sip,16384,iter-empty,hashlink,2,1.013985
string128,sip,16384,iter-empty,micro,2,5494.574653
string128,sip,16384,iter-empty,baseline,2,5422.164931
string128,sip,16384,iter-empty,lru,3,0.998998
string128,sip,16384,iter-empty,hashlink,3,1.002449
string128,sip,16384,iter-empty,micro,3,5617.724265
string128,sip,16384,iter-empty,baseline,3,5674.937500
string128,sip,16384,iter-empty,quick_cache,3,6852.214286
string128,sip,16384,iter-empty,hashlink,4,1.005977
string128,sip,16384,iter-empty,micro,4,5676.700368
string128,sip,16384,iter-empty,baseline,4,5572.457721
string128,sip,16384,iter-empty,quick_cache,4,6872.209821
string128,sip,16384,iter-empty,lru,4,0.997149
string128,sip,16384,iter-count,micro,0,5558.973958
string128,sip,16384,iter-count,baseline,0,5520.345052
string128,sip,16384,iter-count,quick_cache,0,7847.494141
string128,sip,16384,iter-count,lru,0,0.389260
string128,sip,16384,iter-count,hashlink,0,0.387422
string128,sip,16384,iter-count,baseline,1,5420.084635
string128,sip,16384,iter-count,quick_cache,1,7871.582031
string128,sip,16384,iter-count,lru,1,0.385998
string128,sip,16384,iter-count,hashlink,1,0.387320
string128,sip,16384,iter-count,micro,1,5524.467448
string128,sip,16384,iter-count,quick_cache,2,7843.505859
string128,sip,16384,iter-count,lru,2,0.388860
string128,sip,16384,iter-count,hashlink,2,0.392751
string128,sip,16384,iter-count,micro,2,5898.275391
string128,sip,16384,iter-count,baseline,2,5333.170573
string128,sip,16384,iter-count,lru,3,0.386834
string128,sip,16384,iter-count,hashlink,3,0.387953
string128,sip,16384,iter-count,micro,3,5295.951823
string128,sip,16384,iter-count,baseline,3,5567.545573
string128,sip,16384,iter-count,quick_cache,3,7414.306641
string128,sip,16384,iter-count,hashlink,4,0.374772
string128,sip,16384,iter-count,micro,4,5449.381510
string128,sip,16384,iter-count,baseline,4,5343.424479
string128,sip,16384,iter-count,quick_cache,4,7785.562500
string128,sip,16384,iter-count,lru,4,0.392496
string128,ahash,128,get-hit,micro,0,11.451797
string128,ahash,128,get-hit,baseline,0,11.501949
string128,ahash,128,get-hit,quick_cache,0,11.211818
string128,ahash,128,get-hit,lru,0,11.939591
string128,ahash,128,get-hit,hashlink,0,11.340979
string128,ahash,128,get-hit,baseline,1,11.451881
string128,ahash,128,get-hit,quick_cache,1,11.397853
string128,ahash,128,get-hit,lru,1,11.927120
string128,ahash,128,get-hit,hashlink,1,11.327418
string128,ahash,128,get-hit,micro,1,11.271314
string128,ahash,128,get-hit,quick_cache,2,11.392767
string128,ahash,128,get-hit,lru,2,11.968959
string128,ahash,128,get-hit,hashlink,2,11.414654
string128,ahash,128,get-hit,micro,2,11.290579
string128,ahash,128,get-hit,baseline,2,11.395079
string128,ahash,128,get-hit,lru,3,12.314860
string128,ahash,128,get-hit,hashlink,3,11.465706
string128,ahash,128,get-hit,micro,3,11.289347
string128,ahash,128,get-hit,baseline,3,11.195483
string128,ahash,128,get-hit,quick_cache,3,11.395696
string128,ahash,128,get-hit,hashlink,4,10.960600
string128,ahash,128,get-hit,micro,4,11.004578
string128,ahash,128,get-hit,baseline,4,11.190089
string128,ahash,128,get-hit,quick_cache,4,11.296742
string128,ahash,128,get-hit,lru,4,11.905959
string128,ahash,128,get-miss,micro,0,7.087414
string128,ahash,128,get-miss,baseline,0,7.260891
string128,ahash,128,get-miss,quick_cache,0,7.234064
string128,ahash,128,get-miss,lru,0,7.306665
string128,ahash,128,get-miss,hashlink,0,6.839704
string128,ahash,128,get-miss,baseline,1,7.113725
string128,ahash,128,get-miss,quick_cache,1,7.168499
string128,ahash,128,get-miss,lru,1,7.256003
string128,ahash,128,get-miss,hashlink,1,6.839233
string128,ahash,128,get-miss,micro,1,7.024704
string128,ahash,128,get-miss,quick_cache,2,7.084186
string128,ahash,128,get-miss,lru,2,7.263981
string128,ahash,128,get-miss,hashlink,2,6.866173
string128,ahash,128,get-miss,micro,2,7.048483
string128,ahash,128,get-miss,baseline,2,7.040157
string128,ahash,128,get-miss,lru,3,7.226481
string128,ahash,128,get-miss,hashlink,3,6.818418
string128,ahash,128,get-miss,micro,3,6.941213
string128,ahash,128,get-miss,baseline,3,7.083503
string128,ahash,128,get-miss,quick_cache,3,7.094067
string128,ahash,128,get-miss,hashlink,4,6.852797
string128,ahash,128,get-miss,micro,4,7.070688
string128,ahash,128,get-miss,baseline,4,7.072449
string128,ahash,128,get-miss,quick_cache,4,7.068242
string128,ahash,128,get-miss,lru,4,7.213020
string128,ahash,128,update,micro,0,22.652416
string128,ahash,128,update,baseline,0,22.866642
string128,ahash,128,update,quick_cache,0,41.819811
string128,ahash,128,update,lru,0,24.184227
string128,ahash,128,update,hashlink,0,23.475327
string128,ahash,128,update,baseline,1,22.507611
string128,ahash,128,update,quick_cache,1,41.188558
string128,ahash,128,update,lru,1,23.654938
string128,ahash,128,update,hashlink,1,23.615524
string128,ahash,128,update,micro,1,22.584200
string128,ahash,128,update,quick_cache,2,40.852865
string128,ahash,128,update,lru,2,23.226738
string128,ahash,128,update,hashlink,2,23.545898
string128,ahash,128,update,micro,2,22.567749
string128,ahash,128,update,baseline,2,22.658706
string128,ahash,128,update,lru,3,23.624100
string128,ahash,128,update,hashlink,3,23.558937
string128,ahash,128,update,micro,3,22.522870
string128,ahash,128,update,baseline,3,22.469310
string128,ahash,128,update,quick_cache,3,41.384101
string128,ahash,128,update,hashlink,4,23.463249
string128,ahash,128,update,micro,4,22.556677
string128,ahash,128,update,baseline,4,22.572833
string128,ahash,128,update,quick_cache,4,41.456991
string128,ahash,128,update,lru,4,23.477554
string128,ahash,128,insert-cycle,micro,0,53.392827
string128,ahash,128,insert-cycle,baseline,0,53.419442
string128,ahash,128,insert-cycle,quick_cache,0,40.035183
string128,ahash,128,insert-cycle,lru,0,68.130758
string128,ahash,128,insert-cycle,hashlink,0,58.160253
string128,ahash,128,insert-cycle,baseline,1,51.136498
string128,ahash,128,insert-cycle,quick_cache,1,37.308817
string128,ahash,128,insert-cycle,lru,1,67.698029
string128,ahash,128,insert-cycle,hashlink,1,60.705441
string128,ahash,128,insert-cycle,micro,1,50.065110
string128,ahash,128,insert-cycle,quick_cache,2,39.930006
string128,ahash,128,insert-cycle,lru,2,65.157509
string128,ahash,128,insert-cycle,hashlink,2,57.499100
string128,ahash,128,insert-cycle,micro,2,51.937137
string128,ahash,128,insert-cycle,baseline,2,53.695330
string128,ahash,128,insert-cycle,lru,3,64.755387
string128,ahash,128,insert-cycle,hashlink,3,59.546340
string128,ahash,128,insert-cycle,micro,3,50.100995
string128,ahash,128,insert-cycle,baseline,3,51.645960
string128,ahash,128,insert-cycle,quick_cache,3,37.871724
string128,ahash,128,insert-cycle,hashlink,4,57.297237
string128,ahash,128,insert-cycle,micro,4,50.549737
string128,ahash,128,insert-cycle,baseline,4,51.366898
string128,ahash,128,insert-cycle,quick_cache,4,38.286874
string128,ahash,128,insert-cycle,lru,4,67.359442
string128,ahash,128,mixed-95,micro,0,16.086081
string128,ahash,128,mixed-95,baseline,0,16.064851
string128,ahash,128,mixed-95,quick_cache,0,19.167578
string128,ahash,128,mixed-95,lru,0,17.320806
string128,ahash,128,mixed-95,hashlink,0,17.028115
string128,ahash,128,mixed-95,baseline,1,16.010673
string128,ahash,128,mixed-95,quick_cache,1,19.093829
string128,ahash,128,mixed-95,lru,1,17.507644
string128,ahash,128,mixed-95,hashlink,1,17.233415
string128,ahash,128,mixed-95,micro,1,16.155300
string128,ahash,128,mixed-95,quick_cache,2,19.143677
string128,ahash,128,mixed-95,lru,2,17.342768
string128,ahash,128,mixed-95,hashlink,2,17.047308
string128,ahash,128,mixed-95,micro,2,16.213459
string128,ahash,128,mixed-95,baseline,2,16.159281
string128,ahash,128,mixed-95,lru,3,17.509824
string128,ahash,128,mixed-95,hashlink,3,16.848244
string128,ahash,128,mixed-95,micro,3,15.790095
string128,ahash,128,mixed-95,baseline,3,15.743042
string128,ahash,128,mixed-95,quick_cache,3,18.831384
string128,ahash,128,mixed-95,hashlink,4,17.102556
string128,ahash,128,mixed-95,micro,4,15.711675
string128,ahash,128,mixed-95,baseline,4,15.801534
string128,ahash,128,mixed-95,quick_cache,4,18.875122
string128,ahash,128,mixed-95,lru,4,17.210066
string128,ahash,128,load-hit,micro,0,23.545265
string128,ahash,128,load-hit,baseline,0,23.116753
string128,ahash,128,load-hit,quick_cache,0,13.113111
string128,ahash,128,load-hit,lru,0,12.495081
string128,ahash,128,load-hit,hashlink,0,11.425134
string128,ahash,128,load-hit,baseline,1,22.983238
string128,ahash,128,load-hit,quick_cache,1,13.105303
string128,ahash,128,load-hit,lru,1,12.588839
string128,ahash,128,load-hit,hashlink,1,11.353771
string128,ahash,128,load-hit,micro,1,23.173973
string128,ahash,128,load-hit,quick_cache,2,13.319650
string128,ahash,128,load-hit,lru,2,13.068014
string128,ahash,128,load-hit,hashlink,2,11.552967
string128,ahash,128,load-hit,micro,2,23.312889
string128,ahash,128,load-hit,baseline,2,23.103073
string128,ahash,128,load-hit,lru,3,12.657605
string128,ahash,128,load-hit,hashlink,3,11.416811
string128,ahash,128,load-hit,micro,3,23.195267
string128,ahash,128,load-hit,baseline,3,22.719138
string128,ahash,128,load-hit,quick_cache,3,13.131099
string128,ahash,128,load-hit,hashlink,4,11.407101
string128,ahash,128,load-hit,micro,4,23.319565
string128,ahash,128,load-hit,baseline,4,23.185097
string128,ahash,128,load-hit,quick_cache,4,13.136911
string128,ahash,128,load-hit,lru,4,12.561882
string128,ahash,128,load-cycle,micro,0,52.774524
string128,ahash,128,load-cycle,baseline,0,54.304724
string128,ahash,128,load-cycle,quick_cache,0,24.338758
string128,ahash,128,load-cycle,lru,0,61.820844
string128,ahash,128,load-cycle,hashlink,0,64.232561
string128,ahash,128,load-cycle,baseline,1,51.712641
string128,ahash,128,load-cycle,quick_cache,1,24.399851
string128,ahash,128,load-cycle,lru,1,62.801136
string128,ahash,128,load-cycle,hashlink,1,62.989138
string128,ahash,128,load-cycle,micro,1,53.014428
string128,ahash,128,load-cycle,quick_cache,2,24.543794
string128,ahash,128,load-cycle,lru,2,64.208525
string128,ahash,128,load-cycle,hashlink,2,67.000558
string128,ahash,128,load-cycle,micro,2,54.623165
string128,ahash,128,load-cycle,baseline,2,53.885644
string128,ahash,128,load-cycle,lru,3,63.079301
string128,ahash,128,load-cycle,hashlink,3,62.103009
string128,ahash,128,load-cycle,micro,3,53.379492
string128,ahash,128,load-cycle,baseline,3,54.534575
string128,ahash,128,load-cycle,quick_cache,3,24.330654
string128,ahash,128,load-cycle,hashlink,4,63.659565
string128,ahash,128,load-cycle,micro,4,53.702768
string128,ahash,128,load-cycle,baseline,4,53.880411
string128,ahash,128,load-cycle,quick_cache,4,24.524729
string128,ahash,128,load-cycle,lru,4,62.170180
string128,ahash,128,clear-refill,micro,0,2879.598848
string128,ahash,128,clear-refill,baseline,0,2887.752647
string128,ahash,128,clear-refill,quick_cache,0,3086.416238
string128,ahash,128,clear-refill,lru,0,6632.911700
string128,ahash,128,clear-refill,hashlink,0,3998.501997
string128,ahash,128,clear-refill,baseline,1,2880.118042
string128,ahash,128,clear-refill,quick_cache,1,3343.402004
string128,ahash,128,clear-refill,lru,1,6610.682819
string128,ahash,128,clear-refill,hashlink,1,3970.293651
string128,ahash,128,clear-refill,micro,1,2899.678261
string128,ahash,128,clear-refill,quick_cache,2,3429.475429
string128,ahash,128,clear-refill,lru,2,7136.876485
string128,ahash,128,clear-refill,hashlink,2,4079.597826
string128,ahash,128,clear-refill,micro,2,2945.289500
string128,ahash,128,clear-refill,baseline,2,2951.819076
string128,ahash,128,clear-refill,lru,3,7266.242131
string128,ahash,128,clear-refill,hashlink,3,4038.189771
string128,ahash,128,clear-refill,micro,3,2923.198637
string128,ahash,128,clear-refill,baseline,3,2893.282546
string128,ahash,128,clear-refill,quick_cache,3,3138.554393
string128,ahash,128,clear-refill,hashlink,4,3978.366887
string128,ahash,128,clear-refill,micro,4,2911.736178
string128,ahash,128,clear-refill,baseline,4,2880.677543
string128,ahash,128,clear-refill,quick_cache,4,3470.953757
string128,ahash,128,clear-refill,lru,4,7224.360577
string128,ahash,128,clear-empty,micro,0,49.186340
string128,ahash,128,clear-empty,baseline,0,49.368386
string128,ahash,128,clear-empty,quick_cache,0,3.938354
string128,ahash,128,clear-empty,lru,0,2.179349
string128,ahash,128,clear-empty,hashlink,0,0.603655
string128,ahash,128,clear-empty,baseline,1,48.428622
string128,ahash,128,clear-empty,quick_cache,1,3.950300
string128,ahash,128,clear-empty,lru,1,2.191894
string128,ahash,128,clear-empty,hashlink,1,0.611307
string128,ahash,128,clear-empty,micro,1,48.427960
string128,ahash,128,clear-empty,quick_cache,2,3.881404
string128,ahash,128,clear-empty,lru,2,2.191104
string128,ahash,128,clear-empty,hashlink,2,0.613909
string128,ahash,128,clear-empty,micro,2,48.668066
string128,ahash,128,clear-empty,baseline,2,49.477799
string128,ahash,128,clear-empty,lru,3,2.226660
string128,ahash,128,clear-empty,hashlink,3,0.636163
string128,ahash,128,clear-empty,micro,3,40.652371
string128,ahash,128,clear-empty,baseline,3,40.822903
string128,ahash,128,clear-empty,quick_cache,3,3.857390
string128,ahash,128,clear-empty,hashlink,4,0.608229
string128,ahash,128,clear-empty,micro,4,47.994388
string128,ahash,128,clear-empty,baseline,4,48.107710
string128,ahash,128,clear-empty,quick_cache,4,3.924783
string128,ahash,128,clear-empty,lru,4,2.216348
string128,ahash,128,iter-dense,micro,0,37.931078
string128,ahash,128,iter-dense,baseline,0,37.607388
string128,ahash,128,iter-dense,quick_cache,0,29.735232
string128,ahash,128,iter-dense,lru,0,129.910751
string128,ahash,128,iter-dense,hashlink,0,127.173653
string128,ahash,128,iter-dense,baseline,1,37.933708
string128,ahash,128,iter-dense,quick_cache,1,30.204645
string128,ahash,128,iter-dense,lru,1,128.909813
string128,ahash,128,iter-dense,hashlink,1,127.001607
string128,ahash,128,iter-dense,micro,1,37.792951
string128,ahash,128,iter-dense,quick_cache,2,29.374785
string128,ahash,128,iter-dense,lru,2,130.038575
string128,ahash,128,iter-dense,hashlink,2,126.574435
string128,ahash,128,iter-dense,micro,2,37.453088
string128,ahash,128,iter-dense,baseline,2,37.943267
string128,ahash,128,iter-dense,lru,3,127.778014
string128,ahash,128,iter-dense,hashlink,3,128.472817
string128,ahash,128,iter-dense,micro,3,38.233910
string128,ahash,128,iter-dense,baseline,3,39.515737
string128,ahash,128,iter-dense,quick_cache,3,30.388979
string128,ahash,128,iter-dense,hashlink,4,129.551882
string128,ahash,128,iter-dense,micro,4,37.611036
string128,ahash,128,iter-dense,baseline,4,37.954333
string128,ahash,128,iter-dense,quick_cache,4,30.767968
string128,ahash,128,iter-dense,lru,4,134.457826
string128,ahash,128,iter-dense-for,micro,0,37.586110
string128,ahash,128,iter-dense-for,baseline,0,37.885101
string128,ahash,128,iter-dense-for,quick_cache,0,67.518966
string128,ahash,128,iter-dense-for,lru,0,79.131514
string128,ahash,128,iter-dense-for,hashlink,0,70.047984
string128,ahash,128,iter-dense-for,baseline,1,37.654794
string128,ahash,128,iter-dense-for,quick_cache,1,38.571884
string128,ahash,128,iter-dense-for,lru,1,79.231340
string128,ahash,128,iter-dense-for,hashlink,1,70.563323
string128,ahash,128,iter-dense-for,micro,1,37.568447
string128,ahash,128,iter-dense-for,quick_cache,2,38.244711
string128,ahash,128,iter-dense-for,lru,2,78.925110
string128,ahash,128,iter-dense-for,hashlink,2,70.634083
string128,ahash,128,iter-dense-for,micro,2,37.600128
string128,ahash,128,iter-dense-for,baseline,2,37.703873
string128,ahash,128,iter-dense-for,lru,3,78.916325
string128,ahash,128,iter-dense-for,hashlink,3,69.919253
string128,ahash,128,iter-dense-for,micro,3,37.770376
string128,ahash,128,iter-dense-for,baseline,3,38.814595
string128,ahash,128,iter-dense-for,quick_cache,3,38.814052
string128,ahash,128,iter-dense-for,hashlink,4,71.620560
string128,ahash,128,iter-dense-for,micro,4,37.909952
string128,ahash,128,iter-dense-for,baseline,4,38.030224
string128,ahash,128,iter-dense-for,quick_cache,4,39.208939
string128,ahash,128,iter-dense-for,lru,4,82.977268
string128,ahash,128,iter-density-1pct,micro,0,36.902093
string128,ahash,128,iter-density-1pct,baseline,0,36.119776
string128,ahash,128,iter-density-1pct,quick_cache,0,26.813537
string128,ahash,128,iter-density-1pct,lru,0,1.292782
string128,ahash,128,iter-density-1pct,hashlink,0,1.278659
string128,ahash,128,iter-density-1pct,baseline,1,37.540970
string128,ahash,128,iter-density-1pct,quick_cache,1,27.085364
string128,ahash,128,iter-density-1pct,lru,1,1.291643
string128,ahash,128,iter-density-1pct,hashlink,1,1.273275
string128,ahash,128,iter-density-1pct,micro,1,37.681396
string128,ahash,128,iter-density-1pct,quick_cache,2,26.795227
string128,ahash,128,iter-density-1pct,lru,2,1.294496
string128,ahash,128,iter-density-1pct,hashlink,2,1.264653
string128,ahash,128,iter-density-1pct,micro,2,37.442692
string128,ahash,128,iter-density-1pct,baseline,2,36.862163
string128,ahash,128,iter-density-1pct,lru,3,1.288465
string128,ahash,128,iter-density-1pct,hashlink,3,1.266071
string128,ahash,128,iter-density-1pct,micro,3,37.767230
string128,ahash,128,iter-density-1pct,baseline,3,36.953094
string128,ahash,128,iter-density-1pct,quick_cache,3,26.189700
string128,ahash,128,iter-density-1pct,hashlink,4,1.274504
string128,ahash,128,iter-density-1pct,micro,4,38.040378
string128,ahash,128,iter-density-1pct,baseline,4,39.574201
string128,ahash,128,iter-density-1pct,quick_cache,4,26.122936
string128,ahash,128,iter-density-1pct,lru,4,1.264278
string128,ahash,128,iter-density-6pct,micro,0,34.303913
string128,ahash,128,iter-density-6pct,baseline,0,34.309641
string128,ahash,128,iter-density-6pct,quick_cache,0,25.907468
string128,ahash,128,iter-density-6pct,lru,0,3.476085
string128,ahash,128,iter-density-6pct,hashlink,0,3.108628
string128,ahash,128,iter-density-6pct,baseline,1,34.644452
string128,ahash,128,iter-density-6pct,quick_cache,1,23.363195
string128,ahash,128,iter-density-6pct,lru,1,3.476004
string128,ahash,128,iter-density-6pct,hashlink,1,3.136501
string128,ahash,128,iter-density-6pct,micro,1,34.531354
string128,ahash,128,iter-density-6pct,quick_cache,2,23.592484
string128,ahash,128,iter-density-6pct,lru,2,3.476906
string128,ahash,128,iter-density-6pct,hashlink,2,3.136692
string128,ahash,128,iter-density-6pct,micro,2,34.623004
string128,ahash,128,iter-density-6pct,baseline,2,34.602744
string128,ahash,128,iter-density-6pct,lru,3,3.475747
string128,ahash,128,iter-density-6pct,hashlink,3,3.155928
string128,ahash,128,iter-density-6pct,micro,3,37.927918
string128,ahash,128,iter-density-6pct,baseline,3,37.942205
string128,ahash,128,iter-density-6pct,quick_cache,3,26.128763
string128,ahash,128,iter-density-6pct,hashlink,4,3.151049
string128,ahash,128,iter-density-6pct,micro,4,37.594389
string128,ahash,128,iter-density-6pct,baseline,4,34.298990
string128,ahash,128,iter-density-6pct,quick_cache,4,26.406884
string128,ahash,128,iter-density-6pct,lru,4,3.627394
string128,ahash,128,iter-density-quarter,micro,0,37.038914
string128,ahash,128,iter-density-quarter,baseline,0,34.858562
string128,ahash,128,iter-density-quarter,quick_cache,0,28.969648
string128,ahash,128,iter-density-quarter,lru,0,18.063584
string128,ahash,128,iter-density-quarter,hashlink,0,17.501441
string128,ahash,128,iter-density-quarter,baseline,1,35.772773
string128,ahash,128,iter-density-quarter,quick_cache,1,24.954809
string128,ahash,128,iter-density-quarter,lru,1,18.391863
string128,ahash,128,iter-density-quarter,hashlink,1,18.099210
string128,ahash,128,iter-density-quarter,micro,1,35.568712
string128,ahash,128,iter-density-quarter,quick_cache,2,24.989106
string128,ahash,128,iter-density-quarter,lru,2,17.966457
string128,ahash,128,iter-density-quarter,hashlink,2,17.338635
string128,ahash,128,iter-density-quarter,micro,2,34.114678
string128,ahash,128,iter-density-quarter,baseline,2,35.076366
string128,ahash,128,iter-density-quarter,lru,3,17.541949
string128,ahash,128,iter-density-quarter,hashlink,3,17.875900
string128,ahash,128,iter-density-quarter,micro,3,35.187523
string128,ahash,128,iter-density-quarter,baseline,3,35.665890
string128,ahash,128,iter-density-quarter,quick_cache,3,24.825424
string128,ahash,128,iter-density-quarter,hashlink,4,18.086751
string128,ahash,128,iter-density-quarter,micro,4,35.654800
string128,ahash,128,iter-density-quarter,baseline,4,36.117765
string128,ahash,128,iter-density-quarter,quick_cache,4,25.366317
string128,ahash,128,iter-density-quarter,lru,4,20.374973
string128,ahash,128,iter-density-half,micro,0,36.145612
string128,ahash,128,iter-density-half,baseline,0,39.702516
string128,ahash,128,iter-density-half,quick_cache,0,25.060495
string128,ahash,128,iter-density-half,lru,0,50.338835
string128,ahash,128,iter-density-half,hashlink,0,49.098773
string128,ahash,128,iter-density-half,baseline,1,35.319562
string128,ahash,128,iter-density-half,quick_cache,1,24.695343
string128,ahash,128,iter-density-half,lru,1,48.421770
string128,ahash,128,iter-density-half,hashlink,1,48.655472
string128,ahash,128,iter-density-half,micro,1,36.298539
string128,ahash,128,iter-density-half,quick_cache,2,25.089753
string128,ahash,128,iter-density-half,lru,2,49.491524
string128,ahash,128,iter-density-half,hashlink,2,48.011073
string128,ahash,128,iter-density-half,micro,2,36.716817
string128,ahash,128,iter-density-half,baseline,2,36.846144
string128,ahash,128,iter-density-half,lru,3,48.925584
string128,ahash,128,iter-density-half,hashlink,3,48.690210
string128,ahash,128,iter-density-half,micro,3,36.597080
string128,ahash,128,iter-density-half,baseline,3,36.814659
string128,ahash,128,iter-density-half,quick_cache,3,25.292453
string128,ahash,128,iter-density-half,hashlink,4,48.912004
string128,ahash,128,iter-density-half,micro,4,36.848698
string128,ahash,128,iter-density-half,baseline,4,36.803792
string128,ahash,128,iter-density-half,quick_cache,4,25.170587
string128,ahash,128,iter-density-half,lru,4,49.366086
string128,ahash,128,iter-front,micro,0,36.000984
string128,ahash,128,iter-front,baseline,0,35.875538
string128,ahash,128,iter-front,quick_cache,0,22.371533
string128,ahash,128,iter-front,lru,0,1.235324
string128,ahash,128,iter-front,hashlink,0,1.150561
string128,ahash,128,iter-front,baseline,1,36.566510
string128,ahash,128,iter-front,quick_cache,1,22.051505
string128,ahash,128,iter-front,lru,1,1.191944
string128,ahash,128,iter-front,hashlink,1,1.132972
string128,ahash,128,iter-front,micro,1,36.843578
string128,ahash,128,iter-front,quick_cache,2,22.002494
string128,ahash,128,iter-front,lru,2,1.223172
string128,ahash,128,iter-front,hashlink,2,1.149672
string128,ahash,128,iter-front,micro,2,36.402732
string128,ahash,128,iter-front,baseline,2,35.450626
string128,ahash,128,iter-front,lru,3,1.186078
string128,ahash,128,iter-front,hashlink,3,1.161278
string128,ahash,128,iter-front,micro,3,36.564986
string128,ahash,128,iter-front,baseline,3,35.298416
string128,ahash,128,iter-front,quick_cache,3,21.787125
string128,ahash,128,iter-front,hashlink,4,1.139444
string128,ahash,128,iter-front,micro,4,36.081089
string128,ahash,128,iter-front,baseline,4,35.531724
string128,ahash,128,iter-front,quick_cache,4,21.780633
string128,ahash,128,iter-front,lru,4,1.194465
string128,ahash,128,iter-back,micro,0,36.985848
string128,ahash,128,iter-back,baseline,0,36.177529
string128,ahash,128,iter-back,quick_cache,0,21.505877
string128,ahash,128,iter-back,lru,0,1.196508
string128,ahash,128,iter-back,hashlink,0,1.169200
string128,ahash,128,iter-back,baseline,1,39.792020
string128,ahash,128,iter-back,quick_cache,1,21.559676
string128,ahash,128,iter-back,lru,1,1.180299
string128,ahash,128,iter-back,hashlink,1,1.163137
string128,ahash,128,iter-back,micro,1,37.031719
string128,ahash,128,iter-back,quick_cache,2,21.659585
string128,ahash,128,iter-back,lru,2,1.171143
string128,ahash,128,iter-back,hashlink,2,1.155510
string128,ahash,128,iter-back,micro,2,37.496451
string128,ahash,128,iter-back,baseline,2,36.123279
string128,ahash,128,iter-back,lru,3,1.170003
string128,ahash,128,iter-back,hashlink,3,1.146200
string128,ahash,128,iter-back,micro,3,36.836791
string128,ahash,128,iter-back,baseline,3,36.390122
string128,ahash,128,iter-back,quick_cache,3,21.641274
string128,ahash,128,iter-back,hashlink,4,1.129709
string128,ahash,128,iter-back,micro,4,36.913558
string128,ahash,128,iter-back,baseline,4,35.984675
string128,ahash,128,iter-back,quick_cache,4,21.542423
string128,ahash,128,iter-back,lru,4,1.173753
string128,ahash,128,iter-empty,micro,0,36.487719
string128,ahash,128,iter-empty,baseline,0,35.657284
string128,ahash,128,iter-empty,quick_cache,0,21.549163
string128,ahash,128,iter-empty,lru,0,0.979204
string128,ahash,128,iter-empty,hashlink,0,0.992400
string128,ahash,128,iter-empty,baseline,1,36.568533
string128,ahash,128,iter-empty,quick_cache,1,23.991252
string128,ahash,128,iter-empty,lru,1,0.995625
string128,ahash,128,iter-empty,hashlink,1,0.944232
string128,ahash,128,iter-empty,micro,1,34.515033
string128,ahash,128,iter-empty,quick_cache,2,20.643267
string128,ahash,128,iter-empty,lru,2,0.968142
string128,ahash,128,iter-empty,hashlink,2,0.970417
string128,ahash,128,iter-empty,micro,2,34.877709
string128,ahash,128,iter-empty,baseline,2,34.974613
string128,ahash,128,iter-empty,lru,3,0.970818
string128,ahash,128,iter-empty,hashlink,3,0.975678
string128,ahash,128,iter-empty,micro,3,35.718750
string128,ahash,128,iter-empty,baseline,3,35.534187
string128,ahash,128,iter-empty,quick_cache,3,22.105331
string128,ahash,128,iter-empty,hashlink,4,0.970648
string128,ahash,128,iter-empty,micro,4,35.692044
string128,ahash,128,iter-empty,baseline,4,35.713573
string128,ahash,128,iter-empty,quick_cache,4,21.631287
string128,ahash,128,iter-empty,lru,4,0.957805
string128,ahash,128,iter-count,micro,0,35.432602
string128,ahash,128,iter-count,baseline,0,35.118731
string128,ahash,128,iter-count,quick_cache,0,52.049485
string128,ahash,128,iter-count,lru,0,0.387415
string128,ahash,128,iter-count,hashlink,0,0.388700
string128,ahash,128,iter-count,baseline,1,35.463581
string128,ahash,128,iter-count,quick_cache,1,51.965224
string128,ahash,128,iter-count,lru,1,0.392580
string128,ahash,128,iter-count,hashlink,1,0.402352
string128,ahash,128,iter-count,micro,1,37.736347
string128,ahash,128,iter-count,quick_cache,2,51.713364
string128,ahash,128,iter-count,lru,2,0.389248
string128,ahash,128,iter-count,hashlink,2,0.388798
string128,ahash,128,iter-count,micro,2,35.579924
string128,ahash,128,iter-count,baseline,2,35.583381
string128,ahash,128,iter-count,lru,3,0.387838
string128,ahash,128,iter-count,hashlink,3,0.392599
string128,ahash,128,iter-count,micro,3,35.197307
string128,ahash,128,iter-count,baseline,3,35.515803
string128,ahash,128,iter-count,quick_cache,3,53.441655
string128,ahash,128,iter-count,hashlink,4,0.410556
string128,ahash,128,iter-count,micro,4,34.968297
string128,ahash,128,iter-count,baseline,4,35.033815
string128,ahash,128,iter-count,quick_cache,4,51.676074
string128,ahash,128,iter-count,lru,4,0.391277
string128,ahash,1024,get-hit,micro,0,15.214233
string128,ahash,1024,get-hit,baseline,0,15.257363
string128,ahash,1024,get-hit,quick_cache,0,15.315801
string128,ahash,1024,get-hit,lru,0,17.077132
string128,ahash,1024,get-hit,hashlink,0,15.803441
string128,ahash,1024,get-hit,baseline,1,15.357122
string128,ahash,1024,get-hit,quick_cache,1,14.946289
string128,ahash,1024,get-hit,lru,1,16.861883
string128,ahash,1024,get-hit,hashlink,1,16.052246
string128,ahash,1024,get-hit,micro,1,16.024159
string128,ahash,1024,get-hit,quick_cache,2,15.510132
string128,ahash,1024,get-hit,lru,2,16.881076
string128,ahash,1024,get-hit,hashlink,2,15.752792
string128,ahash,1024,get-hit,micro,2,15.393361
string128,ahash,1024,get-hit,baseline,2,15.443380
string128,ahash,1024,get-hit,lru,3,17.083602
string128,ahash,1024,get-hit,hashlink,3,15.893514
string128,ahash,1024,get-hit,micro,3,15.306681
string128,ahash,1024,get-hit,baseline,3,15.070596
string128,ahash,1024,get-hit,quick_cache,3,15.052285
string128,ahash,1024,get-hit,hashlink,4,16.203730
string128,ahash,1024,get-hit,micro,4,15.230918
string128,ahash,1024,get-hit,baseline,4,15.365601
string128,ahash,1024,get-hit,quick_cache,4,14.991655
string128,ahash,1024,get-hit,lru,4,16.975170
string128,ahash,1024,get-miss,micro,0,8.379042
string128,ahash,1024,get-miss,baseline,0,8.541847
string128,ahash,1024,get-miss,quick_cache,0,8.668176
string128,ahash,1024,get-miss,lru,0,8.849249
string128,ahash,1024,get-miss,hashlink,0,8.081962
string128,ahash,1024,get-miss,baseline,1,8.472212
string128,ahash,1024,get-miss,quick_cache,1,8.148193
string128,ahash,1024,get-miss,lru,1,8.155992
string128,ahash,1024,get-miss,hashlink,1,8.245964
string128,ahash,1024,get-miss,micro,1,8.509319
string128,ahash,1024,get-miss,quick_cache,2,8.578633
string128,ahash,1024,get-miss,lru,2,8.372797
string128,ahash,1024,get-miss,hashlink,2,8.145595
string128,ahash,1024,get-miss,micro,2,8.348985
string128,ahash,1024,get-miss,baseline,2,8.591408
string128,ahash,1024,get-miss,lru,3,8.464583
string128,ahash,1024,get-miss,hashlink,3,8.204709
string128,ahash,1024,get-miss,micro,3,8.341819
string128,ahash,1024,get-miss,baseline,3,8.481692
string128,ahash,1024,get-miss,quick_cache,3,8.482267
string128,ahash,1024,get-miss,hashlink,4,8.215446
string128,ahash,1024,get-miss,micro,4,8.410714
string128,ahash,1024,get-miss,baseline,4,8.466200
string128,ahash,1024,get-miss,quick_cache,4,8.493134
string128,ahash,1024,get-miss,lru,4,8.457298
string128,ahash,1024,update,micro,0,28.738948
string128,ahash,1024,update,baseline,0,28.523766
string128,ahash,1024,update,quick_cache,0,43.389214
string128,ahash,1024,update,lru,0,30.868113
string128,ahash,1024,update,hashlink,0,30.566325
string128,ahash,1024,update,baseline,1,28.692787
string128,ahash,1024,update,quick_cache,1,43.338921
string128,ahash,1024,update,lru,1,31.027476
string128,ahash,1024,update,hashlink,1,31.176249
string128,ahash,1024,update,micro,1,29.786330
string128,ahash,1024,update,quick_cache,2,43.146769
string128,ahash,1024,update,lru,2,31.222026
string128,ahash,1024,update,hashlink,2,29.307439
string128,ahash,1024,update,micro,2,28.965877
string128,ahash,1024,update,baseline,2,29.070341
string128,ahash,1024,update,lru,3,31.094025
string128,ahash,1024,update,hashlink,3,29.409940
string128,ahash,1024,update,micro,3,28.909142
string128,ahash,1024,update,baseline,3,28.741690
string128,ahash,1024,update,quick_cache,3,43.177856
string128,ahash,1024,update,hashlink,4,29.998385
string128,ahash,1024,update,micro,4,28.778076
string128,ahash,1024,update,baseline,4,28.631751
string128,ahash,1024,update,quick_cache,4,43.272230
string128,ahash,1024,update,lru,4,30.424852
string128,ahash,1024,insert-cycle,micro,0,54.473488
string128,ahash,1024,insert-cycle,baseline,0,54.890209
string128,ahash,1024,insert-cycle,quick_cache,0,35.457543
string128,ahash,1024,insert-cycle,lru,0,71.685314
string128,ahash,1024,insert-cycle,hashlink,0,63.267171
string128,ahash,1024,insert-cycle,baseline,1,54.517216
string128,ahash,1024,insert-cycle,quick_cache,1,35.621768
string128,ahash,1024,insert-cycle,lru,1,74.057007
string128,ahash,1024,insert-cycle,hashlink,1,65.555303
string128,ahash,1024,insert-cycle,micro,1,56.950496
string128,ahash,1024,insert-cycle,quick_cache,2,35.879240
string128,ahash,1024,insert-cycle,lru,2,73.513794
string128,ahash,1024,insert-cycle,hashlink,2,62.595785
string128,ahash,1024,insert-cycle,micro,2,54.311487
string128,ahash,1024,insert-cycle,baseline,2,56.909799
string128,ahash,1024,insert-cycle,lru,3,72.394485
string128,ahash,1024,insert-cycle,hashlink,3,62.641561
string128,ahash,1024,insert-cycle,micro,3,53.704398
string128,ahash,1024,insert-cycle,baseline,3,54.528501
string128,ahash,1024,insert-cycle,quick_cache,3,36.106505
string128,ahash,1024,insert-cycle,hashlink,4,64.799868
string128,ahash,1024,insert-cycle,micro,4,54.710865
string128,ahash,1024,insert-cycle,baseline,4,54.653592
string128,ahash,1024,insert-cycle,quick_cache,4,36.469738
string128,ahash,1024,insert-cycle,lru,4,72.137742
string128,ahash,1024,mixed-95,micro,0,19.362330
string128,ahash,1024,mixed-95,baseline,0,18.980914
string128,ahash,1024,mixed-95,quick_cache,0,24.038315
string128,ahash,1024,mixed-95,lru,0,22.948265
string128,ahash,1024,mixed-95,hashlink,0,21.302402
string128,ahash,1024,mixed-95,baseline,1,21.022658
string128,ahash,1024,mixed-95,quick_cache,1,24.124466
string128,ahash,1024,mixed-95,lru,1,22.147088
string128,ahash,1024,mixed-95,hashlink,1,21.216783
string128,ahash,1024,mixed-95,micro,1,20.615757
string128,ahash,1024,mixed-95,quick_cache,2,23.656845
string128,ahash,1024,mixed-95,lru,2,22.550393
string128,ahash,1024,mixed-95,hashlink,2,19.965724
string128,ahash,1024,mixed-95,micro,2,21.094428
string128,ahash,1024,mixed-95,baseline,2,21.235996
string128,ahash,1024,mixed-95,lru,3,22.675164
string128,ahash,1024,mixed-95,hashlink,3,21.132290
string128,ahash,1024,mixed-95,micro,3,21.057977
string128,ahash,1024,mixed-95,baseline,3,21.481832
string128,ahash,1024,mixed-95,quick_cache,3,24.137177
string128,ahash,1024,mixed-95,hashlink,4,19.315481
string128,ahash,1024,mixed-95,micro,4,20.169980
string128,ahash,1024,mixed-95,baseline,4,20.648532
string128,ahash,1024,mixed-95,quick_cache,4,23.927368
string128,ahash,1024,mixed-95,lru,4,21.909532
string128,ahash,1024,load-hit,micro,0,31.237701
string128,ahash,1024,load-hit,baseline,0,31.496684
string128,ahash,1024,load-hit,quick_cache,0,18.655139
string128,ahash,1024,load-hit,lru,0,19.305844
string128,ahash,1024,load-hit,hashlink,0,17.179776
string128,ahash,1024,load-hit,baseline,1,31.344096
string128,ahash,1024,load-hit,quick_cache,1,18.629456
string128,ahash,1024,load-hit,lru,1,19.287109
string128,ahash,1024,load-hit,hashlink,1,17.140941
string128,ahash,1024,load-hit,micro,1,31.325450
string128,ahash,1024,load-hit,quick_cache,2,18.792981
string128,ahash,1024,load-hit,lru,2,19.315751
string128,ahash,1024,load-hit,hashlink,2,17.926409
string128,ahash,1024,load-hit,micro,2,31.760325
string128,ahash,1024,load-hit,baseline,2,31.148275
string128,ahash,1024,load-hit,lru,3,19.233704
string128,ahash,1024,load-hit,hashlink,3,17.099326
string128,ahash,1024,load-hit,micro,3,31.496257
string128,ahash,1024,load-hit,baseline,3,31.776428
string128,ahash,1024,load-hit,quick_cache,3,18.755597
string128,ahash,1024,load-hit,hashlink,4,17.688570
string128,ahash,1024,load-hit,micro,4,32.640249
string128,ahash,1024,load-hit,baseline,4,31.942586
string128,ahash,1024,load-hit,quick_cache,4,18.754065
string128,ahash,1024,load-hit,lru,4,19.460308
string128,ahash,1024,load-cycle,micro,0,60.420723
string128,ahash,1024,load-cycle,baseline,0,61.175883
string128,ahash,1024,load-cycle,quick_cache,0,25.726854
string128,ahash,1024,load-cycle,lru,0,70.590541
string128,ahash,1024,load-cycle,hashlink,0,69.485751
string128,ahash,1024,load-cycle,baseline,1,58.971698
string128,ahash,1024,load-cycle,quick_cache,1,25.702585
string128,ahash,1024,load-cycle,lru,1,69.646662
string128,ahash,1024,load-cycle,hashlink,1,69.158381
string128,ahash,1024,load-cycle,micro,1,60.770684
string128,ahash,1024,load-cycle,quick_cache,2,25.612313
string128,ahash,1024,load-cycle,lru,2,69.242520
string128,ahash,1024,load-cycle,hashlink,2,70.158459
string128,ahash,1024,load-cycle,micro,2,59.505215
string128,ahash,1024,load-cycle,baseline,2,58.487342
string128,ahash,1024,load-cycle,lru,3,68.929954
string128,ahash,1024,load-cycle,hashlink,3,69.375710
string128,ahash,1024,load-cycle,micro,3,58.880215
string128,ahash,1024,load-cycle,baseline,3,58.322998
string128,ahash,1024,load-cycle,quick_cache,3,26.167376
string128,ahash,1024,load-cycle,hashlink,4,72.758766
string128,ahash,1024,load-cycle,micro,4,62.088847
string128,ahash,1024,load-cycle,baseline,4,60.528984
string128,ahash,1024,load-cycle,quick_cache,4,25.766113
string128,ahash,1024,load-cycle,lru,4,71.407273
string128,ahash,1024,clear-refill,micro,0,30167.500000
string128,ahash,1024,clear-refill,baseline,0,31054.556701
string128,ahash,1024,clear-refill,quick_cache,0,34072.101124
string128,ahash,1024,clear-refill,lru,0,72115.095238
string128,ahash,1024,clear-refill,hashlink,0,41142.123288
string128,ahash,1024,clear-refill,baseline,1,29949.257426
string128,ahash,1024,clear-refill,quick_cache,1,31846.052632
string128,ahash,1024,clear-refill,lru,1,71322.674419
string128,ahash,1024,clear-refill,hashlink,1,40750.567568
string128,ahash,1024,clear-refill,micro,1,30789.540816
string128,ahash,1024,clear-refill,quick_cache,2,31453.125000
string128,ahash,1024,clear-refill,lru,2,71645.833333
string128,ahash,1024,clear-refill,hashlink,2,40242.773333
string128,ahash,1024,clear-refill,micro,2,29525.735294
string128,ahash,1024,clear-refill,baseline,2,29119.394231
string128,ahash,1024,clear-refill,lru,3,68443.181818
string128,ahash,1024,clear-refill,hashlink,3,41218.602740
string128,ahash,1024,clear-refill,micro,3,29128.233010
string128,ahash,1024,clear-refill,baseline,3,29231.796117
string128,ahash,1024,clear-refill,quick_cache,3,32081.563830
string128,ahash,1024,clear-refill,hashlink,4,41555.931507
string128,ahash,1024,clear-refill,micro,4,31608.326316
string128,ahash,1024,clear-refill,baseline,4,32415.322581
string128,ahash,1024,clear-refill,quick_cache,4,32754.521739
string128,ahash,1024,clear-refill,lru,4,68676.136364
string128,ahash,1024,clear-empty,micro,0,48.456870
string128,ahash,1024,clear-empty,baseline,0,47.591267
string128,ahash,1024,clear-empty,quick_cache,0,3.902241
string128,ahash,1024,clear-empty,lru,0,2.181104
string128,ahash,1024,clear-empty,hashlink,0,0.608254
string128,ahash,1024,clear-empty,baseline,1,47.730485
string128,ahash,1024,clear-empty,quick_cache,1,3.927414
string128,ahash,1024,clear-empty,lru,1,2.173630
string128,ahash,1024,clear-empty,hashlink,1,0.603912
string128,ahash,1024,clear-empty,micro,1,47.741076
string128,ahash,1024,clear-empty,quick_cache,2,3.906522
string128,ahash,1024,clear-empty,lru,2,2.184916
string128,ahash,1024,clear-empty,hashlink,2,0.599963
string128,ahash,1024,clear-empty,micro,2,47.930612
string128,ahash,1024,clear-empty,baseline,2,48.014318
string128,ahash,1024,clear-empty,lru,3,2.174165
string128,ahash,1024,clear-empty,hashlink,3,0.611434
string128,ahash,1024,clear-empty,micro,3,47.655726
string128,ahash,1024,clear-empty,baseline,3,47.603128
string128,ahash,1024,clear-empty,quick_cache,3,3.907661
string128,ahash,1024,clear-empty,hashlink,4,0.601719
string128,ahash,1024,clear-empty,micro,4,47.686166
string128,ahash,1024,clear-empty,baseline,4,48.336484
string128,ahash,1024,clear-empty,quick_cache,4,4.052690
string128,ahash,1024,clear-empty,lru,4,2.200704
string128,ahash,1024,iter-dense,micro,0,268.344464
string128,ahash,1024,iter-dense,baseline,0,267.164530
string128,ahash,1024,iter-dense,quick_cache,0,256.860017
string128,ahash,1024,iter-dense,lru,0,1256.441250
string128,ahash,1024,iter-dense,hashlink,0,1247.018914
string128,ahash,1024,iter-dense,baseline,1,260.861545
string128,ahash,1024,iter-dense,quick_cache,1,252.007205
string128,ahash,1024,iter-dense,lru,1,1239.891859
string128,ahash,1024,iter-dense,hashlink,1,1231.297484
string128,ahash,1024,iter-dense,micro,1,262.548010
string128,ahash,1024,iter-dense,quick_cache,2,247.231332
string128,ahash,1024,iter-dense,lru,2,1243.043997
string128,ahash,1024,iter-dense,hashlink,2,1220.474838
string128,ahash,1024,iter-dense,micro,2,262.315206
string128,ahash,1024,iter-dense,baseline,2,262.732668
string128,ahash,1024,iter-dense,lru,3,1232.971185
string128,ahash,1024,iter-dense,hashlink,3,1221.032873
string128,ahash,1024,iter-dense,micro,3,259.752943
string128,ahash,1024,iter-dense,baseline,3,263.701194
string128,ahash,1024,iter-dense,quick_cache,3,243.915747
string128,ahash,1024,iter-dense,hashlink,4,1241.416530
string128,ahash,1024,iter-dense,micro,4,261.156598
string128,ahash,1024,iter-dense,baseline,4,264.900335
string128,ahash,1024,iter-dense,quick_cache,4,259.661343
string128,ahash,1024,iter-dense,lru,4,1356.770536
string128,ahash,1024,iter-dense-for,micro,0,275.892371
string128,ahash,1024,iter-dense-for,baseline,0,260.872396
string128,ahash,1024,iter-dense-for,quick_cache,0,491.192081
string128,ahash,1024,iter-dense-for,lru,0,727.935320
string128,ahash,1024,iter-dense-for,hashlink,0,886.055425
string128,ahash,1024,iter-dense-for,baseline,1,262.486208
string128,ahash,1024,iter-dense-for,quick_cache,1,259.933345
string128,ahash,1024,iter-dense-for,lru,1,730.398014
string128,ahash,1024,iter-dense-for,hashlink,1,880.901869
string128,ahash,1024,iter-dense-for,micro,1,260.575781
string128,ahash,1024,iter-dense-for,quick_cache,2,259.698927
string128,ahash,1024,iter-dense-for,lru,2,732.635498
string128,ahash,1024,iter-dense-for,hashlink,2,873.444734
string128,ahash,1024,iter-dense-for,micro,2,261.443158
string128,ahash,1024,iter-dense-for,baseline,2,263.115721
string128,ahash,1024,iter-dense-for,lru,3,729.277859
string128,ahash,1024,iter-dense-for,hashlink,3,877.701519
string128,ahash,1024,iter-dense-for,micro,3,260.521615
string128,ahash,1024,iter-dense-for,baseline,3,262.696254
string128,ahash,1024,iter-dense-for,quick_cache,3,260.431163
string128,ahash,1024,iter-dense-for,hashlink,4,881.583528
string128,ahash,1024,iter-dense-for,micro,4,259.695291
string128,ahash,1024,iter-dense-for,baseline,4,264.834128
string128,ahash,1024,iter-dense-for,quick_cache,4,259.752943
string128,ahash,1024,iter-dense-for,lru,4,729.640988
string128,ahash,1024,iter-density-1pct,micro,0,345.597771
string128,ahash,1024,iter-density-1pct,baseline,0,360.422653
string128,ahash,1024,iter-density-1pct,quick_cache,0,195.171713
string128,ahash,1024,iter-density-1pct,lru,0,4.218792
string128,ahash,1024,iter-density-1pct,hashlink,0,4.145295
string128,ahash,1024,iter-density-1pct,baseline,1,329.500110
string128,ahash,1024,iter-density-1pct,quick_cache,1,197.052258
string128,ahash,1024,iter-density-1pct,lru,1,4.205167
string128,ahash,1024,iter-density-1pct,hashlink,1,4.131288
string128,ahash,1024,iter-density-1pct,micro,1,327.644055
string128,ahash,1024,iter-density-1pct,quick_cache,2,195.594596
string128,ahash,1024,iter-density-1pct,lru,2,4.231992
string128,ahash,1024,iter-density-1pct,hashlink,2,4.138823
string128,ahash,1024,iter-density-1pct,micro,2,326.212565
string128,ahash,1024,iter-density-1pct,baseline,2,326.565213
string128,ahash,1024,iter-density-1pct,lru,3,4.186950
string128,ahash,1024,iter-density-1pct,hashlink,3,4.130616
string128,ahash,1024,iter-density-1pct,micro,3,329.934211
string128,ahash,1024,iter-density-1pct,baseline,3,325.151384
string128,ahash,1024,iter-density-1pct,quick_cache,3,195.063475
string128,ahash,1024,iter-density-1pct,hashlink,4,4.123588
string128,ahash,1024,iter-density-1pct,micro,4,324.948638
string128,ahash,1024,iter-density-1pct,baseline,4,327.983938
string128,ahash,1024,iter-density-1pct,quick_cache,4,196.721043
string128,ahash,1024,iter-density-1pct,lru,4,4.193376
string128,ahash,1024,iter-density-6pct,micro,0,284.422348
string128,ahash,1024,iter-density-6pct,baseline,0,282.748212
string128,ahash,1024,iter-density-6pct,quick_cache,0,216.469830
string128,ahash,1024,iter-density-6pct,lru,0,52.131115
string128,ahash,1024,iter-density-6pct,hashlink,0,48.136310
string128,ahash,1024,iter-density-6pct,baseline,1,277.120944
string128,ahash,1024,iter-density-6pct,quick_cache,1,199.216030
string128,ahash,1024,iter-density-6pct,lru,1,49.039242
string128,ahash,1024,iter-density-6pct,hashlink,1,48.282344
string128,ahash,1024,iter-density-6pct,micro,1,278.696031
string128,ahash,1024,iter-density-6pct,quick_cache,2,199.124801
string128,ahash,1024,iter-density-6pct,lru,2,48.899407
string128,ahash,1024,iter-density-6pct,hashlink,2,48.080256
string128,ahash,1024,iter-density-6pct,micro,2,280.387127
string128,ahash,1024,iter-density-6pct,baseline,2,278.607196
string128,ahash,1024,iter-density-6pct,lru,3,48.326756
string128,ahash,1024,iter-density-6pct,hashlink,3,48.094295
string128,ahash,1024,iter-density-6pct,micro,3,280.977077
string128,ahash,1024,iter-density-6pct,baseline,3,276.971239
string128,ahash,1024,iter-density-6pct,quick_cache,3,201.646505
string128,ahash,1024,iter-density-6pct,hashlink,4,48.140320
string128,ahash,1024,iter-density-6pct,micro,4,279.292969
string128,ahash,1024,iter-density-6pct,baseline,4,279.428664
string128,ahash,1024,iter-density-6pct,quick_cache,4,201.401019
string128,ahash,1024,iter-density-6pct,lru,4,50.599248
string128,ahash,1024,iter-density-quarter,micro,0,246.380823
string128,ahash,1024,iter-density-quarter,baseline,0,246.346703
string128,ahash,1024,iter-density-quarter,quick_cache,0,219.206338
string128,ahash,1024,iter-density-quarter,lru,0,318.202754
string128,ahash,1024,iter-density-quarter,hashlink,0,293.522168
string128,ahash,1024,iter-density-quarter,baseline,1,249.433604
string128,ahash,1024,iter-density-quarter,quick_cache,1,215.852514
string128,ahash,1024,iter-density-quarter,lru,1,286.363091
string128,ahash,1024,iter-density-quarter,hashlink,1,282.481457
string128,ahash,1024,iter-density-quarter,micro,1,246.151821
string128,ahash,1024,iter-density-quarter,quick_cache,2,215.975216
string128,ahash,1024,iter-density-quarter,lru,2,287.972105
string128,ahash,1024,iter-density-quarter,hashlink,2,287.808282
string128,ahash,1024,iter-density-quarter,micro,2,245.943717
string128,ahash,1024,iter-density-quarter,baseline,2,249.188329
string128,ahash,1024,iter-density-quarter,lru,3,286.386814
string128,ahash,1024,iter-density-quarter,hashlink,3,284.311837
string128,ahash,1024,iter-density-quarter,micro,3,244.594971
string128,ahash,1024,iter-density-quarter,baseline,3,249.878823
string128,ahash,1024,iter-density-quarter,quick_cache,3,217.614052
string128,ahash,1024,iter-density-quarter,hashlink,4,304.156553
string128,ahash,1024,iter-density-quarter,micro,4,250.786848
string128,ahash,1024,iter-density-quarter,baseline,4,249.470163
string128,ahash,1024,iter-density-quarter,quick_cache,4,216.816397
string128,ahash,1024,iter-density-quarter,lru,4,285.468940
string128,ahash,1024,iter-density-half,micro,0,251.235963
string128,ahash,1024,iter-density-half,baseline,0,251.065341
string128,ahash,1024,iter-density-half,quick_cache,0,193.304381
string128,ahash,1024,iter-density-half,lru,0,612.779208
string128,ahash,1024,iter-density-half,hashlink,0,646.448630
string128,ahash,1024,iter-density-half,baseline,1,255.441831
string128,ahash,1024,iter-density-half,quick_cache,1,191.592283
string128,ahash,1024,iter-density-half,lru,1,614.523897
string128,ahash,1024,iter-density-half,hashlink,1,603.724359
string128,ahash,1024,iter-density-half,micro,1,249.209052
string128,ahash,1024,iter-density-half,quick_cache,2,193.484214
string128,ahash,1024,iter-density-half,lru,2,616.583129
string128,ahash,1024,iter-density-half,hashlink,2,595.192049
string128,ahash,1024,iter-density-half,micro,2,250.145833
string128,ahash,1024,iter-density-half,baseline,2,251.357993
string128,ahash,1024,iter-density-half,lru,3,606.342540
string128,ahash,1024,iter-density-half,hashlink,3,594.714201
string128,ahash,1024,iter-density-half,micro,3,240.668429
string128,ahash,1024,iter-density-half,baseline,3,249.226376
string128,ahash,1024,iter-density-half,quick_cache,3,191.944082
string128,ahash,1024,iter-density-half,hashlink,4,594.623616
string128,ahash,1024,iter-density-half,micro,4,248.215691
string128,ahash,1024,iter-density-half,baseline,4,252.208585
string128,ahash,1024,iter-density-half,quick_cache,4,193.120885
string128,ahash,1024,iter-density-half,lru,4,603.348758
string128,ahash,1024,iter-front,micro,0,245.452961
string128,ahash,1024,iter-front,baseline,0,245.824444
string128,ahash,1024,iter-front,quick_cache,0,187.128368
string128,ahash,1024,iter-front,lru,0,1.189796
string128,ahash,1024,iter-front,hashlink,0,1.203620
string128,ahash,1024,iter-front,baseline,1,259.046271
string128,ahash,1024,iter-front,quick_cache,1,195.820785
string128,ahash,1024,iter-front,lru,1,1.198022
string128,ahash,1024,iter-front,hashlink,1,1.188077
string128,ahash,1024,iter-front,micro,1,260.088470
string128,ahash,1024,iter-front,quick_cache,2,189.064642
string128,ahash,1024,iter-front,lru,2,1.197440
string128,ahash,1024,iter-front,hashlink,2,1.188273
string128,ahash,1024,iter-front,micro,2,254.481369
string128,ahash,1024,iter-front,baseline,2,248.673740
string128,ahash,1024,iter-front,lru,3,1.203667
string128,ahash,1024,iter-front,hashlink,3,1.155069
string128,ahash,1024,iter-front,micro,3,253.014825
string128,ahash,1024,iter-front,baseline,3,246.281660
string128,ahash,1024,iter-front,quick_cache,3,189.562311
string128,ahash,1024,iter-front,hashlink,4,1.184789
string128,ahash,1024,iter-front,micro,4,251.790801
string128,ahash,1024,iter-front,baseline,4,246.199721
string128,ahash,1024,iter-front,quick_cache,4,188.373243
string128,ahash,1024,iter-front,lru,4,1.195257
string128,ahash,1024,iter-back,micro,0,255.641178
string128,ahash,1024,iter-back,baseline,0,250.936497
string128,ahash,1024,iter-back,quick_cache,0,188.844002
string128,ahash,1024,iter-back,lru,0,1.198481
string128,ahash,1024,iter-back,hashlink,0,1.151550
string128,ahash,1024,iter-back,baseline,1,255.861121
string128,ahash,1024,iter-back,quick_cache,1,192.158683
string128,ahash,1024,iter-back,lru,1,1.221944
string128,ahash,1024,iter-back,hashlink,1,1.787655
string128,ahash,1024,iter-back,micro,1,245.988138
string128,ahash,1024,iter-back,quick_cache,2,183.619190
string128,ahash,1024,iter-back,lru,2,1.242709
string128,ahash,1024,iter-back,hashlink,2,1.156308
string128,ahash,1024,iter-back,micro,2,246.097113
string128,ahash,1024,iter-back,baseline,2,241.918976
string128,ahash,1024,iter-back,lru,3,1.190884
string128,ahash,1024,iter-back,hashlink,3,1.170500
string128,ahash,1024,iter-back,micro,3,253.396030
string128,ahash,1024,iter-back,baseline,3,251.371900
string128,ahash,1024,iter-back,quick_cache,3,186.976033
string128,ahash,1024,iter-back,hashlink,4,1.175298
string128,ahash,1024,iter-back,micro,4,253.060394
string128,ahash,1024,iter-back,baseline,4,250.552083
string128,ahash,1024,iter-back,quick_cache,4,186.555169
string128,ahash,1024,iter-back,lru,4,1.186874
string128,ahash,1024,iter-empty,micro,0,251.661612
string128,ahash,1024,iter-empty,baseline,0,252.793716
string128,ahash,1024,iter-empty,quick_cache,0,187.596313
string128,ahash,1024,iter-empty,lru,0,0.964754
string128,ahash,1024,iter-empty,hashlink,0,0.995794
string128,ahash,1024,iter-empty,baseline,1,252.079133
string128,ahash,1024,iter-empty,quick_cache,1,190.246831
string128,ahash,1024,iter-empty,lru,1,0.977713
string128,ahash,1024,iter-empty,hashlink,1,1.011622
string128,ahash,1024,iter-empty,micro,1,258.809659
string128,ahash,1024,iter-empty,quick_cache,2,190.043522
string128,ahash,1024,iter-empty,lru,2,0.972329
string128,ahash,1024,iter-empty,hashlink,2,0.989425
string128,ahash,1024,iter-empty,micro,2,254.421409
string128,ahash,1024,iter-empty,baseline,2,252.951567
string128,ahash,1024,iter-empty,lru,3,0.959835
string128,ahash,1024,iter-empty,hashlink,3,0.996217
string128,ahash,1024,iter-empty,micro,3,255.385275
string128,ahash,1024,iter-empty,baseline,3,249.473654
string128,ahash,1024,iter-empty,quick_cache,3,189.117124
string128,ahash,1024,iter-empty,hashlink,4,0.983601
string128,ahash,1024,iter-empty,micro,4,253.582517
string128,ahash,1024,iter-empty,baseline,4,251.093165
string128,ahash,1024,iter-empty,quick_cache,4,187.906250
string128,ahash,1024,iter-empty,lru,4,0.966106
string128,ahash,1024,iter-count,micro,0,251.018118
string128,ahash,1024,iter-count,baseline,0,249.660572
string128,ahash,1024,iter-count,quick_cache,0,459.885817
string128,ahash,1024,iter-count,lru,0,0.392049
string128,ahash,1024,iter-count,hashlink,0,0.390839
string128,ahash,1024,iter-count,baseline,1,250.540226
string128,ahash,1024,iter-count,quick_cache,1,460.136268
string128,ahash,1024,iter-count,lru,1,0.393199
string128,ahash,1024,iter-count,hashlink,1,0.395090
string128,ahash,1024,iter-count,micro,1,266.272396
string128,ahash,1024,iter-count,quick_cache,2,504.543783
string128,ahash,1024,iter-count,lru,2,0.387538
string128,ahash,1024,iter-count,hashlink,2,0.390363
string128,ahash,1024,iter-count,micro,2,252.825798
string128,ahash,1024,iter-count,baseline,2,251.849235
string128,ahash,1024,iter-count,lru,3,0.401231
string128,ahash,1024,iter-count,hashlink,3,0.394988
string128,ahash,1024,iter-count,micro,3,250.678690
string128,ahash,1024,iter-count,baseline,3,249.318441
string128,ahash,1024,iter-count,quick_cache,3,467.679537
string128,ahash,1024,iter-count,hashlink,4,0.392160
string128,ahash,1024,iter-count,micro,4,250.090010
string128,ahash,1024,iter-count,baseline,4,248.324951
string128,ahash,1024,iter-count,quick_cache,4,462.990685
string128,ahash,1024,iter-count,lru,4,0.393696
string128,ahash,16384,get-hit,micro,0,20.941555
string128,ahash,16384,get-hit,baseline,0,20.881368
string128,ahash,16384,get-hit,quick_cache,0,21.514045
string128,ahash,16384,get-hit,lru,0,22.213803
string128,ahash,16384,get-hit,hashlink,0,21.616620
string128,ahash,16384,get-hit,baseline,1,21.743480
string128,ahash,16384,get-hit,quick_cache,1,22.109088
string128,ahash,16384,get-hit,lru,1,22.235948
string128,ahash,16384,get-hit,hashlink,1,21.636963
string128,ahash,16384,get-hit,micro,1,21.126078
string128,ahash,16384,get-hit,quick_cache,2,21.566952
string128,ahash,16384,get-hit,lru,2,22.341258
string128,ahash,16384,get-hit,hashlink,2,21.476468
string128,ahash,16384,get-hit,micro,2,20.921495
string128,ahash,16384,get-hit,baseline,2,21.134555
string128,ahash,16384,get-hit,lru,3,22.327500
string128,ahash,16384,get-hit,hashlink,3,21.436903
string128,ahash,16384,get-hit,micro,3,20.938165
string128,ahash,16384,get-hit,baseline,3,21.132005
string128,ahash,16384,get-hit,quick_cache,3,21.470249
string128,ahash,16384,get-hit,hashlink,4,21.442837
string128,ahash,16384,get-hit,micro,4,20.645420
string128,ahash,16384,get-hit,baseline,4,21.446798
string128,ahash,16384,get-hit,quick_cache,4,22.162641
string128,ahash,16384,get-hit,lru,4,23.884453
string128,ahash,16384,get-miss,micro,0,13.132368
string128,ahash,16384,get-miss,baseline,0,12.574093
string128,ahash,16384,get-miss,quick_cache,0,12.449475
string128,ahash,16384,get-miss,lru,0,12.626986
string128,ahash,16384,get-miss,hashlink,0,12.379793
string128,ahash,16384,get-miss,baseline,1,12.828958
string128,ahash,16384,get-miss,quick_cache,1,12.780551
string128,ahash,16384,get-miss,lru,1,11.106004
string128,ahash,16384,get-miss,hashlink,1,11.063818
string128,ahash,16384,get-miss,micro,1,11.818505
string128,ahash,16384,get-miss,quick_cache,2,12.234497
string128,ahash,16384,get-miss,lru,2,12.511869
string128,ahash,16384,get-miss,hashlink,2,12.497795
string128,ahash,16384,get-miss,micro,2,12.783885
string128,ahash,16384,get-miss,baseline,2,12.666900
string128,ahash,16384,get-miss,lru,3,12.566459
string128,ahash,16384,get-miss,hashlink,3,12.382170
string128,ahash,16384,get-miss,micro,3,12.866144
string128,ahash,16384,get-miss,baseline,3,12.910165
string128,ahash,16384,get-miss,quick_cache,3,13.249717
string128,ahash,16384,get-miss,hashlink,4,12.752311
string128,ahash,16384,get-miss,micro,4,12.860002
string128,ahash,16384,get-miss,baseline,4,12.923491
string128,ahash,16384,get-miss,quick_cache,4,12.869823
string128,ahash,16384,get-miss,lru,4,12.677423
string128,ahash,16384,update,micro,0,38.363135
string128,ahash,16384,update,baseline,0,38.245642
string128,ahash,16384,update,quick_cache,0,220.977783
string128,ahash,16384,update,lru,0,36.729431
string128,ahash,16384,update,hashlink,0,36.361239
string128,ahash,16384,update,baseline,1,37.154138
string128,ahash,16384,update,quick_cache,1,165.857951
string128,ahash,16384,update,lru,1,39.205933
string128,ahash,16384,update,hashlink,1,38.613391
string128,ahash,16384,update,micro,1,38.310242
string128,ahash,16384,update,quick_cache,2,181.367676
string128,ahash,16384,update,lru,2,41.805691
string128,ahash,16384,update,hashlink,2,39.676404
string128,ahash,16384,update,micro,2,38.144934
string128,ahash,16384,update,baseline,2,38.829041
string128,ahash,16384,update,lru,3,39.571130
string128,ahash,16384,update,hashlink,3,38.323474
string128,ahash,16384,update,micro,3,38.373816
string128,ahash,16384,update,baseline,3,38.177991
string128,ahash,16384,update,quick_cache,3,170.003255
string128,ahash,16384,update,hashlink,4,38.536572
string128,ahash,16384,update,micro,4,38.478589
string128,ahash,16384,update,baseline,4,38.134265
string128,ahash,16384,update,quick_cache,4,180.394491
string128,ahash,16384,update,lru,4,39.191174
string128,ahash,16384,insert-cycle,micro,0,51.891953
string128,ahash,16384,insert-cycle,baseline,0,54.424927
string128,ahash,16384,insert-cycle,quick_cache,0,49.488068
string128,ahash,16384,insert-cycle,lru,0,74.818924
string128,ahash,16384,insert-cycle,hashlink,0,62.643677
string128,ahash,16384,insert-cycle,baseline,1,54.768250
string128,ahash,16384,insert-cycle,quick_cache,1,48.699692
string128,ahash,16384,insert-cycle,lru,1,71.767807
string128,ahash,16384,insert-cycle,hashlink,1,63.461929
string128,ahash,16384,insert-cycle,micro,1,54.054260
string128,ahash,16384,insert-cycle,quick_cache,2,48.732758
string128,ahash,16384,insert-cycle,lru,2,71.992874
string128,ahash,16384,insert-cycle,hashlink,2,62.770203
string128,ahash,16384,insert-cycle,micro,2,53.509399
string128,ahash,16384,insert-cycle,baseline,2,52.529007
string128,ahash,16384,insert-cycle,lru,3,73.986694
string128,ahash,16384,insert-cycle,hashlink,3,64.308167
string128,ahash,16384,insert-cycle,micro,3,54.068878
string128,ahash,16384,insert-cycle,baseline,3,52.767441
string128,ahash,16384,insert-cycle,quick_cache,3,48.934937
string128,ahash,16384,insert-cycle,hashlink,4,64.544678
string128,ahash,16384,insert-cycle,micro,4,51.953003
string128,ahash,16384,insert-cycle,baseline,4,53.956345
string128,ahash,16384,insert-cycle,quick_cache,4,48.875809
string128,ahash,16384,insert-cycle,lru,4,71.577698
string128,ahash,16384,mixed-95,micro,0,26.252023
string128,ahash,16384,mixed-95,baseline,0,24.065971
string128,ahash,16384,mixed-95,quick_cache,0,27.302333
string128,ahash,16384,mixed-95,lru,0,23.699760
string128,ahash,16384,mixed-95,hashlink,0,26.125423
string128,ahash,16384,mixed-95,baseline,1,26.463457
string128,ahash,16384,mixed-95,quick_cache,1,27.527222
string128,ahash,16384,mixed-95,lru,1,26.929217
string128,ahash,16384,mixed-95,hashlink,1,26.274545
string128,ahash,16384,mixed-95,micro,1,26.327584
string128,ahash,16384,mixed-95,quick_cache,2,28.326181
string128,ahash,16384,mixed-95,lru,2,26.748291
string128,ahash,16384,mixed-95,hashlink,2,26.155941
string128,ahash,16384,mixed-95,micro,2,26.383536
string128,ahash,16384,mixed-95,baseline,2,26.551025
string128,ahash,16384,mixed-95,lru,3,26.519409
string128,ahash,16384,mixed-95,hashlink,3,23.629822
string128,ahash,16384,mixed-95,micro,3,23.572922
string128,ahash,16384,mixed-95,baseline,3,24.007797
string128,ahash,16384,mixed-95,quick_cache,3,26.600429
string128,ahash,16384,mixed-95,hashlink,4,23.971878
string128,ahash,16384,mixed-95,micro,4,24.133041
string128,ahash,16384,mixed-95,baseline,4,24.070427
string128,ahash,16384,mixed-95,quick_cache,4,25.100033
string128,ahash,16384,mixed-95,lru,4,23.782730
string128,ahash,16384,load-hit,micro,0,36.746404
string128,ahash,16384,load-hit,baseline,0,36.882520
string128,ahash,16384,load-hit,quick_cache,0,24.288498
string128,ahash,16384,load-hit,lru,0,23.270920
string128,ahash,16384,load-hit,hashlink,0,21.587000
string128,ahash,16384,load-hit,baseline,1,37.795508
string128,ahash,16384,load-hit,quick_cache,1,24.432031
string128,ahash,16384,load-hit,lru,1,23.234688
string128,ahash,16384,load-hit,hashlink,1,21.393107
string128,ahash,16384,load-hit,micro,1,37.830603
string128,ahash,16384,load-hit,quick_cache,2,24.203300
string128,ahash,16384,load-hit,lru,2,23.094498
string128,ahash,16384,load-hit,hashlink,2,21.405816
string128,ahash,16384,load-hit,micro,2,37.259424
string128,ahash,16384,load-hit,baseline,2,37.135828
string128,ahash,16384,load-hit,lru,3,23.220062
string128,ahash,16384,load-hit,hashlink,3,21.857171
string128,ahash,16384,load-hit,micro,3,40.050757
string128,ahash,16384,load-hit,baseline,3,37.189233
string128,ahash,16384,load-hit,quick_cache,3,24.429663
string128,ahash,16384,load-hit,hashlink,4,21.508959
string128,ahash,16384,load-hit,micro,4,37.784839
string128,ahash,16384,load-hit,baseline,4,37.096655
string128,ahash,16384,load-hit,quick_cache,4,24.231277
string128,ahash,16384,load-hit,lru,4,23.134232
string128,ahash,16384,load-cycle,micro,0,55.004120
string128,ahash,16384,load-cycle,baseline,0,56.845978
string128,ahash,16384,load-cycle,quick_cache,0,33.570608
string128,ahash,16384,load-cycle,lru,0,72.120667
string128,ahash,16384,load-cycle,hashlink,0,69.241837
string128,ahash,16384,load-cycle,baseline,1,57.279587
string128,ahash,16384,load-cycle,quick_cache,1,33.551534
string128,ahash,16384,load-cycle,lru,1,72.158813
string128,ahash,16384,load-cycle,hashlink,1,71.296692
string128,ahash,16384,load-cycle,micro,1,56.522369
string128,ahash,16384,load-cycle,quick_cache,2,34.195791
string128,ahash,16384,load-cycle,lru,2,71.615860
string128,ahash,16384,load-cycle,hashlink,2,69.133118
string128,ahash,16384,load-cycle,micro,2,56.668610
string128,ahash,16384,load-cycle,baseline,2,55.072144
string128,ahash,16384,load-cycle,lru,3,73.591873
string128,ahash,16384,load-cycle,hashlink,3,68.971634
string128,ahash,16384,load-cycle,micro,3,56.274414
string128,ahash,16384,load-cycle,baseline,3,55.115387
string128,ahash,16384,load-cycle,quick_cache,3,34.154673
string128,ahash,16384,load-cycle,hashlink,4,71.018860
string128,ahash,16384,load-cycle,micro,4,56.658432
string128,ahash,16384,load-cycle,baseline,4,57.101562
string128,ahash,16384,load-cycle,quick_cache,4,33.570608
string128,ahash,16384,load-cycle,lru,4,73.939636
string128,ahash,16384,clear-refill,micro,0,528132.000000
string128,ahash,16384,clear-refill,baseline,0,546208.333333
string128,ahash,16384,clear-refill,quick_cache,0,544555.500000
string128,ahash,16384,clear-refill,lru,0,1283222.333333
string128,ahash,16384,clear-refill,hashlink,0,714316.600000
string128,ahash,16384,clear-refill,baseline,1,531979.166667
string128,ahash,16384,clear-refill,quick_cache,1,574458.333333
string128,ahash,16384,clear-refill,lru,1,1238347.333333
string128,ahash,16384,clear-refill,hashlink,1,742400.000000
string128,ahash,16384,clear-refill,micro,1,557180.500000
string128,ahash,16384,clear-refill,quick_cache,2,559284.666667
string128,ahash,16384,clear-refill,lru,2,1405361.333333
string128,ahash,16384,clear-refill,hashlink,2,790229.250000
string128,ahash,16384,clear-refill,micro,2,540715.333333
string128,ahash,16384,clear-refill,baseline,2,561930.666667
string128,ahash,16384,clear-refill,lru,3,1309639.000000
string128,ahash,16384,clear-refill,hashlink,3,707308.200000
string128,ahash,16384,clear-refill,micro,3,559270.833333
string128,ahash,16384,clear-refill,baseline,3,538548.500000
string128,ahash,16384,clear-refill,quick_cache,3,603925.000000
string128,ahash,16384,clear-refill,hashlink,4,709041.600000
string128,ahash,16384,clear-refill,micro,4,575388.833333
string128,ahash,16384,clear-refill,baseline,4,547263.833333
string128,ahash,16384,clear-refill,quick_cache,4,578784.666667
string128,ahash,16384,clear-refill,lru,4,1312569.666667
string128,ahash,16384,clear-empty,micro,0,313.339535
string128,ahash,16384,clear-empty,baseline,0,315.750925
string128,ahash,16384,clear-empty,quick_cache,0,3.960705
string128,ahash,16384,clear-empty,lru,0,2.273437
string128,ahash,16384,clear-empty,hashlink,0,0.604745
string128,ahash,16384,clear-empty,baseline,1,372.039795
string128,ahash,16384,clear-empty,quick_cache,1,3.877661
string128,ahash,16384,clear-empty,lru,1,2.198151
string128,ahash,16384,clear-empty,hashlink,1,0.613789
string128,ahash,16384,clear-empty,micro,1,317.127745
string128,ahash,16384,clear-empty,quick_cache,2,3.911954
string128,ahash,16384,clear-empty,lru,2,2.207166
string128,ahash,16384,clear-empty,hashlink,2,0.607787
string128,ahash,16384,clear-empty,micro,2,314.191920
string128,ahash,16384,clear-empty,baseline,2,313.476562
string128,ahash,16384,clear-empty,lru,3,2.197326
string128,ahash,16384,clear-empty,hashlink,3,0.606178
string128,ahash,16384,clear-empty,micro,3,314.804276
string128,ahash,16384,clear-empty,baseline,3,316.797720
string128,ahash,16384,clear-empty,quick_cache,3,3.921769
string128,ahash,16384,clear-empty,hashlink,4,0.609875
string128,ahash,16384,clear-empty,micro,4,315.652344
string128,ahash,16384,clear-empty,baseline,4,322.793497
string128,ahash,16384,clear-empty,quick_cache,4,4.022874
string128,ahash,16384,clear-empty,lru,4,2.174931
string128,ahash,16384,iter-dense,micro,0,6079.101562
string128,ahash,16384,iter-dense,baseline,0,6075.277344
string128,ahash,16384,iter-dense,quick_cache,0,6916.388393
string128,ahash,16384,iter-dense,lru,0,25935.875000
string128,ahash,16384,iter-dense,hashlink,0,23192.450000
string128,ahash,16384,iter-dense,baseline,1,6050.701172
string128,ahash,16384,iter-dense,quick_cache,1,6978.982143
string128,ahash,16384,iter-dense,lru,1,25701.492188
string128,ahash,16384,iter-dense,hashlink,1,23355.206250
string128,ahash,16384,iter-dense,micro,1,6031.250000
string128,ahash,16384,iter-dense,quick_cache,2,6961.868304
string128,ahash,16384,iter-dense,lru,2,25626.625000
string128,ahash,16384,iter-dense,hashlink,2,23445.968750
string128,ahash,16384,iter-dense,micro,2,6039.468750
string128,ahash,16384,iter-dense,baseline,2,6026.773438
string128,ahash,16384,iter-dense,lru,3,27013.343750
string128,ahash,16384,iter-dense,hashlink,3,24507.164062
string128,ahash,16384,iter-dense,micro,3,5808.977941
string128,ahash,16384,iter-dense,baseline,3,5950.195312
string128,ahash,16384,iter-dense,quick_cache,3,6797.991071
string128,ahash,16384,iter-dense,hashlink,4,22531.250000
string128,ahash,16384,iter-dense,micro,4,5929.361328
string128,ahash,16384,iter-dense,baseline,4,6041.828125
string128,ahash,16384,iter-dense,quick_cache,4,6794.178571
string128,ahash,16384,iter-dense,lru,4,24436.195312
string128,ahash,16384,iter-dense-for,micro,0,6026.531250
string128,ahash,16384,iter-dense-for,baseline,0,6115.558594
string128,ahash,16384,iter-dense-for,quick_cache,0,7967.231771
string128,ahash,16384,iter-dense-for,lru,0,19004.943750
string128,ahash,16384,iter-dense-for,hashlink,0,24273.437500
string128,ahash,16384,iter-dense-for,baseline,1,5978.027344
string128,ahash,16384,iter-dense-for,quick_cache,1,7937.065104
string128,ahash,16384,iter-dense-for,lru,1,19803.643750
string128,ahash,16384,iter-dense-for,hashlink,1,26582.351562
string128,ahash,16384,iter-dense-for,micro,1,6061.279297
string128,ahash,16384,iter-dense-for,quick_cache,2,7966.145833
string128,ahash,16384,iter-dense-for,lru,2,19128.387500
string128,ahash,16384,iter-dense-for,hashlink,2,25057.945312
string128,ahash,16384,iter-dense-for,micro,2,5978.841797
string128,ahash,16384,iter-dense-for,baseline,2,6071.615234
string128,ahash,16384,iter-dense-for,lru,3,20855.468750
string128,ahash,16384,iter-dense-for,hashlink,3,24920.250000
string128,ahash,16384,iter-dense-for,micro,3,6017.251953
string128,ahash,16384,iter-dense-for,baseline,3,5999.835938
string128,ahash,16384,iter-dense-for,quick_cache,3,8006.291667
string128,ahash,16384,iter-dense-for,hashlink,4,22015.625000
string128,ahash,16384,iter-dense-for,micro,4,5997.234375
string128,ahash,16384,iter-dense-for,baseline,4,6000.976562
string128,ahash,16384,iter-dense-for,quick_cache,4,7060.732143
string128,ahash,16384,iter-dense-for,lru,4,21698.693750
string128,ahash,16384,iter-density-1pct,micro,0,6209.228516
string128,ahash,16384,iter-density-1pct,baseline,0,6315.191667
string128,ahash,16384,iter-density-1pct,quick_cache,0,6895.368304
string128,ahash,16384,iter-density-1pct,lru,0,172.848584
string128,ahash,16384,iter-density-1pct,hashlink,0,171.273894
string128,ahash,16384,iter-density-1pct,baseline,1,6223.224609
string128,ahash,16384,iter-density-1pct,quick_cache,1,6743.955357
string128,ahash,16384,iter-density-1pct,lru,1,174.336373
string128,ahash,16384,iter-density-1pct,hashlink,1,174.034671
string128,ahash,16384,iter-density-1pct,micro,1,6139.322266
string128,ahash,16384,iter-density-1pct,quick_cache,2,6694.358333
string128,ahash,16384,iter-density-1pct,lru,2,174.750698
string128,ahash,16384,iter-density-1pct,hashlink,2,172.368049
string128,ahash,16384,iter-density-1pct,micro,2,6198.404297
string128,ahash,16384,iter-density-1pct,baseline,2,6188.556641
string128,ahash,16384,iter-density-1pct,lru,3,173.765451
string128,ahash,16384,iter-density-1pct,hashlink,3,173.523683
string128,ahash,16384,iter-density-1pct,micro,3,6171.060547
string128,ahash,16384,iter-density-1pct,baseline,3,6159.261719
string128,ahash,16384,iter-density-1pct,quick_cache,3,6743.024554
string128,ahash,16384,iter-density-1pct,hashlink,4,189.575442
string128,ahash,16384,iter-density-1pct,micro,4,6294.010417
string128,ahash,16384,iter-density-1pct,baseline,4,6117.269531
string128,ahash,16384,iter-density-1pct,quick_cache,4,6473.177083
string128,ahash,16384,iter-density-1pct,lru,4,175.093750
string128,ahash,16384,iter-density-6pct,micro,0,5450.447917
string128,ahash,16384,iter-density-6pct,baseline,0,5521.446691
string128,ahash,16384,iter-density-6pct,quick_cache,0,6413.020833
string128,ahash,16384,iter-density-6pct,lru,0,1272.645693
string128,ahash,16384,iter-density-6pct,hashlink,0,1244.483141
string128,ahash,16384,iter-density-6pct,baseline,1,5593.443015
string128,ahash,16384,iter-density-6pct,quick_cache,1,6486.370833
string128,ahash,16384,iter-density-6pct,lru,1,1277.132601
string128,ahash,16384,iter-density-6pct,hashlink,1,1246.933388
string128,ahash,16384,iter-density-6pct,micro,1,5597.501838
string128,ahash,16384,iter-density-6pct,quick_cache,2,6459.287500
string128,ahash,16384,iter-density-6pct,lru,2,1276.640203
string128,ahash,16384,iter-density-6pct,hashlink,2,1267.120777
string128,ahash,16384,iter-density-6pct,micro,2,5752.909926
string128,ahash,16384,iter-density-6pct,baseline,2,5730.545956
string128,ahash,16384,iter-density-6pct,lru,3,1281.812922
string128,ahash,16384,iter-density-6pct,hashlink,3,1249.006168
string128,ahash,16384,iter-density-6pct,micro,3,5676.777574
string128,ahash,16384,iter-density-6pct,baseline,3,5621.016544
string128,ahash,16384,iter-density-6pct,quick_cache,3,6400.345833
string128,ahash,16384,iter-density-6pct,hashlink,4,1239.120888
string128,ahash,16384,iter-density-6pct,micro,4,5469.184028
string128,ahash,16384,iter-density-6pct,baseline,4,5629.211397
string128,ahash,16384,iter-density-6pct,quick_cache,4,6534.720833
string128,ahash,16384,iter-density-6pct,lru,4,1254.062500
string128,ahash,16384,iter-density-quarter,micro,0,5789.906250
string128,ahash,16384,iter-density-quarter,baseline,0,5878.500000
string128,ahash,16384,iter-density-quarter,quick_cache,0,6802.082589
string128,ahash,16384,iter-density-quarter,lru,0,10648.583333
string128,ahash,16384,iter-density-quarter,hashlink,0,9477.084375
string128,ahash,16384,iter-density-quarter,baseline,1,5812.805147
string128,ahash,16384,iter-density-quarter,quick_cache,1,7074.218750
string128,ahash,16384,iter-density-quarter,lru,1,11250.579861
string128,ahash,16384,iter-density-quarter,hashlink,1,17123.697917
string128,ahash,16384,iter-density-quarter,micro,1,14406.808036
string128,ahash,16384,iter-density-quarter,quick_cache,2,10791.812500
string128,ahash,16384,iter-density-quarter,lru,2,11499.711806
string128,ahash,16384,iter-density-quarter,hashlink,2,9167.258523
string128,ahash,16384,iter-density-quarter,micro,2,5762.255515
string128,ahash,16384,iter-density-quarter,baseline,2,5461.298611
string128,ahash,16384,iter-density-quarter,lru,3,11675.927083
string128,ahash,16384,iter-density-quarter,hashlink,3,9148.198864
string128,ahash,16384,iter-density-quarter,micro,3,5856.158088
string128,ahash,16384,iter-density-quarter,baseline,3,5903.076172
string128,ahash,16384,iter-density-quarter,quick_cache,3,6761.997768
string128,ahash,16384,iter-density-quarter,hashlink,4,9500.000000
string128,ahash,16384,iter-density-quarter,micro,4,5970.458984
string128,ahash,16384,iter-density-quarter,baseline,4,5921.386719
string128,ahash,16384,iter-density-quarter,quick_cache,4,6885.787946
string128,ahash,16384,iter-density-quarter,lru,4,11441.552083
string128,ahash,16384,iter-density-half,micro,0,5761.259191
string128,ahash,16384,iter-density-half,baseline,0,5744.867647
string128,ahash,16384,iter-density-half,quick_cache,0,6421.875000
string128,ahash,16384,iter-density-half,lru,0,14197.919643
string128,ahash,16384,iter-density-half,hashlink,0,17522.786458
string128,ahash,16384,iter-density-half,baseline,1,5844.976103
string128,ahash,16384,iter-density-half,quick_cache,1,6808.406250
string128,ahash,16384,iter-density-half,lru,1,14331.660714
string128,ahash,16384,iter-density-half,hashlink,1,16790.796875
string128,ahash,16384,iter-density-half,micro,1,5906.250000
string128,ahash,16384,iter-density-half,quick_cache,2,6857.886161
string128,ahash,16384,iter-density-half,lru,2,14396.022321
string128,ahash,16384,iter-density-half,hashlink,2,16971.135417
string128,ahash,16384,iter-density-half,micro,2,5966.064453
string128,ahash,16384,iter-density-half,baseline,2,6095.867188
string128,ahash,16384,iter-density-half,lru,3,14396.392857
string128,ahash,16384,iter-density-half,hashlink,3,16677.734375
string128,ahash,16384,iter-density-half,micro,3,6047.933594
string128,ahash,16384,iter-density-half,baseline,3,5600.643382
string128,ahash,16384,iter-density-half,quick_cache,3,6639.150000
string128,ahash,16384,iter-density-half,hashlink,4,13461.125000
string128,ahash,16384,iter-density-half,micro,4,5789.599265
string128,ahash,16384,iter-density-half,baseline,4,5849.648897
string128,ahash,16384,iter-density-half,quick_cache,4,6823.287946
string128,ahash,16384,iter-density-half,lru,4,18230.906250
string128,ahash,16384,iter-front,micro,0,5221.498264
string128,ahash,16384,iter-front,baseline,0,5516.927083
string128,ahash,16384,iter-front,quick_cache,0,6597.395833
string128,ahash,16384,iter-front,lru,0,1.193462
string128,ahash,16384,iter-front,hashlink,0,1.127209
string128,ahash,16384,iter-front,baseline,1,5470.486111
string128,ahash,16384,iter-front,quick_cache,1,6966.330357
string128,ahash,16384,iter-front,lru,1,1.229057
string128,ahash,16384,iter-front,hashlink,1,1.142958
string128,ahash,16384,iter-front,micro,1,5274.449653
string128,ahash,16384,iter-front,quick_cache,2,6744.792411
string128,ahash,16384,iter-front,lru,2,1.188635
string128,ahash,16384,iter-front,hashlink,2,1.135318
string128,ahash,16384,iter-front,micro,2,5412.543403
string128,ahash,16384,iter-front,baseline,2,5508.029514
string128,ahash,16384,iter-front,lru,3,1.188635
string128,ahash,16384,iter-front,hashlink,3,1.146598
string128,ahash,16384,iter-front,micro,3,5424.984375
string128,ahash,16384,iter-front,baseline,3,5268.592014
string128,ahash,16384,iter-front,quick_cache,3,6650.000000
string128,ahash,16384,iter-front,hashlink,4,1.139831
string128,ahash,16384,iter-front,micro,4,5520.066176
string128,ahash,16384,iter-front,baseline,4,5364.439236
string128,ahash,16384,iter-front,quick_cache,4,6609.808333
string128,ahash,16384,iter-front,lru,4,1.213985
string128,ahash,16384,iter-back,micro,0,5563.189338
string128,ahash,16384,iter-back,baseline,0,5278.138889
string128,ahash,16384,iter-back,quick_cache,0,6660.331250
string128,ahash,16384,iter-back,lru,0,1.180002
string128,ahash,16384,iter-back,hashlink,0,1.156993
string128,ahash,16384,iter-back,baseline,1,5435.112847
string128,ahash,16384,iter-back,quick_cache,1,6666.145833
string128,ahash,16384,iter-back,lru,1,1.241459
string128,ahash,16384,iter-back,hashlink,1,1.144409
string128,ahash,16384,iter-back,micro,1,5547.259191
string128,ahash,16384,iter-back,quick_cache,2,6728.421875
string128,ahash,16384,iter-back,lru,2,1.172329
string128,ahash,16384,iter-back,hashlink,2,1.133835
string128,ahash,16384,iter-back,micro,2,5443.069444
string128,ahash,16384,iter-back,baseline,2,5447.048611
string128,ahash,16384,iter-back,lru,3,1.177335
string128,ahash,16384,iter-back,hashlink,3,1.174268
string128,ahash,16384,iter-back,micro,3,5399.015625
string128,ahash,16384,iter-back,baseline,3,5641.544118
string128,ahash,16384,iter-back,quick_cache,3,6648.177083
string128,ahash,16384,iter-back,hashlink,4,1.144269
string128,ahash,16384,iter-back,micro,4,5219.835069
string128,ahash,16384,iter-back,baseline,4,5428.529514
string128,ahash,16384,iter-back,quick_cache,4,6743.582589
string128,ahash,16384,iter-back,lru,4,1.178771
string128,ahash,16384,iter-empty,micro,0,5593.365809
string128,ahash,16384,iter-empty,baseline,0,5609.299632
string128,ahash,16384,iter-empty,quick_cache,0,6773.529018
string128,ahash,16384,iter-empty,lru,0,0.977928
string128,ahash,16384,iter-empty,hashlink,0,1.003780
string128,ahash,16384,iter-empty,baseline,1,5546.415441
string128,ahash,16384,iter-empty,quick_cache,1,6776.691964
string128,ahash,16384,iter-empty,lru,1,0.981830
string128,ahash,16384,iter-empty,hashlink,1,0.989101
string128,ahash,16384,iter-empty,micro,1,5458.333333
string128,ahash,16384,iter-empty,quick_cache,2,6953.774554
string128,ahash,16384,iter-empty,lru,2,1.021843
string128,ahash,16384,iter-empty,hashlink,2,1.008227
string128,ahash,16384,iter-empty,micro,2,5575.443015
string128,ahash,16384,iter-empty,baseline,2,5541.590074
string128,ahash,16384,iter-empty,lru,3,0.981090
string128,ahash,16384,iter-empty,hashlink,3,0.993988
string128,ahash,16384,iter-empty,micro,3,5446.614583
string128,ahash,16384,iter-empty,baseline,3,5414.496528
string128,ahash,16384,iter-empty,quick_cache,3,6958.705357
string128,ahash,16384,iter-empty,hashlink,4,0.991476
string128,ahash,16384,iter-empty,micro,4,5395.833333
string128,ahash,16384,iter-empty,baseline,4,5432.508681
string128,ahash,16384,iter-empty,quick_cache,4,6810.174107
string128,ahash,16384,iter-empty,lru,4,0.980351
string128,ahash,16384,iter-count,micro,0,5636.772135
string128,ahash,16384,iter-count,baseline,0,5518.391927
string128,ahash,16384,iter-count,quick_cache,0,8031.330078
string128,ahash,16384,iter-count,lru,0,0.410116
string128,ahash,16384,iter-count,hashlink,0,0.394576
string128,ahash,16384,iter-count,baseline,1,5430.393229
string128,ahash,16384,iter-count,quick_cache,1,7943.929688
string128,ahash,16384,iter-count,lru,1,0.397211
string128,ahash,16384,iter-count,hashlink,1,0.395394
string128,ahash,16384,iter-count,micro,1,5544.161458
string128,ahash,16384,iter-count,quick_cache,2,7871.093750
string128,ahash,16384,iter-count,lru,2,0.396477
string128,ahash,16384,iter-count,hashlink,2,0.400337
string128,ahash,16384,iter-count,micro,2,5435.709635
string128,ahash,16384,iter-count,baseline,2,5469.889323
string128,ahash,16384,iter-count,lru,3,0.400195
string128,ahash,16384,iter-count,hashlink,3,0.401407
string128,ahash,16384,iter-count,micro,3,5687.229167
string128,ahash,16384,iter-count,baseline,3,5484.157552
string128,ahash,16384,iter-count,quick_cache,3,7921.875000
string128,ahash,16384,iter-count,hashlink,4,0.397548
string128,ahash,16384,iter-count,micro,4,5576.279948
string128,ahash,16384,iter-count,baseline,4,5495.333333
string128,ahash,16384,iter-count,quick_cache,4,7461.181641
string128,ahash,16384,iter-count,lru,4,0.390794
